tree
version=v4
num_class=1
num_tree_per_iteration=1
label_index=0
max_feature_idx=33
objective=regression
feature_names=Column_0 Column_1 Column_2 Column_3 Column_4 Column_5 Column_6 Column_7 Column_8 Column_9 Column_10 Column_11 Column_12 Column_13 Column_14 Column_15 Column_16 Column_17 Column_18 Column_19 Column_20 Column_21 Column_22 Column_23 Column_24 Column_25 Column_26 Column_27 Column_28 Column_29 Column_30 Column_31 Column_32 Column_33
feature_infos=[-1.188603401184082:4.0718483924865723] none [-0.53444725275039673:3.9329833984375] [-0.82326054573059082:3.5891156196594238] [-1.0377939939498901:2.9542481899261475] [-0.58059751987457275:9.4590539932250977] [-0.44365578889846802:6.8523011207580566] [-1.4229185581207275:9.8601179122924805] [-1.4485790729522705:10.335232734680176] [-1.4608906507492065:9.9494686126708984] [-1.4688229560852051:9.5075178146362305] [-1.4722100496292114:9.0249414443969727] [-1.5129635334014893:8.5611228942871094] [-1.5496059656143188:8.7691020965576172] [-1.5690994262695312:9.0702915191650391] [-1.5936373472213745:6.0187854766845703] [-1.6235824823379517:5.1781258583068848] [-1.6393409967422485:5.5008244514465332] [-1.6501270532608032:5.5280404090881348] [-1.6558231115341187:5.223322868347168] [-1.6639143228530884:5.6407270431518555] [-1.7003723382949829:5.3194112777709961] [-1.7220749855041504:5.1186895370483398] [-1.520311713218689:9.1463584899902344] [-1.5729237794876099:8.3405513763427734] [-1.6844842433929443:5.080817699432373] [-1.5653058290481567:8.0560054779052734] [-2.4302282333374023:6.3123779296875] [-3.7695379257202148:4.5821213722229004] [-5.1359758377075195:12.468227386474609] [-8.9509449005126953:5.1044812202453613] [-1.1863399744033813:4.0981688499450684] none [-0.047490019351243973:17.5919189453125]
tree_sizes=3375 3493 3511 3526 3501 3516 3498 3517 3524 3521 3528 3504 3535 3533 3522 3522 3498 3522 3535 3530 3527 3534 3529 3506 3531 3554 3538 3540 3515 3526 3548 3532 3537 3528 3511 3531 3526 3578 3526 3538 3557 3531 3556 3555 3549 3526 3515 3551 3528 3561 3531 3537 3549 3514 3539 3544 3545 3534 3551 3544 3525 3536 3562 3556 3544 3548 3524 3521 3548 3552 3563 3562 3575 3538 3535 3535 3559 3566 3538 3543 3542 3542 3538 3546 3557 3559 3576 3573 3521 3536 3547 3549 3559 3580 3534 3588 3552 3518 3577 3545 3591 3546 3556 3537 3563 3576 3547 3543 3556 3566 3560 3560 3564 3566 3578 3562 3532 3561 3560 3557 3570 3543 3527 3555 3536 3557 3574 3534 3542 3565 3579 3591 3560 3565 3568 3555 3557 3562 3556 3564 3553 3551 3567 3554 3538 3562 3562 3551 3538 3551 3565 3546 3553 3549 3525 3573 3562 3577 3547 3561 3578 3545 3567 3546 3593 3538 3521 3557 3529 3569 3560 3570 3550 3548 3556 3556 3553 3584 3557 3546 3557 3550 3563 3564 3557 3561 3559 3554 3538 3545 3529 3551 3549 3575 3564 3543 3549 3565 3559 3564

Tree=0
num_leaves=40
num_cat=0
split_feature=29 30 8 5 22 13 16 5 19 25 20 30 20 14 15 33 4 28 33 6 0 33 33 3 27 9 9 28 21 0 2 28 27 25 3 8 20 8 27
split_gain=47412.3 21994.3 56508.7 14834.5 12510.7 27822.2 11384.7 46902.8 6195.97 17337.9 3655.7 8834.99 12684.4 16638 7790.11 11331.4 5769.73 19126.9 3976.06 2242.5 3636.6 15087.3 1842.38 1820.35 3168.38 1756.86 5544.1 2981.94 3417.13 1284.82 1217.14 1999.2 1065.41 961.565 1293.27 3745.37 1044.59 875.151 585.947
threshold=3.2934920787811284 1.0098809599876406 -0.41646523773670191 3.5429087877273564 -1.6769025325775144 -1.4798183441162107 1.840181350708008 -0.092589199542999254 0.64636781811714183 0.60072919726371776 -0.10971026122570036 -0.1422249302268028 0.16362944990396502 0.04401648789644242 -0.19662933796644208 -0.047479696571826928 -1.0322614908218382 -1.1560569405555723 -0.047471750527620309 -0.41887925565242762 -0.54879942536354054 -0.047486564144492142 -0.047488832846283906 1.4042866230010989 -0.31538064777851099 -0.34345617890357966 -0.3812731653451919 -0.44768442213535303 -0.5984395146369933 -0.51874992251396168 1.0000000180025095e-35 -0.11437208205461501 -0.099173549562692628 0.83879441022872936 0.13169784098863604 0.62838444113731395 1.2017085552215578 2.2620918750762944 -0.50291630625724781
decision_type=2 2 2 2 2 2 2 2 2 2 2 2 2 2 2 2 2 2 2 2 2 2 2 2 2 2 2 2 2 2 2 2 2 2 2 2 2 2 2
left_child=1 3 -3 4 5 -1 8 37 9 10 16 12 13 -12 15 -13 17 -6 22 20 21 32 -19 -22 -25 26 27 -18 -29 -14 -30 -32 -16 -10 38 36 -36 -8 -35
right_child=-2 2 -4 -5 6 -7 7 -9 33 -11 11 14 29 -15 19 -17 25 18 -20 -21 23 -23 -24 24 -26 -27 -28 28 30 -31 31 -33 -34 34 35 -37 -38 -39 -40
leaf_value=13.382096240285895 15.894636717351748 13.395331886600339 16.763499738275979 14.990587495863412 15.170646033964347 15.84256484344599 13.298502501242808 15.85737146299862 13.278020361099577 14.880484867229756 15.647764608363284 13.565332236657159 13.355579146880343 13.765849843115884 13.732896761021417 15.123586429059479 13.406080695655854 13.788289634774639 14.055688437823274 13.380422292826015 13.405250989688231 15.023993786410825 13.377469977379679 14.24385396368799 13.431400876293553 13.355147340781073 14.322084424566629 14.079435320441634 13.429735576340837 13.835796350762221 13.339229567870472 13.972754872531576 13.352901881879694 13.593414283075477 14.198881023770003 13.351569476397238 13.699604445397828 13.688049876576352 13.347720549436117
leaf_weight=27 24 33 20 20 22 20 46 28 106 27 24 28 26 23 35 20 338 37 39 142 141 22 104 20 30 210 21 38 87 30 20 33 39 28 22 63 20 21 182
leaf_count=27 24 33 20 20 22 20 46 28 106 27 24 28 26 23 35 20 338 37 39 142 141 22 104 20 30 210 21 38 87 30 20 33 39 28 22 63 20 21 182
internal_value=13.6844 13.6602 14.6663 13.6352 13.6224 14.4291 13.6041 14.1388 13.5785 13.6245 13.6023 13.7012 14.1212 14.7268 13.6105 14.2146 13.5419 13.779 13.6089 13.5429 13.6234 13.8744 13.4853 13.4972 13.7564 13.4778 13.5257 13.4933 13.6589 13.6128 13.5448 13.7337 13.5326 13.4083 13.4521 13.5954 13.9611 13.4206 13.3805
internal_weight=2216 2192 53 2139 2119 47 2072 95 1977 1556 1529 580 103 47 477 48 949 202 180 429 287 96 141 191 50 747 537 516 178 56 140 53 74 421 315 105 42 67 210
internal_count=2216 2192 53 2139 2119 47 2072 95 1977 1556 1529 580 103 47 477 48 949 202 180 429 287 96 141 191 50 747 537 516 178 56 140 53 74 421 315 105 42 67 210
is_linear=0
shrinkage=1


Tree=1
num_leaves=40
num_cat=0
split_feature=29 30 7 5 22 8 16 29 25 25 19 20 30 20 14 25 4 28 0 6 29 30 16 22 9 9 28 30 4 33 16 25 7 10 16 3 0 16 28
split_gain=42789.6 19849.8 51411.4 13388.2 11290.9 25318.1 10274.7 44310.4 5734.82 19865.3 3275.79 3270.97 7998.61 11447.7 15015.8 6824.39 5207.18 17262 3776.29 3422.2 3626.85 10234.9 2402.88 5509.77 1585.57 5003.55 2691.2 3379.37 6267.7 1539.15 1221.17 2396.56 1297.43 1493.82 1196.89 969.858 1645.85 1859.59 1256.01
threshold=3.2934920787811284 1.0098809599876406 -0.38151800632476801 3.5429087877273564 -1.6769025325775144 -1.3820000290870664 1.840181350708008 -0.51274108886718739 0.61769112944602977 0.58964830636978161 1.933975398540497 -0.10971026122570036 -0.1422249302268028 0.16362944990396502 0.04401648789644242 -0.10563566163182257 -1.0322614908218382 -1.1560569405555723 0.0089050726965069788 -0.41887925565242762 0.10849614441394807 0.17288556694984439 0.030487563461065296 0.037196097895503051 -0.34345617890357966 -0.3812731653451919 -0.44768442213535303 0.091232988983392729 0.19350574910640719 -0.047488832846283906 0.2457770183682442 0.2435136288404465 0.51999107003211986 0.95806521177291881 0.44548352062702185 -0.18110958486795423 0.2691552489995957 1.1332417726516726 1.5862642526626589
decision_type=2 2 2 2 2 2 2 2 2 2 2 2 2 2 2 2 2 2 2 2 2 2 2 2 2 2 2 2 2 2 2 2 2 2 2 2 2 2 2
left_child=1 3 -3 4 5 -1 8 -8 9 11 -9 16 13 14 -13 -14 17 -6 29 20 22 -22 23 -17 25 26 -18 -28 -29 -19 -24 -32 -33 -34 -15 -10 37 -37 -38
right_child=-2 2 -4 -5 6 -7 7 10 35 -11 -12 12 15 34 -16 19 24 18 -20 -21 21 -23 30 -25 -26 -27 27 28 -30 -31 31 32 33 -35 -36 36 38 -39 -40
leaf_value=-0.29127913117408755 2.0997562628239392 -0.27945398489634193 2.9332128345966342 1.2409094923734667 1.4119651541452516 2.0558525394834581 2.4587803819349836 0.38496367176551199 -0.32582800517162958 1.3714646846055984 -0.35293409371713425 1.8652277042468388 0.7687961168911146 -0.26093110784775381 0.077408719581106442 -0.32824854681437671 -0.26437196799102047 0.098726504920302216 0.41162888416738225 -0.31117212025297658 0.88143650559154718 -0.24687127139080656 -0.38636336853106817 0.81841243678703912 -0.31275865565453259 0.60583159469422843 -0.23010319447580804 -0.16773107723953826 0.70502287169090572 -0.27407015545801688 0.33671243100737536 -0.39051959368471922 0.28234452307224273 -0.307221707075157 0.20893061472022018 0.25960069290689519 -0.35865337702756128 -0.30551507423321406 0.076903939992189418
leaf_weight=27 24 33 20 20 22 20 21 21 251 24 53 24 23 33 23 22 338 37 33 148 37 44 60 20 210 21 94 48 36 110 24 52 21 22 23 37 96 24 20
leaf_count=27 24 33 20 20 22 20 21 21 251 24 53 24 23 33 23 22 338 37 33 148 37 44 60 20 210 21 94 48 36 110 24 52 21 22 23 37 96 24 20
internal_value=7.64937e-10 -0.02299 0.932873 -0.0466743 -0.0588271 0.7075 -0.07621 0.431717 -0.100617 -0.0558539 -0.143531 -0.0783166 0.0156764 0.414957 0.990338 -0.0712705 -0.135366 0.0898621 -0.0717282 -0.114207 -0.0176814 0.268529 -0.122582 0.21778 -0.196271 -0.150717 -0.181507 -0.0241571 0.206306 -0.180237 -0.202443 -0.109711 -0.222491 -0.019294 -0.0679522 -0.262623 -0.172993 0.0372601 -0.283557
internal_weight=2216 2192 53 2139 2119 47 2072 95 1977 1549 74 1525 576 103 47 473 949 202 180 450 302 81 221 42 747 537 516 178 84 147 179 119 95 43 56 428 177 61 116
internal_count=2216 2192 53 2139 2119 47 2072 95 1977 1549 74 1525 576 103 47 473 949 202 180 450 302 81 221 42 747 537 516 178 84 147 179 119 95 43 56 428 177 61 116
is_linear=0
shrinkage=0.05


Tree=2
num_leaves=40
num_cat=0
split_feature=29 30 7 5 22 4 16 5 25 25 20 30 20 14 16 3 4 28 30 29 33 7 9 24 18 16 28 4 0 31 0 3 16 8 16 9 19 30 29
split_gain=38617.6 17914.5 46398.8 12082.8 10190 23375.1 9272.92 42584.5 5175.67 17928.4 2956.97 7475.15 10889.5 14909.2 6565.62 17165.6 4994.69 15433.9 3496.44 2509.56 6058.42 1733.17 6009.28 1513.87 2453.79 8996.32 1708.92 1624.06 3451.03 1229.32 1162.31 875.297 1526.69 2532.8 1444.82 802.945 707.062 1124.15 1622.29
threshold=3.2934920787811284 1.0098809599876406 -0.38151800632476801 3.5429087877273564 -1.6769025325775144 -0.30196486413478846 1.840181350708008 -0.092589199542999254 0.61769112944602977 0.58964830636978161 -0.10507600754499434 -0.1422249302268028 0.16362944990396502 0.04401648789644242 -0.10087344050407408 0.47482140362262731 -1.0322614908218382 -1.1560569405555723 -0.39357544481754297 0.10849614441394807 -0.047485150396823876 -0.81680750846862782 -0.51890775561332692 -0.28613379597663874 -0.59442287683486927 -0.50446477532386769 -0.35883493721485132 0.40312792360782629 0.75119936466217052 1.6654261946678164 -0.51874992251396168 -0.18110958486795423 0.86756554245948803 0.62838444113731395 1.0954753160476687 1.3660992383956911 0.44807650148868566 0.37854303419590002 -0.15099124610424039
decision_type=2 2 2 2 2 2 2 2 2 2 2 2 2 2 2 2 2 2 2 2 2 2 2 2 2 2 2 2 2 2 2 2 2 2 2 2 2 2 2
left_child=1 3 -3 4 5 -1 8 -8 9 10 16 12 13 -12 15 -13 17 -6 -19 29 -21 -20 -23 24 26 -26 -18 -27 -29 36 -14 -10 -33 34 -34 -35 37 -16 -39
right_child=-2 2 -4 -5 6 -7 7 -9 31 -11 11 14 30 -15 19 -17 23 18 21 20 -22 22 -24 -25 25 27 -28 28 -30 -31 -32 32 33 35 -36 -37 -38 38 -40
leaf_value=-0.28756410570608243 1.9947685567041238 -0.26548128525416054 2.7865521097183228 1.1788640302419662 1.3413668342612006 1.9677060127258301 -0.27421454788922373 2.0476726845014905 -0.30953660534687372 1.3028914481401443 1.873850382929263 -0.24354354879922338 -0.30924126941424152 0.073538277201030566 -0.26187531532135588 1.5292186308990825 -0.24464445267382959 0.54795229718798688 -0.35998074161378962 0.59662935237089798 -0.19777942722042402 0.51878605482833728 -0.27989425459462736 -0.31263919806350837 0.7001819870686411 -0.30339546043839721 0.19092152826488018 0.56076371788978585 -0.28715352927645049 0.12918096755941708 0.14750721270839373 -0.3746816762562456 0.47105807249362652 -0.35678773065115893 -0.079494637792760683 0.017014564126729966 -0.39574374270935858 -0.23824905797287271 0.35588698059320456
leaf_weight=27 24 33 20 20 22 20 67 28 251 24 23 36 26 23 169 22 365 21 57 36 72 35 72 184 37 90 24 20 30 24 30 58 26 51 22 20 60 27 20
leaf_count=27 24 33 20 20 22 20 67 28 251 24 23 36 26 23 169 22 365 21 57 36 72 35 72 184 37 90 24 20 30 24 30 58 26 51 22 20 60 27 20
internal_value=-1.92642e-10 -0.0218405 0.886229 -0.0443406 -0.0558857 0.672125 -0.0723995 0.410131 -0.0955864 -0.0530612 -0.0744008 0.0159727 0.403675 0.973694 -0.0688893 0.428883 -0.128039 0.0893879 -0.0594961 -0.139651 0.0670235 -0.137279 -0.0186437 -0.188049 -0.147546 0.00678989 -0.217771 -0.176464 0.0520134 -0.214054 -0.0645546 -0.249492 -0.164343 -0.0618257 0.218721 -0.251491 -0.2439 -0.201722 0.0145748
internal_weight=2216 2192 53 2139 2119 47 2072 95 1977 1549 1525 568 102 46 466 58 957 207 185 408 108 164 107 750 566 177 389 140 50 300 56 428 177 119 48 71 276 216 47
internal_count=2216 2192 53 2139 2119 47 2072 95 1977 1549 1525 568 102 46 466 58 957 207 185 408 108 164 107 750 566 177 389 140 50 300 56 428 177 119 48 71 276 216 47
is_linear=0
shrinkage=0.05


Tree=3
num_leaves=40
num_cat=0
split_feature=30 30 27 22 3 16 5 19 25 20 30 29 5 15 33 4 28 33 6 0 33 7 11 17 33 27 4 33 21 15 30 8 10 29 25 19 30 2 11
split_gain=35519.3 14862.3 45831.7 13114.7 10513.8 8757.95 40974.9 5033.06 15835.9 3309.95 6177.92 9322.93 9574.31 6182.41 9751.11 4442.51 14076 3410.71 2187.37 2583.55 13062.1 1761.58 2452.83 1522.69 1517.06 1465.42 2564.07 4655.55 10783.6 1969.27 950.647 824.947 1148.84 794.256 748.071 761.633 1188.85 712.844 795.686
threshold=-2.4608415365219112 1.0098809599876406 -0.40951874852180475 -1.6769025325775144 2.6520712375640874 1.840181350708008 -0.092589199542999254 0.64636781811714183 0.60072919726371776 -0.10971026122570036 -0.1422249302268028 -0.47341926395893091 -0.14280929416418073 -0.19662933796644208 -0.047479696571826928 -1.0322614908218382 -1.1560569405555723 -0.047471750527620309 -0.41887925565242762 -0.58135303854942311 -0.047487325966358178 0.38788214325904852 0.48748882114887243 0.20855872333049777 -0.047488832846283906 -0.38315139710903162 0.19350574910640719 -0.047459915280342095 -0.59028106927871693 -0.38555981218814844 0.13509841263294223 -1.2176790237426756 -1.1261851787567136 0.68277603387832653 0.83879441022872936 0.94063663482666027 0.20162820070981982 1.0000000180025095e-35 1.8815581202507021
decision_type=2 2 2 2 2 2 2 2 2 2 2 2 2 2 2 2 2 2 2 2 2 2 2 2 2 2 2 2 2 2 2 2 2 2 2 2 2 2 2
left_child=-1 3 -3 -2 5 7 -7 8 9 15 11 -11 -13 14 -12 16 -5 24 19 20 30 -21 -23 -24 -18 31 -27 28 -28 -30 -15 -17 -33 -29 -9 36 -36 38 -37
right_child=1 2 -4 4 -6 6 -8 34 -10 10 13 12 -14 18 -16 25 17 -19 -20 21 -22 22 23 -25 -26 26 27 33 29 -31 -32 32 -34 -35 35 37 -38 -39 -40
leaf_value=1.8371837081817484 0.94611438350244004 2.7013486611843112 -0.28390178912215763 1.274298625253141 1.0824831306934357 -0.2605038234547003 2.0466349842371763 -0.3611944813618348 1.1731119829874774 1.1342395499862474 -0.11693823715405804 -0.30536248962960993 0.92346394282320277 0.042420445334526803 1.3285802751407028 -0.52192078500187822 0.095003302435617193 0.34834543232543347 -0.27348029065195106 -0.26009512623322423 1.2165879697903343 0.52454841256141671 -0.43397036415079371 0.086848225941260668 -0.27778616607762302 -0.2232861863836354 1.2475624679164454 -0.29218432609349082 0.33908764010383968 -0.26423146761953831 -0.33294343484968353 0.11851647652330853 -0.26477876990875593 0.063459633141756053 -0.24824820271244757 -0.30289563126772501 0.2469043021450158 -0.023077740087032769 0.0011561887959639231
leaf_weight=26 33 20 36 22 20 67 27 105 26 29 28 51 23 31 20 28 37 39 142 116 23 20 23 36 104 255 22 73 21 38 37 21 283 20 27 208 22 33 24
leaf_count=26 33 20 36 22 20 67 27 105 26 29 28 51 23 31 20 28 37 39 142 116 23 20 23 36 104 255 22 73 21 38 37 21 283 20 27 208 22 33 24
internal_value=2.48587e-09 -0.0218113 0.782259 -0.0429116 -0.058446 -0.0694112 0.402185 -0.0917212 -0.0505853 -0.0712183 0.0232557 0.37436 0.0765701 -0.0527186 0.485361 -0.128021 0.0804228 -0.0654954 -0.113064 -0.0334168 0.186568 -0.136076 0.0460277 -0.116183 -0.179962 -0.18335 -0.122312 0.0256676 0.302795 -0.0494908 -0.161822 -0.262221 -0.238301 -0.215702 -0.245662 -0.207028 -0.0259348 -0.240514 -0.271442
internal_weight=2216 2190 56 2134 2101 2081 94 1987 1568 1542 579 103 74 476 48 963 202 180 428 286 91 195 79 59 141 761 429 174 81 59 68 332 304 93 419 314 49 265 232
internal_count=2216 2190 56 2134 2101 2081 94 1987 1568 1542 579 103 74 476 48 963 202 180 428 286 91 195 79 59 141 761 429 174 81 59 68 332 304 93 419 314 49 265 232
is_linear=0
shrinkage=0.05


Tree=4
num_leaves=40
num_cat=0
split_feature=29 30 8 5 6 5 16 24 24 5 28 3 6 20 19 30 7 29 8 8 7 29 29 0 30 30 4 5 4 17 3 0 30 29 7 7 29 16 33
split_gain=33228.4 14912.4 42026.3 10617.1 8067.67 9081.23 21064.2 47581.5 7311.81 6212.99 27178.9 7133.83 3080.13 2765.76 9497.5 13591.1 5068.36 3261.85 2115.25 4759.57 4936.18 3150.09 1934.25 1794.7 2342.91 2335.77 1089.16 1097.75 1503.21 935.13 1270.44 900.978 2312.11 828.735 763.822 1233.86 1010.21 737.552 729.588
threshold=3.2934920787811284 1.0098809599876406 -0.41646523773670191 3.5429087877273564 4.6428182125091562 -0.43539592623710627 1.840181350708008 1.6340835690498354 1.5304850935935976 -0.34696488082408899 -1.0040023326873777 1.5014359951019289 2.872025847434998 -0.10507600754499434 1.0000000180025095e-35 0.18135225027799609 -0.36946609616279596 -0.88827767968177784 -0.43965753912925715 -0.63483852148056019 -0.55014747381210316 1.1304740905761721 0.021161286160349849 -0.68849384784698475 -0.017276935279369351 -0.11706469208002089 -0.26139283180236811 -0.075121343135833726 -1.0298025608062742 0.65979400277137767 -0.66547879576683033 -0.34560753405094141 -0.48024511337280268 -0.025630277581512925 0.9067816734313966 0.47772999107837683 -0.070885017514228807 0.60611256957054149 -0.047476606443524354
decision_type=2 2 2 2 2 2 2 2 2 2 2 2 2 2 2 2 2 2 2 2 2 2 2 2 2 2 2 2 2 2 2 2 2 2 2 2 2 2 2
left_child=1 3 -3 4 5 12 8 -8 9 10 -7 29 18 17 15 -15 -16 -11 19 21 -21 31 -22 -18 25 37 27 -19 -29 30 -12 -1 -33 -30 35 -26 -37 -25 -20
right_child=-2 2 -4 -5 -6 6 7 -9 -10 13 11 -13 -14 14 16 -17 23 26 38 20 22 -23 -24 24 34 -27 -28 28 33 -31 -32 32 -34 -35 -36 36 -38 -39 -40
leaf_value=-0.32793419274951324 1.8503533037379385 -0.28786452051365014 2.6168028232455254 1.1058275702595712 0.94786011248826973 1.981747659146786 2.9071086189150814 -0.46256153041666209 0.7671416583346824 0.30929172821342948 0.15771704818166438 0.88966757655143747 0.28574611335187344 1.6652097480744126 0.69748446285724652 -0.13571659946306186 0.21520400796617781 -0.26401843709960776 -0.2541725435671372 0.68872232113565723 0.20934484100176232 0.32838698407778377 -0.3249172374606133 0.056777494789465616 -0.2891236527105876 0.46400559630531535 -0.3060990889169527 0.29622220637069807 -0.3038476439683061 0.18433571219444278 -0.278144908687327 0.34716862015426164 -0.26052809883322986 0.022216702064033599 -0.41822512178700805 -0.19980356593926749 0.22601356158892694 -0.3583884855359793 -0.11229811047238332
leaf_weight=147 24 33 20 20 20 20 20 22 30 32 21 20 37 20 20 22 35 89 563 35 36 26 32 23 113 26 178 27 38 20 82 20 72 40 49 30 26 20 108
leaf_count=147 24 33 20 20 20 20 20 22 30 32 21 20 37 20 20 22 35 89 563 35 36 26 32 23 113 26 178 27 38 20 82 20 72 40 49 30 26 20 108
internal_value=-3.16821e-09 -0.0202593 0.808236 -0.0407878 -0.05161 -0.0611333 0.0455274 1.14204 -0.00141823 -0.025663 0.255332 0.0138758 -0.16254 -0.0837877 0.0122936 0.721867 -0.074847 -0.175113 -0.178504 -0.08217 0.206256 -0.194275 -0.0420726 -0.122818 -0.16404 0.0898878 -0.216782 -0.134831 -0.025329 -0.128529 -0.18928 -0.251134 -0.12842 -0.136635 -0.244412 -0.194016 -0.00210276 -0.136323 -0.231337
internal_weight=2216 2192 53 2139 2119 2099 1023 42 981 951 163 143 1076 788 384 42 342 404 1039 368 103 265 68 322 287 69 372 194 105 123 103 239 92 78 218 169 56 43 671
internal_count=2216 2192 53 2139 2119 2099 1023 42 981 951 163 143 1076 788 384 42 342 404 1039 368 103 265 68 322 287 69 372 194 105 123 103 239 92 78 218 169 56 43 671
is_linear=0
shrinkage=0.05


Tree=5
num_leaves=40
num_cat=0
split_feature=30 5 30 16 30 28 5 5 17 24 8 20 17 18 12 20 22 7 31 27 29 29 27 27 27 3 8 8 23 10 29 0 10 22 6 22 8 29 19
split_gain=31248.3 12172.8 32643.4 18176.4 44269.3 12978.1 9291.5 8413.76 37514.5 8129.87 3596.14 3141.73 7780.64 10936.3 2269.82 3474.9 8136.9 3779.12 3355.4 2526.2 2391.52 2140.28 1823.12 2913.63 5725.58 2317.91 2012.42 2320.44 5355.06 2256.7 2038.32 1678.72 1323.02 982.064 947.757 918.737 1982.78 782.663 780.589
threshold=-2.4608415365219112 -0.39390975236892695 1.0098809599876406 1.840181350708008 0.15867774188518527 -1.5452485680580137 3.5429087877273564 -0.34696488082408899 -0.88212335109710682 1.5304850935935976 -1.2546208500862119 0.42660297453403478 0.34540803730487829 0.36480028927326208 0.99506542086601268 -0.10507600754499434 -0.036472376435995095 -0.36946609616279596 -0.63345196843147267 -0.44540180265903467 -0.88827767968177784 0.10052988305687906 -0.40092711150646204 0.0077290176413953313 -0.099173549562692628 -0.78260931372642506 -0.36703667044639582 -0.63483852148056019 -0.60770544409751881 -0.42161588370800013 0.44335699081420904 -0.19822186976671216 -1.1949002742767332 0.1402021870017052 -0.41304950416088099 0.77010071277618419 0.55667725205421459 0.72183758020401012 -0.55122730135917652
decision_type=2 2 2 2 2 2 2 2 2 2 2 2 2 2 2 2 2 2 2 2 2 2 2 2 2 2 2 2 2 2 2 2 2 2 2 2 2 2 2
left_child=-1 5 3 6 -5 -2 7 8 -3 10 -9 12 22 -14 15 20 -17 -18 -19 -20 -12 -10 33 24 25 -24 27 30 -29 -30 -25 34 -22 37 -32 -21 -37 -7 -34
right_child=1 2 -4 4 -6 11 -8 9 21 -11 14 -13 13 -15 -16 16 17 18 19 35 32 -23 23 26 -26 -27 -28 28 29 -31 31 -33 38 -35 -36 36 -38 -39 -40
leaf_value=1.7231924538428967 1.1019203201291108 2.3618963872641325 1.8217333921679744 2.7737801656126977 -0.51313486269542152 -0.30131484051407487 1.0811469016224147 -0.5720456812832807 -0.22903572312955345 0.74775452057520553 0.29623894350869312 -0.26803464069532307 1.4146770751476287 -0.084988809593262216 -0.37969479031032988 0.84547785419610255 0.64185646034422383 0.43715918256390485 0.2862702496788081 -0.24729604890217655 0.21046487227082256 0.34384095850198171 -0.21901272147837464 -0.32503734064762885 0.76014961547085225 0.30513252385200995 -0.38288802371133829 0.8007533235983415 -0.35790085477961436 0.29430325371878491 0.068995177745819092 0.34168954331141255 -0.13634122985511507 0.058079248666763311 -0.4177688837051392 0.20755105415980021 -0.33837016903120898 -0.00033973827958106996 -0.29170861449215985
leaf_weight=26 21 20 27 20 21 216 20 37 56 30 28 389 20 31 54 31 21 31 34 148 20 23 66 106 28 31 74 22 36 21 20 26 174 25 20 39 29 24 151
leaf_count=26 21 20 27 20 21 216 20 37 56 30 28 389 20 31 54 31 21 31 34 148 20 23 66 106 28 31 74 22 36 21 20 26 174 25 20 39 29 24 151
internal_value=-2.19804e-10 -0.020458 0.106491 0.0595693 1.09024 -0.129919 0.0148997 -0.0081294 0.427477 -0.0602758 -0.090691 -0.152316 -0.0935503 0.503115 -0.0672566 -0.0433591 0.0740416 -0.00514553 -0.053498 -0.114339 -0.14817 -0.0622488 -0.13611 -0.0748406 0.130308 -0.0515024 -0.153744 -0.0861872 0.138133 -0.117615 -0.189218 0.028916 -0.184238 -0.240152 -0.174387 -0.177398 -0.0252683 -0.271217 -0.208527
internal_weight=2216 2190 1014 987 41 1176 946 926 99 827 797 1155 766 51 760 706 333 302 281 250 373 79 715 450 125 97 325 251 79 57 172 66 345 265 40 216 68 240 325
internal_count=2216 2190 1014 987 41 1176 946 926 99 827 797 1155 766 51 760 706 333 302 281 250 373 79 715 450 125 97 325 251 79 57 172 66 345 265 40 216 68 240 325
is_linear=0
shrinkage=0.05


Tree=6
num_leaves=40
num_cat=0
split_feature=29 5 30 8 14 30 28 0 5 15 0 33 7 7 8 31 31 3 29 2 6 23 27 4 0 33 7 26 23 7 27 27 21 27 3 30 3 30 12
split_gain=28934.1 12594.2 32821 16421 37949.8 49018.5 13254.9 9504.29 8544.79 34040.6 3604.34 7123.04 3490.56 11408.2 8948.4 2541.01 5516.67 3469.76 5863.13 2518.21 2136.71 1995.79 1988.25 1910.55 3608.6 6422 2540.04 1468.13 1345.58 1135.2 1090.83 3611.94 2474.02 1052 1295.83 3646.34 1046.06 935.32 858.323
threshold=3.2934920787811284 -0.39390975236892695 1.0098809599876406 1.1794789433479311 1.5510139465332033 0.20421768724918368 -1.5452485680580137 2.7512800693511967 -0.34696488082408899 -0.88611090183258046 -0.7135351002216338 -0.047486646100878709 -0.42979031801223749 -0.30308943986892695 -0.35593426227569575 1.0000000180025095e-35 0.077737625688314452 -0.82257151603698719 -0.51274108886718739 2.2576968073844914 -0.17402893304824826 0.89250150322914135 0.29725579917430883 -0.17410147935152051 0.86638915538787853 -0.047475527971982949 0.4650395959615708 0.29478286206722265 0.49518230557441717 -0.71342185139656056 0.064031258225440993 -0.013289313763380049 0.12582121789455417 -0.40092711150646204 -0.75367119908332814 0.13834507763385775 -0.35060435533523554 0.3456332534551621 -1.2985735535621641
decision_type=2 2 2 2 2 2 2 2 2 2 2 2 2 2 2 2 2 2 2 2 2 2 2 2 2 2 2 2 2 2 2 2 2 2 2 2 2 2 2
left_child=1 6 3 7 5 -5 -1 8 9 -3 11 27 38 14 -14 19 -17 18 -18 30 -20 23 -11 36 25 28 -26 -10 -25 -19 31 33 -33 -8 -35 -36 -15 -6 -12
right_child=-2 2 -4 4 37 -7 15 -9 10 22 12 -13 13 21 -16 16 17 29 20 -21 -22 -23 -24 24 26 -27 -28 -29 -30 -31 -32 32 -34 34 35 -37 -38 -39 -40
leaf_value=1.1470082363486289 1.7266529525319738 2.252913877172396 1.9002307972908021 3.0900176516285653 -0.49391153667654308 -0.13089489298207421 -0.27157541753406383 1.0492652478672209 -0.43077069520950317 -0.22391548083587126 -0.49878417134284975 0.78356430583140435 0.00058033315553551637 0.12461950644850731 1.4435461374846372 0.74900601534616384 0.84926674176346184 0.060220649838447576 0.42911916192620991 0.21054352207316296 -0.13897559276471536 -0.42072745027641462 0.35824156016111375 -0.18569491796872833 -0.29806991698110802 0.86695305314557314 0.32819809913635256 0.14397261559963226 0.28622839249994442 -0.28622954520396887 -0.28178751447821088 0.68077828347682956 -0.096254066981020431 -0.20310870005374718 0.62264890193939215 -0.29147300422191619 -0.26380592261190311 -0.046222163438797002 -0.23160825707717964
leaf_weight=20 24 20 25 27 28 21 252 21 25 55 35 34 21 20 22 21 22 28 20 36 96 48 20 44 85 29 20 20 23 152 357 20 21 97 20 24 130 20 213
leaf_count=20 24 20 25 27 28 21 252 21 25 55 35 34 21 20 22 21 22 28 20 36 96 48 20 44 85 29 20 20 23 152 357 20 21 97 20 24 130 20 213
internal_value=-2.04747e-09 -0.018905 0.111225 0.0656337 0.686747 1.68087 -0.129285 -0.00174132 -0.0272866 0.420082 -0.0825532 0.237359 -0.119181 -0.0349429 0.738842 -0.151177 -0.0358908 -0.0877236 0.100903 -0.198434 -0.0410282 -0.118333 -0.0686736 -0.0769802 0.0237927 0.245357 -0.178781 -0.175329 -0.0236914 -0.232337 -0.217048 -0.163794 0.282786 -0.210384 -0.101021 0.124037 -0.212016 -0.307374 -0.269315
internal_weight=2216 2192 1006 981 96 48 1186 885 864 95 769 79 690 442 43 1166 339 318 138 827 116 399 75 351 201 96 105 45 67 180 791 434 41 393 141 44 150 48 248
internal_count=2216 2192 1006 981 96 48 1186 885 864 95 769 79 690 442 43 1166 339 318 138 827 116 399 75 351 201 96 105 45 67 180 791 434 41 393 141 44 150 48 248
is_linear=0
shrinkage=0.05


Tree=7
num_leaves=40
num_cat=0
split_feature=30 5 30 16 30 15 5 5 17 24 8 20 17 18 12 20 22 7 8 0 29 4 27 25 30 33 28 21 30 6 30 8 30 29 13 12 29 0 27
split_gain=27515.5 9779.97 26371.6 16101.9 39243.7 11128.4 8401.41 6962.07 30961.3 7561.13 3257.06 2591.49 7035.68 9760.25 2366.84 2967.56 7419.62 3407.29 2215.07 3169.42 2119.53 2029.34 3389.23 2205.1 1978.53 1937.86 1935.09 4697.92 7548.71 1400.53 1284.37 1679.93 2315.96 2095.36 1204.39 1339.8 1739.25 911.597 767.271
threshold=-2.4608415365219112 -0.39390975236892695 1.0098809599876406 1.840181350708008 0.15867774188518527 -1.5420922636985777 3.5429087877273564 -0.34696488082408899 -0.88212335109710682 1.5304850935935976 -1.2546208500862119 0.42660297453403478 0.34540803730487829 0.36480028927326208 0.99506542086601268 -0.10507600754499434 -0.0092121860943734628 -0.36946609616279596 -0.0079607171937823278 -0.64037886261939991 -0.88827767968177784 -0.17410147935152051 -0.41882969439029688 0.83879441022872936 0.30846130847930914 -0.04742735251784324 -0.4927853643894195 -0.54421627521514881 0.13276672363281253 1.739593029022217 0.38850161433219915 -0.60875913500785817 0.28248156607151037 -0.44043858349323267 -0.66068968176841725 -0.72356370091438282 0.66201218962669384 -1.1810910701751707 0.028739431872963909
decision_type=2 2 2 2 2 2 2 2 2 2 2 2 2 2 2 2 2 2 2 2 2 2 2 2 2 2 2 2 2 2 2 2 2 2 2 2 2 2 2
left_child=-1 5 3 6 -5 -2 7 8 -3 10 -9 12 25 -14 15 20 -17 -18 -19 -20 -12 -21 -23 -24 38 26 37 28 -28 30 31 -29 33 -33 35 36 -22 -7 -10
right_child=1 2 -4 4 -6 11 -8 9 24 -11 14 -13 13 -15 -16 16 17 18 19 21 34 22 23 -25 -26 -27 27 29 -30 -31 -32 32 -34 -35 -36 -37 -38 -39 -40
leaf_value=1.6169959370906537 0.99666270491751752 2.1420846596360206 1.6362779785085608 2.6075942811369899 -0.48713190158208208 0.034641839306930017 1.0242655836045742 -0.5463898210912137 -0.35573706419931517 0.72029564261436463 0.27993230649403167 -0.24321677196572017 1.3435474801063538 -0.073191109107386673 -0.38503401384309488 0.71491493155749941 0.59467087132590157 -0.3262910427082153 0.5944821513834454 -0.25953231636843044 -0.20716102804926015 0.65180500875271508 -0.21375302839737673 0.30448395371437076 0.34259254607287321 0.30686783409118656 -0.2184367226613888 0.259959643324082 1.077063343741677 -0.48962473517656324 -0.3139807053825312 0.22252681301585558 0.34570679819583894 -0.2407768680242362 -0.26132399349972524 0.30921809673309331 0.25160201787948611 -0.25955958689556463 0.024558288213752569
leaf_weight=26 22 20 27 20 21 29 20 37 36 30 28 391 20 31 54 39 21 63 21 73 119 21 65 30 22 25 23 37 22 25 57 29 25 154 181 20 25 286 21
leaf_count=26 22 20 27 20 21 29 20 37 36 30 28 391 20 31 54 39 21 63 21 73 119 21 65 30 22 25 23 37 22 25 57 29 25 154 181 20 25 286 21
internal_value=2.82559e-09 -0.0191972 0.0945921 0.0524183 1.02249 -0.117311 0.010375 -0.0115233 0.384726 -0.0589583 -0.0882903 -0.138548 -0.084911 0.482393 -0.0659881 -0.0415851 0.0669074 -0.0190527 -0.0662622 0.0117464 -0.138443 -0.053002 0.0769696 -0.0500992 -0.0601744 -0.125546 -0.141282 -0.0640628 0.414919 -0.129978 -0.100206 -0.0504701 -0.105691 -0.167357 -0.172398 -0.0742546 -0.127515 -0.232474 -0.215628
internal_weight=2216 2190 1014 987 41 1176 946 926 99 827 797 1154 763 51 760 706 333 294 273 210 373 189 116 95 79 712 687 372 45 327 302 245 208 183 345 164 144 315 57
internal_count=2216 2190 1014 987 41 1176 946 926 99 827 797 1154 763 51 760 706 333 294 273 210 373 189 116 95 79 712 687 372 45 327 302 245 208 183 345 164 144 315 57
is_linear=0
shrinkage=0.05


Tree=8
num_leaves=40
num_cat=0
split_feature=29 5 30 16 15 28 0 5 15 24 10 12 24 31 31 3 29 2 5 3 0 24 6 30 10 30 7 33 33 4 33 25 27 27 21 11 17 7 23
split_gain=25154.4 10392.7 27006.6 14239.9 38603.6 11872.2 8202.14 6022.47 28300.9 5998.79 2720.71 11155.4 5771.07 2354.24 4967.43 3069.74 5044.5 2236.91 2220.85 3767.43 9026.99 2619.35 1897.15 1830.31 1925.97 1823 2346.27 1347.86 1657.84 1339.22 2212.48 1161.86 1334.05 2881.68 2187.8 1050.08 5020.99 956.71 811.086
threshold=3.2934920787811284 -0.39390975236892695 1.0098809599876406 1.840181350708008 2.3530056476593022 -1.5452485680580137 2.7512800693511967 -0.34696488082408899 -0.88611090183258046 1.5304850935935976 -0.40775510668754572 -0.30952669680118555 -0.45309810340404505 1.0000000180025095e-35 0.077737625688314452 -0.82257151603698719 -0.51274108886718739 2.2576968073844914 -0.096956163644790636 -0.42432770133018488 -0.80815526843070973 -0.26160989701747889 -0.17402893304824826 -0.053987251594662659 0.43079948425292974 0.0099871689453721064 -0.16928865760564801 -0.047481721267104142 -0.047483913600444787 -0.77100217342376698 -0.047471750527620309 -1.5918665528297422 0.064031258225440993 -0.013289313763380049 0.12582121789455417 0.4072359055280686 0.044704664498567588 -0.71342185139656056 -0.90926870703697193
decision_type=2 2 2 2 2 2 2 2 2 2 2 2 2 2 2 2 2 2 2 2 2 2 2 2 2 2 2 2 2 2 2 2 2 2 2 2 2 2 2
left_child=1 5 3 6 -5 -1 7 8 -3 10 29 12 -12 17 -15 16 -16 31 -13 20 -20 -21 -18 24 -23 -10 -27 28 -25 30 38 -7 33 35 -35 36 -33 -17 -9
right_child=-2 2 -4 4 -6 13 -8 9 25 -11 11 18 -14 14 15 37 22 -19 19 21 -22 23 -24 27 -26 26 -28 -29 -30 -31 -32 32 -34 34 -36 -37 -38 -39 -40
leaf_value=1.0899919300526382 1.6099298069874448 2.0456531706452372 1.7234053751230238 2.5434900829195977 -0.52589488370077953 -0.51227224140331662 0.99649536879289724 0.0014627301692962647 -0.35874241364579046 0.63490584473456113 0.20882136395999362 -0.28291928683868561 1.3955883777141571 0.71715364229111445 0.79474457854574387 0.055721218671117512 0.41194667547941211 0.20135648532046213 -0.30914011411368847 0.45240017579741443 1.1931072027981282 -0.068046783283352855 -0.12335523672712345 -0.21271350784943654 0.53288475215435038 0.54677671176381415 -0.16228776951985702 -0.24043653210553018 0.37703158151019706 -0.2614073120975664 0.26483821270836366 -0.19085786089780604 -0.26066157184436289 0.64373131304979325 -0.086971848351614811 -0.28142732118890773 0.54733498749824672 -0.26232885055636107 -0.40960440188646319
leaf_weight=20 24 20 25 20 21 29 21 20 31 31 21 99 20 21 22 28 20 36 20 22 20 40 96 26 20 20 28 181 22 211 37 202 355 20 21 138 26 152 30
leaf_count=20 24 20 25 20 21 29 21 20 31 31 21 99 20 21 22 28 20 36 20 22 20 40 96 26 20 20 28 181 22 211 37 202 355 20 21 138 26 152 30
internal_value=1.7386e-09 -0.017627 0.100584 0.0592276 0.971366 -0.117897 0.0194429 -0.00288367 0.36549 -0.0473581 -0.0741644 -0.00183074 0.787732 -0.138615 -0.0276471 -0.076832 0.100588 -0.184103 -0.0737687 -0.0147775 0.441984 -0.0735249 -0.0310618 -0.113561 0.132264 -0.0598676 0.133156 -0.177969 0.0575863 -0.193345 -0.0282743 -0.201646 -0.189824 -0.128038 0.269469 -0.172567 -0.106678 -0.212854 -0.245178
internal_weight=2216 2192 1006 981 41 1186 940 919 99 820 789 491 41 1166 339 318 138 827 450 351 40 311 116 289 60 79 48 229 48 298 87 791 762 407 41 366 228 180 50
internal_count=2216 2192 1006 981 41 1186 940 919 99 820 789 491 41 1166 339 318 138 827 450 351 40 311 116 289 60 79 48 229 48 298 87 791 762 407 41 366 228 180 50
is_linear=0
shrinkage=0.05


Tree=9
num_leaves=40
num_cat=0
split_feature=30 22 5 30 16 5 4 24 10 12 24 31 4 3 28 20 4 3 24 2 30 10 8 13 9 29 6 4 4 27 27 24 24 3 24 8 4 30 24
split_gain=24430.5 8980.25 10644.7 26306.2 14993.4 9474.98 7988.52 6571.96 2756.03 10452.6 4778.64 2746.07 8253.63 4252.1 4487.35 10331.4 2490.81 5854.34 2517.27 2449.7 1331.27 1890.2 1240.41 1407.7 1515.22 1324.82 1009.86 1560.61 3333.16 2167.19 1642.71 1492.29 3947.43 1112.42 1219.26 2993.88 2787.76 871.446 1390.99
threshold=-2.4608415365219112 -1.6769025325775144 -0.35242359340190882 1.0098809599876406 1.840181350708008 -0.32840529084205622 1.949168384075165 1.5304850935935976 -0.40775510668754572 -0.30952669680118555 -0.46764265000820154 1.0000000180025095e-35 -1.0371792912483213 -0.82257151603698719 -0.22967116534709928 0.16362944990396502 -0.86259660124778736 -0.42432770133018488 -0.26160989701747889 2.2576968073844914 -0.017276935279369351 0.43079948425292974 -1.2546208500862119 -0.66068968176841725 -0.6793454885482787 0.66201218962669384 -0.23815640062093732 -0.56506836414337147 -0.48638319969177241 0.075447853654623045 -0.52088007330894459 0.087910719215869917 -0.067145887762308107 -0.40779161453247065 -0.83766222000122059 -0.46374811232089991 -1.0009103715419767 0.40671519935131079 0.43529917299747473
decision_type=2 2 2 2 2 2 2 2 2 2 2 2 2 2 2 2 2 2 2 2 2 2 2 2 2 2 2 2 2 2 2 2 2 2 2 2 2 2 2
left_child=-1 -2 11 4 5 -4 7 8 22 10 -10 19 -13 14 -14 -16 -11 -18 -19 26 21 -20 -7 24 25 -24 27 31 -29 30 -30 32 33 34 -3 36 -36 -22 -39
right_child=1 2 3 -5 -6 6 -8 -9 9 16 -12 12 13 -15 15 -17 17 18 20 -21 37 -23 23 -25 -26 -27 -28 28 29 -31 -32 -33 -34 -35 35 -37 -38 38 -40
leaf_value=1.5236552394353426 0.76509506528576221 -0.29262686244259445 0.99001034684479239 1.6998591976165771 1.0396271054809159 -0.54029213537772491 0.96873422756791117 0.69556391341932899 0.22848014652729037 -0.34744341152117536 1.3214846372604372 0.92974090935154396 -0.22112626569966476 -0.22613996213682347 1.0707883003633469 -0.035432768589065924 0.65139172871907558 0.4534187212586403 -0.10816076520298208 0.22099576841451621 -0.23186243222863007 0.39498061351478103 -0.20495407455636344 -0.34437615036180147 0.3227038371562958 0.17968994290740403 -0.26266574812200066 0.58712662969316753 -0.18105656170845033 -0.40435686514184283 0.39806978569055596 -0.29315157925265695 0.56457753464579585 -0.36629503231357646 0.70065295337276023 -0.23020908791462291 -0.05147604193272335 -0.26463276472303177 0.19228378319078021
leaf_weight=26 36 59 24 25 37 24 20 29 20 68 20 22 57 191 32 62 30 21 56 38 171 28 131 76 20 27 303 21 25 37 24 197 20 54 22 68 28 31 36
leaf_count=26 36 59 24 25 37 24 20 29 20 68 20 22 57 191 32 62 30 21 56 38 171 28 131 76 20 27 303 21 25 37 24 197 20 54 22 68 28 31 36
internal_value=2.94101e-09 -0.0180891 -0.0311785 0.100778 0.0547743 0.0109768 -0.0181034 -0.0431501 -0.071375 0.00105877 0.774982 -0.124805 -0.00899515 -0.0693817 0.128902 0.341153 -0.0691384 -0.0184018 -0.0769843 -0.171852 -0.111576 0.059553 -0.196701 -0.164236 -0.0873218 -0.139224 -0.189251 -0.149171 0.0223899 -0.115511 0.102597 -0.190146 -0.109301 -0.167645 -0.10704 -0.0142473 0.279461 -0.171974 -0.0191254
internal_weight=2216 2190 2154 894 869 832 808 788 759 481 40 1260 364 342 151 94 441 373 343 896 322 84 278 254 178 158 858 555 107 86 49 448 251 231 177 118 50 238 67
internal_count=2216 2190 2154 894 869 832 808 788 759 481 40 1260 364 342 151 94 441 373 343 896 322 84 278 254 178 158 858 555 107 86 49 448 251 231 177 118 50 238 67
is_linear=0
shrinkage=0.05


Tree=10
num_leaves=40
num_cat=0
split_feature=30 31 0 4 8 27 7 22 0 30 27 20 17 23 30 30 29 3 15 30 30 18 3 30 5 14 24 12 5 0 27 29 28 23 26 8 3 16 16
split_gain=22048.5 8449.71 19883.3 63535.9 10326.7 32916.7 25009.5 10492.7 8589.47 7667.36 3461.23 3637.06 7935.21 4659 2507.02 2609.44 4692.39 3443.04 5542.64 2727.49 4436.55 3781.83 2266.03 4315.41 2022.27 1888.99 2174.61 1750.83 1492.51 1466.26 3789.4 1441.74 1348.34 1277.49 5330.79 1007.98 1799.54 2074.6 1575.61
threshold=-2.4608415365219112 -0.74593421816825856 -0.66076958179473866 -0.81157422065734852 1.1794789433479311 0.11470322310924531 1.1702433824539187 -1.6769025325775144 2.9056415557861333 1.158700227737427 -0.63516500592231739 0.42660297453403478 0.49167969822883612 0.37366540729999548 0.50587067008018505 0.098575331270694747 -0.41597388684749598 -0.39263355731964106 -0.39499291777610773 -0.10887978971004485 -0.16419199109077451 0.13330585509538653 0.68772336840629589 -0.5347447097301482 -0.010708616115152834 0.061906732618808753 -0.067145887762308107 -0.18366180360317227 1.1476287245750429 0.1054927632212639 0.48457282781600958 -0.2366850674152374 0.4051686972379685 -0.35094870626926417 -0.47881220281124109 0.71919706463813793 -0.2038466930389404 0.86756554245948803 1.0954753160476687
decision_type=2 2 2 2 2 2 2 2 2 2 2 2 2 2 2 2 2 2 2 2 2 2 2 2 2 2 2 2 2 2 2 2 2 2 2 2 2 2 2
left_child=-1 25 3 -3 7 6 -6 -4 9 10 -9 12 13 14 15 19 -17 18 -18 20 21 22 -12 -24 31 26 33 -20 35 -19 -31 -8 -5 34 -2 36 -13 -38 -39
right_child=1 2 4 32 5 -7 24 8 -10 -11 11 28 -14 -15 -16 16 17 29 27 -21 -22 -23 23 -25 -26 -27 -28 -29 -30 30 -32 -33 -34 -35 -36 -37 37 38 -40
leaf_value=1.4474723797578077 -0.17245401182802533 3.0312231237473699 0.85370031355414544 -0.23109544672464072 1.6663552629805747 2.2874053238332275 0.18587274374440313 -0.26980422916110425 0.96595442950725552 0.86968901100612828 -0.2776444849298626 -0.24272641257072489 0.99080710060894495 0.51905168647828859 -0.33097557530174376 0.70488463650489674 0.91677217662334454 -0.27017727255821228 -0.36306677222251893 -0.29673166747920771 0.59907996333031743 0.56614983469247826 0.6926918032765389 -0.24356046300381423 -0.49056114453909005 -0.28276451002955438 0.32859425169450268 0.29852816715836522 -0.43216383493733856 -0.14983642309431047 0.64013045355677611 -0.32089108943939215 0.24761056508868934 -0.31017864709834997 0.53104607991633879 -0.28494397917490327 -0.14448060737770113 0.58240223365525412 0.025612312996828996
leaf_weight=26 205 23 32 38 21 20 32 229 20 21 122 96 20 38 71 29 25 70 20 121 27 20 20 32 43 250 27 20 53 63 20 25 24 81 31 89 61 24 27
leaf_count=26 205 23 32 38 21 20 32 229 20 21 122 96 20 38 71 29 25 70 20 121 27 20 20 32 43 250 27 20 53 63 20 25 24 81 31 89 61 24 27
internal_value=-1.1959e-09 -0.0171846 0.0427318 0.786814 0.000874093 0.40832 0.0977271 -0.0410601 -0.0624595 -0.0780651 -0.0934104 -0.0555881 0.00883347 -0.0193033 -0.0502995 -0.0164659 0.107371 0.0278855 0.332747 -0.105904 -0.00142339 -0.0849986 -0.159843 0.116537 -0.231685 -0.178172 -0.10216 -0.0322693 -0.187744 -0.101631 0.040517 -0.0363921 -0.0457899 -0.138849 -0.0800451 -0.144128 -0.0838744 0.0522845 0.287631
internal_weight=2216 2190 1596 85 1511 141 121 1370 1338 1318 1297 1068 718 698 660 589 247 218 65 342 221 194 174 52 100 594 344 40 350 153 83 57 62 317 236 297 208 112 51
internal_count=2216 2190 1596 85 1511 141 121 1370 1338 1318 1297 1068 718 698 660 589 247 218 65 342 221 194 174 52 100 594 344 40 350 153 83 57 62 317 236 297 208 112 51
is_linear=0
shrinkage=0.05


Tree=11
num_leaves=40
num_cat=0
split_feature=29 5 30 8 14 30 28 0 5 15 0 33 7 7 8 22 33 30 30 6 6 23 30 4 5 5 7 7 22 6 21 6 29 33 33 26 0 8 21
split_gain=21176.6 8186.1 21213.9 11341.3 35281.9 43435.4 10762 6869.93 6248.22 24974.4 2925.39 6329.31 2940.84 9684.17 7843.53 2725.54 2767.07 1864.42 3299.46 2272.06 7965.47 1714.01 1657.87 1539.51 3103.88 4226.08 6342.78 1683 1403.98 1844.98 2370.28 2421.25 1433.84 1188.94 2200.02 1186.68 1171.38 1150.83 1186.91
threshold=3.2934920787811284 -0.39390975236892695 1.0098809599876406 1.1794789433479311 1.5510139465332033 0.20421768724918368 -1.5452485680580137 2.7512800693511967 -0.34696488082408899 -0.88611090183258046 -0.7135351002216338 -0.047486646100878709 -0.42979031801223749 -0.30308943986892695 -0.35593426227569575 -1.6184429526329038 -0.04742735251784324 0.50587067008018505 0.46395739912986761 2.2832190990448002 2.9755042791366582 0.89250150322914135 0.30846130847930914 -0.17410147935152051 1.1148765087127688 0.42817132174968725 0.11392801254987718 0.43001671135425573 0.62839671969413768 -0.23815640062093732 0.49816480278968817 -0.30228386819362635 0.44335699081420904 -0.047476824373006814 -0.047473857179284089 0.29478286206722265 0.73742666840553295 -0.62180420756340016 0.17670965194702151
decision_type=2 2 2 2 2 2 2 2 2 2 2 2 2 2 2 2 2 2 2 2 2 2 2 2 2 2 2 2 2 2 2 2 2 2 2 2 2 2 2
left_child=1 6 3 7 5 -5 -1 8 9 -3 11 35 -12 14 -14 -8 17 18 19 28 -21 23 -11 -15 25 36 -27 -26 29 30 31 32 37 -31 -35 -10 -25 -17 -39
right_child=-2 2 -4 4 -6 -7 15 -9 10 22 12 -13 13 21 -16 16 -18 -19 -20 20 -22 -23 -24 24 27 26 -28 -29 -30 33 -32 -33 -34 34 -36 -37 -38 38 -40
leaf_value=1.0448637175559998 1.4771619260311128 1.9268277037143708 1.5270285115242004 2.8532831929900029 -0.39027251477042835 -0.17865954328860556 -0.53582851504668205 0.88965013321666486 -0.40334450912475583 -0.20346816569566728 -0.24368746644261507 0.73020115076180769 -0.0068222782663291404 -0.18828557193279269 1.3441272410479459 -0.27751707475632431 0.47220797277987003 -0.28447123961091436 0.48343704864382747 0.99850026656873525 -0.24602394931846194 -0.38562816542883716 0.32812518730759621 0.12506812932816419 -0.33360917947720736 -0.06713145254179835 1.1503578126430511 0.19185970187187196 -0.23582870755828433 -0.26894235724681304 0.50225603653206707 0.47286807355426608 0.25154432212484296 0.41375503540039066 -0.15516930332621642 0.11337913040071726 -0.28011187980572383 0.021206732811799772 -0.2663949505736431
leaf_weight=20 24 20 25 27 48 21 39 21 25 55 248 34 21 150 22 80 20 151 24 20 36 48 20 44 64 20 23 20 231 171 21 21 29 20 113 20 30 142 48
leaf_count=20 24 20 25 27 48 21 39 21 25 55 248 34 21 150 22 80 20 151 24 20 36 48 20 44 64 20 23 20 231 171 21 21 29 20 113 20 30 142 48
internal_value=4.59399e-10 -0.0161733 0.0887403 0.0520866 0.568268 1.52681 -0.105164 -0.00390591 -0.0256243 0.35693 -0.0728839 0.215327 -0.105882 -0.0285611 0.684361 -0.12489 -0.11067 -0.1212 -0.0954117 -0.110318 0.198449 -0.105392 -0.0617099 -0.0670695 0.0233903 0.189874 0.584084 -0.208498 -0.130056 -0.0921748 -0.0123301 -0.0460999 -0.0825491 -0.181737 -0.0696168 -0.17369 -0.039194 -0.118433 -0.0514505
internal_weight=2216 2192 1006 981 96 48 1186 885 864 95 769 79 690 442 43 1166 1127 1107 956 932 56 399 75 351 201 117 43 84 876 645 341 320 299 304 133 45 74 270 190
internal_count=2216 2192 1006 981 96 48 1186 885 864 95 769 79 690 442 43 1166 1127 1107 956 932 56 399 75 351 201 117 43 84 876 645 341 320 299 304 133 45 74 270 190
is_linear=0
shrinkage=0.05


Tree=12
num_leaves=40
num_cat=0
split_feature=30 31 0 4 9 14 5 22 5 30 24 33 33 24 28 21 33 15 20 30 15 15 29 14 24 33 11 7 3 5 29 23 26 33 30 14 20 16 18
split_gain=19659.4 7520.07 17903.1 56927.1 9031.93 40060 38304.5 9329.76 9009.75 6009.83 2527.48 3457.98 4484.64 11777.2 3107.08 5725.08 3831.02 5996.09 20266.5 6060.91 2304.86 5138.3 7691.48 1686.25 2077.81 1533.3 1653.71 1354.8 1190.32 1123.41 1356.02 1104.37 4811.44 1053.24 2392.1 1039.32 969.65 917.55 1803.94
threshold=-2.4608415365219112 -0.74593421816825856 -0.66076958179473866 -0.81157422065734852 1.2217946052551272 1.5510139465332033 0.068988487124443068 -1.6769025325775144 3.3049092292785649 1.158700227737427 0.68737670779228222 -0.047458624467253678 -0.047462873160839074 -0.66599541902542103 -0.44768442213535303 -0.53193402290344227 -0.047476394101977341 -0.19662933796644208 -0.27517691254615778 -0.18065495789051053 0.053082352504134185 0.2545489519834519 0.04523908160626889 0.054596081376075752 -0.067145887762308107 -0.047472553327679627 0.098078642040491118 0.57722875475883495 -0.45464384555816645 -0.13407536596059796 -0.1960262060165405 -0.35094870626926417 -0.47881220281124109 -0.047488616779446595 -0.16912008821964261 0.068150136619806304 1.5671526193618777 -1.4022930264472959 -1.3406347036361692
decision_type=2 2 2 2 2 2 2 2 2 2 2 2 2 2 2 2 2 2 2 2 2 2 2 2 2 2 2 2 2 2 2 2 2 2 2 2 2 2 2
left_child=-1 23 3 -3 7 6 -6 -4 9 10 11 12 14 -14 27 -16 20 18 -18 -19 -17 22 -22 24 31 26 -21 -9 -5 30 -7 32 33 34 -2 -27 -25 -13 -39
right_child=1 2 4 28 5 29 -8 8 -10 -11 -12 37 13 -15 15 16 17 19 -20 25 21 -23 -24 36 -26 35 -28 -29 -30 -31 -32 -33 -34 -35 -36 -37 -38 38 -40
leaf_value=1.3668010454911452 0.45846702814102169 2.8708313949730089 0.80720353508368137 0.13832647049346486 0.0091382255156834923 0.20849788874387742 2.9057758428454399 -0.23613289926635425 0.92454871755579249 0.76554149218967993 -0.26161661518935386 -0.38868384024158859 1.1749212760616232 -0.26449462826053305 0.85123609639704234 -0.306407646710674 -0.14973188322601896 0.71594957296664896 1.8673581749200823 0.38071199854214988 -0.088435852130254122 -0.16192960155736885 1.1774199668876828 -0.30744376676766394 0.33366829626835309 -0.36874451062135533 -0.1400976221050535 0.18525659952844895 -0.30828190207481387 -0.48562304774920151 -0.32666661204962899 -0.2905772469109959 0.50395688972165509 -0.23644172738063826 -0.2141045144162117 -0.036267051920294766 -0.030235176040111361 0.24941282324168995 -0.22128819737393979
leaf_weight=26 20 23 32 37 21 20 25 208 23 21 179 61 27 30 20 111 33 26 20 27 30 162 20 214 26 57 35 21 25 33 29 81 31 146 39 40 37 23 177
leaf_count=26 20 23 32 37 21 20 25 208 23 21 179 61 27 30 20 111 33 26 20 27 30 162 20 214 26 57 35 21 25 33 29 81 31 146 39 40 37 23 177
internal_value=1.72435e-09 -0.0162269 0.0402975 0.746355 0.000578846 0.402401 1.5834 -0.0366108 -0.0565975 -0.0735903 -0.0870729 -0.0593749 -0.0113421 0.417334 -0.0415082 0.0199718 -0.00966334 0.142552 0.611434 0.00822366 -0.121822 -0.0251758 0.417906 -0.1681 -0.0960348 -0.107505 0.0867066 -0.19749 -0.0417576 -0.260109 -0.108232 -0.131279 -0.0766041 -0.164396 0.0138858 -0.23164 -0.26658 -0.218932 -0.167158
internal_weight=2216 2190 1596 85 1511 128 46 1383 1351 1328 1307 1128 867 57 810 581 561 238 53 185 323 212 50 594 343 159 62 229 62 82 49 317 236 205 59 97 251 261 200
internal_count=2216 2190 1596 85 1511 128 46 1383 1351 1328 1307 1128 867 57 810 581 561 238 53 185 323 212 50 594 343 159 62 229 62 82 49 317 236 205 59 97 251 261 200
is_linear=0
shrinkage=0.05


Tree=13
num_leaves=40
num_cat=0
split_feature=29 31 0 4 9 14 5 5 22 31 24 30 28 22 29 29 5 22 30 30 7 28 19 13 14 24 23 26 5 5 30 30 28 9 31 0 5 29 5
split_gain=18433.3 7382.44 15479.3 47806.1 8005.29 36154.2 34569.8 8177.02 9211.55 4323.22 13230.2 2983.06 2759.88 4514.29 3283.78 14884.6 5187.41 3792.87 3331.74 2742.81 4728.56 7244.97 1886.25 1643.04 2029.66 1600.31 1561.86 3638.63 1560.86 1894.13 1479.18 1458.18 1151.17 1036.38 1031.88 1939.67 1013.88 1223.81 964.91
threshold=3.2934920787811284 -0.74593421816825856 -0.66076958179473866 -0.81157422065734852 1.2217946052551272 1.5510139465332033 0.068988487124443068 3.5429087877273564 -1.6769025325775144 -0.57379686832427967 -0.058149090036749833 0.51504388451576244 -0.7546834647655486 0.48771651089191442 -0.44785918295383448 -0.52172148227691639 0.47402445971965795 0.42736293375492101 -0.5895777940750121 0.098575331270694747 -0.55014747381210316 -0.44768442213535303 0.19644626975059512 -1.2982046604156492 0.054596081376075752 -0.074052050709724412 -0.35094870626926417 -0.47881220281124109 0.30262109637260443 -0.08385527133941649 0.83155819773674022 -0.29523576796054835 0.4051686972379685 -0.61022239923477162 0.021316821686923507 0.51938891410827648 -0.13407536596059796 -0.1960262060165405 1.1476287245750429
decision_type=2 2 2 2 2 2 2 2 2 2 2 2 2 2 2 2 2 2 2 2 2 2 2 2 2 2 2 2 2 2 2 2 2 2 2 2 2 2 2
left_child=1 23 3 -3 7 6 -6 8 -4 10 -10 12 -11 14 15 16 -14 18 -16 22 21 -21 -20 -1 25 26 27 31 29 -13 -30 -25 -5 -33 -22 -36 37 -7 -15
right_child=-2 2 4 32 5 36 -8 -9 9 11 -12 28 13 38 17 -17 -18 -19 19 20 34 -23 -24 24 -26 -27 -28 -29 30 -31 -32 33 -34 -35 35 -37 -38 -39 -40
leaf_value=-0.48700325513208242 1.3781652132670086 2.5885367924968405 0.79233440607786187 -0.21089090540220867 0.0086813110680807205 0.19807300284504892 2.7604871344566346 0.97251208305358894 -0.27044950079705038 -0.21395628763404156 1.0913348561333072 -0.28036609816643382 -0.27622422024485521 -0.15003248821926174 0.52261624886439406 1.299657651569162 0.57895954990386966 0.6752236877381802 -0.25195131438473861 -0.27429145994511517 -0.21631692819399376 0.87149116453286768 0.18919884626354491 0.17069450777930184 -0.24945150874182584 0.3094202510184712 -0.28090823822887617 0.4787590349874189 -0.2887391272328656 0.25403440609574318 -0.85606556057929994 -0.24874003364712791 0.23143060246948155 0.096063707492969663 0.33985849434838578 -0.11542044794062774 -0.46134189620162502 -0.31033327579498293 -0.40764931379394098
leaf_weight=37 24 24 32 38 21 20 25 20 42 225 31 97 61 209 26 28 25 20 180 22 73 37 28 37 250 27 80 31 27 20 20 113 24 27 34 75 33 29 44
leaf_count=37 24 24 32 38 21 20 25 20 42 225 31 97 61 209 26 28 25 20 180 22 73 37 28 37 250 27 80 31 27 20 20 113 24 27 34 75 33 29 44
internal_value=7.67396e-10 -0.0150894 0.0413717 0.693783 0.00406626 0.382281 1.50423 -0.0311165 -0.0459193 -0.0661792 0.307842 -0.0880046 -0.0580144 -0.0173104 0.0564398 0.298375 -0.0276243 0.00072143 -0.0276787 -0.0595443 0.0552626 0.44425 -0.192566 -0.164214 -0.143076 -0.0586508 -0.0931574 -0.0209456 -0.286781 -0.189016 -0.530155 -0.108464 -0.0396697 -0.182242 -0.0708378 0.0265932 -0.247104 -0.102821 -0.194835
internal_weight=2216 2192 1590 86 1504 128 46 1376 1356 1324 73 1251 1087 862 609 114 86 495 475 449 241 59 208 602 565 315 288 208 164 117 47 177 62 140 182 109 82 49 253
internal_count=2216 2192 1590 86 1504 128 46 1376 1356 1324 73 1251 1087 862 609 114 86 495 475 449 241 59 208 602 565 315 288 208 164 117 47 177 62 140 182 109 82 49 253
is_linear=0
shrinkage=0.05


Tree=14
num_leaves=40
num_cat=0
split_feature=30 23 23 4 4 4 22 30 30 18 18 26 9 10 21 27 4 3 0 27 27 7 7 21 16 15 16 30 26 18 5 14 9 28 22 17 7 26 30
split_gain=17249.6 6219.95 49061.6 20236.3 35044.1 7553.61 6731.87 5570.3 4026.81 2786.28 13579.5 3243.4 4008.77 9772.21 17547.9 9980.66 3746.44 5392.83 4199.67 2568.57 5140.92 2506.49 4285.25 2677.06 4026.53 1856.87 1799.5 1291.56 1990.89 4348.51 1057.76 1022.99 986.435 959.18 1372.03 3224.07 916.681 1528.14 913.687
threshold=-2.4608415365219112 1.0580972433090212 1.1383608579635622 0.58816099166870128 1.1426454782485964 2.1403487920761113 -1.6769025325775144 1.3463437557220461 1.0567454695701601 0.36480028927326208 0.33750607073307043 -0.96746560931205738 -0.26567928493022913 -0.40775510668754572 -0.64897304773330677 0.50214657187461864 -1.0322614908218382 0.8902902901172639 -1.1007801890373228 1.3749015927314761 1.8008155822753908 0.10770492255687715 0.14599382877349856 -0.0067854186054319135 1.0000000180025095e-35 1.8629074692726137 0.2345492094755173 0.08492045104503633 -0.56669974327087391 -0.59442287683486927 0.33974029123783117 -0.76226675510406483 -0.79221186041831959 -0.93786162137985218 -1.4895985722541807 -1.3745294809341428 -0.41199788451194758 -0.35743106901645655 0.23403161019086841
decision_type=2 2 2 2 2 2 2 2 2 2 2 2 2 2 2 2 2 2 2 2 2 2 2 2 2 2 2 2 2 2 2 2 2 2 2 2 2 2 2
left_child=-1 5 -3 30 -5 6 -2 8 9 10 11 33 13 16 -15 36 17 18 -13 27 -21 -14 -23 -24 -25 -11 -26 31 29 32 38 -18 -29 34 -8 -36 -16 -38 -4
right_child=1 2 3 4 -6 -7 7 -9 -10 25 -12 12 21 14 15 -17 19 -19 -20 20 -22 22 23 24 26 -27 -28 28 -30 -31 -32 -33 -34 -35 35 -37 37 -39 -40
leaf_value=1.2802957553129932 0.62105909505238133 2.3684911460926137 -0.34275001788387699 2.3699025343764912 -0.11455592658370733 0.89726275308501158 -0.28054323111075996 0.74056066217876626 -0.7668080280224483 -0.14886698870835688 1.0988103381716288 0.55807255804538725 -0.2324844506920361 1.8286116983368992 -0.37945158688918407 0.96923376346627865 -0.08076776565384057 0.98448778823018079 -0.28677073191655311 0.81489745183360007 -0.29146118873641608 0.69613913759589208 -0.23720946730468917 0.6673766812086106 -0.30236030302416439 -0.59092980766296388 0.17494617916643621 0.042638296657992951 -0.30298420644054813 0.57584953584497978 -0.53767377944553596 -0.33924367174916314 -0.36305698413273385 -0.33227187928818919 0.54119287558964324 -0.16636025487728742 -0.32548615962266925 0.25115205250956396 -0.082169154054317323
leaf_weight=26 36 24 75 22 40 21 86 21 21 477 26 24 244 20 23 30 59 20 38 21 21 20 113 25 39 25 40 31 48 31 34 109 29 99 21 69 20 27 61
leaf_count=26 36 24 75 22 40 21 86 21 21 477 26 24 244 20 23 30 59 20 38 21 21 20 113 25 39 25 40 31 48 31 34 109 29 99 21 69 20 27 61
internal_value=-8.90346e-11 -0.0151999 0.216406 -0.00622353 0.767026 -0.0458571 -0.0562102 -0.0691999 -0.0783621 -0.0704834 -0.0326739 -0.0551824 -0.0145232 0.0775499 0.47661 0.20621 -0.0335574 0.270564 0.0402654 -0.105013 0.261718 -0.119996 -0.00418428 -0.0687302 0.114329 -0.170882 -0.0606861 -0.155184 -0.0424372 0.0949942 -0.288232 -0.248469 -0.153448 -0.207765 -0.13773 -0.00126452 -0.1208 0.00577409 -0.225872
internal_weight=2216 2190 256 232 62 1934 1913 1877 1856 1835 1333 1307 1032 551 120 100 431 82 62 349 42 481 237 217 104 502 79 307 139 91 170 168 60 275 176 90 70 47 136
internal_count=2216 2190 256 232 62 1934 1913 1877 1856 1835 1333 1307 1032 551 120 100 431 82 62 349 42 481 237 217 104 502 79 307 139 91 170 168 60 275 176 90 70 47 136
is_linear=0
shrinkage=0.05


Tree=15
num_leaves=40
num_cat=0
split_feature=29 21 19 5 30 16 5 5 24 12 31 4 3 27 4 30 2 20 19 3 30 0 29 29 4 33 5 27 27 10 30 9 28 11 18 20 28 3 5
split_gain=16024 7365.96 23321.6 8395.43 23933.9 11674.7 7977.9 6429.71 7441.42 3292.37 2123.13 6751.09 3662.48 3513.65 4609.13 3071.6 2181.6 2111.08 7990.15 3256.95 2747.93 2263.13 2634.73 2009.35 1235.31 1435.28 1671.34 978.77 2198.7 2061.65 768.436 1357.7 706.272 4564.19 701.806 676.588 767.937 632.581 763.666
threshold=3.2934920787811284 -1.6710991859436033 -1.5992504954338072 -0.35242359340190882 1.0098809599876406 1.840181350708008 -0.32840529084205622 3.3049092292785649 1.5304850935935976 1.0579511523246767 1.0000000180025095e-35 -1.0371792912483213 -0.82257151603698719 0.17511215806007388 1.7450786828994753 0.020251503214240078 2.2576968073844914 -0.10507600754499434 1.0000000180025095e-35 -0.41743767261505121 -0.017276935279369351 0.86638915538787853 -0.28949162364006037 -0.88827767968177784 -0.26139283180236811 -0.047474030405282967 0.31572198867797857 0.064031258225440993 -0.013289313763380049 -0.32054285705089564 0.38225501775741583 0.37274707853794103 -0.14348310977220533 0.43428628146648413 0.96812066435813915 -0.29294894635677332 0.026401240378618244 0.023524343967437748 -0.41356109082698816
decision_type=2 2 2 2 2 2 2 2 2 2 2 2 2 2 2 2 2 2 2 2 2 2 2 2 2 2 2 2 2 2 2 2 2 2 2 2 2 2 2
left_child=1 -1 -3 10 5 6 -5 8 9 17 16 -12 13 35 15 -15 27 23 -19 -20 21 22 -21 -8 25 -25 -27 28 32 -30 -22 -32 -4 -34 -14 -13 -37 38 -29
right_child=-2 2 3 4 -6 -7 7 -9 -10 -11 11 12 34 14 -16 -17 -18 18 19 20 30 -23 -24 24 -26 26 -28 37 29 -31 31 -33 33 -35 -36 36 -38 -39 -40
leaf_value=-0.66202928652597037 1.2849489271640779 1.61847956830805 -0.18728417810551001 0.91664893074582021 1.692276122259057 0.92653766644967561 0.31300485372543335 0.83421965729106562 0.76754267705338342 -0.49830469227418672 0.84987388876351444 -0.26987249950567882 -0.24872647721493088 -0.25641951958338421 1.0403767895698548 0.58257277399301532 0.22794760591105412 0.73624447666500747 0.42648624847916994 -0.02012345314025879 -0.25752920564677984 -0.17196562105211721 0.7645573861573054 -0.18316104773432018 -0.24823515351551273 -0.079079757325668298 0.40360214322291577 -0.22111743681406756 0.60062124256044624 -0.086736235581338417 -0.24642068629036659 0.25721249178699823 0.44818811102167655 -0.23180097642872069 -0.0083293297573139788 0.25456405830654233 -0.12455528694588472 -0.46168725085258483 0.070883630464474365
leaf_weight=43 24 22 299 24 23 37 25 22 28 41 22 30 151 24 20 20 38 38 34 20 135 29 23 100 168 47 29 334 20 24 32 23 34 90 38 22 34 25 24
leaf_count=43 24 22 299 24 23 37 25 22 28 41 22 30 151 24 20 20 38 38 34 20 135 29 23 100 168 47 29 334 20 24 32 23 34 90 38 22 34 25 24
internal_value=-3.74255e-09 -0.0140688 -0.00110355 -0.0178552 0.100624 0.0578075 0.0185128 -0.00863487 -0.032654 -0.062769 -0.101142 0.00110053 -0.0539821 0.130495 0.411014 0.124941 -0.142706 -0.0373679 0.0537041 -0.0339194 -0.0936667 0.16938 0.39959 -0.119802 -0.151256 -0.058684 0.105101 -0.159277 -0.110687 0.225699 -0.193347 -0.0358104 -0.145678 -0.0453524 -0.200393 -0.0782633 0.0243845 -0.218523 -0.201542
internal_weight=2216 2192 2149 2127 878 855 818 794 772 744 1249 361 339 150 64 44 888 703 334 296 262 72 43 369 344 176 76 850 467 44 190 55 423 124 189 86 56 383 358
internal_count=2216 2192 2149 2127 878 855 818 794 772 744 1249 361 339 150 64 44 888 703 334 296 262 72 43 369 344 176 76 850 467 44 190 55 423 124 189 86 56 383 358
is_linear=0
shrinkage=0.05


Tree=16
num_leaves=40
num_cat=0
split_feature=30 8 22 30 33 5 15 7 24 17 31 4 30 9 7 11 5 6 6 14 27 28 29 19 4 8 13 12 5 16 27 8 22 30 29 5 20 19 33
split_gain=15628.1 6399.96 23024 8492.7 46045.6 5326.09 21222 6105.83 30207.2 44371.5 4552.48 4742.37 9677.01 14242.4 3635.52 10723.2 36277.6 3990.75 6311.43 3280.63 6508.07 3175.7 2285.73 2000.48 2173.96 1877.25 5095.24 4551.77 1806.04 1757.87 1981.53 1519.16 1290.74 1103.28 1101.56 806.142 752.419 1835.04 721.824
threshold=-2.4608415365219112 -1.2785375714302061 -1.6634678840637205 1.0098809599876406 -0.047479992732405656 -0.096956163644790636 1.8629074692726137 1.1276233196258547 0.9187980890274049 0.72464904189109813 0.97795489430427562 0.1197384111583233 0.13834507763385775 -0.36709570884704584 -0.35899424552917475 -0.46645146608352656 -0.38735930621623987 2.2832190990448002 3.1649718284606938 0.15047965198755267 0.1107570491731167 -1.3693305850028989 1.1304740905761721 -0.58301496505737294 -1.0224258303642271 -0.63483852148056019 -0.57643339037895192 -0.6477123200893401 2.941359400749207 0.059406541287899024 -0.099173549562692628 1.2154778838157656 0.19179907441139224 -0.11439772695302962 0.20255824923515323 -0.28473563492298121 -0.063091794028878198 0.013033793773502113 -0.047455744817852967
decision_type=2 2 2 2 2 2 2 2 2 2 2 2 2 2 2 2 2 2 2 2 2 2 2 2 2 2 2 2 2 2 2 2 2 2 2 2 2 2 2
left_child=-1 21 -3 5 -5 14 7 8 10 -10 11 19 13 -13 15 22 29 35 -19 23 32 -2 25 24 -7 33 27 -27 -12 30 -17 -9 -21 34 38 36 -16 -38 -4
right_child=1 2 3 4 -6 6 -8 31 9 -11 28 12 -14 -15 17 16 -18 18 -20 20 -22 -23 -24 -25 -26 26 -28 -29 -30 -31 -32 -33 -34 -35 -36 -37 37 -39 -40
leaf_value=1.2186331620583168 -0.94465420608935158 1.6908941167593003 -0.069998204007744799 2.4363236709125342 -0.84401923780855936 0.50355703894048931 1.5829486245694369 -0.081516022682189937 3.0844613365083937 -0.10434133792296052 -0.17943450111643713 -0.11225617610849442 -0.21237373790570668 1.662499950023798 -0.24495148493318691 -0.11987613062063854 2.3944800598698204 0.97314938439056287 -0.25409844991835684 0.25105545327067375 0.96157434608625325 -0.25363595651462678 0.31696902278697858 -0.27628480772177383 -0.083137332121531182 -0.0046598706642786659 -0.28416592965148529 0.91916781403124337 -0.67838693601744515 -0.39272953825337548 0.4969794611891975 -0.61304872791941578 -0.27106878891073427 -0.25226442150732614 0.16004802936162704 -0.31143065376594414 0.2370505904609507 -0.14698405659747246 -0.42541229456663132
leaf_weight=26 23 20 50 20 23 20 23 20 20 24 133 20 35 26 169 30 20 20 22 20 23 60 33 105 75 30 53 24 21 21 23 41 29 191 39 89 33 542 20
leaf_count=26 23 20 50 20 23 20 23 20 20 24 133 20 35 26 169 30 20 20 22 20 23 60 33 105 75 30 53 24 21 21 23 41 29 191 39 89 33 542 20
internal_value=8.08509e-10 -0.0144678 0.00249679 -0.0136833 0.681722 -0.0283127 0.0919144 0.0358789 0.0884268 1.34511 -0.0206348 0.0783259 0.414158 0.890867 -0.082496 0.020313 0.505069 -0.145239 0.330305 -0.0216829 0.267727 -0.445123 -0.0832486 -0.12587 0.0403773 -0.115699 0.0641069 0.40593 -0.247473 -0.00558212 0.147816 -0.438776 -0.0579569 -0.179829 -0.0529017 -0.169216 -0.152204 -0.124944 -0.171545
internal_weight=2216 2190 2107 2087 43 2044 635 612 551 44 507 353 81 46 1409 534 94 875 42 272 72 83 440 200 95 407 107 54 154 74 53 61 49 300 109 833 744 575 70
internal_count=2216 2190 2107 2087 43 2044 635 612 551 44 507 353 81 46 1409 534 94 875 42 272 72 83 440 200 95 407 107 54 154 74 53 61 49 300 109 833 744 575 70
is_linear=0
shrinkage=0.05


Tree=17
num_leaves=40
num_cat=0
split_feature=29 21 19 5 30 16 5 0 24 11 0 4 20 13 3 31 4 3 27 22 21 2 0 33 7 30 27 27 9 33 3 16 29 6 6 28 11 5 18
split_gain=14409.9 7127.59 20341.5 7159.12 21820.2 9490.88 6966.01 6284.94 6316.77 3269.36 2212.3 7835.3 3519.09 12085.2 3444.74 1946.12 6070.83 3276.46 3245.21 4381.99 8647.96 1994.73 1266.19 1852.33 1208.29 931.815 1080.07 2252.98 1525.54 799.846 795.992 1246.7 1182.33 683.886 929.939 662.45 3994.01 658.461 643.476
threshold=3.2934920787811284 -1.6710991859436033 -1.5992504954338072 -0.35242359340190882 1.0098809599876406 1.840181350708008 -0.32840529084205622 2.7512800693511967 1.5304850935935976 1.1336319446563723 0.86638915538787853 0.40312792360782629 -0.10507600754499434 -0.18263299018144605 -0.42432770133018488 1.0000000180025095e-35 -1.0371792912483213 -0.82257151603698719 0.17511215806007388 -0.42892540991306299 0.39730425179004675 2.2576968073844914 -0.086251690983772264 -0.047480942681431763 0.59595096111297619 0.83155819773674022 0.064031258225440993 -0.013289313763380049 -0.28858751058578486 -0.047479422762989991 1.14246541261673 -0.56093078851699818 0.66201218962669384 0.72375559806823742 0.064991626888513579 -0.14348310977220533 0.3163351714611054 2.5832682847976689 0.96812066435813915
decision_type=2 2 2 2 2 2 2 2 2 2 2 2 2 2 2 2 2 2 2 2 2 2 2 2 2 2 2 2 2 2 2 2 2 2 2 2 2 2 2
left_child=1 -1 -3 15 5 6 -5 8 9 10 11 12 30 -14 -15 21 -17 18 33 -20 -21 25 -16 -24 37 26 27 35 -29 -25 32 -32 -8 34 -18 -4 -37 -12 -19
right_child=-2 2 3 4 -6 -7 7 -9 -10 -11 24 -13 13 14 22 16 17 38 19 20 -22 -23 23 29 -26 -27 -28 28 -30 -31 31 -33 -34 -35 -36 36 -38 -39 -40
leaf_value=-0.65073097091774612 1.2185145338376364 1.5119818130677398 -0.16421979645149098 0.85611144540210571 1.6129239341487054 0.83557156743230054 -0.22089007093636104 0.84497089400177916 0.69227127576696468 -0.50554113235229103 -0.20316777580207393 0.8443531140133187 1.0364270456375615 0.43476341926690304 -0.29379224022003742 0.80962101248177609 -0.12422825470566751 -0.23225063479116917 -0.19543888909476145 1.3784883117811246 -0.040047134671892443 0.22148722488629191 0.41890707165002827 -0.38495638200214932 0.14307122768267341 -0.42732820880824129 -0.20241407139484233 0.5776986807584763 -0.025666211545467377 -0.014985651926447949 0.31748512079092595 -0.22795784056186674 0.096416932519744425 -0.25679134586825969 0.30544639468193058 0.53831726312637329 -0.17044215968416371 -0.50592791494869049 -0.002060509316231075
leaf_weight=43 24 22 288 24 23 37 215 21 29 39 124 27 31 33 66 22 34 151 21 22 21 38 20 21 23 29 369 20 22 48 22 20 34 32 20 25 97 21 38
leaf_count=43 24 22 288 24 23 37 215 21 29 39 124 27 31 33 66 22 34 151 21 22 21 38 20 21 23 29 369 20 22 48 22 20 34 32 20 25 97 21 38
internal_value=-5.15789e-10 -0.0133414 -0.000587677 -0.0162325 0.0931758 0.0522937 0.0168642 -0.00850346 -0.0316897 -0.0599086 -0.0352566 0.0142845 -0.0296604 0.121739 -0.029087 -0.0931424 0.00474487 -0.047489 0.126996 0.396587 0.685715 -0.132937 -0.127842 -0.00477813 -0.193611 -0.148781 -0.138942 -0.087126 0.26165 -0.127585 -0.1436 0.0577504 -0.177563 -0.0736297 0.0349105 -0.122854 -0.0252046 -0.247016 -0.185969
internal_weight=2216 2192 2149 2127 878 855 818 794 773 744 705 537 510 219 188 1249 361 339 150 64 43 888 155 89 168 850 821 452 42 69 291 42 249 86 54 410 122 145 189
internal_count=2216 2192 2149 2127 878 855 818 794 773 744 705 537 510 219 188 1249 361 339 150 64 43 888 155 89 168 850 821 452 42 69 291 42 249 86 54 410 122 145 189
is_linear=0
shrinkage=0.05


Tree=18
num_leaves=40
num_cat=0
split_feature=30 27 28 30 6 4 17 33 8 21 25 24 30 10 15 29 21 25 31 30 5 23 20 20 27 27 15 18 18 8 8 27 5 22 14 13 30 6 8
split_gain=14175.5 5965.46 32769.3 13885.4 11835.8 6297.88 5855.26 4867.06 3984.58 3215.31 14933.6 2329.19 6708.96 12564.9 8848.65 2661.66 2214.55 4550.99 1820.94 1802.8 1783.85 1657.25 2609.7 13389.9 3292.28 2717.97 2369.51 1333.93 5640.5 1603.12 4151.71 1298.67 1167.68 1154.65 1130.95 1740.49 1024.99 3163.16 1009.62
threshold=-2.4608415365219112 0.25011114776134497 1.6180556416511538 1.0098809599876406 2.872025847434998 2.1053092479705815 -1.578935921192169 -0.04742735251784324 0.95140758156776439 0.63795420527458202 0.5718405842781068 -0.26160989701747889 0.12425576522946359 -0.37865266203880305 -0.60947853326797474 0.62293955683708202 1.0000000180025095e-35 0.02248369995504618 0.69531184434890758 1.0567454695701601 -0.22905685007572171 -0.96705266833305348 0.13133033365011218 0.042302111163735397 0.54337596893310558 0.62084874510765087 -0.64853414893150318 0.36480028927326208 0.309879019856453 0.27343381941318518 0.46871942281723028 1.3749015927314761 0.09737375378608705 0.21679680049419406 0.010865379124879839 0.062517158687114729 -0.022778732702136036 -0.4392834603786468 1.0467331409454348
decision_type=2 2 2 2 2 2 2 2 2 2 2 2 2 2 2 2 2 2 2 2 2 2 2 2 2 2 2 2 2 2 2 2 2 2 2 2 2 2 2
left_child=-1 2 3 4 5 6 -2 9 19 10 11 12 15 14 -14 18 -13 -18 -8 21 -10 -3 23 24 -23 -26 -27 28 29 -19 -31 -28 -11 -32 -24 -36 37 -37 -34
right_child=1 8 -4 -5 -6 -7 7 -9 20 32 -12 16 13 -15 -16 -17 17 27 -20 -21 -22 22 34 -25 25 26 31 -29 -30 30 33 -33 38 -35 35 36 -38 -39 -40
leaf_value=1.1606197852354785 -0.60138045283763308 -0.25946426427882652 1.8411623983383181 1.0611826153532151 0.89862962893077314 0.78733935148819634 -0.19253977091519486 0.67814797361691792 -0.27793706059455875 -0.13279546932834718 1.3189877376669932 -0.20074693654155867 -0.13983648565116821 1.158999319076538 0.9988056803033466 0.32550450528369235 0.7086659983510063 -0.28663730030098272 0.285265588760376 -0.55584425131479909 -0.94574177742004406 -0.28569098223178163 -0.23703548362209173 1.2816019973584585 0.65141376484185454 0.51278036057949072 -0.20662901911771661 -0.20004071481525898 0.69217378828260634 0.65352976336365654 -0.35943710009257002 0.2050006248332836 -0.19149776330670798 0.11483191695241701 0.37254705230395002 0.54327890858763739 -0.17931425672109802 -0.30547769328822261 -0.56892893489669349
leaf_weight=26 46 115 25 31 35 23 213 24 20 180 21 264 91 35 21 34 21 62 22 21 20 84 159 21 20 20 66 100 27 21 33 27 37 21 21 21 131 23 34
leaf_count=26 46 115 25 31 35 23 213 24 20 180 21 264 91 35 21 34 21 62 22 21 20 84 159 21 20 20 66 100 27 21 33 27 37 21 21 21 131 23 34
internal_value=-2.26972e-09 -0.013779 0.0469275 0.0147958 -0.00896826 -0.0328524 -0.0472858 -0.027073 -0.125956 -0.0407555 -8.35532e-05 -0.0287887 0.060449 0.332073 0.0736589 -0.087985 -0.0964079 0.000243036 -0.147809 -0.0992957 -0.611839 -0.085754 -0.0520666 0.0760377 -0.0406298 0.114146 0.0190541 -0.0561088 0.0316546 -0.0985207 0.0569889 -0.0871236 -0.200527 -0.174999 -0.137951 -0.0575705 -0.109185 0.0996107 -0.372239
internal_weight=2216 2190 1421 1396 1365 1330 1307 1261 769 1237 986 965 416 147 112 269 549 285 235 729 40 708 593 238 217 133 113 264 164 137 75 93 251 54 355 196 175 44 71
internal_count=2216 2190 1421 1396 1365 1330 1307 1261 769 1237 986 965 416 147 112 269 549 285 235 729 40 708 593 238 217 133 113 264 164 137 75 93 251 54 355 196 175 44 71
is_linear=0
shrinkage=0.05


Tree=19
num_leaves=40
num_cat=0
split_feature=30 8 22 5 30 16 5 24 4 28 11 3 3 5 0 4 27 27 31 30 29 30 33 4 4 30 6 22 15 5 33 6 22 4 0 7 18 18 33
split_gain=12793.4 5899.88 20606.1 6619.38 20930.9 8661.65 6413.22 5391.65 5741.56 2822.53 2796.12 2164.45 5463.45 2042.61 2984.2 8431.48 2514.89 5813.47 2932.66 2659.19 9422.25 1773.82 1821.49 3084.25 8399.41 5063.01 2256.06 2169.65 3046.54 1429.94 1184.72 1094.79 1328.86 1814.3 3352.4 1075.82 985.969 3843.23 1188.79
threshold=-2.4608415365219112 -1.2785375714302061 -1.6634678840637205 -0.35242359340190882 1.0098809599876406 1.840181350708008 -0.32840529084205622 1.5304850935935976 1.949168384075165 -1.3693305850028989 1.1336319446563723 -0.62551662325859059 -0.57039636373519886 -0.17556152492761609 0.86638915538787853 0.40312792360782629 0.78191867470741283 0.48457282781600958 -0.62698334455490101 0.12425576522946359 -0.333697959780693 0.56768128275871288 -0.047476824373006814 1.9706838726997378 1.7844213247299197 0.2988771945238114 0.95694646239280712 -0.78114119172096241 -0.44541171193122858 -0.57513877749443043 -0.047482512891292565 -0.23815640062093732 0.51057514548301708 -0.56506836414337147 -0.43468284606933588 0.59595096111297619 0.054797286167740829 -0.1100424863398075 -0.047487670555710786
decision_type=2 2 2 2 2 2 2 2 2 2 2 2 2 2 2 2 2 2 2 2 2 2 2 2 2 2 2 2 2 2 2 2 2 2 2 2 2 2 2
left_child=-1 9 -3 21 5 6 -5 8 10 -2 11 -8 -13 -14 15 16 17 18 -15 -20 -21 22 31 24 25 26 27 29 -29 -24 -22 32 33 36 -35 -16 37 38 -4
right_child=1 2 3 4 -6 -7 7 -9 -10 -11 -12 12 13 14 35 -17 -18 -19 19 20 30 -23 23 -25 -26 -27 -28 28 -30 -31 -32 -33 -34 34 -36 -37 -38 -39 -40
leaf_value=1.1025889323307918 -0.89751386642456055 1.6004824429750444 0.019719435118493583 0.84257485925462905 1.6160705859010873 0.80195903906951083 -0.34012998870144101 0.6645620981167103 0.80573618136346337 -0.24605237298955518 -0.46486202432559093 0.78844758357320521 -0.25184420145582409 0.58958772577345375 -0.22587882333951034 1.0331008072603833 -0.28312800241567726 0.74202481647332519 -0.20661974839619865 1.087979538454896 0.26999136395752432 -0.26641709021022247 0.037349295050565466 -0.1796581119580089 1.0756399534219367 0.78716109137982126 -0.38708226184050243 0.78463173829019073 -0.050931827103098237 -0.44213419375212298 -0.15920477043383008 -0.18158787289659017 -0.1795691731626039 0.58481830637902021 -0.24038299841806296 0.14329142134798609 -0.20789711851822701 0.5258290710051855 -0.24629027702978679
leaf_weight=26 23 20 105 23 22 37 52 29 20 60 39 21 90 20 139 22 56 30 121 21 20 124 48 106 22 20 39 20 24 23 82 302 159 32 20 23 76 30 70
leaf_count=26 23 20 105 23 22 37 52 29 20 60 39 21 90 20 139 22 56 30 121 21 20 124 48 106 22 20 39 20 24 23 82 302 159 32 20 23 76 30 70
internal_value=1.86283e-09 -0.0130901 0.00319822 -0.0121088 0.0935214 0.053881 0.019625 -0.00448691 -0.0301515 -0.426578 -0.0528658 -0.029813 -0.00479514 -0.0314908 0.0056474 0.0836483 0.0239684 0.082463 0.00751277 -0.0401983 0.123517 -0.0871754 -0.0668963 0.0376201 0.155128 0.0387412 -0.0584562 0.0529909 0.32887 -0.117976 -0.0750487 -0.106649 -0.0606505 -0.00386955 0.267433 -0.173466 -0.054075 0.00295168 -0.0866844
internal_weight=2216 2190 2107 2087 867 845 808 785 756 83 736 697 645 624 534 372 350 294 264 244 123 1220 1096 302 196 174 154 115 44 71 102 794 492 333 52 162 281 205 175
internal_count=2216 2190 2107 2087 867 845 808 785 756 83 736 697 645 624 534 372 350 294 264 244 123 1220 1096 302 196 174 154 115 44 71 102 794 492 333 52 162 281 205 175
is_linear=0
shrinkage=0.05


Tree=20
num_leaves=40
num_cat=0
split_feature=29 22 19 3 31 27 7 5 13 5 30 23 29 29 6 29 9 31 30 33 9 9 12 13 5 5 24 18 29 28 17 33 29 18 27 24 14 7 29
split_gain=12522.1 7135.38 18025 6172.54 46680.6 83227.5 15243.2 39780.2 14195.3 6915.86 6905.27 3580.99 2044.82 6847.23 2017.35 2655.34 6069.98 3202.98 1586.16 2156.95 2896.89 6521.05 3068.51 2873.6 2227.18 1372.94 4524.23 1328.75 1225.86 2100.18 5521.49 9443.81 1735.55 1447.91 1495.81 1033.14 1002.43 2925.78 3614.67
threshold=3.2934920787811284 -1.6923955082893369 -1.5992504954338072 -0.27481402456760401 -0.57379686832427967 -0.19872929900884626 1.6315463185310366 0.12139206379652025 1.4338148832321169 3.179359078407288 0.95535138249397289 0.89250150322914135 -0.55690127611160267 -0.51274108886718739 -0.098241925239562974 -0.41597388684749598 0.46836832165718084 1.0000000180025095e-35 -0.058842945843935006 -0.047462342306971543 -0.26567928493022913 -0.4739317893981933 0.11038151755928995 0.54764944314956676 -0.49434994161128992 -0.11660750955343245 0.1912660747766495 1.420276999473572 0.24387346208095553 -0.40526863932609553 -0.1020272634923458 -0.047467187047004693 -0.26970542967319483 0.96812066435813915 -0.3254187256097793 1.0496073365211489 -0.33215774595737452 -0.66309869289398182 -0.11553847417235373
decision_type=2 2 2 2 2 2 2 2 2 2 2 2 2 2 2 2 2 2 2 2 2 2 2 2 2 2 2 2 2 2 2 2 2 2 2 2 2 2 2
left_child=1 -1 -3 12 5 -5 8 -8 9 10 11 18 -4 -14 15 16 -15 25 19 20 21 -6 -22 -24 -21 36 -27 35 29 -20 31 -31 -32 34 -34 -13 37 -17 -39
right_child=-2 2 3 4 6 -7 7 -9 -10 -11 -12 27 13 14 -16 17 -18 -19 28 24 22 -23 23 -25 -26 26 -28 -29 -30 30 32 -33 33 -35 -36 -37 -38 38 -40
leaf_value=-0.65017483644620633 1.1358956813812255 1.4241668914868075 -0.2675644809360771 4.0489552658796315 0.056872575335642876 -0.36124884900839432 2.5352099828422072 -0.61836806893348695 1.2767965781688693 0.76581155757109332 -0.99026971658070895 -0.4558631727051351 0.76823424001534779 0.77128423382838573 -0.20595884645122223 -0.17790598955133866 -0.27249939195238632 0.37489778844541627 -0.24164853459034041 0.34075659350270321 -0.2419643413786795 1.1946860387176277 0.74750549594561266 -0.089927754327654846 -0.24014852546252216 -0.16055114803754766 0.72515763101123631 -0.73985281175091155 -0.22613782287782316 1.1657845868514134 -0.27632892079847421 -0.16931298281307575 0.29672733274373142 0.31616279487498106 -0.16818676133766586 -0.0078453367406671696 -0.17476079696105362 -0.12651155589317734 0.52197727990292364
leaf_weight=43 24 22 144 20 34 23 20 20 20 24 21 31 24 30 261 145 26 38 98 21 51 20 21 20 77 46 21 21 124 26 76 27 22 32 81 22 354 44 42
leaf_count=43 24 22 144 20 34 23 20 20 20 24 21 31 24 30 261 145 26 38 98 21 51 20 21 20 77 46 21 21 124 26 76 27 22 32 81 22 354 44 42
internal_value=-1.21367e-09 -0.0124368 0.00032388 -0.0144032 0.0802246 1.69001 0.00407417 0.958421 -0.0398543 -0.0708708 -0.0952107 -0.0718323 -0.0910719 -0.0664211 -0.0863136 -0.0444538 0.28667 -0.0713277 -0.0382355 0.0657816 0.187577 0.478285 0.0169443 0.339001 -0.115669 -0.0973347 0.117059 -0.40326 -0.0904581 -0.0439821 0.0293941 0.485641 -0.0852081 0.0223858 -0.0688847 -0.269894 -0.121889 -0.0408651 0.190192
internal_weight=2216 2192 2149 2127 952 43 909 40 869 849 825 804 1175 1031 1007 746 56 690 730 244 146 54 92 41 98 652 67 74 486 362 264 53 211 135 103 53 585 231 86
internal_count=2216 2192 2149 2127 952 43 909 40 869 849 825 804 1175 1031 1007 746 56 690 730 244 146 54 92 41 98 652 67 74 486 362 264 53 211 135 103 53 585 231 86
is_linear=0
shrinkage=0.05


Tree=21
num_leaves=40
num_cat=0
split_feature=30 22 28 27 5 13 22 5 5 30 5 27 27 7 30 30 16 16 3 5 33 30 16 9 10 7 6 6 16 21 8 7 4 6 4 28 17 18 18
split_gain=11639.8 5402.78 5836.67 10396.7 6636.62 25424.3 63705.8 38186.2 10663.4 5210.59 3331.17 3180.98 2601.81 5687.96 2463.51 6549.46 2314.42 4576.87 4963.94 2278.1 2045.03 1886.49 1568.07 2782.82 5490.64 6101.7 1772.35 4789.85 1286.36 2501.46 1068.07 1000.63 888.532 804.158 1099.42 1492.38 3215.65 1488.45 4177.59
threshold=-2.4608415365219112 -1.6769025325775144 -1.3013150095939634 -1.1976896524429319 -0.30438698828220362 0.89478415250778209 0.64222413301467907 0.11047465354204179 -0.26945126056671137 0.9120679795742036 2.941359400749207 0.78191867470741283 0.50214657187461864 -0.30974212288856501 -0.15280977636575696 -0.10449956357479094 -0.14921985566616056 -0.061096316203474992 -0.14528142660856244 -0.36989144980907435 -0.04742735251784324 -0.84001702070236195 -0.86362808942794789 -0.49795934557914728 -0.57133969664573658 -0.53461477160453785 2.3458890914916997 3.2509608268737797 -0.65469375252723683 -0.72021713852882374 -1.2546208500862119 0.56310248374938976 -1.0298025608062742 -0.40721972286701197 -0.54416760802268971 0.89954209327697765 0.23283192515373233 0.054797286167740829 -0.095215529203414903
decision_type=2 2 2 2 2 2 2 2 2 2 2 2 2 2 2 2 2 2 2 2 2 2 2 2 2 2 2 2 2 2 2 2 2 2 2 2 2 2 2
left_child=-1 -2 30 -4 19 8 -7 -8 -6 10 11 12 14 -14 -10 -16 -17 -18 -19 20 21 -5 32 24 28 -26 33 -28 29 -24 -3 -20 -23 34 37 36 -36 38 -25
right_child=1 2 3 4 5 6 7 -9 9 -11 -12 -13 13 -15 15 16 17 18 31 -21 -22 22 23 26 25 -27 27 -29 -30 -31 -32 -33 -34 -35 35 -37 -38 -39 -40
leaf_value=1.051701545715332 0.59498881565199957 -0.68637585314837368 1.0311696525663139 0.40317668378353116 0.94736378943478616 2.8536701758924341 1.5534012375865132 -0.56200513172807409 -0.23476715365121531 -0.78994239705304314 -0.58153929180569119 -0.25657922935868621 0.98252969197082241 -0.11981144666671753 0.82738421914669191 -0.15735662362792277 0.83163639962673186 0.65960155714016699 -0.17366760037280621 -0.3358130691443072 0.41985011668432332 -0.40251311934911294 -0.11989375420155064 -0.14191530121161658 1.2469722886383534 0.040287312120199203 0.76983820445835593 -0.31134225101698015 -0.15489039120917347 0.59733244955539699 -0.29773671649603378 0.15146614986081278 -0.14937911321623967 -0.1679015788536059 -0.17796591453254224 -0.18752619016629002 0.68047394955841201 -0.20175856361280622 0.65074730393561453
leaf_weight=26 36 22 24 20 27 28 32 64 86 24 27 109 22 25 26 132 20 26 100 86 21 52 31 68 20 22 20 21 87 20 90 31 104 413 20 26 24 162 22
leaf_count=26 36 22 24 20 27 28 32 64 86 24 27 109 22 25 26 132 20 26 100 86 21 52 31 68 20 22 20 21 87 20 90 31 104 413 20 26 24 162 22
internal_value=-1.40325e-09 -0.012486 -0.0226387 -0.00336301 -0.0156667 0.098687 0.755188 0.14313 -0.0255971 -0.0674283 -0.0387191 -0.0133185 0.0433384 0.396178 0.00394774 0.0652298 0.00110027 0.119272 0.0285244 -0.0875646 -0.0690482 -0.0781179 -0.0867742 -0.0627896 0.114335 0.614899 -0.103875 0.216063 -0.038011 0.161371 -0.374077 -0.0967276 -0.233757 -0.121722 -0.0624917 0.112805 0.290274 -0.111185 0.0518467
internal_weight=2216 2190 2154 2042 2018 779 124 96 655 628 604 577 468 47 421 335 309 177 157 1239 1153 1132 1112 956 180 42 776 41 138 51 112 131 156 735 322 70 44 252 90
internal_count=2216 2190 2154 2042 2018 779 124 96 655 628 604 577 468 47 421 335 309 177 157 1239 1153 1132 1112 956 180 42 776 41 138 51 112 131 156 735 322 70 44 252 90
is_linear=0
shrinkage=0.05


Tree=22
num_leaves=40
num_cat=0
split_feature=29 21 19 3 31 29 7 5 13 0 30 23 30 5 5 29 29 6 2 15 3 22 19 8 3 7 29 20 16 0 28 29 4 18 8 7 15 5 6
split_gain=11151.5 7304.21 16318.1 5369.48 41814.5 75989.7 13924.3 35205.8 12431 6067.7 5791.74 2955.13 1884.93 1858.02 9817.82 1829.89 6072.47 1815.17 1722.72 1925.2 1679.92 1661.78 5990.77 1965.61 3695.22 1414.19 1191.56 1780.59 9464.47 2093.72 3260.08 1281.31 3074.63 1011.49 2574.34 998.639 1317.56 952.255 1728.35
threshold=3.2934920787811284 -1.6710991859436033 -1.5992504954338072 -0.27481402456760401 -0.57379686832427967 -0.028919111937284466 1.6315463185310366 0.12139206379652025 1.4338148832321169 2.9056415557861333 0.95535138249397289 0.89250150322914135 1.0567454695701601 1.1148765087127688 0.82119813561439525 -0.55690127611160267 -0.51274108886718739 0.7208407223224641 2.2576968073844914 -0.63112536072731007 0.34597781300544744 0.11408206075429918 0.22916152328252795 -0.47374610602855677 1.461473882198334 0.49783511459827429 -0.11553847417235373 0.46179112792015081 0.28491924703121191 -0.0066562783904373637 -0.33410783112049097 -0.4286902099847793 -0.63883569836616505 0.96812066435813915 0.55667725205421459 -0.17776853591203687 0.089277103543281569 -0.57513877749443043 -0.23815640062093732
decision_type=2 2 2 2 2 2 2 2 2 2 2 2 2 2 2 2 2 2 2 2 2 2 2 2 2 2 2 2 2 2 2 2 2 2 2 2 2 2 2
left_child=1 -1 -3 12 5 -5 8 -8 9 10 11 13 15 14 21 -4 -17 18 26 -20 -13 23 -23 24 -6 -15 31 28 29 37 -31 32 -18 -24 -35 -25 -37 38 -28
right_child=-2 2 3 4 6 -7 7 -9 -10 -11 -12 20 -14 25 -16 16 17 -19 19 -21 -22 22 33 35 -26 -27 27 -29 -30 30 -32 -33 -34 34 -36 36 -38 -39 -40
leaf_value=-0.65697486618273837 1.0719314604997636 1.355923188274557 -0.24300002857938516 -0.36104620798774389 -0.10873850415430841 3.8530339848250152 2.3988354969769716 -0.56788859844207762 1.1934791204333306 0.77166922688484196 -0.90870974361896517 -0.015163574740290642 -0.54280627776275991 -0.25315839903045245 0.86998127227829358 0.73392672936121628 0.48432292376458652 -0.26149662069741403 -0.064805734157562259 0.62064302414655692 -0.5193793760261165 0.79449710559844977 -0.11388982569798828 -0.38194222098855835 0.45842004927496122 0.18881896223340716 0.16656538559233441 -0.15038986609003249 1.0055708234508833 -0.12302682442324503 0.76894601926207551 -0.18594837845140047 -0.29227296320291668 0.50348575539313833 -0.19357812145241984 -0.23716683296056895 0.1738298166686526 -0.17458180713076746 -0.15420321947614474
leaf_weight=43 24 22 143 23 142 20 20 20 20 21 21 24 22 131 31 24 25 111 21 20 53 25 120 67 36 21 85 169 24 21 20 257 26 26 27 78 26 124 83
leaf_count=43 24 22 143 23 142 20 20 20 20 21 21 24 22 131 31 24 25 111 21 20 53 25 120 67 36 21 85 169 24 21 20 257 26 26 27 78 26 124 83
internal_value=-1.44298e-09 -0.0117365 0.0011743 -0.0128382 0.0754196 1.59899 0.00334748 0.915473 -0.0386376 -0.0676627 -0.0889501 -0.0676181 -0.0843457 -0.0365435 0.00436293 -0.075598 -0.0518965 -0.0710241 -0.0468613 0.26956 -0.362221 -0.044694 0.0710084 -0.110336 0.00596772 -0.192096 -0.0624167 -0.016684 0.0466109 -0.0225033 0.312082 -0.140519 0.0884113 -0.033542 0.148378 -0.231401 -0.134418 -0.0694827 0.00809042
internal_weight=2216 2192 2149 2127 952 43 909 40 869 849 828 807 1175 730 578 1153 1010 986 875 41 77 547 198 349 178 152 834 526 357 333 41 308 51 173 53 171 104 292 168
internal_count=2216 2192 2149 2127 952 43 909 40 869 849 828 807 1175 730 578 1153 1010 986 875 41 77 547 198 349 178 152 834 526 357 333 41 308 51 173 53 171 104 292 168
is_linear=0
shrinkage=0.05


Tree=23
num_leaves=40
num_cat=0
split_feature=28 30 16 5 5 30 7 27 27 4 30 3 15 5 5 7 7 20 3 5 26 8 9 33 3 31 29 3 29 4 14 16 5 8 4 8 26 8 7
split_gain=10647.6 35107.9 14058.7 5995.96 16223.8 16596.5 7761.97 33456.9 8225.6 46533.1 6943.08 11221.6 6249.7 2968.57 12941.7 1787.91 2829.2 7017.77 3691.64 2367.15 1799.84 1855.28 5487.98 1454.5 1414.98 4655.11 1839.59 1194.9 1084.1 1037.24 1017.55 1074.88 958.666 922.96 900.377 888.062 849.559 832.214 4380.25
threshold=-1.5452485680580137 -0.18787831068038938 -1.5581622719764707 -0.43976289033889765 -0.42447850108146662 1.0098809599876406 1.6315463185310366 -0.5767020285129546 -0.59109649062156666 0.70803293585777294 0.25510999560356146 0.20955519378185275 1.8629074692726137 1.1148765087127688 0.82119813561439525 -0.9620099365711211 -0.36946609616279596 -0.08484467118978499 1.14246541261673 -0.33823095262050623 -0.024835522286593911 0.55667725205421459 0.39516223967075353 -0.04742735251784324 -0.82257151603698719 0.67931991815567028 1.0929369330406191 -0.36025041341781611 -0.10804389789700507 1.8600328564643862 0.17558212578296664 0.059406541287899024 -0.5795057713985442 -0.6151132583618163 -0.81157422065734852 0.65904909372329723 1.2057062387466433 -0.68401947617530812 -0.55014747381210316
decision_type=2 2 2 2 2 2 2 2 2 2 2 2 2 2 2 2 2 2 2 2 2 2 2 2 2 2 2 2 2 2 2 2 2 2 2 2 2 2 2
left_child=1 -1 27 23 -5 6 8 -8 9 10 35 -12 13 14 15 19 17 18 33 -10 28 22 30 24 25 26 32 -2 -18 -15 31 -22 37 -17 -21 -6 -23 -4 -39
right_child=2 -3 3 4 5 -7 7 -9 12 -11 11 -13 -14 29 -16 16 20 -19 -20 34 21 36 -24 -25 -26 -27 -28 -29 -30 -31 -32 -33 -34 -35 -36 -37 -38 38 -40
leaf_value=2.322689167559147 -0.52689235976764137 -0.48787774699926384 -0.20934657871219345 1.4680167000918161 -0.29402380029651082 1.3632526050011318 -0.54514365053176883 2.1985410726070405 -0.7154626212336801 2.1779778618897714 1.2124520122408868 -0.37652569718658929 -0.90299568772315986 -0.18989041622536368 0.9511353744303479 -0.0029928867705166342 -0.36025788750546645 1.0144835017976308 0.62109221759296607 0.15546927927505405 -0.20549863845109942 -0.29082924707068342 0.68360866776877838 0.30838894421855612 -0.1618812622200132 0.67413955683057969 0.40631125867366791 -0.94962254874408247 -0.0028170256779111668 -0.56744598519234424 -0.2307480711776477 0.2617644930141978 0.2431935539977117 -0.33538633238884713 -0.25865672043391635 0.026772026930536541 0.08321289584040642 0.46724378276202416 -0.10655266254356033
leaf_weight=20 35 25 122 21 94 24 25 20 22 28 25 20 22 136 34 64 79 21 21 21 20 63 31 24 382 22 20 32 29 21 52 32 22 31 35 28 20 36 437
leaf_count=20 35 25 122 21 94 24 25 20 22 28 25 20 22 136 34 64 79 21 21 21 20 63 31 24 382 22 20 32 29 21 52 32 22 31 35 28 20 36 437
internal_value=2.68264e-09 0.761263 -0.0157793 0.00692601 0.0923822 0.0640047 0.0326345 0.674272 0.00220912 0.291669 -0.0245978 0.50624 -0.0726513 -0.0476956 0.00491873 -0.0545477 -0.0172398 0.17342 0.0211588 -0.276004 -0.0973638 -0.0146721 0.0996997 -0.0764439 -0.0853161 -0.0409339 -0.0656304 -0.728793 -0.264278 -0.240391 -0.0743501 0.0820479 -0.0809283 -0.111458 -0.103359 -0.220399 -0.200699 -0.0929126 -0.0628811
internal_weight=2216 45 2171 2104 1039 1018 994 45 949 195 167 45 754 732 575 541 463 137 116 78 326 218 135 1065 1041 659 637 67 108 157 104 52 617 95 56 122 83 595 473
internal_count=2216 45 2171 2104 1039 1018 994 45 949 195 167 45 754 732 575 541 463 137 116 78 326 218 135 1065 1041 659 637 67 108 157 104 52 617 95 56 122 83 595 473
is_linear=0
shrinkage=0.05


Tree=24
num_leaves=40
num_cat=0
split_feature=30 22 28 27 30 33 5 15 24 12 5 29 30 28 26 7 0 0 29 3 28 21 5 3 6 30 29 22 21 15 5 18 33 29 10 14 15 28 4
split_gain=10963.5 5179.37 5705.87 9216.53 5767.62 38120.5 5272.85 16409.7 7675.28 4888.7 6734.59 2590.08 4752.98 2572.16 1778.56 3893.28 1757.51 8542.13 1740.77 3646.6 2080.01 4509.02 2716.34 1906.64 2603.92 3736.2 1317.9 1692.7 4792.77 1301.36 1050.2 1027.55 1019.67 890.249 855.723 1134.77 3718.58 834.989 812.538
threshold=-2.4608415365219112 -1.6769025325775144 -1.3013150095939634 -1.1976896524429319 1.0098809599876406 -0.047478357329964631 -0.096956163644790636 1.8629074692726137 1.4063044190406802 1.1007702946662905 3.179359078407288 -0.4286902099847793 0.11389412730932237 -0.4313263595104217 0.12476687505841257 0.36879800260066992 -0.50318855047225941 -0.75091812014579762 -0.11553847417235373 1.461473882198334 -0.41530318558216089 -0.55546247959136952 -0.32840529084205622 -0.82257151603698719 -0.25273083150386805 0.10730672627687456 -0.048883771523833268 -0.11874374747276305 0.15361145883798602 -0.018072939477860924 -0.36115752160549158 -1.5755656361579893 -0.047488721087574952 -0.15099124610424039 0.15616223961114886 -0.59157502651214589 -0.59217041730880726 0.11806720122694971 -0.89087411761283863
decision_type=2 2 2 2 2 2 2 2 2 2 2 2 2 2 2 2 2 2 2 2 2 2 2 2 2 2 2 2 2 2 2 2 2 2 2 2 2 2 2
left_child=-1 -2 31 -4 6 -6 14 8 9 10 11 12 13 -8 15 18 17 -13 34 20 32 -22 23 24 25 -23 27 -18 -29 -26 -16 -3 -20 -30 35 36 -5 -15 -34
right_child=1 2 3 4 5 -7 7 -9 -10 -11 -12 16 -14 37 30 -17 26 -19 19 -21 21 22 -24 -25 29 -27 -28 28 33 -31 -32 -33 38 -35 -36 -37 -38 -39 -40
leaf_value=1.0206934672135572 0.58266453180048206 -0.66745156930840543 0.97104904316365726 -0.22134315552456038 2.1873141929507258 -0.69274453807760172 0.41272775637251996 1.4056729472201805 0.93877196311950684 -0.62534307611399687 0.91883639437811715 -0.33763445297876998 0.84756545697649333 -0.42789546361281761 -0.11969324356854656 0.60711804213731191 -0.1814502917288337 0.94312199911345607 0.14412133583316097 0.53205005524139259 0.73915291396172156 0.88087260894477371 0.55471955060958866 -0.2468818640861756 0.083584747620319075 -0.085589686334133164 -0.17718135924506173 0.83867788000032317 -0.1501461069081344 -0.35694098512331651 -0.30432514685165624 -0.29254681097155205 -0.3545340973993435 0.22456150003101516 0.16403280638513112 -0.26364500725490825 0.35041581315872 0.0038238162795702618 -0.11954633047747794
leaf_weight=26 36 23 24 105 20 27 28 23 23 29 21 30 24 21 473 23 64 23 27 31 23 20 20 78 38 20 196 20 51 30 92 89 51 23 21 148 39 24 132
leaf_count=26 36 23 24 105 20 27 28 23 23 29 21 30 24 21 473 23 64 23 27 31 23 20 20 78 38 20 196 20 51 30 92 89 51 23 21 148 39 24 132
internal_value=2.70054e-09 -0.0121178 -0.0220585 -0.00299995 -0.0145843 0.532812 -0.0276374 0.0959837 0.0437777 0.00662086 0.0415293 0.00497489 0.237154 0.0364705 -0.0817385 -0.0340578 -0.0503601 0.218166 -0.0528919 0.00794733 -0.0290622 0.0751606 0.00102551 -0.0585115 0.0775338 0.397641 -0.0905631 0.0168874 0.151926 -0.110765 -0.149757 -0.369536 -0.142715 -0.0336829 -0.144248 -0.166419 -0.0664918 -0.197645 -0.185035
internal_weight=2216 2190 2154 2042 2018 47 1971 600 577 554 525 504 97 73 1371 806 407 53 783 470 439 229 206 186 108 40 354 158 94 68 565 112 210 74 313 292 144 45 183
internal_count=2216 2190 2154 2042 2018 47 1971 600 577 554 525 504 97 73 1371 806 407 53 783 470 439 229 206 186 108 40 354 158 94 68 565 112 210 74 313 292 144 45 183
is_linear=0
shrinkage=0.05


Tree=25
num_leaves=40
num_cat=0
split_feature=29 22 19 15 15 0 30 33 7 8 5 29 29 27 27 31 5 22 5 33 11 8 11 30 3 15 30 30 27 8 33 33 5 29 29 3 14 30 5
split_gain=10141.8 6863.92 14936 5189.85 21322.4 4672.12 4399.94 36803.5 2786.43 17996.9 2720.17 2176.45 12743.8 11013.3 3522.64 9277.25 2112.79 1545.63 1532.17 2728.76 1438.67 1154.33 3114.17 1498.16 5043.67 1099.78 1074.94 2196.25 833.057 758.511 743.719 2219.18 1900.61 1335.18 7105.83 2364.69 3053.77 899.73 791.607
threshold=3.2934920787811284 -1.6923955082893369 -1.5992504954338072 2.1951055526733403 1.8629074692726137 2.9056415557861333 1.0098809599876406 -0.04748056270182132 1.1276233196258547 1.1794789433479311 -0.36334100365638727 -0.52172148227691639 -0.44785918295383448 -0.17711103707551953 -1.1777949333190916 0.012691985815763475 -0.068570896983146654 1.7436421513557436 0.47402445971965795 -0.047468002885580056 0.67084914445877086 0.37150499224662786 0.34234187006950384 -0.55049610137939442 0.47482140362262731 1.0349448323249819 -0.34459145367145533 -0.29523576796054835 -0.91746291518211354 1.2336158156394961 -0.047476824373006814 -0.047475587576627724 0.76551932096481334 0.15625484287738803 0.23150058090686801 -0.26861298084259028 -0.79764407873153675 0.74469712376594555 -0.34696488082408899
decision_type=2 2 2 2 2 2 2 2 2 2 2 2 2 2 2 2 2 2 2 2 2 2 2 2 2 2 2 2 2 2 2 2 2 2 2 2 2 2 2
left_child=1 -1 -3 4 5 6 8 -8 9 11 -5 18 13 -13 15 -14 -10 20 -4 -20 21 23 -23 24 -16 -24 -25 -28 -29 -18 32 -32 37 -33 -35 36 -36 38 -30
right_child=-2 2 3 10 -6 -7 7 -9 16 -11 -12 12 14 -15 17 -17 29 -19 19 -21 -22 22 25 26 -26 -27 27 28 30 -31 31 33 -34 34 35 -37 -38 -39 -40
leaf_value=-0.63668182783348615 1.0222501203417778 1.2974320568821647 -0.24480502406555799 -0.2067306367789998 1.2814131706953049 0.72260292882011057 2.0910161203145985 -0.69702078556192337 -0.10433709260768596 1.400986464998939 -0.92025962959636343 0.029376684423186819 1.1816211760789155 1.3517189117689288 -0.13041297788066525 -0.32306820395446961 -0.22313518896698953 0.3567819999700243 -0.28267842507362367 0.480840856785124 -0.21892710049245237 0.63586032465100295 -0.10669805724409563 -0.2696990640248571 0.70155511388072267 0.30040116168203812 0.36955793377544199 -0.34836263967944042 -0.10634589737928862 -0.60186525938602597 0.48081266993568061 -0.13610249616430334 0.34616547809405762 0.71429686609542742 0.6627839656919241 -0.23078918741776211 -0.19087947783991696 0.14769346479858672 -0.24972471902290216
leaf_weight=43 24 22 186 34 32 21 20 29 113 22 22 32 20 31 56 21 20 22 25 22 138 22 79 70 27 21 28 28 371 39 21 199 22 33 20 101 22 28 130
leaf_count=43 24 22 186 34 32 21 20 29 113 22 22 32 20 31 56 21 20 22 25 22 138 22 79 70 27 21 28 28 371 39 21 199 22 33 20 101 22 28 130
internal_value=2.15923e-09 -0.0111925 0.00132309 -0.0120828 0.000760197 -0.0193383 -0.0270592 0.440953 -0.0387061 -0.0203042 -0.487046 -0.0379202 -0.0163983 0.680053 -0.0460646 0.410927 -0.230962 -0.0590942 -0.180353 0.0747136 -0.0655556 -0.0489944 0.0972804 -0.0644317 0.140227 -0.0212072 -0.0802627 -0.0670418 -0.0795801 -0.473482 -0.0716329 -0.0193659 -0.109197 -0.0473759 0.0529456 -0.099674 0.215627 -0.128134 -0.14355
internal_weight=2216 2192 2149 2127 2071 2039 2018 49 1969 1797 56 1775 1542 63 1479 41 172 1438 233 47 1416 1278 122 1156 83 100 1073 1003 975 59 947 396 551 375 176 143 42 529 501
internal_count=2216 2192 2149 2127 2071 2039 2018 49 1969 1797 56 1775 1542 63 1479 41 172 1438 233 47 1416 1278 122 1156 83 100 1073 1003 975 59 947 396 551 375 176 143 42 529 501
is_linear=0
shrinkage=0.05


Tree=26
num_leaves=40
num_cat=0
split_feature=27 16 3 31 29 7 5 13 5 30 23 33 30 18 23 30 27 29 29 29 31 4 19 17 30 33 9 29 7 5 7 29 7 9 5 29 29 15 9
split_gain=10173.2 9338.86 5294.73 72698.3 121086 11458.6 31156.1 11122.9 6946.37 6017.04 3476.07 3198.24 2914.7 2565.25 1878.84 1761.55 2674.07 1701.98 1588.66 5591.67 1843.62 2208.72 1413.89 8601.17 1741.59 2839.22 1310.71 1263.24 4450.05 1104.29 1004.58 984.697 1192.29 1893.54 1643.41 3071.88 1378.28 940.064 862.798
threshold=-2.1934885978698726 -1.5581622719764707 -0.27481402456760401 -0.57379686832427967 -0.0043747618328779927 1.6315463185310366 0.12139206379652025 1.4338148832321169 3.3049092292785649 0.95535138249397289 0.89250150322914135 -0.047436958178877824 1.0567454695701601 -1.4155634045600889 -1.369966387748718 -0.55049610137939442 -0.094435125589370714 -0.88827767968177784 -0.55690127611160267 -0.51274108886718739 0.50143270194530498 1.4715248346328738 -0.16315869987010953 -0.1020272634923458 -0.017276935279369351 -0.047480421140789979 0.4064467996358872 -0.41597388684749598 0.44319847226142889 -0.086038753390312181 1.0559886097908022 -0.11553847417235373 -1.1554817557334898 -1.0740126967430113 -0.092589199542999254 0.23150058090686801 -0.091077558696269975 1.1937422156333926 -0.5374011993408202
decision_type=2 2 2 2 2 2 2 2 2 2 2 2 2 2 2 2 2 2 2 2 2 2 2 2 2 2 2 2 2 2 2 2 2 2 2 2 2 2 2
left_child=-1 14 11 4 -4 7 -7 8 9 10 13 12 18 -5 -2 16 -15 -17 -3 -20 21 27 38 -24 25 -25 -27 28 -21 -12 -31 -29 -33 -34 36 -36 -35 -26 -19
right_child=1 2 3 5 -6 6 -8 -9 -10 -11 29 -13 -14 15 -16 17 -18 22 19 20 -22 -23 23 24 37 26 -28 31 -30 30 -32 32 33 34 35 -37 -38 -39 -40
leaf_value=0.84568515743528094 -0.41041987616082898 -0.23196829601245772 -0.32045322159926098 -0.48421279249652738 4.9472720319032675 2.216073780655861 -0.57480947732925414 1.1207126770541072 0.8486376953125 -0.91020792749795043 -0.12508417959511281 0.45858706922403408 -0.68058441638946532 -0.14594024015929213 -1.0567371845245361 0.41279886990785597 0.59069257910762518 -0.058050396508640717 0.70415870845317841 0.53471112904072349 -0.30316847320887952 0.45852608198211309 0.88371001183986664 0.65531285621225832 -0.15927034975375218 -0.1583566638454795 0.31235802329721907 -0.15849209598127345 -0.29516740828752519 -0.3079597091674805 -0.75619575130939487 -0.31016179713371556 0.43391164053570147 0.32671040195439544 -0.14777556087659754 0.68864486274265113 -0.088176570527111919 0.14289302461106201 -0.24073283794305977
leaf_weight=35 23 136 24 31 20 20 20 20 20 22 25 28 20 22 22 20 28 135 24 35 77 21 26 20 229 50 21 256 30 25 25 38 22 21 23 21 428 29 124
leaf_count=35 23 136 24 31 20 20 20 20 20 22 25 28 20 22 22 20 28 135 24 35 77 21 26 20 229 50 21 256 30 25 25 38 22 21 23 21 428 29 124
internal_value=-2.70127e-09 -0.0135713 0.00144611 0.0889049 2.07397 -0.00686565 0.820632 -0.0448243 -0.0721843 -0.0943194 -0.0721595 -0.0694103 -0.0822436 -0.0390724 -0.726397 -0.019471 0.266574 -0.0413399 -0.0716722 -0.0497844 -0.0684003 -0.0482024 -0.0556661 0.00638771 -0.0589715 0.129098 -0.0191312 -0.0603777 0.15169 -0.396413 -0.532078 -0.0774166 -0.0398843 -0.0199415 -0.0401946 0.251425 -0.0687721 -0.125306 -0.145512
internal_weight=2216 2181 2136 956 44 912 40 872 852 832 810 1180 1152 735 45 704 50 654 1132 996 972 895 634 375 349 91 71 874 65 75 50 809 553 515 493 44 449 258 259
internal_count=2216 2181 2136 956 44 912 40 872 852 832 810 1180 1152 735 45 704 50 654 1132 996 972 895 634 375 349 91 71 874 65 75 50 809 553 515 493 44 449 258 259
is_linear=0
shrinkage=0.05


Tree=27
num_leaves=40
num_cat=0
split_feature=11 25 30 14 14 7 18 18 30 0 31 30 5 3 6 27 4 31 30 30 17 28 17 3 3 4 5 20 7 5 5 29 2 29 29 29 29 7 30
split_gain=10012.3 46477.7 7022.86 5028.41 29643.8 8317.67 4657.06 78661.7 4133.8 3317.63 6070.9 3049.07 2517.46 2393.99 2119.37 4340.29 9486.37 3573.67 5045.57 5775.03 5304.21 17328.4 3168.05 4031.47 2463.8 1980.45 1716.35 1986.01 1557.83 1656.98 2727.3 1373.71 1458.42 1355.07 2529.23 1487.86 1573.75 1525.76 1310.99
threshold=-1.3570068478584287 -1.6300981044769285 -1.3757219314575193 1.6449084281921389 1.4663060307502749 1.6315463185310366 0.38747429847717291 0.35629065334796911 1.2409112453460696 0.86638915538787853 0.80689564347267162 -2.4608415365219112 0.78735414147377025 -0.4353517591953277 0.71501097083091747 -1.1777949333190916 -0.56506836414337147 1.0000000180025095e-35 -0.5347447097301482 0.098575331270694747 -0.1020272634923458 -0.22967116534709928 0.2459787651896477 -0.61173656582832325 -0.053644008934497826 -0.096031047403812395 2.856203675270081 0.042302111163735397 0.92996451258659374 -0.092589199542999254 0.082089379429817214 0.98427468538284313 2.2576968073844914 0.35684481263160711 0.45624069869518286 0.063669886440038695 -0.048883771523833268 -0.66309869289398182 -0.037414528429508202
decision_type=2 2 2 2 2 2 2 2 2 2 2 2 2 2 2 2 2 2 2 2 2 2 2 2 2 2 2 2 2 2 2 2 2 2 2 2 2 2 2
left_child=11 -2 -3 4 5 6 7 8 9 10 14 -1 28 -5 15 16 -4 22 -19 -20 21 25 24 -24 31 -21 27 -11 29 -8 -31 32 33 35 -35 36 -17 -38 -36
right_child=1 2 3 13 -6 -7 12 -9 -10 26 -12 -13 -14 -15 -16 17 -18 18 19 20 -22 -23 23 -25 -26 -27 -28 -29 -30 30 -32 -33 -34 34 38 -37 37 -39 -40
leaf_value=-1.0931310176849365 2.2063490780691306 0.84412029947464673 1.2754585475847127 -0.14184033585479483 1.5118222432211041 0.92287661679413002 -0.11576427355269839 2.8540420405566693 0.61622517878810568 -0.28607782953185962 0.85018650919199001 -0.36651042486940111 -0.40741043210209132 -0.60896152369678025 -0.25720282054396088 -0.10508186571091285 -0.24609538231577194 0.89726920366287244 -0.19236135110942598 0.40567321438681003 -0.13210603115814074 1.7089609157779944 -0.091133528202772152 0.76613148112470908 -0.31439963404739663 -0.22826421292764798 -0.6768421250581742 0.10667487566554271 -0.29059682929267489 0.61305667636069394 -0.047386422477386614 -0.36295727903174391 0.29691374558826972 0.54558065608143813 0.26370658874511721 -0.27308658022506566 -0.095073795448178844 0.45910886327425643 -0.20725852568944295
leaf_weight=22 24 24 20 64 32 23 322 24 24 128 20 42 83 48 93 232 21 20 109 22 42 23 32 24 126 28 20 43 96 22 54 37 29 24 22 102 23 27 45
leaf_count=22 24 24 20 64 32 23 322 24 24 128 20 42 83 48 93 232 21 20 109 22 42 23 32 24 126 28 20 43 96 22 54 37 29 24 22 102 23 27 45
internal_value=4.9382e-10 0.0183282 -0.00634871 -0.0160499 0.00227861 -0.022367 -0.0335909 0.0169078 -0.0340587 -0.0459541 -0.0131347 -0.616286 -0.152617 -0.342035 -0.0288172 -0.00774593 0.496126 -0.0291097 0.136349 0.0684093 0.315574 0.573144 -0.084949 0.276266 -0.115276 0.0506683 -0.238575 -0.187315 -0.109808 -0.0662003 0.143794 -0.0688995 -0.047312 -0.0683279 0.105152 -0.109439 -0.0502473 0.204185 -0.0526133
internal_weight=2216 2152 2128 2104 1992 1960 1937 1360 1336 1312 1121 64 577 112 1101 1008 41 967 244 224 115 73 723 56 667 50 191 171 494 398 76 541 504 475 91 384 282 50 67
internal_count=2216 2152 2128 2104 1992 1960 1937 1360 1336 1312 1121 64 577 112 1101 1008 41 967 244 224 115 73 723 56 667 50 191 171 494 398 76 541 504 475 91 384 282 50 67
is_linear=0
shrinkage=0.05


Tree=28
num_leaves=40
num_cat=0
split_feature=30 8 22 27 27 30 21 25 31 27 11 4 16 28 9 27 29 5 10 3 29 20 10 33 9 8 27 14 5 11 2 16 29 29 29 3 9 20 7
split_gain=10172.9 4733.08 14069.9 4851.78 27467.7 21793.1 4775.57 12773.9 7556.18 5005.06 3928.66 3300.46 13788.1 2734.82 2077.02 1953.1 4063.11 8874.41 1908.36 1614.47 1598.94 2605.04 12988.7 2450.04 2610.51 2152 1587.02 1551.81 1519.2 1423.13 1409.67 3155.07 1255.09 1327.97 2448.34 1502.33 1317.76 1189.53 1378.65
threshold=-2.4608415365219112 -1.2785375714302061 -1.6634678840637205 0.25011114776134497 0.21318208426237109 1.0098809599876406 0.60464063286781322 0.5718405842781068 2.26161801815033 0.16876037418842318 0.92895847558975231 -1.0371792912483213 -0.98323765397071827 -1.3693305850028989 -0.51203489303588856 -0.46763706207275385 -0.44785918295383448 0.13340121507644656 -1.0023765563964842 0.92474040389060985 -0.21396912634372708 0.13133033365011218 -0.39035665988922114 -0.047472553327679627 -0.65864154696464527 -0.88515466451644886 0.0077290176413953313 -0.080199372023344026 -0.35242359340190882 0.47236324846744543 1.0000000180025095e-35 0.92965042591094982 0.36456617712974554 -0.048883771523833268 0.11959761381149293 -0.49185001850128168 0.26220460236072546 0.33059500157833105 0.89212873578071605
decision_type=2 2 2 2 2 2 2 2 2 2 2 2 2 2 2 2 2 2 2 2 2 2 2 2 2 2 2 2 2 2 2 2 2 2 2 2 2 2 2
left_child=-1 13 -3 4 5 6 7 8 9 11 18 12 -4 -2 -14 37 17 27 -5 -8 -20 22 23 -22 25 -25 32 -17 -12 -16 -23 -32 33 36 -35 -36 -18 38 -13
right_child=1 2 3 10 -6 -7 19 -9 -10 -11 28 15 14 -15 29 16 26 -19 20 -21 21 30 -24 24 -26 -27 -28 -29 -30 -31 31 -33 -34 34 35 -37 -38 -39 -40
leaf_value=0.9832015441014218 -0.8455840043399645 1.3227794242650273 1.0223371976130717 -0.30785199642358796 1.4718881141958815 1.6089658226285661 -0.13283513334460786 1.2878256958723069 0.97320518136024481 0.59629583828376997 -0.27569522529840473 -0.16413177129375145 0.3834509314596653 -0.20432496493061386 -0.28071493150078153 -0.30907119250167975 -0.18124529776996218 1.2458790236711503 -0.17722539992952668 -0.42257150445805225 -0.23552237647848254 -0.16626426161669974 1.132362018099853 0.34346930527687075 0.63688657040752128 -0.26391357472964699 -0.25501553880073774 0.29313353598117831 -0.8845930519558135 0.16093601584434511 -0.19388615747292837 0.61685820877552033 -0.21141266842874198 0.55662108280230316 -0.3117390102960847 0.25478748226165776 0.23993234627235394 -0.4369280096722033 0.10730387004938993
leaf_weight=26 23 20 37 84 33 21 227 20 20 33 20 313 20 60 76 23 65 20 185 61 78 201 28 25 21 35 81 20 21 24 30 20 52 32 22 25 26 33 55
leaf_count=26 23 20 37 84 33 21 227 20 20 33 20 313 20 60 76 23 65 20 185 61 78 201 28 25 21 35 81 20 21 24 30 20 52 32 22 25 26 33 55
internal_value=5.43209e-10 -0.0116727 0.00291632 -0.0097321 0.0472476 0.0112498 -0.0148608 0.0369452 0.0113386 -0.00876308 -0.111732 -0.0303723 0.178494 -0.382023 -0.0816904 -0.073126 0.0103893 0.37574 -0.0841373 -0.194203 -0.0539735 -0.001915 0.139357 -0.0355118 0.157091 -0.0108374 -0.0655746 -0.028976 -0.58757 -0.174719 -0.107165 0.130412 0.00354568 0.0692976 0.219282 -0.0103951 -0.0609088 -0.149352 -0.123564
internal_weight=2216 2190 2107 2087 1339 1306 1285 997 977 957 748 924 157 83 120 767 366 63 707 288 623 438 187 159 81 60 303 43 41 100 251 50 222 170 79 47 91 401 368
internal_count=2216 2190 2107 2087 1339 1306 1285 997 977 957 748 924 157 83 120 767 366 63 707 288 623 438 187 159 81 60 303 43 41 100 251 50 222 170 79 47 91 401 368
is_linear=0
shrinkage=0.05


Tree=29
num_leaves=40
num_cat=0
split_feature=9 30 22 27 27 5 13 22 27 5 30 5 27 27 13 5 30 30 33 5 5 29 5 33 33 29 30 2 7 7 14 29 2 0 18 4 30 3 4
split_gain=9481.19 33252.4 6310.69 4986.42 7717.61 5989.37 23264.3 59057 34195.3 9791.99 4579.39 2732.26 2925.02 2186.06 5292.37 2334.32 2531.92 5733.94 4244.94 2052.31 4215.94 7588.42 1717.94 1670.93 5403.77 2780.08 2072.96 1312.23 1150.51 3052.89 2131.99 1140.12 2451.06 804.591 796.683 760.403 755.779 742.925 988.842
threshold=-1.4307110905647276 -1.5035358667373655 -1.6769025325775144 -1.2386001944541929 -1.1536921858787534 -0.30438698828220362 0.89478415250778209 0.64222413301467907 0.21318208426237109 -0.26945126056671137 0.9120679795742036 2.941359400749207 0.78191867470741283 0.50214657187461864 -0.32651410996913904 -0.096956163644790636 -0.15280977636575696 -0.10449956357479094 -0.04748238064348697 0.41179519891738897 0.85613384842872631 -0.22738069295883176 -0.36552448570728296 -0.047472553327679627 -0.047471266239881509 1.0458561778068545 0.26361173391342169 2.2576968073844914 -0.6964474320411681 -0.5446835160255431 -0.54577186703681935 0.20255824923515323 1.0000000180025095e-35 0.97156241536140453 -1.5650190114974973 0.34226986765861517 0.12581545859575274 0.36389189958572393 0.44861778616905218
decision_type=2 2 2 2 2 2 2 2 2 2 2 2 2 2 2 2 2 2 2 2 2 2 2 2 2 2 2 2 2 2 2 2 2 2 2 2 2 2 2
left_child=-1 -2 -3 34 -5 22 9 -8 35 -7 11 12 13 15 -15 -11 37 -18 -19 -20 21 -21 23 27 -25 26 31 28 -6 30 -30 -26 -33 -31 -4 -9 -22 -17 -39
right_child=1 2 3 4 5 6 7 8 -10 10 -12 -13 -14 14 -16 16 17 18 19 20 36 -23 -24 24 25 -27 -28 -29 29 33 -32 32 -34 -35 -36 -37 -38 38 -40
leaf_value=-0.85441295206546786 1.9465857264670459 0.75246074712938738 -0.61001400060274391 0.85717869105820466 -0.25797734841838615 0.93137694688943717 2.8474621161818505 -0.25321869993209839 1.8860872041095389 -0.23177977811407158 -0.73623452795048561 -0.5435126299858094 -0.242600041819275 -0.14109247168526054 0.93254327801140868 -0.38580825001001362 0.91156990765170631 0.5539998968180857 -0.22322914305214703 1.2168742014467717 -0.28413359941350241 -0.14398474054677146 -0.32079209309557211 0.81707508176387789 -0.071817410795601333 0.54405522406101225 -0.31084207624662669 0.21839104015380145 -0.029448873075571931 -0.10084617475018057 0.66664196442474022 -0.13096751729742839 0.54920102539644755 -0.40145637443815563 -0.27472443075052333 -0.60059830429761307 0.020671126597894815 0.18258107068194521 -0.30263917204879581
leaf_weight=32 22 27 22 26 111 26 26 50 22 81 24 25 109 24 22 30 22 38 78 20 33 21 69 21 99 20 64 32 22 691 22 26 27 23 91 23 53 21 21
leaf_count=32 22 27 22 26 111 26 26 50 22 81 24 25 109 24 22 30 22 38 78 20 33 21 69 21 99 20 64 32 22 691 22 26 27 23 91 23 53 21 21
internal_value=-1.11057e-10 0.0125189 -0.00716174 -0.0167682 0.00129581 -0.00985297 0.0995526 0.735977 0.158097 -0.019286 -0.0590243 -0.0318453 -0.00952125 0.0452322 0.372385 0.00922966 0.0671577 0.138595 0.0686135 -0.0213605 0.102622 0.519849 -0.0784209 -0.0639791 0.0484791 -0.0199129 -0.0721321 -0.0960565 -0.107636 -0.08562 0.318597 0.0283773 0.215533 -0.11053 -0.340002 -0.362667 -0.0962888 -0.19577 -0.0600291
internal_weight=2216 2184 2162 2135 2022 1996 769 121 95 648 622 598 573 464 46 418 337 265 243 205 127 41 1227 1158 257 236 216 901 869 758 44 152 53 714 113 73 86 72 42
internal_count=2216 2184 2162 2135 2022 1996 769 121 95 648 622 598 573 464 46 418 337 265 243 205 127 41 1227 1158 257 236 216 901 869 758 44 152 53 714 113 73 86 72 42
is_linear=0
shrinkage=0.05


Tree=30
num_leaves=40
num_cat=0
split_feature=30 15 15 6 17 27 0 30 30 29 28 5 5 4 5 6 9 29 5 29 18 26 12 29 29 15 28 29 7 10 23 3 3 5 5 5 2 27 29
split_gain=9386.64 4578.88 18968 4609.49 7595.43 4739.72 46169.9 32075.9 4921.53 4191.42 17315.8 2730.86 3627.05 8106.48 2156.25 2085.04 1272.11 1161.27 1659.51 1490.01 1560.93 1718.73 3160.69 2230.14 7777.98 1542.22 4704.59 2361.17 1213.84 1986.22 3393.57 983.508 927.468 1106.71 887.137 871.485 1111.28 862.089 858.007
threshold=-2.4608415365219112 2.1951055526733403 1.8629074692726137 4.6428182125091562 -1.578935921192169 -0.58386245369911183 1.4892008900642397 0.75794383883476268 1.0567454695701601 -0.0043747618328779927 -1.2250468134880064 1.4151052832603457 0.82119813561439525 0.48734563589096075 -0.36334100365638727 2.872025847434998 0.26220460236072546 -0.11553847417235373 0.42817132174968725 -0.095500107854604707 -1.3859288692474363 -0.94442710280418385 -0.92192900180816639 0.46461574733257299 0.42881171405315405 -0.19662933796644208 0.026401240378618244 0.063669886440038695 -0.19815319776535031 0.0094286585226655024 -0.028403258882462975 -0.25345492362976069 0.37629395723342901 1.3889035582542422 -0.36989144980907435 -0.28255215287208552 2.2576968073844914 -0.74449238181114186 0.33711639046669012
decision_type=2 2 2 2 2 2 2 2 2 2 2 2 2 2 2 2 2 2 2 2 2 2 2 2 2 2 2 2 2 2 2 2 2 2 2 2 2 2 2
left_child=-1 2 3 4 31 6 7 9 11 32 -11 12 15 -14 -3 17 37 18 35 -19 -21 -22 -23 24 25 26 27 -24 -27 30 -30 -2 33 34 -6 36 -7 -12 -29
right_child=1 14 -4 -5 5 8 -8 -9 -10 10 16 -13 13 -15 -16 -17 -18 19 -20 20 21 22 23 -25 -26 28 -28 38 29 -31 -32 -33 -34 -35 -36 -37 -38 -39 -40
leaf_value=0.94444281871502211 -0.381790858736405 -0.20794373049455533 1.2086600024253131 0.71917274427555855 -0.088696582984455208 -0.1114993088950742 2.4812947155535223 1.9806111940741538 -0.68512590368588766 1.4875473221143087 -0.11589379161596298 -0.27178036529763511 0.86256430612670065 -0.15992217218237265 -0.84321956851265656 0.38824294246733193 -0.35670889805663719 0.40673725321179344 0.20994209593687302 0.41561386078596119 -0.22477187697216869 0.51761599125207536 0.32385075633463112 -0.20583288799415331 0.99017617739737041 -0.24716472823785832 0.83221605375409136 -0.26002223890806947 -0.077107489605744692 -0.094765012680323724 0.7637219724804164 -0.80529198502672128 -0.32601087606128526 0.23925162732601166 -0.31514952733355056 -0.24064273121933699 0.25489120320840314 0.29780892156064515 0.11474104651382991
leaf_weight=26 26 34 32 21 162 349 20 20 30 21 34 116 36 42 22 28 33 21 39 20 100 28 38 134 20 79 20 56 30 191 20 29 68 20 59 129 22 20 21
leaf_count=26 26 34 32 21 162 349 20 20 30 21 34 116 36 42 22 28 33 21 39 20 100 28 38 134 20 79 20 56 30 191 20 29 68 20 59 129 22 20 21
internal_value=-1.73464e-09 -0.0112126 0.00049925 -0.0178933 -0.0253313 -0.00959246 0.132111 0.0245967 -0.0508661 -0.069217 0.198916 -0.0385024 -0.0194861 0.311995 -0.457516 -0.0387095 -0.112133 -0.0477867 -0.104194 -0.00870722 -0.0202321 -0.0320597 -0.00180657 -0.0256881 0.0251317 -0.0172878 0.124437 0.00134474 -0.0770779 -0.0213232 0.259224 -0.605091 -0.162933 -0.11692 -0.149152 -0.128697 -0.0897726 0.0373294 -0.157814
internal_weight=2216 2190 2134 2102 2081 2026 457 437 1569 417 108 1539 1423 78 56 1345 87 1317 539 778 757 737 637 609 475 455 135 115 320 241 50 55 309 241 221 500 371 54 77
internal_count=2216 2190 2134 2102 2081 2026 457 437 1569 417 108 1539 1423 78 56 1345 87 1317 539 778 757 737 637 609 475 455 135 115 320 241 50 55 309 241 221 500 371 54 77
is_linear=0
shrinkage=0.05


Tree=31
num_leaves=40
num_cat=0
split_feature=11 25 27 30 28 30 5 13 5 3 0 4 24 30 14 29 29 30 9 19 3 31 7 29 29 29 29 33 33 19 31 28 0 16 4 33 33 6 29
split_gain=9153.38 39921.1 5479.28 9119.05 9270.01 5554.5 6159.31 23373.6 66050.3 39671.6 3587.11 3662.97 9334.34 3564.94 3207.87 5722.81 2129.21 1959.64 1832.12 1644.45 1562.17 4151.79 1554.46 1777.56 3703.83 1519.1 1480.78 1434.67 2288.11 1323.03 1313.58 2072.2 1249.13 1195.96 1142.57 1115.65 1754.01 1097.46 3589.29
threshold=-1.3570068478584287 -1.6300981044769285 -1.2386001944541929 -1.1101645231246946 -1.2250468134880064 1.2409112453460696 -0.14280929416418073 0.89478415250778209 0.12139206379652025 1.6654188036918642 0.86638915538787853 0.1197384111583233 -0.24674040824174878 -2.4608415365219112 -0.10403063148260115 0.23727176338434222 0.55552455782890331 0.86204820871353161 1.1024599671363833 -0.58301496505737294 -0.82257151603698719 0.67931991815567028 0.9067816734313966 0.24387346208095553 0.19646847248077395 -0.3728205263614654 -0.06245355308055877 -0.047476824373006814 -0.047474576160311692 -0.72336301207542408 0.41464528441429144 -0.40526863932609553 -0.65433043241500843 0.2345492094755173 -1.0359498858451841 -0.047485981136560433 -0.04748678766191005 -0.41304950416088099 0.36456617712974554
decision_type=2 2 2 2 2 2 2 2 2 2 2 2 2 2 2 2 2 2 2 2 2 2 2 2 2 2 2 2 2 2 2 2 2 2 2 2 2 2 2
left_child=13 -2 16 -4 -5 6 17 10 -9 18 11 14 -13 -1 19 25 -3 20 -10 29 21 27 23 24 35 -16 -12 37 -29 -8 31 -30 34 -14 -25 36 -22 38 -6
right_child=1 2 3 4 5 -7 7 8 9 -11 26 12 33 -15 15 -17 -18 -19 -20 -21 22 -23 -24 32 -26 -27 -28 28 30 -31 -32 -33 -34 -35 -36 -37 -38 -39 -40
leaf_value=-1.1048678441481157 2.0453491759796938 -0.24409359872098202 1.0759082785993817 0.92309602874296692 -0.066700743703592219 0.81931382209062587 -0.11871994523631441 3.2966625491778054 -0.010151965618133545 2.1265988224744796 -0.074269711958053944 1.0015141379652601 0.14848698168992996 -0.31917990044942907 0.3599184437231584 0.85061009119451048 -0.8133124825358391 -0.50135684543185766 -0.5815265323253388 -0.31736352976766374 -0.031056806119983044 0.67713306413165164 -0.29583625307814643 -0.6958170564278312 0.62869189172983175 -0.11639983325664488 -0.36958875360830534 0.59459056400117427 -0.063633436643415031 0.35185392094776036 -0.31103553279586466 0.53787503810155968 -0.13194882476937425 -0.39176302261295776 -0.22740749428669613 -0.13212844458889336 0.46655328720808031 -0.12351172430180879 0.6133759700733683
leaf_weight=22 24 92 20 27 124 20 59 21 20 20 88 33 20 42 22 25 20 27 47 84 113 21 110 23 20 70 82 21 45 20 23 21 103 21 30 248 21 344 23
leaf_count=22 24 92 20 27 124 20 59 21 20 20 88 33 20 42 22 25 20 27 47 84 113 21 110 23 20 70 82 21 45 20 23 21 103 21 30 248 21 344 23
internal_value=6.59472e-10 0.0175245 -0.00534574 0.013565 0.00292032 -0.00969763 -0.0182047 0.110107 0.779881 0.172381 -0.0279385 0.0627181 0.375577 -0.58926 -0.0199659 0.17979 -0.34574 -0.0797784 -0.410967 -0.163349 -0.0709547 -0.0139341 -0.124049 -0.0901838 -0.0345916 -0.00249764 -0.216718 -0.0380812 0.125131 0.000412679 0.0143602 0.127756 -0.233441 -0.128226 -0.43068 -0.0693185 0.0469269 -0.0746462 0.0397058
internal_weight=2216 2152 2128 2016 1996 1969 1949 632 108 87 524 354 74 64 280 117 112 1317 67 163 1290 622 668 558 402 92 170 601 110 79 89 66 156 41 53 382 134 491 147
internal_count=2216 2152 2128 2016 1996 1969 1949 632 108 87 524 354 74 64 280 117 112 1317 67 163 1290 622 668 558 402 92 170 601 110 79 89 66 156 41 53 382 134 491 147
is_linear=0
shrinkage=0.05


Tree=32
num_leaves=40
num_cat=0
split_feature=30 14 14 7 16 18 18 27 30 0 6 17 33 0 30 5 6 27 3 5 20 5 15 27 28 5 5 20 12 12 7 25 4 30 18 30 12 20 5
split_gain=9320.13 4262.8 25535.4 7295.81 4308.31 13976.3 47091.9 66044.2 5031.22 4329.94 6494.49 6376.5 3610.2 3899.29 2500.12 2399.17 2334.56 3208.62 8768.54 2614.58 8714.53 2317.14 2303.19 1486.66 1393.1 1374.78 1984.39 1844.33 6498.28 9892.43 2183.64 2149.66 2097.76 2254.51 1883.92 1633.57 1460.39 1261.66 1034.83
threshold=-2.4608415365219112 1.6449084281921389 1.4663060307502749 1.6315463185310366 0.4841600507497788 0.31813330948352819 0.38747429847717291 0.18121211230754855 1.3463437557220461 0.86638915538787853 3.2247269153594975 -1.578935921192169 -0.04742735251784324 0.78232207894325267 0.83155819773674022 2.856203675270081 0.94237199425697338 -1.1777949333190916 -0.6076025366783141 0.82119813561439525 -0.10507600754499434 -0.5096343159675597 1.8295560479164126 -0.77080711722373951 0.65794172883033764 0.45000614225864416 0.30262109637260443 -0.08484467118978499 -0.29847192764282221 -0.49670943617820734 -0.049911310896277421 0.02248369995504618 0.19350574910640719 0.32324835658073431 -0.59442287683486927 -0.81057617068290699 -0.41209043562412256 0.042302111163735397 0.82119813561439525
decision_type=2 2 2 2 2 2 2 2 2 2 2 2 2 2 2 2 2 2 2 2 2 2 2 2 2 2 2 2 2 2 2 2 2 2 2 2 2 2 2
left_child=-1 2 3 4 5 8 7 -7 9 10 11 -2 13 14 16 37 17 18 -13 23 -21 -3 24 -19 -6 26 27 32 29 -29 -30 -32 35 34 -34 -25 -36 -11 -26
right_child=1 21 -4 -5 22 6 -8 -9 -10 15 -12 12 -14 -15 -16 -17 -18 19 -20 20 -22 -23 -24 25 38 -27 -28 28 30 -31 31 -33 33 -35 36 -37 -38 -39 -40
leaf_value=0.94109081488389246 -0.61963635274144113 -0.088249458045813078 1.4065339564811439 0.86860085916907903 -0.25993387667518675 3.870214402037008 -0.15900818423751523 -0.095239190260569262 0.73760661908558445 -0.2703136248103179 0.86501640053022477 -0.22039080620385132 0.5329340163017473 0.67721410870552068 -0.51174474360707867 -0.78214409053325662 -0.33217245952945884 -0.21911610657276187 1.1359104049815374 -0.13769222972424408 1.151741785183549 -0.54317052917046982 -0.52591929420044548 0.32894778460264207 -0.039145320305043772 -0.35352546421104464 0.48868283161893489 -0.10221191406250002 -0.31184608029822508 1.4703999662399294 0.53525069657374513 -0.030409576691372293 -0.19716426504982842 0.61478455007076271 0.57655328184366228 -0.13387646458257793 -0.027680325210094454 0.074320785430344677 -0.31554967792410604
leaf_weight=26 43 57 32 23 132 21 85 21 21 136 21 26 31 20 26 20 55 102 22 38 20 55 38 20 311 29 20 20 48 20 22 71 45 20 20 408 20 33 38
leaf_count=26 43 57 32 23 132 21 85 21 21 136 21 26 31 20 26 20 55 102 22 38 20 55 38 20 311 29 20 20 48 20 22 71 45 20 20 408 20 33 38
internal_value=1.9985e-10 -0.0111728 0.00502225 -0.0168978 -0.0269652 0.015898 0.517786 1.88749 -0.0303908 -0.0422846 -0.00632815 -0.0222952 0.000991898 -0.0143908 -0.0275391 -0.264301 -0.0152688 0.00268144 0.401247 -0.0180457 0.30694 -0.311648 -0.151178 -0.0398367 -0.121572 -0.0158701 -0.00252949 -0.0162889 0.121611 0.684094 -0.0379587 0.103403 -0.063118 0.13715 0.0247655 -0.112249 0.274436 -0.203018 -0.0692409
internal_weight=2216 2190 2078 2046 2023 1504 127 42 1377 1356 1167 1146 1103 1072 1052 189 1026 971 48 923 58 112 519 865 481 763 734 714 181 40 141 93 533 105 85 428 40 169 349
internal_count=2216 2190 2078 2046 2023 1504 127 42 1377 1356 1167 1146 1103 1072 1052 189 1026 971 48 923 58 112 519 865 481 763 734 714 181 40 141 93 533 105 85 428 40 169 349
is_linear=0
shrinkage=0.05


Tree=33
num_leaves=40
num_cat=0
split_feature=29 22 19 5 5 5 23 11 30 5 27 5 7 23 9 9 11 30 30 29 22 26 26 31 27 27 31 29 2 3 9 3 29 19 6 24 22 27 30
split_gain=8923.09 7211.75 12020.2 4196.46 4163.11 7968.72 20491.7 50058.5 33375.7 7638.91 36312 8872.17 14779.4 2118.44 2683.26 4656.96 1907.7 1780.46 1517.16 1380.73 1449.95 1312.3 1985.68 1376.49 3602.27 7086.97 2946.95 6218.46 1767.69 1189.66 1122.78 1280.41 1120.26 1101.87 1050.29 1281.38 2489.07 2891.03 1089.7
threshold=3.2934920787811284 -1.6923955082893369 -1.5992504954338072 3.5429087877273564 1.1148765087127688 -0.35242359340190882 1.0580972433090212 1.6160847544670107 0.20421768724918368 -0.26945126056671137 -0.3425194770097732 0.82119813561439525 -0.38151800632476801 0.87629956007003795 0.39516223967075353 0.54812896251678478 1.1336319446563723 1.0567454695701601 0.75794383883476268 -0.10804389789700507 0.43905407190322882 0.53544911742210399 0.45099233090877539 1.0000000180025095e-35 -0.15934929996728894 0.18121211230754855 0.50143270194530498 0.18635816127061847 2.2576968073844914 -0.18731062114238736 -0.53088718652725209 0.2619194388389588 0.03774936497211457 -0.0049952019471675149 -0.23815640062093732 -0.83766222000122059 -0.52671167254447926 -0.15071246773004529 -0.011622950900346039
decision_type=2 2 2 2 2 2 2 2 2 2 2 2 2 2 2 2 2 2 2 2 2 2 2 2 2 2 2 2 2 2 2 2 2 2 2 2 2 2 2
left_child=1 -1 -3 4 5 17 9 8 -8 10 -7 13 -13 14 18 -16 -6 21 19 30 33 22 23 28 -25 -26 27 -27 29 34 31 -11 -12 -21 35 -4 37 -37 -38
right_child=-2 2 3 -5 16 6 7 -9 -10 11 32 12 -14 -15 15 -17 -18 -19 -20 20 -22 -23 -24 24 25 26 -28 -29 -30 -31 -32 -33 -34 -35 -36 36 38 -39 -40
leaf_value=-0.65164046315259716 0.95886469657222428 1.1650657550855117 -0.19725963014521097 0.71115386247634893 -0.16629273755296234 2.3341798113286494 3.5291844907402989 -0.55547932986960269 0.76357425165673098 -0.25666599160148984 0.040250899881124499 -0.27086101789027456 1.6513399440050127 -0.56539391441778697 0.82551373963836916 -0.072483723034106551 -0.61445315458156458 -0.50142985297285991 -0.52747903196584611 -0.002409326519594121 0.3375530941618814 -0.14282013074605299 0.42259752638638021 -0.22541509131459814 0.83453071967643844 -0.21539826474406501 -0.12682679485333592 0.98748808531534105 0.26728378857885088 -0.31143815871012415 -0.29252044610324363 0.30233384112827483 -0.43799669345219927 -0.35645424222143801 -0.16171303989454397 0.062904775906831786 0.097291943104299783 0.79056743372763905 -0.15098673253918865
leaf_weight=43 24 22 76 20 197 20 20 33 24 21 25 20 20 22 22 42 27 23 21 142 27 329 24 76 34 22 95 21 35 59 105 20 24 26 210 39 73 21 112
leaf_count=43 24 22 76 20 197 20 20 33 24 21 25 20 20 22 22 42 27 23 21 142 27 329 24 76 34 22 95 21 35 59 105 20 24 26 210 39 73 21 112
internal_value=-8.84483e-10 -0.0104985 0.00233029 -0.00969613 -0.0165386 0.00770216 0.152072 0.916606 2.02067 0.0463821 0.538811 -0.0232441 0.690239 -0.086948 -0.0622395 0.236203 -0.220312 -0.0655807 -0.115003 -0.089601 -0.0025436 -0.0574041 -0.0260754 -0.03841 0.0612598 0.18793 0.0286228 0.372058 -0.077959 -0.0984395 -0.205876 0.0160169 -0.193993 -0.057202 -0.074773 -0.0178964 0.0377429 0.317587 -0.0530173
internal_weight=2216 2192 2149 2127 2107 1883 634 77 44 557 69 488 40 448 426 64 224 1249 362 341 195 1226 897 873 248 172 138 43 625 590 146 41 49 168 531 321 245 60 185
internal_count=2216 2192 2149 2127 2107 1883 634 77 44 557 69 488 40 448 426 64 224 1249 362 341 195 1226 897 873 248 172 138 43 625 590 146 41 49 168 531 321 245 60 185
is_linear=0
shrinkage=0.05


Tree=34
num_leaves=40
num_cat=0
split_feature=28 30 16 31 0 4 7 20 20 24 4 31 31 30 30 27 33 5 27 27 27 11 17 31 23 31 29 29 6 5 29 27 8 28 29 21 20 7 29
split_gain=8598.9 28152.4 13001.6 4713.76 26614.5 70220.4 6504.38 4929.78 11941.3 4103.52 3975.78 3644.8 6543.82 13041.9 3823.57 2997.67 2224.67 2167.6 1627.63 3197.66 3948.79 9156.43 2424.96 1560.73 1317.61 1205.6 2318.84 3612.77 4284.46 1401.98 1280.16 2537.7 1124 1061.77 1048.93 1047.39 3852 1013.2 895.464
threshold=-1.5452485680580137 -0.18787831068038938 -1.5581622719764707 -0.74593421816825856 -0.66076958179473866 -0.81157422065734852 2.1604351997375493 1.6663526892662051 1.5156675577163699 1.5304850935935976 2.1403487920761113 0.97795489430427562 0.83366858959198009 0.14126014709472659 0.9120679795742036 -0.62518873810768116 -0.04742735251784324 -0.086038753390312181 -0.21655220538377759 1.0000000180025095e-35 -0.099173549562692628 -0.14658217877149579 0.044704664498567588 -0.8221202790737151 -1.369966387748718 0.10540897399187089 -0.21035738289356229 0.24387346208095553 -0.20609266310930249 0.40087778866291052 0.42881171405315405 0.73898935317993175 1.2154778838157656 0.4051686972379685 -0.56792768836021412 0.198093056678772 0.085347376763820662 0.64227843284606945 -0.0086820246651768667
decision_type=2 2 2 2 2 2 2 2 2 2 2 2 2 2 2 2 2 2 2 2 2 2 2 2 2 2 2 2 2 2 2 2 2 2 2 2 2 2 2
left_child=1 -1 24 23 5 -5 7 8 9 10 11 12 14 -14 16 -13 18 38 32 20 22 -22 -20 35 34 30 29 28 -28 -27 -21 -32 -6 -7 -2 36 -4 -17 -9
right_child=2 -3 3 4 6 33 -8 17 -10 -11 -12 15 13 -15 -16 37 -18 -19 19 25 21 -23 -24 -25 -26 26 27 -29 -30 -31 31 -33 -34 -35 -36 -37 -38 -39 -40
leaf_value=2.0823394334316254 -0.8069815611839295 -0.43446152818202971 -0.078593281210231708 3.2047362676511209 -0.14550093178687312 -0.17871920529220786 0.77244063052866196 -0.43642750531435015 1.2223225715756418 0.57964095062222976 0.64469841258092364 -0.6187778634329637 1.5438083320856095 -0.24024324463236901 0.6690147680044175 -0.17246730559312062 0.38003869154490533 -0.81196440259615577 -0.2589834267821382 -0.16491952055588713 1.4099364860355854 -0.10304284270852804 0.43486455688253045 -0.36952292886045246 -1.0065475549386895 -0.38042674495114226 0.82919997169690984 -0.12062194820331491 -0.066291215609420431 0.12620481748811224 -0.17809209122377284 0.49342777305282653 0.21520943304766782 0.2530690706024567 -0.31669721156358721 -0.17354431203897533 0.59339105124058933 0.1149308184368743 0.025838962756097317
leaf_weight=20 20 25 293 24 354 35 27 22 20 29 22 36 20 21 20 207 32 24 34 215 20 20 20 54 23 36 34 46 22 22 34 24 23 24 24 211 23 36 20
leaf_count=20 20 25 293 24 354 35 27 22 20 29 22 36 20 21 20 207 32 24 34 215 20 20 20 54 23 36 34 46 22 22 34 24 23 24 24 211 23 36 20
internal_value=-9.98671e-10 0.684117 -0.0141802 0.0076548 0.0538789 0.924484 0.00369825 -0.0109911 0.00968177 -0.00859465 -0.021737 -0.0332273 0.0114756 0.630026 -0.0150522 -0.192972 -0.029669 -0.432906 -0.0441719 0.0125732 0.276912 0.653447 -0.00200269 -0.113515 -0.699865 -0.0448121 0.0641683 0.207704 0.4774 -0.188256 -0.108683 0.0997782 -0.123495 -0.00307652 -0.539554 -0.0872821 -0.029683 -0.12989 -0.216301
internal_weight=2216 45 2171 2104 1523 83 1440 1413 1347 1327 1298 1276 997 41 956 279 936 66 904 527 94 40 54 581 67 433 160 102 56 58 273 58 377 59 44 527 316 243 42
internal_count=2216 45 2171 2104 1523 83 1440 1413 1347 1327 1298 1276 997 41 956 279 936 66 904 527 94 40 54 581 67 433 160 102 56 58 273 58 377 59 44 527 316 243 42
is_linear=0
shrinkage=0.05


Tree=35
num_leaves=40
num_cat=0
split_feature=30 29 22 28 27 5 30 7 24 23 13 5 5 29 4 0 33 9 12 15 25 30 7 4 31 23 18 29 29 33 3 2 5 15 30 23 18 29 5
split_gain=8998.88 4411.13 4293.21 3937.68 8474.88 4363.97 18475.2 12102.2 8727.42 5325.14 9621.95 2251.59 1975.7 2063.19 1895.04 6408.11 2114.45 1550.31 9094.67 2154.66 5695.04 1383.41 1365.14 1259.49 2453.46 2514.84 7815.52 2271.02 4446.25 1303.83 1272.48 1256.66 772.595 877.345 724.36 716.515 908.541 726.35 693.945
threshold=-2.4608415365219112 2.6909836530685429 -1.6769025325775144 -1.286699593067169 -1.1976896524429319 -0.30438698828220362 1.0098809599876406 1.6315463185310366 1.4063044190406802 0.94117367267608654 0.8507116734981538 3.0898362398147587 -0.36989144980907435 1.1304740905761721 -0.86259660124778736 -0.7135351002216338 -0.047471750527620309 -0.36709570884704584 -0.35531365871429438 -0.19662933796644208 -0.28194372355937952 0.56768128275871288 1.1276233196258547 2.0524426698684697 0.021316821686923507 0.097006335854530348 0.31813330948352819 -0.23061903566122052 0.260652706027031 -0.047480842098593705 -0.13770239055156705 2.2576968073844914 2.0232050418853764 0.032859392464160926 -0.022778732702136036 0.64952251315116893 0.023974369280040268 0.19998706877231601 0.78735414147377025
decision_type=2 2 2 2 2 2 2 2 2 2 2 2 2 2 2 2 2 2 2 2 2 2 2 2 2 2 2 2 2 2 2 2 2 2 2 2 2 2 2
left_child=-1 2 -2 -4 -5 12 7 8 9 10 11 14 13 21 16 -16 -7 -17 -19 20 -20 23 -11 24 30 26 27 -26 -29 -27 31 -6 33 -21 -32 36 37 -14 -35
right_child=1 -3 3 4 5 6 -8 -9 -10 22 -12 -13 35 -15 15 17 -18 18 19 32 -22 -23 -24 -25 25 29 -28 28 -30 -31 34 -33 -34 38 -36 -37 -38 -39 -40
leaf_value=0.92472979839031511 0.57134062312543399 -0.68511264572540931 -0.3007144476220544 1.0030733561231977 -0.060731356706547494 -0.31434910658789783 1.5492719548089164 0.96735832673661859 0.98239489424635063 -0.30523904114961625 0.97228116488456728 -0.53715399333408909 -0.16214901265501977 0.36130208373069767 0.90940341334789998 -0.12996122475354846 0.18520077142332281 1.0658216569040504 -0.11734974831342698 -0.33893276657376975 0.94032178703695546 -0.22077083149135618 -0.82405401227020081 -0.2326035137550953 -0.28610170866179813 0.20501082313471827 1.1588659537690027 0.66640697726979858 -0.18087361159734427 -0.20559632842637729 -0.50442935390316923 0.27052700058867535 0.21455894462764263 0.0064802798475220545 -0.15228263862431049 -0.55943156938999894 0.063199650309979913 -0.56641216158866881 -0.20976269093426791
leaf_weight=26 32 24 112 21 627 87 21 34 22 32 25 21 25 30 20 161 28 21 35 35 20 118 21 78 28 29 21 32 30 58 23 30 20 114 40 20 20 20 55
leaf_count=26 32 24 112 21 627 87 21 34 22 32 25 21 25 30 20 161 28 21 35 35 20 118 21 78 28 29 21 32 30 58 23 30 20 114 40 20 20 20 55
internal_value=1.70951e-09 -0.0109785 -0.0035089 -0.0121289 0.00385601 -0.00663053 0.0865349 0.0456328 0.00192475 -0.0291117 0.0106544 -0.0283094 -0.0651527 -0.0478724 -0.0103803 0.0332143 -0.19272 -0.0047982 0.0623726 -0.0131558 0.267258 -0.0588915 -0.510807 -0.039713 -0.0233236 0.13255 0.290308 0.0876441 0.256432 -0.0687273 -0.0661888 -0.0456054 -0.0820074 -0.111083 -0.280844 -0.297725 -0.2172 -0.341822 -0.0638947
internal_weight=2216 2190 2166 2134 2022 2001 772 751 717 695 642 617 1229 1144 596 481 115 461 300 279 55 1114 53 996 918 198 111 90 62 87 720 657 224 204 63 85 65 45 169
internal_count=2216 2190 2166 2134 2022 2001 772 751 717 695 642 617 1229 1144 596 481 115 461 300 279 55 1114 53 996 918 198 111 90 62 87 720 657 224 204 63 85 65 45 169
is_linear=0
shrinkage=0.05


Tree=36
num_leaves=40
num_cat=0
split_feature=12 25 30 11 7 12 15 5 30 24 8 21 30 15 29 29 6 5 23 26 23 5 30 7 29 0 15 15 18 30 18 3 29 9 24 29 8 33 24
split_gain=8548.39 36572.1 5559.23 4221.25 31273.1 7918.74 37840.9 4046.56 3878.31 3653.89 3418.37 7599.06 26550.2 4411.17 3783.27 3684.88 4507.6 2882.82 1893.41 2092.4 3291.7 3398.7 1572.62 1497.86 2455.07 3792.57 4106.79 3236.83 4257.17 1495.38 1519.99 1133.16 1037.59 1359.18 3894.38 924.397 2056.46 2545.39 1557.09
threshold=-1.3754690289497373 -1.6300981044769285 -1.3757219314575193 1.6160847544670107 1.6315463185310366 1.2761033177375796 0.79116204380989086 3.3049092292785649 -2.4608415365219112 0.5210157334804536 -0.65212738513946522 -0.59028106927871693 0.25510999560356146 -0.56291991472244252 0.46461574733257299 0.38735149800777441 2.2832190990448002 -0.13407536596059796 -0.59993210434913624 -0.41681288182735438 -0.30650757253170008 -0.37862537801265711 1.0567454695701601 -0.027284578420221802 0.03774936497211457 -0.72390931844711293 0.2545489519834519 -0.24508886784315106 -0.28330433368682856 0.77898994088172924 1.7937170863151553 -0.053644008934497826 -0.55690127611160267 0.24428016692399981 0.18497563898563388 0.66201218962669384 -1.0899614691734312 -0.047466669231653207 -1.1506395936012266
decision_type=2 2 2 2 2 2 2 2 2 2 2 2 2 2 2 2 2 2 2 2 2 2 2 2 2 2 2 2 2 2 2 2 2 2 2 2 2 2 2
left_child=8 -2 -3 4 5 7 -7 9 -1 10 22 12 13 -12 15 16 18 -5 -13 -20 21 -21 35 -22 27 -26 -27 28 -25 30 -11 -16 -29 -34 -35 -4 38 -38 -37
right_child=1 2 3 17 -6 6 -8 -9 -10 29 11 14 -14 -15 31 -17 -18 -19 19 20 23 -23 -24 24 25 26 -28 32 -30 -31 -32 -33 33 34 -36 36 37 -39 -40
leaf_value=-1.0912781021811746 2.0009454648131912 0.78705652247775681 -0.13802854141198792 -0.12657475952932146 1.7627598679065706 2.3189771023392676 -0.36796193326774396 0.63964269703084775 -0.29215941857926703 -0.12855637392179001 -0.1685599875657095 0.43863866518844258 1.5137154262145296 0.65237131595611575 -0.158289879411459 0.57547585995032868 0.74219224005937579 -0.64644463099539284 -0.23418978088355941 0.00029584493326104209 -0.13904002045304517 0.88008626869746631 -0.51414778493344782 -0.063449619137323818 -0.24761631204968407 1.0767721785498519 0.1193307719193399 -0.27690188428387047 0.90685379773378372 -0.57465881886689563 -0.5335091459751129 -0.5129073786299404 -0.18816265470107621 0.65386858686156901 -0.074341806183200701 0.1012871668294624 -0.040099362311539828 0.70411712110042579 -0.42635622003982809
leaf_weight=22 23 22 344 80 25 20 38 22 49 317 90 22 38 20 50 29 20 40 109 23 200 21 24 26 21 21 24 61 20 23 25 41 89 23 91 27 27 20 29
leaf_count=22 23 22 344 80 25 20 38 22 49 317 90 22 38 20 50 29 20 40 109 23 200 21 24 26 21 21 24 61 20 23 25 41 89 23 91 27 27 20 29
internal_value=7.17499e-10 0.0178666 -0.00362762 -0.011911 0.00554076 -0.0169301 0.558569 -0.0345257 -0.539774 -0.042436 -0.00811931 0.0425324 0.374312 -0.0192998 -0.0125781 0.0221708 0.00135902 -0.299865 -0.0183702 -0.032162 0.00335579 0.420196 -0.119854 -0.0284862 0.0303191 0.307215 0.566137 -0.028633 0.358421 -0.184403 -0.158158 -0.318063 -0.0960743 -0.041737 0.0725778 -0.098684 0.0327193 0.276589 -0.171957
internal_weight=2216 2145 2122 2100 1980 1955 58 1897 71 1875 1510 1039 148 110 891 800 771 120 751 729 620 44 471 576 376 66 45 310 46 365 342 91 264 203 114 447 103 47 56
internal_count=2216 2145 2122 2100 1980 1955 58 1897 71 1875 1510 1039 148 110 891 800 771 120 751 729 620 44 471 576 376 66 45 310 46 365 342 91 264 203 114 447 103 47 56
is_linear=0
shrinkage=0.05


Tree=37
num_leaves=40
num_cat=0
split_feature=30 29 21 19 11 7 24 10 23 3 30 30 5 15 3 33 33 19 27 7 6 29 29 16 29 29 0 4 15 33 15 28 8 0 30 0 30 3 22
split_gain=8835.07 4066.1 4019.37 10872.8 3908.53 28096.8 7922.68 4255.62 13879.4 4377.62 2610.75 4255.09 2601.75 1907.63 1718.51 1587.52 6949.23 9108.49 2663.6 8499.35 1932.52 1391.74 5876.31 5382.87 1181.42 3039.65 1602.91 1248.42 1212.22 1553.13 2915.12 6887.07 1761.07 3958.57 1325.27 1785.58 3568.26 4009.91 1983.39
threshold=-2.4608415365219112 2.6909836530685429 -1.6710991859436033 -1.5992504954338072 1.6160847544670107 1.6315463185310366 1.5304850935935976 1.0361159443855288 1.0149004459381106 2.5976400375366215 1.2409112453460696 0.95535138249397289 -0.13407536596059796 1.8295560479164126 -0.48289297521114344 -0.047459915280342095 -0.047462873160839074 -0.65598705410957325 -1.1976896524429319 -0.38151800632476801 2.7452282905578618 -0.5066140592098235 -0.44785918295383448 0.02155470754951239 0.45624069869518286 0.41948790848255163 -1.0787796974182127 -1.0371792912483213 -0.832698494195938 -0.047476824373006814 -0.19662933796644208 -0.19005730003118512 -0.29870569705963129 0.60578125715255748 0.05640011094510556 -0.44040656089782709 0.13834507763385775 -0.61173656582832325 -0.52671167254447926
decision_type=2 2 2 2 2 2 2 2 2 2 2 2 2 2 2 2 2 2 2 2 2 2 2 2 2 2 2 2 2 2 2 2 2 2 2 2 2 2 2
left_child=-1 2 -2 -4 5 6 7 8 9 10 11 13 -6 15 -9 16 18 -18 19 -5 21 -20 23 -23 25 28 -26 -28 -24 34 31 -31 -32 -34 -30 36 37 -36 -38
right_child=1 -3 3 4 12 -7 -8 14 -10 -11 -12 -13 -14 -15 -16 -17 17 -19 20 -21 -22 22 24 -25 26 -27 27 -29 29 30 32 -33 33 -35 35 -37 38 -39 -40
leaf_value=0.91627406340378992 -0.64716973801453914 -0.65811125884453459 1.1356216434921538 1.1297748631983997 -0.12024602187331766 1.6746218305826188 0.91041263432606412 -0.094491322270848541 1.2726675656801534 0.589296997826675 0.47743995261192329 -0.71276038217803706 -0.61412239637225863 -0.49088127315044405 -0.5044591562059082 -0.13913419061082316 1.4043339926004412 -0.040436780452728277 -0.17316533291978498 -0.2301500295047407 0.44182145353406671 1.0068642875322931 -0.20126849964938384 -0.055808737399903212 0.26058552481234071 0.58715973407030109 -0.52422929108142857 -0.15178748545823273 -0.15580207664894608 0.046329023391008382 -0.39021865355649166 1.0930716341530735 0.69319356646388774 -0.074317665444243522 0.091725603208459669 -0.12463465006474186 0.41635791575131215 1.0120088095963002 -0.082282950405341893
leaf_weight=26 24 24 21 20 80 25 23 44 21 29 25 23 40 22 61 249 20 24 175 27 21 26 99 22 20 20 27 135 221 55 28 22 20 105 29 170 23 20 150
leaf_count=26 24 24 21 20 80 25 23 44 21 29 25 23 40 22 61 249 20 24 175 27 21 26 99 22 20 20 27 135 221 55 28 22 20 105 29 170 23 20 150
internal_value=-1.71429e-09 -0.0108781 -0.00370658 0.00350309 -0.00770601 0.00891561 -0.0121586 -0.0230235 -0.00543034 -0.0201211 -0.0299504 -0.0371049 -0.284871 -0.0282248 -0.332663 -0.0223345 -0.00267046 0.616277 -0.0216486 0.348541 -0.0341839 -0.0414963 -0.0221657 0.519806 -0.0449058 -0.0228051 -0.161724 -0.213861 -0.0357555 -0.016318 0.0944785 0.345398 -0.0318013 0.0484841 -0.0578893 -0.00268848 0.0906937 0.467351 -0.0159897
internal_weight=2216 2190 2166 2142 2121 2001 1976 1953 1848 1827 1798 1773 120 1750 105 1728 1479 44 1435 47 1388 1367 1192 48 1144 962 182 162 942 843 230 77 153 125 613 392 222 49 173
internal_count=2216 2190 2166 2142 2121 2001 1976 1953 1848 1827 1798 1773 120 1750 105 1728 1479 44 1435 47 1388 1367 1192 48 1144 962 182 162 942 843 230 77 153 125 613 392 222 49 173
is_linear=0
shrinkage=0.05


Tree=38
num_leaves=40
num_cat=0
split_feature=29 22 19 5 5 30 3 5 7 28 16 5 23 28 4 11 15 29 7 14 7 5 7 8 29 29 30 27 16 16 14 30 7 4 27 18 18 23 3
split_gain=8433.62 6548.03 9099.56 3658.2 3689.27 7116.1 25308.7 9325.43 11788.5 13048.7 4990.66 31194.6 2878.64 1957.58 16071.6 1712.32 1708.22 1406.23 1544.8 7284.1 2694.51 1363.9 1202.56 2405.23 3701.81 3974.14 4663.68 6447.92 11203.2 1319.44 1186.86 1062.41 1026.95 1830.73 934.175 933.196 888.818 832.975 737.242
threshold=3.2934920787811284 -1.6923955082893369 -1.5992504954338072 3.5429087877273564 1.1148765087127688 1.0098809599876406 -0.44637580215930933 0.700014889240265 -0.34461495280265803 -0.027328914962708947 1.840181350708008 -0.19084589928388593 0.85471063852310192 -1.197591185569763 -0.97570654749870289 1.1336319446563723 -1.3155183792114256 1.1304740905761721 0.32105529308319097 0.12540050223469737 0.36879800260066992 -0.55330395698547352 -0.35899424552917475 -0.63483852148056019 0.45624069869518286 0.28863383829593664 0.098575331270694747 -0.013289313763380049 -0.10087344050407408 -1.2337882518768308 0.42345213890075689 0.60025855898857128 0.59595096111297619 0.21563594788312915 -0.59109649062156666 1.1738103032112124 0.70724195241928112 -0.60770544409751881 -0.13770239055156705
decision_type=2 2 2 2 2 2 2 2 2 2 2 2 2 2 2 2 2 2 2 2 2 2 2 2 2 2 2 2 2 2 2 2 2 2 2 2 2 2 2
left_child=1 -1 -3 4 5 7 -7 10 -9 -10 12 -12 13 14 -4 31 -15 18 22 -20 -21 -14 23 29 25 26 37 -28 -29 -18 -22 34 33 -32 -6 38 -23 -25 -24
right_child=-2 2 3 -5 15 6 -8 8 9 -11 11 -13 21 16 -16 -17 17 -19 19 20 30 36 35 24 -26 -27 27 28 -30 -31 32 -33 -34 -35 -36 -37 -38 -39 -40
leaf_value=-0.62113329019657404 0.9321949809789658 1.0136773025447672 1.4520933943986893 0.66458818435668954 0.10052700806886723 -0.55283066176232842 1.9324292194843293 -0.28204887619724983 1.9942494663596155 0.29549495680974081 -0.19186952267773449 2.0704005551338196 -0.095573141012306614 -0.41752915361831927 -0.15764152624144934 -0.58007476594713003 0.23174557805199317 0.2831112585748945 0.94059397903355679 0.50677590888479485 -0.25854695026288954 -0.55829155690529775 -0.087141486931006748 0.13615604226405806 -0.33420589142724089 0.87336639799177651 -0.17805695780194725 1.6803112601488828 0.045229318873448804 -0.13413420875114224 0.42116871244753851 -0.49163004386992687 -0.086648409572188501 -0.13399164701501529 -0.17683558212797137 0.17251865393840349 -0.2474046667067098 -0.19727298698540946 -0.21307705787762524
leaf_weight=43 24 22 20 20 39 21 20 27 20 26 64 20 109 29 69 27 27 35 22 23 57 34 307 26 38 20 26 20 22 282 33 21 108 27 137 26 71 67 187
leaf_count=43 24 22 20 20 39 21 20 27 20 26 64 20 109 29 69 27 27 35 22 23 57 34 307 26 38 20 26 20 22 282 33 21 108 27 137 26 71 67 187
internal_value=6.67907e-10 -0.0102065 0.00201771 -0.0084461 -0.0148347 0.0079849 0.659491 -0.0065166 0.547295 1.03408 -0.0293703 0.346766 -0.0481214 -0.0231947 0.204097 -0.206661 -0.0378321 -0.0296937 -0.0380004 0.0686463 -0.00870389 -0.219463 -0.0654762 -0.0123232 0.114439 0.208629 0.126053 0.440762 0.82384 -0.102164 -0.0613974 -0.155483 0.00549265 0.171347 -0.115375 -0.119447 -0.348073 -0.104056 -0.134813
internal_weight=2216 2192 2149 2127 2107 1883 41 1842 73 46 1769 84 1685 1471 89 224 1382 1353 1318 270 248 214 1048 528 219 181 161 68 42 309 225 197 168 60 176 520 105 93 494
internal_count=2216 2192 2149 2127 2107 1883 41 1842 73 46 1769 84 1685 1471 89 224 1382 1353 1318 270 248 214 1048 528 219 181 161 68 42 309 225 197 168 60 176 520 105 93 494
is_linear=0
shrinkage=0.05


Tree=39
num_leaves=40
num_cat=0
split_feature=30 29 15 15 7 12 0 6 30 18 27 29 30 30 5 5 0 31 5 5 29 3 3 29 4 4 17 33 29 29 4 27 27 27 4 4 3 11 3
split_gain=8079.74 4105.05 3848.8 16494.7 4428.72 26925.5 4403.07 5359.04 17277.2 5716.82 2803.21 16690.8 3758.97 3502.33 2056.17 1996.12 1127.96 5796.34 1704.77 5671.42 1510.66 2224.73 5615.83 1597.98 1628.4 1982.21 4123.25 1914.79 3598.27 1667.07 1782.1 2865.33 1106.72 1092.49 1036.49 1034.78 966.537 843.503 768.157
threshold=-2.4608415365219112 2.6909836530685429 2.1951055526733403 1.8629074692726137 1.1276233196258547 1.2761033177375796 2.9056415557861333 2.872025847434998 -0.025464606471359726 -1.5910865664482114 -1.1976896524429319 -0.017847613431513306 1.2409112453460696 0.95535138249397289 0.73058363795280468 -0.36334100365638727 0.86638915538787853 0.82270783185958873 0.82119813561439525 1.1148765087127688 -0.11553847417235373 1.461473882198334 1.9038138985633852 -0.08719931915402411 -0.64498296380043019 -0.43843443691730494 -0.017686721868813034 -0.047488832846283906 0.36456617712974554 -0.04430867359042167 0.55250677466392528 0.60454520583152782 -0.48385247588157648 -0.62518873810768116 0.84265831112861644 0.58816099166870128 -0.22589479386806485 1.8815581202507021 -0.24449787288904187
decision_type=2 2 2 2 2 2 2 2 2 2 2 2 2 2 2 2 2 2 2 2 2 2 2 2 2 2 2 2 2 2 2 2 2 2 2 2 2 2 2
left_child=-1 2 3 4 5 6 7 9 -9 36 11 -11 13 16 35 -4 17 18 20 -20 -12 23 -23 -22 27 26 -26 28 -25 -27 -31 34 -21 -18 -32 37 -2 -6 -29
right_child=1 -3 15 -5 14 -7 -8 8 -10 10 12 -13 -14 -15 -16 -17 33 -19 19 32 21 22 -24 24 25 29 -28 38 -30 30 31 -33 -34 -35 -36 -37 -38 -39 -40
leaf_value=0.87623192713810849 -0.37949785048311413 -0.66072812229394917 -0.1721895452369662 1.1342059001326561 -0.32762306172400718 1.5800997309110782 0.72774322509765632 1.5721089660943974 -0.37327973747253423 -0.17372955139036533 -0.10381072053409596 1.5171505814790727 0.63367524033501033 -0.63912195165952046 -0.62030502944704036 -0.78342224901372737 -0.48251518815755845 0.83194173492491252 0.92744085110723984 0.27882642887887504 0.35553025624581747 0.96114628240466127 -0.22374120205640793 -0.14069139074001993 -0.068417502099122757 0.35922894411616857 0.69737579030916097 -0.13545474183004702 0.53234916854778247 -0.14472145587205887 0.23657604008913041 0.50791778611019256 -0.15371080136299134 -0.097439095051759309 -0.19184601980571947 0.095553685673351943 -0.85975920319557186 -0.03033235038028044 -0.34204623654707156
leaf_weight=26 22 24 34 32 80 27 20 21 25 54 541 20 21 24 31 22 20 20 20 21 28 20 20 63 39 27 32 137 29 183 20 32 50 233 48 29 20 34 67
leaf_count=26 22 24 34 32 80 27 20 21 25 54 541 20 21 24 31 22 20 20 20 21 28 20 20 63 39 27 32 137 29 183 20 32 50 233 48 29 20 34 67
internal_value=1.24047e-09 -0.0104028 -0.00319693 0.00766122 -0.00968691 0.0123793 -0.0101718 -0.0181192 0.514832 -0.0316564 -0.0179681 0.283265 -0.0311193 -0.039459 -0.251147 -0.412317 -0.0307366 -0.0131438 -0.0254181 0.183721 -0.0402172 0.00596282 0.368703 -0.0146182 -0.0299271 0.038423 0.276729 -0.117905 0.0714627 -0.0161567 -0.0519708 0.117763 -0.0257773 -0.12788 -0.0658395 -0.171119 -0.608194 -0.238957 -0.203306
internal_weight=2216 2190 2166 2110 2078 1904 1877 1857 46 1811 1769 74 1695 1674 174 56 1650 1397 1377 91 1286 745 40 705 677 381 71 296 92 310 283 100 71 253 68 143 42 114 204
internal_count=2216 2190 2166 2110 2078 1904 1877 1857 46 1811 1769 74 1695 1674 174 56 1650 1397 1377 91 1286 745 40 705 677 381 71 296 92 310 283 100 71 253 68 143 42 114 204
is_linear=0
shrinkage=0.05


Tree=40
num_leaves=40
num_cat=0
split_feature=9 30 22 27 27 29 3 29 29 8 29 7 30 8 7 27 31 5 12 7 5 18 17 23 12 29 29 29 27 29 9 13 33 0 29 5 15 4 27
split_gain=8133.31 25060.2 5120.83 5437.56 5635.68 36213.9 74069.5 66366.2 8733.5 29768.9 8428.06 7029.61 4419.79 4260.57 3388.74 2839.09 2570.55 1753.48 1143.18 2770.68 2153.08 1044.17 993.723 1493.89 3555.39 1514.32 4447.52 979.98 882.168 827.656 1007.35 4587.46 1437.82 5468.45 1601.22 1137.64 815.883 708.307 706.188
threshold=-1.4307110905647276 -1.5035358667373655 -1.6769025325775144 -1.2386001944541929 -0.58386245369911183 -0.0043747618328779927 -0.27481402456760401 0.16813444346189502 -0.41597388684749598 1.4510754346847536 -0.52172148227691639 0.11392801254987718 1.0567454695701601 -0.43005330860614771 0.92996451258659374 -0.30422385036945337 2.8130685091018681 -0.16027715057134626 1.1007702946662905 0.92996451258659374 -0.34696488082408899 -1.5650190114974973 -1.3745294809341428 -0.96705266833305348 -0.92192900180816639 0.45624069869518286 0.38735149800777441 0.071945838630199446 -0.90070486068725575 -0.26970542967319483 -0.63177725672721852 -0.57103973627090443 -0.047476394101977341 0.58968329429626476 -0.18502976745367047 0.63996911048889171 0.83972367644310009 -0.42982824146747584 0.020323134958744053
decision_type=2 2 2 2 2 2 2 2 2 2 2 2 2 2 2 2 2 2 2 2 2 2 2 2 2 2 2 2 2 2 2 2 2 2 2 2 2 2 2
left_child=-1 -2 -3 21 5 18 28 -8 9 10 15 13 14 -12 16 -6 22 -16 19 -5 37 -4 -10 -24 -25 26 29 -23 -7 -26 -31 -32 35 -34 -35 -33 -17 -20 -19
right_child=1 2 3 4 8 6 7 -9 12 -11 11 -13 -14 -15 17 36 -18 38 20 -21 -22 27 23 24 25 -27 -28 -29 -30 30 31 32 33 34 -36 -37 -38 -39 -40
leaf_value=-0.7913528844714165 1.6906014282595028 0.67878283030456965 -0.66080195795405994 -0.14732110865749651 0.23724434498028879 -0.39072661570140294 4.5532697138332185 0.70438934167226153 0.26459941670850473 2.0353838648114886 0.57512029156088829 0.98551274095907027 -0.67494430753492551 -0.43320850675756284 -0.17975363919892945 -0.18405207889154554 -0.54755236387252804 -0.39018897688388826 -0.26937948777562098 0.47666483551263811 -0.60471279463347272 -0.1898659635440145 -0.20138391746023229 0.51417460898558298 -0.14631644722236239 -0.17335821873248491 0.53317797971087411 -0.58610302448272711 0.00037946366583523549 -0.16659939083997366 0.75641902122646576 -0.084973149887093952 0.65481644752952795 0.36822680152952669 -0.11882322629292806 0.30197555184364322 -0.4951655884583791 0.14638575524091721 -0.78880180716514592
leaf_weight=32 22 27 22 161 39 21 21 24 27 21 20 38 31 22 83 96 25 25 21 20 34 71 131 30 138 172 36 20 46 91 20 378 36 20 108 20 27 20 20
leaf_count=32 22 27 22 161 39 21 21 24 27 21 20 38 31 22 83 96 25 25 21 20 34 71 131 30 138 172 36 20 46 91 20 378 36 20 108 20 27 20 20
internal_value=-3.80199e-10 0.0115949 -0.00549026 -0.0141438 0.00471964 0.181688 0.931573 2.50053 -0.0346543 0.229576 0.0728734 0.492766 -0.084613 0.0469481 -0.0711569 -0.134481 -0.0457168 -0.316018 -0.146386 -0.0783724 -0.310527 -0.351683 -0.0353225 -0.0421851 -0.0223042 -0.0380985 -0.0106313 -0.276951 -0.122206 -0.0347708 -0.0118982 0.0122905 -0.014191 0.110396 -0.0427217 -0.0655285 -0.252345 -0.0665672 -0.56735
internal_weight=2216 2184 2162 2135 2022 368 112 45 1654 263 242 80 1391 42 1360 162 1232 128 256 181 75 113 1207 1180 1049 1019 847 91 67 811 673 582 562 164 128 398 123 41 45
internal_count=2216 2184 2162 2135 2022 368 112 45 1654 263 242 80 1391 42 1360 162 1232 128 256 181 75 113 1207 1180 1049 1019 847 91 67 811 673 582 562 164 128 398 123 41 45
is_linear=0
shrinkage=0.05


Tree=41
num_leaves=40
num_cat=0
split_feature=12 25 27 28 30 30 30 5 13 5 22 0 30 4 24 22 29 5 24 3 29 6 27 29 22 3 0 33 29 6 2 4 27 27 16 4 4 0 14
split_gain=7948.25 31850.8 5295.16 7674.32 5960.89 4058.45 3975.23 4852.06 18423 56173.1 33444.8 2559.91 2809.34 7165.24 7752.47 5939.22 2542.72 1830.15 1443.45 1917.37 6159.45 2750.52 1391.5 1351.93 1290 1079.07 1056 978.427 904.932 889.892 1459.93 1305.41 1175.2 2283.66 1852.79 879.597 871.997 867.804 803.416
threshold=-1.3754690289497373 -1.6300981044769285 -1.2386001944541929 -1.2250468134880064 -1.0270565152168272 -2.4608415365219112 1.2409112453460696 -0.14280929416418073 0.89478415250778209 0.12139206379652025 0.64222413301467907 0.86638915538787853 0.13834507763385775 0.1197384111583233 -0.26160989701747889 0.35531395673751837 0.27578224241733557 -0.36989144980907435 0.54888731241226207 1.461473882198334 0.04523908160626889 2.872025847434998 0.69523221254348766 -0.06245355308055877 0.054816808551549918 -0.18731062114238736 -0.47671638429164881 -0.047486165538430207 -0.26970542967319483 -0.083667501807212816 2.2576968073844914 0.75536695122718822 1.0000000180025095e-35 -0.21655220538377759 -0.51580002903938282 -0.61117294430732716 -0.060991562902927392 -0.057454250752925866 -0.034574896097183221
decision_type=2 2 2 2 2 2 2 2 2 2 2 2 2 2 2 2 2 2 2 2 2 2 2 2 2 2 2 2 2 2 2 2 2 2 2 2 2 2 2
left_child=5 -2 16 -4 -5 -1 7 17 11 -10 -11 12 13 15 -15 24 -3 18 19 21 -21 25 27 28 37 29 -27 -19 -13 30 31 32 33 -6 -35 -14 -7 -9 -25
right_child=1 2 3 4 6 36 -8 8 9 10 -12 23 35 14 -16 -17 -18 22 -20 20 -22 -23 -24 38 -26 26 -28 -29 -30 -31 -32 -33 -34 34 -36 -37 -38 -39 -40
leaf_value=-1.0846482493660667 1.8678812192833942 -0.22428665417669849 0.83754352200776339 0.86279233157634738 -0.031306546128221917 -0.084515364255223963 0.69653002917766571 0.074851779668230797 3.0175139642897109 1.6801242818832396 -0.48622237523236589 -0.18538962986692786 0.067266985534557275 1.4119432533329184 0.051788298487663267 0.6227662371937186 -0.83661050484293986 -0.45903118778856433 -0.13583876879132015 -0.29498113244771956 0.9021847565573724 0.5389270650311595 0.056674439534544943 -0.15758296247375639 -0.50285341342290246 -0.50102914463390003 -0.10766325469471907 -0.19003166081298384 0.13594364437919398 -0.11279534734475116 0.40633051460203923 0.27452842828650503 -0.10304532698335456 0.033323934674262999 0.69134324685386994 -0.1765401945201629 -0.51073832912814054 -0.23487497915824257 -0.47143788156522953
leaf_weight=22 23 88 28 20 140 28 20 49 21 25 62 50 56 22 20 32 21 49 299 21 22 21 40 38 21 22 76 109 39 180 23 39 231 20 23 109 21 42 44
leaf_count=22 23 88 28 20 140 28 20 49 21 25 62 50 56 22 20 32 21 49 299 21 22 21 40 38 21 22 76 109 39 180 23 39 231 20 23 109 21 42 44
internal_value=2.26989e-10 0.0172281 -0.00283085 0.0155484 0.00395353 -0.520482 -0.00478783 -0.0119993 0.102096 0.696529 0.136291 -0.0208907 0.0563937 0.189624 0.76425 0.0220249 -0.342257 -0.0666607 -0.0418262 -0.00746221 0.317522 -0.0254936 -0.206763 -0.179527 -0.149615 -0.0412135 -0.19597 -0.273456 -0.0445807 -0.0180945 0.0177168 -0.00201414 -0.0280653 0.0665817 0.385288 -0.0937935 -0.267182 -0.068099 -0.325993
internal_weight=2216 2145 2122 2013 1985 71 1965 1945 630 108 87 522 351 186 42 144 109 1315 1117 818 43 775 198 171 112 754 98 158 89 656 476 453 414 183 43 165 49 91 82
internal_count=2216 2145 2122 2013 1985 71 1965 1945 630 108 87 522 351 186 42 144 109 1315 1117 818 43 775 198 171 112 754 98 158 89 656 476 453 414 183 43 165 49 91 82
is_linear=0
shrinkage=0.05


Tree=42
num_leaves=40
num_cat=0
split_feature=30 7 9 30 18 12 29 24 14 7 23 12 5 3 3 5 13 4 4 26 16 3 33 15 20 2 30 9 0 3 27 5 17 33 33 30 33 3 0
split_gain=8283.38 3920.91 12317.8 6222.68 4758.72 3657.94 5435.97 3508.71 19332.2 5677.11 3942.3 10579.7 3443.46 2784.8 2712.93 2064.79 1909.83 1815.5 3798.6 1752.48 4509.27 16173.1 1572.44 2179.32 10901.6 2093.21 1365.77 1273.55 2634.27 1113.23 1998.03 1105.38 1032.41 1002.76 1316.82 1095.8 1098.75 1046.77 1493.54
threshold=-2.4608415365219112 -1.0144957304000852 -1.0193323493003843 1.0098809599876406 -1.5910865664482114 -1.3265537619590757 0.32382850348949438 1.6801680922508242 1.4663060307502749 1.6315463185310366 0.89250150322914135 0.85853010416030895 3.0898362398147587 0.59401896595954906 -0.4353517591953277 -0.56422135233879078 -1.4296321272850034 1.9706838726997378 1.8600328564643862 -0.96746560931205738 -0.98323765397071827 -0.015059832483530043 -0.047476824373006814 -0.19662933796644208 -0.24724111706018445 1.1408391594886782 -0.33657166361808771 -0.29893273115158076 0.58968329429626476 0.73319759964942943 -0.088992696255445466 0.73058363795280468 0.059342432767152793 -0.04748056270182132 -0.047481402754783623 0.37854303419590002 -0.047478476539254182 -0.31822121143341059 -0.64681804180145253
decision_type=2 2 2 2 2 2 2 2 2 2 2 2 2 2 2 2 2 2 2 2 2 2 2 2 2 2 2 2 2 2 2 2 2 2 2 2 2 2 2
left_child=-1 4 -3 7 16 6 -6 8 9 10 11 12 17 -12 -9 26 -2 18 19 -4 21 -21 33 24 25 29 -7 -25 -29 -24 -31 -15 -19 34 37 -35 -37 -22 -39
right_child=1 2 3 -5 5 15 -8 14 -10 -11 13 -13 -14 31 -16 -17 -18 32 -20 20 22 -23 23 27 -26 -27 -28 28 -30 30 -32 -33 -34 35 -36 36 -38 38 -40
leaf_value=0.88720543109453642 -0.32199304388917011 1.1905188234438273 -0.24254873329008075 0.68122175299760068 -0.20393547934034598 0.34895512596482325 0.92316836971789606 -0.0735488340022072 1.2044307468515454 0.78082704923369672 -0.12843185313898375 1.0389823983733855 -0.64006248387423437 -0.30807403212501888 -0.57862115116870927 -0.34084348834424033 -0.95959150480727351 -0.38246933322237886 0.65806169631806288 -0.12456130669560544 -0.0062090881183197964 1.5964666160941126 -0.1587648353420007 -0.27180344432275344 1.1907633950312932 0.42936760564816412 -0.13015002798216016 0.48166718487269605 -0.082690821045843688 -0.11981136570202894 0.52980274915695191 -0.79175011096177283 -0.080826632215364569 -0.22442381047808074 0.26562993699488674 0.33650400444865225 -0.14872400046193177 -0.55242384416716439 -0.089381213654197905
leaf_weight=26 23 22 73 33 23 21 20 63 33 22 118 24 22 21 46 101 24 46 22 43 519 20 78 47 24 29 51 26 101 29 20 27 74 136 38 20 28 21 102
leaf_count=26 23 22 73 33 23 21 20 63 33 22 118 24 22 21 46 101 24 46 22 43 519 20 78 47 24 29 51 26 101 29 20 27 74 136 38 20 28 21 102
internal_value=1.5337e-09 -0.010533 0.014183 0.000598015 -0.191627 -0.0924164 0.320299 -0.0114002 0.00562056 -0.0172469 -0.0275266 -0.00260285 -0.0190706 -0.259047 -0.286699 -0.194999 -0.647575 -0.00993837 0.00632774 -0.00426174 0.00931746 0.421797 -0.0120177 0.0767363 0.19871 0.0460867 0.00958898 -0.0494436 0.032847 -0.0414341 0.145337 -0.580142 -0.196456 -0.0483822 -0.0203623 -0.151934 0.0534543 -0.0372902 -0.168437
internal_weight=2216 2190 1927 1905 263 216 43 1872 1763 1730 1708 1542 1518 166 109 173 47 1496 1376 1354 1281 63 1218 354 180 156 72 174 127 127 49 48 120 864 680 184 48 642 123
internal_count=2216 2190 1927 1905 263 216 43 1872 1763 1730 1708 1542 1518 166 109 173 47 1496 1376 1354 1281 63 1218 354 180 156 72 174 127 127 49 48 120 864 680 184 48 642 123
is_linear=0
shrinkage=0.05


Tree=43
num_leaves=40
num_cat=0
split_feature=29 22 19 33 33 27 30 15 15 7 7 27 14 10 29 29 17 5 5 28 27 27 20 13 33 5 31 30 18 5 5 16 20 16 5 25 18 28 33
split_gain=7640.79 5805.88 8086.21 3451.55 8002.56 18225.9 6618 3098.81 15147.8 3101.02 13612.2 2293.13 8710.94 1965.31 1962.14 10082.9 8729.56 1724.19 1538.97 1357.52 1592.89 1614.91 3630.57 11732.4 1235.61 1193 1088.96 999.583 946.804 904.974 2745.07 2699.08 1931.95 2723.22 1098.23 962.997 791.095 1486.89 780.912
threshold=3.2934920787811284 -1.6923955082893369 -1.5992504954338072 -0.047459915280342095 -0.047463884577155106 1.0000000180025095e-35 1.0098809599876406 2.1951055526733403 1.8629074692726137 1.1276233196258547 1.0725600123405459 -1.1976896524429319 -0.41532169282436365 0.89332944154739391 -0.52172148227691639 -0.44785918295383448 -0.20419634878635404 -0.068570896983146654 -0.35242359340190882 1.7839784026145937 1.0399777889251711 0.54337596893310558 0.2236004322767258 -0.46182610094547266 -0.047461947426199906 -0.19084589928388593 2.8130685091018681 0.098575331270694747 0.23592943698167804 -0.08385527133941649 0.082089379429817214 -0.12453864887356757 0.037093298509716995 0.32547760009765631 -0.42011153697967524 -0.15596996992826459 0.47624233365058904 1.152373790740967 -0.047435864806175225
decision_type=2 2 2 2 2 2 2 2 2 2 2 2 2 2 2 2 2 2 2 2 2 2 2 2 2 2 2 2 2 2 2 2 2 2 2 2 2 2 2
left_child=1 -1 -3 4 6 -6 7 8 9 10 11 12 -4 14 -13 16 -16 -11 -9 20 21 29 23 27 -7 -15 28 -23 38 34 31 -31 35 -34 -17 -32 -24 -38 -5
right_child=-2 2 3 26 5 24 -8 18 -10 17 -12 13 -14 25 15 19 -18 -19 -20 -21 -22 22 36 -25 -26 -27 -28 -29 -30 30 32 -33 33 -35 -36 -37 37 -39 -40
leaf_value=-0.58497958321904031 0.88729677498340609 0.95546266748146591 1.0354048555547541 -0.23332778298583046 1.6589454176913325 -0.20093534343665645 0.66585805084970273 -0.18192404738494328 1.0705519007518889 -0.11433485044842273 1.202489096250223 -0.19059703511744738 -0.3716342601586472 -0.12815783700468589 -0.0037652616798877717 -0.033143901480608348 1.2816846862435343 -0.44780828296127972 -0.72334501175653365 0.33387705707550053 -0.20524240001361438 -0.23249994790038239 -0.33682492822408677 1.4206236761808395 0.27692996459275798 -0.53277076976052651 -0.50014064622961951 0.23130141894466114 0.18931895639747381 0.02384979141537439 -0.099567742397387832 0.82640785738825806 0.49633688546957511 -0.064172740992055166 -0.18319785649839201 -0.45764393694698813 0.34740747012197976 -0.20555794080418927 -0.043362591224836142
leaf_weight=43 24 22 22 159 24 31 36 35 32 113 23 150 22 49 25 425 28 59 21 25 127 26 24 20 24 29 23 21 20 22 57 20 31 72 171 28 20 31 82
leaf_count=43 24 22 22 159 24 31 36 35 32 113 23 150 22 49 25 425 28 59 21 25 127 26 24 20 24 29 23 21 20 22 57 20 31 72 171 28 20 31 82
internal_value=5.12432e-10 -0.00971493 0.00179572 -0.00806825 0.0169346 0.509266 -0.00511422 -0.0190928 -0.00683899 -0.0278612 -0.00432692 -0.0235358 0.331885 -0.0346982 -0.020319 0.00145568 0.67534 -0.228724 -0.384957 -0.0304335 -0.0387511 -0.0169077 0.138851 0.40634 0.0075877 -0.278591 -0.170323 -0.0252695 -0.141259 -0.0436847 0.0405629 0.40602 -0.0410818 0.104524 -0.0761963 -0.217522 -0.100106 0.0112912 -0.168692
internal_weight=2216 2192 2149 2127 1843 79 1764 1728 1672 1640 1468 1445 44 1401 1323 1173 53 172 56 1120 1095 968 142 67 55 78 284 47 261 826 230 42 188 103 596 85 75 51 241
internal_count=2216 2192 2149 2127 1843 79 1764 1728 1672 1640 1468 1445 44 1401 1323 1173 53 172 56 1120 1095 968 142 67 55 78 284 47 261 826 230 42 188 103 596 85 75 51 241
is_linear=0
shrinkage=0.05


Tree=44
num_leaves=40
num_cat=0
split_feature=30 29 30 22 28 28 5 5 22 28 28 29 23 5 14 23 24 7 29 30 0 29 3 15 16 30 18 8 12 26 13 5 23 29 29 33 28 21 29
split_gain=7574.65 3989.4 11816.1 6639.67 3239.38 8120.37 3269.31 18715.5 29868.8 7707.12 70820.3 3563.66 3504.62 2929.91 2613.98 3899.86 2343.27 2097.05 1358.57 1186.1 4482.19 2217.57 1160.7 994.714 2387.94 873.008 845.769 778.167 3126.23 1024.56 940.813 1135.06 775.909 757.4 1768.87 2269.51 923.995 1233.73 688.825
threshold=-2.4608415365219112 0.79209810495376598 1.0098809599876406 -1.6769025325775144 -1.3013150095939634 -1.2250468134880064 0.017676653340458873 0.11047465354204179 0.12176503613591196 -0.091142848134040819 -0.16141038388013837 -0.48707868158817286 0.89250150322914135 -0.39172627031803126 -0.69742432236671437 -1.0864874720573423 0.92707434296607982 0.92996451258659374 1.6874600648880007 -0.10449956357479094 0.91826033592224132 0.42881171405315405 -0.82257151603698719 0.032859392464160926 0.32547760009765631 -0.014886674005538223 -1.5650190114974973 -0.64500421285629261 -0.54709434509277333 -0.40620639920234675 -0.33862903714179987 -0.092589199542999254 1.9635235071182253 0.03774936497211457 0.14262133836746219 -0.047486081719398492 0.8128546178340913 1.11770635843277 -0.55690127611160267
decision_type=2 2 2 2 2 2 2 2 2 2 2 2 2 2 2 2 2 2 2 2 2 2 2 2 2 2 2 2 2 2 2 2 2 2 2 2 2 2 2
left_child=-1 2 3 -2 26 -6 17 8 -8 10 11 -9 23 14 15 -3 -13 19 -15 20 21 38 32 -11 -25 -26 -5 -21 -29 -30 -31 33 -19 -32 35 -35 -36 -38 -7
right_child=1 13 -4 4 5 6 7 9 -10 12 -12 16 -14 18 -16 -17 -18 22 -20 27 -22 -23 -24 24 25 -27 -28 28 29 30 31 -33 -34 34 36 -37 37 -39 -40
leaf_value=0.84840213518876306 0.8220484372849266 -0.14899459806355564 1.0297921121120452 -0.59318899479694664 0.78915515164844696 -0.21539898872071384 -0.084533785223960878 0.421740750853832 2.5078560993075372 -0.26105618758021659 2.9101919078691441 -0.13064755168945894 -0.50429034418747076 -0.30948081178623332 -0.36274680930214959 0.73583673000335692 -0.71703401684761048 -0.15082905184606027 -0.73478957712650306 -0.15260945199988785 0.76127284623327718 0.39487515527289363 -0.3037560068978733 0.34696065156410139 0.089469073360992801 -0.20430336698013193 -0.22508334810255282 0.39996674239086227 -0.24168738453515939 0.22891567426343121 -0.12675422842902215 0.274390655040741 0.20387431383132937 -0.05849137957449313 -0.16884865218585512 0.60974981930727767 0.33701180083712995 -0.097414457069879223 -0.0056963604470328371
leaf_weight=26 24 33 28 20 32 49 25 26 20 53 22 115 61 57 37 20 20 58 28 176 21 32 119 36 36 85 71 39 70 31 275 25 21 27 109 24 26 44 195
leaf_count=26 24 33 28 20 32 49 25 26 20 53 22 115 61 57 37 20 20 58 28 176 21 32 119 36 36 85 71 39 70 31 275 25 21 27 109 24 26 44 195
internal_value=-6.02766e-10 -0.0100724 0.00981527 -0.00455783 -0.0146641 -0.0005026 -0.0142358 0.0950223 1.06764 -0.00138254 0.249313 -0.114285 -0.170672 -0.239064 -0.0402413 0.184904 -0.21752 -0.0548918 -0.449583 -0.0288681 0.0570956 0.0035169 -0.20512 -0.0737633 -0.010537 -0.1169 -0.305986 -0.0590469 -0.0344692 -0.0613203 -0.0388146 -0.0544742 -0.0565408 -0.0707547 -0.00379871 0.255975 -0.0778125 0.0639439 -0.0478088
internal_weight=2216 2190 2015 1987 1963 1872 1840 499 45 454 183 161 271 175 90 53 135 1341 85 1143 297 276 198 210 157 121 91 846 670 631 561 530 79 505 230 51 179 70 244
internal_count=2216 2190 2015 1987 1963 1872 1840 499 45 454 183 161 271 175 90 53 135 1341 85 1143 297 276 198 210 157 121 91 846 670 631 561 530 79 505 230 51 179 70 244
is_linear=0
shrinkage=0.05


Tree=45
num_leaves=40
num_cat=0
split_feature=11 25 28 28 30 30 5 30 5 23 11 4 12 27 33 27 13 24 3 29 11 10 7 10 30 15 15 4 9 13 9 29 33 27 5 27 27 3 25
split_gain=7868.69 27804.7 5349.04 12042.6 5106.2 4180.21 3386.9 3076.81 3025.58 20514 55076.8 8135.83 2858.32 1985.75 2055.17 2414.13 4193.49 2264.89 2747.2 1854.17 1602.44 7867.19 1263.11 3107.11 1245.5 944.092 883.044 859.96 795.695 1148.68 1270.73 1063.35 747.932 2396.21 1109.73 714.324 1563.07 980.599 931.932
threshold=-1.3570068478584287 -1.6300981044769285 -1.2761740088462827 -1.2250468134880064 -1.0270565152168272 -2.4608415365219112 3.3049092292785649 1.2409112453460696 -0.14280929416418073 1.0580972433090212 1.2957069873809817 0.21563594788312915 0.88168898224830639 0.78191867470741283 -0.047486113384366029 0.48457282781600958 -0.32651410996913904 -0.70586934685707081 0.44174924492836004 0.27578224241733557 0.12364168837666513 0.10101350769400598 -0.14751520752906797 -0.079280219972133623 0.78961768746376049 1.8295560479164126 2.0906820297241215 -0.15443019568920133 -1.2198464870452879 -1.1782376766204832 -1.0918279290199278 1.0929369330406191 -0.047477655112743371 -0.44540180265903467 0.45000614225864416 0.54337596893310558 0.63007193803787243 1.5014359951019289 0.17103423923254016
decision_type=2 2 2 2 2 2 2 2 2 2 2 2 2 2 2 2 2 2 2 2 2 2 2 2 2 2 2 2 2 2 2 2 2 2 2 2 2 2 2
left_child=5 -2 19 -4 -5 -1 7 8 20 12 -11 -12 13 14 -10 17 -17 18 -16 -3 21 28 -19 -24 25 -22 -27 -7 -6 -30 -31 35 34 -34 -25 37 -37 -32 -38
right_child=1 2 3 4 6 27 -8 -9 9 10 11 -13 -14 -15 15 16 -18 22 -20 -21 24 -23 23 32 -26 26 -28 -29 29 30 31 -33 33 -35 -36 36 38 -39 -40
leaf_value=-1.1046776684847746 1.7085889856020611 -0.22868572275671695 1.2369140327721835 0.79876069664955152 -0.30752942059878952 -0.038167319067923186 0.62739410116558991 0.60598274052143097 0.52469224617594767 2.9521741075949239 -0.52666113395243885 0.75886988088488583 -0.48363956501989658 -0.21631912658611935 -0.0241612800236406 -0.10891520919588704 0.83587868187738512 -0.23413575620430971 0.73756567001342777 -0.71543135300092409 -0.085732782524636675 0.91824326929212985 0.42549202038961298 -0.027818151590664215 -0.51289005376398566 -0.54692723249847242 -0.1574588727119357 -0.49117707148194312 0.32467794607986106 -0.43506186544895176 -0.060224808542100529 0.30347968594211605 0.483956190943718 -0.13377209159558359 -0.400380927302803 0.42864476806399499 0.084705320972355863 -0.35679597735404966 -0.12430570155087084
leaf_weight=22 24 90 20 20 27 22 21 20 21 22 32 20 33 90 29 24 23 92 20 25 461 22 34 41 20 22 43 20 22 20 393 23 20 73 39 22 113 30 101
leaf_count=22 24 90 20 20 27 22 21 20 21 22 32 20 33 90 29 24 23 92 20 25 461 22 34 41 20 22 43 20 22 20 393 23 20 73 39 22 113 30 101
internal_value=-7.1421e-10 0.0162482 -0.00283835 0.016109 0.00385811 -0.546346 -0.0041997 -0.0109945 -0.0173814 0.0744017 0.855028 -0.0322261 -0.0327714 -0.003367 0.0427044 0.0170797 0.353431 -0.028347 0.286748 -0.3345 -0.0600373 -0.0137199 -0.0799846 -0.011473 -0.125611 -0.110886 -0.289279 -0.253886 -0.041021 -0.0310822 -0.0422314 -0.0307114 -0.0973505 -0.0009273 -0.209443 -0.0423751 0.0273178 -0.0812582 -0.0139401
internal_weight=2216 2152 2128 2013 1993 64 1973 1952 1932 613 74 52 539 506 416 395 47 348 49 115 1319 773 299 207 546 526 65 42 751 724 702 682 173 93 80 659 236 423 214
internal_count=2216 2152 2128 2013 1993 64 1973 1952 1932 613 74 52 539 506 416 395 47 348 49 115 1319 773 299 207 546 526 65 42 751 724 702 682 173 93 80 659 236 423 214
is_linear=0
shrinkage=0.05


Tree=46
num_leaves=40
num_cat=0
split_feature=30 7 9 18 30 15 6 5 16 29 18 19 7 8 5 12 23 10 20 19 10 12 13 12 3 7 7 30 6 6 23 10 3 5 7 8 5 3 15
split_gain=7614.81 3689.13 10817.6 4690.93 4593.98 3408.95 3130.82 5418.26 4719.61 22806.1 3917.08 13540.3 2885.63 8172.87 2579.83 2131.24 1655.11 1641.22 2087.06 5871.34 2499.86 8694.9 2318.49 1740.33 3274.02 2136.68 2348.64 1768.99 1233.49 3784.01 1224.06 4431.67 1112.11 1076.12 1644.53 975.262 944.496 926.769 765.84
threshold=-2.4608415365219112 -1.0144957304000852 -1.0193323493003843 -1.5910865664482114 1.0098809599876406 -1.513170003890991 -0.41304950416088099 3.0898362398147587 1.840181350708008 -0.3661032766103744 -1.0022060871124265 -1.1045494675636289 1.1276233196258547 1.1091161370277407 2.16840672492981 -1.3944663405418394 -1.0090146660804746 0.57539084553718578 -0.10971026122570036 -0.050829095765948289 -0.42161588370800013 -0.30952669680118555 0.039785401895642288 0.15794625878334048 -0.14528142660856244 0.32105529308319097 0.40063431859016424 0.23093944787979129 3.2509608268737797 2.5557608604431157 -0.50766867399215687 -0.57133969664573658 -0.024016872979700562 -0.56422135233879078 -1.172109007835388 1.1315546631813052 -0.1493597403168678 0.92474040389060985 1.8295560479164126
decision_type=2 2 2 2 2 2 2 2 2 2 2 2 2 2 2 2 2 2 2 2 2 2 2 2 2 2 2 2 2 2 2 2 2 2 2 2 2 2 2
left_child=-1 3 -3 15 6 -5 7 8 10 -10 11 -4 13 17 28 -2 33 18 30 -20 -21 -22 -23 24 -24 -25 -27 -28 29 38 31 -12 -11 34 -7 -14 -35 -37 -8
right_child=1 2 4 5 -6 16 14 -9 9 32 12 -13 35 -15 -16 -17 -18 -19 19 20 21 22 23 25 -26 26 27 -29 -30 -31 -32 -33 -34 36 -36 37 -38 -39 -40
leaf_value=0.85064821059887219 -0.32259983555600047 1.1162560124288905 -0.25191733837127689 0.53456558696925638 0.58595236973329035 -0.16396033791608589 -0.072033646748338259 0.83505223081225444 1.8408231762051583 0.057386656957013275 -0.096858761342359601 1.4391756034828722 0.020402951476474605 0.98447661094722294 -0.65536953657865527 -0.99736611138690601 -0.54919628870228065 -0.16757126616506743 0.75719030643663099 -0.40492348690228219 1.0640570007619405 -0.17859621311582272 0.84209971584024901 -0.14593919061035629 0.028097331623236341 0.64188835769891739 -0.18803172012170155 0.40790379598736765 -0.35137479934745874 0.61504250850994147 -0.1452310919419888 0.51062324846065354 -0.45130723660642452 -0.37990801971067084 0.30137156099081042 -0.24383578102570028 -0.065149327954993799 -0.62002261822873894 -0.34960394249512605
leaf_weight=26 25 22 29 20 33 43 562 21 20 21 143 20 24 21 20 22 23 145 31 29 21 105 21 84 30 23 33 20 39 20 218 38 22 44 34 64 52 22 26
leaf_count=26 25 22 29 20 33 43 562 21 20 21 143 20 24 21 20 22 23 145 31 29 21 105 21 84 30 23 33 20 39 20 218 38 22 44 34 64 52 22 26
internal_value=-3.52062e-10 -0.010099 0.0138753 -0.185759 0.00114443 -0.0872573 -0.00916468 0.0389431 0.024823 0.445918 0.00115751 0.438325 -0.0188249 0.00891473 -0.0960761 -0.638448 -0.150709 -0.0128566 0.0153264 0.0964919 0.0405311 0.078864 0.0133923 0.108932 0.363275 0.0278598 0.219953 0.0368496 -0.0787873 -0.0613022 -0.0654323 0.0306789 -0.202875 -0.0977305 0.0415109 -0.261421 -0.209414 -0.34007 -0.0843072
internal_weight=2216 2190 1927 263 1905 216 1872 1205 1184 63 1121 49 1072 962 667 47 196 941 796 397 366 337 316 211 51 160 76 53 647 608 399 181 43 173 77 110 96 86 588
internal_count=2216 2190 1927 263 1905 216 1872 1205 1184 63 1121 49 1072 962 667 47 196 941 796 397 366 337 316 211 51 160 76 53 647 608 399 181 43 173 77 110 96 86 588
is_linear=0
shrinkage=0.05


Tree=47
num_leaves=40
num_cat=0
split_feature=12 25 33 12 4 30 30 33 19 15 16 7 7 7 28 5 12 29 29 29 27 5 5 5 30 31 29 29 15 29 29 33 15 20 9 0 33 7 30
split_gain=7378.99 26450.5 4768.83 8701.6 5828.89 4445.85 3952.89 3394.49 4400.72 2690.94 14705.3 21825.9 2549.63 12729.6 2689.25 8419.93 2379.83 2114.7 1584.01 9226.3 8267.31 1421.05 1387.51 1099.75 1053.77 1229.71 1274.65 2050.59 996.671 1316.02 2491.4 1204.61 2475.16 5604.29 1690.36 2043.56 1366.51 1330.86 965.484
threshold=-1.3754690289497373 -1.6300981044769285 -0.047459915280342095 -1.2313437461853025 2.1176037788391118 -2.4608415365219112 1.0098809599876406 -0.047462873160839074 -0.65598705410957325 2.1951055526733403 1.840181350708008 1.3450282812118532 1.1276233196258547 1.0725600123405459 -1.2250468134880064 -0.32185484468936915 0.99506542086601268 1.6874600648880007 -0.52172148227691639 -0.44785918295383448 -0.099173549562692628 -0.35242359340190882 -0.068570896983146654 -0.19084589928388593 0.51504388451576244 2.8130685091018681 0.18635816127061847 0.42881171405315405 -0.832698494195938 0.45624069869518286 0.38735149800777441 -0.047476824373006814 -0.19662933796644208 -0.29294894635677332 -0.29893273115158076 0.62241578102111828 -0.047471635043621056 0.59595096111297619 0.05640011094510556
decision_type=2 2 2 2 2 2 2 2 2 2 2 2 2 2 2 2 2 2 2 2 2 2 2 2 2 2 2 2 2 2 2 2 2 2 2 2 2 2 2
left_child=5 -2 3 -3 6 -1 7 9 -9 10 12 -12 13 14 15 -5 18 24 -16 20 -20 -11 -14 -18 25 26 -4 -28 -21 30 31 38 33 36 -34 -36 -33 -37 -30
right_child=1 2 17 4 -6 -7 -8 8 -10 21 11 -13 22 -15 16 -17 23 -19 19 28 -22 -23 -24 -25 -26 -27 27 -29 29 -31 -32 32 34 -35 35 37 -38 -39 -40
leaf_value=-1.0919761961156673 1.7030838157819668 1.0156963012096556 -0.17932408950500078 1.1043529758695514 0.86422394886612897 -0.23638339167346759 0.52460349069701306 0.97661212943494324 -0.037502328727556315 -0.15994633734226227 -0.16725223252380439 2.1149494421482085 -0.10886714117618922 1.1865318149328232 -0.17461761101693304 -0.34650320187211037 -0.16251353787318354 -0.6910223329067231 0.1145875352524942 -0.16175415508863 1.3819412231445314 -0.68307317211514429 -0.4142757555894685 -0.61334187587102251 -0.46539939975738531 -0.48832283928280784 0.48389784236523242 -0.090339312554811535 -0.13148460686121374 -0.15755759838014399 0.43913350163493309 0.31465001414929117 -0.38091724270156457 1.0383004671335221 0.51198860287666326 -0.13272246747151203 -0.17505565907420784 0.31394549132812594 0.0001406477327540594
leaf_weight=22 23 22 134 20 20 49 36 20 23 34 22 20 107 22 154 20 31 20 31 135 22 21 57 24 25 21 22 53 218 143 32 28 28 20 20 81 29 21 386
leaf_count=22 23 22 134 20 20 49 36 20 23 34 22 20 107 22 154 20 31 20 31 135 22 21 57 24 25 21 22 53 218 143 32 28 28 20 20 81 29 21 386
internal_value=1.10722e-09 0.0165997 -0.00167986 0.0272427 0.0153271 -0.501497 0.005921 -0.00463444 0.434179 -0.0155666 -0.00424015 0.91951 -0.0280569 -0.0071278 -0.0253264 0.378925 -0.0368517 -0.195934 -0.0236979 -0.00423257 0.640659 -0.359686 -0.215015 -0.359239 -0.157104 -0.123593 -0.0869457 0.0781036 -0.0341881 -0.0170694 0.00620966 -0.0104613 0.0877358 0.318177 -0.0305572 0.0498533 0.0655015 -0.0407614 -0.0473665
internal_weight=2216 2145 2122 1847 1825 71 1805 1769 43 1726 1671 42 1629 1465 1443 40 1403 275 1348 1194 53 55 164 55 255 230 209 75 1141 1006 863 831 227 77 150 122 57 102 604
internal_count=2216 2145 2122 1847 1825 71 1805 1769 43 1726 1671 42 1629 1465 1443 40 1403 275 1348 1194 53 55 164 55 255 230 209 75 1141 1006 863 831 227 77 150 122 57 102 604
is_linear=0
shrinkage=0.05


Tree=48
num_leaves=40
num_cat=0
split_feature=30 7 9 27 6 30 5 16 15 18 29 4 7 8 5 10 20 19 10 12 13 33 3 10 24 6 6 13 12 23 10 23 8 11 33 30 4 15 3
split_gain=7634.44 3408.43 9593.47 4609.73 4231.02 8147.93 4912.53 4045.26 20290.5 3417.78 12458.2 2515.29 2378.73 7356.06 2232.86 1496.73 1879 5195.61 1762.58 8821.71 2134.12 1731.1 10669.6 1729.21 1138.61 1091.53 3269.15 1139.48 4307.97 1089.27 3992.04 896.882 880.189 897.739 769.63 694.596 2018.96 623.126 586.703
threshold=-2.4608415365219112 -1.0144957304000852 -1.0193323493003843 -1.8494415283203123 -0.41304950416088099 1.0098809599876406 3.0898362398147587 1.840181350708008 2.1951055526733403 -1.0022060871124265 -0.0043747618328779927 0.70803293585777294 1.1276233196258547 1.1091161370277407 -0.47797383368015284 0.57539084553718578 -0.10971026122570036 -0.065883025527000413 -0.42161588370800013 -0.30952669680118555 0.039785401895642288 -0.047486685216426842 -0.31822121143341059 0.43079948425292974 0.15813858807086947 3.2509608268737797 2.5557608604431157 -0.57643339037895192 -0.70535328984260548 -0.50766867399215687 -0.57133969664573658 -1.0090146660804746 1.1315546631813052 1.5929055213928225 -0.047477655112743371 -0.063162293285131441 -1.0113607645034788 0.32514695823192602 -0.72611108422279347
decision_type=2 2 2 2 2 2 2 2 2 2 2 2 2 2 2 2 2 2 2 2 2 2 2 2 2 2 2 2 2 2 2 2 2 2 2 2 2 2 2
left_child=-1 3 -3 -2 5 6 7 9 -9 10 -4 31 13 15 25 16 29 -18 -19 -20 38 37 -23 24 -24 26 27 28 -6 30 -11 35 -14 -34 -26 36 -5 -22 -21
right_child=1 2 4 11 14 -7 -8 8 -10 12 -12 -13 32 -15 -16 -17 17 18 19 20 21 22 23 -25 34 -27 -28 -29 -30 -31 -32 -33 33 -35 -36 -37 -38 -39 -40
leaf_value=0.85174413919448855 -0.76233142455418912 1.0510655809532512 -0.25060849970784682 0.34326071774959566 -0.12049672223376827 0.98850260402845302 0.79652259803953629 1.4510176101216565 -0.36221636037031812 -0.091107596564139207 1.3715040066838267 0.28689286768436434 0.031931513796250026 0.93517191495214191 -0.39329756673236016 -0.15875936854759168 0.79065626835823055 -0.31494467614158506 1.0472359285435893 0.066949850232118663 0.069321487260901413 1.2384788965895064 0.18116374736832036 0.35374993787657832 -0.33589953717432525 -0.3385379268891282 0.57334217321127656 -0.11151193212615654 0.60249416258718291 -0.13600309905724242 0.48545565538500485 -0.4818597498571589 -0.47206609793830401 -0.14897442515506301 -0.0084487260702778323 -0.23586969178339301 -0.18660841640084982 -0.26764911218162846 -0.22783966230358496
leaf_weight=26 30 22 29 25 78 23 21 27 36 143 20 35 24 21 59 145 25 31 22 21 23 21 31 31 38 36 20 456 28 218 38 21 43 43 34 88 64 34 86
leaf_count=26 30 22 29 25 78 23 21 27 36 143 20 35 24 21 59 145 25 31 22 21 23 21 31 31 38 36 20 456 28 218 38 21 43 43 34 88 64 34 86
internal_value=7.94314e-11 -0.010112 0.0129322 -0.178957 0.00094326 0.0562706 0.038477 0.0250319 0.414884 0.00312232 0.411478 -0.103844 -0.0155432 0.00964248 -0.0994142 -0.0110123 0.0159015 0.0929151 0.0460239 0.0788393 0.0120533 0.103931 0.190574 0.0263499 -0.072188 -0.0713574 -0.0548308 -0.0771857 0.070482 -0.0607262 0.0299388 -0.172914 -0.235804 -0.31052 -0.18127 -0.13626 -0.0377688 -0.131679 -0.169984
internal_weight=2216 2190 1927 263 1905 1228 1205 1184 63 1121 49 233 1072 962 677 941 796 397 372 341 319 212 155 134 103 618 582 562 106 399 181 198 110 86 72 177 89 57 107
internal_count=2216 2190 1927 263 1905 1228 1205 1184 63 1121 49 233 1072 962 677 941 796 397 372 341 319 212 155 134 103 618 582 562 106 399 181 198 110 86 72 177 89 57 107
is_linear=0
shrinkage=0.05


Tree=49
num_leaves=40
num_cat=0
split_feature=29 21 19 5 5 5 8 30 16 29 30 13 29 29 30 27 3 11 29 5 6 3 3 5 29 26 29 5 31 3 30 30 0 33 33 0 16 30 3
split_gain=7262.88 5693.71 6729.31 3278.31 2909.32 8036.71 17665.2 7359.57 3526.02 26912.1 3047.61 2276.99 1611.88 5804.64 11801.7 6493.08 1554.37 1377.81 1687.76 1195.81 1141.03 1098.65 1985.53 1607.89 4092.26 1407.5 966.553 4206.64 1844.87 938.357 915.985 4199.52 1641.73 852.674 820.75 782.996 740.753 716.825 716.161
threshold=3.2934920787811284 -1.6710991859436033 -1.5992504954338072 3.5429087877273564 0.93583095073699962 0.700014889240265 -0.039666689932346337 1.0098809599876406 1.840181350708008 -0.46025393903255457 0.68561020493507396 0.88261732459068309 -0.52172148227691639 -0.46025393903255457 -0.014886674005538223 -1.1976896524429319 -0.64549770951271046 0.96811065077781688 -0.53842404484748829 -0.28255215287208552 2.5032929182052617 0.78211680054664623 0.042127428576350219 -0.37425841391086573 0.19646847248077395 0.59501159191131603 0.35684481263160711 -0.14717625826597211 -1.155254542827606 0.95643454790115368 0.098575331270694747 0.15367031842470172 -0.73285263776779164 -0.047335436567664139 -0.047461293637752526 -0.47671638429164881 0.84721967577934276 0.17855016142129901 -0.5635063350200652
decision_type=2 2 2 2 2 2 2 2 2 2 2 2 2 2 2 2 2 2 2 2 2 2 2 2 2 2 2 2 2 2 2 2 2 2 2 2 2 2 2
left_child=1 33 -3 4 5 7 -7 8 11 -10 17 12 -4 14 -14 -15 -11 18 -6 -13 21 22 26 24 -23 35 30 28 -28 -25 -17 32 -32 -1 -30 -24 -21 -20 -33
right_child=-2 2 3 -5 10 6 -8 -9 9 16 -12 19 13 15 -16 20 -18 -19 37 36 -22 23 25 29 -26 -27 27 -29 34 -31 31 38 -34 -35 -36 -37 -38 -39 -40
leaf_value=-0.79668528816916728 0.86507599602142971 0.87190761782906279 -0.14786448627710344 0.63005953490734101 0.27915824564366509 -0.14808171946426918 1.7834996056556702 0.67983092304907355 1.8936820000410082 0.054750754137833917 -0.76499772697687152 -0.12131284201811804 1.4680868909507989 0.85449253412939263 -0.14746185546884169 -0.10626393783711277 -0.43903326006496651 -0.43178481440390315 -0.21352424476787732 -0.60941875939783852 -0.2738369669923757 -0.0094469520236764651 -0.53012521707493332 0.28658800944685936 0.8871220085769892 0.15102452312906584 0.41651387400925161 0.77163326445966962 -0.10630431085938717 -0.07409238837473095 0.13416633519303542 -0.013212358942347589 0.71408710609405091 -0.35126013443583537 0.19193116942686694 -0.21077709571811659 -0.2397780428555879 -0.0026298601810748764 -0.19879408485655276
leaf_weight=22 24 22 204 20 29 29 20 38 20 30 20 152 20 21 26 295 34 31 106 23 47 35 23 22 20 24 24 20 131 100 23 202 26 21 28 116 33 65 70
leaf_count=22 24 22 204 20 29 29 20 38 20 30 20 152 20 21 26 295 34 31 106 23 47 35 23 22 20 24 24 20 131 100 23 202 26 21 28 116 33 65 70
internal_value=1.00865e-10 -0.00947163 0.00192728 -0.00707111 -0.0131189 0.00848748 0.640319 -0.00864574 -0.023435 0.292727 -0.172885 -0.0391961 -0.0173843 0.00352533 0.554951 -0.0171475 -0.207572 -0.12162 -0.0735446 -0.194081 -0.0323253 -0.0225315 -0.0431991 0.0921327 0.316578 -0.202567 -0.0114811 0.0831389 0.00789367 -0.00905166 -0.0426627 0.0157869 0.441879 -0.579152 -0.0537849 -0.263619 -0.391595 -0.13336 -0.0609724
internal_weight=2216 2192 2149 2127 2107 1856 49 1807 1769 84 251 1685 1477 1273 46 1227 64 231 200 208 1206 1159 982 177 55 163 819 203 183 122 616 321 49 43 159 139 56 171 272
internal_count=2216 2192 2149 2127 2107 1856 49 1807 1769 84 251 1685 1477 1273 46 1227 64 231 200 208 1206 1159 982 177 55 163 819 203 183 122 616 321 49 43 159 139 56 171 272
is_linear=0
shrinkage=0.05


Tree=50
num_leaves=40
num_cat=0
split_feature=30 29 30 22 0 28 28 30 30 9 7 11 6 3 29 27 8 24 5 4 2 12 8 12 6 21 27 0 28 30 30 3 4 26 28 27 11 20 11
split_gain=6997.7 3609.48 8642.77 5186.4 3186.01 2913.24 6769.91 3024.95 9745.01 26248.4 7158.54 3771.85 2894.56 2454.17 2290.46 1943.5 1880.95 1536.01 2323.24 1434 2139.69 3959.76 1774.33 4573.07 3006.02 1374.71 1295.01 1354.48 1253.74 1253.43 1538.74 4056.38 1193.79 1182.11 1161.54 1599.22 2868.68 3855.3 1061.37
threshold=-2.4608415365219112 0.79209810495376598 1.0098809599876406 -1.6769025325775144 2.9056415557861333 -1.3013150095939634 -1.2250468134880064 0.18768508732318881 0.11983910948038103 1.2217946052551272 2.0837219953536992 0.94788303971290599 2.872025847434998 -0.82119348645210255 -0.41597388684749598 -0.13236420601606366 -1.0384363532066343 0.99694806337356578 -0.16027715057134626 -1.0347204208374021 1.0000000180025095e-35 0.11038151755928995 -0.2092020437121391 -0.6477123200893401 -0.19443313032388684 0.52076053619384777 -0.032259343191981309 -0.37333177030086512 -0.6225130259990691 0.27967716753482824 0.31340506672859197 -0.037107933312654488 0.92011401057243358 -0.81897351145744313 1.5616339445114138 0.43099544942379003 -0.37993216514587397 0.52526456117630016 0.70260643959045421
decision_type=2 2 2 2 2 2 2 2 2 2 2 2 2 2 2 2 2 2 2 2 2 2 2 2 2 2 2 2 2 2 2 2 2 2 2 2 2 2 2
left_child=-1 2 3 -2 5 -5 -7 8 10 14 11 12 19 16 -10 33 -3 29 -19 26 34 22 23 32 -25 -13 27 -8 -17 -9 31 -31 -22 -15 35 -21 -37 -38 -16
right_child=1 13 -4 4 -6 6 7 17 9 -11 -12 25 -14 15 38 28 -18 18 -20 20 21 -23 -24 24 -26 -27 -28 -29 -30 30 -32 -33 -34 -35 -36 36 37 -39 -40
leaf_value=0.8154515092189496 0.72750778533518323 0.41016876957463949 0.88156200136457175 -0.29465002719271971 0.61585947692394261 0.71606398187577724 -0.17883219388516056 -0.18905036488483695 0.53791400766180408 2.0321473924886613 0.90402307957410821 -0.038793072814033151 0.57343570483848461 -0.38277079430134858 0.12607289285592313 0.15192130293164935 -0.19434294527576818 -0.079740206412522191 -0.49876150152900006 -0.10630351775132429 0.046445139461796577 0.62723382833329122 -0.24451265118338844 1.0051046389341356 0.13821128737181426 -0.51202676761568644 -0.34269769075467732 0.31403970606625081 -0.31595416693223849 -0.13325038757817498 -0.052516448525122453 0.79235011301934721 -0.33757459671635714 -0.85314426063136628 -0.40689983155655984 -0.11152336206287146 0.91400515351976674 0.0031454265117645264 -0.24862483882385755
leaf_weight=26 24 22 28 91 20 32 46 145 31 21 20 21 20 34 106 21 31 83 55 313 73 33 44 20 20 57 66 20 45 29 395 20 28 22 24 60 21 26 23
leaf_count=26 24 22 28 91 20 32 46 145 31 21 20 21 20 34 106 21 31 83 55 313 73 33 44 20 20 57 66 20 45 29 395 20 28 22 24 60 21 26 23
internal_value=-1.44363e-10 -0.00968116 0.00923581 -0.00305666 -0.0119887 -0.0184513 -0.00488003 -0.017556 0.0350156 0.370142 -0.0314954 -0.0524711 -0.0206438 -0.227497 0.152004 -0.35091 0.0565864 -0.0965941 -0.246741 -0.035608 -0.00560306 0.122683 0.032682 0.119182 0.571658 -0.384618 -0.186087 -0.0294771 -0.167085 -0.0614152 -0.0197326 0.244546 -0.0600158 -0.56756 -0.0685903 -0.0492584 0.117612 0.410125 0.0592663
internal_weight=2216 2190 2015 1987 1963 1943 1852 1820 1093 181 912 892 814 175 160 122 53 727 138 794 662 218 185 141 40 78 132 66 66 589 444 49 101 56 444 420 107 47 129
internal_count=2216 2190 2015 1987 1963 1943 1852 1820 1093 181 912 892 814 175 160 122 53 727 138 794 662 218 185 141 40 78 132 66 66 589 444 49 101 56 444 420 107 47 129
is_linear=0
shrinkage=0.05


Tree=51
num_leaves=40
num_cat=0
split_feature=11 25 28 28 12 30 27 28 30 33 13 29 30 30 4 8 30 13 29 30 12 4 29 29 21 5 4 3 5 30 30 15 20 4 30 30 30 31 0
split_gain=7293.6 23115.6 5082.44 9217.34 5132.54 4540.31 3544.93 24359.7 14645.9 4253.6 17354.5 5211.23 5227.52 12892 6777.9 3657.25 3633.91 1858.22 1745.35 1737.96 1546.58 1262.18 1484.24 4818.92 1393.12 1198.62 1021.05 1016.54 1858.38 3303.9 1427.78 2870.47 915.374 822.097 819.089 748.903 1031.02 1112.73 3629.02
threshold=-1.3570068478584287 -1.6300981044769285 -1.2388885617256162 -1.197591185569763 -1.2313437461853025 -2.4608415365219112 0.25011114776134497 1.6180556416511538 0.95535138249397289 -0.04747741483151912 0.89478415250778209 -0.1960262060165405 -0.18787831068038938 -0.043311089277267449 0.25682270526885992 0.96793350577354442 1.0098809599876406 0.97933045029640209 -0.0086820246651768667 -0.65878006815910328 -0.92192900180816639 -1.0371792912483213 0.42881171405315405 0.49154929816722875 -0.29619945585727686 -0.13407536596059796 2.0690402984619145 -0.22865080833435056 -0.08385527133941649 0.18555630743503573 0.27116943895816809 0.24344982206821444 0.065395638346672072 -0.15443019568920133 0.30846130847930914 0.6492697298526765 0.20974023640155795 0.22507857531309131 0.56464204192161571
decision_type=2 2 2 2 2 2 2 2 2 2 2 2 2 2 2 2 2 2 2 2 2 2 2 2 2 2 2 2 2 2 2 2 2 2 2 2 2 2 2
left_child=5 -2 18 -4 -5 -1 7 8 9 17 11 12 -11 -14 -15 16 19 27 -3 -8 -13 34 35 -24 -25 -19 -22 28 -6 -30 -29 -32 -16 -7 -21 36 37 -23 -39
right_child=1 2 3 4 6 33 15 -9 -10 10 -12 20 13 14 32 -17 -18 25 -20 21 26 22 23 24 -26 -27 -28 30 29 -31 31 -33 -34 -35 -36 -37 -38 38 -40
leaf_value=-1.1078851851550016 1.5586993823448818 -0.19170753053065553 0.9917588648075859 0.58931124588927708 -0.026629059818985674 -0.010289253768595782 -0.47224401442900954 1.5922981247901917 1.2643355473228124 -0.21642280076001144 1.4027631445527078 0.21531310429175698 1.6109369906783106 0.88846237115238036 -0.33071164237014178 -0.56256180136249623 -0.71285619423502977 -0.13633769185829711 -0.60235741577214663 -0.30661151827480948 -0.13025409439988669 -0.080392315556916102 0.86390211667865524 0.2672704794211313 -0.14628836210551008 -0.42409729866683482 -0.50931295692920686 -0.25766210183501242 0.76476780786400755 -0.13317890480160713 -0.22332461078961693 0.46300716659426694 0.10274508467742377 -0.45321379333734513 0.049264076148921795 0.25687003523111346 -0.17183718881222296 0.58977958967288335 -0.046110906696805128
leaf_weight=22 24 92 24 37 402 22 23 25 23 37 25 30 20 23 29 39 21 131 36 61 159 192 20 32 56 50 20 100 21 20 39 25 21 20 22 20 134 30 89
leaf_count=22 24 92 24 37 402 22 23 25 23 37 25 30 20 23 29 39 21 131 36 61 159 192 20 32 56 50 20 100 21 20 39 25 21 20 22 20 134 30 89
internal_value=-1.38795e-09 0.0156432 -0.00175972 0.0177886 0.00595904 -0.526002 -0.00517248 0.0478813 0.0150214 -0.00992151 0.131441 0.0376858 0.286252 0.486241 0.178105 -0.0913221 -0.0650673 -0.075221 -0.307203 -0.0450326 -0.116925 -0.0300542 -0.00365801 0.16332 0.00409667 -0.215829 -0.172607 -0.0332933 0.00607599 0.326745 -0.139638 0.0447737 -0.14866 -0.221206 -0.212283 -0.04244 -0.0558921 -0.00593507 0.114198
internal_weight=2216 2152 2128 2000 1976 64 1939 1200 1175 1152 364 339 130 93 73 739 700 788 128 679 209 656 573 108 88 181 179 607 443 41 164 64 50 42 83 465 445 311 119
internal_count=2216 2152 2128 2000 1976 64 1939 1200 1175 1152 364 339 130 93 73 739 700 788 128 679 209 656 573 108 88 181 179 607 443 41 164 64 50 42 83 465 445 311 119
is_linear=0
shrinkage=0.05


Tree=52
num_leaves=40
num_cat=0
split_feature=30 8 8 30 18 13 14 7 8 3 15 5 3 30 12 30 28 30 29 29 7 5 3 5 31 15 5 5 5 6 5 30 18 28 21 33 15 10 23
split_gain=7071.44 3606.23 6677.23 5265.94 4238.98 3038.64 26487.2 5748.12 3805.52 5330.45 3024.24 2732.23 2621.15 2059.88 1930.99 1862.14 5255.33 3008.11 2394.16 6519.54 9234.81 2511.18 1486 1149.8 1444.15 1135.47 1538.64 1096.65 874.238 816.329 798.778 632.821 609.697 572.006 2420.93 1072.93 2067.58 1240.82 1733.97
threshold=-2.4608415365219112 -0.95307955145835865 -0.91681295633316029 1.0098809599876406 -1.5910865664482114 1.5881919264793398 1.4663060307502749 1.6315463185310366 0.95140758156776439 2.6286451816558842 -1.513170003890991 2.941359400749207 0.57817187905311596 0.86204820871353161 -1.3944663405418394 -0.31357385218143458 -1.2250468134880064 -0.28542430698871607 -0.41597388684749598 -0.52172148227691639 0.11392801254987718 0.47402445971965795 -0.4353517591953277 -0.56422135233879078 -0.10122772306203841 0.34701991081237799 -0.308753952383995 -0.33823095262050623 0.73058363795280468 2.5032929182052617 0.85613384842872631 -0.13918532431125638 1.5376403331756594 -0.41530318558216089 -0.52162006497383107 -0.047476394101977341 -0.38555981218814844 -0.47057256102561945 -0.35094870626926417
decision_type=2 2 2 2 2 2 2 2 2 2 2 2 2 2 2 2 2 2 2 2 2 2 2 2 2 2 2 2 2 2 2 2 2 2 2 2 2 2 2
left_child=-1 4 -3 5 14 6 7 8 9 11 -6 15 25 23 -2 30 -17 -18 19 21 -21 -19 32 24 -12 -10 -27 -25 -14 33 -4 -29 -7 -20 -35 37 -37 -36 -39
right_child=1 2 3 -5 10 22 -8 -9 12 -11 13 -13 28 -15 -16 16 17 18 29 20 -22 -23 -24 27 -26 26 -28 31 -30 -31 -32 -33 -34 34 35 36 -38 38 -40
leaf_value=0.8197369538820708 -0.2765135496854782 0.79754505494126571 -0.19741573836838033 0.67393627988881077 0.49001291039444156 0.031817062463807437 1.6611290921767552 0.81018355474585579 0.20723904818296435 0.81280914157629014 -0.096186110505194822 -0.5620190674608404 -0.33064949767930168 -0.59672541611573915 -0.89796261405944833 0.72374091270164809 0.59894999123754955 -0.15447920142736249 -0.095817952314268651 0.0565575788905089 1.272719330754545 0.43400343250144613 -0.46479843805233645 -0.41017967095741864 0.30790771372390519 -0.062116695283833206 -0.52379013443222411 -0.21807579829668008 -0.76439737631724436 -0.27155526535851615 0.11916910707950593 0.04602897572656011 -0.26439941078424456 0.53736049529165031 -0.28727147612931597 0.545465209938231 0.023565667810930214 0.41189200078092869 -0.052465770305816541
leaf_weight=26 25 27 149 29 21 38 24 21 21 20 67 22 21 22 25 26 21 103 227 37 27 22 48 39 33 59 26 48 26 35 23 43 32 20 53 21 197 21 471
leaf_count=26 25 27 149 29 21 38 24 21 21 20 67 22 21 22 25 26 21 103 227 37 27 22 48 39 33 59 26 48 26 35 23 43 32 20 53 21 197 21 471
internal_value=9.24643e-10 -0.00973204 0.0169552 0.00550089 -0.163989 -0.00520294 0.0118958 -0.01182 -0.0222945 0.00201202 -0.0864711 -0.00898184 -0.2598 -0.134511 -0.587238 -0.000608258 0.0201329 0.00555617 -0.0045421 0.159221 0.569626 -0.0509063 -0.250526 -0.0902996 0.0371649 -0.121994 -0.203334 -0.188349 -0.570595 -0.0341605 -0.155082 -0.093279 -0.103596 -0.025934 -0.00567384 -0.019908 0.0738404 -0.0574074 -0.0326456
internal_weight=2216 2190 1867 1840 323 1811 1693 1669 1648 1495 273 1475 153 252 50 1453 1281 1255 1234 189 64 125 118 230 100 106 85 130 47 1045 172 91 70 1010 783 763 218 545 492
internal_count=2216 2190 1867 1840 323 1811 1693 1669 1648 1495 273 1475 153 252 50 1453 1281 1255 1234 189 64 125 118 230 100 106 85 130 47 1045 172 91 70 1010 783 763 218 545 492
is_linear=0
shrinkage=0.05


Tree=53
num_leaves=40
num_cat=0
split_feature=28 12 16 11 7 12 15 19 18 31 3 30 27 29 23 3 0 18 20 30 10 22 5 33 16 15 9 5 0 29 6 30 0 4 6 30 18 21 0
split_gain=6917.99 22115.6 12138.8 3482.33 21786.9 6173.63 30278.6 3426.55 14563.4 14315.2 4149.57 3658.2 3519.92 13575.1 3355.88 3346.59 4036.4 2419.19 20024.3 2477.31 1971.71 1811.59 1705.15 1554.25 1410.24 3305.96 4465.1 1707 6590.15 1383.93 1231.08 1177.88 1163.38 1509.44 2146.29 1152.46 1077.66 1839.49 907.792
threshold=-1.5452485680580137 -0.7838660180568694 -1.5581622719764707 1.6160847544670107 1.6315463185310366 1.2761033177375796 0.81930962204933178 0.40054090321064001 0.35629065334796911 0.33342806994915014 1.8135544657707217 -1.3757219314575193 -1.1976896524429319 -0.077669773250818239 -1.3537674546241758 1.4042866230010989 0.57662606239318859 -0.65026244521141041 -0.66110864281654347 0.80684712529182445 0.97683763504028331 0.43905407190322882 0.053704112768173225 -0.047483431175351136 -0.50446477532386769 -0.60947853326797474 -0.50863429903984059 0.82119813561439525 0.44694815576076513 -0.56792768836021412 -0.4421983510255813 0.83155819773674022 -0.88292127847671498 -0.95480579137802113 -0.41887925565242762 0.86204820871353161 1.5376403331756594 0.8560585379600526 -0.68849384784698475
decision_type=2 2 2 2 2 2 2 2 2 2 2 2 2 2 2 2 2 2 2 2 2 2 2 2 2 2 2 2 2 2 2 2 2 2 2 2 2 2 2
left_child=1 -1 14 4 5 7 -7 8 10 -10 11 -4 13 -13 29 17 -17 35 -19 21 31 24 -22 36 25 -20 -27 32 -29 -2 -12 -9 33 -26 -35 -14 37 -5 -34
right_child=2 -3 3 23 -6 6 -8 20 9 -11 30 12 15 -15 -16 16 -18 18 19 -21 22 -23 -24 -25 27 26 -28 28 -30 -31 -32 -33 38 34 -36 -37 -38 -39 -40
leaf_value=1.8528936494141819 -0.73365196964957502 -0.37780103997886183 0.66671710149808372 -0.32632120719010183 1.4903774104118348 2.0851757711172105 -0.32950171369153103 -0.061404056657920592 0.086756442552027496 1.9158001980185511 -0.21674864144076278 -0.19985335222312384 -0.09873507936053158 1.4081699821211044 -1.2177238523960114 0.88165854202664429 -0.089572360962629327 1.5564424716290974 -0.21132025300175883 -0.5592424429999665 -0.18279832687942274 0.41466014660321754 -0.69388967410475022 -0.65063321306591948 -0.093276259319964749 0.97085265639153406 0.011252028081152174 0.92919483518316648 -0.15561464147730952 -0.18990689642168582 -0.64746285421507699 -0.42828741967678075 -0.308098224310491 0.5326913578856376 -0.097118339221924546 -0.47942131232647667 -0.3436080070293468 0.31319220219941246 -0.082949516129056697
leaf_weight=20 22 25 22 22 25 20 37 448 23 20 79 35 373 21 20 23 20 21 32 20 47 26 25 21 69 22 27 21 42 25 21 23 52 31 24 21 46 23 322
leaf_count=20 22 25 22 22 25 20 37 448 23 20 79 35 373 21 20 23 20 21 32 20 47 26 25 21 69 22 27 21 42 25 21 23 52 31 24 21 46 23 322
internal_value=1.8897e-10 0.613619 -0.012719 0.00837911 0.0236318 0.00498989 0.517754 -0.0103125 0.0318958 0.937474 0.00248501 0.027786 0.0160917 0.403155 -0.675261 -0.00282239 0.429923 -0.0196928 0.0355076 -0.0109163 -0.116572 0.00550065 -0.360261 -0.262901 -0.0110697 0.183955 0.442093 -0.0392282 0.205989 -0.444426 -0.307199 -0.0793198 -0.0702496 0.062472 0.257865 -0.119025 -0.173424 0.000541202 -0.114254
internal_weight=2216 45 2171 2104 1992 1967 57 1910 1367 43 1324 1224 1202 56 67 1146 43 1103 709 688 543 668 72 112 642 81 49 561 63 47 100 471 498 124 55 394 91 45 374
internal_count=2216 45 2171 2104 1992 1967 57 1910 1367 43 1324 1224 1202 56 67 1146 43 1103 709 688 543 668 72 112 642 81 49 561 63 47 100 471 498 124 55 394 91 45 374
is_linear=0
shrinkage=0.05


Tree=54
num_leaves=40
num_cat=0
split_feature=29 21 19 27 27 5 13 22 29 5 30 8 5 4 30 27 4 3 33 27 7 29 10 4 3 29 31 4 33 29 6 3 29 33 21 15 8 9 29
split_gain=6994.36 5174.89 5717.66 2983.42 4593.04 3263.88 15541.7 37647 28311.6 8525.29 6060.56 2156.29 2015.54 1739.78 1635.65 1492.43 1153.34 4261.08 2475.43 2037.02 4909.69 1757.46 4530.12 1045.94 1748.67 4377.3 2557.26 889.759 877.709 849.354 762.534 844.418 1582 1341.08 3687.95 944.466 944.027 1949.88 1534.61
threshold=3.2934920787811284 -1.6710991859436033 -1.5992504954338072 -1.2386001944541929 -1.1536921858787534 -0.30438698828220362 0.89478415250778209 0.64222413301467907 -0.34897872805595392 -0.26945126056671137 0.9120679795742036 1.1794789433479311 2.941359400749207 0.34226986765861517 1.0567454695701601 0.78191867470741283 -0.84661367535591114 -0.42983973026275629 -0.047472774982452386 0.3867646604776383 -0.32627816498279566 -0.44785918295383448 -0.079280219972133623 2.0524426698684697 1.461473882198334 0.04523908160626889 0.92261219024658214 0.20948866754770282 -0.047335436567664139 0.071945838630199446 0.95694646239280712 -0.82257151603698719 0.12923164665699008 -0.047476824373006814 -0.72021713852882374 0.58090567588806163 -0.43965753912925715 -0.53088718652725209 0.38735149800777441
decision_type=2 2 2 2 2 2 2 2 2 2 2 2 2 2 2 2 2 2 2 2 2 2 2 2 2 2 2 2 2 2 2 2 2 2 2 2 2 2 2
left_child=1 28 -3 29 -5 11 9 -8 -9 -7 12 14 15 -10 23 16 18 -18 -11 21 -21 22 -19 24 26 -26 30 -22 -1 -4 31 33 -33 36 -35 -34 37 38 -6
right_child=-2 2 3 4 5 6 7 8 13 10 -12 -13 -14 -15 -16 -17 17 19 -20 20 27 -23 -24 -25 25 -27 -28 -29 -30 -31 -32 32 35 34 -36 -37 -38 -39 -40
leaf_value=-0.77310379364273762 0.84893342256546023 0.80349620743231354 -0.19989127964241271 0.66678006190520067 -0.16537516829557719 0.8685616986109661 2.2847743804638205 1.8090393659588881 -0.14803569321162427 -0.27565436444806507 -0.83463612291961908 -0.26067384563518309 -0.46372115576267242 -0.67029015214546872 -0.47960357904434209 -0.17152202557601515 0.70277495312690741 0.82557007258757942 0.35821853756904604 0.88726543977179306 0.18867575838452294 -0.089860880403410129 -0.11296983402636317 -0.19289801436520759 -0.17507601181666058 0.80134011005813433 0.47552057954296467 -0.27731091924011708 -0.3211870216897556 -0.56373729765415193 -0.18656060637380834 -0.011471305814368197 -0.31337401417761368 -0.068135053227687703 0.56064970432183692 0.059812048787162425 -0.068916133539348945 0.45394826264216981 0.26338339649228149
leaf_weight=22 24 22 81 26 60 26 26 20 52 67 24 113 25 23 20 109 25 20 20 22 21 232 36 84 24 22 25 20 21 20 78 238 88 58 39 21 301 29 32
leaf_count=22 24 22 81 26 60 26 26 20 52 67 24 113 25 23 20 109 25 20 20 22 21 232 36 84 24 22 25 20 21 20 78 238 88 58 39 21 301 29 32
internal_value=-4.90434e-10 -0.00929489 0.00157227 -0.0067222 0.00649942 -0.00208423 0.0788155 0.598929 0.13754 -0.0184546 -0.0555921 -0.0525152 -0.0242738 -0.308194 -0.0314947 -0.00506717 0.0341198 0.0720797 -0.129936 0.0271583 0.284695 -0.0291779 0.222223 -0.0233399 -0.00930747 0.291906 -0.0236065 -0.0386348 -0.5524 -0.27194 -0.0368249 -0.0233384 -0.0837206 0.0170328 0.184675 -0.241476 -0.0215012 0.0964484 -0.0162418
internal_weight=2216 2192 2149 2127 2026 2000 768 121 95 647 621 1232 597 75 1119 572 463 376 87 351 63 288 56 1099 1015 46 969 41 43 101 944 866 347 519 97 109 422 121 92
internal_count=2216 2192 2149 2127 2026 2000 768 121 95 647 621 1232 597 75 1119 572 463 376 87 351 63 288 56 1099 1015 46 969 41 43 101 944 866 347 519 97 109 422 121 92
is_linear=0
shrinkage=0.05


Tree=55
num_leaves=40
num_cat=0
split_feature=30 15 18 27 28 30 7 7 0 33 8 12 28 28 27 10 30 5 17 20 18 16 20 5 30 14 22 3 24 5 30 30 33 14 27 29 7 20 10
split_gain=6881.61 3442.21 8037.88 3031 22648.3 6846.88 4016.23 11913.9 5751.64 3631 2979.94 2689.75 2411.13 11687.4 2509.65 7386.28 2341.21 2182.63 1208.5 2236.1 8014.46 2747.04 1704.19 1162.17 1086.29 1052.73 2037.07 955.55 6255.99 1417.06 906.244 4841.77 1354.39 1751.44 918.324 867.375 1039.83 2545.47 815.949
threshold=-2.4608415365219112 -1.584319472312927 -1.5910865664482114 0.25011114776134497 1.6180556416511538 1.0098809599876406 1.1276233196258547 1.0725600123405459 2.4019546508789067 -0.04742735251784324 0.96793350577354442 0.99506542086601268 -1.2761740088462827 -1.2078976035118101 0.16876037418842318 0.057604053989052779 1.0098809599876406 0.700014889240265 -0.28945431113243097 0.13133033365011218 0.13330585509538653 -0.086509224027395235 -0.25958095490932459 -0.19084589928388593 0.14941830188035968 -0.69742432236671437 -0.47977708280086512 0.83654806017875682 -0.60921120643615712 0.85613384842872631 0.11983910948038103 0.14126014709472659 -0.04748850688338279 0.061906732618808753 -0.39116537570953364 -0.41411091387271876 0.19896804541349414 0.33059500157833105 -0.19707467406988141
decision_type=2 2 2 2 2 2 2 2 2 2 2 2 2 2 2 2 2 2 2 2 2 2 2 2 2 2 2 2 2 2 2 2 2 2 2 2 2 2 2
left_child=-1 -2 -3 4 5 6 7 8 9 11 16 12 -4 -14 27 24 18 -8 25 20 21 22 -20 -13 -16 26 -5 29 -29 30 32 -32 33 34 -15 -30 -37 -38 -21
right_child=1 2 3 10 -6 -7 17 -9 -10 -11 -12 23 13 14 15 -17 -18 -19 19 38 -22 -23 -24 -25 -26 -27 -28 28 35 -31 31 -33 -34 -35 -36 36 37 -39 -40
leaf_value=0.80865902717296889 0.64335172913968564 -0.7269473222585825 -0.28380672161600423 -0.14255470458740069 1.5331245775222779 0.81771226433607258 -0.13574477991247488 1.2433926222240554 0.83168445768810462 0.54821772102651933 -0.50805741552359018 -0.17498265774019306 1.1866681690549565 0.067809460461139684 -0.24164199074109396 1.0660687556845092 -0.55581549483796822 -0.57863448376164717 -0.09841636087406766 -0.19892607013167568 1.1016916415467859 -0.27393579337983692 0.46635472345001561 -0.65672584488278352 0.23407822281122206 -0.35149919190444057 0.39230009406805039 0.90641742900013933 -0.26186982212644633 -0.32163476955066339 0.72191641476491231 -0.032043187666152211 -0.15594003135182555 -0.15475100591778757 0.54121707812661224 -0.09956249818205834 0.63711026571691043 -0.10144060584051269 -0.019594141820854193
leaf_weight=26 20 39 70 162 25 26 153 20 21 29 39 31 21 20 30 21 23 34 22 83 20 47 34 21 20 46 20 20 33 47 23 287 239 40 21 66 20 28 269
leaf_count=26 20 39 70 162 25 26 153 20 21 29 39 31 21 20 30 21 23 34 22 83 20 47 34 21 20 46 20 20 33 47 23 287 239 40 21 66 20 28 269
internal_value=-5.25424e-10 -0.00960052 -0.0156185 -0.00260029 0.0420245 0.0142263 -0.00166015 0.0339179 0.0120863 -0.00374775 -0.0822833 -0.0188772 -0.000751902 0.0204167 -0.0063497 0.279151 -0.0594112 -0.21627 -0.0431704 0.00224855 0.18577 0.00792154 0.24448 -0.369533 -0.0513539 -0.137793 -0.0837795 -0.030367 0.0767508 -0.0567904 -0.0370322 0.0238958 -0.0960561 0.0806384 0.310287 -0.036129 0.029217 0.206289 -0.0618798
internal_weight=2216 2190 2170 2131 1366 1341 1315 1128 1108 1087 765 1058 1006 936 915 71 726 187 703 475 123 103 56 52 50 228 182 844 167 677 630 310 320 81 41 147 114 48 352
internal_count=2216 2190 2170 2131 1366 1341 1315 1128 1108 1087 765 1058 1006 936 915 71 726 187 703 475 123 103 56 52 50 228 182 844 167 677 630 310 320 81 41 147 114 48 352
is_linear=0
shrinkage=0.05


Tree=56
num_leaves=40
num_cat=0
split_feature=11 25 28 28 12 30 11 7 26 5 23 13 31 5 29 26 21 22 30 18 19 20 19 16 29 16 12 33 19 12 0 7 18 26 13 2 7 18 30
split_gain=6711.66 22163.8 4980.32 7786.85 4804.39 4568.79 3069.85 22965.5 6378.42 31136.8 3019.98 5074.51 2738.97 1925 1835.18 1520.63 2747.94 26406.4 7379.39 2895.05 1695.48 1647.1 14353.5 3075.44 4664.11 1854.36 1331.38 1316.95 1132.98 1100.95 2622.62 1785.72 937.357 909.695 1658.34 2399.9 1916.82 1006.41 1599.73
threshold=-1.3570068478584287 -1.6300981044769285 -1.2388885617256162 -1.197591185569763 -1.2313437461853025 -2.4608415365219112 1.6160847544670107 1.6315463185310366 1.294765889644623 -0.12315795570611952 0.94117367267608654 0.89478415250778209 2.8130685091018681 -0.308753952383995 0.10554993525147439 -0.96746560931205738 -0.55546247959136952 -0.5446152091026305 1.0098809599876406 -0.59442287683486927 -0.29271806776523585 0.16362944990396502 0.17929625511169436 0.099900886416435256 -0.44785918295383448 0.059406541287899024 -0.92192900180816639 -0.047483431175351136 1.2423384189605715 -0.24087283015251157 0.0089050726965069788 0.37754268944263464 1.5376403331756594 0.052706651389598853 0.26049153506755834 1.0000000180025095e-35 0.12111619114875795 0.35629065334796911 0.18135225027799609
decision_type=2 2 2 2 2 2 2 2 2 2 2 2 2 2 2 2 2 2 2 2 2 2 2 2 2 2 2 2 2 2 2 2 2 2 2 2 2 2 2
left_child=5 -2 14 -4 -5 -1 7 8 10 28 11 12 15 -12 -3 -6 17 19 20 26 -18 22 23 24 -22 29 -17 32 -10 30 -26 -31 -8 -23 35 36 -35 38 -36
right_child=1 2 3 4 6 -7 27 -9 9 -11 13 -13 -14 -15 -16 16 18 -19 -20 -21 21 33 -24 -25 25 -27 -28 -29 -30 31 -32 -33 -34 34 37 -37 -38 -39 -40
leaf_value=-1.0882866859436036 1.525960730512937 -0.18824968423734431 0.91252413916712016 0.57083921231128076 -0.16825206948786367 -0.19883089920594579 0.0019815348709623019 1.580810514351596 -0.54819397449493412 2.1150031930208208 -0.092052537962502123 0.62247661679021782 -0.53238260700152473 -0.54342591254548589 -0.61300484316689641 0.22603139627505753 -0.14326480524005178 1.8917140102759005 -0.96221812253906625 0.40465877919625015 0.60363785420593463 -0.14243999296464982 1.305514692482741 -0.2859522410284947 -0.13233843091875316 0.41074023151397709 -0.11369435412172034 -0.62051478383086978 -0.033632701052271806 -0.23134126426896665 0.45765824012698664 0.26667132377624514 -0.3312305066339753 -0.14393334077515949 0.46899871944703841 0.66712959766387936 0.36046416538376969 -0.094695628507200771 -0.096417836588004541
leaf_weight=22 24 93 24 37 147 42 39 23 20 20 51 31 26 44 35 34 214 20 21 39 38 156 23 68 48 25 190 21 23 99 31 22 46 48 22 20 31 270 29
leaf_count=22 24 93 24 37 147 42 39 23 20 20 51 31 26 44 35 34 214 20 21 39 38 156 23 68 48 25 190 21 23 99 31 22 46 48 22 20 31 270 29
internal_value=6.84602e-10 0.0150061 -0.0020347 0.0173163 0.0064433 -0.504581 -0.0043265 0.0108025 -0.00914784 0.485121 -0.0269721 -0.0112075 -0.0233261 -0.30111 -0.304394 -0.015028 0.00052722 0.14028 -0.0334212 0.00709062 -0.0163716 0.0128275 0.0977061 0.0137799 0.0912771 0.00474511 -0.0621288 -0.265945 -0.272964 -0.0460043 0.0991793 -0.140794 -0.178345 -0.0393375 -0.00104234 0.17786 0.0539948 -0.056218 0.147487
internal_weight=2216 2152 2128 2000 1976 64 1939 1833 1810 63 1747 1652 1621 95 128 1595 1448 283 1165 263 1144 930 354 331 263 225 224 106 43 200 79 121 85 576 420 99 79 321 51
internal_count=2216 2152 2128 2000 1976 64 1939 1833 1810 63 1747 1652 1621 95 128 1595 1448 283 1165 263 1144 930 354 331 263 225 224 106 43 200 79 121 85 576 420 99 79 321 51
is_linear=0
shrinkage=0.05


Tree=57
num_leaves=40
num_cat=0
split_feature=30 30 30 18 27 0 30 30 7 27 5 5 18 28 31 24 6 5 5 12 0 31 0 3 3 4 27 33 5 5 0 3 0 30 4 30 4 5 5
split_gain=6948.75 3510.48 6853.75 5676.52 2817.11 33186.4 22232.8 6927.06 6029.16 26961.1 4479.89 18230.8 2969.4 1838.54 1766.32 1432.22 1171.58 1128.7 1052.17 1012.48 805.741 730.792 2600.6 836.25 1905.05 1153.12 1465.08 1492.57 1031.04 5155.46 990.405 1472.17 826.594 919.862 968.439 1129.3 812.032 804.219 1299.47
threshold=-2.4608415365219112 -0.95633739233016957 -0.81057617068290699 -1.5910865664482114 -0.58386245369911183 1.4892008900642397 0.78961768746376049 1.0567454695701601 1.6315463185310366 -0.058290904387831681 -0.34696488082408899 -0.39390975236892695 1.7937170863151553 -1.4092527627944944 2.8130685091018681 0.92707434296607982 2.872025847434998 -0.22905685007572171 1.2699037194252016 1.7161071300506594 0.28274907171726232 0.86960539221763622 0.80861538648605358 1.8135544657707217 1.461473882198334 -0.97570654749870289 -0.35323175787925715 -0.047488911077380173 0.82119813561439525 1.2382432222366335 -0.92084091901779164 0.15994696319103244 0.63082250952720653 -0.31357385218143458 1.5120968818664553 -0.24132506549358365 0.94101473689079296 0.09737375378608705 -0.092589199542999254
decision_type=2 2 2 2 2 2 2 2 2 2 2 2 2 2 2 2 2 2 2 2 2 2 2 2 2 2 2 2 2 2 2 2 2 2 2 2 2 2 2
left_child=-1 20 -3 13 5 6 10 8 12 -10 11 -5 14 -4 16 18 21 -14 -12 -17 -2 22 23 24 25 26 27 -6 32 -30 -28 -32 33 -27 35 -35 37 38 -37
right_child=1 2 3 4 7 -7 -8 -9 9 -11 15 -13 17 -15 -16 19 -18 -19 -20 -21 -22 -23 -24 -25 -26 28 30 -29 29 -31 31 -33 -34 34 -36 36 -38 -39 -40
leaf_value=0.81259440275338979 -0.23503727257251739 0.79198898639943871 -0.87783358783825582 -0.076482805889950364 -0.15758211887799778 2.1044754165410997 1.6469054280221465 -0.78077126026153565 -0.40240371513270567 1.9522553209215403 -0.26471008248627187 1.3239031791687013 -0.20271971129319249 -0.23848582756790249 -0.42646480707021861 -0.72855914632479357 0.31560598131683143 -0.6562373226103575 0.086835986748337757 -0.26431943489157639 -0.62372285922368365 -0.09808159868216848 0.51410411049922311 -0.25239381172827313 0.45649826980449942 -0.14126943198518183 -0.071164547993954441 0.35244111493811947 0.87473051518201828 -0.0934414013881575 -0.57175055707494415 -0.14508621157898058 -0.261611276453939 0.29932004337144247 0.34265098609030248 0.016971350230963991 -0.21750690186252963 -0.11835952271189956 0.29420046210289003
leaf_weight=26 30 27 23 219 26 20 20 30 31 20 80 26 34 22 26 24 27 23 29 23 24 232 24 35 22 88 134 32 20 44 30 62 29 34 24 420 39 90 47
leaf_count=26 30 27 23 219 26 20 20 30 31 20 80 26 34 22 26 24 27 23 29 23 24 232 24 35 22 88 134 32 20 44 30 62 29 34 24 420 39 90 47
internal_value=6.54292e-10 -0.00964724 0.000418078 -0.00971583 0.0023964 0.114458 0.0199205 -0.0280529 -0.0138774 0.520992 -0.0612259 0.0721296 -0.0315677 -0.565264 -0.017974 -0.270662 -0.0106945 -0.385718 -0.171179 -0.501378 -0.407786 -0.0168468 -0.00114145 -0.0116567 -0.00427209 -0.013331 -0.100362 0.12381 0.0162701 0.209112 -0.157893 -0.284216 0.000262426 0.0104974 0.0309186 0.0190431 0.00305413 0.0184974 0.0448724
internal_weight=2216 2190 2136 2109 2064 441 421 1623 1593 51 401 245 1542 45 1485 156 1459 57 109 47 54 1432 1200 1176 1141 1119 284 58 835 64 226 92 771 742 654 630 596 557 467
internal_count=2216 2190 2136 2109 2064 441 421 1623 1593 51 401 245 1542 45 1485 156 1459 57 109 47 54 1432 1200 1176 1141 1119 284 58 835 64 226 92 771 742 654 630 596 557 467
is_linear=0
shrinkage=0.05


Tree=58
num_leaves=40
num_cat=0
split_feature=28 12 16 23 3 31 29 9 14 30 23 11 30 16 33 5 17 18 29 0 19 12 6 5 30 27 15 16 24 13 8 30 30 5 19 28 3 5 30
split_gain=6545.94 19508.9 10813.7 3226.58 3140.12 57003.7 93084.5 9873.62 28175.8 6985.72 3859.9 11837.5 2966.84 2582.98 2247.35 2122.3 1658.82 1768.33 1300.58 1176.19 1204.05 1494.62 1097.29 1023.29 970.034 1691.35 1263.97 4186.84 954.773 6364.19 1657.68 930.547 1788.3 1332.48 1138.15 4635.07 872.313 785.482 752.914
threshold=-1.5452485680580137 -0.7838660180568694 -1.5581622719764707 -1.3537674546241758 -0.27481402456760401 -0.57379686832427967 -0.0043747618328779927 1.2217946052551272 1.5510139465332033 1.0098809599876406 0.89250150322914135 0.79930984973907482 1.0098809599876406 -1.4210901260375974 -0.047432998195290559 2.941359400749207 -1.4076604247093198 1.757795035839081 -0.56792768836021412 0.89286133646965038 1.5762847661972048 0.99506542086601268 0.94237199425697338 0.88779434561729442 -0.55049610137939442 -0.094435125589370714 -0.54919627308845509 -0.51580002903938282 -0.27995109558105463 -0.18263299018144605 -0.48992903530597681 0.093663375824689879 0.12581545859575274 -0.4048271626234054 -0.46966052055358881 -0.44768442213535303 1.3491663336753847 -0.54020306468009938 -0.0026904849801212545
decision_type=2 2 2 2 2 2 2 2 2 2 2 2 2 2 2 2 2 2 2 2 2 2 2 2 2 2 2 2 2 2 2 2 2 2 2 2 2 2 2
left_child=1 -1 3 18 12 6 -6 9 -9 10 11 13 14 -7 16 24 -4 19 -2 20 21 22 23 31 25 -15 -26 -28 30 -30 -29 33 -33 38 35 -34 -12 -23 -18
right_child=2 -3 4 -5 5 7 -8 8 -10 -11 36 -13 -14 15 -16 -17 17 -19 -20 -21 -22 37 -24 -25 26 -27 27 28 29 -31 -32 32 34 -35 -36 -37 -38 -39 -40
leaf_value=1.7608433572947981 -0.69174342805689037 -0.33427119171619418 -0.37967178511122862 -1.1696167868375777 -0.26687447043756646 -0.56218708053879118 4.3517692160606387 1.5819017815589906 -0.31900652111931282 -0.98511049330234535 -0.27421209863141965 1.1923649387061597 -0.60973172991172131 -0.12814394505251023 0.4763031005859375 -0.51864317598797027 0.023912867147009822 -0.30081805127151945 -0.16462678799033167 0.35103506130122009 0.32281313374017678 -0.12605189326263608 -0.2070527611921231 0.33697661310434346 -0.15367510777655735 0.47015124382796114 0.70470644547825767 0.13528655245900154 0.67343478843446503 -0.046721670867365069 -0.27659346789709832 0.40513947743456813 -0.047459141543367882 -0.24414502890780568 -0.045732268500180286 0.69038960514911296 -0.66434759264406962 -0.43690023183822629 -0.15716438496837748
leaf_weight=20 22 25 36 20 24 23 20 35 44 20 38 20 23 21 21 21 256 59 25 21 24 63 69 22 146 27 21 36 34 314 76 32 80 80 242 29 23 30 74
leaf_count=20 22 25 36 20 24 23 20 35 44 20 38 20 23 21 21 21 256 59 25 21 24 63 69 22 146 27 21 36 34 314 76 32 80 80 242 29 23 30 74
internal_value=-1.08357e-10 0.596891 -0.0123722 -0.637707 0.007541 0.0753177 1.83251 -0.010685 0.523168 -0.0621171 -0.0390423 -0.00748821 -0.0475093 -0.0408638 -0.0361463 -0.0236362 -0.0457806 -0.0346611 -0.411362 -0.0192959 -0.0270651 -0.0356599 -0.0156011 0.000607649 -0.00823597 0.208397 -0.0248203 0.0142915 -0.0172274 0.0236384 -0.144203 -0.00872415 0.0473155 -0.0610733 0.0146933 0.148849 -0.421312 -0.226326 -0.0166923
internal_weight=2216 45 2171 67 2104 943 44 899 79 820 800 739 1161 719 1138 696 1117 1081 47 1022 1001 977 884 815 675 48 627 481 460 348 112 793 383 410 351 109 61 93 330
internal_count=2216 45 2171 67 2104 943 44 899 79 820 800 739 1161 719 1138 696 1117 1081 47 1022 1001 977 884 815 675 48 627 481 460 348 112 793 383 410 351 109 61 93 330
is_linear=0
shrinkage=0.05


Tree=59
num_leaves=40
num_cat=0
split_feature=30 15 18 11 7 24 8 12 5 5 3 15 7 21 30 4 30 15 30 33 19 29 29 18 5 22 12 24 29 27 15 15 15 18 20 5 14 27 29
split_gain=6626.78 3357.55 7132.02 2476.11 17676.2 5352.5 4105.78 10669.6 24098.9 2878.99 2575.33 2002.69 2167.96 5550.21 16360.3 29207.3 3176.66 2679.64 2664.55 1462.75 1310.12 1715.73 9979.36 1058.95 1319.34 1016.52 1007.88 3978.92 1741.47 1998.32 956.138 2528.52 977.051 953.115 1351.05 946.86 828.756 1085.72 1383.85
threshold=-2.4608415365219112 -1.584319472312927 -1.5910865664482114 1.6160847544670107 1.6315463185310366 1.5304850935935976 0.95140758156776439 0.89923599362373363 -0.12315795570611952 3.179359078407288 0.40661010146141058 -1.513170003890991 -0.66309869289398182 -0.59028106927871693 0.25510999560356146 -0.45810572803020472 0.9120679795742036 -0.58635970950126637 1.0567454695701601 -0.047483431175351136 -0.29271806776523585 -0.4286902099847793 -0.52172148227691639 0.55564904212951671 -0.308753952383995 -0.52671167254447926 -0.26444880664348597 -0.30370131134986872 -0.21035738289356229 0.96878236532211315 0.18261754512786868 0.2545489519834519 -0.3122249543666839 1.5376403331756594 0.92152950167655956 0.73058363795280468 -0.6013391613960265 -0.79134586453437794 1.1304740905761721
decision_type=2 2 2 2 2 2 2 2 2 2 2 2 2 2 2 2 2 2 2 2 2 2 2 2 2 2 2 2 2 2 2 2 2 2 2 2 2 2 2
left_child=-1 -2 -3 4 5 6 7 9 -9 11 23 -4 18 14 17 -16 20 -14 36 33 25 22 -22 -8 -25 -15 27 28 -23 -30 32 -32 -28 34 -5 -12 37 -13 -39
right_child=1 2 3 19 -6 -7 10 8 -10 -11 35 12 13 16 15 -17 -18 -19 -20 -21 21 26 -24 24 -26 -27 30 -29 29 -31 31 -33 -34 -35 -36 -37 -38 38 -40
leaf_value=0.79354566794175374 0.63545132264494897 -0.68541268492356333 0.46644170283424585 -0.21697752552813498 1.3312914988398552 0.75175613851650902 0.15105234108589316 -0.22815396734352769 1.9663871380415832 -0.55897752940654755 -0.3283289505839348 -0.26091921768690413 -0.12802084630672286 0.14095089331269264 2.5274994753301145 -0.085088490435610648 -0.60073628594046058 0.48498168777335771 -0.62924290649268944 -0.60276821791859614 -0.10197979206012356 -0.26898000360954377 0.8555726823898463 -0.063969507205243012 -0.51034041523933416 -0.17637147652366017 0.1961988450515838 0.66977550112284145 0.43235228568315504 -0.17976318374276162 0.40143406415307847 -0.031657867216648011 -0.1644093187400297 -0.30325393526582051 0.30263594843616543 -0.75536306809496001 -0.3113486623870475 -0.057110010971821917 0.28252567839667653
leaf_weight=26 20 39 22 29 25 23 27 29 22 24 25 57 94 30 20 23 23 22 23 21 90 42 39 49 25 159 21 26 30 24 37 378 178 48 22 27 35 329 33
leaf_count=26 20 39 22 29 25 23 27 29 22 24 25 57 94 30 20 23 23 22 23 21 90 42 39 49 25 159 21 26 30 24 37 378 178 48 22 27 35 329 33
internal_value=-1.09571e-09 -0.00942109 -0.0153646 -0.00310189 0.0100639 -0.00656784 -0.0154529 0.005571 0.718511 -0.0150998 -0.264168 -0.00757642 -0.0136642 0.0212793 0.297035 1.13007 -0.0194312 -0.0117617 -0.10421 -0.223739 -0.00674613 0.0193111 0.187513 -0.116976 -0.21477 -0.126003 -0.0101699 0.121092 -0.0275095 0.160301 -0.0362513 0.00695515 -0.126355 -0.143339 0.00716946 -0.550058 -0.0776111 -0.0580865 -0.0261487
internal_weight=2216 2190 2170 2131 2011 1986 1963 1810 51 1759 153 1735 1713 1236 159 43 1077 116 477 120 1054 865 129 101 74 189 736 122 96 54 614 415 199 99 51 52 454 419 362
internal_count=2216 2190 2170 2131 2011 1986 1963 1810 51 1759 153 1735 1713 1236 159 43 1077 116 477 120 1054 865 129 101 74 189 736 122 96 54 614 415 199 99 51 52 454 419 362
is_linear=0
shrinkage=0.05


Tree=60
num_leaves=40
num_cat=0
split_feature=12 22 30 15 9 29 33 33 27 30 18 25 27 8 27 18 31 22 9 15 31 5 4 5 10 0 27 27 15 17 0 2 30 6 30 13 9 9 30
split_gain=6081.76 22217.1 4933.99 4466.84 15235.7 2899.84 2739.85 6559.69 15560.4 5931.4 2629.95 10063.1 2203.98 25370.1 4156.99 4833.54 2248.05 8322.53 2539.27 1958.19 1696.46 1261.05 1252.48 1167.64 1154.87 1621.23 1193.83 3015.8 4831.82 2061.08 1889.26 1116.44 1081.86 1049.55 1574.22 2331.78 5768.15 1885.77 1522.53
threshold=-1.3754690289497373 -1.6634678840637205 -2.4608415365219112 -1.3155183792114256 -1.2051863074302671 1.4697428941726687 -0.047459915280342095 -0.047463884577155106 0.034452840685844428 1.0098809599876406 -1.0717446804046629 -1.1617508530616758 0.13492330908775332 1.3476914763450625 0.18121211230754855 0.35629065334796911 1.4993981122970583 0.65866887569427501 0.53685480356216442 1.8295560479164126 0.86960539221763622 1.3889035582542422 -1.0371792912483213 -0.13407536596059796 0.43079948425292974 -0.18301825225353238 0.0077290176413953313 -0.099173549562692628 -0.21280390769243238 0.044704664498567588 -0.42484520375728602 2.2576968073844914 0.30412857234478002 -0.41304950416088099 0.13509841263294223 -0.38334165513515467 -0.17607273161411283 0.37274707853794103 0.61239939928054821
decision_type=2 2 2 2 2 2 2 2 2 2 2 2 2 2 2 2 2 2 2 2 2 2 2 2 2 2 2 2 2 2 2 2 2 2 2 2 2 2 2
left_child=2 -2 -1 5 -5 -3 7 9 -9 10 11 -6 16 14 15 -14 18 -18 24 22 21 23 32 -20 26 -26 27 29 -29 -12 -31 33 -16 34 35 -24 -37 -38 -36
right_child=1 3 -4 4 6 -7 -8 8 -10 -11 12 -13 13 -15 19 -17 17 -19 20 -21 -22 -23 31 -25 25 -27 -28 28 -30 30 -32 -33 -34 -35 38 36 37 -39 -40
leaf_value=-1.0773376269774004 1.5278126925230027 -0.18592471810989084 -0.17599728104411339 1.3886039063334465 -0.11896032491190867 -0.83456585691088725 -0.17384382227715106 1.6742664597928525 0.028721045892612609 0.69866702511906631 -0.10518907475144124 1.2336843771860004 -0.078343325853347787 1.7576155770392647 -0.30342318968426801 1.0077569523737544 0.90864699125289927 -0.346476584566491 -0.12608105288298857 -0.40543158148016256 -0.4993725258111954 0.23038142237812284 -0.079442243977335458 -0.36024760470010236 -0.021587175383202494 0.55582007050514226 -0.23029675520453097 0.82603064202345333 -0.13791740926412435 0.61802486538887025 -0.039968176558613781 0.35918725789947947 0.1194901553913951 -0.090324210710961861 -0.17687438391587315 1.0774886906147003 -0.058436672001456226 0.51943779818713665 0.30799335256218913
leaf_weight=22 24 96 49 20 44 21 200 20 51 30 330 20 20 21 62 21 25 28 233 35 40 20 57 69 31 20 74 26 26 20 24 22 20 202 85 20 48 20 20
leaf_count=22 24 96 49 20 44 21 200 20 51 30 330 20 20 21 62 21 25 28 233 35 40 20 57 69 31 20 74 26 26 20 24 22 20 202 85 20 48 20 20
internal_value=1.53149e-09 0.0150701 -0.455286 -0.00204725 0.0154853 -0.302347 0.00164333 0.0213168 0.492255 0.00179745 -0.0106245 0.303741 -0.0230515 0.0479034 -0.00890661 0.477952 -0.0710159 0.245563 -0.0893934 -0.0426819 -0.192269 -0.154119 -0.0198469 -0.179583 -0.0218057 0.204847 -0.0449243 -0.0127234 0.344057 -0.0623292 0.25912 0.0113661 -0.200274 -0.00556324 0.0629236 0.169692 0.331063 0.111526 -0.0845186
internal_weight=2216 2145 71 2121 2004 117 1984 1784 71 1713 1683 64 1619 653 632 41 966 53 913 591 362 322 556 302 551 51 500 426 52 374 44 474 82 452 250 145 88 68 105
internal_count=2216 2145 71 2121 2004 117 1984 1784 71 1713 1683 64 1619 653 632 41 966 53 913 591 362 322 556 302 551 51 500 426 52 374 44 474 82 452 250 145 88 68 105
is_linear=0
shrinkage=0.05


Tree=61
num_leaves=40
num_cat=0
split_feature=30 6 18 12 27 28 30 7 7 0 33 11 12 27 10 5 4 28 10 22 10 5 30 5 17 20 20 16 27 27 9 15 5 28 33 0 30 30 22
split_gain=6685.43 3329.82 6728.15 2535.34 2397.8 19476.9 6070.79 3394.99 10803.4 5731.17 3577.23 2739.15 2470.88 2152.07 6386.52 2017.91 1568.43 5109.04 2635.73 5685.09 1632.04 1409.76 1406.22 1181.31 1178.58 1728.15 5369.42 1545.2 1097.06 1455.6 1244.77 3437.01 5473.7 1240.22 1195.74 1791.83 926.508 892.024 873.715
threshold=-2.4608415365219112 4.711318016052247 -1.5910865664482114 -1.3944663405418394 0.25011114776134497 1.6180556416511538 1.0098809599876406 1.1276233196258547 1.0725600123405459 2.4019546508789067 -0.04742735251784324 0.92895847558975231 0.99506542086601268 0.16876037418842318 0.057604053989052779 0.700014889240265 -1.0322614908218382 -1.1324338912963865 -0.51517122983932484 -0.91419646143913258 0.44268596172332769 -0.35242359340190882 1.0098809599876406 -0.19084589928388593 -0.28945431113243097 0.13133033365011218 0.042302111163735397 -0.17850697040557859 -0.46763706207275385 0.0077290176413953313 -0.51890775561332692 -0.23811689764261243 0.21091484278440478 -0.41530318558216089 -0.047482984140515321 -0.64037886261939991 -0.063162293285131441 0.14941830188035968 0.77010071277618419
decision_type=2 2 2 2 2 2 2 2 2 2 2 2 2 2 2 2 2 2 2 2 2 2 2 2 2 2 2 2 2 2 2 2 2 2 2 2 2 2 2
left_child=-1 2 3 -2 5 6 7 8 9 10 12 22 13 16 37 -9 17 -4 19 -19 -20 -13 24 -14 -6 26 27 -26 -18 30 -30 32 33 -32 35 -33 -29 -15 -31
right_child=1 -3 4 -5 11 -7 -8 15 -10 -11 -12 21 23 14 -16 -17 28 18 20 -21 -22 -23 -24 -25 25 -27 -28 36 29 38 31 34 -34 -35 -36 -37 -38 -39 -40
leaf_value=0.79704942153050351 -0.20583021578378979 0.63274207621812817 0.860673482939601 -0.89858036493616444 -0.13074739952653386 1.4210857543945314 0.76896519477550807 -0.12254772425574055 1.1818939831852913 0.84795578300952923 0.55151604179825098 -0.17838916684500875 -0.16099635932234027 -0.21806920250256856 0.99341688553492224 -0.54865272720070457 -0.12972220478106056 -0.11314898119890132 -0.2206770023142689 0.94559777975082404 0.23653978956490757 -0.77205481708049772 -0.43481436242227978 -0.64669072060357957 0.32661814063080941 -0.048979760399998185 0.89716836866878324 0.13291759681529725 -0.14097380661405623 -0.21052157613315756 -0.12672997003793715 -0.032792619548060675 1.1010124570131301 0.37130945718288422 -0.1211840276339643 0.51986118124967273 -0.24050044461922801 0.21302043237665202 0.095439681634306911
leaf_weight=26 25 20 20 28 228 25 26 152 20 20 28 20 31 30 21 34 303 32 89 21 25 20 23 21 29 348 21 26 64 105 25 44 20 25 103 22 46 20 30
leaf_count=26 25 20 20 28 228 25 26 152 20 20 28 20 31 30 21 34 303 32 89 21 25 20 23 21 29 348 21 26 64 105 25 44 20 25 103 22 46 20 30
internal_value=8.3902e-11 -0.00946269 -0.0153816 -0.571811 -0.00145117 0.0384127 0.0124421 -0.00263041 0.0302491 0.00929107 -0.00625416 -0.0724831 -0.0211139 -0.00362291 0.261691 -0.200438 -0.0239217 0.105473 0.0150301 0.306354 -0.12041 -0.475222 -0.0501398 -0.357142 -0.0374643 0.00778796 0.169716 0.018463 -0.0565761 -0.00597499 0.0548664 0.107309 0.401925 0.12229 -0.0147212 0.151425 -0.105655 -0.0456333 -0.14253
internal_weight=2216 2190 2170 53 2117 1356 1331 1305 1119 1099 1079 761 1051 999 71 186 928 187 167 53 114 40 721 52 698 470 122 101 741 438 303 239 70 50 169 66 72 50 135
internal_count=2216 2190 2170 53 2117 1356 1331 1305 1119 1099 1079 761 1051 999 71 186 928 187 167 53 114 40 721 52 698 470 122 101 741 438 303 239 70 50 169 66 72 50 135
is_linear=0
shrinkage=0.05


Tree=62
num_leaves=40
num_cat=0
split_feature=29 22 19 5 4 14 30 31 31 27 13 11 28 11 10 5 29 29 7 33 15 15 5 10 33 4 4 4 33 33 4 5 13 27 31 3 15 15 0
split_gain=6419.34 4469.12 5601.89 2992.19 2611.57 2357.19 3938.82 2935.07 34043.1 4594.85 4470.85 9454.39 3654.16 2507.09 2178.97 1785.45 1521.2 4864.81 1047.9 958.388 927.568 7887.74 873.794 785.814 782.959 1495.38 2728.3 1042.12 885.464 1378.73 1306.44 779.526 767.808 754.982 754.343 788.562 690.317 1627.4 895.065
threshold=3.2934920787811284 -1.6923955082893369 -1.5992504954338072 3.5429087877273564 2.0524426698684697 -0.96354466676712025 1.0098809599876406 0.83366858959198009 0.9533381760120393 -0.71791726350784291 0.90714541077613842 0.86738887429237377 -1.2250468134880064 0.96811065077781688 -0.8947840929031371 -0.086038753390312181 -0.5066140592098235 -0.44785918295383448 0.59595096111297619 -0.047358125448226922 0.18927732855081561 0.2545489519834519 0.47402445971965795 0.027389103546738628 -0.047466302290558808 0.1197384111583233 0.27280563116073614 0.60291448235511791 -0.047485232353210442 -0.047472553327679627 -0.64498296380043019 -0.35460707545280451 -1.0021973252296446 0.50214657187461864 2.4671766757965092 -0.2038466930389404 0.61598002910614025 0.70205235481262218 -1.0115259885787962
decision_type=2 2 2 2 2 2 2 2 2 2 2 2 2 2 2 2 2 2 2 2 2 2 2 2 2 2 2 2 2 2 2 2 2 2 2 2 2 2 2
left_child=1 19 -3 4 5 32 7 10 -9 -10 11 12 -7 18 -14 -12 -16 -18 -11 -1 23 -22 -17 24 25 28 -27 -28 30 33 31 -19 -4 -30 35 -6 38 -38 -23
right_child=-2 2 3 -5 34 6 -8 8 9 13 15 -13 14 -15 16 22 17 20 -20 -21 21 36 -24 -25 -26 26 27 -29 29 -31 -32 -33 -34 -35 -36 -37 37 -39 -40
leaf_value=-0.76675465553998956 0.81328906118869781 0.79495875835418706 -0.10248326381023989 0.60167660772800446 -0.36870094025225353 0.56043374996696571 0.58959712530175845 1.8463623522884316 0.68516378313302995 -0.084620273498450818 -0.12857851296894909 1.0523290996524421 0.39889437118545179 -0.54845568463206296 -0.17122014494768034 -0.59114809768224086 0.58168339226927079 0.028399894255454895 0.29296567738056184 -0.29349887354866316 0.82080398619174955 0.12727411605160813 -0.21705319434404374 -0.17083083467234758 -0.23352902267305625 0.6311186658839385 -0.20196094296632278 0.20480334321036936 -0.12565662657056959 0.20133806163514101 0.4007942703153406 -0.31143136486411094 -0.34458434432744983 -0.38647855685816873 -0.49474065375328069 -0.051194225344806915 0.44825052668650944 -0.018002163856506867 -0.18857930312403526
leaf_weight=20 24 22 237 20 33 29 30 27 20 147 193 22 32 28 144 37 35 108 21 23 30 29 27 121 42 24 31 32 121 27 21 20 38 36 25 48 21 172 99
leaf_count=20 24 22 237 20 33 29 30 27 20 147 193 22 32 28 144 37 35 108 21 23 30 29 27 121 42 24 31 32 121 27 21 20 38 36 25 48 21 172 99
internal_value=-7.81075e-10 -0.00890463 0.00119434 -0.00701573 -0.0127935 1.84774e-05 0.02168 0.0116343 0.172475 -0.036761 -0.0152647 0.0253921 0.00614798 -0.110427 -0.0078907 -0.204469 -0.0195862 0.00294761 -0.037422 -0.513618 -0.0187395 0.0454775 -0.433327 -0.0574019 -0.0276943 -0.00711082 0.177469 0.00464949 -0.0553343 -0.128704 0.0352701 -0.0246987 -0.135937 -0.185463 -0.254651 -0.180549 -0.0269829 0.03273 -0.117019
internal_weight=2216 2192 2149 2127 2107 2001 1726 1696 243 216 1453 1196 1174 196 1145 257 1113 969 168 43 934 351 64 583 462 420 87 63 333 184 149 128 275 157 106 81 321 193 128
internal_count=2216 2192 2149 2127 2107 2001 1726 1696 243 216 1453 1196 1174 196 1145 257 1113 969 168 43 934 351 64 583 462 420 87 63 333 184 149 128 275 157 106 81 321 193 128
is_linear=0
shrinkage=0.05


Tree=63
num_leaves=40
num_cat=0
split_feature=30 30 30 18 31 5 5 8 30 33 16 5 30 28 23 27 7 29 30 30 0 29 28 20 11 23 22 18 30 10 7 13 3 15 7 24 12 29 29
split_gain=6121.11 3235.92 7536.61 5304.55 2770.51 3253.2 6983.08 14163.5 6030.65 3192.26 3131.43 25789.1 2702.02 2128.78 1949.47 1926.67 5837.47 1309.77 1205.13 1375.5 3770.27 2085.61 1260.85 5206.96 1009.86 962.13 939.453 1437.78 933.86 1711.21 875.314 817.317 778.489 757.434 652.045 627.834 621.429 607.478 1973.68
threshold=-2.4608415365219112 -0.88363802433013905 -0.7744469642639159 -1.5910865664482114 2.9253710508346562 0.93583095073699962 0.700014889240265 -0.039666689932346337 1.0098809599876406 -0.04742735251784324 1.840181350708008 -0.19084589928388593 0.66947606205940258 -1.4092527627944944 0.82500630617141735 -1.1976896524429319 -0.56186982989311207 -0.66447523236274708 -0.38427172601222986 -0.10449956357479094 0.67857974767684948 0.42881171405315405 -0.44768442213535303 -0.56072029471397389 1.8815581202507021 -1.037868797779083 -0.0092121860943734628 -0.20970772951841352 0.4863469004631043 0.91592547297477733 0.54820826649665844 1.4054045081138613 -0.82119348645210255 0.21530369669198993 -0.043002653867006295 0.40642943978309637 -1.2229315042495725 0.029149958863854412 0.24387346208095553
decision_type=2 2 2 2 2 2 2 2 2 2 2 2 2 2 2 2 2 2 2 2 2 2 2 2 2 2 2 2 2 2 2 2 2 2 2 2 2 2 2
left_child=-1 25 -3 13 5 6 8 -8 9 10 14 -12 17 -4 15 16 -5 -7 33 20 21 26 36 -24 31 -2 27 -20 29 30 35 32 -16 -17 -28 -19 -21 -25 -39
right_child=1 2 3 4 -6 12 7 -9 -10 -11 11 -13 -14 -15 24 18 -18 28 19 22 -22 -23 23 37 -26 -27 34 -29 -30 -31 -32 -33 -34 -35 -36 -37 -38 38 -40
leaf_value=0.76266803558056173 -0.1929873515567225 0.83145132186236204 -0.90260818844491786 0.93592252016067512 0.57358587412607098 0.26485991396009922 -0.14170263762084337 1.6281327617168426 0.63521106307570996 0.46963323394165324 -0.21197109937202185 1.8449753522872925 -0.69042888167111771 -0.19880981065687681 0.031915662251412867 -0.25709869074294484 -0.25765191728160497 -0.1342828973212786 -0.028660094008470579 -0.38632341488486244 0.67777519094944005 0.37904192689392302 0.64462495068709058 -0.073945628208440861 0.063153677713125952 -0.58783007506971008 -0.3978637809338777 0.43734900254756215 0.14818824448368767 -0.57210400918355353 0.17499040722846987 -0.3950039282517166 -0.23183028225344843 0.067589282989501953 -0.075153364575639064 -0.4380057192314416 -0.1037599348934051 0.16616872909353742 -0.090438391018439757
leaf_weight=26 36 27 22 20 21 20 26 20 37 34 64 20 23 21 39 82 21 114 96 21 25 36 30 350 38 27 23 20 22 26 20 49 99 23 49 20 265 134 170
leaf_count=26 36 27 22 20 21 20 26 20 37 34 64 20 23 21 39 82 21 114 96 21 25 36 30 350 38 27 23 20 22 26 20 49 99 23 49 20 265 134 170
internal_value=-3.28012e-10 -0.00905451 0.00140554 -0.00926648 0.00222304 -0.00367019 0.0197059 0.627791 0.00367615 -0.0100046 -0.0197464 0.277778 -0.174554 -0.558893 -0.0354647 -0.0129868 0.32458 -0.121108 -0.0234401 -0.00943986 0.09539 0.0303917 -0.0363498 0.000511494 -0.17183 -0.362206 -0.0363711 0.0516863 -0.159322 -0.196907 -0.133562 -0.219581 -0.157293 -0.185977 -0.178241 -0.179615 -0.124508 -0.029035 0.0226713
internal_weight=2216 2190 2127 2100 2057 2036 1791 46 1745 1708 1674 84 245 43 1590 1365 41 222 1324 1219 249 224 970 684 225 63 188 116 202 180 154 187 138 105 72 134 286 654 304
internal_count=2216 2190 2127 2100 2057 2036 1791 46 1745 1708 1674 84 245 43 1590 1365 41 222 1324 1219 249 224 970 684 225 63 188 116 202 180 154 187 138 105 72 134 286 654 304
is_linear=0
shrinkage=0.05


Tree=64
num_leaves=40
num_cat=0
split_feature=12 29 30 13 29 3 16 16 30 15 15 0 7 8 9 7 8 12 11 6 5 5 5 30 30 28 25 25 9 8 17 27 29 15 5 30 18 28 26
split_gain=6089.27 23430.7 8991.25 7470.19 3375.31 3842.59 3136.8 8314.79 4230.57 2455.33 11790.4 2880.7 1491.02 9146.7 1642.29 1592.63 3353.02 1606.8 3519.57 1541.41 1487.89 9750.82 1264.87 1244.82 1968.51 1232.22 1004.9 954.796 954.39 2738.03 3608.57 5878.53 961.163 954.169 937.669 926.125 902.994 725.683 1171.4
threshold=-1.2811323404312132 2.3943476676940922 -2.4608415365219112 -1.2564845085144041 0.27167963981628424 -0.26861298084259028 -1.043636620044708 -0.98323765397071827 1.0098809599876406 2.1951055526733403 1.8629074692726137 2.9056415557861333 1.1276233196258547 1.1794789433479311 0.53685480356216442 0.32105529308319097 0.20037150382995608 0.29081384837627416 0.34234187006950384 2.5266120433807377 0.82119813561439525 1.1148765087127688 -0.068570896983146654 -0.31357385218143458 -0.27151162922382349 -1.5452485680580137 0.87386173009872448 -1.6228620409965513 -0.49795934557914728 -0.63483852148056019 -0.58790087699890126 1.0229870080947878 0.81186863780021679 -1.0528854131698606 -0.34696488082408899 0.74469712376594555 1.1738103032112124 0.65794172883033764 1.0150999426841738
decision_type=2 2 2 2 2 2 2 2 2 2 2 2 2 2 2 2 2 2 2 2 2 2 2 2 2 2 2 2 2 2 2 2 2 2 2 2 2 2 2
left_child=2 3 -1 -2 27 -6 25 -8 9 10 11 12 13 14 15 19 -17 -18 -19 20 23 -22 -14 -9 -25 -5 -20 -4 29 32 -31 -32 -26 -27 -11 36 -30 38 -16
right_child=1 -3 4 6 5 -7 7 8 -10 34 -12 -13 22 -15 37 16 17 18 26 -21 21 -23 -24 24 28 33 -28 -29 35 30 31 -33 -34 -35 -36 -37 -38 -39 -40
leaf_value=-1.2089138289292656 0.91944418849254195 1.6434005755253815 -0.67606690526008606 -0.50920554569789345 0.56664966090961744 -0.34774604570120576 0.79921515787189668 -0.19155696978446393 0.57755687755923124 -0.1849425369472657 0.94981712400913243 0.5776857942342758 -0.067476675924803831 1.0019720202142544 -0.1577554350506449 0.73416827079795655 -0.21595330617557737 0.73798786913089109 -0.10533537254835079 -0.40382427303836899 1.0780636986960537 -0.059594601808259123 -0.35309845694040853 0.43159401218096421 -0.099270732290792793 -0.097550819791797416 0.28136664419434965 -0.24068772080217438 -0.091375147678646629 -0.12216891589863549 1.1238219938357361 -0.036851677596569064 0.26987997114658357 -0.44633368299059245 -0.61193732082843777 0.2467295272194821 0.22243958661953608 -0.048392521380237093 -0.56413098375002546
leaf_weight=24 22 22 20 28 27 20 33 113 31 36 32 20 113 22 114 21 39 21 56 26 23 104 59 24 149 133 24 34 511 29 24 20 20 23 20 23 24 111 21
leaf_count=24 22 22 20 28 27 20 33 113 31 36 32 20 113 22 114 21 39 21 56 26 23 104 59 24 149 133 24 34 511 29 24 20 20 23 20 23 24 111 21
internal_value=5.35648e-10 0.020265 -0.338992 0.00300591 -0.132278 0.177545 -0.00684345 0.0126082 -0.00157648 -0.011556 -0.0010858 -0.0188701 -0.0259257 -0.0101269 -0.0250007 -0.00177752 0.145013 0.0566399 0.161899 -0.0234595 -0.0141648 0.146438 -0.165452 -0.0359328 -0.0145911 -0.203792 0.0106752 -0.401939 -0.0279766 0.0549506 0.310847 0.596243 -0.0555843 -0.148974 -0.337441 -0.0639415 -0.0772975 -0.143099 -0.220969
internal_weight=2216 2091 125 2069 101 47 2047 1863 1830 1799 1743 1711 1691 1519 1497 1251 161 140 101 1090 1064 127 172 937 824 184 80 54 800 242 73 44 169 156 56 558 535 246 135
internal_count=2216 2091 125 2069 101 47 2047 1863 1830 1799 1743 1711 1691 1519 1497 1251 161 140 101 1090 1064 127 172 937 824 184 80 54 800 242 73 44 169 156 56 558 535 246 135
is_linear=0
shrinkage=0.05


Tree=65
num_leaves=40
num_cat=0
split_feature=30 29 30 22 6 3 6 3 21 21 18 16 24 22 13 27 28 28 33 5 8 28 29 30 11 8 24 12 29 29 17 7 5 14 12 15 9 12 21
split_gain=6304.52 3671.33 7083 4941.4 2409 3516.66 2909.04 2166.42 2057.35 8557.97 2062.78 7468.13 1877.1 7592.82 3082.58 1853.25 1822.62 12001.4 1519.3 1287.52 1205.97 1161.41 1117.02 1082.05 1055.44 1051.62 2502.42 5422.85 1081.23 3489.55 1032.08 998.871 3157.27 1513.67 886.073 2117.29 784.851 1615.94 4500.14
threshold=-2.4608415365219112 0.79209810495376598 1.0098809599876406 -1.6769025325775144 3.3894180059432988 2.5976400375366215 2.6913030147552495 -0.82119348645210255 2.3017901182174687 2.080769538879395 1.8767962455749514 1.7777344584465029 1.5304850935935976 0.68829804658889782 0.88261732459068309 -0.13236420601606366 -1.2588761448860166 -1.197591185569763 -0.047458624467253678 -0.28910261392593378 -1.0384363532066343 -0.6225130259990691 -0.051848068833351128 0.40120925009250646 1.0874515175819399 -0.68401947617530812 -0.70586934685707081 -0.70535328984260548 -0.46601891517639155 -0.4286902099847793 -0.33892536163330073 -0.5446835160255431 -0.36334100365638727 -0.54577186703681935 0.15150770545005801 0.23013318330049518 -0.40581667423248285 -0.30952669680118555 -0.062645299360156045
decision_type=2 2 2 2 2 2 2 2 2 2 2 2 2 2 2 2 2 2 2 2 2 2 2 2 2 2 2 2 2 2 2 2 2 2 2 2 2 2 2
left_child=-1 2 3 -2 5 6 8 20 9 10 11 12 14 -14 16 18 -5 -18 -9 -16 -3 -17 -15 24 -21 -19 27 -27 34 -30 -23 32 33 -31 -28 -36 -33 38 -38
right_child=1 7 -4 4 -6 -7 -8 15 -10 -11 -12 -13 13 22 19 21 17 25 -20 23 -22 30 -24 -25 -26 26 28 -29 29 31 -32 36 -34 -35 35 -37 37 -39 -40
leaf_value=0.77400988798875081 0.71186140440404422 0.32116585400971503 0.79958720076829204 -0.23871949623612798 -0.38455733286571647 0.56483676411487449 0.58998088911175728 -0.89259568537984579 -0.38538736088855852 0.99476246337982888 -0.47145759940147403 0.94665649481117731 1.0257131408500884 0.13097647794593986 -0.117384198189273 0.14172604319949944 1.1584257171235302 -0.10562289074170504 -0.35464455357619695 -0.29531250366797818 -0.16287672289557034 -0.5325797505676747 -0.33250074638770177 -0.087816636264324191 -0.74583394802533665 -0.043461741549628119 -0.22168805101633215 0.98862435415387151 0.64547344389415928 0.14572493759068578 -0.052606359975678585 -0.16634014074964559 -0.2262139325014626 0.73225399875505415 0.38133239960670473 -0.17522132211123354 -0.074952522646158176 -0.028005354608067301 0.83290263300850287
leaf_weight=26 24 22 28 85 42 27 20 21 37 21 25 20 21 26 91 21 22 278 35 26 31 24 26 20 26 35 103 20 21 22 21 85 30 22 25 54 39 673 21
leaf_count=26 24 22 28 85 42 27 20 21 37 21 25 20 21 26 91 21 22 278 35 26 31 24 26 20 26 35 103 20 21 22 21 85 30 22 25 54 39 673 21
internal_value=1.0719e-10 -0.00918916 0.0098892 -0.0012389 -0.0099574 -0.00176729 -0.00984454 -0.228863 -0.0162461 -0.00881102 -0.0204162 -0.0141203 -0.0249704 0.223292 -0.0356436 -0.344815 -0.0136904 -0.000499055 -0.556376 -0.242381 0.0380466 -0.165309 -0.100762 -0.400363 -0.520573 -0.0183536 0.00274275 0.331842 -0.0137874 0.00839579 -0.308592 -0.00660268 0.169312 0.438989 -0.125069 0.000903273 -0.0225168 -0.00583874 0.242797
internal_weight=2216 2190 2015 1987 1963 1921 1894 175 1874 1837 1816 1791 1771 73 1698 122 1535 1450 56 163 53 66 52 72 52 1428 1150 55 1095 913 45 892 74 44 182 79 818 733 60
internal_count=2216 2190 2015 1987 1963 1921 1894 175 1874 1837 1816 1791 1771 73 1698 122 1535 1450 56 163 53 66 52 72 52 1428 1150 55 1095 913 45 892 74 44 182 79 818 733 60
is_linear=0
shrinkage=0.05


Tree=66
num_leaves=40
num_cat=0
split_feature=28 4 16 23 5 5 13 4 23 12 29 27 3 30 30 31 4 30 26 33 29 28 13 26 3 21 33 30 18 22 27 5 4 4 6 3 30 15 29
split_gain=6017.55 18575.7 9579.13 3112.3 2821.7 13065.4 7047.54 30788.6 13481.6 24075.5 6063.28 9640.02 2367.27 11301 4383.89 2704.88 2089.41 1806.97 1422.23 3486.11 1308.31 1266.41 1714.11 4465.05 2236.26 3886.11 1258.92 1597.46 1232.4 1026.72 1389.12 930.496 1078.08 4912.61 1111.52 1571.91 919.784 799.729 746.839
threshold=-1.5452485680580137 0.2291599586606026 -1.5581622719764707 -1.3537674546241758 -0.44194637238979334 -0.428845465183258 0.89478415250778209 0.58816099166870128 1.1073681712150576 1.019953787326813 1.4697428941726687 -1.1976896524429319 -0.26861298084259028 0.63923692703247081 0.9120679795742036 -0.55672687292098988 1.8876955509185793 1.0098809599876406 0.18234418332576754 -0.047486646100878709 -0.68203464150428761 -0.7546834647655486 -0.17567367106676099 -0.27762223780155176 0.90682631731033336 -0.59028106927871693 -0.047483080998063081 0.17288556694984439 1.757795035839081 -0.11134137585759162 0.5584130883216859 -0.51618477702140797 1.9227350354194643 1.7844213247299197 0.94237199425697338 -0.32855626940727228 0.028942775912582878 -0.26679988205432886 -0.60456100106239308
decision_type=2 2 2 2 2 2 2 2 2 2 2 2 2 2 2 2 2 2 2 2 2 2 2 2 2 2 2 2 2 2 2 2 2 2 2 2 2 2 2
left_child=1 -1 3 20 17 -6 10 8 9 -8 11 -7 13 18 15 -14 21 28 -13 -20 -2 -17 23 24 29 -26 27 -10 31 30 -23 32 33 34 35 -4 -27 -24 -39
right_child=2 -3 4 -5 5 6 7 -9 26 -11 -12 12 14 -15 -16 16 -18 -19 19 -21 -22 22 37 -25 25 36 -28 -29 -30 -31 -32 -33 -34 -35 -36 -37 -38 38 -40
leaf_value=-0.33632393199205401 -0.68462844848632809 1.7080646332353355 -0.0083659769901081576 -1.1228245460987092 1.2708025384355677 0.82768083433894546 -0.28383577466011051 1.7877735886971156 -0.58167771330724161 2.0049732398986815 -0.87791410833597183 -0.09895657696723939 -0.55356884443989163 1.2166233220093308 -0.80733119219541549 -0.20346425912391986 -0.53416231513023382 -0.49900004646994855 -0.20544198399240321 0.69520364488874176 -0.15107536279872336 -0.18847205790606414 0.22074925276366147 0.68785710019369928 0.78174204657907076 -0.19368555237139976 -0.71365272581577299 -0.065689199492335315 -0.26103901142875352 -0.41840658932924274 0.22585473069921136 -0.22362894438076439 -0.14431051130447051 0.71156122538571553 -0.19007090638610133 0.4121806701240332 0.25027000891976059 -0.36516519616479459 -0.065788244309401084
leaf_weight=25 20 20 655 20 22 34 27 30 24 20 20 125 26 21 20 76 20 22 22 21 27 55 22 30 23 28 20 40 60 22 32 57 138 24 81 23 20 23 221
leaf_count=25 20 20 655 20 22 34 27 30 24 20 20 125 26 21 20 76 20 22 22 21 27 55 22 30 23 28 20 40 60 22 32 57 138 24 81 23 20 23 221
internal_value=8.34408e-10 0.572293 -0.0118624 -0.600419 0.00687971 0.0652249 0.0392731 0.342908 0.012023 0.690126 -0.0175042 0.00295741 -0.0317893 0.123064 -0.0791473 -0.0547933 -0.0321217 -0.0505848 -0.0136311 0.234408 -0.378119 -0.0139318 0.0163296 0.123116 0.0289929 0.247356 -0.367392 -0.259185 -0.0410808 -0.113244 -0.036076 -0.0275864 -0.0154535 0.00725692 -0.0150136 0.00590035 -0.00870407 -0.0679756 -0.0940082
internal_weight=2216 45 2171 67 2104 1044 1022 161 131 47 861 841 807 189 618 598 572 1060 168 43 47 552 476 210 180 71 84 64 1038 109 87 978 921 783 759 678 48 266 244
internal_count=2216 45 2171 67 2104 1044 1022 161 131 47 861 841 807 189 618 598 572 1060 168 43 47 552 476 210 180 71 84 64 1038 109 87 978 921 783 759 678 48 266 244
is_linear=0
shrinkage=0.05


Tree=67
num_leaves=40
num_cat=0
split_feature=30 29 6 18 5 27 29 28 7 29 30 15 30 0 13 11 7 22 8 7 18 11 19 27 8 8 16 20 3 23 33 30 9 9 8 9 9 30 30
split_gain=6161.72 3194.49 2911.51 4885.77 2358.79 6737.73 57206.6 54872.5 28248.1 15511 4817.2 3715.88 2250.28 1889.87 1564.87 1526.68 1862.57 1220.64 1071.07 2407.57 4784.97 1002.53 1352.7 991.695 956.066 5231.04 1751.43 5826.11 2052.63 2811.37 7553.08 1113.94 920.677 1663.92 857.858 760.663 1480.32 815.821 697.547
threshold=-2.4608415365219112 2.6909836530685429 4.711318016052247 -1.5910865664482114 -0.39390975236892695 -0.58386245369911183 -0.0043747618328779927 -0.6654909849166869 1.5819175839424136 0.41948790848255163 0.95535138249397289 1.7172574996948244 1.0567454695701601 2.2579674720764165 -1.4296321272850034 1.1336319446563723 0.7817961871623994 0.68829804658889782 0.51849254965782177 0.32105529308319097 0.39123238623142248 0.90610828995704662 1.2157493233680727 0.98880475759506237 0.095615513622760787 0.010229494888335468 0.059406541287899024 0.2236004322767258 0.78211680054664623 -0.30650757253170008 -0.047462342306971543 -0.12640391290187833 0.39516223967075353 0.52843922376632702 -0.85384708642959584 -1.2198464870452879 -1.0740126967430113 -0.65878006815910328 0.24254441261291507
decision_type=2 2 2 2 2 2 2 2 2 2 2 2 2 2 2 2 2 2 2 2 2 2 2 2 2 2 2 2 2 2 2 2 2 2 2 2 2 2 2
left_child=-1 2 3 14 12 6 15 9 10 -8 11 13 18 21 -2 16 -6 -17 19 35 -21 22 23 24 25 26 28 -28 34 30 -30 -26 -33 -34 -7 -5 -37 -38 -23
right_child=1 -3 -4 4 5 8 7 -9 -10 -11 -12 -13 -14 -15 -16 17 -18 -19 -20 20 -22 38 -24 -25 31 -27 27 -29 29 -31 -32 32 33 -35 -36 36 37 -39 -40
leaf_value=0.76519385301149812 -0.22220150031149388 -0.58276794638174279 0.59775375366210948 -0.25444832499089992 -0.20599600373130095 0.044630962376501049 1.3926758167757232 3.5147165549838024 1.8397920060157777 -0.53124856399372222 -0.81144251936957945 -0.65415004889170336 -0.57208092808723454 -0.37870240705353875 -0.83329444744370207 -0.71680273427204655 0.29547038492949113 -0.19585353936190192 -0.11894284596121839 0.69240482151508331 -0.073045784508695408 -0.45246090024709701 0.41915883421897893 -0.16131608362459107 -0.36105149159474031 0.80235794603662647 0.90207558491013273 -0.18523562939039298 1.0773084294030686 -0.20462256421645486 -0.089093312464122276 -0.15948154292197836 0.48199467272275975 -0.051624039809394166 -0.19841816378018215 0.26305928297695663 -0.30717957848683003 -0.0313839846586376 -0.03486437454819679
leaf_weight=26 20 24 20 38 95 51 22 23 20 20 21 24 20 35 22 22 23 23 294 35 49 20 20 81 28 23 22 28 23 33 35 58 21 48 126 42 28 633 20
leaf_count=26 20 24 20 38 95 51 22 23 20 20 21 24 20 35 22 22 23 23 294 35 49 20 20 81 28 23 22 28 23 33 35 58 21 48 126 42 28 633 20
internal_value=-4.02316e-10 -0.00908449 -0.00272789 -0.00832418 0.00233499 0.0598511 0.297387 1.55158 -0.0136336 0.476521 -0.065333 -0.0428211 -0.0463947 -0.0209879 -0.542298 -0.202749 -0.108253 -0.45054 -0.036999 -0.00779723 0.245892 -0.00133328 0.0149032 0.00089087 0.0273803 0.074182 0.0215152 0.293181 -0.0291688 0.163816 0.373445 -0.0755835 -0.0126456 0.110782 -0.128387 -0.0365555 -0.0247775 -0.0430667 -0.243663
internal_weight=2216 2190 2166 2146 2104 965 228 65 737 42 717 696 1139 672 42 163 118 45 1119 825 84 637 597 577 496 341 318 50 268 91 58 155 127 69 177 741 703 661 40
internal_count=2216 2190 2166 2146 2104 965 228 65 737 42 717 696 1139 672 42 163 118 45 1119 825 84 637 597 577 496 341 318 50 268 91 58 155 127 69 177 741 703 661 40
is_linear=0
shrinkage=0.05


Tree=68
num_leaves=40
num_cat=0
split_feature=27 15 12 29 29 18 15 17 27 31 30 30 18 30 31 19 7 5 5 6 5 14 12 29 29 15 15 15 30 18 20 16 4 29 7 7 20 15 16
split_gain=5967.96 6063.45 13493.4 9937.09 2861.01 5582.36 2470.23 10192.1 3020.11 26728.8 20132.9 6802.08 4342.99 7000.68 2440.11 1925.81 1519.93 1293.64 1150.17 1080.6 1045.72 1009.52 2065.24 1151.35 3662.01 1299.34 4221.73 1456.58 1630.11 2267.4 5840.51 2497.24 1014.93 988.98 970.217 1030.86 823.95 799.71 1281.51
threshold=-2.1934885978698726 -1.3155183792114256 -1.2229315042495725 3.2934920787811284 0.30189555883407598 -1.5013355016708372 2.1951055526733403 1.8931055068969729 -0.58386245369911183 1.4600473046302798 0.73168373107910167 1.0567454695701601 -1.0568026304244993 -0.037414528429508202 2.7546710968017583 -1.5992504954338072 1.4905631542205813 -0.36552448570728296 1.6552883982658388 2.872025847434998 -0.34696488082408899 -0.9569198191165923 -0.92192900180816639 0.46461574733257299 0.42881171405315405 -0.19662933796644208 -0.25301203131675715 -0.3122249543666839 -0.30386248230934138 -0.59442287683486927 -0.56072029471397389 -0.30314393341541285 -0.89702138304710377 -0.0086820246651768667 1.1958036422729494 0.94995784759521495 -0.063091794028878198 0.032859392464160926 0.093140266835689559
decision_type=2 2 2 2 2 2 2 2 2 2 2 2 2 2 2 2 2 2 2 2 2 2 2 2 2 2 2 2 2 2 2 2 2 2 2 2 2 2 2
left_child=-1 3 -3 4 15 -6 7 8 9 10 12 14 13 -4 16 -2 19 -14 33 21 -8 -10 -23 24 25 26 27 28 -24 32 -31 -32 -30 36 35 37 -19 -27 -39
right_child=1 2 6 -5 5 -7 20 -9 11 -11 -12 -13 17 -15 -16 -17 -18 18 -20 -21 -22 22 23 -25 -26 34 -28 -29 29 30 31 -33 -34 -35 -36 -37 -38 38 -40
leaf_value=0.6477270359652384 -0.74255121407054725 1.2749995815612021 -0.13604086030806814 -1.3129617654141927 0.72922847568988802 -0.27935765076647784 -0.16542712818417285 0.84380691415733766 -0.14402741936148342 1.8992144423723223 1.5645036408305169 -0.8724419804910819 -0.053241324684889624 1.0887635159492495 -0.44260014269281839 -0.20161523132732043 -0.360421418086175 -0.08719655504593482 0.079894577711820611 0.31286432846234397 -0.61635403037071235 0.41837004998634603 -0.2604937907872778 -0.13592084558260056 0.64829558120532482 -0.14443430290411927 0.64762464441359047 -0.29446046985685825 0.1952809676527977 0.9563729365821928 -0.092901315959170463 0.46640898544212867 -0.18943984605061512 -0.61518169989188509 0.25065544928823197 -0.25342383313139805 -0.41891347894238101 0.23838204349182091 -0.029652529365604655
leaf_weight=35 21 21 28 21 23 34 36 36 132 20 20 24 179 20 34 76 31 39 20 26 20 29 33 155 22 128 30 32 24 24 64 29 60 24 28 57 36 49 496
leaf_count=35 21 21 28 21 23 34 36 36 132 20 20 24 179 20 34 76 31 39 20 26 20 29 33 155 22 128 30 32 24 24 64 29 60 24 28 57 36 49 496
internal_value=8.3964e-10 -0.0103945 0.0142293 -0.292654 -0.153521 0.127616 0.000891184 0.0103947 -0.00545462 0.119332 0.022071 -0.0374173 -0.067087 0.374294 -0.0239037 -0.318725 -0.0140793 -0.138182 -0.26595 -0.00650761 -0.326472 -0.0124729 0.00130902 -0.00851614 0.00983677 -0.0034897 0.0853486 0.021934 0.0652016 0.118674 0.260967 0.0815073 -0.0795196 -0.335817 -0.0381812 -0.0492598 -0.246421 -0.0319681 -0.00555401
internal_weight=2216 2181 2006 175 154 57 1985 1929 1893 386 366 1507 346 48 1483 97 1449 298 119 1418 56 1392 1260 1231 1076 1054 296 266 234 201 117 93 84 99 758 730 75 673 545
internal_count=2216 2181 2006 175 154 57 1985 1929 1893 386 366 1507 346 48 1483 97 1449 298 119 1418 56 1392 1260 1231 1076 1054 296 266 234 201 117 93 84 99 758 730 75 673 545
is_linear=0
shrinkage=0.05


Tree=69
num_leaves=40
num_cat=0
split_feature=29 30 30 30 30 30 18 27 15 15 31 12 9 11 24 22 7 7 27 5 12 5 5 5 7 23 4 4 27 29 27 29 30 2 8 29 5 33 0
split_gain=6592.51 4390.99 6697.06 3770.6 9224.04 5545.28 3606.62 2310.98 2151.35 9901.76 2572.65 2025.03 1545.97 1669.31 2456.84 8149.21 1871.16 4726.06 1858.94 6569.13 1635.13 1917.56 1196.86 7972.84 1054.75 962.924 1013.82 1457 1060.73 1264.85 1455.64 2573.17 1134.04 1875.53 1057.94 1017.86 935.866 903.285 1155.28
threshold=3.2934920787811284 -0.95633739233016957 -0.81057617068290699 1.3463437557220461 1.0567454695701601 0.9120679795742036 -1.5910865664482114 -1.9179521799087522 2.1951055526733403 1.8629074692726137 2.9253710508346562 -1.3265537619590757 -1.2198464870452879 0.39466437697410589 1.5304850935935976 0.60860848426818859 0.32105529308319097 0.41479589045047766 -1.1976896524429319 -0.32840529084205622 1.1007702946662905 -0.28255215287208552 0.82119813561439525 1.1148765087127688 0.47772999107837683 -1.1726135015487669 -1.0347204208374021 -1.0322614908218382 0.58590245246887218 -0.16954220086336133 0.82099193334579479 0.18635816127061847 0.46835884451866155 1.0000000180025095e-35 -0.74507188796997059 0.40936382114887243 -0.35242359340190882 -0.047480842098593705 -0.086251690983772264
decision_type=2 2 2 2 2 2 2 2 2 2 2 2 2 2 2 2 2 2 2 2 2 2 2 2 2 2 2 2 2 2 2 2 2 2 2 2 2 2 2
left_child=1 7 -3 4 5 6 -4 -1 9 10 11 -8 -13 16 20 -16 18 -18 19 -14 37 -22 25 -24 -19 -20 35 -28 -29 -30 31 -31 33 -32 -35 -27 -10 38 -15
right_child=-2 2 3 -5 -6 -7 8 -9 36 -11 -12 12 13 14 15 -17 17 24 22 -21 21 -23 23 -25 -26 26 27 28 29 30 32 -33 -34 34 -36 -37 -38 -39 -40
leaf_value=-0.80351128578186037 0.82418593416611352 0.80089103430509567 -0.50680779570506684 0.66010639134883176 -0.98780456722403565 0.75369599194576342 0.38707453242593237 -0.18574017391699116 -0.15431757028613771 0.87913414034992465 0.55636429846286772 -0.37053308390801953 0.97819438971579076 -0.083052007994928304 1.0406897558271886 -0.11140985658787417 0.66341823892373786 -0.33193149257983484 0.31236090961843732 -0.28797364263307479 -0.13876246297901326 -0.608151669220792 0.99739535137883983 -0.047729231315832503 0.10205985052245004 -0.085045768709417879 0.37872606444617979 -0.065992862770141936 -0.1078839282039553 0.02417815288771754 -0.16921089663052225 0.79963816228089857 0.39933921348303558 0.020865027904510499 0.50225895416168942 -0.37710474359022605 -0.58307259261608124 -0.19336119932736193 0.19913120185335478
leaf_weight=24 24 26 36 21 24 24 31 41 35 32 20 31 20 187 20 66 38 21 20 21 55 36 22 107 42 154 23 524 80 23 71 20 20 25 21 37 20 129 45
leaf_count=24 24 26 36 21 24 24 31 41 35 32 20 31 20 187 20 66 38 21 20 21 55 36 22 107 42 154 23 524 80 23 71 20 20 25 21 37 20 129 45
internal_value=-8.29853e-11 -0.00902393 0.00334704 -0.00652261 -0.013253 -0.00187691 -0.010801 -0.41384 -0.00185499 0.00688305 -0.00773823 -0.0137107 -0.0203977 -0.0144567 -0.0884351 0.15652 0.0164203 0.223028 -0.00114489 0.329669 -0.135042 -0.324455 -0.01297 0.130509 -0.0426039 -0.0311515 -0.0380355 -0.0135186 -0.0250258 0.0575385 0.13106 0.384857 0.0514005 -0.00807615 0.240632 -0.141623 -0.310228 -0.0872948 -0.0283182
internal_weight=2216 2192 2127 2101 2080 2056 2032 65 1996 1941 1909 1889 1858 1827 538 86 1289 101 1188 41 452 91 1147 129 63 1018 998 807 784 260 180 43 137 117 46 191 55 361 232
internal_count=2216 2192 2127 2101 2080 2056 2032 65 1996 1941 1909 1889 1858 1827 538 86 1289 101 1188 41 452 91 1147 129 63 1018 998 807 784 260 180 43 137 117 46 191 55 361 232
is_linear=0
shrinkage=0.05


Tree=70
num_leaves=40
num_cat=0
split_feature=29 30 30 30 30 30 18 27 6 3 6 18 7 4 18 16 24 27 13 27 31 27 9 10 4 30 17 5 29 31 5 30 4 4 20 21 4 5 5
split_gain=5949.74 3983.05 7270 3404.24 8322.71 5006.1 3994.04 2207.61 2091.86 3215.91 2312.11 2109.24 1764.83 6525.51 3352.92 9311.86 2016.29 5959.07 2412.6 2054.37 1393.07 1242.43 1227.49 967.876 1147.01 1134.51 1510.96 1408.65 1065.71 1151.06 2813.42 5332.69 1340.38 1135.55 957.804 1562.38 956.129 959.951 915.546
threshold=3.2934920787811284 -0.88363802433013905 -0.7744469642639159 1.3463437557220461 1.0567454695701601 0.9120679795742036 -1.5910865664482114 -1.9179521799087522 3.3894180059432988 2.5976400375366215 2.6913030147552495 -1.5013355016708372 2.1604351997375493 -0.22327970713376996 1.8405267000198366 1.7381920218467715 1.5304850935935976 -0.76310309767723072 0.88261732459068309 -1.1976896524429319 1.2981519699096682 0.68280437588691723 -1.2198464870452879 -1.1403304338455198 -1.0347204208374021 0.28248156607151037 -0.49061308801174158 -0.36989144980907435 -0.88827767968177784 0.52946344017982494 0.82119813561439525 0.14941830188035968 1.4715248346328738 -1.0322614908218382 0.037093298509716995 0.13452491164207461 -0.42982824146747584 -0.20503853261470792 0.09737375378608705
decision_type=2 2 2 2 2 2 2 2 2 2 2 2 2 2 2 2 2 2 2 2 2 2 2 2 2 2 2 2 2 2 2 2 2 2 2 2 2 2 2
left_child=1 7 -3 4 5 6 -4 -1 9 10 11 -8 14 -14 15 16 18 -18 19 -13 36 -16 -21 -24 25 -25 -27 -28 -26 30 32 -32 33 -30 -31 -36 37 -20 -35
right_child=-2 2 3 -5 -6 -7 8 -9 -10 -11 -12 12 13 -15 21 -17 17 -19 20 22 -22 -23 23 24 28 26 27 -29 29 34 31 -33 -34 38 35 -37 -38 -39 -40
leaf_value=-0.76333572268486027 0.7829766218860944 0.83496335353702311 -0.54773631031241488 0.62710110502583649 -0.93841435226301351 0.71601119353435938 0.41615245881779439 -0.17994876756519079 -0.35464732156294154 0.55859089837624476 0.52053419607026241 0.35706012502715395 -0.17774371307703757 0.98067726880311978 -0.51973467614915636 1.0641933708637954 0.95925271384418009 -0.1626194782298187 -0.16945028500441386 -0.29334371419157834 -0.59622470484603018 -0.053974334256989623 0.30919776623663697 -0.1860329052606641 0.3322605669498444 -0.27934097764284715 0.4508232922189766 -0.10281084013869986 0.33342801518738274 -0.18374550665105635 0.98681795637877223 -0.15398462634533644 0.39057474109259521 0.0051934243656118293 0.31388509838931983 -0.075814803144493639 -0.022404100888436945 -0.58051110029220587 -0.15933555567387456
leaf_weight=24 24 26 34 21 24 24 29 50 41 26 21 37 31 20 45 20 20 29 49 40 21 21 23 172 24 23 27 20 24 139 21 20 22 659 31 151 66 20 97
leaf_count=24 24 26 34 21 24 24 29 50 41 26 21 37 31 20 45 20 20 29 49 40 21 21 23 172 24 23 27 20 24 139 21 20 22 659 31 151 66 20 97
internal_value=2.58782e-10 -0.00857274 0.00402552 -0.00630162 -0.0127243 -0.00187111 -0.0103878 -0.369155 -0.00120231 0.00623672 -0.00123529 -0.00699918 -0.0135544 0.276539 -0.0216789 -0.00852184 -0.0208874 0.295288 -0.0300764 -0.0109779 -0.217389 -0.371538 -0.0200987 -0.0125765 -0.0177518 -0.116969 0.052731 0.215234 0.00245905 -0.00434098 0.0263408 0.430329 0.00568807 -0.0051677 -0.0849166 -0.00943735 -0.158459 -0.288598 -0.0159168
internal_weight=2216 2192 2118 2092 2071 2047 2023 74 1989 1948 1922 1901 1872 51 1821 1755 1735 49 1686 1530 156 66 1493 1453 1430 242 70 47 1188 1164 843 41 802 780 321 182 135 69 756
internal_count=2216 2192 2118 2092 2071 2047 2023 74 1989 1948 1922 1901 1872 51 1821 1755 1735 49 1686 1530 156 66 1493 1453 1430 242 70 47 1188 1164 843 41 802 780 321 182 135 69 756
is_linear=0
shrinkage=0.05


Tree=71
num_leaves=40
num_cat=0
split_feature=27 17 13 12 8 29 11 7 12 29 14 24 33 4 15 28 33 30 0 18 20 4 4 17 5 29 0 28 21 10 10 33 29 16 8 3 11 8 21
split_gain=6210.67 5894.35 6689.36 6409.56 4256.47 3051.94 2472.14 15901.2 5697.47 24407.4 2694.67 7006.54 2901.49 2466.46 1647.16 1582.81 1438.25 1410.81 1043.37 996.259 1191.83 922.202 1801.46 2774.13 1427.77 1341.63 919.049 906.619 1946.59 1210.95 5948.08 1943.54 4380.52 1138.55 846.18 773.587 740.494 979.868 1972.76
threshold=-2.1934885978698726 -1.4076604247093198 -1.3370534777641294 -1.2313437461853025 -1.2389039993286131 0.30189555883407598 1.6160847544670107 1.6315463185310366 1.2761033177375796 0.10052988305687906 0.92901721596717846 0.9187980890274049 -0.04747741483151912 2.0844084024429326 1.7172574996948244 -1.2250468134880064 -0.047483431175351136 1.158700227737427 1.9966440796852114 1.757795035839081 0.92152950167655956 -0.85644933581352223 -0.81157422065734852 -0.050484526902437203 -0.37207493185997004 -0.88827767968177784 -0.086251690983772264 -0.44768442213535303 -0.55546247959136952 -0.32901512086391443 -0.28055298328399653 -0.047475587576627724 -0.44785918295383448 0.78938704729080211 0.27343381941318518 0.8902902901172639 0.67084914445877086 0.37150499224662786 0.49816480278968817
decision_type=2 2 2 2 2 2 2 2 2 2 2 2 2 2 2 2 2 2 2 2 2 2 2 2 2 2 2 2 2 2 2 2 2 2 2 2 2 2 2
left_child=-1 2 5 -3 -4 -2 7 8 10 -10 11 13 -12 14 15 -5 19 21 -15 20 -8 24 23 -23 26 -24 -17 -27 -29 -30 -31 36 -33 34 -34 -26 37 -32 -39
right_child=1 3 4 6 -6 -7 16 -9 9 -11 12 -13 -14 18 -16 17 -18 -19 -20 -21 -22 22 25 -25 35 27 -28 28 29 30 31 32 33 -35 -36 -37 -38 38 -40
leaf_value=0.66076650755746025 -0.24799485842844377 0.70217760510065341 -1.2503470398130871 0.32145666043323123 -0.41143036034924019 0.43995822034776211 -0.21920540969947289 1.2662524727582933 -0.30123222286088602 1.843671147312437 -0.13066337702633896 0.86386744801117032 -0.76985019099983309 -0.17865075702258551 -0.40638972693681724 -0.0299896764976007 -0.59625354749815807 0.41205708324909218 -0.63377712771296502 -0.31802244870500135 0.24699439841967363 -0.051757189696249754 0.39658803201857068 0.74309506416320803 -0.28494885231378259 -0.089671452263318213 0.32128072973340749 0.39545081221696105 -0.10137333269461546 0.82890968439371704 -0.086350824471794818 0.74481074368724465 -0.10225780869580128 0.3490043200552464 0.23267941648761431 -0.056939320206161471 -0.22773165614428847 -0.15498303274967171 0.32723530385798466
leaf_weight=35 38 33 21 38 54 28 29 25 36 21 92 23 22 34 25 270 21 20 20 44 26 23 21 21 93 251 20 33 202 23 209 26 88 24 24 62 55 38 48
leaf_count=35 38 33 21 38 54 28 29 25 36 21 92 23 22 34 25 270 21 20 20 44 26 23 21 21 93 251 20 33 202 23 209 26 88 24 24 62 55 38 48
internal_value=-9.42397e-10 -0.0106038 -0.323259 0.0110062 -0.646327 0.043864 -0.00035834 0.0136355 -0.00318265 0.488995 -0.0187251 -0.00286285 -0.254015 -0.0148142 -0.00369292 0.00264278 -0.220412 -0.00516826 -0.347216 -0.140688 0.00117995 -0.0106186 0.0142219 0.327604 -0.0712406 0.000988847 -0.00576413 -0.00714787 0.0197527 0.00293038 0.0423123 0.00697691 0.150165 0.0364833 -0.0304855 -0.193745 -0.0592989 -0.0278962 0.114162
internal_weight=2216 2181 141 2040 75 66 2007 1887 1862 57 1805 1691 114 1668 1614 1589 120 1551 54 99 55 1531 1086 44 445 1042 290 1021 770 737 535 512 162 136 112 155 350 295 86
internal_count=2216 2181 141 2040 75 66 2007 1887 1862 57 1805 1691 114 1668 1614 1589 120 1551 54 99 55 1531 1086 44 445 1042 290 1021 770 737 535 512 162 136 112 155 350 295 86
is_linear=0
shrinkage=0.05


Tree=72
num_leaves=40
num_cat=0
split_feature=29 30 30 30 30 30 18 13 14 12 23 4 5 27 29 27 15 3 5 30 30 30 30 4 27 2 28 21 27 29 29 0 4 29 29 29 15 2 15
split_gain=5845.36 3748.62 5709.19 2991.52 7726.54 4458.72 2991.87 2052.5 20677.9 3880.84 11109.7 3729.83 2581.48 2267.07 13610.6 2014.3 1557.38 1110.2 888.251 869.621 978.39 952.862 1809.08 3100.24 2112.69 3706.58 1412.58 3539.51 1164.7 1063.08 3262.25 932.644 3355.44 766.711 655.814 4430.96 647.98 813.119 1238.08
threshold=3.2934920787811284 -0.95633739233016957 -0.81057617068290699 1.3463437557220461 1.0567454695701601 0.9120679795742036 -1.5910865664482114 1.5881919264793398 1.4663060307502749 1.1007702946662905 1.0408725142478945 2.1403487920761113 0.28733672201633459 -1.1976896524429319 -0.15099124610424039 -1.9179521799087522 1.8295560479164126 -0.4353517591953277 2.941359400749207 -0.65878006815910328 -0.55049610137939442 -0.34459145367145533 -0.10449956357479094 1.7844213247299197 -0.27029930055141443 1.0000000180025095e-35 -0.44768442213535303 -0.55546247959136952 -0.043633546680212014 -0.46601891517639155 -0.41411091387271876 0.05702005326747895 -0.53802034258842457 -0.52772429585456837 0.24387346208095553 0.20255824923515323 1.1937422156333926 1.0000000180025095e-35 -0.32988759875297541
decision_type=2 2 2 2 2 2 2 2 2 2 2 2 2 2 2 2 2 2 2 2 2 2 2 2 2 2 2 2 2 2 2 2 2 2 2 2 2 2 2
left_child=1 15 -3 4 5 6 -4 8 9 10 11 13 -11 14 -8 -1 18 -9 19 -15 -21 -22 23 24 25 -23 -24 -28 -26 33 -31 32 -30 -29 35 36 37 38 -32
right_child=-2 2 3 -5 -6 -7 7 17 -10 12 -12 -13 -14 16 -16 -17 -18 -19 -20 20 21 22 26 -25 28 -27 27 29 31 30 34 -33 -34 -35 -36 -37 -38 -39 -40
leaf_value=-0.74633164604504909 0.77607781427601985 0.73930938834181203 -0.46152588186992544 0.58759950484548307 -0.90411683420340216 0.6757535005919636 -0.21958103630431866 -0.07860131783144815 1.4692657416065535 -0.15207606533591056 1.1258730414238842 0.67403479516506204 -0.71898572322513377 -0.30586801052093504 1.3592262126505377 -0.16957719013458347 -0.4006015654377364 -0.39277174719312091 -0.32623340471283252 0.2790910130430912 -0.15587001086350277 0.0060647192787616809 -0.11951371510520357 0.65505521011849244 -0.35132997864484788 0.7248771819061246 0.49588593363761907 -0.10162629062930745 -0.09772514634898731 0.63245468370616442 0.3828586080670357 -0.17017397854639138 0.50771777884048575 -0.45157025158405306 -0.089545621282349414 0.65157215830225212 0.18738478839397432 -0.16191154870162294 -0.023231063039942844
leaf_weight=24 24 26 36 21 24 24 43 70 24 71 22 20 28 25 20 41 27 47 23 29 110 47 322 24 25 29 35 72 70 20 20 46 34 20 208 26 35 99 305
leaf_count=24 24 26 36 21 24 24 43 70 24 71 22 20 28 25 20 41 27 47 23 29 110 47 322 24 25 29 35 72 70 20 20 46 34 20 208 26 35 99 305
internal_value=3.10779e-10 -0.0084972 0.00293313 -0.00617957 -0.0121745 -0.00176268 -0.00976484 -0.00161685 0.0110352 -0.0078314 0.00934041 -0.00482552 -0.312414 -0.0127469 0.281628 -0.382533 -0.0239798 -0.204807 -0.0177182 -0.0132861 -0.0086449 -0.0140388 -0.00318184 0.112139 0.0602266 0.280348 -0.0304738 0.00365823 -0.0353692 -0.017743 0.00289678 0.0172909 0.100208 -0.177701 -0.0152723 0.016581 -0.019388 -0.0364565 0.00175907
internal_weight=2216 2192 2127 2101 2080 2056 2032 1996 1879 1855 1756 1734 99 1714 63 65 1651 117 1624 1601 1576 1547 1437 275 251 76 1162 840 175 805 713 150 104 92 693 485 459 424 325
internal_count=2216 2192 2127 2101 2080 2056 2032 1996 1879 1855 1756 1734 99 1714 63 65 1651 117 1624 1601 1576 1547 1437 275 251 76 1162 840 175 805 713 150 104 92 693 485 459 424 325
is_linear=0
shrinkage=0.05


Tree=73
num_leaves=40
num_cat=0
split_feature=27 15 12 29 33 33 27 30 13 29 5 5 28 29 5 20 29 30 7 11 7 17 13 5 24 31 29 30 0 30 29 31 27 27 20 22 28 22 28
split_gain=6030 5578.24 11856.1 10457.9 2614.83 5436.67 12791.9 4253.28 2484.67 3684.93 2205.84 8801.41 3543.13 3197.95 24181.6 2591.76 2879.91 6323.31 2082.25 1291.07 1273.45 1246.28 1094.55 1072.93 1025.21 1005.67 872.128 849.311 794.009 749.728 684.991 667.189 536.809 917.591 2382.87 545.791 521.174 861.437 2231.61
threshold=-2.1934885978698726 -1.3155183792114256 -1.2229315042495725 3.2934920787811284 -0.047459915280342095 -0.047463884577155106 0.034452840685844428 1.0098809599876406 -1.3370534777641294 0.30189555883407598 0.93583095073699962 0.700014889240265 -1.2250468134880064 -0.46025393903255457 0.068988487124443068 1.3485448360443117 -0.52172148227691639 0.040672719478607185 0.92996451258659374 1.1336319446563723 0.89212873578071605 -1.4685845971107481 -1.1782376766204832 -0.16027715057134626 -0.66599541902542103 2.8130685091018681 -0.2439976632595062 0.46835884451866155 -0.5327014923095702 -0.30386248230934138 -0.14640453457832334 0.69531184434890758 1.0399777889251711 0.75755280256271373 0.2236004322767258 1.3542641997337344 -0.97425168752670277 -0.52671167254447926 -0.45635624229907984
decision_type=2 2 2 2 2 2 2 2 2 2 2 2 2 2 2 2 2 2 2 2 2 2 2 2 2 2 2 2 2 2 2 2 2 2 2 2 2 2 2
left_child=-1 3 -3 8 5 7 -7 10 9 -2 11 12 -4 14 15 16 -14 -18 32 20 -12 22 -10 26 -8 27 28 29 -20 -6 -31 -32 33 36 -35 -34 -15 38 -38
right_child=1 2 4 -5 25 6 24 -9 21 -11 19 -13 13 18 -16 -17 17 -19 23 -21 -22 -23 -24 -25 -26 -27 -28 -29 -30 30 31 -33 35 34 -36 -37 37 -39 -40
leaf_value=0.65108475957598011 -0.22377952100374762 1.1949745791299005 0.53844873766446932 -1.327882423535699 -0.24620281217247247 1.5201837654411794 0.25680680406093598 0.5823426119742855 -0.72942442844311406 0.52803478416587624 -0.17816410056691159 0.77193256308500835 -0.086438291539837217 -0.18856336813657842 1.4502478907665899 -0.50365023612976079 1.0263151527941228 -0.21593654936268214 -0.17090872496366502 -0.46708830269053581 0.25439531713724139 -0.12326398006705351 -0.22859094560146334 -0.43314337865227748 -0.19163420297778572 -0.4755268283188343 -0.22826130616140891 -0.42038284052502028 0.27462726416066291 -0.17364472287635391 -0.14388179879635574 0.20699173424925124 -0.15731756509204087 0.4910708416854182 -0.083999767656936203 0.12480751432478428 0.011005745634777856 -0.04304649367769825 0.5552295308221471
leaf_weight=35 39 21 29 21 50 20 25 31 24 28 114 37 140 47 31 27 20 21 20 32 20 43 20 42 26 24 91 22 20 39 20 42 120 31 43 20 131 628 22
leaf_count=35 39 21 29 21 50 20 25 31 24 28 114 37 140 47 31 27 20 21 20 32 20 43 20 42 26 24 91 22 20 39 20 42 120 31 43 20 131 628 22
internal_value=-4.05352e-11 -0.0104484 0.0131697 -0.281179 0.000666943 0.0197154 0.44847 0.00198594 -0.138447 0.0904115 -0.00868491 0.010215 -0.00878937 -0.019704 0.147487 -0.0466744 0.0214932 0.39004 -0.0525918 -0.181745 -0.113603 -0.314694 -0.501773 -0.213234 0.0281898 -0.17222 -0.142728 -0.130143 0.0518593 -0.0878561 -0.00946661 0.0938067 -0.0259209 -0.0117823 0.156908 -0.117014 -0.0268585 -0.0171273 0.0892601
internal_weight=2216 2181 2006 175 1985 1788 71 1717 154 67 1686 1520 1483 1454 239 208 181 41 1215 166 134 87 44 173 51 197 131 173 40 151 101 62 1042 902 74 140 828 781 153
internal_count=2216 2181 2006 175 1985 1788 71 1717 154 67 1686 1520 1483 1454 239 208 181 41 1215 166 134 87 44 173 51 197 131 173 40 151 101 62 1042 902 74 140 828 781 153
is_linear=0
shrinkage=0.05


Tree=74
num_leaves=40
num_cat=0
split_feature=29 30 30 18 29 30 27 30 30 10 30 3 9 0 7 9 15 30 27 2 23 11 31 3 30 21 30 0 24 27 27 3 3 27 23 27 5 13 29
split_gain=6095.56 3688.47 6233.42 2939.82 2137.31 7147.87 2714.86 2567.19 6945.87 3090.9 3042.97 6469.18 11668.9 17297.6 5522.43 2783.25 2669.66 2115.67 1981.79 1664.72 2717.59 6774.06 1659.82 1604.54 1417.96 1197.08 1076.31 1030.18 993.618 905.971 2345.14 899.075 3137.17 1321.19 1302.39 1004.04 1036.91 794.699 748.574
threshold=3.2934920787811284 -0.88363802433013905 -0.7744469642639159 -1.5910865664482114 0.79209810495376598 1.0098809599876406 0.4204875528812409 0.3407531082630158 0.32485000789165502 -1.2736026644706724 0.11983910948038103 -0.50976410508155812 1.2217946052551272 -0.61802062392234791 2.1604351997375493 0.37274707853794103 1.8629074692726137 0.14601807296276095 -1.9179521799087522 1.0000000180025095e-35 0.032644217833876617 0.18306332081556323 1.2981519699096682 1.4042866230010989 0.65969780087471019 -0.62700664997100819 1.0000000180025095e-35 -0.42484520375728602 0.46359659731388098 0.43099544942379003 0.78191867470741283 1.5379531979560854 0.73319759964942943 0.80317771434783947 -0.65767222642898548 -0.14136651158332822 -0.4048271626234054 0.94590556621551525 -0.10125617682933806
decision_type=2 2 2 2 2 2 2 2 2 2 2 2 2 2 2 2 2 2 2 2 2 2 2 2 2 2 2 2 2 2 2 2 2 2 2 2 2 2 2
left_child=1 18 -3 -4 5 7 24 8 9 -5 14 -12 13 -13 16 17 19 -15 -1 26 31 -22 -9 -19 -6 -8 29 -23 -24 38 -31 32 33 35 -35 36 -21 -28 -11
right_child=-2 2 3 4 6 -7 25 22 -10 10 11 12 -14 15 -16 -17 -18 23 -20 20 21 27 28 -25 -26 -27 37 -29 -30 30 -32 -33 -34 34 -36 -37 -38 -39 -40
leaf_value=-0.72914484639962518 0.79251346737146378 0.77286818038958771 -0.44188693163818438 0.62312818183785401 -0.24669115544042805 0.82275111940171985 -0.17473399923606353 -0.067877302488461327 0.83060111411743698 -0.026931017753547493 -0.077455917990512477 1.4076821843385696 1.2774948365158505 0.55095118755102168 0.74332702146335095 -0.2769830798367196 -0.57869469237824278 -0.11757159564230178 -0.17640120331943035 0.17645896423608065 1.1033296853676438 0.25195523738861086 -0.15216521458781285 0.2938085281143063 -0.72164801643653353 0.32640101118729664 -0.15633689814184343 -0.2387059228575748 -0.61692740094402565 0.39775363480722586 -0.11899249622667279 -0.29208305792749995 0.58950904423282269 -0.053841456369711806 0.48284189522266391 -0.24524858769627267 -0.2340252026319504 -0.48313300183841162 -0.18555941609434845
leaf_weight=24 24 26 38 21 55 27 22 412 27 193 220 25 27 25 22 59 24 63 50 40 20 20 23 38 22 26 163 23 23 37 54 28 21 26 20 81 25 21 121
leaf_count=24 24 26 38 21 55 27 22 412 27 193 220 25 27 25 22 59 24 63 50 40 20 20 23 38 22 26 163 23 23 37 54 28 21 26 20 81 25 21 121
internal_value=1.5052e-10 -0.00867715 0.00344628 -0.00611633 0.00194564 0.0149292 -0.198416 0.00346165 0.0361763 0.0210391 0.0119819 0.117798 0.299046 0.173245 -0.0395175 0.00642968 -0.0582989 0.139139 -0.355669 -0.0443129 0.0507118 0.343103 -0.0996825 0.0372051 -0.382393 0.0967141 -0.0933579 -0.0104914 -0.384546 -0.0478002 0.0911131 -0.0257223 0.00929222 -0.054169 0.179499 -0.12779 0.0185804 -0.193634 -0.0880585
internal_weight=2216 2192 2118 2092 2054 1929 125 1902 1444 1417 1396 457 237 210 939 185 917 126 74 893 304 63 458 101 77 48 589 43 46 405 91 241 213 192 46 146 65 184 314
internal_count=2216 2192 2118 2092 2054 1929 125 1902 1444 1417 1396 457 237 210 939 185 917 126 74 893 304 63 458 101 77 48 589 43 46 405 91 241 213 192 46 146 65 184 314
is_linear=0
shrinkage=0.05


Tree=75
num_leaves=40
num_cat=0
split_feature=30 15 27 27 28 30 7 7 0 9 11 5 15 15 27 29 20 5 30 9 27 14 29 13 18 7 5 4 30 10 3 3 6 33 27 27 33 2 9
split_gain=5909.24 3062.41 4821.07 2461.88 17778.6 6303.99 2874.83 9269.41 4589.71 2425.94 2151.99 1962.56 1958.06 3495.36 1764.59 12611.7 1607.59 1359.92 1355.56 1343.08 1309.76 1116.89 1110.28 1103 8539.98 1695.08 1911.93 1234.8 4172.54 1155.45 906.142 1868.08 856.56 1825.57 2306.54 3350.2 1479.62 1288.47 1153.3
threshold=-2.4608415365219112 -1.584319472312927 -1.9179521799087522 0.25011114776134497 1.6180556416511538 1.0098809599876406 1.1276233196258547 1.0725600123405459 2.4019546508789067 0.53685480356216442 0.92895847558975231 0.73058363795280468 0.58090567588806163 0.73461303114891063 -1.1976896524429319 -0.0043747618328779927 -1.6137911677360532 -0.22905685007572171 1.0098809599876406 -1.0918279290199278 -0.76310309767723072 -1.1728941202163694 -0.21035738289356229 -0.58716601133346547 -0.65026244521141041 -0.027284578420221802 0.82119813561439525 -1.027343690395355 -0.050173349678516381 0.43079948425292974 -0.32235524058341974 -0.75918322801589955 -0.083667501807212816 -0.047481402754783623 0.82099193334579479 0.54337596893310558 -0.047484496608376496 1.1408391594886782 -0.33271670341491694
decision_type=2 2 2 2 2 2 2 2 2 2 2 2 2 2 2 2 2 2 2 2 2 2 2 2 2 2 2 2 2 2 2 2 2 2 2 2 2 2 2
left_child=-1 -2 16 4 5 6 7 8 9 12 18 -8 14 -14 15 -4 -3 -12 19 21 -16 -5 -21 24 27 -25 29 28 -22 30 31 -27 33 36 35 38 37 -24 -35
right_child=1 2 3 10 -6 -7 11 -9 -10 -11 17 -13 13 -15 20 -17 -18 -19 -20 22 23 -23 32 25 -26 26 -28 -29 -30 -31 -32 -33 -34 34 -36 -37 -38 -39 -40
leaf_value=0.74935271189762998 0.60698095485568049 -0.86368895184248695 -0.19425426525590214 -0.11992062847021707 1.3575796583816411 0.81482222527265558 -0.1109687392370074 1.0940024656057357 0.75843946456909184 -0.16419137205853307 -0.14693571912745637 -0.54130008416250353 0.83862055420875559 -0.09617389723658562 -0.16599853798896741 1.3097009563446047 -0.25672425441443919 -0.72303132176399232 -0.43333086889723077 -0.12024567217913547 0.65795714303299235 -0.57218896344304093 -0.028370590026330467 -0.11558679318659715 1.0965942358970642 -0.057967523952661942 0.44022234298529161 -0.077904970225063153 -0.18016418883520546 0.3066608730061301 -0.15513728506397456 0.50119784861803063 -0.090251356357189477 -0.16499141938984396 -0.001088914280343387 0.80205882449944821 -0.2630110024843576 0.37335644966363907 0.36553764215537482
leaf_weight=26 20 20 46 43 25 24 154 20 20 198 21 32 20 20 112 20 24 20 23 197 27 20 99 242 20 59 31 128 33 29 80 20 122 20 72 30 53 25 21
leaf_count=26 20 20 46 43 25 24 154 20 20 198 21 32 20 20 112 20 24 20 23 197 27 20 99 242 20 59 31 128 33 29 80 20 122 20 72 30 53 25 21
internal_value=-9.27866e-10 -0.00889643 -0.0145727 -0.00385119 0.0365288 0.0117901 -0.00291076 0.0271954 0.00788664 -0.00594844 -0.0755442 -0.185004 0.0293752 0.371223 0.0132313 0.26149 -0.532617 -0.427958 -0.0556146 -0.0432393 -0.0077483 -0.263498 -0.0215236 0.018745 0.114324 -0.0243797 0.0764062 0.0098276 0.19699 0.0164152 -0.0365227 0.0835933 0.0224769 0.0654546 0.19832 0.400538 -0.041889 0.0526228 0.106743
internal_weight=2216 2190 2170 2126 1360 1335 1311 1125 1105 1085 766 186 887 40 847 66 44 41 725 702 781 63 639 669 208 461 219 188 60 188 159 79 442 320 143 71 177 124 41
internal_count=2216 2190 2170 2126 1360 1335 1311 1125 1105 1085 766 186 887 40 847 66 44 41 725 702 781 63 639 669 208 461 219 188 60 188 159 79 442 320 143 71 177 124 41
is_linear=0
shrinkage=0.05


Tree=76
num_leaves=40
num_cat=0
split_feature=11 25 30 27 28 29 27 27 29 5 30 7 16 16 29 4 4 3 31 30 10 29 15 17 31 21 29 29 15 21 4 18 13 33 33 33 4 16 28
split_gain=5737 23549.2 4897.56 4289.18 4567.92 4309.97 2430.27 7428.73 30850.2 69922.2 5653.59 4732.65 2654.62 7346.8 2280.95 1789.3 6112.02 1499.48 1404.4 1315.41 952.433 1485.61 891.544 870.832 1244.31 1100.06 649.846 883.004 940.837 4428.78 1098.41 2597.7 3566.29 697.999 926.838 3222.3 834.596 885.655 668.856
threshold=-1.3454717993736265 -1.6300981044769285 -2.4608415365219112 -1.2386001944541929 -1.2250468134880064 1.6874600648880007 -0.90070486068725575 -0.58386245369911183 0.04523908160626889 -0.27381822466850275 1.0098809599876406 2.0837219953536992 1.9227706193923952 1.7777344584465029 0.071945838630199446 1.9227350354194643 1.8163871169090273 -0.46980190277099604 2.8130685091018681 0.32324835658073431 -1.2105705142021177 1.1304740905761721 1.7172574996948244 0.32653433084487921 0.2944366335868836 0.8969155251979829 0.45624069869518286 0.38735149800777441 -0.19662933796644208 -0.15535405278205869 0.19350574910640719 -0.59442287683486927 -0.52532988786697377 -0.047481721267104142 -0.047486685216426842 -0.047485981136560433 -0.29028503596782679 0.4062201082706452 -0.94703248143196095
decision_type=2 2 2 2 2 2 2 2 2 2 2 2 2 2 2 2 2 2 2 2 2 2 2 2 2 2 2 2 2 2 2 2 2 2 2 2 2 2 2
left_child=2 -2 -1 14 -5 6 17 8 23 -10 11 12 13 15 -3 16 20 -6 -17 -19 -9 22 26 24 -8 -25 27 28 29 30 38 -32 -33 34 -30 -36 -37 -38 -22
right_child=1 3 -4 4 5 -7 7 10 9 -11 -12 -13 -14 -15 -16 18 -18 19 -20 -21 21 -23 -24 25 -26 -27 -28 -29 33 -31 31 32 -34 -35 35 36 37 -39 -40
leaf_value=-1.059441334551031 1.6061441471395286 -0.17987971287557339 -0.1669074198925028 0.63712478141332496 -0.054611734466420286 0.68549623359804579 -0.12423735278192907 -0.29712906166911129 -0.014702643098478969 3.3403544505437219 -0.66395590638413149 0.75195114910602578 -0.36990789537722213 0.9187950774982927 -0.716560186789586 -0.12550422143826764 0.82168581634759907 -0.22957975508438216 -0.56715471091724579 -0.735320340320468 0.19168042557743881 0.41543113104999069 -0.34195999325740911 -0.48845841033118109 0.27988680624961854 -0.0097328574884505501 -0.10754569338518194 0.24044061286022536 -0.075495938572804552 0.62780756873469201 -0.13053845450991677 0.85548086619895436 -0.015798565233126283 -0.10176686658892026 0.50535666855673 -0.13057826706380757 0.38604063451290133 -0.0044500925349739359 -0.075869998350592702
leaf_weight=22 23 83 51 29 63 23 80 30 44 24 34 20 53 21 26 126 22 36 21 20 26 20 21 28 25 21 160 37 196 31 42 23 24 291 36 81 20 53 230
leaf_count=22 23 83 51 29 63 23 80 30 44 24 34 20 53 21 26 126 22 36 21 20 26 20 21 28 25 21 160 37 196 31 42 23 24 291 36 81 20 53 230
internal_value=-6.70518e-11 0.0148483 -0.43589 -0.00241572 0.0141418 0.00502656 -0.00296262 0.0112 0.282426 1.16944 -0.0260139 -0.0123207 -0.022094 -0.00989405 -0.307895 -0.022983 -0.00485542 -0.221948 -0.188597 -0.410201 -0.0186207 -0.0121488 -0.018877 -0.109241 -0.0280173 -0.28329 -0.0134492 0.000363123 -0.00807265 0.0553455 0.00390687 0.155217 0.410572 -0.0432945 0.000786928 0.0794787 -0.0200772 0.102534 -0.0486969
internal_weight=2216 2143 73 2120 2011 1982 1959 1840 222 68 1618 1584 1564 1511 109 1490 1343 119 147 56 1321 1291 1271 154 105 49 1250 1090 1053 376 345 89 47 677 386 190 154 73 256
internal_count=2216 2143 73 2120 2011 1982 1959 1840 222 68 1618 1584 1564 1511 109 1490 1343 119 147 56 1321 1291 1271 154 105 49 1250 1090 1053 376 345 89 47 677 386 190 154 73 256
is_linear=0
shrinkage=0.05


Tree=77
num_leaves=40
num_cat=0
split_feature=30 29 22 27 27 11 7 26 5 31 30 30 12 3 33 26 29 18 6 13 4 12 29 29 5 5 29 29 7 19 29 29 12 29 11 23 17 33 22
split_gain=5999.54 3195.18 2988.37 3203.08 3463.38 2666.37 19693.6 5706.75 24682.6 2649.68 1998.04 2629.72 1594.19 1194.22 1074.33 959.083 1800.78 929.02 848.106 804.016 796.155 722.12 653.35 1544.24 1032.88 8803.37 904.431 815.542 646.531 622.221 561.265 732.257 551.706 539.964 529.766 703.276 528.456 511.091 511.698
threshold=-2.4608415365219112 2.6909836530685429 -1.6769025325775144 -1.2386001944541929 -1.1536921858787534 1.6160847544670107 1.6315463185310366 1.294765889644623 -0.12315795570611952 2.9253710508346562 1.2409112453460696 0.95535138249397289 0.88168898224830639 0.042127428576350219 -0.047483431175351136 -0.96746560931205738 1.1304740905761721 1.757795035839081 2.872025847434998 -1.0021973252296446 -0.4150747805833816 1.0579511523246767 0.45624069869518286 0.41948790848255163 0.82119813561439525 1.1148765087127688 -0.52172148227691639 -0.46025393903255457 0.49783511459827429 1.2842632532119753 0.91963148117065441 0.62293955683708202 2.4530591964721684 0.071945838630199446 1.0000000180025095e-35 -0.17234314978122708 -1.5351219177246092 -0.047472350299358361 0.47903792560100561
decision_type=2 2 2 2 2 2 2 2 2 2 2 2 2 2 2 2 2 2 2 2 2 2 2 2 2 2 2 2 2 2 2 2 2 2 2 2 2 2 2
left_child=-1 2 -2 33 -5 6 7 9 29 10 11 12 15 20 17 19 18 -7 22 30 -14 -15 23 24 26 -26 37 -28 34 -9 31 -6 -19 36 35 -27 -4 38 -17
right_child=1 -3 3 4 5 14 -8 8 -10 -11 -12 -13 13 21 -16 16 -18 32 -20 -21 -22 -23 -24 -25 25 28 27 -29 -30 -31 -32 -33 -34 -35 -36 -37 -38 -39 -40
leaf_value=0.75505659030033989 0.47699414631351833 -0.58270923351713766 -0.43799363516625905 0.57784014050490584 -0.082846740871033775 0.03103808790910989 1.5706408083438874 -0.42518849417567256 1.910788539350033 0.53567871579102111 0.44434985261071813 -0.56625583456910178 -0.1896775534686943 -0.23504653220375379 -0.57713043632961458 -0.048798687804098191 0.43878877778416103 -0.50778010260491147 0.25569096143047015 -0.37934258675575255 0.16302509265951814 -0.62291451930999764 -0.10634068271201669 0.42477872265236716 1.0911680600047111 -0.13086664719241006 0.21991532444953921 -0.016845203913392847 0.18962004232406615 -0.039851514250040056 -0.27308839710970084 0.22730527753857049 -0.14534571397872198 -0.50061832638013937 -0.24825166987462177 0.21308779169035996 -0.15104429978219902 -0.35838148399539621 -0.3071929636100928
leaf_weight=26 32 24 21 26 141 32 20 20 20 21 22 23 48 30 21 95 23 21 30 25 24 20 165 21 20 42 38 849 25 22 31 22 21 21 36 23 68 23 24
leaf_count=26 32 24 21 26 141 32 20 20 20 21 22 23 48 30 21 95 23 21 30 25 24 20 165 21 20 42 38 849 25 22 31 22 21 21 36 23 68 23 24
internal_value=1.61889e-10 -0.00896414 -0.00260686 -0.00979862 0.00448202 -0.0029791 0.00992639 -0.0066505 0.465085 -0.0227118 -0.0292263 -0.0350861 -0.0281249 -0.202472 -0.261496 -0.0150996 -1.95495e-05 -0.171925 -0.00727519 -0.112466 -0.07211 -0.390194 -0.0130716 -0.000204265 -0.00779971 0.116654 -0.0254578 -0.00670214 -0.0380313 -0.223345 -0.0780743 -0.0409857 -0.326563 -0.272562 -0.0943806 -0.00915969 -0.218751 -0.142615 -0.100912
internal_weight=2216 2190 2166 2134 2024 1998 1903 1883 62 1821 1800 1778 1755 122 95 1633 1414 74 1391 219 72 50 1361 1196 1175 146 1029 887 126 42 194 163 42 110 101 65 89 142 119
internal_count=2216 2190 2166 2134 2024 1998 1903 1883 62 1821 1800 1778 1755 122 95 1633 1414 74 1391 219 72 50 1361 1196 1175 146 1029 887 126 42 194 163 42 110 101 65 89 142 119
is_linear=0
shrinkage=0.05


Tree=78
num_leaves=40
num_cat=0
split_feature=28 30 16 23 3 31 29 9 14 30 24 24 30 11 31 28 27 30 18 27 14 27 4 4 6 29 27 33 5 5 27 27 4 30 33 30 17 33 28
split_gain=5896.37 17269.7 8028.81 2619.16 2590.32 47680 76921 9252.26 24177.2 6345.56 3363.72 12017.1 2944.41 2429.59 2141.49 1844.93 1605.6 1574.52 1501.63 1470.05 1274.39 1246.91 1121.52 3520.86 1168.55 887.853 840.971 760.816 720.562 1122.93 684.698 2950.57 1785.31 3133.25 965.002 1424.24 1035.85 663.051 1832.02
threshold=-1.5452485680580137 -0.18787831068038938 -1.5581622719764707 -1.3537674546241758 -0.27481402456760401 -0.57379686832427967 -0.0043747618328779927 1.2217946052551272 1.5510139465332033 1.0098809599876406 0.99694806337356578 0.87067350745201122 1.0098809599876406 -1.2531625032424925 2.8130685091018681 -1.399449288845062 -0.3425194770097732 -0.65878006815910328 1.757795035839081 -2.3019390106201167 0.72902238368988048 -1.1976896524429319 2.0376890897750859 1.8163871169090273 0.94237199425697338 -0.039238667115569108 -0.67056098580360401 -0.04747741483151912 0.88779434561729442 0.24803403764963153 -0.032259343191981309 -0.099173549562692628 0.31768076121807104 0.040672719478607185 -0.04748022370040416 0.11389412730932237 1.0420023798942568 -0.047476824373006814 -0.44768442213535303
decision_type=2 2 2 2 2 2 2 2 2 2 2 2 2 2 2 2 2 2 2 2 2 2 2 2 2 2 2 2 2 2 2 2 2 2 2 2 2 2 2
left_child=1 -1 3 19 12 6 -6 9 -9 10 11 13 15 -7 20 -4 -12 -17 21 -2 26 -19 23 24 28 -10 -15 -26 29 37 31 32 -28 -34 35 -32 -36 -23 -39
right_child=2 -3 4 -5 5 7 -8 8 25 -11 16 -13 -14 14 -16 17 -18 18 -20 -21 -22 22 -24 -25 27 -27 30 -29 -30 -31 34 -33 33 -35 36 -37 -38 38 -40
leaf_value=1.6616192923486233 -0.6715450263023377 -0.30959265875816344 0.44272384978830814 -1.0298057529330256 -0.23437801276644074 -0.59171644892543562 3.9641596329212194 1.4858362099528313 -0.060414708438126942 -0.94115596354007724 -0.79334777414798741 1.1648817586756888 -0.60467651149500978 -0.16439094653087005 -0.4972610863546531 -0.33846092887742579 -0.1922980638742447 -0.32790296966991117 -0.27513737582554254 -0.10597318896540889 -0.30227716798717913 -0.011015173737089951 -0.28380371008600508 0.57822505418354508 -0.050720211201243925 -0.51008397440115616 -0.094452580809593206 -0.38309349309314383 0.27431942867115139 -0.37369585424661639 0.50819586664438254 0.54117972514321733 0.74876896739006049 -0.017705957486505216 -0.083465105190084113 -0.029668377665802839 0.23509208288575922 -0.036518431931245522 0.41728938571044377
leaf_weight=20 20 25 20 20 24 20 20 35 23 20 20 21 23 70 24 43 25 31 59 27 37 715 35 26 36 21 124 33 24 20 20 31 20 40 288 32 28 61 35
leaf_count=20 20 25 20 20 24 20 20 35 23 20 20 21 23 70 24 43 25 31 59 27 37 715 35 26 36 21 124 33 24 20 20 31 20 40 288 32 28 61 35
internal_value=1.55169e-10 0.566502 -0.0117423 -0.550572 0.00541622 0.0669741 1.67405 -0.0116813 0.505101 -0.0614689 -0.0394767 -0.0144463 -0.044583 -0.0481873 -0.0329624 -0.033263 -0.459431 -0.041778 -0.0299107 -0.346642 -0.0168129 -0.0156702 -0.00584354 0.0043971 -0.0117496 -0.27503 -0.000638004 -0.209681 0.00422386 -0.00357673 0.0190236 0.0899144 0.013886 0.237786 -0.0223936 0.177202 -0.0552385 0.00555075 0.128932
internal_weight=2216 45 2171 67 2104 943 44 899 79 820 800 755 1161 734 714 1138 45 1118 1075 47 690 1016 985 950 924 44 653 69 855 831 583 215 184 60 368 52 316 811 96
internal_count=2216 45 2171 67 2104 943 44 899 79 820 800 755 1161 734 714 1138 45 1118 1075 47 690 1016 985 950 924 44 653 69 855 831 583 215 184 60 368 52 316 811 96
is_linear=0
shrinkage=0.05


Tree=79
num_leaves=40
num_cat=0
split_feature=30 15 27 27 28 30 7 7 0 12 8 20 5 27 5 6 27 22 13 18 30 30 7 15 0 11 30 9 14 5 29 29 10 23 8 15 18 4 30
split_gain=5738.46 2878.45 4863.22 2007.84 16100.4 5836.61 2641.89 8205.59 4085.98 2291.67 1977.72 1967.62 1756.94 1463.03 10946.6 1869.62 1190.21 1375.18 2008.76 6063.06 2415.18 1260.24 1071.85 4102.1 1827.21 3638.89 1019.08 1137.8 1114.5 938.967 890.24 1546.88 1575.37 3324.78 1572.44 747.613 1067.98 1040.09 860.68
threshold=-2.4608415365219112 -1.584319472312927 -1.9179521799087522 0.25011114776134497 1.6180556416511538 1.0098809599876406 1.1276233196258547 1.0725600123405459 2.4019546508789067 0.99506542086601268 0.96793350577354442 -1.6137911677360532 0.73058363795280468 -1.1976896524429319 -0.32840529084205622 2.5557608604431157 -0.46763706207275385 -1.3616196513175962 -0.60128822922706593 -0.66343528032302845 -0.23273664712905881 -0.16912008821964261 -0.027284578420221802 -0.13838364928960797 -0.61802062392234791 0.34234187006950384 1.0567454695701601 -1.0918279290199278 -1.1728941202163694 -0.13407536596059796 0.16402238607406619 0.21774261444807055 -0.31344148516654963 -0.041989479213953011 -0.97797304391860951 1.6533120274543764 1.3711248040199282 0.55250677466392528 -0.0406404361128807
decision_type=2 2 2 2 2 2 2 2 2 2 2 2 2 2 2 2 2 2 2 2 2 2 2 2 2 2 2 2 2 2 2 2 2 2 2 2 2 2 2
left_child=-1 -2 11 4 5 6 7 8 9 13 26 -3 35 14 -4 16 -15 -18 19 20 -19 -20 -23 -24 25 -25 27 28 -5 -11 -29 -32 34 -34 -33 36 37 38 -8
right_child=1 2 3 10 -6 -7 12 -9 -10 29 -12 -13 -14 15 -16 -17 17 18 21 -21 -22 22 23 24 -26 -27 -28 30 -30 -31 31 32 33 -35 -36 -37 -38 -39 -40
leaf_value=0.73844510775346028 0.58832668587565429 -0.90084760636091232 0.95404227095345662 -0.099057639784417881 1.2901211031675339 0.78211310307184867 -0.47278226464986806 1.0278631374239922 0.71413991332054139 -0.16298881833208725 -0.41512217819690705 -0.22934698636333148 -0.51639784630388019 -0.093283083529845559 -0.30281550506266153 0.4714319559931755 -0.3387944568395615 0.52483617137292071 -0.19772195167941592 1.0172741228342057 -0.069190069104169874 -0.077169017731243336 0.77912477388978008 0.79783168889227374 -0.056578036263746058 -0.011541443463505769 -0.40160591736435891 -0.065153295858901478 -0.55084250539541246 -0.59971256196498879 0.34909823183950628 0.26483839040791451 0.72958059258759023 -0.008979721344076097 -0.20381400227391475 -0.33320754349231718 0.26992926853043692 0.17502130794784299 -0.10549098093961846
leaf_weight=26 20 20 30 43 25 24 22 20 20 32 39 24 32 332 41 20 25 22 73 20 77 149 20 21 162 41 20 404 20 20 38 22 20 64 96 30 21 23 58
leaf_count=26 20 20 30 43 25 24 22 20 20 32 39 24 32 332 41 20 25 22 73 20 77 149 20 21 162 41 20 404 20 20 38 22 20 64 96 30 21 23 58
internal_value=-2.38935e-10 -0.00876693 -0.0142701 -0.0035018 0.032965 0.00942273 -0.00472263 0.024138 0.00597105 -0.00708276 -0.068247 -0.534575 -0.179283 0.00922082 0.228251 -0.00694463 -0.0171012 0.0243617 0.0398812 0.223229 0.0628158 -0.00693941 0.0284986 0.0930251 0.0317662 0.262601 -0.0496388 -0.0396822 -0.242481 -0.330959 -0.0198432 0.0564289 0.00137233 0.166868 -0.116438 -0.109233 -0.0550458 -0.121303 -0.206496
internal_weight=2216 2190 2170 2126 1360 1335 1311 1125 1105 1085 766 44 186 1033 71 962 942 610 585 119 99 466 393 244 224 62 727 707 63 52 644 240 202 84 118 154 124 103 80
internal_count=2216 2190 2170 2126 1360 1335 1311 1125 1105 1085 766 44 186 1033 71 962 942 610 585 119 99 466 393 244 224 62 727 707 63 52 644 240 202 84 118 154 124 103 80
is_linear=0
shrinkage=0.05


Tree=80
num_leaves=40
num_cat=0
split_feature=10 17 18 7 29 27 31 30 18 30 7 10 7 0 33 31 5 29 3 30 7 13 10 30 30 29 29 7 2 0 15 28 28 6 13 4 6 29 11
split_gain=5520.88 19760.5 3595.75 9852.02 4471.81 2713.86 23113.7 17698.1 8409.26 5671.16 4366.83 2708.21 8709.75 2036.97 1949.56 4480.74 1275.79 1333.46 1240.37 1199 943.097 972.311 2321.41 1039.43 1943.58 1814.15 5737.08 7319.7 1372.16 833.129 811.999 809.65 864.873 782.933 746.323 693.244 615.544 612.059 606.279
threshold=-1.4419063925743101 -1.6167598962783811 -1.2136644124984739 -1.1821424365043638 2.3943476676940922 -0.58386245369911183 1.4600473046302798 0.70289728045463573 -1.0717446804046629 1.0098809599876406 2.0837219953536992 1.1781924366950991 1.1958036422729494 2.798500776290894 -0.04742735251784324 0.0940888747572899 -0.36552448570728296 0.063669886440038695 -0.22589479386806485 0.24254441261291507 0.94995784759521495 -0.95354408025741566 -0.8947840929031371 -0.31357385218143458 -0.28542430698871607 -0.41597388684749598 -0.52172148227691639 0.11392801254987718 1.1408391594886782 -0.080170243978500352 0.11496356129646303 -0.41530318558216089 -0.77050936222076405 0.484735056757927 -1.0021973252296446 -0.35483145713806147 2.5032929182052617 0.57625490427017223 -1.0942646265029905
decision_type=2 2 2 2 2 2 2 2 2 2 2 2 2 2 2 2 2 2 2 2 2 2 2 2 2 2 2 2 2 2 2 2 2 2 2 2 2 2 2
left_child=-1 -2 4 -4 14 6 7 8 -5 10 11 12 13 20 18 -16 -10 31 33 -13 21 34 -23 30 -25 26 28 -28 -26 -21 -24 32 -18 -3 38 -20 37 -27 -7
right_child=1 2 3 5 -6 9 -8 -9 16 -11 -12 19 -14 -15 15 -17 17 -19 35 29 -22 22 23 24 25 36 27 -29 -30 -31 -32 -33 -34 -35 -36 -37 -38 -39 -40
leaf_value=-0.66257369864371518 1.5738334352709353 -0.037474817601151955 1.1207855388894676 0.93868693297030414 -0.87198393995111645 -0.31239125591702765 1.780169407129288 1.4767573899030686 -0.037968860687835823 -0.7559494181321218 0.72272393986582761 -0.43670071562365548 1.0072615450691609 -0.45708244574757723 0.7294035117328167 -0.23051493997054717 -0.25826608002185825 -0.59800461835481911 -0.65097168415784834 0.11501517668366433 -0.22800375002746784 0.43025755882263184 -0.24284838068022119 0.47901365567337389 -0.15641980179368634 -0.0017494472492936243 0.036547244727611547 1.2870490144599569 0.31103322029113772 -0.32193505205214024 0.039080040729962864 -0.40115256320547177 0.088452870217529511 -0.34986528633507313 -0.39486844092607498 -0.25602884989976887 -0.26151340354520541 -0.14932177492550441 0.0075712791529663828
leaf_weight=31 20 78 20 20 22 20 20 20 189 26 20 53 21 26 20 31 35 22 20 24 48 32 74 22 73 803 25 22 20 20 39 27 37 27 24 25 26 77 57
leaf_count=31 20 78 20 20 22 20 20 20 189 26 20 53 21 26 20 31 35 22 20 24 48 32 74 22 73 803 25 22 20 20 39 27 37 27 24 25 26 77 57
internal_value=-7.57141e-10 0.00940036 -0.00505168 0.0167838 -0.195207 0.00529578 0.126979 0.0325114 -0.0550186 -0.0237138 -0.011238 -0.0209852 -0.00339262 -0.0186835 -0.121132 0.145924 -0.119129 -0.245899 -0.21193 -0.276531 -0.0103147 -0.00236254 0.0100484 -0.00133744 0.0139206 0.00413848 0.171648 0.621888 -0.0558923 -0.0835986 -0.145546 -0.167653 -0.0800911 -0.117804 -0.151417 -0.431559 -0.0217461 -0.014662 -0.0755359
internal_weight=2216 2185 2165 1942 223 1922 370 350 330 1552 1526 1506 1409 1388 201 51 310 121 150 97 1362 1314 1213 1181 1068 1046 140 47 93 44 113 99 72 105 101 45 906 880 77
internal_count=2216 2185 2165 1942 223 1922 370 350 330 1552 1526 1506 1409 1388 201 51 310 121 150 97 1362 1314 1213 1181 1068 1046 140 47 93 44 113 99 72 105 101 45 906 880 77
is_linear=0
shrinkage=0.05


Tree=81
num_leaves=40
num_cat=0
split_feature=29 22 19 5 5 5 23 3 5 30 5 30 30 8 3 7 29 5 0 5 33 27 7 13 8 7 9 19 6 6 15 14 9 2 30 9 33 29 30
split_gain=5758.28 3917.46 6520.14 2353.7 2440.38 4822.35 17447 36236.9 8874.22 3128.64 3525.88 2375.47 2316.19 1148.86 1075.97 1022.07 1278.74 961.807 1269.93 2132.15 948.225 860.106 820.466 793.63 986.853 2625.62 3619.76 750.96 742.783 3767.45 738.369 712.922 2276.69 642.722 735.552 599.44 498.184 905.082 525.321
threshold=3.2934920787811284 -1.6923955082893369 -1.5992504954338072 3.5429087877273564 0.93583095073699962 -0.35460707545280451 1.0580972433090212 -0.094295192509889589 -0.3327722549438476 0.78961768746376049 0.78735414147377025 0.68561020493507396 1.0567454695701601 1.1794789433479311 -0.51665413379669178 -1.172109007835388 1.1304740905761721 -0.18429545313119886 -0.62732163071632374 -0.14062581211328504 -0.047335436567664139 -0.4262572824954986 1.6315463185310366 -1.1782376766204832 -0.65212738513946522 -0.5446835160255431 -0.49795934557914728 1.0784348249435427 2.9755042791366582 2.0514857769012456 1.0349448323249819 0.72902238368988048 0.45686323940753942 1.1408391594886782 0.27623727917671209 -0.5475560426712035 -0.047480842098593705 -0.26292714476585383 0.65969780087471019
decision_type=2 2 2 2 2 2 2 2 2 2 2 2 2 2 2 2 2 2 2 2 2 2 2 2 2 2 2 2 2 2 2 2 2 2 2 2 2 2 2
left_child=1 20 -3 4 5 12 8 -8 -7 10 14 27 13 15 35 -4 23 -16 -19 -20 -1 30 -23 -17 -25 26 -26 33 29 36 -15 32 -21 34 -6 -10 38 -38 -27
right_child=-2 2 3 -5 11 6 7 -9 9 -11 -12 -13 -14 21 17 16 -18 18 19 31 -22 22 -24 24 25 28 -28 -29 -30 -31 -32 -33 -34 -35 -36 -37 37 -39 -40
leaf_value=-0.71036905287341634 0.77027541523178422 0.85737440914592966 -0.24010884223076015 0.53202162027359012 -0.17970671972725541 1.0569158896361477 -0.31354564121791295 1.9163312178301184 -0.072801306843757629 0.52923165905475622 0.57458168647506025 -0.68204153090715414 -0.54673313239346377 -0.19780440834306537 -0.19437816263786678 0.29038390964269639 0.3477650453026096 0.37862139195203781 0.46706069692969321 -0.093870740220072163 -0.24064928254201298 -0.14686494038129846 -0.52678753741913376 -0.12830686493472634 0.59835140830001388 0.0010793899879363818 -0.2289977526664734 -0.36182769084418265 -0.30226545520126824 0.64036008644671671 0.1336716345378331 -0.29327454288159649 0.36258404450791498 0.13250961847603324 0.053406710323432222 -0.42174449181184176 -0.24278722608089451 -0.027805971482385557 -0.23429164765775204
leaf_weight=22 24 22 52 20 128 20 35 38 20 25 22 20 23 42 87 20 24 20 20 230 21 30 27 196 39 458 20 27 24 21 28 31 31 30 46 32 75 141 25
leaf_count=22 24 22 52 20 128 20 35 38 20 25 22 20 23 42 87 20 24 20 20 230 21 30 27 196 39 458 20 27 24 21 28 31 31 30 46 32 75 141 25
internal_value=1.09384e-09 -0.00843367 0.00102147 -0.00783596 -0.0129604 0.00682819 0.121875 0.847212 0.0234556 -0.0164463 -0.0441176 -0.159285 -0.0496325 -0.0402763 -0.0730165 -0.0237657 -0.0129797 -0.0463936 -0.00761456 -0.0323733 -0.480971 -0.182631 -0.326828 -0.0214761 -0.0277195 -0.00316771 0.317894 -0.114025 -0.0286283 -0.019507 -0.065214 -0.0665811 -0.0396558 -0.0812278 -0.118079 -0.287536 -0.0393314 -0.102452 -0.0111034
internal_weight=2216 2192 2149 2127 2107 1856 611 73 538 518 493 251 1245 1222 471 1095 1043 419 332 312 43 127 57 1019 999 803 59 231 744 720 70 292 261 204 174 52 699 216 483
internal_count=2216 2192 2149 2127 2107 1856 611 73 538 518 493 251 1245 1222 471 1095 1043 419 332 312 43 127 57 1019 999 803 59 231 744 720 70 292 261 204 174 52 699 216 483
is_linear=0
shrinkage=0.05


Tree=82
num_leaves=40
num_cat=0
split_feature=30 29 30 22 31 27 27 27 30 30 9 21 6 12 26 20 29 22 22 3 3 33 14 3 3 20 4 27 20 21 7 24 13 16 4 21 27 30 5
split_gain=5654.52 2838.23 6329.27 4537.47 2207.71 2084.04 1742.88 4421.4 2124.79 6977.09 19777 4821.11 2442.01 2053.4 1659.46 1764.5 1653.85 1499.51 2126.83 1246.94 1060.98 1002.57 962.07 886.305 1662.97 861.914 1185.45 839.277 1596.97 5617.57 967.513 786.487 753.554 1805.69 924.232 1647.69 727.758 678.795 973.956
threshold=-2.4608415365219112 0.79209810495376598 1.0098809599876406 -1.6769025325775144 2.9253710508346562 -0.13236420601606366 -1.2386001944541929 -1.1536921858787534 0.18768508732318881 0.11983910948038103 1.1875331997871401 2.134175300598145 2.872025847434998 0.99506542086601268 1.0150999426841738 0.90093049407005321 -0.41597388684749598 -0.23650609701871869 -0.73735532164573658 -0.15286046266555783 -0.7736523151397704 -0.047483431175351136 0.63678836822509777 -0.46980190277099604 0.080022599548101439 -1.3551278710365293 -1.0347204208374021 0.5584130883216859 0.12480547279119493 -0.062645299360156045 -0.21534539014101026 -0.85445481538772572 -0.60992443561553944 -0.63082122802734364 -0.80604165792465199 0.022116190753877166 0.71132594347000133 0.27967716753482824 1.7186093330383303
decision_type=2 2 2 2 2 2 2 2 2 2 2 2 2 2 2 2 2 2 2 2 2 2 2 2 2 2 2 2 2 2 2 2 2 2 2 2 2 2 2
left_child=-1 2 3 -2 6 20 -5 -8 9 11 16 12 13 25 37 -16 -11 18 -7 -15 -3 -17 23 -18 -25 -9 -27 32 29 36 -30 -22 -28 -34 35 -35 -29 -10 -39
right_child=1 5 -4 4 -6 17 7 8 14 10 -12 -13 -14 19 15 21 22 -19 -20 -21 31 -23 -24 24 -26 26 27 28 30 -31 -32 -33 33 34 -36 -37 -38 38 -40
leaf_value=0.73302441743703994 0.68088618330657491 -0.14019757558902105 0.7545713036720243 -0.22165376410718027 0.51183720007538802 -0.12641522571444513 0.65514791679382334 0.20075874240011782 -0.13929493554945413 0.46220869995653635 1.7977572978287935 0.70550749156285419 0.50266645051538938 -0.16129872355705654 -0.61906176726520068 -0.054060993637693559 -0.052756435458743305 -0.29463067161964207 0.47699446846609539 -0.62548568456069287 -0.36497948158245824 -0.38768539838492871 -0.22179345531532399 0.61583869457244877 0.052564256265759474 -0.18470501434057951 -0.18390206575393678 -0.24512656387828646 -0.34836552900075918 0.91326435980471699 0.024710926204396969 -0.77638327351638248 0.34271284899403975 -0.15865257476125993 -0.094983021490944841 0.33552144334928413 0.1017601051816234 -0.03127665080028582 0.30996622050350364
leaf_weight=26 24 24 28 98 20 40 25 37 144 30 20 22 20 39 25 76 43 41 23 23 26 32 26 20 38 129 90 21 25 22 57 21 31 31 284 37 54 422 22
leaf_count=26 24 24 28 98 20 40 25 37 144 30 20 22 20 39 25 76 43 41 23 23 26 32 26 20 38 129 90 21 25 22 57 21 31 31 284 37 54 422 22
internal_value=3.07407e-10 -0.00870257 0.00807207 -0.0024473 -0.0108019 -0.201851 -0.0161816 -0.0052676 -0.0143392 0.0294192 0.316952 -0.0257796 -0.0436555 -0.0560719 -0.0810389 -0.240535 0.128314 -0.0592846 0.0938772 -0.333497 -0.41068 -0.152913 0.0494414 0.119264 0.246797 -0.0350446 -0.0462158 -0.0188154 0.0733999 0.210713 -0.0890319 -0.548798 -0.0537129 -0.0231201 -0.0553384 0.110236 0.00463184 -0.0449625 -0.0143682
internal_weight=2216 2190 2015 1987 1963 175 1943 1845 1820 1099 177 922 900 880 721 133 157 104 63 62 71 108 127 101 58 818 781 652 179 97 82 47 473 383 352 68 75 588 444
internal_count=2216 2190 2015 1987 1963 175 1943 1845 1820 1099 177 922 900 880 721 133 157 104 63 62 71 108 127 101 58 818 781 652 179 97 82 47 473 383 352 68 75 588 444
is_linear=0
shrinkage=0.05


Tree=83
num_leaves=40
num_cat=0
split_feature=12 30 30 26 28 28 11 7 27 20 27 30 24 18 31 18 5 28 10 17 6 12 29 5 8 0 27 27 15 4 27 27 27 0 4 29 10 30 24
split_gain=5650.52 20515.9 4584.75 4484.56 4242.67 5867.4 2508.11 14949.9 4753.94 30340.5 10137 3900.42 2652.06 1923.85 1688.24 1450.87 1086.53 982.83 971.567 957.257 868.09 836.621 833.448 679.165 659.682 614.401 589.196 2434.07 4366.82 1204.09 1066.47 801.96 1226.24 955.532 1799.22 790.539 2328.57 5633.73 1420.61
threshold=-1.3754690289497373 -1.3757219314575193 -2.4608415365219112 -1.354209244251251 -1.2388885617256162 -1.197591185569763 1.6160847544670107 1.6315463185310366 -0.58386245369911183 0.39998349547386175 -0.61005219817161549 1.0098809599876406 0.92707434296607982 1.7937170863151553 2.8130685091018681 -1.5650190114974973 -0.13407536596059796 2.3325667381286626 -1.2105705142021177 1.942263722419739 2.872025847434998 0.7672814428806306 0.10554993525147439 0.017676653340458873 0.95140758156776439 -0.5294818878173827 1.0000000180025095e-35 -0.099173549562692628 -0.21280390769243238 -1.0371792912483213 0.1107570491731167 -0.15071246773004529 -0.19062446057796475 0.83276233077049266 1.2256337404251101 0.18635816127061847 -0.31344148516654963 0.15367031842470172 -0.56152307987213124
decision_type=2 2 2 2 2 2 2 2 2 2 2 2 2 2 2 2 2 2 2 2 2 2 2 2 2 2 2 2 2 2 2 2 2 2 2 2 2 2 2
left_child=2 -2 -1 -3 15 -6 7 8 9 10 12 13 21 14 18 -5 19 -15 -10 25 24 23 -17 -7 26 -8 27 31 -29 -28 -31 32 33 -20 -35 -32 38 -38 -37
right_child=1 3 -4 4 5 6 16 -9 11 -11 -12 -13 -14 17 -16 22 -18 -19 20 -21 -22 -23 -24 -25 -26 -27 29 28 -30 30 35 -33 -34 34 -36 36 37 -39 -40
leaf_value=-1.0384809342297643 1.4681967154145241 0.59504654686297143 -0.16962482581029134 -0.68274138882046653 0.80027161570994743 -0.0363069388963696 -0.15446742750380352 1.2773461074932762 -0.32553703449666505 1.6084919149225412 1.0692707128077747 -0.56891226790954963 -0.64084913390023379 -0.57369430259518006 -0.42449200129508968 -0.13432932403208553 -0.4627609700378445 -0.12499380031457315 -0.046789828284807107 -0.35807850162188215 0.27607035614826064 0.25664988704025749 -0.47640373365332683 -0.28187328027827402 -0.14431181297485912 0.22445575430989267 -0.17563847227198681 0.68299655349631061 -0.061019545207481568 -0.16149502563411777 -0.019947109703943668 -0.20899243170226162 0.33480367580694814 0.53855575828679969 -0.1084750226952813 0.11385728538255482 0.75570450205551953 -0.030255936265906749 -0.21993970848619937
leaf_weight=22 24 31 49 21 23 144 23 23 24 33 20 34 21 23 25 69 36 26 262 27 27 20 24 35 86 20 116 38 41 92 419 44 28 21 22 68 38 57 60
leaf_count=22 24 31 49 21 23 144 23 23 24 33 20 34 21 23 25 69 36 26 262 27 27 20 24 35 86 20 116 38 41 92 419 44 28 21 22 68 38 57 60
internal_value=1.01391e-09 0.014526 -0.438848 -0.00192292 -0.0107775 0.00633351 -0.0030165 0.0105576 -0.00541614 0.186986 -0.0084716 -0.0392818 -0.106448 -0.0274114 -0.0171242 -0.307368 -0.239539 -0.335608 -0.0100665 -0.124739 -0.00473085 -0.0500541 -0.222607 -0.0843227 -0.0101774 0.0217759 -0.00134469 0.044507 0.296862 -0.0259428 -0.00228513 -0.00837368 0.0181345 -0.0109368 0.207517 0.02053 0.0965834 0.284128 -0.0426101
internal_weight=2216 2145 71 2121 2090 1976 1953 1847 1824 273 240 1551 220 1517 1468 114 106 49 1443 70 1419 199 93 179 1392 43 1306 456 79 850 734 377 333 305 43 642 223 95 128
internal_count=2216 2145 71 2121 2090 1976 1953 1847 1824 273 240 1551 220 1517 1468 114 106 49 1443 70 1419 199 93 179 1392 43 1306 456 79 850 734 377 333 305 43 642 223 95 128
is_linear=0
shrinkage=0.05


Tree=84
num_leaves=40
num_cat=0
split_feature=28 9 16 0 0 4 29 7 11 9 24 26 23 5 28 29 4 30 27 33 30 15 21 4 30 33 14 14 9 7 22 19 10 26 26 16 33 11 8
split_gain=5732.75 16517.8 7493.92 2405.4 21872.7 50823.9 4521.75 3087.33 3940.97 21984.3 2883.51 11268.6 2379.14 2192.09 2192.34 2043.25 7740.45 2010.26 1726.35 1724.52 1667.83 1631.62 1098.08 984.147 981.432 1400.56 939.361 1004.27 902.177 2789.61 2896.18 7470.19 1012.84 2083.88 3293.62 1598.22 1562.78 912.234 2013.67
threshold=-1.5452485680580137 -0.67128363251686085 -1.5581622719764707 -0.73285263776779164 -0.66076958179473866 -0.80112382769584645 1.6874600648880007 2.1604351997375493 1.2957069873809817 1.2217946052551272 0.93824729323387157 0.8982854187488557 -1.369966387748718 3.179359078407288 -1.4092527627944944 0.75466626882553112 -0.27614629268646235 0.86204820871353161 0.43099544942379003 -0.047481616958975785 0.86204820871353161 0.68110722303390514 -1.6905580163002012 2.0844084024429326 -0.42359459400176996 -0.047486949712038033 0.054596081376075752 -0.061766013503074639 0.53685480356216442 0.32105529308319097 0.066196504980325713 0.35461199283599859 0.0094286585226655024 -0.27762223780155176 -0.22980414330959317 0.059406541287899024 -0.047473024576902383 -0.45074282586574549 -0.53328651189804066
decision_type=2 2 2 2 2 2 2 2 2 2 2 2 2 2 2 2 2 2 2 2 2 2 2 2 2 2 2 2 2 2 2 2 2 2 2 2 2 2 2
left_child=1 -1 12 17 5 -5 7 8 9 10 11 13 22 14 -6 20 -17 24 -18 -10 23 -12 -2 28 25 -4 27 -26 29 32 -31 -32 33 37 -35 -36 -37 38 -16
right_child=2 -3 3 4 6 -7 -8 -9 19 -11 21 -13 -14 -15 15 16 18 -19 -20 -21 -22 -23 -24 -25 26 -27 -28 -29 -30 30 31 -33 -34 34 35 36 -38 -39 -40
leaf_value=1.6296005740761759 -0.54475059832135841 -0.29822479367256166 -0.025121101550757887 3.0313784524053338 0.51942904144525526 0.05743162990273798 -0.715105982802131 0.5368036413358318 -0.16118095460735882 1.6642792776226998 -0.59967508699744942 1.1883075036667288 -0.94425160667818531 -0.52748395383358004 -0.064684597562850596 1.0597558797115372 -0.27457638655064837 -0.53880093693733222 0.27288451952238879 -0.61569549549603841 -0.46806761366980415 -0.10347650324976124 -0.043110863175243146 -0.24420883726814521 -0.012952228383708759 -0.58424915983563375 -0.11863161471070455 0.30703414315702737 -0.12216977056901471 -0.14144069028397402 1.1783901269993056 0.062016029863856563 -0.12767532773973311 0.76673673756420613 -0.099604772627353677 0.4684045769601457 -0.0011737768483512543 -0.18048972217078063 0.24849531910722217
leaf_weight=20 24 25 24 20 20 51 22 27 60 20 30 20 23 20 277 21 36 23 24 32 21 37 20 46 267 21 229 27 147 30 23 43 170 20 65 37 34 97 63
leaf_count=20 24 25 24 20 20 51 22 27 60 20 30 20 23 20 277 21 36 23 24 32 21 37 20 46 267 21 229 27 147 30 23 43 170 20 65 37 34 97 63
internal_value=-5.20465e-10 0.558586 -0.0115783 0.00499887 0.0384119 0.895163 -0.00377215 0.00724852 -0.00301565 0.0193484 -0.00633355 0.0112896 -0.53215 -0.00842591 0.000416644 -0.00857837 0.233572 -0.0805406 -0.055592 -0.319273 -0.0268581 -0.325655 -0.316733 -0.0180507 -0.0619843 -0.286048 -0.0427055 0.0164343 -0.00770951 0.011878 0.2659 0.451055 -0.0200829 0.0107615 0.167638 0.0795349 0.243536 -0.0452401 -0.0066542
internal_weight=2216 45 2171 2104 1513 71 1442 1420 1393 1301 1281 1214 67 1194 1174 1154 81 591 60 92 1073 67 44 1052 568 45 523 294 1006 859 96 66 763 593 156 136 71 437 340
internal_count=2216 45 2171 2104 1513 71 1442 1420 1393 1301 1281 1214 67 1194 1174 1154 81 591 60 92 1073 67 44 1052 568 45 523 294 1006 859 96 66 763 593 156 136 71 437 340
is_linear=0
shrinkage=0.05


Tree=85
num_leaves=40
num_cat=0
split_feature=30 15 20 6 4 5 30 5 30 16 5 30 28 29 6 11 30 15 15 29 11 7 24 8 11 9 20 9 29 29 28 29 5 20 29 30 7 12 5
split_gain=5896.71 2577.86 4694.54 2092.55 2913.08 2687.63 4393.09 5152.85 11383.2 2467.86 20809.3 2246.84 2055.36 16096.8 2019.61 1109.66 921.195 783.302 1246.83 633.67 614.798 923.762 998.268 928.828 2374.65 591.173 742.585 815.939 1235.83 710.16 561.74 491.01 458.451 454.049 443.438 465.865 464.183 1729.93 3647.38
threshold=-2.4608415365219112 -1.584319472312927 -1.6137911677360532 3.191205739974976 2.1403487920761113 0.93583095073699962 1.0098809599876406 0.700014889240265 0.05640011094510556 1.840181350708008 -0.19084589928388593 0.73168373107910167 -1.2250468134880064 -0.0043747618328779927 2.2832190990448002 0.84642362594604503 -0.88363802433013905 0.91597193479537975 1.6533120274543764 -0.5066140592098235 1.1336319446563723 0.71246248483657848 0.43529917299747473 -0.24923866242170331 -0.12892497330904004 -1.2384470701217649 -1.2932634949684141 -1.105413496494293 1.0929369330406191 -0.46025393903255457 -0.96137806773185719 -0.26970542967319483 -0.57295531034469593 0.50483191013336193 0.70453321933746349 0.12251437827944757 -0.35899424552917475 -0.42351233959197992 -0.38735930621623987
decision_type=2 2 2 2 2 2 2 2 2 2 2 2 2 2 2 2 2 2 2 2 2 2 2 2 2 2 2 2 2 2 2 2 2 2 2 2 2 2 2
left_child=-1 -2 -3 4 5 6 7 9 -9 12 -11 20 13 -4 15 16 -14 32 -19 -18 21 22 23 -7 -25 -21 -27 -28 29 -29 -31 -26 33 -17 36 -36 37 -32 -39
right_child=1 2 3 -5 -6 11 -8 8 -10 10 -12 -13 14 -15 -16 17 19 18 -20 25 -22 -23 -24 24 31 26 27 28 -30 30 34 -33 -34 -35 35 -37 -38 38 -40
leaf_value=0.74855761482165417 0.55617005929350849 -0.62498208804716993 -0.16495175695559686 -0.31549887893334877 0.5885633116676694 -0.19040049598330544 0.55020343128003579 -0.2239428694942035 1.350634963810444 -0.19657027236506588 1.6619266198575495 -0.64971925587881185 -0.32624850654602056 1.3882393593137916 0.37937975998582513 0.011782197662008305 -0.11371087263326479 0.047291614010623872 -0.38210898075591437 -0.26358779262412679 -0.3447668641805649 0.18498175569943021 -0.41040047120589479 0.48836623401465745 -0.29687122150013845 0.30007127024233343 -0.24848349098773564 0.22809716530384555 0.36286607336090959 -0.17491636838620672 -0.010112458970611809 0.0088659812664163527 -0.35318397582983074 -0.31079007655382163 -0.28130889617163563 0.023813981020992456 -0.025076440632138465 0.041538044348359116 0.84046918764943257
leaf_weight=26 20 31 69 53 21 84 38 24 22 61 20 21 25 22 29 24 158 73 22 22 25 28 26 22 24 20 34 31 23 52 261 29 53 20 29 22 582 50 20
leaf_count=26 20 31 69 53 21 84 38 24 22 61 20 21 25 22 29 24 158 73 22 22 25 28 26 22 24 20 34 31 23 52 261 29 53 20 29 22 582 50 20
internal_value=-1.64179e-10 -0.00888699 -0.0140949 -0.00524145 0.00264141 -0.00331712 0.0182845 0.00685181 0.529116 -0.0070995 0.262318 -0.153944 -0.020398 0.210545 -0.0339566 -0.0418374 -0.0256048 -0.154197 -0.0521485 -0.0198409 -0.110199 -0.0826681 -0.123177 -0.0762099 0.0516835 -0.00689901 -0.00187486 -0.00734489 0.000317454 -0.00764684 -0.0148398 -0.129581 -0.254142 -0.134842 -0.00620498 -0.149687 0.00180991 0.0490844 0.269804
internal_weight=2216 2190 2170 2139 2086 2065 1806 1768 46 1722 81 259 1641 91 1550 1521 1329 192 95 1304 238 213 185 159 75 1146 1124 1104 1070 1047 1016 53 97 44 964 51 913 331 70
internal_count=2216 2190 2170 2139 2086 2065 1806 1768 46 1722 81 259 1641 91 1550 1521 1329 192 95 1304 238 213 185 159 75 1146 1124 1104 1070 1047 1016 53 97 44 964 51 913 331 70
is_linear=0
shrinkage=0.05


Tree=86
num_leaves=40
num_cat=0
split_feature=30 6 18 24 29 30 33 27 17 16 18 16 0 7 12 10 12 30 6 28 3 22 22 30 15 3 18 19 22 31 31 21 27 29 29 10 13 9 14
split_gain=5321.78 2683.61 4456.98 1884.33 1876.98 6079.62 2069.08 2007.3 1762.96 5596.61 3042.26 6980.83 2740.58 1525.71 4907.88 2398.23 1886.4 1266.36 1238.62 1291.61 7835.97 1199.93 1858.64 970.363 968.356 895.155 771.313 3514.49 723.816 636.117 1493 1149.67 1077.75 733.707 2231.29 1299.28 3568.31 1009.31 1178.16
threshold=-2.4608415365219112 4.711318016052247 -1.5910865664482114 -1.4537886977195738 0.79209810495376598 1.0098809599876406 -0.047405436635017388 -0.13236420601606366 2.6455668210983281 2.2964339256286626 1.8767962455749514 1.7777344584465029 2.798500776290894 1.5819175839424136 1.4253037571907046 1.5550780892372134 0.99506542086601268 -0.65878006815910328 2.872025847434998 -1.2250468134880064 -0.27825903892517084 -0.23650609701871869 -0.73735532164573658 -0.55049610137939442 1.8629074692726137 0.13169784098863604 -0.59442287683486927 -0.56351080536842335 0.21679680049419406 0.52946344017982494 0.42740285396575933 -0.55546247959136952 1.3188517689704897 0.20255824923515323 0.24387346208095553 -0.36125576496124262 -0.042677767574787133 0.24428016692399981 0.21965948492288592
decision_type=2 2 2 2 2 2 2 2 2 2 2 2 2 2 2 2 2 2 2 2 2 2 2 2 2 2 2 2 2 2 2 2 2 2 2 2 2 2 2
left_child=-1 2 3 -2 5 6 8 -6 9 10 11 12 13 14 16 -15 17 -4 19 20 -19 22 -9 -21 -12 -18 -25 -28 -23 30 31 -29 -31 37 -35 -36 -37 -33 -39
right_child=1 -3 4 -5 7 -7 -8 21 -10 -11 24 -13 -14 15 -16 -17 25 18 -20 23 -22 28 -24 26 -26 -27 27 29 -30 32 -32 33 -34 34 35 36 -38 38 -40
leaf_value=0.71112977908207819 -0.12614354017980234 0.56808863848447799 -0.2380016066264688 -0.72768036708235739 -0.43934385577837631 0.75574507580863104 0.4823901504278183 -0.11780060997232795 -0.43112206612713638 0.74326833200454712 -0.19517137512564661 0.88489763519980691 0.55668959511177885 -0.70664320200681685 0.62584524097852412 -0.07027465881485688 -0.1309941265461666 -0.19392254991750968 0.35839224522933366 0.29587223832309245 1.0287877461314201 -0.47471883825957778 0.44628299409928529 -0.088248849260427878 -0.68719680666923522 -0.46369704049080607 0.65786530584096914 0.35402233681895517 -0.049332069866359241 -0.09993232710591772 0.3364549003459294 -0.10045217011297408 0.27168728907903039 0.50339703559875493 -0.23458748759613154 0.64691797119119898 -0.050920767411589622 0.29907967727113932 -0.0105050205173237
leaf_weight=26 23 20 57 30 48 27 22 40 24 25 20 22 21 20 30 57 62 38 24 25 20 20 23 309 20 30 20 22 20 275 34 314 21 26 42 23 90 36 210
leaf_count=26 23 20 57 30 48 27 22 40 24 25 20 22 21 20 30 57 62 38 24 25 20 20 23 309 20 30 20 22 20 275 34 314 21 26 42 23 90 36 210
internal_value=-1.89716e-09 -0.00844264 -0.0137563 -0.466636 -0.00241825 0.0106295 0.000253988 -0.172298 -0.00527913 0.000119825 -0.00982595 -0.000387043 -0.0111712 -0.017852 -0.00803702 -0.235565 -0.0193698 -0.00660154 0.00202489 -0.00365805 0.227702 -0.0478498 0.0881347 -0.0129316 -0.441184 -0.239484 -0.0183607 0.00104226 -0.262025 -0.0109765 0.0122694 -0.00217665 -0.0735674 -0.0127521 0.0747618 0.00286174 0.0911172 -0.0410378 0.0348001
internal_weight=2216 2190 2170 53 2117 1966 1939 151 1917 1893 1868 1828 1806 1785 1708 77 1678 1586 1529 1505 58 103 63 1447 40 92 1422 1113 40 1093 797 763 296 741 181 155 113 560 246
internal_count=2216 2190 2170 53 2117 1966 1939 151 1917 1893 1868 1828 1806 1785 1708 77 1678 1586 1529 1505 58 103 63 1447 40 92 1422 1113 40 1093 797 763 296 741 181 155 113 560 246
is_linear=0
shrinkage=0.05


Tree=87
num_leaves=40
num_cat=0
split_feature=12 22 30 28 28 29 11 7 27 20 27 30 31 29 18 4 5 5 13 12 6 6 7 17 29 29 16 17 33 21 30 29 20 20 12 15 20 27 13
split_gain=5349.13 21449.8 4622.85 3703.58 4935.44 3954.98 2211.2 13826.4 4430.49 26301.7 8950.62 3954.05 2335.97 2039.39 1844.39 1534.59 1006.82 998.62 929.761 2847.24 969.374 3492.33 863.761 837.899 809.569 3484.09 834.134 2019.01 1591.86 3952.38 1533.63 1980.08 1485.87 1017.64 770.172 1740.28 720.911 635.543 632.602
threshold=-1.3754690289497373 -1.6634678840637205 -2.4608415365219112 -1.2388885617256162 -1.197591185569763 1.6874600648880007 1.6160847544670107 1.6315463185310366 -0.58386245369911183 0.39998349547386175 -0.61005219817161549 1.0567454695701601 0.97795489430427562 0.10554993525147439 1.7937170863151553 2.0844084024429326 -0.22905685007572171 -0.13407536596059796 -0.95354408025741566 -0.92192900180816639 2.9755042791366582 1.911571264266968 1.0559886097908022 1.942263722419739 0.45624069869518286 0.38735149800777441 0.093140266835689559 0.044704664498567588 -0.047476824373006814 -0.15535405278205869 -0.28542430698871607 -0.4077103585004806 -0.30159899592399592 0.12480547279119493 -0.53883349895477284 -0.52217203378677357 -0.72018215060234059 0.16876037418842318 -1.0021973252296446
decision_type=2 2 2 2 2 2 2 2 2 2 2 2 2 2 2 2 2 2 2 2 2 2 2 2 2 2 2 2 2 2 2 2 2 2 2 2 2 2 2
left_child=2 -2 -1 13 -5 6 7 8 9 10 12 14 22 -3 15 18 -16 23 38 -20 21 24 -6 -8 25 26 27 28 34 30 -30 -32 -33 -28 35 36 -21 -17 -10
right_child=1 3 -4 4 5 -7 17 -9 11 -11 -12 -13 -14 -15 16 37 -18 -19 19 20 -22 -23 -24 -25 -26 -27 33 -29 29 -31 31 32 -34 -35 -36 -37 -38 -39 -40
leaf_value=-1.0291029106486929 1.5005246527493001 -0.14035051711943261 -0.15664452986449612 0.72626383366684122 -0.077759657103006405 0.65674131642217226 0.022285235811804617 1.2282381765220478 -0.079481228516327551 1.5038721664385362 1.0110891621559859 -0.64948858756285455 -0.60891060218214987 -0.59307025526251111 -0.13316320500203543 -0.46400296032428745 -0.59115172227223711 -0.43884974753277173 0.54609179447094602 0.053505930132590807 -0.28451561609903975 0.61343688291052123 0.26119806731031059 -0.33309953102359069 -0.11556349262873365 0.55745987155075583 -0.26007301458248905 0.39841070743025964 -0.27193386232660666 0.78981397628784178 0.56280322692612017 -0.10201572007499636 0.36654546824486361 -0.026264942798035262 -0.13871307760131676 0.38732412446003694 -0.34037364437466577 -0.11999363071959596 -0.35791380554437641
leaf_weight=22 24 86 49 24 179 23 43 23 136 33 20 26 20 35 28 25 21 36 24 26 30 23 21 27 154 28 51 37 31 20 21 64 23 532 151 26 21 29 24
leaf_count=22 24 86 49 24 179 23 43 23 136 33 20 26 20 35 28 25 21 36 24 26 30 23 21 27 154 28 51 37 31 20 21 64 23 532 151 26 21 29 24
internal_value=-9.95377e-10 0.0141333 -0.426984 -0.00268588 0.0135654 0.00490917 -0.00276729 0.00997807 -0.00538377 0.180357 -0.00162603 -0.0380771 -0.0936911 -0.271303 -0.027653 -0.0176342 -0.329444 -0.224849 -0.00769914 0.00669667 -0.0037601 0.00321231 -0.0421691 -0.114792 -0.00863171 0.00734064 -0.00801663 0.0457047 0.0116313 0.132621 0.0380608 0.127041 0.0218568 -0.0467181 -0.0742497 0.0590923 -0.122483 -0.279257 -0.121246
internal_weight=2216 2145 71 2121 2000 1976 1953 1847 1824 273 240 1551 220 121 1525 1476 49 106 1422 1262 1238 1208 200 70 1185 1031 1003 420 383 159 139 108 87 583 224 73 47 54 160
internal_count=2216 2145 71 2121 2000 1976 1953 1847 1824 273 240 1551 220 121 1525 1476 49 106 1422 1262 1238 1208 200 70 1185 1031 1003 420 383 159 139 108 87 583 224 73 47 54 160
is_linear=0
shrinkage=0.05


Tree=88
num_leaves=40
num_cat=0
split_feature=30 6 18 24 5 13 4 23 23 5 27 30 4 3 33 8 8 7 28 0 20 19 3 13 12 15 14 22 15 30 30 6 3 33 16 30 20 0 30
split_gain=5413.69 2505.84 4375.43 1954.35 1782.89 5690.59 24909 11460.7 21298.7 5590.4 21209.8 4242.23 2094.71 1474.83 1471.23 1266.75 1269.13 1306.6 1243.6 1151.91 1020.83 1629.3 1989.8 1456.09 3870.1 1818.57 961.289 3408.08 872.175 837.739 1966.93 852.381 769.515 762.404 730.945 818.617 700.805 605.191 529.48
threshold=-2.4608415365219112 4.711318016052247 -1.5910865664482114 -1.4537886977195738 -0.39827671647071833 0.89478415250778209 0.65578106045722973 1.1073681712150576 0.9649716615676881 -0.26945126056671137 -0.5767020285129546 0.95535138249397289 1.8876955509185793 -0.62551662325859059 -0.047482984140515321 1.1794789433479311 2.1217476129531865 1.6315463185310366 -1.1324338912963865 -0.7135351002216338 -0.76859977841377247 -0.58301496505737294 0.40040905773639685 -0.32651410996913904 -0.27101349830627436 -0.24508886784315106 -0.41532169282436365 -0.73735532164573658 1.6533120274543764 0.50587067008018505 0.46395739912986761 2.872025847434998 -0.67374685406684864 -0.047460375353693955 -1.2166458368301389 -0.61167719960212696 1.0790101289749148 -1.0787796974182127 0.14601807296276095
decision_type=2 2 2 2 2 2 2 2 2 2 2 2 2 2 2 2 2 2 2 2 2 2 2 2 2 2 2 2 2 2 2 2 2 2 2 2 2 2 2
left_child=-1 2 3 -2 15 9 7 8 -7 10 -6 12 13 -11 28 18 17 -17 32 -15 -21 22 -22 33 -25 -26 27 -12 36 30 31 34 -4 -23 -20 -36 -9 -31 -27
right_child=1 -3 4 -5 5 6 -8 14 -10 11 26 -13 -14 19 -16 16 -18 -19 29 20 21 23 -24 24 25 38 -28 -29 -30 37 -32 -33 -34 -35 35 -37 -38 -39 -40
leaf_value=0.71724469111515932 -0.11560667908709983 0.54859249606728555 -0.1237880360117803 -0.72821748395760855 1.3681122029748034 -0.33765039251496398 1.6187004258856179 -0.2910459561645985 1.8716367389261723 -0.2937687473105533 -0.22152635529637338 -0.7687389441898892 -0.5502851951122284 0.29906516280667533 -0.70661697983741767 -0.13869816062040627 0.05873744908501121 -0.5370182027135576 0.25163347297906874 -0.15177236313580489 -0.028006951723779951 -0.30450226050512547 0.66884733116836292 0.68645722326778236 0.30390502296780286 -0.1491024858775464 -0.16408744875503622 0.55242229366302487 -0.47547091756548199 0.11436669306297387 0.49762222021818164 0.27161403508098036 -0.47545840669245953 0.021335583581374246 -0.33097070143336343 -0.014248985999397799 0.12251145080441522 -0.17966704161394209 -5.2328069622700032e-05
leaf_weight=26 23 20 60 30 34 24 30 20 20 49 33 21 20 29 20 50 34 35 25 122 21 58 20 21 38 110 69 25 21 21 20 27 21 26 21 716 21 105 130
leaf_count=26 23 20 60 30 34 24 30 20 20 49 33 21 20 29 20 50 34 35 25 122 21 58 20 21 38 110 69 25 21 21 20 27 21 26 21 716 21 105 130
internal_value=-1.23953e-09 -0.00851524 -0.0136499 -0.462368 -0.00241603 0.0469142 0.323876 0.0155851 0.666571 -0.0053934 0.258969 -0.0693969 -0.0465922 -0.0304482 -0.333724 -0.0450965 -0.199441 -0.302712 -0.0270187 -0.00800874 -0.0243185 0.0123545 0.311922 -0.0197141 0.0319596 -0.0174809 -0.0379673 0.112072 -0.213437 -0.010737 0.00794092 -0.00447179 -0.214962 -0.203648 -0.0142544 -0.0232736 -0.0792239 -0.130661 -0.068367
internal_weight=2216 2190 2170 53 2117 982 156 126 44 826 161 665 644 624 82 1135 119 85 1016 575 546 424 41 383 299 278 127 58 62 935 809 789 81 84 762 737 41 126 240
internal_count=2216 2190 2170 53 2117 982 156 126 44 826 161 665 644 624 82 1135 119 85 1016 575 546 424 41 383 299 278 127 58 62 935 809 789 81 84 762 737 41 126 240
is_linear=0
shrinkage=0.05


Tree=89
num_leaves=40
num_cat=0
split_feature=28 20 16 33 9 12 29 6 4 30 7 9 9 27 5 23 30 29 27 20 7 15 6 9 13 23 29 29 16 27 20 26 22 30 30 28 5 4 3
split_gain=5378.19 15199.1 6729.39 2165.72 2151.44 7948.85 16248 2037.95 3549.1 3136.87 3061.92 3020.55 21693.4 3156.76 1847.74 1834.6 1472.31 1234.42 998.515 1243.27 1540.57 1053.4 985.779 922.17 2286.95 3816.66 941 1059.12 2638.3 932.56 2419.73 6980.26 1122.17 877.836 5269.46 935.253 865.04 851.642 836.948
threshold=-1.5452485680580137 -1.5288347005844114 -1.5581622719764707 -0.047398863360285752 -1.2846765518188474 -1.2313437461853025 0.13334774971008304 -0.098241925239562974 2.0844084024429326 1.0098809599876406 2.1604351997375493 1.260655999183655 1.1875331997871401 -1.1976896524429319 1.5876004099845888 1.1383608579635622 0.43491733074188238 0.73190146684646618 -0.46763706207275385 0.2236004322767258 0.83773630857467662 1.7172574996948244 -0.1594545096158981 -0.66562154889106739 -0.57643339037895192 -0.62026530504226673 -0.60456100106239308 -0.44785918295383448 0.44548352062702185 0.3867646604776383 0.16362944990396502 -0.41681288182735438 1.439948618412018 -0.15280977636575696 -0.21799339354038236 -0.057301392778754227 -0.37862537801265711 -0.37204383313655848 -0.25345492362976069
decision_type=2 2 2 2 2 2 2 2 2 2 2 2 2 2 2 2 2 2 2 2 2 2 2 2 2 2 2 2 2 2 2 2 2 2 2 2 2 2 2
left_child=1 -1 3 -2 17 6 -6 8 9 10 11 12 13 -7 33 18 37 -4 19 20 36 22 23 -20 25 -25 -26 28 -28 -29 31 -31 -32 34 35 -9 -15 -13 -5
right_child=2 -3 4 38 5 7 -8 14 -10 -11 -12 16 -14 15 -16 -17 -18 -19 21 -21 -22 -23 -24 24 26 -27 27 29 -30 30 32 -33 -34 -35 -36 -37 -38 -39 -40
leaf_value=1.5684075013361873 -0.87297593832016007 -0.28085954022407533 -0.063161292943087491 -0.072383551062508072 -0.24481465437195521 0.54649757464230064 1.7242900562100112 0.0072380926925688987 0.68553302794694904 0.49031322458211113 0.46049171470933498 -0.20676343168349978 1.6483770029246807 -0.0042917448784848137 -0.52612500364581749 -0.4537796029588208 0.12467689603567123 -0.58167825999359291 -0.080012621894386515 -0.3948270153614783 0.35075101909183326 -0.28731901327083847 0.30065082728862769 0.013349168768359555 -0.19396192432882697 0.83791015821954484 0.69010046847164641 -0.035017764251133392 -0.0737521821489701 -0.18206000280380252 -0.049604720169370127 1.0117304794490338 0.3509621533751488 -0.11786804350503421 0.77972668796777733 -0.34231336871462487 -0.19802540342916142 -0.52065467886626726 -0.51929084837436679
leaf_weight=20 25 25 22 22 22 25 20 50 20 34 36 47 20 121 24 24 20 24 222 31 21 29 30 36 52 23 20 401 26 25 139 24 20 295 20 31 110 40 20
leaf_count=20 25 25 22 22 22 25 20 50 20 34 36 47 20 121 24 24 20 24 222 31 21 29 30 36 52 23 20 401 26 25 139 24 20 295 20 31 110 40 20
internal_value=1.09312e-09 0.541037 -0.0112145 -0.504517 0.00449429 0.0120534 0.692854 -0.00212999 0.0236587 0.0152593 0.00478468 -0.00610871 0.0134745 -0.0102369 -0.100127 -0.0205164 -0.262154 -0.333692 -0.0126981 -0.0960281 -0.0592711 0.00982569 0.0182905 0.00971683 0.035722 0.334788 0.0107645 0.0270176 0.258358 0.00954367 0.095453 0.402654 0.00078105 -0.074309 0.0529181 -0.126541 -0.0965459 -0.351081 -0.285197
internal_weight=2216 45 2171 67 2104 2058 42 2016 1596 1576 1542 1506 1399 1379 420 1354 107 46 1330 283 252 1047 1018 988 766 59 707 655 46 609 208 49 159 396 101 81 231 87 42
internal_count=2216 45 2171 67 2104 2058 42 2016 1596 1576 1542 1506 1399 1379 420 1354 107 46 1330 283 252 1047 1018 988 766 59 707 655 46 609 208 49 159 396 101 81 231 87 42
is_linear=0
shrinkage=0.05


Tree=90
num_leaves=40
num_cat=0
split_feature=29 21 19 5 3 3 26 26 26 13 27 27 30 12 5 5 18 23 18 6 5 5 5 30 33 29 6 29 3 4 3 3 29 30 21 5 29 8 11
split_gain=5524.57 3118.85 5887.45 2384.78 2336.09 7594.76 2839.74 29140.8 3962.63 8066.78 1807.14 4862.45 2364.6 1801.04 1493.3 1385.73 1302.43 1290.09 1002.19 916.908 924.598 5993.35 960.332 924.726 838.561 774.087 801.999 925.51 747.721 980.842 1722.4 3328.8 738.996 659.369 632.603 580.285 486.133 475.732 1241.08
threshold=3.2934920787811284 -1.6710991859436033 -1.5992504954338072 3.5429087877273564 1.8135544657707217 1.6654188036918642 1.385194003582001 1.294765889644623 0.84657806158065807 0.82692894339561474 -1.2386001944541929 -1.1030309796333311 1.2409112453460696 1.7161071300506594 -0.18866241723299024 -0.3808088600635528 1.757795035839081 0.90845298767089855 -0.043613327667117112 2.872025847434998 0.82119813561439525 1.1148765087127688 0.56573072075843822 0.27967716753482824 -0.047358125448226922 -0.48707868158817286 1.3081901073455813 -0.44785918295383448 1.3119601607322695 -1.0347204208374021 -0.1935116499662399 0.19164110720157626 0.37714722752571112 -0.65878006815910328 0.69755277037620556 -0.46378119289875025 -0.3728205263614654 0.37150499224662786 0.38473846018314367
decision_type=2 2 2 2 2 2 2 2 2 2 2 2 2 2 2 2 2 2 2 2 2 2 2 2 2 2 2 2 2 2 2 2 2 2 2 2 2 2 2
left_child=1 24 -3 4 5 6 7 8 9 10 36 -12 19 15 -10 -8 -15 18 -6 20 22 -22 25 -23 -1 -13 27 -27 29 30 32 -32 35 -31 -16 -29 -4 -35 -39
right_child=-2 2 3 -5 17 -7 13 -9 14 -11 11 12 -14 16 34 -17 -18 -19 -20 -21 21 23 -24 -25 -26 26 -28 28 -30 33 31 -33 -34 37 -36 -37 -38 38 -40
leaf_value=-0.66667425911873579 0.75448234391709168 0.81391998827457435 -0.15481526877208637 0.53516892313957221 -0.26182547903353615 0.74326622575959744 -0.20928364189401752 1.8586294923509872 -0.14920790495657871 1.0058460438996553 0.74441738724708562 -0.12055497193773618 0.52227507574217658 0.10679808164258367 -0.67712484857310429 -0.69924311792408977 -0.26745131126743682 -0.47983677955644749 -0.00042332024736837912 0.28804162639379499 0.90589478075504304 -0.13062181738144779 -0.26548984999812786 0.17933858786310469 -0.22399154833477475 0.33138586495603839 -0.20419227705926313 -0.16660401721189663 0.26601117026805876 -0.21027691280469299 -0.84423179864883435 -0.10522495532231915 0.25944990534335377 0.0062484859072913729 -0.3202837939201682 0.16190612614154817 -0.43455723488330844 0.46474803649776036 0.03228754180518887
leaf_weight=20 24 22 41 20 70 34 31 21 99 20 22 173 21 46 23 27 47 31 77 25 20 77 42 35 23 21 49 41 25 32 20 64 26 675 27 20 25 21 79
leaf_count=20 24 22 41 20 70 34 31 21 99 20 22 173 21 46 23 27 47 31 77 25 20 77 42 35 23 21 49 41 25 32 20 64 26 675 27 20 25 21 79
internal_value=1.09156e-09 -0.00826075 0.000175764 -0.00824096 -0.0133991 0.00259379 -0.0106953 0.00731492 -0.015249 0.00808076 -0.00476049 0.00659513 -0.00447723 -0.218708 -0.261699 -0.437368 -0.0823387 -0.186715 -0.124901 -0.0121325 -0.0174172 0.108613 -0.0303333 -0.0337592 -0.42989 -0.0224067 -0.00658222 0.00287373 -0.00400439 -0.0109066 -0.119684 -0.281179 0.036242 0.0121429 -0.484431 -0.0588958 -0.260778 0.0213266 0.123104
internal_weight=2216 2192 2149 2127 2107 1929 1895 1744 1723 1574 1554 1488 1466 151 149 58 93 178 147 1445 1420 132 1288 112 43 1246 1073 1024 1003 978 171 84 87 807 50 61 66 775 100
internal_count=2216 2192 2149 2127 2107 1929 1895 1744 1723 1574 1554 1488 1466 151 149 58 93 178 147 1445 1420 132 1288 112 43 1246 1073 1024 1003 978 171 84 87 807 50 61 66 775 100
is_linear=0
shrinkage=0.05


Tree=91
num_leaves=40
num_cat=0
split_feature=27 15 12 29 13 29 6 4 5 30 5 30 28 16 29 6 11 20 28 22 11 25 15 15 29 30 27 7 3 29 29 2 27 27 20 0 2 27 30
split_gain=5313.86 4652.77 9986.96 9504.97 2093.67 3261.6 2010.26 2558.49 2347.82 4943.24 4997.15 9214.01 2509.73 2404.75 19561.7 2062.56 1963.2 1483.86 1888.54 1229.29 1228.37 910.307 821.158 998.275 778.942 680.594 723.156 582.197 523.054 508.11 499.945 488.375 701.714 841.946 1863.65 670.779 551.196 864.625 510.767
threshold=-2.1934885978698726 -1.3155183792114256 -1.2229315042495725 3.2934920787811284 -1.3370534777641294 0.30189555883407598 3.2509608268737797 2.1403487920761113 0.93583095073699962 1.0098809599876406 0.700014889240265 0.05640011094510556 -1.2250468134880064 1.840181350708008 -0.41597388684749598 2.2832190990448002 1.1336319446563723 -0.76859977841377247 -0.29807943105697626 -1.6105053424835203 0.84642362594604503 2.1572535037994389 0.91597193479537975 1.6533120274543764 1.1304740905761721 -0.40183690190315241 -0.77080711722373951 -0.022741576656699177 -0.2038466930389404 0.73190146684646618 -0.31589841842651362 2.2576968073844914 1.0399777889251711 0.75755280256271373 0.14228869229555133 -0.37333177030086512 1.0000000180025095e-35 0.16876037418842318 -0.058842945843935006
decision_type=2 2 2 2 2 2 2 2 2 2 2 2 2 2 2 2 2 2 2 2 2 2 2 2 2 2 2 2 2 2 2 2 2 2 2 2 2 2 2
left_child=-1 3 -3 4 5 -2 7 8 9 10 12 -12 -4 15 -15 20 17 -10 -19 -6 24 -16 -22 -24 25 30 28 -20 -27 -21 -14 32 33 36 -35 -33 -28 38 -38
right_child=1 2 6 -5 19 -7 -8 -9 16 -11 11 -13 13 14 21 -17 -18 18 27 29 22 -23 23 -25 -26 26 31 -29 -30 -31 -32 35 -34 34 -36 -37 37 -39 -40
leaf_value=0.61120104960032873 -0.20650199107372036 1.0964172980615072 0.42170293677379106 -1.2549404550698542 -0.60583519312468448 0.50081089852111682 -0.33786095418902334 0.55667208986622951 -0.41586876670519513 0.65845102906227115 -0.20632361090254214 1.2579004516994412 -0.30886477818994812 1.6088442468643187 0.018530614922444025 0.39085548232341638 -0.52430312208831309 0.29914526882417064 0.010465552691708912 -0.076854037035214304 -0.25521079780817146 -0.37294145668997913 0.040584324175262289 -0.34363926726986066 0.23452245399355887 -0.07452136984030748 0.015880920939342749 -0.19830923333325809 -0.35206466031571232 -0.37578419007006147 -0.068627901186072635 0.33219247388839723 -0.11321674316263886 0.47295332759618758 -0.038117909279059281 -0.056298399735242137 0.16851085767601476 -0.21807157807052135 -0.06215097289109095
leaf_weight=35 39 21 34 21 22 28 43 21 30 30 21 22 33 20 27 29 30 34 55 44 97 33 73 22 30 58 620 85 24 21 63 25 139 30 44 20 33 72 88
leaf_count=35 39 21 34 21 22 28 43 21 30 30 21 22 33 20 27 29 30 34 55 44 97 33 73 22 30 58 620 85 24 21 63 25 139 30 44 20 33 72 88
internal_value=4.27742e-10 -0.00980836 0.0117617 -0.257063 -0.120989 0.0890915 0.000286772 0.00777408 0.00177363 0.0223604 0.010844 0.542814 -0.00332869 -0.0124749 0.254627 -0.0267204 -0.146645 -0.0911069 -0.0351134 -0.282775 -0.0349527 -0.196779 -0.152879 -0.0483938 -0.0172498 -0.0232972 -0.0126471 -0.116291 -0.155754 -0.173431 -0.151209 -0.00169027 -0.00876133 0.00760767 0.169073 0.15953 -0.00708907 -0.0808787 0.000756799
internal_weight=2216 2181 2006 175 154 67 1985 1942 1921 1687 1657 43 1614 1580 80 1500 234 204 174 87 1471 60 192 95 1279 1249 1153 140 82 65 96 1071 1026 887 74 45 813 193 121
internal_count=2216 2181 2006 175 154 67 1985 1942 1921 1687 1657 43 1614 1580 80 1500 234 204 174 87 1471 60 192 95 1279 1249 1153 140 82 65 96 1071 1026 887 74 45 813 193 121
is_linear=0
shrinkage=0.05


Tree=92
num_leaves=40
num_cat=0
split_feature=29 21 19 5 3 3 26 26 24 11 7 18 29 30 27 9 27 18 3 5 5 23 29 29 33 8 11 18 33 8 7 15 2 23 16 7 10 11 7
split_gain=5738.79 3140.8 5404.65 2192.46 2089.73 6913.38 2526.48 26363.1 3486.32 7842.36 1796.36 4907.26 5338.87 2009.1 1800.06 1576.43 1750.6 1536.3 1390.24 1262.91 6296.51 1177.48 1071.07 3009.71 1033.9 1996.91 1010.69 907.248 792.21 784.832 1829.82 766.635 720.947 1069.43 1006.27 946.261 1534.95 2364.72 739.756
threshold=3.2934920787811284 -1.6710991859436033 -1.5992504954338072 3.5429087877273564 1.8135544657707217 1.6654188036918642 1.385194003582001 1.294765889644623 0.84042927622795116 0.90610828995704662 -0.66309869289398182 -1.0568026304244993 0.75466626882553112 0.86204820871353161 -1.1536921858787534 1.5215843915939333 -0.40951874852180475 1.5376403331756594 -0.61862659454345692 0.82119813561439525 1.2382432222366335 0.90845298767089855 -0.52172148227691639 -0.47341926395893091 -0.047469610348343842 -0.6151132583618163 1.0874515175819399 -0.043613327667117112 -0.047335436567664139 -1.1999563574790952 -1.1298979520797727 1.0349448323249819 1.0000000180025095e-35 -0.52566492557525624 0.71212014555931102 -0.497776448726654 -0.2872625589370727 -0.32617805898189539 -0.17776853591203687
decision_type=2 2 2 2 2 2 2 2 2 2 2 2 2 2 2 2 2 2 2 2 2 2 2 2 2 2 2 2 2 2 2 2 2 2 2 2 2 2 2
left_child=1 28 -3 4 5 6 7 8 9 10 13 -12 14 29 -13 16 -8 31 -10 22 -21 27 -16 -24 25 -25 -20 -6 -1 -4 -31 -17 33 -27 -34 -35 37 -37 -38
right_child=-2 2 3 -5 21 -7 15 -9 18 -11 11 12 -14 -15 19 17 -18 -19 26 20 -22 -23 23 24 -26 32 -28 -29 -30 30 -32 -33 34 35 -36 36 38 -39 -40
leaf_value=-0.64120884050022475 0.7689707227051259 0.77971193336627698 -0.20683576032555628 0.51301992475986491 -0.24810823899560741 0.70882871795226554 -0.79968255341053007 1.7673448033453454 -0.084742983336835886 0.96673868170806354 0.72158521088957794 -0.4772307884693146 0.62930826457107769 -0.49884602640356335 -0.15082504833153509 -0.056714040388663615 -0.1916201883605842 -0.28502534913042415 -0.25710209808951501 0.96395025938749324 -0.027931808633729818 -0.45692238788450923 0.51422398324523655 0.44254709529876712 -0.20930672178285256 0.35427373959259556 -0.63097810649446084 0.00060409352957428285 -0.21186671466344881 0.34987411475900948 -0.064327649920165902 0.34293031230568888 -0.18034227645559309 -0.28435428837879695 0.19792613380012058 0.022776585356110619 -0.16976967786533248 0.66267857727679347 0.0092326345602208714
leaf_weight=22 24 22 77 20 70 34 20 21 71 21 25 20 34 28 128 30 29 52 51 20 80 31 28 25 62 22 28 77 21 29 331 20 108 28 21 42 69 22 353
leaf_count=22 24 22 77 20 70 34 20 21 71 21 25 20 34 28 128 30 29 52 51 20 80 31 28 25 62 22 28 77 21 29 331 20 108 28 21 42 69 22 353
internal_value=4.60271e-10 -0.00841939 4.67656e-05 -0.00801747 -0.0129632 0.00216283 -0.0105161 0.00647172 -0.0149899 0.00697317 -0.00601335 0.0291697 0.0128699 -0.0882584 -0.00751818 -0.20672 -0.439809 -0.0947464 -0.245309 0.00180152 0.170445 -0.176886 -0.0167715 0.00522702 -0.013725 0.00384901 -0.389615 -0.11783 -0.43153 -0.0619507 -0.0309614 0.103144 -0.0126434 0.0128968 -0.118764 -0.00171471 0.014569 0.242743 -0.0200355
internal_weight=2216 2192 2149 2127 2107 1929 1895 1744 1723 1573 1552 1087 1062 465 1028 151 49 102 150 1008 100 178 908 780 752 690 79 147 43 437 360 50 665 536 129 514 486 64 422
internal_count=2216 2192 2149 2127 2107 1929 1895 1744 1723 1573 1552 1087 1062 465 1028 151 49 102 150 1008 100 178 908 780 752 690 79 147 43 437 360 50 665 536 129 514 486 64 422
is_linear=0
shrinkage=0.05


Tree=93
num_leaves=40
num_cat=0
split_feature=29 30 30 30 30 30 18 6 5 6 27 18 22 16 17 8 11 11 3 8 18 16 27 11 12 26 4 30 4 5 0 0 29 31 31 20 21 16 29
split_gain=5179.25 2968.12 5150.21 2739.3 7062.54 3858.72 2782.47 1767.88 2715.63 1878.43 1748.97 1744.03 1759.7 2030.64 3947.84 1483.19 6997.1 1939.54 1345.71 1154.57 1353.66 8246.37 1972.6 1391.18 964.884 723.537 676.24 1183.44 854.56 821.463 776.129 1521.7 717.867 784.288 3827.56 1100.56 1799.68 881.155 714.57
threshold=3.2934920787811284 -0.95633739233016957 -0.81057617068290699 1.3463437557220461 1.0567454695701601 0.9120679795742036 -1.5910865664482114 3.3894180059432988 3.179359078407288 2.7306540012359624 -1.9179521799087522 -1.5013355016708372 2.3331806659698491 2.0667412281036381 1.8931055068969729 1.1994026899337771 1.1975004673004153 1.6160847544670107 -0.37885349988937372 -1.1999563574790952 -1.0568026304244993 -1.0838267803192136 -1.1536921858787534 -1.1329652667045591 1.0842877030372622 -0.91640719771385182 -1.0347204208374021 0.28248156607151037 -1.0322614908218382 -0.37207493185997004 -0.85877436399459828 -0.54879942536354054 -0.85986977815628041 0.50143270194530498 0.42740285396575933 0.037093298509716995 0.13452491164207461 0.2457770183682442 -0.11295622587203978
decision_type=2 2 2 2 2 2 2 2 2 2 2 2 2 2 2 2 2 2 2 2 2 2 2 2 2 2 2 2 2 2 2 2 2 2 2 2 2 2 2
left_child=1 10 -3 4 5 6 -4 8 9 11 -1 -8 13 14 15 16 19 18 -17 -13 21 23 -22 -21 26 -25 27 30 -28 -29 -24 -32 -30 34 38 -35 -37 -38 -34
right_child=-2 2 3 -5 -6 -7 7 -9 -10 -11 -12 12 -14 -15 -16 17 -18 -19 -20 20 22 -23 24 25 -26 -27 28 29 32 -31 31 -33 33 35 -36 36 37 -39 -40
leaf_value=-0.67981813152631121 0.73052213769406082 0.70157140579361188 -0.44537377346100082 0.56171473889123824 -0.86497521003087374 0.62801938326253248 0.37850953628276957 -0.32281336418929557 0.55742392052303669 0.48080773234367369 -0.14238936737543201 -0.26336317652430224 0.33901008633630619 -0.45761878994794991 0.63831757755707141 -0.16342052609229893 0.92178322494029996 0.013032289840938413 -0.60090989647433168 0.32444818672679721 -0.42630775173505148 1.0763403684168589 -0.022922834368615315 -0.044610378762771345 -0.31276781345131222 -0.39336404740810393 0.29299681189656263 0.23221649993949822 0.28049315308982675 -0.13061216072394297 -0.61967395659197466 -0.1460398373370235 -0.055102463761493227 -0.17751269312444287 0.64147490632409854 0.34167106982433437 -0.30259320716704097 -0.0092563147954389368 0.041967041582728813
leaf_weight=24 24 26 36 21 24 24 29 42 22 20 41 47 35 26 23 39 20 68 32 21 30 20 58 58 27 20 25 39 22 26 22 74 332 142 24 33 31 147 442
leaf_count=24 24 26 36 21 24 24 29 42 22 20 41 47 35 26 23 39 20 68 32 21 30 20 58 58 27 20 25 39 22 26 22 74 332 142 24 33 31 147 442
internal_value=-5.05026e-10 -0.00799842 0.00217257 -0.00648253 -0.0122191 -0.00226478 -0.00970908 -0.0018514 0.00504747 -0.00124253 -0.340825 -0.0062849 -0.0122111 -0.018863 -0.012602 -0.0209239 -0.00778659 -0.177815 -0.360599 -0.0191228 -0.0119167 0.150299 -0.0250128 -0.0367805 -0.0166757 -0.134034 -0.0110338 -0.0918209 0.00373444 0.087085 -0.167333 -0.254581 -0.00243057 -0.00783833 0.0196125 -0.0698944 0.00253117 -0.0603431 0.000329993
internal_weight=2216 2192 2127 2101 2080 2056 2032 1996 1954 1932 65 1912 1883 1848 1822 1799 1660 139 71 1640 1593 119 1474 99 1444 78 1417 219 1198 65 154 96 1173 1151 798 353 211 178 774
internal_count=2216 2192 2127 2101 2080 2056 2032 1996 1954 1932 65 1912 1883 1848 1822 1799 1660 139 71 1640 1593 119 1474 99 1444 78 1417 219 1198 65 154 96 1173 1151 798 353 211 178 774
is_linear=0
shrinkage=0.05


Tree=94
num_leaves=40
num_cat=0
split_feature=27 15 29 9 13 29 33 4 30 33 18 25 27 8 27 18 15 24 5 12 3 27 15 22 15 9 6 4 4 4 2 30 0 33 10 12 29 9 19
split_gain=5408.65 4529.97 9801.1 9422.46 2015.96 2998.49 1956.69 4677.6 2905.33 2392.45 1847.05 9217.5 1656.78 20912.4 2643.53 3817.67 1855.5 2266.86 6882.76 2162.18 1690.64 1380.83 1184.49 1164.69 1090.89 1077.08 1052.24 976.638 851.429 796.385 786.685 714.418 672.59 655.222 634.724 3101.84 6302.62 839.761 686.195
threshold=-2.1934885978698726 -1.3155183792114256 3.2934920787811284 -1.2051863074302671 -1.3370534777641294 0.30189555883407598 -0.047459915280342095 2.1053092479705815 1.0098809599876406 -0.047462873160839074 -1.0568026304244993 -1.1380925774574278 0.13492330908775332 1.3476914763450625 0.18121211230754855 0.35629065334796911 1.6533120274543764 1.5304850935935976 1.0000000180025095e-35 0.99506542086601268 0.70701545476913463 -1.1536921858787534 1.8295560479164126 -1.6105053424835203 2.0906820297241215 1.7265975475311282 1.3460835814476015 2.0690402984619145 -0.54416760802268971 -1.0371792912483213 2.2576968073844914 0.23403161019086841 -0.39372250437736506 -0.047483913600444787 -0.42161588370800013 -0.30952669680118555 -0.21035738289356229 -0.6248013675212859 0.38948178291320806
decision_type=2 2 2 2 2 2 2 2 2 2 2 2 2 2 2 2 2 2 2 2 2 2 2 2 2 2 2 2 2 2 2 2 2 2 2 2 2 2 2
left_child=-1 2 4 -3 5 -2 7 8 9 10 11 -5 16 14 15 -14 17 19 25 21 32 -12 29 -6 -18 -19 -23 28 -8 31 34 33 -21 -16 37 36 -36 -31 -37
right_child=1 3 -4 6 23 -7 27 -9 -10 -11 12 -13 13 -15 22 -17 24 18 -20 20 -22 26 -24 -25 -26 -27 -28 -29 -30 30 -32 -33 -34 -35 35 38 -38 -39 -40
leaf_value=0.61662828207015996 -0.19296273592716229 1.0404609216377139 -1.2671680747043519 -0.12136648690700531 -0.58890032497319311 0.48522144162229131 -0.40528390891849997 0.7411644978956744 0.48732550528741653 0.38614190544982335 -0.39791023777081419 1.1486972084641456 -0.10277740824080649 1.632233045846224 -0.089301530079495525 0.85062123678979418 -0.55765781032628026 -0.36345884233713149 1.0112975703924894 -0.27533417992732107 -0.64306158590316775 -0.013336811028663458 -0.31866578674742158 -0.16801157118036197 -0.090745803578333423 0.094179468850294754 -0.30252510417591444 -0.39687880097013534 -0.057564677490669049 0.0016949657736153438 0.29796142578125001 0.076500233295171166 0.037143411487340926 -0.41708556652069095 -0.15243737546896394 -0.17774783535326114 1.0739534002542495 -0.24653952117743239 0.012453807253792812
leaf_weight=35 39 22 21 50 22 28 20 22 31 39 26 20 21 20 31 21 29 20 20 51 25 672 35 65 22 36 33 33 147 87 22 23 26 30 22 61 20 56 213
leaf_count=35 39 22 21 50 22 28 20 22 31 39 26 20 21 20 31 21 29 20 20 51 25 672 35 65 22 36 33 33 147 87 22 23 26 30 22 61 20 56 213
internal_value=-1.49799e-09 -0.00989546 -0.253865 0.0113881 -0.115688 0.0904575 -2.30334e-05 0.0166026 0.00755583 -0.00103623 -0.00996055 0.241509 -0.0208131 0.0400401 -0.00956091 0.373922 -0.0627765 -0.0463113 0.215095 -0.0701611 -0.285812 -0.0400702 -0.0364047 -0.274443 -0.356245 -0.0692628 -0.0268733 -0.148323 -0.0992077 -0.0189195 0.0058875 -0.160969 -0.169822 -0.250507 -0.00811168 0.0314414 0.431558 -0.0955157 -0.0298904
internal_weight=2216 2181 175 2006 154 67 1984 1784 1762 1731 1692 70 1622 662 642 42 960 909 76 833 102 731 600 87 51 56 705 200 167 565 481 84 77 61 459 316 42 143 274
internal_count=2216 2181 175 2006 154 67 1984 1784 1762 1731 1692 70 1622 662 642 42 960 909 76 833 102 731 600 87 51 56 705 200 167 565 481 84 77 61 459 316 42 143 274
is_linear=0
shrinkage=0.05


Tree=95
num_leaves=40
num_cat=0
split_feature=29 22 19 16 18 30 6 3 16 16 17 16 26 7 12 13 13 6 33 29 5 10 7 29 18 18 16 13 21 8 0 15 5 5 20 4 15 15 15
split_gain=5412.77 2877.52 5192.24 2033.08 6397.16 3509.75 1814.99 2869.11 1615.77 6490.67 2203.15 6565.69 1424.74 1361.98 3576.27 1850.54 1741.37 1375.92 1325.52 845.257 801.594 1021.59 1184.12 753.064 735.57 722.788 2402.46 4406.18 1396.28 602.947 717.904 563.319 1795.37 948.652 920.513 797.583 793.434 809.158 2572.91
threshold=3.2934920787811284 -1.6923955082893369 -1.5992504954338072 -1.043636620044708 -1.0568026304244993 1.0098809599876406 2.9755042791366582 2.5976400375366215 2.6440126895904545 2.2964339256286626 1.942263722419739 1.840181350708008 -0.82753142714500416 1.5819175839424136 1.4253037571907046 1.5602356195449831 0.88261732459068309 2.2832190990448002 -0.047477310523390763 1.1304740905761721 -0.428845465183258 -1.2391423583030698 -1.0927359461784361 -0.75858324766159047 -1.5013355016708372 -0.59442287683486927 -0.50446477532386769 -0.57643339037895192 -0.43617224693298334 -1.2078132629394529 0.22068253904581073 -0.096796888858079896 0.54171237349510204 -0.33823095262050623 -0.08484467118978499 0.81315135955810558 0.040961997583508498 0.27601341903209692 0.20969139039516452
decision_type=2 2 2 2 2 2 2 2 2 2 2 2 2 2 2 2 2 2 2 2 2 2 2 2 2 2 2 2 2 2 2 2 2 2 2 2 2 2 2
left_child=1 23 -3 12 -5 6 7 8 9 10 11 13 20 14 16 -15 17 19 -18 25 21 -4 -23 -1 -22 -6 27 -27 -28 -26 -31 32 33 34 35 -30 -33 38 -38
right_child=-2 2 3 4 5 -7 -8 -9 -10 -11 -12 -13 -14 15 -16 -17 18 -19 -20 -21 24 22 -24 -25 29 26 28 -29 31 30 -32 36 -34 -35 -36 -37 37 -39 -40
leaf_value=-0.60828583862470553 0.74680926551421489 0.76411748995835138 -0.19828137038719088 0.87802110385327115 -0.088750514519898099 0.52792628119068763 -0.31198218306526543 0.52098441983644783 -0.42446389593507938 0.85071695866909902 -0.43833152246971929 0.87249817670810792 -0.43573238338742942 -0.52945658519864081 0.51594900682102895 -0.024694636464118958 -0.1232376871137949 0.41054515600204466 -0.56264205813407908 0.30026000826196242 0.075723223175321319 0.43911081731319429 -0.011260872610189298 -0.18877676919102671 -0.46137988102436067 0.78932575826291684 -0.23923762938724114 -0.0033207799494266513 -0.074209580148913365 -0.051822155359245482 -0.40986852702640353 -0.14977121937733431 0.39732861323282126 -0.14129299045796845 0.29153366264624475 0.25642299273361763 -0.030162927400597856 -0.035800053333298547 0.40246309660142288
leaf_weight=23 24 22 42 21 251 31 48 26 23 22 30 21 35 30 32 46 121 20 20 22 21 20 54 20 25 27 65 50 76 42 21 104 35 69 39 24 121 445 48
leaf_count=23 24 22 42 21 251 31 48 26 23 22 30 21 35 30 32 46 121 20 20 22 21 20 54 20 25 27 65 50 76 42 21 104 35 69 39 24 121 445 48
internal_value=3.257e-10 -0.00817674 -7.32024e-05 -0.00797738 0.0102649 0.000393316 -0.00861689 -0.000376066 -0.00816204 -0.00258873 -0.0136576 -0.00601036 -0.138971 -0.0172254 -0.00721228 -0.223943 -0.0181044 -0.00119043 -0.185565 -0.00717496 -0.0928079 -0.0013249 0.110461 -0.413165 -0.190166 -0.0121702 0.0052565 0.27462 -0.0149589 -0.253617 -0.171171 0.000210828 0.0660137 0.0102636 0.0854967 0.00514224 -0.0220595 -0.00042754 0.0927131
internal_weight=2216 2192 2149 2127 1867 1846 1815 1767 1741 1718 1696 1666 260 1645 1569 76 1537 1396 141 1376 225 116 74 43 109 1354 1103 77 1026 88 63 961 243 208 139 100 718 614 169
internal_count=2216 2192 2149 2127 1867 1846 1815 1767 1741 1718 1696 1666 260 1645 1569 76 1537 1396 141 1376 225 116 74 43 109 1354 1103 77 1026 88 63 961 243 208 139 100 718 614 169
is_linear=0
shrinkage=0.05


Tree=96
num_leaves=40
num_cat=0
split_feature=30 15 20 29 29 30 30 30 30 15 15 29 28 24 31 13 30 16 6 3 17 15 16 16 30 10 5 16 22 10 21 20 3 6 15 5 8 33 15
split_gain=5315.6 2652.59 4322.88 1988.53 6563.8 8632.75 4390.84 1926.38 5634.3 2632.2 16443.8 2856.69 19205.9 6044.43 2167.21 1638.12 1624.69 1642.36 1593.53 1534.24 1405.92 1160.96 4757.21 1117.7 1736.87 1491.25 3188.91 893.568 2611.15 3578.52 1515.9 947.855 824.999 2979.28 794.589 772.307 1247.2 731.053 641.125
threshold=-2.4608415365219112 -1.584319472312927 -1.6137911677360532 0.79209810495376598 0.73190146684646618 1.0567454695701601 0.86204820871353161 0.3407531082630158 0.32485000789165502 2.1951055526733403 1.8629074692726137 -0.013996105641126631 -1.197591185569763 1.3891622424125674 1.3815253973007204 0.88261732459068309 1.0098809599876406 -1.2818565368652342 2.872025847434998 0.080022599548101439 -0.75296401977539051 -0.59217041730880726 -0.56093078851699818 -0.30314393341541285 0.27967716753482824 0.067747008055448546 -0.14280929416418073 0.099900886416435256 -0.17629089951515195 -0.14079426229000089 1.0000000180025095e-35 0.44384126365184789 -0.82119348645210255 -0.21775221079587934 -1.4250844717025755 -0.4987169057130813 0.31827102601528173 -0.047448037192225449 0.72099879384040844
decision_type=2 2 2 2 2 2 2 2 2 2 2 2 2 2 2 2 2 2 2 2 2 2 2 2 2 2 2 2 2 2 2 2 2 2 2 2 2 2 2
left_child=-1 -2 -3 4 5 6 7 8 9 10 11 15 -13 23 -9 18 17 34 21 -17 -19 -4 -23 37 25 26 32 28 -24 -30 -31 -29 33 -25 -5 36 -27 -14 -33
right_child=1 2 3 16 -6 -7 -8 14 -10 -11 -12 12 13 -15 -16 19 -18 20 -20 -21 -22 22 27 24 -26 35 -28 31 29 30 -32 38 -34 -35 -36 -37 -38 -39 -40
leaf_value=0.71071689037176278 0.56475113261491061 -0.59992815679119482 -0.12910283137262013 -0.14733327776193619 0.848003532834675 -1.0099160532156626 0.66766624587774281 -0.056808667123034784 0.74353833209585263 -0.39608604280572191 1.3516236148450687 1.6182985034585 -0.13032468515866533 0.88688503904268146 -0.44750085106262799 -0.10087500828686734 -0.5655073207357656 0.25116886881490552 0.39795836670832202 -0.47570579714882072 -0.15075000844218514 0.74419611366022209 -0.074135054293354707 0.54219182368654473 0.51372866716235877 -0.28902499540285631 0.62420999334642191 -0.18718668861833754 0.84530108173688268 -0.13524050543254071 0.40818012012612254 0.11584553292104559 -0.12158238965742015 -0.19489936224859339 -0.58769405768031169 -0.26676940432061319 0.18882298059761526 0.16479441219319901 -0.08363379418186033
leaf_weight=26 20 31 224 20 23 21 25 395 27 38 23 20 167 20 39 91 23 36 22 39 55 21 140 26 20 22 27 122 21 33 21 67 54 29 21 46 36 24 101
leaf_count=26 20 31 224 20 23 21 25 395 27 38 23 20 167 20 39 91 23 36 22 39 55 21 140 26 20 22 27 122 21 33 21 67 54 29 21 46 36 24 101
internal_value=-6.07154e-10 -0.00843774 -0.0137206 -0.00522482 0.0082501 -0.00159913 0.00931564 0.000720987 0.0278681 0.0145785 0.0255991 0.00370498 0.100753 0.0363141 -0.091917 -0.0491229 -0.177704 -0.110132 -0.0214724 -0.213324 0.00825087 -0.0337757 0.00681985 -0.00140526 0.0660592 0.0287534 0.137744 -0.0238433 0.0534012 0.291469 0.0760897 -0.0811108 0.0172427 0.153544 -0.372884 -0.113772 0.0075703 -0.0932417 -0.00407954
internal_weight=2216 2190 2170 2139 1984 1961 1940 1915 1481 1454 1416 1393 491 471 434 902 155 132 772 130 91 750 526 451 260 240 136 505 215 75 54 290 109 55 41 104 58 191 168
internal_count=2216 2190 2170 2139 1984 1961 1940 1915 1481 1454 1416 1393 491 471 434 902 155 132 772 130 91 750 526 451 260 240 136 505 215 75 54 290 109 55 41 104 58 191 168
is_linear=0
shrinkage=0.05


Tree=97
num_leaves=40
num_cat=0
split_feature=27 15 29 12 7 6 5 30 7 33 5 24 11 13 30 4 31 28 8 7 30 31 33 18 29 3 3 33 33 4 22 15 22 24 18 21 22 9 3
split_gain=4932.96 4158 9760.41 8607.29 1872.46 2512.29 1832.51 8157.27 5901.12 17418.2 5821.66 5503.43 4434.26 7210.93 3026.93 2376.34 1647.59 1372.66 1227.98 1350.25 2555.81 1017.63 1009.33 973.808 897.439 769.301 2345.06 859.721 1527.29 3068.11 949.672 1882.45 994.445 626.32 2481.5 825.67 2077.75 612.285 612.062
threshold=-2.1934885978698726 -1.3155183792114256 3.2934920787811284 -1.2229315042495725 -1.2210434079170225 0.54011785984039318 -0.35460707545280451 1.0098809599876406 1.6315463185310366 -0.047485608607530587 -0.3327722549438476 1.4375396966934206 0.96811065077781688 0.89478415250778209 0.9120679795742036 1.9227350354194643 0.99682173132896434 -1.1059088706970213 0.51849254965782177 0.32105529308319097 -0.097559366375207887 -0.62698334455490101 -0.047486526891589158 -1.5464836359024046 1.1304740905761721 -0.62276062369346608 -0.42983973026275629 -0.047475527971982949 -0.047473024576902383 0.14555697888135913 0.43905407190322882 0.80621910095214855 0.028128980658948425 -0.70586934685707081 -0.65026244521141041 -0.062645299360156045 0.23100544512271884 -1.0918279290199278 1.3491663336753847
decision_type=2 2 2 2 2 2 2 2 2 2 2 2 2 2 2 2 2 2 2 2 2 2 2 2 2 2 2 2 2 2 2 2 2 2 2 2 2 2 2
left_child=-1 2 4 -3 5 21 14 8 10 -10 -8 12 13 15 18 17 -14 -12 19 24 -21 -2 -22 -6 37 -19 -27 30 29 -29 32 -32 -28 34 -30 -35 -37 -5 -38
right_child=1 3 -4 6 23 -7 7 -9 9 -11 11 -13 16 -15 -16 -17 -18 25 -20 20 22 -23 -24 -25 -26 26 27 28 33 -31 31 -33 -34 35 -36 36 38 -39 -40
leaf_value=0.58888798662594388 0.13772352962228268 1.0178916999981518 -1.2543861327426775 -0.30178188011050228 -0.54024431446324228 0.56045073300600057 0.79986230490559884 1.0074228321964092 -0.35635468221229055 1.635350375622511 -0.35096025736101216 0.77203647859749347 -0.27487971257222327 0.83859146521426742 -0.60785015199495396 -0.58077584147453309 -0.83554264307022097 -0.22382875222426196 -0.11348318774444653 0.62832766585052013 -0.22471159052848819 -0.31885248280640766 0.18226996736648757 -0.15930455730807397 0.27572713899612428 0.40804927042301964 -0.066584593029287847 -0.089361728549003608 -0.11016520238956627 0.710826606400635 0.30455328016667754 -0.19648355025994152 -0.33382577680916126 -0.185242544519715 0.48680732669653715 0.42971124332398181 -0.31098522400856021 -0.021212442666185907 0.032349425388707054
leaf_weight=35 23 21 21 20 23 20 22 22 23 21 31 21 38 24 23 20 20 39 310 24 25 26 39 62 25 34 92 25 49 23 37 38 56 80 27 24 25 701 27
leaf_count=35 23 21 21 20 23 20 22 22 23 21 31 21 38 24 23 20 20 39 310 24 25 26 39 62 25 34 92 25 49 23 37 38 56 80 27 24 25 701 27
internal_value=-2.27703e-10 -0.00945029 -0.243189 0.0109407 -0.105299 0.08821 0.000287815 0.0576692 0.0314198 0.594232 -0.00151073 -0.0256617 -0.0492889 -0.0119655 -0.0399333 -0.0445227 -0.468212 -0.0268537 -0.0285154 0.00306741 0.188302 -0.104541 0.0232928 -0.262382 -0.0187834 -0.00941048 0.0061618 -0.0210036 0.0373326 0.294062 -0.0942508 0.0506946 -0.167703 -0.0157837 0.101917 -0.0731252 0.0448931 -0.0289952 -0.132715
internal_weight=2216 2181 175 2006 154 69 1985 818 796 44 752 730 709 651 1167 627 58 607 1144 834 88 49 64 85 746 576 537 503 280 48 223 75 148 232 76 156 76 721 52
internal_count=2216 2181 175 2006 154 69 1985 818 796 44 752 730 709 651 1167 627 58 607 1144 834 88 49 64 85 746 576 537 503 280 48 223 75 148 232 76 156 76 721 52
is_linear=0
shrinkage=0.05


Tree=98
num_leaves=40
num_cat=0
split_feature=29 21 22 27 27 11 7 27 20 29 30 4 15 24 5 7 26 12 5 29 10 29 29 30 29 29 33 27 27 17 5 6 30 5 29 25 15 18 33
split_gain=5443.01 3129.89 5419.83 2457.39 2608.96 2354.21 15212.1 3996.99 24708.3 9645.07 3940.18 2256.98 1662.16 1011.31 976.195 958.022 843.234 1475.12 839.435 806.915 796.059 885.069 1384.82 904.783 1609.39 4421.64 4898.71 1561.34 747.291 730.863 693.991 687.221 653.566 543.706 529.803 872.447 2958.01 941.954 664.244
threshold=3.2934920787811284 -1.6905580163002012 -1.6769025325775144 -1.2386001944541929 -1.1536921858787534 1.6160847544670107 1.6315463185310366 -0.58386245369911183 0.39998349547386175 0.66201218962669384 1.0098809599876406 2.1403487920761113 1.8295560479164126 0.92707434296607982 -0.13407536596059796 0.83773630857467662 -0.96746560931205738 -0.92192900180816639 -0.41137760877609247 0.071945838630199446 0.95806521177291881 0.45624069869518286 0.40936382114887243 -0.30386248230934138 -0.41597388684749598 -0.52172148227691639 -0.04747705161571502 -0.30422385036945337 -0.44540180265903467 1.942263722419739 -0.28910261392593378 2.4872610569000249 0.77898994088172924 -0.428845465183258 -0.16954220086336133 -0.56966906785964955 -0.5110393464565276 -0.72747644782066334 -0.04748625494539737
decision_type=2 2 2 2 2 2 2 2 2 2 2 2 2 2 2 2 2 2 2 2 2 2 2 2 2 2 2 2 2 2 2 2 2 2 2 2 2 2 2
left_child=1 -1 -3 19 -5 6 7 8 9 13 11 12 16 15 29 33 28 -18 -14 -4 21 22 23 -19 25 27 -27 -25 -9 -7 -22 32 34 -6 -26 37 -37 -36 -38
right_child=-2 2 3 4 5 14 -8 10 -10 -11 -12 -13 18 -15 -16 -17 17 20 -20 -21 30 -23 -24 24 31 26 -28 -29 -30 -31 -32 -33 -34 -35 35 36 38 -39 -40
leaf_value=-0.56445442807674417 0.74889218298097449 0.70219483905368385 -0.17271501508572798 0.49950956839781546 -0.012937479746483621 0.032741369752947135 1.3792098356783391 0.1774731993675232 1.4513899432890343 1.0549019821733236 -0.54136332808748677 -0.55376656830310822 -0.11624773132868789 -0.42812177613377572 -0.45737557721989497 0.25626913874664087 0.30649829781972449 -0.13299609167734161 -0.5638185822963715 -0.51088800971734938 -0.033875969181890078 -0.10299021530331987 0.40537306063848999 0.33828516320014995 -0.066151471988379548 0.17147735312129514 1.1631695691496133 -0.12153209511190653 -0.14636768668295783 -0.31803059568283737 -0.33436225956362309 -0.25977079391479496 0.28871380984783174 -0.17802355959227212 0.021046025012478684 0.6460175101459027 -0.076243431830168282 -0.38583908879756934 0.063905471076228834
leaf_weight=25 24 27 89 26 105 33 20 20 33 20 38 20 22 20 35 22 39 96 20 22 46 165 23 24 217 33 20 80 163 27 33 25 20 95 33 20 119 25 292
leaf_count=25 24 27 89 26 105 33 20 20 33 20 38 20 22 20 35 22 39 96 20 22 46 165 23 24 217 33 20 80 163 27 33 25 20 95 33 20 119 25 292
internal_value=1.4593e-09 -0.00819955 -0.00178221 -0.0106642 0.00186785 -0.0045918 0.00750373 -0.00702705 0.16203 -0.000370795 -0.0383338 -0.0260412 -0.0191652 -0.0875834 -0.247521 -0.0569043 -0.0104386 0.00360583 -0.329377 -0.23974 -0.00568828 0.0044987 0.0217681 0.0129803 0.028414 0.174003 0.545701 -0.0154204 -0.110975 -0.125106 -0.159396 -0.00202203 0.00685362 -0.0913534 -0.00113109 0.0277225 0.0522222 -0.154335 0.0233271
internal_weight=2216 2192 2167 2140 2029 2003 1908 1888 295 262 1593 1555 1535 242 95 222 1493 1310 42 111 1271 1192 1027 1004 908 157 53 104 183 60 79 751 726 200 706 489 431 58 411
internal_count=2216 2192 2167 2140 2029 2003 1908 1888 295 262 1593 1555 1535 242 95 222 1493 1310 42 111 1271 1192 1027 1004 908 157 53 104 183 60 79 751 726 200 706 489 431 58 411
is_linear=0
shrinkage=0.05


Tree=99
num_leaves=40
num_cat=0
split_feature=28 4 16 0 0 4 29 7 11 9 5 28 0 14 30 12 33 30 33 29 4 30 33 31 3 18 21 2 24 14 19 20 18 27 29 3 30 5 24
split_gain=5053.47 14227.1 6252.77 2182.88 18785.5 44571.6 4510.71 2542.78 3294.38 13794.7 2692.06 2258.31 1916.77 9241.93 4538.44 1909.33 1863.14 1821.63 1513.73 1034.65 982.617 981.841 1351.29 917.862 793.732 696.611 3595.42 747.862 1003.21 7071.1 1356.75 5394.15 1385.13 765.389 665.02 1069.22 635.035 628.713 591.621
threshold=-1.5452485680580137 0.2291599586606026 -1.5581622719764707 -0.73285263776779164 -0.66076958179473866 -0.80112382769584645 1.6874600648880007 2.1604351997375493 1.3154855370521548 1.2217946052551272 3.3049092292785649 -1.4092527627944944 -0.57419842481613148 -0.095148753374814973 1.0098809599876406 0.88168898224830639 -0.047398863360285752 0.86204820871353161 -0.047481616958975785 1.0458561778068545 2.0844084024429326 -0.42359459400176996 -0.047486949712038033 -0.8221202790737151 -0.25345492362976069 -0.59442287683486927 -0.59028106927871693 1.1408391594886782 -0.08650359138846396 -0.11140927299857138 1.0000000180025095e-35 -0.10507600754499434 0.31813330948352819 1.129075884819031 -0.13055463135242459 1.0000000180025095e-35 0.3456332534551621 -0.086038753390312181 0.30777157843112951
decision_type=2 2 2 2 2 2 2 2 2 2 2 2 2 2 2 2 2 2 2 2 2 2 2 2 2 2 2 2 2 2 2 2 2 2 2 2 2 2 2
left_child=1 -1 16 17 5 -5 7 8 9 10 11 -6 13 -13 15 19 -2 21 36 20 25 22 -4 -23 -18 -14 -27 28 29 30 31 34 -32 -29 -28 -36 -10 -17 -25
right_child=2 -3 3 4 6 -7 -8 -9 18 -11 -12 12 14 -15 -16 37 24 -19 -20 -21 -22 23 -24 38 -26 26 27 33 -30 -31 32 -33 -34 -35 35 -37 -38 -39 -40
leaf_value=-0.27073204194009309 -0.82813373994827266 1.5184268427640202 -0.027364422505100568 2.8305981808900835 0.51360627934336667 0.045579515529029509 -0.71345728500322858 0.4886040034117522 -0.31903298466370028 1.1815318011343479 0.5711890476942062 -0.2782369312271476 -0.075888494166382964 0.86178350789705294 -0.78409244209527973 -0.11508828730959642 -0.075713879885998647 -0.51344589743277302 -0.60398425739258532 0.30466602607988397 -0.23561681949649937 -0.016423390366812892 -0.57657121153814461 -0.11325021048076452 -0.51093032822012907 0.66522649788696864 -0.15641977683676839 -0.2336590217948348 -0.025756297945456141 0.97874351860511877 -0.35018985802080577 0.86599539838731288 0.096896841377019885 0.10558374044687853 0.36487354392355142 -0.075292764704775167 0.014799322068159069 -0.39739821722231261 -0.44631016127765177
leaf_weight=25 25 20 24 20 20 51 22 27 29 25 20 40 252 32 20 38 22 23 28 26 48 463 21 40 20 21 52 60 419 21 41 20 30 23 22 37 28 41 20
leaf_count=25 25 20 24 20 20 51 22 27 29 25 20 40 252 32 20 38 22 23 28 26 48 463 21 40 20 21 52 60 419 21 41 20 30 23 22 37 28 41 20
internal_value=4.61033e-10 0.52445 -0.0108707 0.00427159 0.0361016 0.830092 -0.00299227 0.00801493 -0.00130015 0.0183012 -0.00436498 -0.0134791 -0.0219599 0.228439 -0.0373559 -0.0243805 -0.486383 -0.0772153 -0.302931 -0.00689854 -0.014643 -0.059551 -0.283661 -0.0402681 -0.28296 -0.00401498 0.020264 0.00158234 0.0198416 0.105517 0.0147356 0.110133 -0.16128 -0.139652 -0.026058 0.088837 -0.155045 -0.261604 -0.22427
internal_weight=2216 45 2171 2104 1513 71 1442 1420 1393 1308 1283 1263 1243 72 1171 1151 67 591 85 1072 1046 568 45 523 42 998 746 725 642 223 202 131 71 83 111 59 57 79 60
internal_count=2216 45 2171 2104 1513 71 1442 1420 1393 1308 1283 1263 1243 72 1171 1151 67 591 85 1072 1046 568 45 523 42 998 746 725 642 223 202 131 71 83 111 59 57 79 60
is_linear=0
shrinkage=0.05


Tree=100
num_leaves=40
num_cat=0
split_feature=29 30 30 30 30 30 18 31 27 18 15 25 16 16 7 7 11 10 7 28 28 27 9 0 31 6 5 29 29 4 5 0 0 0 5 29 4 27 4
split_gain=5128.85 2801.83 4684.32 2768.96 5858.32 3281.32 2648.42 1847.37 1578.7 1398.55 1258.5 6698.14 2067.74 5717.63 1332.13 4683.01 1819.37 1484.69 1355.36 1241.06 7036.94 842.93 828.422 692.973 5061.5 674.663 651.616 648.581 2121.53 601.887 837.054 1269.59 883.236 976.898 854.143 636.844 795.593 2003.13 824.504
threshold=3.2934920787811284 -0.95633739233016957 -0.81057617068290699 1.3463437557220461 1.0567454695701601 0.9120679795742036 -1.5910865664482114 2.9253710508346562 -1.9179521799087522 -1.5357653498649595 2.6080495119094853 2.2338776588439946 1.9227706193923952 1.7777344584465029 1.2180948853492739 1.1032164096832278 1.1336319446563723 1.5550780892372134 1.5819175839424136 -1.2388885617256162 -1.179234445095062 -0.54561036825180043 -1.2198464870452879 0.94580569863319408 0.83366858959198009 0.95694646239280712 -0.068570896983146654 -0.5066140592098235 -0.44785918295383448 -0.86259660124778736 -0.36989144980907435 -0.19822186976671216 -0.95965483784675587 -0.64681804180145253 -0.44194637238979334 -0.11295622587203978 0.55250677466392528 0.58590245246887218 -0.42245151102542872
decision_type=2 2 2 2 2 2 2 2 2 2 2 2 2 2 2 2 2 2 2 2 2 2 2 2 2 2 2 2 2 2 2 2 2 2 2 2 2 2 2
left_child=1 8 -3 4 5 6 -4 9 -1 -8 11 12 13 14 15 16 19 18 21 -11 -21 -16 -22 24 25 27 -19 -24 -29 30 31 32 34 -34 -30 -31 38 -38 -37
right_child=-2 2 3 -5 -6 -7 7 -9 -10 10 -12 -13 -14 -15 17 -17 -18 26 -20 20 22 -23 23 -25 -26 -27 -28 28 29 35 -32 -33 33 -35 -36 36 37 -39 -40
leaf_value=-0.65339730580647792 0.72695883661508565 0.6689377670104687 -0.43493910183509188 0.56493274846247266 -0.78875908280412366 0.5781844964871804 0.38923608620058409 0.46425654987494158 -0.14279926440837543 -0.24674045072730491 -0.32769780714185009 0.90368928581476204 -0.43510164495172171 0.81074415147304535 -0.40231247598474679 0.58286406379757505 -0.37529956115143642 0.090837299637496483 -0.68883641064167023 0.82924733066558842 -0.27649562309185666 0.046189240571111442 -0.1043048886221532 -0.090434668539390459 0.634265777318468 -0.16927716434001924 -0.21995807541534307 0.39806030813385462 -0.028521513056223559 -0.044466657231428793 -0.16760894181696995 0.36816708786146984 -0.49686418354511264 -0.028033657133579255 0.31101448326593356 0.11056009053430854 0.027820770609481585 0.54278987119240429 -0.040694084858035516
leaf_weight=24 24 26 36 21 24 24 22 21 41 54 31 20 29 21 22 33 35 48 20 25 30 20 142 234 31 65 26 34 157 224 114 21 20 25 21 162 58 28 203
leaf_count=24 24 26 36 21 24 24 22 21 41 54 31 20 29 21 22 33 35 48 20 25 30 20 142 234 31 65 26 34 157 224 114 21 20 25 21 162 58 28 203
internal_value=-3.42574e-10 -0.0079594 0.00192256 -0.00633179 -0.0120994 -0.0030333 -0.00989807 -0.002232 -0.331328 -0.00719214 -0.0116578 -0.00656037 -0.0161319 -0.00964488 -0.0189474 -0.0070093 -0.0185754 -0.169577 -0.350062 -0.0109994 -0.00301318 -0.18874 -0.0162742 -0.0112016 0.00300567 -0.0123547 -0.0183611 -0.00391797 0.00944186 -0.00334906 -0.0557559 -0.00349668 -0.0384964 -0.236403 0.0115361 0.024446 0.0586731 0.195485 0.0264379
internal_weight=2216 2192 2127 2101 2080 2056 2032 1996 65 1975 1953 1922 1902 1873 1852 1716 1683 136 62 1648 1594 42 1569 1539 1305 1274 74 1209 1067 1033 358 244 223 45 178 675 451 86 365
internal_count=2216 2192 2127 2101 2080 2056 2032 1996 65 1975 1953 1922 1902 1873 1852 1716 1683 136 62 1648 1594 42 1569 1539 1305 1274 74 1209 1067 1033 358 244 223 45 178 675 451 86 365
is_linear=0
shrinkage=0.05


Tree=101
num_leaves=40
num_cat=0
split_feature=30 6 18 24 29 30 33 30 3 5 5 14 11 7 27 6 31 3 0 21 20 30 16 17 24 29 18 5 6 29 6 29 5 0 11 7 5 27 30
split_gain=5230.77 2549.63 3731.27 1885.16 1836.64 6005.45 2001.17 1606.42 5693.23 2170.3 25214.4 4565.51 3288.34 2396.48 1755.15 1648.46 1613.08 1337.9 1770.4 1454.36 3994.35 1266.42 1478.6 1273.95 1104.26 1094.76 1052.21 908.208 888.446 661.971 827.936 779.257 613.188 799.478 866.148 2141.92 669.906 612.827 560.388
threshold=-2.4608415365219112 4.711318016052247 -1.5910865664482114 -1.4537886977195738 0.7793947458267213 1.0098809599876406 -0.047405436635017388 0.3407531082630158 2.5976400375366215 0.068988487124443068 0.12139206379652025 1.4663060307502749 0.99067720770835888 0.94995784759521495 -1.1976896524429319 2.7452282905578618 1.2981519699096682 -0.61173656582832325 -0.40803180634975428 0.13452491164207461 -0.10507600754499434 1.0098809599876406 -1.2818565368652342 -0.75296401977539051 0.46359659731388098 -0.48707868158817286 0.34971643984317785 -0.54893699288368214 0.84909567236900341 -0.48707868158817286 1.5982211828231814 -0.41597388684749598 -0.28473563492298121 0.1054927632212639 -0.30027924478054041 -0.68762329220771778 1.1760140061378481 -0.52565717697143544 0.04537161439657212
decision_type=2 2 2 2 2 2 2 2 2 2 2 2 2 2 2 2 2 2 2 2 2 2 2 2 2 2 2 2 2 2 2 2 2 2 2 2 2 2 2
left_child=-1 2 3 -2 5 6 7 8 9 13 -11 12 17 14 -4 29 32 -12 -19 20 25 22 -6 -24 -18 -20 -21 28 -15 -16 31 -31 33 34 35 -9 37 -34 -28
right_child=1 -3 4 -5 21 -7 -8 16 -10 10 11 -13 -14 27 15 -17 24 18 19 26 -22 -23 23 -25 -26 -27 38 -29 -30 30 -32 -33 36 -35 -36 -37 -38 -39 -40
leaf_value=0.70502290909106913 -0.087354558090800838 0.55358502026647327 0.3454362825387054 -0.68902394970258074 -0.37333139795151321 0.75063091726214803 0.48517290282817122 -0.053089252545738201 0.80039610862731936 1.839513578824699 -0.3159577470804964 0.74359427276998769 -0.5856673460006715 -0.032481679864423844 -0.12276830882385925 0.43811676330864435 -0.11868164512244138 0.47692089175636121 0.26580848666252915 -0.40965124001869796 0.70020817903180921 -0.50973996701447866 0.22061162834104742 -0.14937966089695692 -0.6141727140416271 -0.10018197798303195 0.097974764611068618 -0.36493238578711096 -0.38143969898422564 0.22352498209103944 -0.2470466030366493 -0.0037432006533495779 -0.42182376080233119 -0.18335605330911339 -0.027599458657205107 0.57546799318945929 0.051075028471256556 -0.13558545272797348 -0.17539618083913078
leaf_weight=26 23 20 36 30 38 27 21 33 23 20 28 20 25 76 135 20 22 22 27 26 24 23 38 60 23 84 37 58 24 40 33 661 23 51 140 23 38 100 38
leaf_count=26 23 20 36 30 38 27 21 33 23 20 28 20 25 76 135 20 22 22 27 26 24 23 38 60 23 84 37 58 24 40 33 661 23 51 140 23 38 100 38
internal_value=-1.67185e-09 -0.00837014 -0.0135494 -0.427922 -0.00317545 0.0100959 -0.000258576 -0.00559578 0.0199725 0.00745524 0.115503 0.0113331 -0.0357576 -0.027563 0.00317678 -0.010683 -0.087832 0.0123114 0.0479375 0.00794754 0.115308 -0.166605 -0.108574 -0.00591365 -0.371933 -0.0111573 -0.135554 -0.207527 -0.116232 -0.0210121 -0.00229672 0.00922503 -0.0564973 -0.00700917 0.038877 0.205068 -0.13242 -0.18911 -0.0405332
internal_weight=2216 2190 2170 53 2117 1958 1931 1910 1457 1434 351 331 311 1083 925 889 453 286 258 236 135 159 136 98 45 111 101 158 100 869 734 701 408 247 196 56 161 123 75
internal_count=2216 2190 2170 53 2117 1958 1931 1910 1457 1434 351 331 311 1083 925 889 453 286 258 236 135 159 136 98 45 111 101 158 100 869 734 701 408 247 196 56 161 123 75
is_linear=0
shrinkage=0.05


Tree=102
num_leaves=40
num_cat=0
split_feature=27 18 29 7 30 28 14 14 12 23 4 5 28 22 15 5 8 29 27 30 29 29 33 27 29 0 28 29 8 10 12 29 30 29 29 30 30 3 0
split_gain=4982.44 4004.77 10435.2 7959.05 2146.25 1736.21 1727.34 17157.7 2785.46 8816.84 2887.2 2342.72 1720.05 2541.14 1045.72 943.75 785.912 911.887 736.897 1121.52 1269.66 3344.35 5901.5 2337.23 774.293 721.833 689.429 1273.47 685.627 1147.49 824.792 671.771 570.425 567.089 1062.88 582.393 564.651 582.057 552.351
threshold=-2.1934885978698726 -1.2136644124984739 3.2934920787811284 -1.1821424365043638 1.0098809599876406 -1.2250468134880064 1.5510139465332033 1.4366199374198916 1.1007702946662905 1.0408725142478945 2.1403487920761113 0.30262109637260443 -1.449693977832794 -1.6634678840637205 1.8295560479164126 2.941359400749207 -1.0609564185142515 1.0929369330406191 -0.46763706207275385 -0.31357385218143458 -0.41597388684749598 -0.52172148227691639 -0.047476824373006814 -0.26530010998249048 -0.31589841842651362 0.14126598089933398 1.6180556416511538 -0.048883771523833268 -1.1999563574790952 -1.1261851787567136 -1.3265537619590757 -0.1032198630273342 0.25510999560356146 0.48048157989978796 0.42881171405315405 0.41877903044223791 -0.13500295579433438 1.1727815270423891 -0.57419842481613148
decision_type=2 2 2 2 2 2 2 2 2 2 2 2 2 2 2 2 2 2 2 2 2 2 2 2 2 2 2 2 2 2 2 2 2 2 2 2 2 2 2
left_child=-1 2 12 -3 5 -5 7 8 9 10 14 32 -2 -14 15 16 -7 18 36 24 21 23 -23 -21 -20 28 27 -8 30 -30 -15 -26 -10 34 -22 38 -18 -38 -35
right_child=1 3 -4 4 -6 6 26 -9 11 -11 -12 -13 13 25 -16 -17 17 -19 19 20 33 22 -24 -25 31 -27 -28 -29 29 -31 -32 -33 -34 35 -36 -37 37 -39 -40
leaf_value=0.59183405518531795 -0.40295820734218551 1.0065591263025999 -1.2402542720464143 0.33599052056670192 0.39767199667061082 -0.24166073520771333 0.0069198672185864368 1.3898587348786267 -0.25655639872357655 1.0431767884455621 0.58382567033171662 -0.68436227386387494 0.48417123016856967 0.023635917895783981 -0.32920997493244986 -0.34827210420653937 0.040014946631885866 0.32191088107370197 -0.33794119315487997 0.47554304242134099 0.0058880347896043328 0.086979719392351218 1.1530184017121792 -0.12324872077866034 0.18684370432581221 -0.30160022648317475 -0.39584169471636416 -0.42725430031617484 0.38456194885075096 -0.07558953625460467 -0.34412497319881957 -0.14558345735073092 0.036833542883396152 -0.37630974085380636 0.35091796980603884 0.060223067752443828 -0.1551899564809146 0.059363957494497299 -0.092494437450853492
leaf_weight=35 38 20 22 37 34 36 57 22 37 20 20 26 21 30 27 21 74 21 35 20 756 37 20 88 21 35 32 24 20 42 31 55 30 24 23 39 188 38 60
leaf_count=35 38 20 22 37 34 36 57 22 37 20 20 26 21 30 27 21 74 21 35 20 756 37 20 88 21 35 32 24 20 42 31 55 30 24 23 39 188 38 60
internal_value=-2.12631e-10 -0.00949757 -0.202631 0.0142711 0.00394556 -0.00314486 -0.0099239 0.0023921 -0.0153959 -0.000146903 -0.013164 -0.281516 -0.0974338 -0.0325739 -0.0207066 -0.0153533 -0.0107988 -0.00525437 -0.00990286 0.0079137 0.0236492 0.151173 0.461028 -0.0123614 -0.143345 -0.101255 -0.19935 -0.121724 -0.0442465 0.0728464 -0.163259 -0.0537286 -0.125188 0.000321582 0.0160751 -0.0994504 -0.0798626 -0.119115 -0.173585
internal_weight=2216 2181 239 1942 1922 1888 1851 1738 1716 1623 1603 93 217 179 1583 1556 1535 1499 1478 1178 1067 165 57 108 111 158 113 81 123 62 61 76 67 902 779 123 300 226 84
internal_count=2216 2181 239 1942 1922 1888 1851 1738 1716 1623 1603 93 217 179 1583 1556 1535 1499 1478 1178 1067 165 57 108 111 158 113 81 123 62 61 76 67 902 779 123 300 226 84
is_linear=0
shrinkage=0.05


Tree=103
num_leaves=40
num_cat=0
split_feature=29 21 19 33 4 33 26 5 5 30 7 21 5 30 11 27 7 7 9 29 6 13 28 8 9 9 7 7 29 0 30 29 13 18 33 6 14 2 26
split_gain=5446.21 2944.15 5201.99 1872.12 4128.12 2057.71 4270.05 2215.66 4673.54 14787.8 13545.1 6529.22 6407.94 2657.25 1369.58 1301.43 1034.21 1013.7 2009.11 971.683 961.462 936.527 907.738 898.644 1140.8 1767.86 889.323 1979.78 876.713 765.557 698.738 685.67 657.457 631.443 569.203 539.919 534.327 529.585 532.125
threshold=3.2934920787811284 -1.6710991859436033 -1.5992504954338072 -0.047459915280342095 2.1176037788391118 -0.047462873160839074 -0.71250838041305531 0.93583095073699962 -0.35242359340190882 0.83155819773674022 1.6315463185310366 -1.0440135598182676 0.700014889240265 1.0098809599876406 1.1336319446563723 -0.68579265475273121 0.71246248483657848 1.6315463185310366 1.7497252821922304 0.91963148117065441 2.872025847434998 0.56465253233909618 0.96372437477111828 0.95140758156776439 0.39516223967075353 0.53685480356216442 -0.36946609616279596 -0.46351563930511469 -0.06245355308055877 2.798500776290894 0.12937202304601672 -0.75858324766159047 -0.35047191381454462 0.27221375703811651 -0.047485418617725365 0.84909567236900341 0.17558212578296664 2.2576968073844914 -0.65281412005424488
decision_type=2 2 2 2 2 2 2 2 2 2 2 2 2 2 2 2 2 2 2 2 2 2 2 2 2 2 2 2 2 2 2 2 2 2 2 2 2 2 2
left_child=1 31 -3 4 5 7 -7 8 13 10 11 -10 15 17 16 28 21 19 -19 20 35 -9 -20 24 26 -26 27 -17 -13 33 -25 -1 -28 -5 -34 37 -36 38 -4
right_child=-2 2 3 29 -6 6 -8 14 9 -11 -12 12 -14 -15 -16 23 -18 18 22 -21 -22 -23 -24 30 25 -27 32 -29 -30 -31 -32 -33 34 -35 36 -37 -38 -39 -40
leaf_value=-0.60403771400451667 0.74911216273903847 0.76490246165882469 -0.097879155737104692 -0.12594017782671885 0.72493065595626838 0.81109477799871699 -0.17504642549015226 -0.10797298493174215 0.80946702313795693 1.4355516736262612 1.2402411504338184 -0.1391398877898852 0.61934976792997787 -0.56675589481989552 -0.46410391006731627 -0.062401080687807225 0.16575121137180501 -0.64124608807265759 0.11537703317590059 -0.28796653025078051 0.33102765604387968 -0.48407741889357569 -0.30183872336691081 -0.47439959794282915 0.54958518928005584 -0.0059997189707226223 -0.35384545922279359 0.48766484870797111 -0.56036426104782588 -0.41070843535390766 -0.066056325896219778 -0.2037400618195534 -0.3080667739113172 0.16638430923223496 0.050663707089243518 -0.140254891180389 -0.17427876227619976 0.19217718299478292 0.0045963791316331127
leaf_weight=23 24 22 157 242 20 23 21 96 25 21 24 30 36 24 33 74 28 20 32 33 20 20 22 20 21 45 28 21 21 22 22 20 24 20 66 84 44 32 656
leaf_count=23 24 22 157 242 20 23 21 96 25 21 24 30 36 24 33 74 28 20 32 33 20 20 22 20 21 45 28 21 21 22 22 20 24 20 66 84 44 32 656
internal_value=-1.48757e-09 -0.00820196 -5.13101e-06 -0.00791673 0.0104973 0.00265931 0.340436 -0.00569493 0.0128527 0.135692 0.0812072 0.0228911 -0.0206142 -0.0465198 -0.173567 -0.0759957 -0.106986 -0.0346962 -0.213153 -0.0212484 -0.0119736 -0.172819 -0.0545998 -0.042938 -0.0146475 0.170777 -0.0622664 0.0591924 -0.312585 -0.127413 -0.260506 -0.417853 -0.133492 -0.103625 -0.0874482 -0.019358 -0.0393133 -0.0073398 -0.0151929
internal_weight=2216 2192 2149 2127 1843 1823 44 1779 1602 522 501 477 452 1080 177 416 144 1056 74 982 949 116 54 365 323 66 257 95 51 284 42 43 162 262 134 929 110 845 813
internal_count=2216 2192 2149 2127 1843 1823 44 1779 1602 522 501 477 452 1080 177 416 144 1056 74 982 949 116 54 365 323 66 257 95 51 284 42 43 162 262 134 929 110 845 813
is_linear=0
shrinkage=0.05


Tree=104
num_leaves=40
num_cat=0
split_feature=29 30 30 20 11 7 27 29 3 16 30 21 20 4 27 8 5 28 29 29 28 7 4 5 29 27 22 30 30 28 6 28 21 28 28 3 33 33 4
split_gain=4915.2 2778.61 5012.42 2468.08 1771.95 10387.2 4013.73 21800.7 48321.3 49176.2 3454.32 2632.72 2140.95 1699.48 1655.89 1540.92 1066.3 880.14 780.207 701.372 687.255 929.909 604.767 848.991 934.914 842.65 926.878 713.412 1648.71 4591.82 974.373 692.438 610.17 541.139 4889.56 1081.73 715.777 2814.08 4964.26
threshold=3.2934920787811284 -0.88363802433013905 -0.7744469642639159 -1.6137911677360532 1.6160847544670107 1.6315463185310366 -0.58386245369911183 -0.0043747618328779927 -0.27481402456760401 -0.58120349049568165 1.0098809599876406 -1.105047285556793 0.23246715962886813 2.1268247365951543 -1.9179521799087522 1.2154778838157656 -0.13407536596059796 -0.93786162137985218 -0.46601891517639155 -0.2366850674152374 -1.197591185569763 0.89212873578071605 -1.0347204208374021 -0.52928563952445973 0.10849614441394807 0.62084874510765087 -0.28413601219654078 -0.31357385218143458 -0.18065495789051053 0.35367526113986975 2.3750380277633671 -0.6052526831626891 -0.76048660278320301 -0.10105438902974127 -0.14348310977220533 0.90682631731033336 -0.047485232353210442 -0.047486646100878709 -0.53064361214637745
decision_type=2 2 2 2 2 2 2 2 2 2 2 2 2 2 2 2 2 2 2 2 2 2 2 2 2 2 2 2 2 2 2 2 2 2 2 2 2 2 2
left_child=1 14 -3 -4 5 6 7 12 11 -10 13 -9 20 15 -1 22 18 -13 -6 -20 -5 -22 23 24 -8 26 31 -24 29 32 33 -25 -29 34 35 -30 37 -35 -39
right_child=-2 2 3 4 16 -7 10 8 9 -11 -12 17 -14 -15 -16 -17 -18 -19 19 -21 21 -23 27 25 -26 -27 -28 28 30 -31 -32 -33 -34 36 -36 -37 -38 38 -40
leaf_value=-0.65034970243771872 0.7116565483311813 0.69269182384014139 -0.44866445727886695 -0.19722588267177343 -0.35070211287587882 1.0249334826916456 -0.079724160894270868 0.44752543002367018 0.43706398348916659 3.8627347372472287 -0.5067592044753072 -0.48671481668949124 -0.52292692597056256 -0.43292811894416811 -0.14509446659684183 -0.32737834209050892 -0.3964233570545912 -0.073026172896303851 0.25166025668382647 -0.11097897853702308 -0.055992555559168981 0.30298622779193379 -0.10617090563934584 -0.074407682577638246 0.35875120114535097 -0.35134679766724242 -0.21084066253494133 0.22879965437576175 -0.021143996187113226 0.74141449514648006 -0.24996920888753316 0.26864348941016941 -0.097055331212194534 -0.048702203698260831 0.81945720601826899 0.3302774276584387 -0.052483115169100425 0.94832138703628022 -0.010172713824680874
leaf_weight=24 24 26 31 68 20 25 31 20 22 20 38 20 29 25 50 39 40 36 20 40 128 21 130 38 20 37 66 20 250 29 38 24 51 162 20 24 453 22 35
leaf_count=24 24 26 31 68 20 25 31 20 22 20 38 20 29 25 50 39 40 36 20 40 128 21 130 38 20 37 66 20 250 29 38 24 51 162 20 24 453 22 35
internal_value=2.50587e-11 -0.00779186 0.00273058 -0.00584447 0.000816094 0.0123436 -0.000868704 0.148563 0.707266 2.06834 -0.0359157 -0.0449043 -0.119433 -0.024098 -0.308961 -0.0172338 -0.185641 -0.220772 -0.08025 0.00990077 -0.0655101 -0.00539823 -0.00889202 -0.0860731 0.092227 -0.141184 -0.0804338 0.0046178 0.0176636 0.211272 -0.00162013 0.0583863 -0.00526519 0.0081493 0.0647272 0.00963744 -0.0166035 0.0576131 0.359772
internal_weight=2216 2192 2118 2092 2061 1941 1916 364 118 42 1552 76 246 1514 74 1489 120 56 80 60 217 149 1450 216 51 165 128 1234 1104 100 1004 62 71 966 294 274 672 219 57
internal_count=2216 2192 2118 2092 2061 1941 1916 364 118 42 1552 76 246 1514 74 1489 120 56 80 60 217 149 1450 216 51 165 128 1234 1104 100 1004 62 71 966 294 274 672 219 57
is_linear=0
shrinkage=0.05


Tree=105
num_leaves=40
num_cat=0
split_feature=27 18 29 7 30 28 31 28 22 29 22 4 31 7 8 12 5 5 10 6 5 10 22 13 12 15 22 22 21 17 15 18 15 33 20 33 29 33 29
split_gain=5094.31 3783.39 10766.3 7378.11 1924.22 1676.32 1651.37 1602.37 2389.1 1342.01 17908.9 2626.43 3611.53 1886.02 4902.8 1187.14 1072.83 1158.94 1043.49 767.856 710.378 1075.1 838.033 676.876 1714.6 774.242 855.768 732.851 1609.3 803.549 655.535 620.976 584.012 2798.05 3671.72 725.152 1464.51 1452.21 1032.69
threshold=-2.1934885978698726 -1.2136644124984739 3.2934920787811284 -1.1821424365043638 1.0098809599876406 -1.2250468134880064 2.9253710508346562 -1.449693977832794 -1.6634678840637205 -0.51274108886718739 1.4917302131652834 0.38960391283035284 0.9533381760120393 1.1276233196258547 1.1794789433479311 0.91939166188240062 -0.13407536596059796 0.42817132174968725 0.95806521177291881 2.4872610569000249 -0.46159771084785456 -1.2391423583030698 -1.4398415088653562 -0.95354408025741566 -0.92192900180816639 -0.832698494195938 -0.76993945240974415 -0.62284919619560231 -0.55546247959136952 -0.67748939990997303 0.91597193479537975 -0.43124844133853907 -0.19662933796644208 -0.047476824373006814 -0.24724111706018445 -0.04748056270182132 -0.42408676445484156 -0.047481402754783623 -0.38030593097209925
decision_type=2 2 2 2 2 2 2 2 2 2 2 2 2 2 2 2 2 2 2 2 2 2 2 2 2 2 2 2 2 2 2 2 2 2 2 2 2 2 2
left_child=-1 2 7 -3 5 -5 9 -2 -9 10 11 15 -13 14 18 -7 -15 -18 19 23 21 -10 -22 -11 -25 -26 -27 29 -29 -28 -20 -30 33 -33 -35 37 -37 38 -34
right_child=1 3 -4 4 -6 6 -8 8 20 13 -12 12 -14 16 -16 -17 17 -19 30 -21 22 -23 -24 24 25 26 27 28 31 -31 -32 32 35 34 -36 36 -38 -39 -40
leaf_value=0.59844133990151549 -0.38535713051494802 0.96888645160943276 -1.2512799840081823 0.33007784868414336 0.37636301640202019 -0.094944405491783554 0.43104668855667116 0.47318080323083067 -0.1747791526436403 -0.14107898693982063 1.5278469341993333 0.55804941678369369 -0.17357504978295296 -0.10675330436570901 0.74481169240815304 -0.50790926188921737 -0.6588726084679366 -0.17392458286402482 -0.38449273249134425 -0.23189825222827498 -0.05275410525095852 0.20386600651239095 -0.37239315930653261 0.41009220087528231 -0.1605983534684548 0.23242545061780573 0.065965808928012848 0.36428241625428204 -0.14099257381982172 -0.33344382087097452 -0.038807136379182344 -0.054940831217576161 0.32214252452055614 0.029392962782613691 0.86318356291107523 -0.48471351057291034 -0.043225207708438435 0.37685311050819503 -0.016253956422439441
leaf_weight=35 38 20 22 37 34 134 21 21 37 91 20 37 31 107 21 20 22 28 32 40 46 38 37 25 78 39 20 30 80 34 24 110 24 31 23 20 309 28 372
leaf_count=35 38 20 22 37 34 134 21 21 37 91 20 37 31 107 21 20 22 28 32 40 46 38 37 25 78 39 20 30 80 34 24 110 24 31 23 20 309 28 372
internal_value=8.34254e-10 -0.0096036 -0.197323 0.0134988 0.00355719 -0.00315648 -0.00981756 -0.0904697 -0.0278679 -0.0148767 0.0948066 -0.0342961 0.224515 -0.0315916 -0.0135428 -0.148576 -0.1961 -0.387302 -0.0248375 -0.0160899 -0.094463 0.0170677 -0.195244 -0.00952038 0.000268526 -0.00828372 0.00232391 -0.00597763 0.00346247 -0.185514 -0.236342 -0.0073947 0.00426051 0.0897617 0.384526 -0.0143613 -0.0700634 0.0288605 0.00425492
internal_weight=2216 2181 239 1942 1922 1888 1851 217 179 1830 242 222 68 1588 1431 154 157 50 1410 1354 158 75 83 1314 1223 1198 1120 1081 1027 54 56 997 917 164 54 753 329 424 396
internal_count=2216 2181 239 1942 1922 1888 1851 217 179 1830 242 222 68 1588 1431 154 157 50 1410 1354 158 75 83 1314 1223 1198 1120 1081 1027 54 56 997 917 164 54 753 329 424 396
is_linear=0
shrinkage=0.05


Tree=106
num_leaves=40
num_cat=0
split_feature=29 22 19 29 29 27 3 29 27 27 30 17 24 4 33 6 31 13 26 7 4 5 0 3 12 15 16 30 16 22 10 17 0 16 13 8 33 17 27
split_gain=5174.1 2728.39 4790.87 1907.85 4640.09 28660.3 83270.6 3259.96 3146.82 8539.05 2703.33 2692.68 21893.4 1863.43 1593.07 1392.08 1381.85 1187.52 1170.42 1525.31 1104.21 1093.1 1077.43 955.395 952.645 851.97 4646.05 699.878 818.192 1803.44 4041.01 1318.43 741.921 692.824 692.662 1131.1 665.452 633.992 631.75
threshold=3.2934920787811284 -1.6923955082893369 -1.5992504954338072 0.24387346208095553 -0.0043747618328779927 -0.61005219817161549 -0.040552949532866471 0.21100564301013949 -0.6978810429573058 -0.51698425412178028 1.0098809599876406 1.8931055068969729 1.3891622424125674 2.0844084024429326 -0.047488911077380173 2.872025847434998 1.2160363197326662 0.88261732459068309 1.6058637499809267 1.5819175839424136 0.55250677466392528 -0.39609323441982264 0.56464204192161571 0.11722877249121667 2.4530591964721684 -0.57336550951004017 -0.50446477532386769 0.57472524046897899 0.099900886416435256 -0.17629089951515195 -0.15423948317766187 0.044704664498567588 1.6060004830360415 1.2582956552505495 -1.0601649880409239 -1.0263187885284422 -0.047335436567664139 0.32116328179836279 -0.4409260749816894
decision_type=2 2 2 2 2 2 2 2 2 2 2 2 2 2 2 2 2 2 2 2 2 2 2 2 2 2 2 2 2 2 2 2 2 2 2 2 2 2 2
left_child=1 36 -3 4 11 6 -6 16 21 -10 14 13 -13 15 -11 17 20 25 19 23 33 -5 -22 -19 -14 -4 -27 28 29 -28 -31 38 37 -7 -16 -36 -1 -30 -32
right_child=-2 2 3 8 5 7 -8 -9 9 10 -12 12 24 -15 34 -17 -18 18 -20 -21 22 -23 -24 -25 -26 26 27 -29 32 30 31 -33 -34 -35 35 -37 -38 -39 -40
leaf_value=-0.59452226541259079 0.73015881180763254 0.73395597230304377 -0.096386881258295878 -0.18814328598479432 -0.19879417555356349 -0.047912440291390967 3.8056051549315457 0.46696299957111481 0.80029832880411833 0.24319508584755423 -0.54225730113685133 1.5658012522892519 -0.60831209583715962 -0.43410037959615394 -0.26038611397824502 0.32680166683231415 -0.37485088831745089 -0.047865395390373822 0.038710016950678369 -0.58443403805677707 0.44561922025274153 -0.63453125497326257 -0.018402989003165015 -0.37574216267376237 -0.13151475489139558 0.59801496071740989 -0.062183286539248886 0.25060815299334738 -0.21988843070298791 0.82637673843474624 0.061486511931500655 0.34608741050416775 0.15805870418747267 -0.35794449955224994 0.27759448371150275 -0.093154092147147247 -0.20102518655004956 -0.059756577938285649 -0.31743226864121182
leaf_weight=22 24 22 261 24 37 182 20 32 28 38 32 22 22 30 55 26 32 68 52 26 22 32 29 33 20 32 155 23 84 21 22 22 30 20 22 317 21 234 22
leaf_count=22 24 22 261 24 37 182 20 32 28 38 32 22 22 30 55 26 32 68 52 26 22 32 29 33 20 32 155 23 84 21 22 22 30 20 22 317 21 234 22
internal_value=-1.51928e-10 -0.00799444 -0.000103673 -0.0076962 0.0202008 0.174052 1.20626 -0.0115503 -0.0880783 -0.0476554 -0.0988251 -0.0275504 0.288039 -0.0452521 -0.0659782 -0.0347522 -0.0652781 -0.0434161 -0.161099 -0.24291 -0.0261226 -0.443222 0.181763 -0.154993 -0.381266 -0.0201653 0.0106778 -0.0199825 -0.030531 0.0400769 0.222265 0.0300472 -0.0796319 -0.0786087 -0.095797 -0.0690937 -0.402349 -0.102056 -0.127973
internal_weight=2216 2192 2149 2127 1579 374 57 317 548 492 464 1205 64 1141 432 1111 285 1085 179 127 253 56 51 101 42 906 645 613 590 242 87 66 348 202 394 339 43 318 44
internal_count=2216 2192 2149 2127 1579 374 57 317 548 492 464 1205 64 1141 432 1111 285 1085 179 127 253 56 51 101 42 906 645 613 590 242 87 66 348 202 394 339 43 318 44
is_linear=0
shrinkage=0.05


Tree=107
num_leaves=40
num_cat=0
split_feature=15 20 11 12 5 29 29 27 3 27 27 30 22 13 10 29 3 29 6 33 31 29 5 4 0 4 12 28 3 7 30 3 29 11 10 33 18 19 16
split_gain=4962.87 5118.84 2332.85 5845.05 12763.6 1693.46 3685.35 27069.9 74344.9 2837.27 8356.99 2749.23 2450.59 2572.62 6623.48 1707.43 1409.66 1403.03 1393.17 1383.2 1252.67 1173.46 1152.4 990.132 972.378 930.677 905.994 735.358 1138.09 689.117 646.287 685.106 632.243 626.733 1056.51 1406.52 681.582 3167.87 561.648
threshold=-1.584319472312927 -1.6137911677360532 -1.2946693301200864 -1.2313437461853025 -0.36552448570728296 0.24387346208095553 -0.0043747618328779927 -0.61005219817161549 -0.040552949532866471 -0.65585789084434498 -0.51698425412178028 1.0098809599876406 2.3331806659698491 0.90714541077613842 0.98985505104064953 0.21100564301013949 0.95643454790115368 0.7793947458267213 2.872025847434998 -0.047488911077380173 1.2160363197326662 -0.45463125407695765 -0.47797383368015284 0.55250677466392528 0.56464204192161571 2.0844084024429326 0.27156636118888861 1.0534136295318606 -0.25345492362976069 2.0837219953536992 0.14327270537614825 -0.32855626940727228 -0.9346151053905486 -1.0700143575668333 -0.8947840929031371 -0.047462873160839074 0.15470547229051593 0.33465500175952917 0.099900886416435256
decision_type=2 2 2 2 2 2 2 2 2 2 2 2 2 2 2 2 2 2 2 2 2 2 2 2 2 2 2 2 2 2 2 2 2 2 2 2 2 2 2
left_child=-1 -2 17 4 -4 6 12 8 -8 26 -11 19 13 14 18 20 21 -3 25 -12 23 22 -15 30 -25 32 -7 28 29 -23 31 -9 -5 -21 35 -35 -36 -38 -34
right_child=1 2 3 5 -6 9 7 15 -10 10 11 -13 -14 16 -16 -17 -18 -19 -20 33 -22 27 -24 24 -26 -27 -28 -29 -30 -31 -32 -33 38 34 36 -37 37 -39 -40
leaf_value=0.55904706021149952 -0.63773421943187714 -0.11949615021204125 1.4369714342735032 -0.19645881134395798 -0.21431902550533413 -0.27002156933671551 -0.18677337428347932 -0.08166871226969219 3.6153249177336693 0.93208457302479519 0.2310353340188924 -0.56841227295143271 0.44828548823241832 -0.11060435064136982 0.90149463307112454 0.3293811728637065 -0.48339612569127771 -0.66385723704239352 0.36596266491257629 -0.29726940168256988 -0.35610834294930105 -0.1840916419968657 -0.61159896555949345 0.42333825122226365 -0.017482840680870519 -0.34933142418211161 -0.68577876999974263 -0.24424692603449027 0.34504728559404613 0.16746441806666554 -0.16380839266628028 0.19423496917788208 0.026598942564029632 -0.11366463493217122 -0.16912406847346576 0.45841517334892634 0.54750652887991502 -0.12217689870881875 -0.056561437132574846
leaf_weight=39 32 29 22 48 25 38 36 63 20 21 38 28 27 24 20 31 35 20 23 32 32 46 22 22 29 22 20 36 21 20 100 35 464 22 160 21 21 111 361
leaf_count=39 32 29 22 48 25 38 36 63 20 21 38 28 27 24 20 31 35 20 23 32 32 46 22 22 29 22 20 36 21 20 100 35 464 22 160 21 21 111 361
internal_value=-2.53566e-10 -0.0100151 -0.000650509 0.00732213 0.558625 -0.00532367 0.0209115 0.158904 1.17112 -0.0840805 -0.0420106 -0.0892531 -0.0225284 -0.0336597 0.0013379 -0.0227755 -0.19458 -0.341684 -0.0182734 -0.056126 -0.0616255 -0.134766 -0.35021 -0.0237803 0.172675 -0.0281476 -0.413386 -0.0541937 0.024449 -0.0775595 -0.0743825 0.0168683 -0.0200536 -0.0858593 -0.0656649 0.165723 -0.0997392 -0.0156364 -0.00979002
internal_weight=2216 2177 2145 2096 47 2049 1537 368 56 512 454 433 1169 1142 938 312 204 49 918 405 281 169 46 249 51 895 58 123 87 66 198 98 873 367 335 43 292 132 825
internal_count=2216 2177 2145 2096 47 2049 1537 368 56 512 454 433 1169 1142 938 312 204 49 918 405 281 169 46 249 51 895 58 123 87 66 198 98 873 367 335 43 292 132 825
is_linear=0
shrinkage=0.05


Tree=108
num_leaves=40
num_cat=0
split_feature=28 12 16 11 7 12 15 11 13 5 5 33 11 12 30 28 3 33 27 27 30 30 5 4 4 27 27 33 29 4 26 27 3 4 18 30 33 29 27
split_gain=4719.03 14288.2 5556.96 1886.08 9717.35 3129.73 17636.1 2216.18 8803.22 2355.17 1676.76 1673.26 1587.36 5561.06 11604.3 1298.32 6121.46 1061.28 1019.05 1251.15 8362.89 3409.36 795.098 772.289 3700.82 732.574 2304.09 1438.19 3422.96 836.273 822.291 706.271 701.299 699.93 695.896 687.5 734.634 683.279 711.04
threshold=-1.5452485680580137 -0.7838660180568694 -1.5581622719764707 1.6160847544670107 1.6315463185310366 1.2761033177375796 0.81930962204933178 0.84642362594604503 0.89478415250778209 3.179359078407288 -0.086038753390312181 -0.047398863360285752 -1.2946693301200864 -1.2313437461853025 -0.058842945843935006 -1.2250468134880064 -0.10531924664974211 -0.047483431175351136 -0.77080711722373951 -0.58386245369911183 0.30412857234478002 1.0098809599876406 -0.5336526334285735 1.949168384075165 1.841591000556946 0.0077290176413953313 -0.020698061212897297 -0.047474030405282967 -0.41411091387271876 -1.0371792912483213 -0.72747212648391713 0.034452840685844428 -0.25345492362976069 0.093919843435287489 -1.0911120176315305 0.11389412730932237 -0.047483913600444787 -0.43391843140125269 -0.30422385036945337
decision_type=2 2 2 2 2 2 2 2 2 2 2 2 2 2 2 2 2 2 2 2 2 2 2 2 2 2 2 2 2 2 2 2 2 2 2 2 2 2 2
left_child=1 -1 11 4 5 7 -7 8 9 12 -9 -2 22 14 -14 16 -15 37 34 20 -20 23 -4 24 25 26 27 -21 -29 35 -30 -31 -13 -12 -17 36 -27 -5 -39
right_child=2 -3 3 17 -6 6 -8 10 -10 -11 33 32 13 15 -16 18 -18 -19 19 21 -22 -23 -24 -25 -26 29 -28 28 30 31 -32 -33 -34 -35 -36 -37 -38 38 -40
leaf_value=1.5029088023956865 -0.78264837911725049 -0.29009043432027098 -0.097673297608676171 -0.33856922141634505 0.99455624186992653 1.5638787111639978 -0.27898205520736202 -0.066191804525192063 1.0502357524633408 -0.51882302598519769 -0.22260145273804666 -0.071195151047273128 1.2759741600155832 -0.21624033666890244 -0.33987454488873481 -0.42933789841830738 0.92081499220686958 -0.51627283820084169 -0.053681892512196849 -0.030736981377964025 1.0567971405528842 -0.5521115933512819 -0.52873116442933676 -0.12045198466426643 0.68274711333215243 -0.0937295359160219 0.51531298485398291 0.77326552859507514 0.2614816399514675 -0.28903792039914566 -0.096166133549478325 -0.00085838809175384472 -0.48028618723154071 -0.58361642823137083 -0.10153543748399792 -0.031176389084959573 -0.44983589708805083 0.095450109690427776 -0.24446747288107873
leaf_weight=20 25 25 23 26 25 20 37 93 20 22 25 22 25 29 20 20 20 21 88 309 21 29 20 129 20 28 25 20 25 22 45 633 20 29 85 55 30 40 25
leaf_count=20 25 25 23 26 25 20 37 93 20 22 25 22 25 29 20 20 20 21 88 309 21 29 20 129 20 28 25 20 25 22 45 633 20 29 85 55 30 40 25
internal_value=2.21378e-11 0.506798 -0.0105048 0.00377011 0.0149952 0.00254531 0.367636 -0.00835006 0.007202 -0.00476626 -0.194869 -0.45878 0.00180507 0.00949203 0.557819 -0.00561802 0.247864 -0.195877 -0.0134593 -0.00277369 0.160264 -0.0157453 -0.298165 -0.004146 0.0082331 -0.00308425 0.0496697 0.0204941 0.196388 -0.0322089 0.0315652 -0.0105377 -0.266 -0.41648 -0.163974 -0.157825 -0.277922 -0.121939 -0.0352874
internal_weight=2216 45 2171 2104 1992 1967 57 1910 1763 1743 147 67 1721 1678 45 1633 49 112 1584 1479 109 1370 43 1341 1212 1192 424 399 90 768 70 655 42 54 105 113 58 91 65
internal_count=2216 45 2171 2104 1992 1967 57 1910 1763 1743 147 67 1721 1678 45 1633 49 112 1584 1479 109 1370 43 1341 1212 1192 424 399 90 768 70 655 42 54 105 113 58 91 65
is_linear=0
shrinkage=0.05


Tree=109
num_leaves=40
num_cat=0
split_feature=29 30 30 30 30 30 18 0 12 27 8 14 14 8 13 7 7 27 13 27 0 18 11 18 15 23 13 26 24 8 8 21 5 30 29 29 4 31 31
split_gain=4890.97 2744.09 5135.52 2772.84 4553.34 2714.93 2500.36 1674.85 1502.83 1447.58 1433.55 1216.43 13590 2684.86 2097.33 1180.44 4555.24 1596.26 1183.15 1048.55 1490.91 1265.35 825.935 847.403 763.882 753.449 706.103 675.672 625.536 619.745 781.554 563.405 606.715 751.306 543.909 1212.93 591.66 757.414 2191.73
threshold=3.2934920787811284 1.3463437557220461 1.0567454695701601 -0.88363802433013905 -0.7744469642639159 0.9120679795742036 -1.5910865664482114 2.9056415557861333 -1.3265537619590757 -1.9179521799087522 -1.1999563574790952 1.5510139465332033 1.4366199374198916 1.4510754346847536 0.26049153506755834 0.32105529308319097 0.41479589045047766 -1.1976896524429319 0.20815832167863849 -0.60438063740730275 0.63082250952720653 1.7937170863151553 1.7405065298080447 1.757795035839081 1.0725123882293703 0.42792151868343359 -1.1782376766204832 0.80079263448715221 -1.1411579251289365 -1.0783468484878538 -1.0263187885284422 0.15361145883798602 -0.51618477702140797 0.40671519935131079 0.45624069869518286 0.37714722752571112 2.0635076761245732 0.30665515363216406 0.50143270194530498
decision_type=2 2 2 2 2 2 2 2 2 2 2 2 2 2 2 2 2 2 2 2 2 2 2 2 2 2 2 2 2 2 2 2 2 2 2 2 2 2 2
left_child=1 2 3 9 -5 6 -6 8 -8 -1 -10 12 13 14 15 17 -17 -12 26 20 25 31 -13 24 -24 -16 -19 -27 -11 -28 -31 -21 -33 -34 35 36 37 -32 -39
right_child=-2 -3 -4 4 5 -7 7 -9 10 28 11 22 -14 -15 19 16 -18 18 -20 21 -22 -23 23 -25 -26 27 29 -29 -30 30 34 32 33 -35 -36 -37 -38 38 -40
leaf_value=-0.6250847448905309 0.70990049391984944 0.56104027259917488 -0.74062382454673459 0.66310979861479546 -0.43419083917842194 0.52590769889454048 0.33899262006725039 0.45348494470119483 -0.31599056481530796 0.04683928733522242 0.32657106489335241 -0.40182741283853024 1.2122359076271887 0.51410588855117867 -0.40420785620808602 0.8073640443977308 -0.10116668526788015 0.2517692768573761 0.35971311176703735 0.21605313221613565 -0.53160760272294283 -0.36282580562401567 -0.10423315458240048 -0.24476668518846451 0.29211102440953257 0.095553441607468842 -0.23034192941744222 -0.19588575938413311 -0.30944005463804519 0.26593074810504919 -0.03725109095355824 0.017642540588382296 -0.16410280592298432 0.06280576603797576 -0.11195684070734464 0.26987466703240692 -0.23353149493535363 0.39235939091547978 -0.0089408889984243494
leaf_weight=24 24 21 24 26 34 24 31 20 38 22 38 27 23 24 20 22 37 25 22 21 30 32 31 46 20 37 33 43 28 25 562 176 152 48 131 39 30 43 163
leaf_count=24 24 21 24 26 34 24 31 20 38 22 38 27 23 24 20 22 37 25 22 21 30 32 31 46 20 37 33 43 28 25 562 176 152 48 131 39 30 43 163
internal_value=1.26518e-09 -0.00777263 -0.0132747 -0.00514415 0.00559161 -0.00275987 -0.00903175 -0.00176407 -0.00638824 -0.30589 -0.0119129 -0.00583135 0.00473989 -0.0111029 -0.0183932 0.0196711 0.237607 0.00809757 -0.00318108 -0.0980629 -0.222462 -0.0603664 -0.157239 -0.0891575 0.0511959 -0.129718 -0.0107773 -0.0610951 -0.152677 -0.0171747 -0.0100906 -0.0359868 -0.0500635 -0.109645 -0.0172192 -0.0023917 -0.015698 -0.00718883 0.0748257
internal_weight=2216 2192 2171 2147 2073 2047 2023 1989 1969 74 1938 1900 1776 1753 1729 1170 59 1111 1073 559 130 429 124 97 51 100 1051 80 50 1026 993 397 376 200 968 837 798 768 206
internal_count=2216 2192 2171 2147 2073 2047 2023 1989 1969 74 1938 1900 1776 1753 1729 1170 59 1111 1073 559 130 429 124 97 51 100 1051 80 50 1026 993 397 376 200 968 837 798 768 206
is_linear=0
shrinkage=0.05


Tree=110
num_leaves=40
num_cat=0
split_feature=27 18 29 10 30 18 3 6 5 12 15 31 14 31 13 13 10 13 27 27 29 29 3 30 22 7 13 12 12 23 18 22 22 20 3 25 28 3 5
split_gain=5090.02 3825.76 10357.9 6790.8 2105.95 2037.55 7789.55 1829.08 2819.16 1760.91 2102.93 1535.54 19208.6 5176.2 2549.33 7527.83 1572.47 1479.8 1425.58 1316.73 1013.75 1783.09 924.645 922.181 779.05 670.503 655.595 1420.14 591.463 531.829 623.86 597.731 503.907 1892.34 968.784 1398.03 1731.63 723.954 916.157
threshold=-2.1934885978698726 -1.2136644124984739 3.2934920787811284 -1.1622141599655149 1.0098809599876406 -1.0568026304244993 0.11722877249121667 2.9755042791366582 3.179359078407288 -1.3265537619590757 -1.5332865118980405 0.83366858959198009 1.4366199374198916 0.9533381760120393 0.90714541077613842 0.8507116734981538 0.95806521177291881 -1.2825429439544676 -0.094435125589370714 -1.1536921858787534 -0.5066140592098235 -0.44785918295383448 -0.6696127951145171 0.40120925009250646 -1.5876808166503904 0.76633998751640331 -0.95354408025741566 -0.92192900180816639 -0.92880499362945546 0.37366540729999548 0.21092516183853152 0.48771651089191442 0.43905407190322882 0.42660297453403478 -0.42983973026275629 0.029295501299202446 0.074270237237215056 -0.61173656582832325 -0.35460707545280451
decision_type=2 2 2 2 2 2 2 2 2 2 2 2 2 2 2 2 2 2 2 2 2 2 2 2 2 2 2 2 2 2 2 2 2 2 2 2 2 2 2
left_child=-1 2 9 -3 5 6 -5 8 11 10 -2 14 13 -13 15 19 25 -11 28 -7 -21 -22 -16 -24 -12 29 -23 -28 -19 30 -15 -32 34 -34 37 36 -36 -29 -39
right_child=1 3 -4 4 -6 7 -8 -9 -10 17 24 12 -14 16 22 -17 -18 18 -20 20 21 26 23 -25 -26 -27 27 32 -30 -31 31 -33 33 -35 35 -37 -38 38 -40
leaf_value=0.59818964532443464 0.50856244337299594 0.93020566299557683 -1.2321400731463326 -0.12816245342139154 0.3883929388012205 -0.41087649060147147 1.0610281101294927 -0.31388720085426258 0.58605815231800074 -0.52237934559169741 -0.2915303659032692 0.60055150985717776 1.550542598111289 -0.11887821501370557 -0.082353602392414155 0.91495955559340403 -0.4798689648353805 -0.12504076124509661 0.27269743049982936 -0.13319752015323447 0.35713802678244455 -0.16479163902704833 -0.36391038486604083 -0.070786326072919056 0.1396421204134822 0.22245378986001019 0.40135972533713693 -0.0014469201993475211 -0.41195851195117705 -0.24418345181271436 0.30120979462351122 -0.028208903111517431 0.50856588057109287 0.013433922032880434 -0.085200676630319522 -0.29976951920274481 0.40562766097486025 -0.015682168677449228 0.4628982829395682
leaf_weight=35 23 20 22 40 35 21 21 49 20 27 22 30 21 97 131 22 24 82 20 149 35 61 86 39 20 20 22 335 23 40 21 40 21 238 177 67 20 20 20
leaf_count=35 23 20 22 40 35 21 21 49 20 27 22 30 21 97 131 22 24 82 20 149 35 61 86 39 20 20 22 335 23 40 21 40 21 238 177 67 20 20 20
internal_value=6.63862e-10 -0.00959956 -0.198367 0.0136318 0.00409412 -0.00303384 0.281231 -0.0125301 -0.0042203 -0.0935602 0.124248 -0.0109395 0.093545 -0.0189438 -0.0318506 -0.00147685 -0.0957407 -0.186702 -0.114196 -0.0184765 -0.0114032 0.00645836 -0.175177 -0.272456 -0.0862101 -0.0534514 -0.00605315 0.0044719 -0.187889 -0.0813206 -0.0400895 0.0851975 -0.00525141 0.0535798 -0.0290969 -0.102472 -0.0353704 0.0225589 0.223608
internal_weight=2216 2181 239 1942 1922 1887 61 1826 1777 217 65 1757 293 272 1464 1208 242 152 125 1186 1165 1016 256 125 42 218 981 920 105 198 158 61 898 259 639 264 197 375 40
internal_count=2216 2181 239 1942 1922 1887 61 1826 1777 217 65 1757 293 272 1464 1208 242 152 125 1186 1165 1016 256 125 42 218 981 920 105 198 158 61 898 259 639 264 197 375 40
is_linear=0
shrinkage=0.05


Tree=111
num_leaves=40
num_cat=0
split_feature=29 30 30 30 30 18 30 0 27 12 8 22 23 9 30 11 13 27 5 7 7 13 17 18 18 23 24 28 13 26 3 26 7 11 31 33 28 3 12
split_gain=5139.23 2598.91 4129.58 2343.07 4919.42 2468.81 2343.63 1517.95 1390.55 1324.12 1294.96 1228.9 2234.5 6052.38 18376.9 2058.18 1427.05 1136.49 5576.58 1397.03 3778.57 1075.94 935.461 791.856 739.32 741.58 600.439 594.422 578.759 589.564 684.309 464.931 511.023 1147.88 480.564 1443.83 958.427 610.116 457.495
threshold=3.2934920787811284 -0.88363802433013905 -0.7744469642639159 1.3463437557220461 1.0567454695701601 -1.5910865664482114 0.9120679795742036 2.9056415557861333 -1.9179521799087522 -1.3265537619590757 -1.1999563574790952 2.3331806659698491 1.3886072635650637 1.2217946052551272 0.098575331270694747 1.6160847544670107 0.26049153506755834 -1.1976896524429319 -0.32185484468936915 0.32105529308319097 0.41479589045047766 0.20815832167863849 -0.37533284723758692 1.757795035839081 1.7937170863151553 1.168053984642029 -1.1411579251289365 0.15596146881580356 -1.1782376766204832 -1.0538082122802732 0.062797524034976973 0.31702437996864324 0.3354522585868836 0.39466437697410589 0.30665515363216406 -0.047483224421739571 -0.077750571072101579 -0.30099613964557642 0.67860659956932079
decision_type=2 2 2 2 2 2 2 2 2 2 2 2 2 2 2 2 2 2 2 2 2 2 2 2 2 2 2 2 2 2 2 2 2 2 2 2 2 2 2
left_child=1 8 -3 4 5 -4 7 9 -1 -7 -11 12 13 16 -15 -14 17 18 -12 21 -21 28 -18 27 25 31 -10 -17 -19 30 -30 -24 -33 -34 35 37 -36 38 -35
right_child=-2 2 3 -5 -6 6 -8 -9 26 10 11 -13 15 14 -16 23 22 19 -20 20 -22 -23 24 -25 -26 -27 -28 -29 29 -31 -32 32 33 34 36 -37 -38 -39 -40
leaf_value=-0.61207858125368764 0.72769436960419021 0.62846835851669314 -0.42506908695487411 0.51991343902690079 -0.72259190132220585 0.31844506686132767 0.49571680867423612 0.43205136835575103 0.04640297022732822 -0.29994169653050212 0.87496838172897695 0.27261748216473142 -0.54822359852054547 -0.34651505959033968 1.6598301389343328 -0.10481668554766232 -0.41585376679897312 0.22720439708232881 -0.29162992451872144 0.7635058226910505 -0.077456842965501205 0.34281482913277372 -0.20164593167421296 -0.33510247506201268 -0.35758051304590133 -0.33810616636818108 -0.30265614470200886 0.21971970413412367 -0.043750850276814572 -0.0071760635653549095 -0.40852490782737738 -0.11664784933506911 0.31947299484853398 -0.095433633092743095 -0.4001522958278656 0.36487545155816609 -0.028490440538380204 -0.17704606579274548 0.12382977624408534
leaf_weight=24 24 26 34 21 24 31 24 20 22 38 20 39 34 25 21 43 20 25 21 22 34 22 41 24 21 22 28 21 36 970 20 112 27 39 22 27 82 49 61
leaf_count=24 24 26 34 21 24 31 24 20 22 38 20 39 34 25 21 43 20 25 21 22 34 22 41 24 21 22 28 21 36 970 20 112 27 39 22 27 82 49 61
internal_value=-6.77016e-10 -0.00796746 0.00220903 -0.00557431 -0.0109028 -0.00255859 0.00457771 -0.00134856 -0.299235 -0.00575079 -0.0109366 -0.00515649 -0.0109776 0.00353402 0.569425 -0.217828 -0.0118416 0.01885 0.277442 0.0094591 0.252921 -0.00324723 -0.0805016 -0.0901757 -0.0671676 -0.0545147 -0.14907 0.00167182 -0.0104912 -0.016283 -0.174027 -0.0409516 -0.0252274 0.00812472 -0.0218982 0.028455 -0.107111 -0.0325071 0.038317
internal_weight=2216 2192 2118 2092 2071 2047 2013 1989 74 1969 1938 1900 1861 1739 46 122 1693 1170 41 1129 56 1073 523 88 503 482 50 64 1051 1026 56 460 419 307 280 176 104 149 100
internal_count=2216 2192 2118 2092 2071 2047 2013 1989 74 1969 1938 1900 1861 1739 46 122 1693 1170 41 1129 56 1073 523 88 503 482 50 64 1051 1026 56 460 419 307 280 176 104 149 100
is_linear=0
shrinkage=0.05


Tree=112
num_leaves=40
num_cat=0
split_feature=30 6 27 30 30 30 4 4 30 15 28 13 9 20 31 29 8 28 10 33 25 4 31 33 20 26 26 30 15 9 16 29 25 7 8 9 13 33 7
split_gain=4983.51 2239.22 3409.17 1880.15 4416.92 2150.48 1507.36 8268.05 9876.01 4217.2 25141.5 3035.6 7276.41 2934.75 2256.83 1434.67 1363.96 2367.02 1137.6 1135.54 1111.51 1060.52 1014.52 979.771 2639.44 1996.42 4038.25 876.634 728.561 941.801 843.671 763.192 686.346 655.583 1496.84 1351.08 680.604 648.524 742.464
threshold=-2.4608415365219112 4.711318016052247 -1.8494415283203123 1.3463437557220461 1.0567454695701601 0.9120679795742036 0.63365083932876598 0.73200729489326488 0.05640011094510556 0.33353550732135778 0.051101092249155051 0.97933045029640209 1.0898658037185671 0.41756792366504675 2.6211658716201787 -0.26970542967319483 -1.0783468484878538 -1.2250468134880064 -1.1261851787567136 -0.047482103109359734 -1.6300981044769285 -1.0224258303642271 0.077737625688314452 -0.047474030405282967 -0.10507600754499434 -0.70169156789779652 -0.78955432772636402 -0.043311089277267449 0.94378104805946361 1.3067128062248232 1.2085193991661074 -0.23061903566122052 1.7485190629959109 -0.6964474320411681 -0.59926411509513844 -0.6793454885482787 -0.60992443561553944 -0.04748056270182132 -0.50363174080848683
decision_type=2 2 2 2 2 2 2 2 2 2 2 2 2 2 2 2 2 2 2 2 2 2 2 2 2 2 2 2 2 2 2 2 2 2 2 2 2 2 2
left_child=-1 2 20 4 5 6 11 8 -8 14 -11 12 16 -12 15 -9 18 -18 21 27 -2 -4 -17 33 25 26 -25 -13 29 -29 -30 -32 -15 -19 35 -35 -36 38 -38
right_child=1 -3 3 -5 -6 -7 7 9 -10 10 13 19 -14 32 -16 22 17 23 -20 -21 -22 -23 -24 24 -26 -27 -28 28 30 -31 31 -33 -34 34 36 -37 37 -39 -40
leaf_value=0.68815809717545151 -0.60126810580492018 0.51846727907657619 0.15101984682823383 0.46819879157202582 -0.6963461274686068 0.47093094825977461 1.5453853100538255 -0.25825206649146581 -0.025920317620038987 1.8197152884233567 0.48289310979441957 -0.40587391052395105 0.94430624648928652 -0.044946378351066463 -0.61920880263759981 0.32906312083914169 0.40596184090844223 -0.1406730779023333 -0.47749515445902946 -0.54860296493226834 -0.16716504908841234 -0.19061938241124154 -0.043109522509824978 -0.016373905960422059 0.51468716061884356 -0.22277474759210802 0.78105543434619906 -0.48974195766448975 0.24436861305009749 -0.067522256289209645 -0.29453288689255713 0.025137501833743827 -0.33119074518978597 -0.027172117826083433 0.2186939672781871 0.4989163033377666 -0.28300481104850767 -0.12654171126983479 -0.00452819988390454
leaf_weight=26 30 20 31 21 23 24 20 76 20 21 26 32 20 129 21 21 35 121 24 22 29 85 143 77 31 58 20 25 21 28 33 43 25 23 26 26 25 173 562
leaf_count=26 30 20 31 21 23 24 20 76 20 21 26 32 20 129 21 21 35 121 24 22 29 85 143 77 31 58 20 25 21 28 33 43 25 23 26 26 25 173 562
internal_value=3.73464e-11 -0.00816991 -0.0130237 -0.00254648 -0.00727646 0.000390982 -0.00513665 0.0701112 0.759732 0.0104037 0.182544 -0.0296496 -0.00223759 -0.00845906 -0.122164 -0.0786729 -0.0166118 0.000937239 -0.164149 -0.209306 -0.387895 -0.0993192 0.00454673 -0.0114759 0.0935198 0.00928634 0.148045 -0.168292 -0.117607 -0.266682 -0.0361539 -0.113667 -0.0914146 -0.031904 -0.0161422 0.251977 -0.0328571 -0.0414627 -0.0163884
internal_weight=2216 2190 2170 2111 2090 2067 2043 502 40 462 201 1541 1337 180 261 240 1317 1177 140 204 59 116 164 1142 186 155 97 182 150 53 97 76 154 956 835 49 786 760 587
internal_count=2216 2190 2170 2111 2090 2067 2043 502 40 462 201 1541 1337 180 261 240 1317 1177 140 204 59 116 164 1142 186 155 97 182 150 53 97 76 154 956 835 49 786 760 587
is_linear=0
shrinkage=0.05


Tree=113
num_leaves=40
num_cat=0
split_feature=27 18 29 15 30 18 3 12 15 6 4 6 16 29 7 24 23 27 13 27 5 24 13 10 22 0 5 5 27 30 5 12 29 7 26 21 20 16 17
split_gain=4782.24 3554.22 10051 6645.57 2087.27 1932.25 7056.15 1559.77 2017.96 1537.51 2520.72 1621.56 1299.71 15510.9 1317.32 3089.61 1825.63 1469.48 1249.35 1301.7 1069.79 964.81 721.265 1530.39 667.772 611.774 1285.46 3422.07 1153.29 814.278 643.594 537.744 531.789 900.505 1669.91 1147.26 1725.08 953.434 4476.49
threshold=-2.1934885978698726 -1.2136644124984739 3.2934920787811284 -1.1636229157447813 1.0098809599876406 -1.0717446804046629 0.042127428576350219 -1.3265537619590757 -1.5332865118980405 2.9755042791366582 2.1403487920761113 2.2832190990448002 1.840181350708008 -0.45463125407695765 1.5819175839424136 1.5304850935935976 1.6492710113525393 -1.1536921858787534 -1.2825429439544676 -0.094435125589370714 -0.086038753390312181 1.3465879559516909 -0.95354408025741566 -0.8947840929031371 -1.5876808166503904 0.86638915538787853 0.82119813561439525 1.2087662220001223 -0.62518873810768116 -0.61167719960212696 0.56573072075843822 -0.92880499362945546 0.57625490427017223 -0.35899424552917475 -0.29286170005798334 1.0000000180025095e-35 -0.23517641425132749 -0.50446477532386769 -0.58790087699890126
decision_type=2 2 2 2 2 2 2 2 2 2 2 2 2 2 2 2 2 2 2 2 2 2 2 2 2 2 2 2 2 2 2 2 2 2 2 2 2 2 2
left_child=-1 2 7 -3 5 6 -5 8 -2 10 11 12 14 -14 15 17 -16 -7 -9 31 -15 22 -19 -24 -10 26 29 -28 -27 -25 32 -20 33 34 35 36 37 38 -31
right_child=1 3 -4 4 -6 9 -8 18 24 -11 -12 -13 13 20 16 -17 -18 21 19 -21 -22 -23 23 25 -26 28 27 -29 -30 30 -32 -33 -34 -35 -36 -37 -38 -39 -40
leaf_value=0.5798217926706587 0.49345401292261876 0.89772478125634658 -1.2095952924002302 -0.19229443361019266 0.3753238340084617 -0.37849773559077038 1.0284872705489396 -0.48410284292918671 -0.27927016612480987 -0.28847691360480932 0.55359536513686181 0.39728461652994157 1.395637791156769 -0.05999198753614815 -0.55055244671446946 0.51357674176494283 -0.044443323843333188 -0.16645236518737433 -0.11953862525420492 0.26065442323684695 -0.49393212720751767 -0.34057551240143569 0.36649996439615884 -0.32872946768999101 0.11992251299321653 -0.44094961824871248 0.7614780718088151 -0.00044720166229775976 -0.052495128949576954 -0.020981949748737475 -0.22076088663409738 -0.39311692727648695 -0.12881768368990035 -0.020035909578398126 0.40989906433969736 -0.23362442060853494 0.50230649249120196 -0.14020682706751605 0.79519438862800607
leaf_weight=35 23 21 22 29 37 29 20 27 22 49 20 24 20 49 28 27 49 74 82 20 20 23 27 20 20 21 20 56 212 105 34 23 74 689 35 33 22 55 20
leaf_count=35 23 21 22 29 37 29 20 27 22 49 20 24 20 49 28 27 49 74 82 20 20 23 27 20 20 21 20 56 212 105 34 23 74 689 35 33 22 55 20
internal_value=-4.55675e-10 -0.0093048 -0.19125 0.013087 0.0034163 -0.00388762 0.305984 -0.0880074 0.116984 -0.0121621 -0.00458125 -0.0109026 -0.0165263 0.169601 -0.0265477 -0.0166816 -0.228483 -0.0259243 -0.175668 -0.109046 -0.185772 -0.0191976 -0.0142599 -0.00634546 -0.0891784 -0.0135567 0.00125866 0.200059 -0.087506 -0.0126409 -0.00671613 -0.179465 0.000328908 0.0102943 0.0876926 0.0397044 0.0843572 0.0332745 0.109606
internal_weight=2216 2181 239 1942 1921 1884 49 217 65 1835 1786 1766 1742 89 1653 1576 77 1549 152 125 69 1520 1497 1423 42 1396 1163 76 233 1087 1067 105 1033 959 270 235 202 180 125
internal_count=2216 2181 239 1942 1921 1884 49 217 65 1835 1786 1766 1742 89 1653 1576 77 1549 152 125 69 1520 1497 1423 42 1396 1163 76 233 1087 1067 105 1033 959 270 235 202 180 125
is_linear=0
shrinkage=0.05


Tree=114
num_leaves=40
num_cat=0
split_feature=29 21 22 27 27 11 7 12 9 9 31 30 30 33 29 18 15 24 29 27 20 7 30 6 30 15 5 7 19 20 33 4 16 15 17 19 19 18 5
split_gain=5290.84 2773.59 5453.11 2228.32 2313.21 1765.11 12722.5 3229.52 16209.1 1756.1 2767.08 1645.09 1992.26 1016.34 874.686 719.876 648.219 651.821 1095.53 717.327 1301.15 1550.89 1016.76 1353.6 1167.47 783.179 2797.45 4416.44 1116.89 2338.52 940.737 1445.47 820.414 1057.68 1932.99 751.402 1233.78 633.152 601.103
threshold=3.2934920787811284 -1.6905580163002012 -1.6769025325775144 -1.2386001944541929 -1.1536921858787534 1.6160847544670107 1.6315463185310366 1.2761033177375796 1.2392280697822573 1.1875331997871401 2.9253710508346562 1.2409112453460696 0.9120679795742036 -0.047483431175351136 -0.45463125407695765 1.5376403331756594 1.8295560479164126 -0.97461545467376698 1.1304740905761721 -0.46763706207275385 0.21227244287729266 0.9067816734313966 -0.31357385218143458 2.872025847434998 -0.28542430698871607 -0.19662933796644208 0.41179519891738897 -0.40624557435512537 0.070201031863689436 0.13133033365011218 -0.047467187047004693 0.19350574910640719 0.2457770183682442 0.27601341903209692 0.41241078078746801 0.53583940863609325 0.604983150959015 0.30296924710273748 0.017676653340458873
decision_type=2 2 2 2 2 2 2 2 2 2 2 2 2 2 2 2 2 2 2 2 2 2 2 2 2 2 2 2 2 2 2 2 2 2 2 2 2 2 2
left_child=1 -1 -3 -4 -5 6 7 9 -9 10 11 12 16 14 -7 -16 17 -6 19 20 21 38 -21 24 -24 26 30 -28 -27 -30 31 -26 -31 34 -34 37 -37 -35 -19
right_child=-2 2 3 4 5 13 -8 8 -10 -11 -12 -13 -14 -15 15 -17 -18 18 -20 22 -22 -23 23 -25 25 28 27 -29 29 32 -32 -33 33 35 -36 36 -38 -39 -40
leaf_value=-0.53172074079513554 0.7383494873841604 0.70409173590165608 -0.22909017188122147 0.46956805025155729 -0.094614653880316257 -0.40142222557749063 1.2598225453123453 1.385053049351858 -0.34405621352859517 -0.36031749554582548 0.57251327060163015 0.40120468010073129 -0.41532627185806636 -0.52244873529388791 0.21657825514674187 -0.16358034314982819 -0.24753613223632179 -0.029327603705557221 0.32044848897136174 -0.13961349820681648 -0.34111287259031092 0.38820039331912998 0.36963026873443439 0.41382118431343279 0.0016324631100197039 -0.14387068872346537 -0.058647128343582156 0.99211936663836253 0.50634322192357939 -0.16311660110698761 -0.18255504462091876 0.35094388069378007 0.57021690322005225 0.093928761482238776 -0.053552603473265972 0.35866368480313282 -0.00097795810369360786 -0.19434403919614851 -0.22244076863223433
leaf_weight=25 24 27 111 26 214 21 20 23 33 37 20 23 32 21 20 33 30 192 26 102 40 20 23 22 167 143 20 20 23 74 48 36 23 25 27 26 288 80 51
leaf_count=25 24 27 111 26 214 21 20 23 33 37 20 23 32 21 20 33 30 192 26 102 40 20 23 22 167 143 20 20 23 74 48 36 23 25 27 26 288 80 51
internal_value=1.40791e-11 -0.00808412 -0.00204309 -0.0109523 0.000981352 -0.00510115 0.00537226 -0.00791641 0.366114 -0.0193496 -0.0123213 -0.018911 -0.0244262 -0.215451 -0.12833 -0.0201243 -0.0171537 -0.0130641 -0.00124032 -0.00700853 -0.075432 -0.0350242 0.0110667 0.0257743 0.0174292 0.00932853 0.0783966 0.466736 -0.0190196 0.0125241 0.0165098 0.0635793 -0.00839274 0.01602 0.233381 -0.00991814 0.0288013 -0.125708 -0.0698575
internal_weight=2216 2192 2167 2140 2029 2003 1908 1888 56 1832 1795 1775 1752 95 74 53 1720 1690 1476 1450 303 263 1147 1045 1023 1000 291 40 709 566 251 203 543 469 50 419 314 105 243
internal_count=2216 2192 2167 2140 2029 2003 1908 1888 56 1832 1795 1775 1752 95 74 53 1720 1690 1476 1450 303 263 1147 1045 1023 1000 291 40 709 566 251 203 543 469 50 419 314 105 243
is_linear=0
shrinkage=0.05


Tree=115
num_leaves=40
num_cat=0
split_feature=29 21 19 6 4 30 16 5 7 24 11 5 27 4 24 14 12 3 27 29 29 15 4 0 20 7 21 5 15 16 16 16 14 9 3 27 24 33 30
split_gain=4774.98 2552.49 4800.36 1823.8 3545.48 2121.77 2205.71 14273.4 1543.72 3060.55 1880.79 1486.13 1437.3 1025.67 893.133 887.612 1600.54 944.351 792.463 876.596 2333.29 875.143 3227.33 4771.55 848.952 1384.43 935.015 831.088 741.533 1086.53 716.175 924.275 1505.77 649.858 590.076 886.326 588.958 583.057 578.423
threshold=3.2934920787811284 -1.6710991859436033 -1.5992504954338072 -0.098241925239562974 2.0844084024429326 1.0098809599876406 1.840181350708008 0.068988487124443068 1.5819175839424136 1.5304850935935976 1.7405065298080447 1.1148765087127688 -1.1976896524429319 -0.76424017548561085 1.3465879559516909 -0.9569198191165923 -0.92192900180816639 -0.16388451308012006 -0.48385247588157648 0.45624069869518286 0.38735149800777441 -0.19662933796644208 0.14555697888135913 1.1060696840286257 0.2236004322767258 0.92996451258659374 0.39730425179004675 -0.36552448570728296 0.032859392464160926 0.081724200397729888 0.2457770183682442 0.42939294874668127 0.19954778254032138 -0.39131152629852289 0.8902902901172639 -0.3254187256097793 -0.73413920402526844 -0.047335436567664139 -0.10449956357479094
decision_type=2 2 2 2 2 2 2 2 2 2 2 2 2 2 2 2 2 2 2 2 2 2 2 2 2 2 2 2 2 2 2 2 2 2 2 2 2 2 2
left_child=1 37 -3 4 5 6 8 13 9 12 -10 38 -4 -8 15 17 -17 -14 24 20 21 22 34 -24 25 27 -26 -18 33 -30 -31 32 -32 -23 35 -20 -37 -1 -5
right_child=-2 2 3 11 -6 -7 7 -9 10 -11 -12 -13 14 -15 -16 16 18 -19 19 -21 -22 28 23 -25 26 -27 -28 -29 29 30 31 -33 -34 -35 -36 36 -38 -39 -40
leaf_value=-0.56899351027201528 0.70143204232056933 0.73473884517496291 0.30516752481460574 0.013767509723880461 0.67863923564553263 0.37325151623823705 0.039162644930183892 1.3317390368743378 -0.64192753547713877 0.58287424519658093 -0.060046534131212942 -0.41315166739856501 -0.030268869484758848 -0.41411658387917738 -0.35094898380339146 0.38186832005503002 0.0048895206661262649 -0.26457043814418069 0.21370916847999277 -0.11223566666276766 0.55329713296322591 0.097030776350394546 0.84233629117088948 -0.13380066936924345 -0.515312149849805 0.33121173066849058 -0.042947231829166412 -0.20233856945716103 0.29499411857686936 -0.18101558984758764 -0.0032423507876512478 -0.01860137419856113 0.48317349761402095 -0.20584885480922541 0.2378456093016125 0.04816703740003947 -0.19971867056892201 -0.200662090806734 -0.10971344017129088
leaf_weight=22 24 22 35 140 20 39 24 22 21 22 41 34 117 26 20 27 109 68 26 119 21 23 31 21 22 22 20 87 32 52 41 322 26 77 21 37 68 21 294
leaf_count=22 24 22 35 140 20 39 24 22 21 22 41 34 117 26 20 27 109 68 26 119 21 23 31 21 22 22 20 87 32 52 41 322 26 77 21 37 68 21 294
internal_value=-1.2895e-10 -0.00767991 -4.77469e-05 -0.0076478 0.0169431 0.00886871 -1.31249e-05 0.270432 -0.0127566 -0.00242138 -0.257135 -0.0948194 -0.0113386 -0.196543 -0.0192007 -0.0144239 0.00124368 -0.116391 -0.00748773 0.0143583 0.0332364 0.0191807 0.108113 0.448127 -0.0845371 -0.04488 -0.290376 -0.0870944 -0.0124812 0.0136722 -0.00674122 0.0165551 0.185516 -0.136187 -0.00820719 -0.0476508 -0.112368 -0.389111 -0.0698809
internal_weight=2216 2192 2149 2127 1659 1639 1600 72 1528 1466 62 468 1444 50 1409 1389 1204 185 1177 917 798 777 204 52 260 218 42 196 573 473 441 389 67 100 152 131 105 43 434
internal_count=2216 2192 2149 2127 1659 1639 1600 72 1528 1466 62 468 1444 50 1409 1389 1204 185 1177 917 798 777 204 52 260 218 42 196 573 473 441 389 67 100 152 131 105 43 434
is_linear=0
shrinkage=0.05


Tree=116
num_leaves=40
num_cat=0
split_feature=27 15 29 12 7 6 33 4 30 33 18 21 30 30 16 27 12 29 27 3 0 30 0 29 4 3 29 8 15 29 28 29 16 15 30 3 31 4 3
split_gain=4663.07 3469.02 9379.3 7418.6 1696.85 2012.83 1677.04 3825.81 2359.58 1546.87 1452.61 7057.48 1362.22 6114.03 3574.47 16015.3 1342.48 1295.07 1267.58 2047.48 1221.24 1103.63 1879.7 2397.51 1294.53 943.813 901.131 852.508 848.822 838.663 2812.69 803.444 963.63 969.153 1371.72 781.816 715.651 630.348 628.038
threshold=-2.1934885978698726 -1.3155183792114256 3.2934920787811284 -1.2229315042495725 -1.2210434079170225 0.54011785984039318 -0.047459915280342095 2.1053092479705815 1.0098809599876406 -0.047462873160839074 -1.0717446804046629 -1.1507155895233152 0.19448923319578174 0.18135225027799609 1.840181350708008 0.25011114776134497 0.99506542086601268 0.48048157989978796 -0.65585789084434498 -0.040552949532866471 2.798500776290894 0.11983910948038103 0.53459253907203685 -0.38030593097209925 1.8163871169090273 -0.15286046266555783 0.04523908160626889 -1.1999563574790952 1.7172574996948244 0.20255824923515323 0.4660057276487351 0.057194279506802566 -0.50446477532386769 0.61598002910614025 0.54583135247230541 -0.55937233567237843 -0.62698334455490101 -0.086195405572652803 0.53889870643615734
decision_type=2 2 2 2 2 2 2 2 2 2 2 2 2 2 2 2 2 2 2 2 2 2 2 2 2 2 2 2 2 2 2 2 2 2 2 2 2 2 2
left_child=-1 2 4 -3 5 36 7 8 9 10 11 -5 13 14 16 -16 17 21 19 -14 37 24 23 -23 29 -18 -25 -6 31 -12 -31 32 -20 38 -35 -19 -2 -8 -34
right_child=1 3 -4 6 27 -7 20 -9 -10 -11 12 -13 18 -15 15 -17 25 35 28 -21 -22 22 -24 26 -26 -27 -28 -29 -30 30 -32 -33 33 34 -36 -37 -38 -39 -40
leaf_value=0.57255215832165307 0.12733072781044505 0.94427448809146886 -1.2139434554747173 -0.11076677072172364 -0.51348289495023591 0.51939706668257724 -0.32597976875305179 0.6700895241715692 0.43208205588161946 0.31012064600602174 -0.053465331864832759 1.0071607337892057 -0.081320405135497084 0.86406143518785639 1.4781683883496695 -0.2780169143834535 -0.1085036679543555 -0.053312658279069836 0.32676963978088819 -0.53627075648142231 -0.48132006318672843 0.72383078539913359 -0.17620216547511519 -0.029448584243655207 0.29365980598059566 -0.48993386814127798 0.33661743448726061 -0.14634510502801276 -0.24690407022185951 -0.060105405668499035 0.58874024360076249 -0.088376991710941169 -0.14933129630445205 0.023748115275668193 0.46250656665019368 -0.3732824042439461 -0.25555413803802085 -0.05466602186816151 0.088251157028552824
leaf_weight=35 23 21 21 48 21 20 25 22 32 39 489 20 79 21 21 34 55 42 26 36 23 22 32 40 33 23 29 64 46 61 23 242 97 79 23 35 26 149 39
leaf_count=35 23 21 21 48 21 20 25 22 32 39 489 20 79 21 21 34 55 42 26 36 23 22 32 40 33 23 29 64 46 61 23 242 97 79 23 35 26 149 39
internal_value=-7.92559e-10 -0.00918814 -0.222685 0.00943698 -0.0875136 0.0966977 -0.000452993 0.014802 0.00663869 -0.00121263 -0.00837605 0.218035 -0.0178389 0.0202965 0.00142637 0.392527 -0.0229068 -0.00373874 -0.0727263 -0.22374 -0.138909 0.0168595 0.153413 0.269321 -0.0108567 -0.220977 0.124405 -0.23705 -0.0412652 -0.0283943 0.117555 -0.0225708 0.0377516 0.0061782 0.122684 -0.198753 -0.0758327 -0.0936479 -0.081201
internal_weight=2216 2181 175 2006 154 69 1985 1788 1766 1734 1695 68 1627 960 939 55 884 806 667 115 197 729 123 91 606 78 69 85 552 573 84 506 264 238 102 77 49 174 136
internal_count=2216 2181 175 2006 154 69 1985 1788 1766 1734 1695 68 1627 960 939 55 884 806 667 115 197 729 123 91 606 78 69 85 552 573 84 506 264 238 102 77 49 174 136
is_linear=0
shrinkage=0.05


Tree=117
num_leaves=40
num_cat=0
split_feature=29 21 19 6 4 7 4 11 11 8 14 27 12 30 17 5 3 14 12 3 9 13 4 4 17 3 8 3 29 29 29 0 30 30 20 11 6 15 15
split_gain=4993.65 2609.7 4337.88 1703.86 3214.19 1858.63 6022.52 3583.08 16963.8 2491.73 1866.49 1918.66 1807.37 1560.22 1449.76 1298.12 921.682 871.938 2346.05 779.675 770.431 1930.9 3689.71 1364.05 794.656 815.458 716.251 658.594 587.514 1627.15 561.626 553.353 1156.98 3378.63 1412.6 629.361 598.819 538.912 5206.19
threshold=3.2934920787811284 -1.6710991859436033 -1.5992504954338072 -0.098241925239562974 2.0844084024429326 2.1604351997375493 -0.61117294430732716 1.3433995842933657 1.2277661561965945 1.2336158156394961 0.72902238368988048 -1.1976896524429319 1.7161071300506594 1.158700227737427 0.18467286229133609 1.1148765087127688 -0.037107933312654488 -0.92985954880714405 -0.90136480331420887 -0.16388451308012006 -0.6793454885482787 -0.57643339037895192 0.12957405298948291 -1.0322614908218382 -0.49061308801174158 -0.12116631492972373 -0.52780917286872853 -0.6696127951145171 -0.46601891517639155 -0.41597388684749598 -0.75858324766159047 -0.19822186976671216 -0.10449956357479094 -0.19348433613777158 -0.74948149919509877 -0.84071668982505787 2.3750380277633671 0.18261754512786868 0.2545489519834519
decision_type=2 2 2 2 2 2 2 2 2 2 2 2 2 2 2 2 2 2 2 2 2 2 2 2 2 2 2 2 2 2 2 2 2 2 2 2 2 2 2
left_child=1 30 -3 4 5 7 -7 8 9 10 11 -4 16 17 -12 31 -9 19 -19 -13 -20 22 23 -22 25 -23 -26 -16 -28 -30 -1 35 33 34 -33 -5 -34 -31 -39
right_child=-2 2 3 15 -6 6 -8 12 -10 -11 14 13 -14 -15 27 -17 -18 18 20 -21 21 24 -24 -25 26 -27 28 -29 29 37 -32 32 36 -35 -36 -37 -38 38 -40
leaf_value=-0.56203940624128224 0.71731318508585296 0.69835782701318916 0.41054737341815034 -0.40283367352729499 0.64643160670995714 -0.26815713187679652 0.9588844150304795 -0.32891122985769206 1.260796369391459 0.52428254999897694 -0.48427388280630113 -0.026520604899551183 -0.076141104035907334 0.4165925394405019 0.051146564489983497 -0.3891329520765473 -0.77674069821834568 0.50955136411863833 -0.13993209796538064 -0.22990805922860377 0.36731356003067717 -0.016033943188537299 0.83508894890546803 -0.12507254813726132 0.24756693532069526 -0.29967507398169907 -0.10323408664900716 -0.18022196733214882 0.45075727814719796 -0.047658730927922582 -0.1997555287182331 0.16905389485052891 -0.056616507457536575 0.6095057756900788 -0.2601683437642528 -0.10545078778779636 -0.25983857175578245 0.68577172144733634 -0.01947628582007627
leaf_weight=23 24 22 29 22 20 20 20 27 27 22 30 124 45 22 47 34 20 23 91 76 22 58 20 39 30 45 119 89 21 276 20 36 171 25 41 93 46 29 268
leaf_count=23 24 22 29 22 20 20 20 27 27 22 30 124 45 22 47 34 20 23 91 76 22 58 20 39 30 45 119 89 21 276 20 36 171 25 41 93 46 29 268
internal_value=1.07677e-09 -0.00785379 -0.000136574 -0.00736125 0.0164073 0.0087194 0.345364 0.000298031 0.0187912 -0.00386702 -0.0118364 0.00844171 -0.302628 -0.000791124 -0.169663 -0.0916177 -0.519477 -0.00819035 0.01018 -0.103808 -0.00110249 0.0125259 0.245739 0.0525093 -0.00980303 -0.139955 0.00823954 -0.100264 -0.00183033 0.0184846 -0.393535 -0.0683101 -0.0344116 0.104477 -0.059493 -0.162341 -0.0996958 0.0026421 0.0493863
internal_weight=2216 2192 2149 2127 1659 1639 40 1599 1507 1480 1458 1292 92 1263 166 468 47 1241 1041 200 1018 927 81 61 846 103 743 136 713 594 43 434 319 102 77 115 217 573 297
internal_count=2216 2192 2149 2127 1659 1639 40 1599 1507 1480 1458 1292 92 1263 166 468 47 1241 1041 200 1018 927 81 61 846 103 743 136 713 594 43 434 319 102 77 115 217 573 297
is_linear=0
shrinkage=0.05


Tree=118
num_leaves=40
num_cat=0
split_feature=15 20 11 12 5 33 4 30 15 17 8 10 3 3 13 28 4 27 33 29 6 14 13 17 29 30 29 11 20 20 22 20 0 21 18 3 18 3 27
split_gain=4568.12 4858.16 2129.78 5082.38 11228.3 1664.83 3269.15 1927.77 1429.58 7334.43 1278.29 4139.2 1284.93 1164.78 1134.75 1823.01 1811.31 1260.08 1176.24 1127.09 989.389 857.335 813.06 777.751 744.17 743.018 740.751 728.236 669.846 3576.59 826.202 1278.04 2501.87 626.728 592.216 1005.61 567.062 550.78 739.038
threshold=-1.584319472312927 -1.6137911677360532 -1.2946693301200864 -1.2313437461853025 -0.36552448570728296 -0.047459915280342095 2.1053092479705815 1.0098809599876406 2.1951055526733403 1.8931055068969729 1.1994026899337771 1.2484056949615481 0.080022599548101439 2.6286451816558842 0.26049153506755834 -1.2250468134880064 1.8163871169090273 -0.65585789084434498 -0.047462873160839074 0.7793947458267213 1.19159471988678 0.92901721596717846 0.20815832167863849 0.393465206027031 -0.33019988238811487 0.19448923319578174 0.98427468538284313 1.6160847544670107 0.13133033365011218 0.042302111163735397 0.066196504980325713 -0.10971026122570036 0.033946326933801181 -0.045233156532049172 0.39123238623142248 -0.2038466930389404 0.22561186552047732 0.010433283634483816 0.2002484127879143
decision_type=2 2 2 2 2 2 2 2 2 2 2 2 2 2 2 2 2 2 2 2 2 2 2 2 2 2 2 2 2 2 2 2 2 2 2 2 2 2 2
left_child=-1 -2 19 4 -4 6 7 8 9 10 11 14 23 36 15 -5 18 21 20 -3 22 -16 26 -12 -14 -10 28 -25 29 30 31 37 33 -33 -30 -36 -7 -17 -39
right_child=1 2 3 5 -6 13 -8 -9 25 -11 12 -13 24 -15 17 16 -18 -19 -20 -21 -22 -23 -24 27 -26 -27 -28 -29 34 -31 -32 32 -34 -35 35 -37 -38 38 -40
leaf_value=0.53635295430819196 -0.62113497164100417 -0.12719433301867084 1.3450409304011952 0.3946726178750396 -0.20375819158554079 -0.12567891050734231 0.6035805468973906 0.37112434932163785 -0.44861209487112669 0.72081084787845617 0.20378367934714664 0.71752306524664167 -0.60921391069889075 -0.49672245141118765 -0.14554000114833746 0.018308976313150298 0.39386304830511415 -0.030553143240494747 0.28820687646374987 -0.61509755924344067 -0.28008546520334981 -0.49313942889372514 0.22196015279071457 -0.30403371142489571 -0.1778876042366028 -0.080512453268828069 -0.23346418949464956 -0.0041239784564822916 -0.17475374296874457 0.63552150518997852 -0.27548511452399771 -0.16010565920732917 0.68632418461143974 0.20514319279919502 -0.11275959116933139 0.21322972335749202 0.14283906688744372 -0.035405185419294209 -0.30490973691145579
leaf_weight=39 32 29 22 32 25 185 23 35 26 35 22 20 20 20 68 365 30 391 34 20 33 24 39 35 20 29 36 48 92 23 26 24 20 23 69 36 22 111 33
leaf_count=39 32 29 22 32 25 185 23 35 26 35 22 20 20 20 68 365 30 391 34 20 33 24 39 35 20 29 36 48 92 23 26 24 20 23 69 36 22 111 33
internal_value=7.41785e-10 -0.00960853 -0.000485522 0.00713222 0.521212 -0.00465974 0.0112485 0.00367562 -0.00361503 0.00445983 -0.0105176 0.00293747 -0.152399 -0.132346 -0.00653351 0.0232157 0.0112573 -0.0697274 -0.000649518 -0.326339 -0.0112099 -0.236218 -0.00131811 -0.0605323 -0.393551 -0.254523 -0.0114671 -0.130592 -0.00174463 0.0235958 0.000216624 0.0126615 0.217944 0.0186331 -0.0821395 -0.000991826 -0.0971408 -0.01436 -0.0971666
internal_weight=2216 2177 2145 2096 47 2049 1822 1799 1764 1709 1674 1529 145 227 1509 1026 994 483 964 49 930 92 897 105 40 55 858 83 822 625 602 576 67 47 197 105 207 509 144
internal_count=2216 2177 2145 2096 47 2049 1822 1799 1764 1709 1674 1529 145 227 1509 1026 994 483 964 49 930 92 897 105 40 55 858 83 822 625 602 576 67 47 197 105 207 509 144
is_linear=0
shrinkage=0.05


Tree=119
num_leaves=40
num_cat=0
split_feature=29 21 22 16 18 30 6 5 29 28 33 31 8 9 11 27 7 21 33 4 29 28 30 28 28 29 4 9 8 30 29 30 4 8 10 15 29 29 12
split_gain=4479.95 2586.94 4952.94 2200.21 4654.15 2944.49 1462.81 2532.86 1278.22 12479.4 3504.94 5271.96 1355.87 5323.95 1928.8 1063.68 1039.93 1010.06 1105.52 932.106 920.884 875.347 704.79 963.493 616.809 586.17 808.13 649.944 1258.57 1265.26 586.306 984.365 509.756 503.193 1287.33 837.134 492.736 1116.43 509.844
threshold=3.2934920787811284 -1.6905580163002012 -1.6769025325775144 -1.043636620044708 -1.0568026304244993 1.0098809599876406 2.9755042791366582 3.179359078407288 -0.44785918295383448 1.4740961194038393 -0.047474030405282967 1.0250321030616762 1.3023713231086733 1.2217946052551272 1.6160847544670107 -0.98058652877807606 1.0434747934341433 1.1611820459365847 -0.047481503337621682 -0.76424017548561085 -0.49694004654884333 -0.88334164023399342 0.50587067008018505 1.5391963720321657 -1.0124403834342954 1.1304740905761721 2.1176037788391118 -0.6793454885482787 -0.60875913500785817 0.15367031842470172 -0.36237570643424982 0.11983910948038103 0.58816099166870128 -1.1999563574790952 -1.1261851787567136 -1.4089726209640501 0.45624069869518286 0.37714722752571112 -0.28987129032611841
decision_type=2 2 2 2 2 2 2 2 2 2 2 2 2 2 2 2 2 2 2 2 2 2 2 2 2 2 2 2 2 2 2 2 2 2 2 2 2 2 2
left_child=1 -1 -3 15 -5 6 7 8 9 10 17 -12 13 16 -14 19 24 18 20 -4 -6 33 23 -16 -10 26 27 -26 29 -29 31 -30 -21 35 -35 -17 37 -32 -38
right_child=-2 2 3 4 5 -7 -8 -9 12 -11 11 -13 14 -15 22 21 -18 -19 -20 32 -22 -23 -24 -25 25 -27 -28 28 30 -31 36 -33 -34 34 -36 -37 38 -39 -40
leaf_value=-0.51315027356147769 0.67941708651681743 0.6713675734621507 -0.56054526015438821 0.74944884010723667 -0.024566898106154311 0.48406018052370325 -0.27972929140669295 0.55950220227241521 -0.27870016243647444 1.294252649396658 0.82359878623793881 -0.12979441871545438 -0.50697319355026327 0.75966581350023099 0.0070941799999894323 0.046383139965209097 -0.26084330191214877 -0.41142959066412665 -0.20724976737354256 -0.11014897029508244 0.33872448917300929 -0.3189996968055594 0.19162242678659303 -0.4169370123318264 -0.096938079653961229 0.24417662105777047 -0.33144545421004296 0.41862118857247488 -0.3005771114642537 -0.07991058856248856 0.0062447590274542211 0.053808604925870897 -0.39492523250254719 0.41191017977893357 -0.048524750213301375 -0.32183688298381607 -0.31515039560340702 0.33358252092644025 -0.043669475284310026
leaf_weight=25 24 27 22 21 103 31 48 20 22 20 29 29 34 22 37 33 45 22 74 55 21 29 21 21 186 22 20 35 43 20 739 36 22 20 63 29 21 27 98
leaf_count=25 24 27 22 21 103 31 48 20 22 20 29 29 34 22 37 33 45 22 74 55 21 29 21 21 186 22 20 35 43 20 739 36 22 20 63 29 21 27 98
internal_value=3.5233e-10 -0.00743887 -0.00160464 -0.0100954 0.00929129 0.000871297 -0.00738152 1.6726e-05 -0.00638837 0.0879204 0.00113387 0.346902 -0.0257838 -0.0117175 -0.19209 -0.142678 -0.0246326 -0.0900232 -0.0543114 -0.273521 0.0369583 -0.0682326 -0.0565712 -0.146434 -0.0162563 -0.0116262 -0.0162202 -0.0109882 0.00470036 0.237337 -0.00857248 -0.139085 -0.191514 -0.0180792 0.0624234 -0.125849 0.00307778 0.0177828 -0.0915779
internal_weight=2216 2192 2167 2140 1867 1846 1815 1767 1747 298 278 58 1449 1336 113 273 1314 220 198 99 124 174 79 58 1269 1247 1225 1205 1019 55 964 79 77 145 83 62 885 766 119
internal_count=2216 2192 2167 2140 1867 1846 1815 1767 1747 298 278 58 1449 1336 113 273 1314 220 198 99 124 174 79 58 1269 1247 1225 1205 1019 55 964 79 77 145 83 62 885 766 119
is_linear=0
shrinkage=0.05


Tree=120
num_leaves=40
num_cat=0
split_feature=30 29 22 30 29 3 26 14 11 23 26 29 4 3 27 24 10 15 12 25 13 4 6 6 3 29 29 4 8 29 14 31 26 29 29 2 30 3 15
split_gain=4425.85 2394.24 3535.72 2757.06 1616.17 1555.43 1443.22 8755.67 2397.31 7161.38 2168.71 6926.37 2299.41 2136.56 975.864 1290.44 1135.03 824.534 929.212 5757.75 2471.13 2043.31 898.878 2044.47 715.359 706.884 1988.07 618.352 559.466 539.423 509.279 542.679 816.68 551.23 577.103 480.198 458.798 1555.56 565.114
threshold=-2.4608415365219112 0.86485663056373607 -1.6769025325775144 1.0098809599876406 -0.9346151053905486 -0.82119348645210255 1.6671715974807741 1.4663060307502749 1.0874515175819399 1.0408725142478945 0.9546494483947755 0.094810806214809432 2.1176037788391118 0.080022599548101439 -0.13236420601606366 -0.85445481538772572 -0.97927141189575184 1.8629074692726137 -0.6477123200893401 -0.8819722831249236 -0.57643339037895192 -0.22942698001861569 2.9755042791366582 1.911571264266968 -0.4353517591953277 -0.46601891517639155 -0.4286902099847793 -0.42982824146747584 2.0366030931472783 -0.52772429585456837 -0.75197574496269215 0.1950713321566582 -0.79845064878463734 0.66201218962669384 0.260652706027031 1.1408391594886782 -0.30713127553462977 0.023524343967437748 1.1937422156333926
decision_type=2 2 2 2 2 2 2 2 2 2 2 2 2 2 2 2 2 2 2 2 2 2 2 2 2 2 2 2 2 2 2 2 2 2 2 2 2 2 2
left_child=-1 2 -2 4 -4 -3 7 8 9 10 12 -12 17 27 15 -7 -16 18 30 -20 21 -21 23 25 28 29 -27 -10 -8 -22 31 32 33 34 -6 -33 37 -28 -38
right_child=1 5 3 -5 6 14 24 -9 13 -11 11 -13 -14 -15 16 -17 -18 -19 19 20 22 -23 -24 -25 -26 26 36 -29 -30 -31 -32 35 -34 -35 -36 -37 38 -39 -40
leaf_value=0.64851310619941127 0.59709555280208593 0.063787005497859081 -0.25802539289182436 0.44526051885503182 -0.014067436001081577 -0.23781964963880081 -0.28924143932759766 0.81694202554045303 -0.18587422507982224 0.94970306932926185 1.0397562934458255 -0.17853013575077059 -0.46111610946910719 -0.53769916645006133 -0.37809961429900596 -0.73932720604150193 0.089445209950208659 -0.31525010560594857 0.86415105208754539 0.06699869531394842 -0.054604110029364418 0.73011469911961324 -0.30962326613565289 0.4882527342864445 -0.33013694135679139 0.50033118963241585 -0.048900370706211442 0.13669298595438403 0.029696031388911331 -0.26843467293641504 -0.18613195859525405 -0.23844690662291318 0.28866217475045813 0.22105185240507128 -0.22468711468391123 0.0084479064725699934 -0.025600641399238407 0.46602978454056115 0.14489986784756184
leaf_weight=26 25 39 63 34 174 29 20 33 39 20 20 28 28 38 27 23 25 21 20 26 121 21 24 21 45 20 44 24 44 39 71 54 22 20 40 31 743 22 52
leaf_count=26 25 39 63 34 174 29 20 33 39 20 20 28 28 38 27 23 25 21 20 26 121 21 24 21 45 20 44 24 44 39 71 54 22 20 40 31 743 22 52
internal_value=-1.41595e-10 -0.00769924 0.00611862 -0.00118821 -0.00882365 -0.205498 -0.000667962 0.00993862 -0.0049975 0.00920956 -0.00210805 0.329089 -0.0119578 -0.241594 -0.306479 -0.45964 -0.153318 -0.00402813 0.000148015 0.0231786 0.0083335 0.363285 -0.0070281 -0.000189796 -0.17738 -0.0100431 0.00751553 -0.0629915 -0.0699719 -0.106725 -0.064304 -0.038938 -0.00259224 -0.0299751 -0.0534356 -0.148403 -0.00393199 0.122743 -0.0144484
internal_weight=2216 2190 2047 2022 1988 143 1925 1816 1783 1682 1662 48 1614 101 104 52 52 1586 1565 1153 1133 47 1086 1062 109 1041 881 63 64 160 412 341 256 234 214 85 861 66 795
internal_count=2216 2190 2047 2022 1988 143 1925 1816 1783 1682 1662 48 1614 101 104 52 52 1586 1565 1153 1133 47 1086 1062 109 1041 881 63 64 160 412 341 256 234 214 85 861 66 795
is_linear=0
shrinkage=0.05


Tree=121
num_leaves=40
num_cat=0
split_feature=12 25 30 3 31 27 5 30 15 24 23 23 30 5 30 18 30 27 29 27 27 5 30 18 30 4 29 24 8 16 10 6 33 0 4 31 15 16 7
split_gain=4571.44 15981.9 4114.19 2424.14 26494.2 39424.7 7397.92 7068.53 5978.96 3366.38 3005.58 8289.01 2274.68 1990.16 1366.68 1136.13 1241.77 1015.23 1721.93 3948.83 1388.3 966.31 804.593 816.153 718.946 696.4 668.938 626.05 2151.44 635.06 604.875 543.886 546.313 742.675 871.776 526.906 510.381 2172.51 771.934
threshold=-1.3944663405418394 -1.6300981044769285 -2.4608415365219112 -0.32855626940727228 -0.57379686832427967 -0.4262572824954986 -0.40264368057250971 1.0098809599876406 1.8629074692726137 1.5304850935935976 0.89250150322914135 0.82500630617141735 1.0098809599876406 3.0898362398147587 -0.88363802433013905 1.757795035839081 -0.34459145367145533 -0.020698061212897297 -0.41411091387271876 0.29725579917430883 0.028739431872963909 -0.36770796775817866 -0.55049610137939442 0.94052267074584972 0.40120925009250646 1.6952857375144961 -0.32574141025543207 0.12610423564910891 0.080681573599576964 1.0740585923194887 0.39604017138481146 0.72375559806823742 -0.047467352822422974 -0.88292127847671498 -0.81833621859550465 -0.85590088367462147 -0.54919627308845509 -0.51580002903938282 -0.36946609616279596
decision_type=2 2 2 2 2 2 2 2 2 2 2 2 2 2 2 2 2 2 2 2 2 2 2 2 2 2 2 2 2 2 2 2 2 2 2 2 2 2 2
left_child=2 -2 -1 12 5 -5 -7 8 9 10 11 13 15 14 -6 16 21 25 19 -19 -20 -3 -16 36 26 -18 -12 31 -29 -30 -25 32 33 34 -22 -17 -24 -38 -39
right_child=1 3 -4 4 7 6 -8 -9 -10 -11 24 -13 -14 -15 22 35 17 18 20 -21 27 -23 23 30 -26 -27 -28 28 29 -31 -32 -33 -34 -35 -36 -37 37 38 -40
leaf_value=-0.97249648029154001 1.2952414767816665 -0.1151747237858565 -0.12122731100535021 2.8777007878944278 -0.36730466120772892 0.92643602371215827 -0.36373151421546934 -0.86044582819255688 0.62281412478340303 0.53163104358094715 -0.58394257775668446 0.97502818363053467 -0.52391300392150875 -0.5121404636473883 0.23248157808009318 -0.048585321727607933 -0.045648590063857637 0.86634038805961611 0.40441460098539084 -0.019073703600203291 -0.049216062439760816 -0.49173215888440613 -0.106615481386509 0.38951485440135003 -0.070816923855316072 -0.29896631831752846 -0.25238879199605435 0.54226649062974119 -0.13204604347921767 0.12825548696730818 0.036825646748465883 -0.27193765651721219 0.1684638830025991 -0.16586395172822863 0.27237760708839803 -0.35787248924374582 0.49168298805043814 0.11215893579408145 -0.062391884539840126
leaf_weight=22 24 115 40 20 27 20 25 24 38 27 29 21 25 21 34 21 421 20 21 34 96 20 170 20 21 29 32 21 53 42 31 26 30 93 27 40 21 78 337
leaf_count=22 24 115 40 20 27 20 25 24 38 27 29 21 25 21 34 21 421 20 21 34 96 20 170 20 21 29 32 21 53 42 31 26 30 93 27 40 21 78 337
internal_value=1.33667e-09 0.0121839 -0.423291 -0.00227313 0.0546431 1.03061 0.209676 -0.0134962 0.00891485 -0.01793 -0.0355525 -0.00452273 -0.052263 -0.0323584 -0.0183258 -0.0416307 -0.0294211 -0.00849238 0.0434871 0.308857 0.00845046 -0.170961 -0.00468986 -0.0169636 -0.323146 -0.0619735 -0.410013 -0.0129806 0.0842749 -0.0169654 0.175135 -0.0544572 -0.0314715 -0.0592403 0.0213777 -0.251397 -0.0331303 -0.00447781 -0.0295847
internal_weight=2216 2154 62 2130 996 65 45 931 907 869 842 760 1134 739 718 1109 1048 913 463 54 409 135 691 657 82 450 61 388 116 95 51 272 246 216 123 61 606 436 415
internal_count=2216 2154 62 2130 996 65 45 931 907 869 842 760 1134 739 718 1109 1048 913 463 54 409 135 691 657 82 450 61 388 116 95 51 272 246 216 123 61 606 436 415
is_linear=0
shrinkage=0.05


Tree=122
num_leaves=40
num_cat=0
split_feature=30 6 18 11 27 28 22 21 4 28 33 8 30 26 33 33 30 3 28 0 33 30 9 14 33 30 30 3 29 27 15 3 24 30 24 0 28 7 23
split_gain=4506.18 2326.2 4132.76 1957.92 1566.33 12730.4 3596.04 17379.4 3525.95 14011.7 2303.18 1789.24 1722.28 1698.89 2104.71 28239.2 1882.24 1246.43 1246.24 1125.32 1642.72 1044.51 1068.85 957.509 1172.95 904.581 1714.15 867.696 848.738 1276.31 4370.05 781.209 905.782 740.764 729.673 715.541 673.624 628.446 896.92
threshold=-2.4608415365219112 4.711318016052247 -1.5910865664482114 -1.2946693301200864 0.25011114776134497 1.6180556416511538 0.58130306005477916 0.53240445256233226 1.8876955509185793 -0.15652740746736524 -0.04742735251784324 0.96793350577354442 0.74469712376594555 0.67441296577453624 -0.04748337343335151 -0.047484152019023888 0.6492697298526765 0.64087116718292247 -0.96137806773185719 -0.72390931844711293 -0.047485232353210442 1.0098809599876406 -1.105413496494293 0.094832137227058425 -0.047488352283835404 -0.1422249302268028 -0.10449956357479094 0.92474040389060985 0.16402238607406619 -0.099173549562692628 -0.23811689764261243 0.57817187905311596 0.1912660747766495 -0.011622950900346039 -1.1592360138893125 -0.16065999120473859 0.60304149985313427 0.94995784759521495 1.6492710113525393
decision_type=2 2 2 2 2 2 2 2 2 2 2 2 2 2 2 2 2 2 2 2 2 2 2 2 2 2 2 2 2 2 2 2 2 2 2 2 2 2 2
left_child=-1 2 3 -2 5 6 7 8 10 -10 13 21 27 14 15 18 25 35 -4 23 -21 22 34 24 33 -16 -27 37 29 31 -31 -28 -33 -20 -6 -15 -29 -8 -39
right_child=1 -3 4 -5 11 -7 12 -9 9 -11 -12 -13 -14 17 16 -17 -18 -19 19 20 -22 -23 -24 -25 -26 26 28 36 -30 30 -32 32 -34 -35 -36 -37 -38 38 -40
leaf_value=0.65437177190413842 -0.21222725411256158 0.52899886608123781 -0.23853226301188651 -0.83917851269245147 -0.10515238932333887 1.1482616788758897 0.034258122344811757 1.4121299888452759 -0.31540457716641518 1.4449203993380071 0.45726787123691159 -0.39362561224322573 -0.58182309440204072 -0.17802183396286436 -0.12361432422129881 1.8441723292524164 -0.3844221517002504 -0.47608591903900283 0.44651220157418559 0.57913048274460299 -0.046267533586138776 -0.36596435184280079 -0.011377761653267931 -0.19018930462434103 -0.08270169432190333 0.47358947530388829 -0.11618451742441252 -0.50341279437257491 -0.12934682975670225 0.69465054628150225 -0.12035330151893985 -0.045369297959083732 0.31621942552256177 0.072003340817266892 -0.46911733008566359 0.16525217086076738 -0.14622888458949146 -0.2451510695280967 0.02849471535609693
leaf_weight=26 33 20 52 20 40 25 90 23 26 20 27 38 21 63 147 22 38 29 23 21 21 24 638 57 66 20 99 22 95 29 38 43 29 31 21 20 33 77 49
leaf_count=26 33 20 52 20 40 25 90 23 26 20 27 38 21 63 147 22 38 29 23 21 21 24 638 57 66 20 99 22 95 29 38 43 29 31 21 20 33 77 49
internal_value=7.04089e-10 -0.0077688 -0.012716 -0.448813 -0.0017981 0.030421 0.00942477 0.0529937 0.0222259 0.449954 0.00194183 -0.0592083 -0.145603 -0.0110951 0.0135429 0.121369 -0.04518 -0.1939 -0.0184899 0.0337576 0.266431 -0.0416317 -0.0304958 -0.0214532 0.0586964 -0.0193976 0.0240014 -0.1118 -0.00300088 0.0474313 0.23241 -0.0250455 0.100271 0.231516 -0.230452 -0.0953052 -0.289102 -0.0666535 -0.138733
internal_weight=2216 2190 2170 53 2117 1356 1331 1039 1016 46 970 761 292 943 831 293 538 112 271 219 42 723 699 177 120 500 353 271 333 238 67 171 72 54 61 83 55 216 126
internal_count=2216 2190 2170 53 2117 1356 1331 1039 1016 46 970 761 292 943 831 293 538 112 271 219 42 723 699 177 120 500 353 271 333 238 67 171 72 54 61 83 55 216 126
is_linear=0
shrinkage=0.05


Tree=123
num_leaves=40
num_cat=0
split_feature=28 9 16 11 7 27 20 27 31 30 30 30 30 3 6 0 23 17 33 21 28 6 21 8 28 27 14 14 12 18 12 29 33 33 15 14 4 30 27
split_gain=4495.34 12315.2 5540.96 1959.46 8803.29 2970.97 19125.5 5860.85 3608.98 3485.28 2360.8 2316.66 3078.62 7304.95 2368.85 1758.55 1608.31 1467.38 1129.88 1021.03 970.49 874.596 856.698 762.426 593.057 790.613 573.355 397.692 1126.8 752.112 469.344 448.586 594.569 1054.83 2246.94 734.133 649.64 554.261 535.282
threshold=-1.5452485680580137 -0.67128363251686085 -1.5581622719764707 1.6160847544670107 1.6315463185310366 -0.58386245369911183 0.39998349547386175 -0.61005219817161549 1.1102023720741274 1.0098809599876406 -1.0270565152168272 0.60025855898857128 0.25510999560356146 -0.31822121143341059 1.2630094289779665 2.798500776290894 -1.369966387748718 1.7914411425590517 -0.047483431175351136 -1.6905580163002012 -1.1700122356414793 2.872025847434998 -1.3289256095886228 0.77378767728805553 1.6180556416511538 -0.61005219817161549 1.3842077255249026 -0.9569198191165923 -0.92192900180816639 -1.4034081101417539 -1.2084381580352781 -0.85986977815628041 -0.047471197322010987 -0.047474030405282967 -0.19662933796644208 0.04401648789644242 -1.0347204208374021 0.27116943895816809 0.3867646604776383
decision_type=2 2 2 2 2 2 2 2 2 2 2 2 2 2 2 2 2 2 2 2 2 2 2 2 2 2 2 2 2 2 2 2 2 2 2 2 2 2 2
left_child=1 -1 16 4 5 6 7 8 11 10 -7 12 14 -14 20 17 19 21 24 -2 22 26 -4 -19 25 -5 27 29 -29 -12 -31 -30 33 36 -35 -36 37 -33 -34
right_child=2 -3 3 18 -6 9 -8 -9 -10 -11 15 -13 13 -15 -16 -17 -18 23 -20 -21 -22 -23 -24 -25 -26 -27 -28 28 31 30 -32 32 38 34 35 -37 -38 -39 -40
leaf_value=1.4194232761859895 -0.50064044122894602 -0.24518535101413727 -0.099062358509553111 -0.16687223146791044 0.94779504716396346 0.49958783530376172 1.2799060699614613 0.82798768927653643 -0.62399302305032811 -0.5056962944365837 0.17923304927349093 -0.49237901951585505 -0.016528802764851871 1.1490366869419812 0.48039161547087139 -0.42977083084674983 -0.7967100145376248 -0.046684317635372286 -0.53008072801998685 -0.016918708607554438 -0.011916636698879303 0.28138841773168399 -0.47153589198222523 -0.44796938032939515 -0.34267917560494465 0.19755943126299166 -0.27705875530838969 0.34205994124058636 0.22513716307779155 -0.29392696450153988 -0.074523563124239453 -0.17261906412479125 -0.14569659384080408 0.5657510884679281 -0.20692022802929083 0.18416086013118427 0.014026809519079204 0.035836125586259489 0.0015249162655452202
leaf_weight=20 24 25 38 46 25 22 33 21 24 37 25 21 41 20 20 26 23 20 21 20 128 26 26 29 23 22 20 24 21 30 130 95 132 26 24 24 720 48 116
leaf_count=20 24 25 38 46 25 22 33 21 24 37 25 21 41 20 20 26 23 20 21 20 128 26 26 29 23 22 20 24 21 30 130 95 132 26 24 24 720 48 116
internal_value=-2.22912e-10 0.494641 -0.0102528 0.00400154 0.015443 0.00359303 0.130834 0.018977 -0.0344482 -0.0260831 -0.0146931 0.0136779 0.0526053 0.365624 -0.0374613 -0.0220591 -0.457882 -0.0150389 -0.199492 -0.280767 -0.0914043 -0.00601228 -0.25038 -0.28418 -0.123203 -0.0489679 -0.0112195 -0.00746209 0.00281804 -0.0758111 -0.115662 -0.00393304 -0.00799252 0.0102283 0.191396 -0.0113797 -0.00530634 -0.102648 -0.0768349
internal_weight=2216 45 2171 2104 1992 1967 372 339 318 1595 1558 294 273 61 212 1536 67 1510 112 44 192 1461 64 49 91 68 1435 1415 1230 185 160 1206 1185 937 74 48 863 143 248
internal_count=2216 45 2171 2104 1992 1967 372 339 318 1595 1558 294 273 61 212 1536 67 1510 112 44 192 1461 64 49 91 68 1435 1415 1230 185 160 1206 1185 937 74 48 863 143 248
is_linear=0
shrinkage=0.05


Tree=124
num_leaves=40
num_cat=0
split_feature=15 20 11 12 5 5 33 30 15 7 30 26 4 30 5 7 13 30 30 5 5 11 8 12 8 16 17 15 20 27 27 7 30 29 6 8 6 24 0
split_gain=4372.27 5037.69 1817.51 4741.48 10156.4 1547.27 6510.6 23657.6 13668.1 6791.36 5461.94 7702.03 2086.07 1825.13 1265.35 1204.57 2056.89 1138.4 956.554 903.71 1052.18 861.09 902.491 3507.72 1145.96 1959.49 1033.95 746.135 1063.47 590.824 1231.73 1584.7 1493.53 1286.66 1910.79 936.915 801.196 714.336 532.072
threshold=-1.584319472312927 -1.6137911677360532 -1.2946693301200864 -1.2313437461853025 -0.36552448570728296 -0.35460707545280451 -0.047481184825301163 0.73168373107910167 1.8629074692726137 -0.57883545756340016 0.68561020493507396 0.9546494483947755 1.8876955509185793 1.0098809599876406 -0.092589199542999254 1.6315463185310366 1.7659478187561037 -0.5347447097301482 1.0098809599876406 0.082089379429817214 0.88779434561729442 0.39466437697410589 -0.31464405357837671 -0.35531365871429438 -0.0079607171937823278 0.02155470754951239 0.4551082998514176 0.85686403512954723 0.34888623654842382 -0.18530245870351789 1.0000000180025095e-35 -0.35332137346267695 -0.40183690190315241 -0.51274108886718739 -0.19443313032388684 0.33830393850803381 1.5763595104217532 1.3465879559516909 -0.62732163071632374
decision_type=2 2 2 2 2 2 2 2 2 2 2 2 2 2 2 2 2 2 2 2 2 2 2 2 2 2 2 2 2 2 2 2 2 2 2 2 2 2 2
left_child=-1 -2 17 4 -4 13 7 8 9 -7 11 12 21 15 -11 29 -17 -3 -12 -16 -21 22 -8 -24 -25 -26 -27 28 -23 36 31 -31 -32 34 -34 -33 37 -5 -18
right_child=1 2 3 5 -6 6 10 -9 -10 14 18 -13 -14 -15 19 16 38 -19 -20 20 -22 27 23 24 25 26 -28 -29 -30 30 32 35 33 -35 -36 -37 -38 -39 -40
leaf_value=0.52472956832020712 -0.63212375692091882 -0.59133255127817397 1.2869857474314896 -0.029658969477941728 -0.18603140294551851 0.87342225380241878 -0.072164141605154872 1.7837283473299899 1.3273142499583108 -0.23801756669783447 -0.36781747561125533 0.71238707831395531 -0.53073279938914564 -0.5147542822360992 0.25632971725587189 -0.62067834631256436 0.11993423191209635 -0.10098765174183866 -0.85097854256629946 -0.18342206761485241 0.17824678887923562 -0.34652357969999964 0.68517892655162582 -0.14178745222652886 0.47697398935755092 -0.19478251908562685 0.22996306497117747 -0.45198063135147093 0.10874831668775659 0.47187161184847359 -0.2698676731613166 -0.20095315957069398 -0.027169133037328722 -0.014906901622448633 0.62851883408613507 0.21673093535776797 -0.31115755371509063 -0.31126638340453305 -0.20089360459574632
leaf_weight=39 32 20 22 365 25 20 226 23 21 86 21 35 22 20 29 23 24 29 20 61 30 23 21 77 27 38 23 20 29 31 53 25 25 499 20 29 31 24 28
leaf_count=39 32 20 22 365 25 20 226 23 21 86 21 35 22 20 29 23 24 29 20 61 30 23 21 77 27 38 23 20 29 31 53 25 25 499 20 29 31 24 28
internal_value=-6.16402e-10 -0.0094003 -0.000110254 0.00692691 0.503466 -0.00446271 0.0470375 0.249965 0.107145 -0.00623383 -0.047104 -0.00493676 -0.054554 -0.0411195 -0.0916373 -0.0330714 -0.226963 -0.301128 -0.603506 0.0132685 -0.0641906 -0.0329095 -0.00502976 0.0765421 -0.000920735 0.122338 -0.0346325 -0.192444 -0.0926219 -0.0198755 0.00885485 0.186934 -0.0164998 0.00818493 0.264248 0.0233587 -0.0665281 -0.0470332 -0.0528192
internal_weight=2216 2177 2145 2096 47 2049 852 270 247 226 582 541 506 1197 206 1177 75 49 41 120 91 484 412 186 165 88 61 72 52 1102 682 85 597 544 45 54 420 389 52
internal_count=2216 2177 2145 2096 47 2049 852 270 247 226 582 541 506 1197 206 1177 75 49 41 120 91 484 412 186 165 88 61 72 52 1102 682 85 597 544 45 54 420 389 52
is_linear=0
shrinkage=0.05


Tree=125
num_leaves=40
num_cat=0
split_feature=10 19 21 18 29 30 18 33 13 14 13 13 30 5 3 27 15 30 3 16 6 6 27 17 12 8 29 30 30 29 0 4 4 5 5 7 10 27 33
split_gain=4245.29 16407.8 2483.01 27397.3 4711.37 2818.37 1448.28 2037.88 1398.28 12022.4 2286.86 11277.1 15773.7 1666.01 1497.1 1071.07 1034.09 912.2 837.355 790.131 680.548 1815.82 483.138 772.233 618.739 471.546 427.785 475.697 642.147 599.821 873.644 420.961 460.076 411.331 2377.57 456.431 361.927 351.691 343.51
threshold=-1.4419063925743101 -1.633947432041168 -1.056096017360687 -1.0568026304244993 2.3943476676940922 1.0098809599876406 -1.5910865664482114 -0.047405436635017388 1.5881919264793398 1.4663060307502749 0.97933045029640209 0.89478415250778209 0.14126014709472659 -0.086038753390312181 2.6286451816558842 -1.1536921858787534 1.8295560479164126 0.65969780087471019 -0.4353517591953277 0.84721967577934276 2.9755042791366582 2.2832190990448002 -0.8057689070701598 -1.3745294809341428 -1.2084381580352781 2.0366030931472783 1.1304740905761721 -0.31357385218143458 -0.28542430698871607 -0.32574141025543207 0.1054927632212639 -0.85276097059249867 0.55250677466392528 0.82119813561439525 1.1476287245750429 0.49783511459827429 0.97683763504028331 0.35458844900131231 -0.047487730160355561
decision_type=2 2 2 2 2 2 2 2 2 2 2 2 2 2 2 2 2 2 2 2 2 2 2 2 2 2 2 2 2 2 2 2 2 2 2 2 2 2 2
left_child=-1 -2 4 -4 6 8 -3 17 9 10 11 14 -13 36 15 -5 20 22 25 -15 21 26 31 -24 -25 -10 27 29 -29 -17 -31 -8 -33 -30 -35 37 -12 -36 -38
right_child=1 2 3 5 -6 -7 7 -9 18 -11 13 12 -14 19 -16 16 -18 -19 -20 -21 -22 -23 23 24 -26 -27 -28 28 33 30 -32 32 -34 34 35 -37 38 -39 -40
leaf_value=-0.58100979616565096 1.4337949703633788 -0.47498400942845787 1.8569664618372919 -0.3788560199737549 -0.88085649937391297 0.46157717611640692 -0.35781473758674803 0.34232156775121036 -0.23673752466073406 1.1109268438381454 0.10981470974162222 -0.13575438464229758 1.7800447905347463 -0.67049312179996856 -0.44061783495403478 -0.23657722407579423 -0.36748812861740587 -0.41687811017036441 -0.33905953965149821 -0.27327342629432677 -0.22322337781744347 0.46143131994065789 0.24015717518329624 -0.30463125231591137 -0.0026137354909568223 0.031839056245305322 0.20678230860958929 0.24531541535487544 -0.016675322294742372 -0.13282814866321191 0.18975295990239829 0.0076384303797232475 -0.27967580800706687 0.55179656405340549 -0.13166290555269486 0.19697016048289481 -0.24494180863394455 0.066584030794245852 -0.021794795904840743
leaf_weight=31 20 22 20 20 20 32 21 29 26 24 20 22 21 21 21 50 20 21 48 31 35 21 25 22 74 44 23 26 1044 61 32 38 22 22 62 21 34 35 35
leaf_count=31 20 22 20 20 20 32 21 29 26 24 20 22 21 21 21 50 20 21 48 31 35 21 25 22 74 44 23 26 1044 61 32 38 22 22 62 21 34 35 35
internal_value=4.54739e-10 0.00824316 -0.00492591 0.0163 -0.140007 -0.0035883 -0.0859301 -0.0519651 -0.0117715 -0.000225334 -0.0161273 0.00156305 0.799868 -0.20884 -0.021429 -0.0154487 -0.0104431 -0.10324 -0.178213 -0.433689 -0.00545646 -5.93917e-07 -0.0706341 -0.00736673 -0.0718261 -0.067918 -0.0070428 -0.0106777 -0.000485617 -0.0969181 -0.0218325 -0.165145 -0.0977101 -0.00588328 0.0745946 -0.0143753 -0.0774668 -0.0601305 -0.131751
internal_weight=2216 2185 2165 1871 294 1851 274 252 1819 1701 1677 1536 43 141 1493 1472 1452 223 118 52 1432 1397 202 121 96 70 1376 1353 1210 143 93 81 60 1184 140 118 89 97 69
internal_count=2216 2185 2165 1871 294 1851 274 252 1819 1701 1677 1536 43 141 1493 1472 1452 223 118 52 1432 1397 202 121 96 70 1376 1353 1210 143 93 81 60 1184 140 118 89 97 69
is_linear=0
shrinkage=0.05


Tree=126
num_leaves=40
num_cat=0
split_feature=29 21 22 5 4 22 11 11 16 26 33 7 18 29 11 27 13 15 30 17 26 30 6 12 10 15 31 3 11 26 26 33 22 31 22 4 9 12 18
split_gain=4434.83 2685.84 4153.33 1838.12 1380.46 1429.9 2442.59 18079.6 2186.86 2118.51 1549.84 1425.08 3638.33 3143.53 6333.65 1460.71 1033.39 2849.03 955.46 894.318 837.319 874.884 996.854 1126.14 2447.83 775.462 759.271 713.621 607.446 657.233 2124.62 577.374 549.479 548.87 1175.4 873.543 680.763 520.958 779.691
threshold=3.2934920787811284 -1.6710991859436033 -1.6503179669380186 3.5429087877273564 2.0524426698684697 2.3331806659698491 1.2957069873809817 1.1975004673004153 1.840181350708008 0.84657806158065807 -0.047482984140515321 -0.66309869289398182 -1.0717446804046629 0.75466626882553112 -0.23725380003452298 -1.1536921858787534 -0.58716601133346547 -0.56291991472244252 0.80684712529182445 0.20855872333049777 -0.47881220281124109 0.83155819773674022 2.3458890914916997 -0.36445645987987513 -0.37865266203880305 -0.1829450652003288 2.4671766757965092 -0.3678294420242309 -0.31712549924850458 -0.25226458907127375 -0.28699962794780726 -0.047335436567664139 -1.6105053424835203 -0.23221742361783979 -0.47977708280086512 -0.97570654749870289 -0.77376422286033619 1.7161071300506594 1.757795035839081
decision_type=2 2 2 2 2 2 2 2 2 2 2 2 2 2 2 2 2 2 2 2 2 2 2 2 2 2 2 2 2 2 2 2 2 2 2 2 2 2 2
left_child=1 31 -3 4 5 6 7 8 9 11 37 18 -13 15 -15 -14 17 -17 32 -11 -18 22 23 24 25 -22 27 -6 -25 30 -30 -1 -4 -34 35 -35 -37 -8 -39
right_child=-2 2 3 -5 26 -7 10 -9 -10 19 -12 12 13 14 -16 16 20 -19 -20 -21 21 -23 -24 28 -26 -27 -28 -29 29 -31 -32 -33 33 34 -36 36 -38 38 -40
leaf_value=-0.57767284410921016 0.67598726249610386 0.64113148832321176 -0.30388407338233225 0.46996268332004548 -0.31187003172677141 0.31916233976097669 -0.24708113002967327 1.4663386246987753 0.43732119070159065 -0.44876125747958817 -0.51974364278777951 0.61419532290444934 -0.40322229591282932 -0.17781270142644645 1.0805247209966182 -0.088670519400726677 -0.14840585817332549 0.51110122203826902 -0.33699077963829044 -0.13820360278089841 0.17485109231807294 -0.30224589488723064 0.34931299664418808 -0.20343004749401619 0.62328450404431512 -0.2428555864840746 -0.42835609957575804 -0.002309412108017848 -0.028731803139861751 -0.013418163456502761 0.58280381508171553 -0.21114079342001962 -0.092185667866381146 0.25374671960069634 0.28340152381786282 -0.038366076121996114 -0.35526964098215102 0.086877821452087833 -0.28832545772194867
leaf_weight=22 24 25 21 20 29 34 47 21 27 30 31 26 22 20 20 44 93 36 32 102 25 22 22 38 23 20 25 52 49 681 20 21 239 22 35 111 20 45 20
leaf_count=22 24 25 21 20 29 34 47 21 27 30 31 26 22 20 20 44 93 36 32 102 25 22 22 38 23 20 25 52 49 681 20 21 239 22 35 111 20 45 20
internal_value=1.40762e-09 -0.00740132 0.000427672 -0.00711357 -0.0116485 -0.00231994 -0.00788532 0.00774031 -0.00927667 -0.0160777 -0.206866 -0.000576523 0.0293834 0.0159868 0.451356 8.29206e-05 0.00835199 0.181227 -0.0730421 -0.208785 -0.00557548 0.00918366 0.0169871 0.00844605 0.203672 -0.0107963 -0.187483 -0.11314 -0.00840088 0.0014806 0.148525 -0.398669 -0.0541886 -0.0419085 0.0220077 -0.0377882 -0.0867483 -0.120266 -0.0285693
internal_weight=2216 2192 2149 2124 2104 1998 1964 1821 1800 1773 143 1641 1161 1135 40 1095 1073 80 480 132 993 900 878 856 68 45 106 81 788 750 69 43 448 427 188 153 131 112 65
internal_count=2216 2192 2149 2124 2104 1998 1964 1821 1800 1773 143 1641 1161 1135 40 1095 1073 80 480 132 993 900 878 856 68 45 106 81 788 750 69 43 448 427 188 153 131 112 65
is_linear=0
shrinkage=0.05


Tree=127
num_leaves=40
num_cat=0
split_feature=30 28 22 10 10 21 25 5 5 23 28 28 30 8 29 22 7 15 19 30 15 16 30 29 29 19 15 24 9 15 6 6 15 7 29 11 13 4 7
split_gain=4447.59 2185.39 4310.54 1872.09 8148 6979.93 4998.82 2652.97 9514.9 37767.1 3985.12 26924.2 2210.75 1920.16 1803.39 1781.3 1298.72 1139.13 889.199 722.638 1963.9 1793.15 705.259 698.977 840.033 674.702 665.672 1010.64 610.22 656.919 2119.17 881.934 652.803 542.489 522.261 509.895 1094.49 468.071 460.168
threshold=-2.4608415365219112 -1.5968321561813352 -1.6769025325775144 -0.57133969664573658 -0.53129842877387989 -0.52162006497383107 -0.8819722831249236 -0.14280929416418073 0.11047465354204179 0.94117367267608654 -0.073230277746915803 -0.14348310977220533 0.86204820871353161 1.2154778838157656 -0.57701632380485524 0.43905407190322882 0.92996451258659374 -1.5233836174011228 -0.050829095765948289 0.061883460730314262 0.076058216392993941 0.4841600507497788 0.9120679795742036 1.6874600648880007 1.1304740905761721 -0.020940506830811497 1.7172574996948244 1.5985196232795718 -0.49795934557914728 0.24344982206821444 2.3298573493957524 1.1624458432197573 0.29279781877994543 -0.14751520752906797 0.91963148117065441 1.6160847544670107 1.4054045081138613 0.30046838521957403 -0.53461477160453785
decision_type=2 2 2 2 2 2 2 2 2 2 2 2 2 2 2 2 2 2 2 2 2 2 2 2 2 2 2 2 2 2 2 2 2 2 2 2 2 2 2
left_child=-1 -2 -3 17 5 -5 -6 12 9 15 11 14 16 19 -10 25 28 -4 33 20 -12 -22 23 24 34 -9 35 -28 -8 31 32 38 -31 -16 -19 36 -18 -23 -30
right_child=1 2 3 4 6 -7 7 8 10 -11 13 -13 -14 -15 18 -17 26 22 -20 -21 21 37 -24 -25 -26 -27 27 -29 29 30 -32 -33 -34 -35 -36 -37 -38 -39 -40
leaf_value=0.65010414731044042 -0.3996425009625299 0.57463393206708135 -0.38074142199850858 1.3795235727727413 0.78442787069827324 0.1147837172378786 0.24131238138811156 0.067101221467767452 0.27989577442407609 2.4566052472963928 -0.41544696837663653 1.599241840646223 -0.54483532309532168 -0.49698925848518105 -0.26122344272832076 0.39498975500797057 -0.08322740556672216 -0.050240742111856175 -0.45236926941257538 -0.16949157714021995 0.51786145527254457 0.13569851100444794 -0.34047480121902796 -0.34048066628830775 0.21522286545870634 -0.25603670644263427 -0.59404832407832142 -0.14611787743428176 -0.27125494812022555 0.26231376330057782 0.52253052905201913 -0.33769493349667257 -0.025747403349847566 0.03222051669976541 -0.2943462897092104 0.038030517135941709 -0.48881293102389289 -0.19851498752832414 -0.034656024302761906
leaf_weight=26 35 32 31 20 20 24 22 35 20 20 20 27 23 35 36 28 80 463 33 136 22 20 23 21 29 30 20 34 22 21 20 29 310 28 23 43 21 22 312
leaf_count=26 35 32 31 20 20 24 22 35 20 20 20 27 23 35 36 28 80 463 33 136 22 20 23 21 29 30 20 34 22 21 20 29 310 28 23 43 21 22 312
internal_value=7.03535e-10 -0.00771813 -0.00135277 -0.0100346 0.0190936 0.689665 -0.000721841 -0.0114114 0.0804528 0.48548 -0.0342542 0.176024 -0.0605593 -0.152999 -0.152411 0.0615823 -0.0486338 -0.0857186 -0.241547 -0.0982736 0.0170316 0.152181 -0.0693577 -0.057724 -0.0461941 -0.0820394 -0.162308 -0.312018 -0.0180531 -0.0260447 0.0227279 -0.0732051 -0.00747162 -0.132842 -0.0617931 -0.106166 -0.167557 -0.0393657 -0.0502404
internal_weight=2216 2190 2155 2123 1533 44 1489 1469 512 113 399 144 957 255 117 93 934 590 97 220 84 64 559 536 515 65 198 54 736 714 351 363 331 64 486 144 101 42 334
internal_count=2216 2190 2155 2123 1533 44 1489 1469 512 113 399 144 957 255 117 93 934 590 97 220 84 64 559 536 515 65 198 54 736 714 351 363 331 64 486 144 101 42 334
is_linear=0
shrinkage=0.05


Tree=128
num_leaves=40
num_cat=0
split_feature=12 30 30 26 4 17 14 13 23 23 3 13 27 14 26 5 30 0 0 18 15 24 9 18 30 7 29 29 8 29 8 27 16 20 7 8 11 16 30
split_gain=4228.53 14822.5 3934.77 3107.59 8720.08 3123.46 1449.56 11232.2 2990.85 18661.7 2760.42 1559.85 2714.9 1972.03 13568.4 1491.63 1364.38 1315.94 2885.6 1202.52 996.327 986.402 774.744 1089.66 706.19 801.96 1499.96 696.024 1203.02 717.083 766.76 694.316 665.524 654.693 692.83 650.836 637.648 560.894 694.442
threshold=-1.3944663405418394 -1.3757219314575193 -2.4608415365219112 -1.3333665728569029 -0.30196486413478846 -1.4076604247093198 1.5510139465332033 1.4338148832321169 1.1383608579635622 1.0580972433090212 2.5976400375366215 0.26049153506755834 -1.1976896524429319 -0.10403063148260115 -0.083055350929498659 0.33974029123783117 0.78961768746376049 -0.50318855047225941 -0.73285263776779164 1.7937170863151553 -1.5332865118980405 0.059351081028580673 1.5215843915939333 1.757795035839081 0.9120679795742036 -1.172109007835388 1.1304740905761721 -0.9346151053905486 0.031234527938067917 -0.73741695284843434 -0.24031122028827664 -0.46763706207275385 1.1562393307685854 0.21227244287729266 0.44319847226142889 -0.267839565873146 -0.222337931394577 -1.2818565368652342 -0.30713127553462977
decision_type=2 2 2 2 2 2 2 2 2 2 2 2 2 2 2 2 2 2 2 2 2 2 2 2 2 2 2 2 2 2 2 2 2 2 2 2 2 2 2
left_child=2 -2 -1 4 -3 20 7 8 9 10 11 12 -7 24 -15 32 19 18 21 31 -5 -16 -8 -24 25 -14 27 -27 29 -29 35 33 -10 34 -13 37 -32 -31 -39
right_child=1 3 -4 5 -6 6 22 -9 15 -11 -12 16 13 14 17 -17 -18 -19 -20 -21 -22 -23 23 -25 -26 26 -28 28 -30 30 36 -33 -34 -35 -36 -37 -38 38 -40
leaf_value=-0.94420230984687814 1.198325233046825 -0.18688507113191818 -0.11170226875692607 -0.65188168525695811 1.1905852587521077 0.56306514130397278 -0.45029227524995807 1.0846447739362097 0.015475718414893858 1.3943657708664736 0.47444924039059677 -0.26212591298988891 -0.26354730431522644 0.98253357013066622 0.22149933624267579 -0.64185288250446326 -0.47727708603170788 -0.0872111096745357 0.54726744865377741 -0.42714364849354913 -0.22310886659792495 -0.16446282494128969 0.043889180158518934 -0.27535536422465862 -0.30414076422651615 -0.30744961019266737 0.39797205690826692 0.24867339025844229 0.35103440071855274 0.2129006100089654 -0.3128211680020011 -0.015953881688463161 -0.3240738481283188 -0.33061708817132623 0.015328758079854269 0.24761084941300482 -0.066822179735583423 -0.16405988795462478 -0.014953574411058513
leaf_weight=22 26 27 40 20 20 22 20 24 27 24 29 35 35 39 25 23 22 192 30 23 42 49 55 52 24 22 21 22 21 23 43 316 31 37 63 22 68 93 487
leaf_count=22 26 27 40 20 20 22 20 24 27 24 29 35 35 39 25 23 22 192 30 23 42 49 55 52 24 22 21 22 21 23 43 316 31 37 63 22 68 93 487
internal_value=-2.05135e-10 0.011718 -0.407106 -0.00278004 0.399273 -0.0118605 -0.00112606 0.00985037 -0.00395855 0.00951119 -0.00934106 -0.0174321 0.0125848 0.0026255 0.105884 -0.301124 -0.0923535 -0.00962062 0.133623 -0.0744879 -0.361423 -0.0340702 -0.164649 -0.111258 -0.0366385 -0.0291472 -0.0191666 -0.0301028 -0.0222702 -0.0326124 -0.0410204 -0.0565032 -0.166008 -0.151419 -0.0837622 -0.0195133 -0.162119 -0.0292591 -0.038862
internal_weight=2216 2154 62 2128 47 2081 2019 1892 1868 1787 1763 1734 1238 1216 335 81 496 296 104 474 62 74 127 107 881 857 822 801 779 758 736 451 58 135 98 625 111 603 580
internal_count=2216 2154 62 2128 47 2081 2019 1892 1868 1787 1763 1734 1238 1216 335 81 496 296 104 474 62 74 127 107 881 857 822 801 779 758 736 451 58 135 98 625 111 603 580
is_linear=0
shrinkage=0.05


Tree=129
num_leaves=40
num_cat=0
split_feature=30 6 18 11 0 0 3 9 27 4 14 26 3 5 10 0 14 30 11 30 30 33 6 7 9 9 4 30 30 30 7 24 15 12 29 7 29 10 31
split_gain=4423.32 2082.17 3655.26 1764.56 1419.95 19166.6 2561.6 2116.94 19067.2 4254.06 3266.43 7745.07 1667.9 1606.53 1412.96 1508.05 7997.69 3248.39 1282.81 1043.9 743.909 741.028 732.649 614.724 513.566 719.941 573.471 1671.73 837.34 3527.76 1154.08 786.888 553.765 679.921 568.694 538.134 1001.67 506.21 973.876
threshold=-2.4608415365219112 4.711318016052247 -1.5910865664482114 -1.2946693301200864 -0.68312785029411305 -0.66076958179473866 -0.24449787288904187 1.2217946052551272 0.11470322310924531 0.96498912572860729 0.92901721596717846 0.91091963648796093 0.57817187905311596 3.179359078407288 -1.2903800606727598 -0.57419842481613148 -0.095148753374814973 1.0098809599876406 1.6160847544670107 0.86204820871353161 -0.42359459400176996 -0.047486949712038033 2.872025847434998 -1.191425561904907 0.54812896251678478 0.45686323940753942 -0.39355930685997004 -0.30713127553462977 0.12581545859575274 0.15367031842470172 -0.98040553927421559 -0.64093452692031849 -0.3743527084589004 -0.086974613368511186 -0.22738069295883176 0.13398900628089908 -0.747401863336563 1.1447533965110781 -0.74593421816825856
decision_type=2 2 2 2 2 2 2 2 2 2 2 2 2 2 2 2 2 2 2 2 2 2 2 2 2 2 2 2 2 2 2 2 2 2 2 2 2 2 2
left_child=-1 2 3 -2 6 -6 19 10 9 18 11 13 -12 14 -7 16 -16 22 -9 20 21 -4 23 -17 25 26 27 -25 35 -30 -31 -32 -33 -34 -35 36 -28 38 -22
right_child=1 -3 4 -5 5 7 -8 8 -10 -11 12 -13 -14 -15 15 17 -18 -19 -20 -21 37 -23 -24 24 -26 -27 28 -29 29 30 31 32 33 34 -36 -37 -38 -39 -40
leaf_value=0.64832799136638641 -0.19790858960512914 0.50013554286211725 -0.028082183748483661 -0.79309598695486783 1.3976019763350487 0.35884623396246196 -0.60718705796060113 -0.53148915664903051 1.6133097055554391 0.42501050229034115 -0.15249818819311431 0.97883783802390101 -0.61904544349759816 -0.45757648870348933 -0.24635250086967764 -0.28465115455063911 0.86123590756739898 -0.64370458636965067 -0.10861545285962998 -0.34981850860295477 -0.015209127684236576 -0.41704638729182381 0.21613120434410649 0.42766968271246664 -0.10767246806164728 0.22548300939978977 0.26611308912661941 0.0044820462586358193 0.63614674339240251 0.34445358559489253 -0.25367790661286566 0.16675342991948128 -0.18749170995364756 0.25584934458491349 -0.029641199820828669 -0.22048537270316193 -0.08450431935556911 -0.1397792342473084 0.2790956583619118
leaf_weight=26 33 20 25 20 25 26 21 29 20 31 53 20 30 20 39 22 28 21 47 27 446 24 33 27 137 33 22 172 22 20 40 36 59 21 103 62 275 71 30
leaf_count=26 33 20 25 20 25 26 21 29 20 31 53 20 30 20 39 22 28 21 47 27 446 24 33 27 137 33 22 172 22 20 40 36 59 21 103 62 275 71 30
internal_value=-7.29193e-10 -0.00769705 -0.0123775 -0.422508 -0.00210975 0.0249665 -0.0640403 0.00126764 0.196247 -0.0686242 -0.0174776 0.00288037 -0.32113 -0.0131452 -0.00572565 -0.0138134 0.21652 -0.0277794 -0.269975 -0.0457319 -0.0319562 -0.218595 -0.0158472 -0.023131 -0.0175397 -0.00369649 -0.0125008 0.0618995 -0.0349336 0.0265717 -0.0214951 -0.0497537 -0.0125073 -0.0477717 0.018708 -0.0865022 -0.0585327 -0.0152372 0.00333949
internal_weight=2216 2190 2170 53 2117 1473 644 1448 127 107 1321 1238 83 1218 1198 1172 67 1105 76 623 596 49 1084 1051 1029 892 859 199 660 301 279 259 219 183 124 359 297 547 476
internal_count=2216 2190 2170 53 2117 1473 644 1448 127 107 1321 1238 83 1218 1198 1172 67 1105 76 623 596 49 1084 1051 1029 892 859 199 660 301 279 259 219 183 124 359 297 547 476
is_linear=0
shrinkage=0.05


Tree=130
num_leaves=40
num_cat=0
split_feature=28 30 7 30 30 30 11 7 12 5 5 30 12 5 27 29 33 30 28 27 4 6 15 30 18 19 3 31 33 29 29 21 7 28 20 7 20 28 29
split_gain=4370.85 11884.6 5062.41 3221.23 2331.59 2129.08 1609.29 8359.5 2674.57 15128.9 1988.12 1597.97 1309.57 1237.49 1183.1 10830.4 956.346 659.829 647.017 816.881 590.14 632.489 536.117 483.061 559.272 1878.58 561.493 569.872 563.507 521.024 1546.46 671.568 613.564 577.78 2520.56 1027.94 1915.7 653.985 655.855
threshold=-1.5452485680580137 -0.18787831068038938 -1.3164669871330259 -2.4608415365219112 1.2409112453460696 -1.3757219314575193 1.6160847544670107 1.6315463185310366 1.2761033177375796 -0.12315795570611952 3.3049092292785649 0.9120679795742036 0.88168898224830639 -0.086038753390312181 -1.1976896524429319 -0.15099124610424039 -0.047483431175351136 -0.65878006815910328 1.6180556416511538 -0.61005219817161549 2.0844084024429326 2.872025847434998 -1.4713804721832273 -0.55049610137939442 -0.59442287683486927 -0.56351080536842335 -0.16388451308012006 -0.46131463348865503 -0.047462342306971543 -0.48707868158817286 -0.44785918295383448 -0.55546247959136952 0.97382035851478588 0.44649717211723333 0.20388298481702807 -0.18509795516729352 0.42660297453403478 0.39326329529285436 -0.3728205263614654
decision_type=2 2 2 2 2 2 2 2 2 2 2 2 2 2 2 2 2 2 2 2 2 2 2 2 2 2 2 2 2 2 2 2 2 2 2 2 2 2 2
left_child=1 -1 3 -2 5 -4 7 8 10 -10 11 12 14 -14 15 22 18 -16 19 -8 21 23 -7 -19 26 -26 28 -28 -25 32 -31 -32 -27 37 -35 -36 -37 38 -33
right_child=2 -3 4 -5 -6 6 16 -9 9 -11 -12 -13 13 -15 17 -17 -18 20 -20 -21 -22 -23 -24 24 25 29 27 -29 -30 30 31 33 -34 34 35 36 -38 -39 -40
leaf_value=1.3962149516865612 -0.92940859036012125 -0.23903307366371154 0.46687357922395067 -0.19877814628804724 0.54111093692481516 -0.40691484780538656 -0.16321963426535546 0.912220792517066 -0.26953381928237707 1.4373181970417501 0.46541162899562294 -0.37409989731386306 -0.058305894215317337 -0.38256800756893228 -0.1829404921420584 1.1730347764864566 -0.49524231177000771 0.20199751367585528 -0.35015467923620475 0.20721681724217805 -0.17902344307120965 0.21378148921737164 -0.064226762652397157 -0.053031828828469511 0.48663626879453664 -0.13652259500981387 -0.39556790706701578 -0.10435941132938578 0.15921533953499151 0.41588980963696609 0.27358391488140282 -0.23416834082986626 0.16296817064285279 0.58771919369697567 -0.14546864458279293 0.51630285339696069 0.018621025892493669 -0.25908912876620888 -0.0094494984760301777
leaf_weight=20 22 25 24 48 20 21 46 25 37 20 21 32 85 45 56 20 21 27 23 22 49 33 25 202 20 118 20 105 37 23 22 35 20 20 81 21 244 32 449
leaf_count=20 22 25 24 48 20 21 46 25 37 20 21 32 85 45 56 20 21 27 23 22 49 33 25 202 20 118 20 105 37 23 22 35 20 20 81 21 244 32 449
internal_value=-1.07571e-09 0.487744 -0.0101098 -0.428405 0.00382669 -0.00133703 -0.00679986 0.00381268 -0.00801555 0.329362 -0.0183379 -0.0238529 -0.0176607 -0.17055 -0.00582998 0.201664 -0.191098 -0.0143149 -0.120911 -0.0433725 -0.00825385 -0.00270865 -0.220671 -0.00754888 -0.0114535 0.00653869 -0.065084 -0.150953 -0.0201735 -0.00247723 0.0110162 0.000715256 -0.0931181 -0.00609099 0.0419599 0.0104131 0.05806 -0.0401736 -0.0256998
internal_weight=2216 45 2171 70 2101 2081 2057 1945 1920 57 1863 1842 1810 130 1680 66 112 1614 91 68 1558 1509 46 1476 1449 1085 364 125 239 1065 927 904 138 882 366 346 265 516 484
internal_count=2216 45 2171 70 2101 2081 2057 1945 1920 57 1863 1842 1810 130 1680 66 112 1614 91 68 1558 1509 46 1476 1449 1085 364 125 239 1065 927 904 138 882 366 346 265 516 484
is_linear=0
shrinkage=0.05


Tree=131
num_leaves=40
num_cat=0
split_feature=30 30 30 25 15 17 31 11 11 24 23 28 30 16 28 28 33 5 31 9 13 5 0 24 6 6 29 29 31 0 29 29 9 23 15 30 3 0 22
split_gain=4444.17 2209.75 3407.47 2343.89 1516.16 6440.26 1948.01 1541.48 15033.1 2240.23 2227.73 1068.18 902.792 1038.5 1117.5 6031.5 827.579 813.719 686.309 668.158 589.833 573.139 508.266 436.056 430.839 1086.19 408.624 364.934 344.367 1486.97 379.055 1199.4 554.42 537.582 772.287 470.233 722.929 2370.59 1056.9
threshold=-2.4608415365219112 -0.88363802433013905 -0.7744469642639159 -1.6367047429084776 2.1951055526733403 1.8931055068969729 2.9253710508346562 1.3433995842933657 1.2277661561965945 0.85250473022460949 1.6492710113525393 0.2057161629199982 1.2409112453460696 -1.5509770512580869 -1.2388885617256162 -1.179234445095062 -0.047485353425145142 -0.35242359340190882 0.13146317005157473 -1.2198464870452879 -0.93772524595260609 0.51005190610885631 0.17274641245603564 1.8391020298004153 3.2509608268737797 2.3458890914916997 -0.16418681293725965 -0.60456100106239308 0.86960539221763622 0.80861538648605358 -0.48707868158817286 -0.44785918295383448 -0.51203489303588856 0.19876669347286227 0.23013318330049518 -0.50479614734649647 -0.31822121143341059 -0.64681804180145253 0.43905407190322882
decision_type=2 2 2 2 2 2 2 2 2 2 2 2 2 2 2 2 2 2 2 2 2 2 2 2 2 2 2 2 2 2 2 2 2 2 2 2 2 2 2
left_child=-1 20 -3 -4 5 6 7 8 9 12 18 16 13 -5 26 -16 -11 -6 -9 -17 22 -13 -2 -12 25 28 27 -15 29 30 32 -32 -21 -34 -35 -33 -37 -38 -39
right_child=1 2 3 4 17 -7 -8 10 -10 11 23 21 -14 14 15 19 -18 -19 -20 24 -22 -23 -24 -25 -26 -27 -28 -29 -30 -31 31 35 33 34 -36 36 37 38 -40
leaf_value=0.64985421920338515 -0.0053043550252914427 0.5590521936063414 -0.47803519299397107 0.35302973635494711 -0.10932638843144689 0.66955692875716422 0.48571357659995562 -0.28121610070977893 1.1720057158558459 -0.57891794878702896 0.18276365475559778 -0.012052778427901327 0.28640396341129587 -0.24337998336553573 0.76986266779899604 -0.24671936584015688 -0.20650992742606575 -0.50301927654516132 -0.65934437087603981 0.14079648229479788 -0.50130501156267915 -0.32048693969845776 -0.36176837429404263 -0.088855768177244401 -0.22804909040304749 0.32163442516326907 -0.35971624985910378 0.035839030552994124 -0.067782181589531573 0.40699278888377277 0.33245586151326145 0.18042133017019793 -0.1953056171361138 0.2447635578967276 -0.12967845134437084 0.020899535593045401 -0.57118985652923582 -0.082191777239965569 0.13428094213336914
leaf_weight=26 20 27 26 20 35 36 20 28 27 26 22 61 27 25 25 30 35 21 21 25 23 20 20 45 22 25 26 22 224 22 27 33 85 21 40 624 22 260 72
leaf_count=26 20 27 26 20 35 36 20 28 27 26 22 61 27 25 25 30 35 21 21 25 23 20 20 45 22 25 26 22 224 22 27 33 85 21 40 624 22 260 72
internal_value=-1.49889e-09 -0.00771517 0.000928659 -0.00624722 -0.000332805 0.0067887 -0.00524947 -0.0102542 0.000855505 -0.0165283 -0.187052 -0.207216 -0.000381765 -0.00507462 -0.00946854 -0.000504212 -0.365241 -0.256961 -0.443271 -0.0130755 -0.299547 -0.0882094 -0.183536 0.000332699 -0.00840882 -0.00514389 -0.200667 -0.112682 -0.0107586 -0.000382304 -0.00779525 0.00356812 -0.0767729 -0.114028 -0.000772186 -0.00521523 -0.011479 -0.0685531 -0.0352459
internal_weight=2216 2190 2127 2100 2074 2018 1982 1962 1846 1819 116 142 1677 1650 1630 1557 61 56 49 1532 63 81 40 67 1502 1480 73 47 1455 1231 1209 1038 171 146 61 1011 978 354 332
internal_count=2216 2190 2127 2100 2074 2018 1982 1962 1846 1819 116 142 1677 1650 1630 1557 61 56 49 1532 63 81 40 67 1502 1480 73 47 1455 1231 1209 1038 171 146 61 1011 978 354 332
is_linear=0
shrinkage=0.05


Tree=132
num_leaves=40
num_cat=0
split_feature=15 20 6 30 4 29 16 5 5 33 28 30 24 29 12 27 29 27 30 6 3 18 16 29 29 8 26 33 0 27 3 0 33 5 24 22 33 30 30
split_gain=4233.23 4434.76 1851.65 4041.34 2425.5 2973.94 2447.34 11657.1 2391.05 2706.63 1714.81 8084.04 1648.6 1635.41 1362.53 1049.3 1389.69 1340.88 1102.47 987.607 980.526 718.363 1621.35 676.629 1647.41 661.874 627.501 1206 4910.94 1198.84 676.249 1355.93 2793.6 786.305 735.664 942.048 600.079 571.804 571.134
threshold=-1.584319472312927 -1.6137911677360532 -0.43636856973171229 1.0098809599876406 2.0844084024429326 1.29120808839798 1.840181350708008 0.068988487124443068 -0.3808088600635528 -0.04742735251784324 -1.2250468134880064 -0.11439772695302962 1.5304850935935976 0.089282345026731505 0.99506542086601268 -0.020698061212897297 -0.51274108886718739 0.020323134958744053 -0.29523576796054835 1.5763595104217532 0.080022599548101439 -0.65026244521141041 -0.63082122802734364 0.45624069869518286 0.35684481263160711 -0.7297811210155486 -0.41681288182735438 -0.047475527971982949 0.64155447483062755 -0.44540180265903467 -0.31822121143341059 -0.73285263776779164 -0.047484707087278359 -0.2432494834065437 0.049283228814601905 -0.047170149162411683 -0.047485062852501862 0.54583135247230541 0.50587067008018505
decision_type=2 2 2 2 2 2 2 2 2 2 2 2 2 2 2 2 2 2 2 2 2 2 2 2 2 2 2 2 2 2 2 2 2 2 2 2 2 2 2
left_child=-1 -2 3 4 5 6 10 -8 9 15 11 -3 14 25 21 19 -17 -18 -19 -4 -16 -12 -23 24 26 -10 -24 30 -29 -30 31 33 -33 34 35 -28 -32 -25 -20
right_child=1 2 8 -5 -6 -7 7 -9 13 -11 12 -13 -14 -15 20 16 17 18 38 -21 -22 22 23 37 -26 -27 27 28 29 -31 36 32 -34 -35 -36 -37 -38 -39 -40
leaf_value=0.51631899453126473 -0.59352097287774086 -0.37969809373219809 -0.077389425336214901 0.61038577616214751 0.56955274328589434 0.5657862642159065 -0.19616231757860919 1.2649986749248845 0.047359367353575571 0.49457379843418797 -0.09609459347700243 1.0248979402612894 0.30453125004832815 -0.5527794693974224 -0.076867018208391605 0.31416924714165578 0.37825915828347206 -0.28297222952047985 0.023423059163108138 -0.33032774812645382 -0.40991238531393881 0.4279783091761849 -0.10643361772373319 -0.22908075960810509 0.43419509516520938 -0.28315210336762847 -0.058518098518252376 0.87037173271179202 0.37244108974933626 -0.053868074956203896 -0.26290865884377407 0.72349582165479664 -0.076629256466791654 -0.3221142423152924 -0.078261575516727244 0.42096555809534736 -0.046246970565936997 0.07612585576162452 -0.14966067934440355
leaf_weight=39 32 21 271 30 20 24 39 21 28 24 228 20 37 37 51 34 20 42 248 45 39 22 125 57 22 33 20 20 20 94 39 20 24 20 72 21 177 21 59
leaf_count=39 32 21 271 30 20 24 39 21 28 24 228 20 37 37 51 34 20 42 248 45 39 22 125 57 22 33 20 20 20 94 39 20 24 20 72 21 177 21 59
internal_value=-4.38919e-10 -0.00924963 -0.000533226 0.0367742 0.0232668 0.0145541 0.00379837 0.315244 -0.0583796 -0.0277611 -0.0121732 0.305471 -0.0237085 -0.290518 -0.0348302 -0.0451964 0.00829043 -0.0198935 -0.0427103 -0.113409 -0.221187 -0.0180916 0.00488601 -0.00749169 0.00864274 -0.131442 -0.00571639 0.0181729 0.147706 0.020923 -0.0259937 0.0464611 0.287064 -0.0331369 0.0180096 0.187071 -0.0853664 -0.14691 -0.00984059
internal_weight=2216 2177 2145 1304 1274 1254 1230 60 841 743 1170 41 1129 98 1092 719 403 369 349 316 90 1002 774 752 674 61 652 527 134 114 393 177 44 133 113 41 216 78 307
internal_count=2216 2177 2145 1304 1274 1254 1230 60 841 743 1170 41 1129 98 1092 719 403 369 349 316 90 1002 774 752 674 61 652 527 134 114 393 177 44 133 113 41 216 78 307
is_linear=0
shrinkage=0.05


Tree=133
num_leaves=40
num_cat=0
split_feature=28 4 7 30 30 30 11 7 8 11 3 30 12 13 3 15 27 7 5 29 27 14 7 29 6 27 27 29 3 4 30 4 3 29 30 4 29 0 27
split_gain=4160.34 11453.2 4996.66 3352.18 1901.32 1903.2 1547.92 7736.62 2486.07 14374.2 2306.98 1771.31 1295.03 1799.26 1276.81 1353.96 946.706 5542.91 938.9 814.408 765.417 1055.84 605.638 663.715 564.293 594.508 940.234 864.627 2379.24 590.851 756.075 535.849 2610.98 923.25 625.595 565.078 530.263 509.016 465.279
threshold=-1.5452485680580137 0.2291599586606026 -1.3164669871330259 -2.4608415365219112 -1.3757219314575193 1.2409112453460696 1.6160847544670107 1.6315463185310366 1.1994026899337771 1.2277661561965945 2.5976400375366215 0.9120679795742036 -1.3265537619590757 -1.2825429439544676 0.78211680054664623 1.1662511229515078 -1.1976896524429319 -0.56186982989311207 -0.13407536596059796 -0.45463125407695765 -0.46763706207275385 0.92901721596717846 -1.172109007835388 1.1304740905761721 2.872025847434998 1.0000000180025095e-35 -0.036157628521323197 -0.44785918295383448 0.47482140362262731 -1.0371792912483213 0.11389412730932237 -0.38556784391403193 -0.094295192509889589 -0.42408676445484156 -0.10887978971004485 -0.18270766735076902 -0.18148659914731977 -0.8233588933944701 0.82099193334579479
decision_type=2 2 2 2 2 2 2 2 2 2 2 2 2 2 2 2 2 2 2 2 2 2 2 2 2 2 2 2 2 2 2 2 2 2 2 2 2 2 2
left_child=1 -1 3 -2 -4 6 7 8 9 10 11 12 -6 -14 15 -10 17 -15 19 -8 21 -18 -22 24 25 26 27 28 -24 30 37 32 -31 34 -33 -35 -21 -27 -37
right_child=2 -3 4 -5 5 -7 18 -9 14 -11 -12 -13 13 16 -16 -17 20 -19 -20 36 22 -23 23 -25 -26 29 -28 -29 -30 31 -32 33 -34 35 -36 38 -38 -39 -40
leaf_value=-0.23761176705360412 -0.93651954206553389 1.3676844674348834 0.44646597864727183 -0.19118541598630448 0.31362634877363843 0.48426571726799017 -0.36084569174796344 0.8784677923619747 0.06709408158886021 1.2201613472153745 0.4308808663795734 -0.39333792136561491 -0.43052347474373304 0.72937461617589006 -0.62205764410041631 -0.44660814274912303 -0.061179680494374479 -0.32351743078231809 -0.39694179083324144 0.18851149186181526 -0.2441102224625647 -0.41905997788364235 -0.046720722984326515 0.28315675287019637 0.22169580780568401 -0.071509454170749942 0.33098124475390822 -0.01063435767162718 0.59759430023639104 -5.1113926911552651e-06 -0.0034177273245794438 -0.0080702107754491628 0.59309743396937853 -0.19868412965383286 -0.3465636381545128 0.040149914456771747 -0.12239436851814389 -0.37678149023817648 -0.08152625038652965
leaf_weight=25 22 20 24 48 30 20 20 25 29 24 29 31 26 25 21 23 326 25 36 24 25 22 38 21 28 22 27 294 23 257 56 21 20 39 39 248 32 36 115
leaf_count=25 22 20 24 48 30 20 20 25 29 24 29 31 26 25 21 23 326 25 36 24 25 22 38 21 28 22 27 294 23 257 56 21 20 39 39 248 32 36 115
internal_value=-6.61315e-10 0.475853 -0.00986338 -0.425433 0.00398236 -0.0011306 -0.00585006 0.00455815 -0.00682088 0.00449019 -0.0115143 -0.0186656 -0.0120775 -0.0177157 -0.293006 -0.16012 -0.0114281 0.202929 -0.1866 -0.0869639 -0.0178963 -0.0838043 -0.000374548 0.00437108 -0.000264307 -0.0052966 0.0465426 0.0249092 0.196218 -0.0285118 -0.134463 -0.0121676 0.0428182 -0.0451352 -0.228091 -0.0178284 0.010851 -0.260989 0.00160237
internal_weight=2216 45 2171 70 2101 2077 2057 1945 1920 1847 1823 1794 1763 1733 73 52 1707 50 112 76 1657 348 1309 1284 1263 1235 382 355 61 853 114 739 277 462 60 402 56 58 363
internal_count=2216 45 2171 70 2101 2077 2057 1945 1920 1847 1823 1794 1763 1733 73 52 1707 50 112 76 1657 348 1309 1284 1263 1235 382 355 61 853 114 739 277 462 60 402 56 58 363
is_linear=0
shrinkage=0.05


Tree=134
num_leaves=40
num_cat=0
split_feature=30 30 30 27 24 13 23 23 3 30 30 5 15 11 18 6 27 29 6 5 16 13 15 0 3 27 3 29 19 17 29 29 26 15 33 22 3 13 17
split_gain=4229.68 2150.92 3088.81 2152.13 1419.78 9005.21 3067.83 17142.5 2303.16 1892.29 1842.72 1306.7 1102.12 1026.09 888.944 714.744 892.39 7154.68 1114.21 662.344 580.461 568.125 540.632 451.933 433.16 419.375 854 1382.49 594.915 783.861 356.072 1168.39 1065.57 1964.15 478.882 443.169 538.415 519.752 432.854
threshold=-2.4608415365219112 -0.88363802433013905 -0.7744469642639159 -2.0437217950820918 1.5985196232795718 1.4338148832321169 1.1383608579635622 1.0580972433090212 2.6286451816558842 1.3463437557220461 1.0098809599876406 0.33974029123783117 1.8295560479164126 1.6424623727798464 1.757795035839081 2.9478129148483281 -1.1976896524429319 -0.0043747618328779927 2.3458890914916997 -0.39172627031803126 1.1562393307685854 -0.93772524595260609 1.0725123882293703 0.17274641245603564 -0.3340682834386825 -0.55673480033874501 -0.26447898149490351 0.063669886440038695 0.039658768102526672 -0.44081726670265192 -0.46601891517639155 -0.4286902099847793 -0.66989871859550465 -0.66484293341636647 -0.047472350299358361 0.47903792560100561 -0.77985331416130055 -0.037355797365307801 -1.3745294809341428
decision_type=2 2 2 2 2 2 2 2 2 2 2 2 2 2 2 2 2 2 2 2 2 2 2 2 2 2 2 2 2 2 2 2 2 2 2 2 2 2 2
left_child=-1 21 -3 -4 5 6 7 8 9 10 12 20 15 -6 22 16 17 -5 25 -16 -8 23 -15 -2 -17 26 -18 28 29 -28 32 -32 33 -27 35 36 -34 -38 -33
right_child=1 2 3 4 13 -7 11 -9 -10 -11 -12 -13 -14 14 19 24 18 -19 -20 -21 -22 -23 -24 -25 -26 30 27 -29 -30 -31 31 38 34 -35 -36 -37 37 -39 -40
leaf_value=0.63397837510475752 -0.013526961058378221 0.53238652944564824 -0.48683523743048962 -0.16912133378597599 -0.44221086593774656 0.95294196724891655 -0.0073731904780423201 1.3386368622382483 0.50204458235001026 0.47096944212913511 -0.42802357254204931 -0.6222337829030079 -0.32876089695427152 -0.078293650308924337 -0.092284575924277301 -0.37053695179167251 -0.00012183992916511166 0.91976382366635578 0.36160704880952838 -0.46375225007534032 -0.32448151404819181 -0.49345819399408675 0.25027940150882516 -0.34965690970420837 -0.05306331738829613 -0.14267183212297305 -0.21280170524120334 -0.51666189435248577 -0.31785641573369505 0.158371343057264 0.35302016992742818 0.22530576402232763 -0.19329923641681673 0.4970135492937906 -0.31715937649210296 -0.22804303372631202 -0.077742730900645263 0.28272641196846965 -0.0038535454003775327
leaf_weight=26 20 27 23 48 26 25 27 24 22 20 27 23 27 31 30 21 162 22 20 20 31 23 21 20 22 28 25 24 20 33 24 21 25 21 30 37 20 20 1100
leaf_count=26 20 27 23 48 26 25 27 24 22 20 27 23 27 31 30 21 162 22 20 20 31 23 21 20 22 28 25 24 20 33 24 21 25 21 30 37 20 20 1100
internal_value=-2.30425e-10 -0.00752668 0.00100131 -0.00583079 -0.000504308 0.0100897 -0.00216148 0.0110747 -0.00644123 -0.0126664 -0.0181097 -0.303326 -0.0117853 -0.161815 -0.0903414 -0.00681822 -0.00166614 0.1731 -0.00926466 -0.240872 -0.176862 -0.295448 0.0543993 -0.181592 -0.208109 -0.0139297 -0.0714793 -0.184812 -0.0827041 -0.00161704 -0.00247187 0.0078297 -0.0676393 0.131479 -0.141554 -0.0899059 -0.011274 0.102492 0.000439359
internal_weight=2216 2190 2127 2100 2077 1949 1924 1843 1819 1797 1777 81 1750 128 102 1723 1680 70 1610 50 58 63 52 40 43 1590 264 102 78 58 1326 1145 181 49 132 102 65 40 1121
internal_count=2216 2190 2127 2100 2077 1949 1924 1843 1819 1797 1777 81 1750 128 102 1723 1680 70 1610 50 58 63 52 40 43 1590 264 102 78 58 1326 1145 181 49 132 102 65 40 1121
is_linear=0
shrinkage=0.05


Tree=135
num_leaves=40
num_cat=0
split_feature=27 18 30 30 12 5 30 29 29 27 3 29 22 25 25 4 30 6 11 12 6 15 12 7 33 4 3 3 7 4 29 30 6 15 16 30 16 22 10
split_gain=3890.87 3152.24 5126.9 3134.99 2433.9 2566.55 1563.6 1738.13 3870.71 25448.8 57209.9 2607.04 1822.05 2057.35 5827.79 1557.08 1546.51 1385.11 1048.18 899.708 841.131 831.258 828.859 929.951 591.924 988.859 1323.97 1634.2 750.713 715.063 1451.27 651.59 633.801 568.933 3467.27 602.002 615.472 1245.43 2992.42
threshold=-2.1934885978698726 -1.4155634045600889 -1.1101645231246946 -1.0270565152168272 -1.3265537619590757 -0.4048271626234054 1.2409112453460696 0.24387346208095553 -0.0043747618328779927 -0.61005219817161549 -0.1287453509867191 0.21100564301013949 2.3331806659698491 1.6707471013069155 1.5501758456230166 2.0844084024429326 0.95535138249397289 2.872025847434998 0.84642362594604503 0.91939166188240062 2.1578789949417119 1.8629074692726137 1.7689762711524966 1.5819175839424136 -0.047488911077380173 -0.80112382769584645 0.27569949626922613 -0.58831045031547535 0.59595096111297619 -0.43843443691730494 0.45624069869518286 0.46835884451866155 -0.16236939281225202 -0.57336550951004017 -0.50446477532386769 0.58546778559684765 0.099900886416435256 -0.17629089951515195 -0.15423948317766187
decision_type=2 2 2 2 2 2 2 2 2 2 2 2 2 2 2 2 2 2 2 2 2 2 2 2 2 2 2 2 2 2 2 2 2 2 2 2 2 2 2
left_child=-1 2 -2 -3 5 -4 7 8 12 10 -10 18 13 14 15 17 20 19 -11 33 24 -15 23 -21 -9 26 27 -26 29 30 -27 -31 -33 -5 -35 36 37 -36 -39
right_child=1 3 4 6 -6 -7 -8 16 9 11 -12 -13 -14 21 -16 -17 -18 -19 -20 22 -22 -23 -24 -25 25 28 -28 -29 -30 31 -32 32 -34 34 35 -37 -38 38 -40
leaf_value=0.52300105844225209 -0.85690714981820859 0.58779832539351096 -0.12531618712277248 -0.084632867093659137 -0.29304823945276443 0.61093939058482649 0.44063546210527421 0.12853561515681619 -0.10124849814244292 -0.019900882147611626 3.2877508845925334 0.42807681449959356 0.38342237384231004 -0.13352419249713421 0.82790800677612431 -0.42357726490497588 -0.48574109181113867 0.38782717980444437 -0.31978721817334499 -0.12922647055447772 -0.31317526574712251 -0.54159041964090793 0.069042554902178907 -0.45961049209748001 -0.15544150923378766 0.44548272807896139 -0.0020343875642432722 -0.73158993586897858 -0.2841776486635208 -0.094244953598349529 -0.033581428680309028 -0.043815007723040054 0.32243335069645024 0.526731131538268 -0.048442709052230783 0.24149235249920326 -0.067732510296897058 0.70752266730581015 0.022256023060022431
leaf_weight=35 27 23 29 206 64 20 20 43 33 249 20 31 27 24 20 25 23 20 33 89 32 26 35 28 32 25 43 20 25 156 43 27 21 31 156 22 346 21 66
leaf_count=35 27 23 29 206 64 20 20 43 33 249 20 31 27 24 20 25 23 20 33 89 32 26 35 28 32 25 43 20 25 156 43 27 21 31 156 22 346 21 66
internal_value=-2.04273e-10 -0.00839296 -0.237907 0.00735028 -0.0900041 0.175196 0.000734669 -0.00366874 0.0229147 0.164415 1.17762 -0.00714989 -0.0224348 -0.0322627 -0.0175465 -0.0337274 -0.0854807 -0.0241723 -0.054994 -0.0324123 -0.0657676 -0.345719 -0.144433 -0.208293 -0.0475675 -0.0668849 -0.207299 -0.377037 -0.0219714 0.00212849 0.142545 -0.044677 0.116419 -0.0123332 0.0108658 -0.0153074 -0.0248992 0.0360898 0.187665
internal_weight=2216 2181 140 2041 113 49 2018 1998 1508 366 53 313 1142 1115 1065 1045 490 1020 282 1000 467 50 152 117 435 392 95 52 297 272 68 204 48 848 642 611 589 243 87
internal_count=2216 2181 140 2041 113 49 2018 1998 1508 366 53 313 1142 1115 1065 1045 490 1020 282 1000 467 50 152 117 435 392 95 52 297 272 68 204 48 848 642 611 589 243 87
is_linear=0
shrinkage=0.05


Tree=136
num_leaves=40
num_cat=0
split_feature=12 25 30 27 30 28 11 7 27 20 29 30 0 29 8 29 5 5 9 6 6 7 17 33 8 7 4 12 3 19 30 27 26 23 7 18 3 6 6
split_gain=3986.65 14763.8 3927.07 2302.04 3460.88 2650.16 1504.14 8995.36 2810.55 16278.3 8133.75 2489.41 1702.73 1501.57 1291.92 977.831 1593.42 838.368 819.594 624.481 583.878 554.619 547.024 451.627 414.056 1022.3 1087.86 732.201 553.762 1248.96 2834.32 938.47 1359.56 732.592 595.747 540.67 515.067 492.056 943.121
threshold=-1.3944663405418394 -1.6300981044769285 -2.4608415365219112 -1.2386001944541929 -1.1101645231246946 -1.2250468134880064 1.6160847544670107 1.6315463185310366 -0.58386245369911183 0.39998349547386175 0.53710132837295543 1.158700227737427 2.798500776290894 0.071945838630199446 1.2154778838157656 -0.091077558696269975 -0.36552448570728296 -0.13407536596059796 -1.2198464870452879 2.872025847434998 -0.17402893304824826 0.92996451258659374 1.8931055068969729 -0.047487325966358178 0.11235216632485391 0.11392801254987718 0.10006712004542352 0.083669725805521025 0.73319759964942943 -0.58301496505737294 -0.048282079398632043 0.3867646604776383 -0.40620639920234675 0.13657109439373019 0.024409710429608825 1.757795035839081 0.5092715620994569 -0.070550519973039613 -0.1594545096158981
decision_type=2 2 2 2 2 2 2 2 2 2 2 2 2 2 2 2 2 2 2 2 2 2 2 2 2 2 2 2 2 2 2 2 2 2 2 2 2 2 2
left_child=2 -2 -1 13 -5 -6 7 8 9 10 15 12 14 -3 18 20 -17 22 -10 24 21 23 -8 -7 25 28 -27 -26 33 30 -30 -31 -33 34 36 -29 37 38 -20
right_child=1 3 -4 4 5 6 17 -9 11 -11 -12 -13 -14 -15 -16 16 -18 -19 19 -21 -22 -23 -24 -25 27 26 -28 35 29 31 -32 32 -34 -35 -36 -37 -38 -39 -40
leaf_value=-0.9318617639216511 1.2445675651232402 -0.11745976018941118 -0.10017637768760324 0.6641917330771685 0.48619470468589238 0.1789407495558262 0.03493203673607264 1.0116387953812427 -0.25542869495623038 1.1833172597442612 0.96894877940416346 -0.52660950481891633 -0.41718920701079903 -0.54025763166802265 -0.30062675770276637 -0.015488337775071463 -0.45214115349360962 -0.38853039396660671 -0.0038853139333103015 0.23478834604913437 -0.1726715672810219 0.28583177356492906 -0.25181335981549891 -0.072800191593987332 -0.24499098482940879 0.0099841563539071528 0.51949720427393919 -0.011286276239992642 0.74932749368250373 -0.1214756747112713 -0.056608017534017563 -0.092707031999122017 0.35462720564433509 0.24571402621269228 -0.27455940181389454 -0.22784847345864101 -0.20210076739659183 -0.096854589732233876 0.30017341643019962
leaf_weight=22 24 84 40 20 28 25 39 22 33 33 20 25 27 28 39 45 39 35 460 27 38 21 29 62 42 22 20 410 20 72 24 33 35 25 24 31 37 129 27
leaf_count=22 24 84 40 20 28 25 39 22 33 33 20 25 27 28 39 45 39 35 460 27 38 21 29 62 42 22 20 410 20 72 24 33 35 25 24 31 37 129 27
internal_value=-1.2398e-12 0.0113779 -0.395291 -0.00251719 0.00972856 0.00317737 -0.00368785 0.00657404 -0.00541047 0.139572 0.0017974 -0.0316781 -0.0236278 -0.223159 -0.0165906 -0.0823027 -0.21822 -0.189697 -0.00906006 -0.00340626 -0.00410374 0.0552072 -0.0873564 -0.000460841 -0.0079642 0.0115763 0.252609 -0.0455079 0.000150363 0.0773605 0.309726 0.00433123 0.137539 -0.020087 -0.0299024 -0.0265095 -0.0209105 -0.0100273 0.0129722
internal_weight=2216 2154 62 2130 2018 1998 1970 1867 1845 283 250 1562 1537 112 1510 230 84 103 1471 1438 146 108 68 87 1411 928 42 483 886 184 44 140 68 702 677 441 653 616 487
internal_count=2216 2154 62 2130 2018 1998 1970 1867 1845 283 250 1562 1537 112 1510 230 84 103 1471 1438 146 108 68 87 1411 928 42 483 886 184 44 140 68 702 677 441 653 616 487
is_linear=0
shrinkage=0.05


Tree=137
num_leaves=40
num_cat=0
split_feature=30 30 6 18 0 0 3 17 24 5 10 24 27 12 11 0 14 30 27 13 3 4 6 10 31 13 29 0 12 0 10 8 22 14 28 20 31 20 4
split_gain=4208.82 2044.19 2842.54 2838.17 1376.4 16485.9 1990.72 1786.31 14943.8 2004.01 1471.56 1336.94 1286.41 1850.22 2729.44 1420.2 6526.13 2691.86 985.248 1129.21 936.978 839.629 818.053 703.726 938.879 615.676 518.116 459.143 458.658 418.461 416.645 1325.6 822.659 1640.97 565.47 1021.42 768.728 1413.17 535.598
threshold=-2.4608415365219112 -0.88363802433013905 4.6428182125091562 -1.5910865664482114 -0.68312785029411305 -0.66076958179473866 -0.24449787288904187 1.8931055068969729 1.3891622424125674 3.3049092292785649 -1.2736026644706724 -1.4537886977195738 -0.79134586453437794 1.4253037571907046 1.0874515175819399 -0.57419842481613148 -0.095148753374814973 1.0098809599876406 -1.0741553902626035 1.6231963038444521 1.5710253715515139 2.0844084024429326 2.872025847434998 1.1447533965110781 -0.74593421816825856 -0.93772524595260609 1.0458561778068545 -0.88292127847671498 1.5455594062805178 0.17274641245603564 0.0094286585226655024 0.031234527938067917 0.43905407190322882 -0.10403063148260115 0.26274403929710394 -0.092555843293666826 -0.36338680982589716 -0.60003775358200062 0.40312792360782629
decision_type=2 2 2 2 2 2 2 2 2 2 2 2 2 2 2 2 2 2 2 2 2 2 2 2 2 2 2 2 2 2 2 2 2 2 2 2 2 2 2
left_child=-1 25 3 11 6 -6 18 9 -9 10 -7 -3 20 14 15 16 -14 21 19 -5 -12 22 26 24 27 29 30 -20 -25 -2 31 32 34 -34 35 36 37 -17 -38
right_child=1 2 -4 4 5 7 -8 8 -10 -11 12 -13 13 -15 -16 17 -18 -19 23 -21 -22 -23 -24 28 -26 -27 -28 -29 -30 -31 -32 -33 33 -35 -36 -37 38 -39 -40
leaf_value=0.6324126968016992 -0.0079486083239316951 -0.079167420603334912 0.59408184528350838 -0.51076579068018046 1.3037901543974877 0.39431016655130824 -0.53621311890227463 1.2816447007915248 -0.32529886710720191 0.49307109527289872 -0.10643229264003987 -0.61852625051030419 -0.21458242345187398 0.33852297719090418 -0.44638872563838961 -0.027791261204651425 0.80320592402879676 -0.58648164451122287 -0.0011721094770123586 0.0029377699643373494 -0.47367612183094021 -0.19816051990378136 0.29233422258496289 -0.32605199456214906 0.24036861600147352 -0.49432531663257145 0.24214020026001065 -0.12758222564589233 -0.025483150102875454 -0.33139147579669959 -0.043235956646973828 0.40559765751558274 -0.1008389526605606 0.53199116903401567 -0.12680256829542272 0.31233030546594553 -0.099937645573582923 0.49907459430396561 0.039100041158866783
leaf_weight=26 20 20 20 23 25 22 21 23 39 20 132 27 36 39 35 35 28 20 391 20 20 51 25 30 36 23 22 88 22 20 379 22 20 21 85 27 162 20 121
leaf_count=26 20 20 20 23 25 22 21 23 39 20 132 27 36 39 35 35 28 20 391 20 20 51 25 30 36 23 22 88 22 20 379 22 20 21 85 27 162 20 121
internal_value=9.66625e-12 -0.0075081 0.00080562 -0.00482586 0.00393955 0.0310982 -0.0575654 0.00843626 0.270825 -0.00368604 -0.0112013 -0.389012 -0.0180638 3.45561e-05 -0.011869 0.00229132 0.2307 -0.0121821 -0.0410874 -0.271834 -0.154754 -0.000580087 0.0101511 -0.0235881 -0.00588788 -0.288195 0.00243276 -0.0243957 -0.198888 -0.16967 -0.0034793 0.0258926 0.00887931 0.223294 -0.0106562 0.0163916 -0.00724851 0.163796 -0.0404904
internal_weight=2216 2190 2127 2107 2060 1429 631 1404 62 1342 1322 47 1300 1148 1109 1074 64 1010 610 43 152 990 939 567 515 63 914 479 52 40 892 513 491 41 450 365 338 55 283
internal_count=2216 2190 2127 2107 2060 1429 631 1404 62 1342 1322 47 1300 1148 1109 1074 64 1010 610 43 152 990 939 567 515 63 914 479 52 40 892 513 491 41 450 365 338 55 283
is_linear=0
shrinkage=0.05


Tree=138
num_leaves=40
num_cat=0
split_feature=29 21 19 5 3 3 29 26 26 26 13 12 19 30 30 5 4 27 3 6 30 33 26 28 18 6 28 8 4 27 30 29 29 29 5 8 27 29 3
split_gain=3993.79 2529.35 3629.95 1585.23 1239.41 3700.1 5602.28 2671.18 18344 2149.23 4924.79 1981.98 1258.77 1184.97 1094.12 977.132 791.091 775.38 4745.79 811.564 709.791 612.407 571.036 567.441 561.225 542.612 534.622 456.676 447.571 716.89 664.908 538.994 613.101 1311.83 615.627 1026.96 536.32 485.03 461.949
threshold=3.2934920787811284 -1.6710991859436033 -1.5992504954338072 3.5429087877273564 1.8624736666679385 1.6654188036918642 -0.077669773250818239 1.385194003582001 1.294765889644623 0.83371827006340038 0.81179574131965648 1.7161071300506594 0.9653870463371278 1.2409112453460696 -0.65878006815910328 -0.18866241723299024 2.0524426698684697 -1.1976896524429319 -0.51665413379669178 2.872025847434998 -0.55049610137939442 -0.047335436567664139 0.97007769346237194 -0.095167335122823701 1.5376403331756594 1.127467215061188 0.44649717211723333 0.94184795022010814 -0.97939488291740406 -0.35323175787925715 0.15867774188518527 -0.85986977815628041 -0.46601891517639155 -0.41597388684749598 -0.2432494834065437 0.20037150382995608 -0.55673480033874501 0.40936382114887243 -0.29410611093044275
decision_type=2 2 2 2 2 2 2 2 2 2 2 2 2 2 2 2 2 2 2 2 2 2 2 2 2 2 2 2 2 2 2 2 2 2 2 2 2 2 2
left_child=1 21 -3 4 5 7 -7 8 9 10 13 12 -9 14 -4 -11 23 18 -16 20 -19 -1 -17 -6 -13 27 -27 28 29 30 36 -30 34 -34 35 -33 -22 -31 -39
right_child=-2 2 3 -5 16 6 -8 11 -10 15 -12 24 -14 -15 17 22 -18 19 -20 -21 25 -23 -24 -25 -26 26 -28 -29 31 37 -32 32 33 -35 -36 -37 -38 38 -40
leaf_value=-0.57107644040476202 0.64149402615924678 0.63953526047143072 -0.18175465844571592 0.43701167777180672 -0.21872620582580568 -0.08528747088699179 1.070959312953055 -0.76136856317520152 1.4771473499990646 -0.1007495944319224 0.78771196931600573 0.064591584978408598 -0.27130682329206091 0.34664260720213258 -0.21974663123754518 -0.55117578506469733 -0.37268893281618753 0.2605825892960032 0.7886956034041942 0.29057031818058182 0.031181104515532132 -0.19358838104775974 -0.2121436917119556 -0.011188504108409773 -0.18176316440105439 -0.25999593138251281 0.048983231896445871 -0.22747447076051133 0.25884391428394754 -0.068784723878488871 -0.11769553004867502 0.16045913250209431 0.35980750745428458 0.011548547167094905 -0.24975562695153927 -0.22865576972564061 0.32589030116796497 -0.078761138468980793 -0.40412753932178025
leaf_weight=22 24 22 85 20 53 22 20 20 21 108 20 43 38 24 28 23 30 24 20 23 38 21 27 87 50 42 21 23 22 160 36 39 28 789 43 30 26 20 24
leaf_count=22 24 22 85 20 53 22 20 20 21 108 20 43 38 24 28 23 30 24 20 23 38 21 27 87 50 42 21 23 22 160 36 39 28 789 43 30 26 20 24
internal_value=-7.72964e-10 -0.00702366 0.000573839 -0.00603507 -0.0102405 0.00112015 0.465306 -0.00916788 0.00829966 -0.00960272 0.00814083 -0.210912 -0.440294 -0.00195071 -0.00745119 -0.185354 -0.139686 0.00286621 0.200438 -0.00396623 -0.00892911 -0.386722 -0.368098 -0.0897563 -0.0678572 -0.0137526 -0.157003 -0.00669095 -0.00264472 -0.0554567 0.0542099 0.0142374 0.00844473 0.023484 -0.101261 -0.00872126 0.150907 -0.109215 -0.256234
internal_weight=2216 2192 2149 2127 2107 1937 42 1895 1744 1723 1565 151 58 1545 1521 158 170 1436 48 1388 1365 43 50 140 93 1341 63 1278 1255 304 100 951 929 817 112 69 64 204 44
internal_count=2216 2192 2149 2127 2107 1937 42 1895 1744 1723 1565 151 58 1545 1521 158 170 1436 48 1388 1365 43 50 140 93 1341 63 1278 1255 304 100 951 929 817 112 69 64 204 44
is_linear=0
shrinkage=0.05


Tree=139
num_leaves=40
num_cat=0
split_feature=30 29 18 18 6 5 27 28 30 33 8 8 11 11 27 29 4 28 3 27 22 16 9 3 11 4 12 27 29 33 26 29 29 31 7 28 18 23 5
split_gain=3840.84 2054.56 1814.2 2800.51 1520.98 1826.71 1156.29 12309.1 5055.43 1882.32 1752.32 1559.56 3762.33 1617.1 1203.1 3284.19 1283.53 3773.82 1092.61 1019.23 812.894 1036.27 774.325 586.572 585.93 579.427 587.929 521.639 499.256 483.263 604.428 470.558 1001.72 653.435 1118.04 1806.05 955.534 758.263 479.792
threshold=-2.4608415365219112 2.6909836530685429 -1.6281260251998899 -1.5910865664482114 3.2509608268737797 3.3049092292785649 0.25011114776134497 1.6180556416511538 1.0098809599876406 -0.04742735251784324 0.96793350577354442 1.1994026899337771 1.1975004673004153 1.6160847544670107 0.16876037418842318 -0.31589841842651362 -1.0371792912483213 -1.0860183238983152 -0.37885349988937372 -1.1536921858787534 -0.48569265007972712 -0.50446477532386769 -0.57311171293258656 -0.58831045031547535 0.47236324846744543 2.0844084024429326 1.019953787326813 -0.54561036825180043 -0.16418681293725965 -0.047482879832386964 -0.89899092912673939 0.57625490427017223 0.42881171405315405 0.17207176983356479 -0.3312095701694488 0.27924722433090216 0.31813330948352819 0.042625412344932563 -0.29783654212951655
decision_type=2 2 2 2 2 2 2 2 2 2 2 2 2 2 2 2 2 2 2 2 2 2 2 2 2 2 2 2 2 2 2 2 2 2 2 2 2 2 2
left_child=-1 2 -2 -4 5 6 7 8 9 11 20 12 14 18 16 -16 17 -5 -13 28 29 -22 -19 -17 -24 26 -21 -15 -18 -8 -31 32 33 38 35 -35 -36 -38 -23
right_child=1 -3 3 4 -6 -7 10 -9 -10 -11 -12 13 -14 27 15 23 19 22 -20 25 21 31 24 -25 -26 -27 -28 -29 -30 30 -32 -33 -34 34 36 -37 37 -39 -40
leaf_value=0.60413474039389536 0.46040003310356825 -0.46725032490988572 -0.54368345215916636 0.7508845186512918 -0.27877800762653354 0.4698814216114226 0.015742184120145712 1.1511629925419888 0.74303729741469682 0.41613292499230464 -0.38443350799985837 -0.15506500490009786 0.68676982261240482 -0.083438458720162992 0.73628748342394834 0.16066712783649564 -0.13492966792546213 0.20925510090131028 -0.54832728703816735 -0.011630014811287932 0.34340156316757203 -0.031439892064300506 -0.12064807730007776 -0.16056980709234875 0.14554225378669799 -0.28142662630839782 -0.23411928621991987 0.20965671002864839 -0.41824918590162108 -0.11922151617069102 -0.38640057312117682 -0.16066049986332656 0.25404927743495337 0.60831566431692674 -0.22898495591975548 -0.055583851784467703 0.30007924655309093 -0.029582728782914722 -0.19045072827608356
leaf_weight=26 21 24 24 20 48 21 44 24 23 26 37 38 20 63 20 27 48 39 33 704 21 202 79 30 28 22 31 20 23 98 27 50 36 21 37 20 26 53 62
leaf_count=26 21 24 24 20 48 21 44 24 23 26 37 38 20 63 20 27 48 39 33 704 21 202 79 30 28 22 31 20 23 98 27 50 36 21 37 20 26 53 62
internal_value=-2.53718e-10 -0.00717238 -0.00207456 -0.00660228 -0.000524985 0.00591792 0.00116976 0.0291792 0.00836961 -0.00492493 -0.0491251 -0.0137181 0.0073068 -0.162667 -0.00538158 0.185022 -0.0201311 0.106763 -0.337849 -0.0455712 -0.0313254 -0.000776396 0.0185269 -0.00840494 -0.0509908 -0.0285821 -0.0210139 -0.0128131 -0.226709 -0.126768 -0.176932 -0.0150323 0.000900777 -0.0207461 0.0600298 0.284462 -0.0192954 0.0789136 -0.0687833
internal_weight=2216 2190 2166 2145 2121 2073 2052 1318 1294 1271 734 1245 1091 154 1071 77 994 166 71 828 697 528 146 57 107 757 735 83 71 169 125 507 457 421 157 41 116 79 264
internal_count=2216 2190 2166 2145 2121 2073 2052 1318 1294 1271 734 1245 1091 154 1071 77 994 166 71 828 697 528 146 57 107 757 735 83 71 169 125 507 457 421 157 41 116 79 264
is_linear=0
shrinkage=0.05


Tree=140
num_leaves=40
num_cat=0
split_feature=12 29 30 13 27 4 6 30 4 27 7 23 9 5 12 12 15 13 31 27 20 7 24 26 0 13 26 26 30 5 15 15 15 0 30 19 20 7 16
split_gain=3998.04 17105.3 7777.62 4595.65 1961.05 1683.26 1579.07 3893.06 3010.49 2315.85 3124.14 1596.85 9139.1 1454.74 1286.71 914.857 897.237 836.815 834.307 768.966 1103.21 760.579 681.58 2526.55 675.27 583.084 578.032 1986.69 1250.23 1046.11 875.142 979.493 1145.55 2720.5 823.775 607.593 1404.85 715.993 697.911
threshold=-1.2811323404312132 2.3943476676940922 -2.4608415365219112 -1.2564845085144041 -1.9917369484901426 0.1197384111583233 -0.4392834603786468 1.0098809599876406 2.0776464939117436 -1.1976896524429319 2.1604351997375493 1.3886072635650637 1.2217946052551272 1.5876004099845888 1.7161071300506594 1.1007702946662905 1.7172574996948244 1.5881919264793398 -0.44873674213886255 -0.46763706207275385 0.2236004322767258 0.49783511459827429 -0.74793687462806691 -0.70169156789779652 -0.42484520375728602 0.26934556663036352 -0.27762223780155176 -0.22980414330959317 0.093663375824689879 -0.27381822466850275 -0.30158390104770655 0.032859392464160926 0.2545489519834519 -0.31841988861560816 -0.24132506549358365 0.53583940863609325 0.64176779985427868 0.94995784759521495 0.4841600507497788
decision_type=2 2 2 2 2 2 2 2 2 2 2 2 2 2 2 2 2 2 2 2 2 2 2 2 2 2 2 2 2 2 2 2 2 2 2 2 2 2 2
left_child=2 3 -1 -2 -5 18 7 8 9 -6 11 12 16 15 -13 -8 19 24 -4 20 21 25 -21 -24 -17 -11 28 -28 34 -30 -29 -32 33 -33 -25 38 -37 -38 -34
right_child=1 -3 5 4 6 -7 13 -9 -10 10 -12 14 -14 -15 -16 17 -18 -19 -20 22 -22 -23 23 26 -26 -27 27 30 29 -31 31 32 35 -35 -36 36 37 -39 -40
leaf_value=-1.0837660804390907 0.72047857615080746 1.4032632844014603 -0.073891448047249883 -0.49873444718774407 0.46825704673926039 0.26425509077425186 -0.02152104332846581 0.6275672965579564 0.62896332472562788 -0.066027618261675039 0.61945575058460234 -0.4922487541039785 0.83588251285254955 -0.37202472499438693 -0.042986822325517149 -0.554983920213722 -0.31776882052421573 -0.050351536517240558 -0.41866642151560102 -0.083837933086841898 -0.36394213160330602 0.12369119733809791 0.57029579877853398 -0.0036614802107214927 -0.15401191640467871 -0.35161882213183815 0.51842350521612734 0.34295976623892788 0.30041958685174136 -0.06086986578781816 -0.18044487513968202 0.54582253055590568 0.0025798720238661326 -0.091465215998537408 -0.29563279944304072 0.41934245076369159 0.041919582797157948 -0.23644791673868895 -0.27710906957325182
leaf_weight=24 22 22 47 20 27 26 654 27 20 120 20 30 32 35 34 21 25 49 28 162 33 47 21 40 21 21 21 20 33 51 61 33 54 34 61 22 132 28 38
leaf_count=24 22 22 47 20 27 26 654 27 20 120 20 30 32 35 34 21 25 49 28 162 33 47 21 40 21 21 21 20 33 51 61 33 54 34 61 22 132 28 38
internal_value=-5.67146e-10 0.0164205 -0.274682 0.00167401 -0.0060513 -0.082425 -0.00119009 0.0337125 0.0205698 0.0104299 -0.000108338 -0.0108553 0.00340938 -0.0569894 -0.253578 -0.0421891 -0.0217932 -0.190727 -0.202607 -0.0146233 -0.0973028 -0.0504991 0.00790717 0.0308081 -0.354498 -0.108562 0.0127679 0.0437671 -0.0614626 0.0810653 0.0201468 0.0040864 0.0370964 0.222423 -0.180001 -0.00822064 0.0447164 -0.00679473 -0.112944
internal_weight=2216 2091 125 2069 2047 101 2027 1247 1220 1200 1173 1153 1089 780 64 745 1057 91 75 1032 221 188 811 649 42 141 628 443 185 84 422 402 341 67 101 274 182 160 92
internal_count=2216 2091 125 2069 2047 101 2027 1247 1220 1200 1173 1153 1089 780 64 745 1057 91 75 1032 221 188 811 649 42 141 628 443 185 84 422 402 341 67 101 274 182 160 92
is_linear=0
shrinkage=0.05


Tree=141
num_leaves=40
num_cat=0
split_feature=30 29 22 6 5 3 31 5 9 14 30 30 23 11 0 27 0 30 28 30 33 29 6 16 16 30 5 29 4 3 20 31 5 29 29 10 16 29 29
split_gain=4026.33 2253.42 1748.97 1782.72 1737.76 1166.05 13746.6 38001 7512.93 16229.1 3978.83 1378.79 1306.87 1118.65 1244.52 777.35 977.143 716.041 684.801 667.327 651.738 648.263 602.148 561.025 3568.83 750.557 737.391 1932.54 856.07 1144.01 649.365 580.144 539.224 649.185 896.757 514.843 492.344 454.383 440.179
threshold=-2.4608415365219112 2.6909836530685429 -1.6769025325775144 3.2509608268737797 3.3049092292785649 -0.27481402456760401 -0.57379686832427967 -0.36989144980907435 1.2217946052551272 1.5510139465332033 0.95535138249397289 1.0567454695701601 0.89250150322914135 0.94788303971290599 0.89286133646965038 -1.1976896524429319 -0.5327014923095702 -0.08294294029474257 -1.1560569405555723 0.081497162580490126 -0.047424484044313424 -0.10125617682933806 0.95694646239280712 -0.093586150556802736 -0.13545396178960797 -0.30713127553462977 -0.36989144980907435 0.19646847248077395 0.40312792360782629 1.2761320471763613 0.042302111163735397 0.14314262568950656 0.88779434561729442 -0.48707868158817286 -0.41597388684749598 -0.99767729640007008 0.2641922682523728 -0.5066140592098235 -0.2475645914673805
decision_type=2 2 2 2 2 2 2 2 2 2 2 2 2 2 2 2 2 2 2 2 2 2 2 2 2 2 2 2 2 2 2 2 2 2 2 2 2 2 2
left_child=-1 2 -2 4 5 11 7 -7 10 -10 12 13 18 14 15 16 -4 -15 35 -19 23 -11 32 24 26 -25 27 -20 37 -30 31 -27 33 -17 -35 -8 -24 -28 -5
right_child=1 -3 3 38 -6 6 8 -9 9 21 -12 -13 -14 17 -16 22 -18 19 20 -21 -22 -23 36 25 -26 30 28 -29 29 -31 -32 -33 -34 34 -36 -37 -38 -39 -40
leaf_value=0.61855079922825107 0.36490086922422055 -0.4891722108431471 -0.47069186511493871 -0.47688132155509227 0.4521108073847635 -0.47619267352249317 -0.048070350931636224 2.5038525375165044 1.3223931670188904 0.0129802393168211 -0.71328991814093157 -0.43989706097082015 -0.2662955874746496 -0.37745599728719942 0.3797183933854103 -0.1202526891533108 -0.015936148735798069 0.15539458131506331 -0.031035405215693687 -0.15153788133005128 -0.26740949912504719 -0.38959359198808674 -0.28652558681719448 0.2421184910056384 0.68808203900587706 -0.051881165286669362 -0.28224309769769512 0.56846862576901913 0.43221509406963987 -0.089689441663878308 -0.022877191628360161 -0.38921991050243382 0.25244090078132497 0.28522485134930448 0.0013847717131368904 -0.36484195596497992 0.013002979172312697 -0.047925768174231054 -0.17630055156247371
leaf_weight=26 32 24 21 21 21 23 29 20 32 20 22 21 55 29 20 105 27 21 41 113 22 20 34 23 21 26 24 20 21 21 273 25 21 29 688 23 23 150 29
leaf_count=26 32 24 21 21 21 23 29 20 32 20 22 21 55 29 20 105 27 21 41 113 22 20 34 23 21 26 24 20 21 21 273 25 21 29 688 23 23 150 29
internal_value=1.92169e-09 -0.00734352 -0.0020047 -0.00750657 -0.000427921 -0.00503447 0.0372368 0.909875 -0.00599298 0.483115 -0.0502339 -0.0384625 -0.0313874 -0.0310088 -0.0106036 -0.0188382 -0.214892 -0.152188 -0.0134181 -0.103437 0.000206623 -0.188307 -0.00838203 0.00933462 0.0596543 -0.0338794 0.0120118 0.165523 -0.031341 0.171263 -0.0534719 -0.217243 0.00225263 -0.00413904 0.0128651 -0.188181 -0.165663 -0.0802454 -0.302544
internal_weight=2216 2190 2166 2134 2084 2063 911 43 868 72 796 1152 774 1131 968 948 48 163 719 134 667 40 900 645 298 347 277 61 216 42 324 51 843 822 717 52 57 174 50
internal_count=2216 2190 2166 2134 2084 2063 911 43 868 72 796 1152 774 1131 968 948 48 163 719 134 667 40 900 645 298 347 277 61 216 42 324 51 843 822 717 52 57 174 50
is_linear=0
shrinkage=0.05


Tree=142
num_leaves=40
num_cat=0
split_feature=28 9 7 30 30 30 11 7 12 5 9 0 30 5 12 13 27 7 33 7 29 30 7 8 12 13 18 19 6 31 31 25 22 27 29 31 29 30 5
split_gain=4081.38 10622.3 4959.42 3108.21 1668.7 1594.3 1277.97 6505.5 2284.78 12719.7 1774.95 2305.06 1266.37 1074.69 1025.42 1678.11 1047.5 4718.19 831.145 703.861 664.433 580.134 578.667 809.015 680.073 565.491 501.469 1439.21 635.174 660.918 2184.81 579.751 548.176 515.212 478.355 794.856 463.226 1044.4 2242.54
threshold=-1.5452485680580137 -0.67128363251686085 -1.3164669871330259 -2.4608415365219112 -1.3757219314575193 1.2409112453460696 1.6160847544670107 1.6315463185310366 1.2761033177375796 -0.12315795570611952 1.1320444941520693 2.9056415557861333 0.9120679795742036 -0.40046019852161402 -1.3265537619590757 -1.2825429439544676 -1.1976896524429319 -0.46969753503799433 -0.047483431175351136 -1.172109007835388 1.1304740905761721 -0.65878006815910328 1.8037331700325014 2.1217476129531865 2.6859822273254399 -1.1782376766204832 -0.59442287683486927 -0.56351080536842335 2.872025847434998 0.50143270194530498 0.42740285396575933 -0.52145424485206593 -0.68940463662147511 -0.67943656444549549 -0.36237570643424982 0.69531184434890758 0.20255824923515323 0.10363025218248369 -0.27381822466850275
decision_type=2 2 2 2 2 2 2 2 2 2 2 2 2 2 2 2 2 2 2 2 2 2 2 2 2 2 2 2 2 2 2 2 2 2 2 2 2 2 2
left_child=1 -1 3 -2 -4 6 7 8 10 -10 11 12 14 -12 -6 -16 17 -17 22 -18 21 -21 -8 -24 -25 -23 32 -28 29 30 31 -29 -27 -31 35 -35 -33 38 -38
right_child=2 -3 4 -5 5 -7 18 -9 9 -11 13 -13 -14 -15 15 16 19 -19 -20 20 -22 25 23 24 -26 26 27 28 -30 33 -32 36 -34 34 -36 -37 37 -39 -40
leaf_value=1.3301858127117159 -0.9159240889278325 -0.21577953958511353 0.41855785076816876 -0.1982251141530772 0.28220173239707952 0.44349682807922364 0.10677900441611808 0.80573891150951393 -0.24337859592727715 1.3216747716069221 -0.072438807368278499 0.52639441154897215 -0.32024503567002038 -0.53157260532562556 -0.41130485835198605 0.66088665732079088 -0.25321885913610459 -0.33839282733221943 -0.45285672371586161 -0.19837582780093682 0.25232584288654231 0.2498687643380392 -0.40454857613146306 0.15589438739365766 -0.2465012002558935 -0.035935224661109398 0.41319488400504706 0.22392433892403329 0.26829922234728221 -0.31394374657422308 0.46582484155033649 -0.030465844662812276 -0.2057039399836528 -0.42437815428489734 -0.019259275248027351 -0.060896497880512816 0.046235711335158747 -0.031855789245321196 0.65633832722902297
leaf_weight=20 22 25 24 48 30 20 24 25 37 20 25 20 33 26 26 27 30 21 21 41 24 21 25 21 21 245 21 28 21 20 26 585 59 21 249 53 61 130 20
leaf_count=20 22 25 24 48 30 20 24 25 37 20 25 20 33 26 26 27 30 21 21 41 24 21 25 21 21 245 21 28 21 20 26 585 59 21 249 53 61 130 20
internal_value=-5.17528e-10 0.471316 -0.00976934 -0.423788 0.00402471 -0.000765278 -0.00508479 0.00437241 -0.00606205 0.305763 -0.0156026 -0.00741488 -0.0133726 -0.306507 -0.00761545 -0.0126441 -0.00655766 0.223702 -0.169319 -0.0132359 -0.00880543 -0.01272 -0.103887 -0.17935 -0.0453034 -0.00784053 -0.011357 0.00280339 -0.00429564 -0.00909404 0.0145467 0.000307348 -0.0688838 -0.067679 -0.0524304 -0.164047 -0.00755858 0.0559521 0.196878
internal_weight=2216 45 2171 70 2101 2077 2057 1945 1920 57 1863 1812 1792 51 1759 1729 1703 48 112 1655 1625 1601 91 67 42 1560 1539 1235 1214 1193 850 824 304 343 323 74 796 211 81
internal_count=2216 45 2171 70 2101 2077 2057 1945 1920 57 1863 1812 1792 51 1759 1729 1703 48 112 1655 1625 1601 91 67 42 1560 1539 1235 1214 1193 850 824 304 343 323 74 796 211 81
is_linear=0
shrinkage=0.05


Tree=143
num_leaves=40
num_cat=0
split_feature=30 29 22 6 30 31 15 33 7 7 27 23 11 11 6 6 6 17 30 17 27 27 27 29 8 30 29 22 14 22 18 27 27 24 26 24 29 29 5
split_gain=4063.53 2183.16 2022.84 1723.01 4932.74 2663.04 2282.07 15850.4 1657.39 5372.77 3289.16 1573.2 1355.18 1282.52 1224.1 1350.8 995.1 926.586 920.502 789.306 673.94 2168.02 543.348 457.023 475.579 460.639 429.013 425.539 1331.48 619.515 455.163 581.576 411.351 410.829 2112.58 566.349 549.27 2020.42 654.062
threshold=-2.4608415365219112 1.3590816259384157 -1.6769025325775144 -0.4392834603786468 1.0098809599876406 2.7546710968017583 1.8629074692726137 -0.047485608607530587 1.2180948853492739 1.1032164096832278 -1.1976896524429319 -1.0208426713943479 1.1336319446563723 1.6160847544670107 3.7202574014663701 2.872025847434998 2.4697717428207402 0.40278363227844244 0.9120679795742036 1.543525278568268 -0.094435125589370714 0.014414219185709955 0.4921539723873139 -0.60456100106239308 1.5056784152984621 -0.1220794916152954 -0.10125617682933806 -0.46897278726100916 -0.61012694239616383 -0.76993945240974415 1.2197860479354861 1.2478392124176028 0.18816866725683215 -0.74793687462806691 -0.70169156789779652 -0.64093452692031849 0.45624069869518286 0.37714722752571112 0.82119813561439525
decision_type=2 2 2 2 2 2 2 2 2 2 2 2 2 2 2 2 2 2 2 2 2 2 2 2 2 2 2 2 2 2 2 2 2 2 2 2 2 2 2
left_child=-1 2 -2 4 5 6 8 -8 9 10 -4 -3 33 17 15 16 18 -10 19 20 23 -22 -21 -5 25 26 -25 29 -29 -23 31 32 -30 -12 -35 -36 37 38 -37
right_child=1 11 3 14 -6 -7 7 -9 13 -11 12 -13 -14 -15 -16 -17 -18 -19 -20 22 21 27 -24 24 -26 -27 -28 28 30 -31 -32 -33 -34 34 35 36 -38 -39 -40
leaf_value=0.62140109791205489 0.43124082767301142 -0.094787662593941946 0.58518544791833216 -0.20391119892819454 0.70083705385526018 0.59003076493740092 -0.30680322634677093 1.4487637925148011 -0.12635285102802774 0.75037991559753825 -0.072051487085236995 -0.60549288892745978 -0.40758847025307743 0.018471853704088267 -0.34982789465359282 0.31401486638560894 -0.39889928145068038 -0.54520909932832573 -0.38454583212733273 -0.36135618435819783 0.51456761438222165 0.0077562211640179153 -0.036452385918660596 0.21177852416488654 0.16221856764362505 -0.11185859767668074 -0.058246146573832161 0.31158581732169677 -0.14801154144756173 -0.29576665728256624 0.16467070249574525 -0.28707639575004579 0.026137778099424153 0.47792515184568329 -0.23331761404320048 -0.023490586772878977 -0.11528558646773941 0.51062601745128633 0.10923068780880588
leaf_weight=26 27 38 23 59 27 20 36 20 23 24 216 25 22 36 35 25 21 31 20 31 21 40 22 24 24 179 38 34 46 29 28 23 129 23 27 520 91 20 113
leaf_count=26 27 38 23 59 27 20 36 20 23 24 216 25 22 36 35 25 21 31 20 31 21 40 22 24 24 179 38 34 46 29 28 23 129 23 27 520 91 20 113
internal_value=1.14792e-10 -0.00737736 0.0012143 -0.00431461 0.032226 0.017726 0.00838225 0.320185 -0.0065544 0.01064 -0.00618825 -0.297448 -0.0193681 -0.212696 -0.0604495 -0.0476774 -0.0594512 -0.366807 -0.0499085 -0.0407025 -0.0260931 0.0220118 -0.22649 -0.0780583 -0.0500382 -0.0711758 0.0462795 -0.00942797 0.0198661 -0.119811 -0.024021 -0.0507046 -0.0196386 -0.0109118 0.00572065 -0.00836586 -0.000202292 0.0158353 0.000202153
internal_weight=2216 2190 2127 2100 1272 1245 1225 56 1169 1079 1055 63 1032 90 828 793 768 54 747 727 674 350 53 324 265 241 62 329 260 69 226 198 175 1010 794 771 744 653 633
internal_count=2216 2190 2127 2100 1272 1245 1225 56 1169 1079 1055 63 1032 90 828 793 768 54 747 727 674 350 53 324 265 241 62 329 260 69 226 198 175 1010 794 771 744 653 633
is_linear=0
shrinkage=0.05


Tree=144
num_leaves=40
num_cat=0
split_feature=12 29 30 13 27 29 3 30 27 27 4 30 29 15 7 30 15 24 16 29 5 2 7 3 27 30 29 18 16 28 15 27 29 20 31 31 28 26 24
split_gain=3737.02 15619 7335.95 4071.97 1953.95 1510.77 1979.01 1316.21 4128.17 21240.2 7582.29 6594.75 8881.95 5075.19 3231.69 3063.24 2198.44 2018.97 1126.76 1054.71 981.228 947.664 1882.76 803.134 732.239 680.026 606.584 1248.32 729.893 601.012 1826.45 930.323 593.978 607.407 561.268 723.858 590.671 515.934 1708.72
threshold=-1.2811323404312132 2.3943476676940922 -2.4608415365219112 -1.2564845085144041 -1.9917369484901426 0.27167963981628424 -0.26861298084259028 0.11983910948038103 -0.58386245369911183 -0.62518873810768116 -1.0359498858451841 0.14327270537614825 -0.27605009078979487 0.68544885516166698 2.1604351997375493 1.158700227737427 1.8629074692726137 0.93824729323387157 1.6804813742637636 -0.1409986540675163 2.4500759840011601 1.0000000180025095e-35 0.36879800260066992 -0.32855626940727228 -1.0007500052452085 0.15367031842470172 0.20255824923515323 -0.26795622706413263 -0.97150602936744679 -0.51322025060653675 -0.73041802644729603 1.3749015927314761 0.98427468538284313 1.3485448360443117 0.86960539221763622 0.67931991815567028 -0.095167335122823701 0.12476687505841257 -0.1383092403411865
decision_type=2 2 2 2 2 2 2 2 2 2 2 2 2 2 2 2 2 2 2 2 2 2 2 2 2 2 2 2 2 2 2 2 2 2 2 2 2 2 2
left_child=2 3 -1 -2 -5 -4 -7 14 9 10 -9 12 -10 17 16 18 21 24 20 -20 25 32 26 -14 -12 -13 29 28 -28 30 -23 -31 33 34 35 37 -36 38 -6
right_child=1 -3 5 4 7 6 -8 8 11 -11 13 15 23 -15 -16 -17 -18 -19 19 -21 -22 22 -24 -25 -26 -27 27 -29 -30 31 -32 -33 -34 -35 36 -37 -38 -39 -40
leaf_value=-1.0513395115112265 0.67839616157791838 1.3410979769446634 -0.25925514642839081 -0.49727711252868173 -0.074171682562718694 0.40767395540520002 -0.24854027956724167 0.68427292587092292 1.3172214709577108 1.7073965848846868 -0.31160459531737228 0.25874622295732086 -0.14620880423621699 0.50572130062750409 0.55853154970840968 -0.66448111593723302 -0.52687189706678816 -0.5490493650170597 -0.50306973510693453 -0.064590594440232962 -0.36384577739983803 -0.090256790410388602 0.3683338966634539 0.28102706792679699 0.0034801224591555421 -0.018125326244325769 0.19709123410284521 0.37728535861328799 -0.16479507745488695 -0.2043734950309451 0.45516998738050463 0.17117010004818442 -0.33896063019831979 -0.32078970262537831 -0.34452327676117422 0.21428534990107573 -0.083398530276408839 -0.11950251986035856 0.21724692833377049
leaf_weight=24 22 22 54 20 235 27 20 39 21 22 28 23 22 28 22 20 24 37 24 32 20 66 36 22 54 620 22 27 38 94 20 20 21 23 32 27 67 177 64
leaf_count=24 22 22 54 20 235 27 20 39 21 22 28 23 22 28 22 20 24 37 24 32 20 66 36 22 54 620 22 27 38 94 20 20 21 23 32 27 67 177 64
internal_value=5.07951e-11 0.0158754 -0.265564 0.00178414 -0.00548771 -0.0788454 0.128434 -0.00063532 0.0397152 0.238258 0.0644893 -0.0116492 0.471195 -0.0999431 -0.0408665 -0.0541186 -0.0541463 -0.242452 -0.0371405 -0.25251 -0.0189494 -0.0424379 0.02749 0.0674091 -0.10411 -0.00822168 -0.015264 0.0949483 -0.0321034 -0.0632063 0.0365866 -0.138489 -0.0774018 -0.0686134 -0.0589788 -0.0375602 -0.167802 -0.0518456 -0.0117945
internal_weight=2216 2091 125 2069 2047 101 47 2027 1012 208 186 804 65 147 1015 739 993 119 719 56 663 969 323 44 82 643 287 87 60 200 86 114 646 625 602 503 99 476 299
internal_count=2216 2091 125 2069 2047 101 47 2027 1012 208 186 804 65 147 1015 739 993 119 719 56 663 969 323 44 82 643 287 87 60 200 86 114 646 625 602 503 99 476 299
is_linear=0
shrinkage=0.05


Tree=145
num_leaves=40
num_cat=0
split_feature=30 29 21 19 5 3 3 31 27 9 14 30 23 30 11 30 0 29 6 30 28 10 30 5 27 5 2 5 5 30 28 28 15 6 33 15 17 12 29
split_gain=4225.92 2386.91 1886.52 4526.74 1393.08 1399.43 1135.55 12174.1 36216.1 6311.3 14805 4135.56 1316.71 1293.9 895.118 882.648 920.759 836.567 804.117 673.606 613.912 575.922 540.347 534.571 539.029 474.144 521.928 499.731 557.579 492.027 842.764 2109.88 483.406 485.869 433.789 578.127 427.343 414.656 414.412
threshold=-2.4608415365219112 2.6909836530685429 -1.6710991859436033 -1.5992504954338072 3.5429087877273564 2.6286451816558842 -0.27481402456760401 -0.57379686832427967 -0.19872929900884626 1.2217946052551272 1.5510139465332033 0.95535138249397289 0.89250150322914135 1.0567454695701601 0.94788303971290599 -0.34459145367145533 0.89286133646965038 -0.039238667115569108 2.4697717428207402 -0.08294294029474257 -1.1560569405555723 -1.0023765563964842 0.098575331270694747 -0.39172627031803126 1.0000000180025095e-35 0.88779434561729442 2.2576968073844914 0.16833692789077762 -0.092589199542999254 0.31875561177730566 -0.17140911519527433 -0.41530318558216089 0.58090567588806163 -0.27604989707469935 -0.047424484044313424 -0.99347990751266468 0.95485892891883861 -0.36445645987987513 -0.36237570643424982
decision_type=2 2 2 2 2 2 2 2 2 2 2 2 2 2 2 2 2 2 2 2 2 2 2 2 2 2 2 2 2 2 2 2 2 2 2 2 2 2 2
left_child=-1 2 -2 -4 5 6 13 8 -8 11 -11 12 20 14 15 23 18 -12 25 -16 21 -9 -21 24 38 26 27 28 29 -17 31 37 33 -32 35 -22 -34 -31 -5
right_child=1 -3 3 4 -6 -7 7 9 -10 10 17 -13 -14 -15 19 16 -18 -19 -20 22 34 -23 -24 -25 -26 -27 -28 -29 -30 30 32 -33 36 -35 -36 -37 -38 -39 -40
leaf_value=0.63369629218560974 -0.44286363609135154 -0.50341808646917341 0.73339955636433196 -0.11930349142320695 0.41100109225139025 -0.40496292676437984 2.4150321750342849 -0.0072443965822458272 -0.49418490218079614 1.2289838366436237 0.026679483833520309 -0.73689317788396569 -0.26154501923105933 -0.42569995366391683 -0.35616064297741862 -0.036771401688157311 0.34252696603536609 -0.41547669195570053 -0.31399052353575829 0.13017551264037258 0.20432491165560648 -0.3536310919870933 -0.135696476473745 -0.36952196002006532 -0.20948498577025593 0.21294808323253639 0.17346733161588995 -0.23423082108298937 0.23464417774230242 -0.081753686567147585 -0.2471193658879825 0.56124681115150454 0.24999907341870398 0.024704075340301761 -0.20405764045814673 0.0007668512168360266 -0.065335394513039366 0.19826859004795552 0.13923208468383361
leaf_weight=26 24 24 21 31 20 22 20 24 23 33 23 21 55 21 29 498 20 20 20 23 37 24 113 20 51 27 41 24 24 39 35 25 22 31 24 609 21 20 31
leaf_count=26 24 24 21 31 20 22 20 24 23 33 23 21 55 21 29 498 20 20 20 23 37 24 113 20 51 27 41 24 24 39 35 25 22 31 24 609 21 20 31
internal_value=8.32546e-10 -0.00752333 -0.00202866 0.00291067 -0.00432189 -0.00827547 -0.00407771 0.0376822 0.858939 -0.00290866 0.432376 -0.0445732 -0.025765 -0.0367765 -0.0296434 -0.0115035 0.00729986 -0.178975 -0.000807202 -0.137384 -0.00770385 -0.180438 -0.0907328 -0.131251 -0.0890792 0.00695447 -0.000176082 -0.00980988 -0.00227687 -0.0105057 0.057268 0.176287 -0.0344533 -0.119445 0.00467112 0.0124257 0.0959985 0.0131691 0.0099643
internal_weight=2216 2190 2166 2142 2121 2101 2079 913 43 870 76 794 773 1166 1145 980 847 43 827 165 718 48 136 133 113 807 780 739 715 691 193 84 109 66 670 646 43 59 62
internal_count=2216 2190 2166 2142 2121 2101 2079 913 43 870 76 794 773 1166 1145 980 847 43 827 165 718 48 136 133 113 807 780 739 715 691 193 84 109 66 670 646 43 59 62
is_linear=0
shrinkage=0.05


Tree=146
num_leaves=40
num_cat=0
split_feature=28 30 16 23 33 30 12 16 19 30 6 4 6 26 21 22 9 9 3 27 27 24 8 5 5 5 29 33 27 13 29 4 24 24 15 16 19 15 4
split_gain=3824.99 10427.7 4524.21 1730.86 1641.05 3812.71 1704.11 1364.93 4569 3704.66 1364.82 1852.12 1343.42 1129.99 1055.71 1055.62 1809.67 11064 1348.1 1121.92 1018.64 1392.02 832.084 816.15 845.12 798.852 769.096 670.207 619.507 1182.77 751.955 1237.63 610.504 1415.95 730.588 719.983 797.427 605.419 552.716
threshold=-1.5452485680580137 -0.18787831068038938 -1.5581622719764707 -1.369966387748718 -0.04738738760352134 -1.3757219314575193 -1.3265537619590757 -1.043636620044708 -1.0584476590156553 1.0098809599876406 2.9755042791366582 2.1403487920761113 2.2832190990448002 -0.82753142714500416 -1.6905580163002012 2.3331806659698491 1.260655999183655 1.1875331997871401 0.95643454790115368 -0.24655509740114209 -0.46763706207275385 0.92707434296607982 -1.1999563574790952 1.3889035582542422 0.45000614225864416 -0.56858834624290455 -0.051848068833351128 -0.047486165538430207 1.0000000180025095e-35 -0.60128822922706593 -0.43391843140125269 -0.10279305651783942 -0.33827097713947291 -0.25777508318424219 -0.32069228589534754 0.0087049617432057875 0.15078239142894748 0.6371731460094453 0.77749714255332958
decision_type=2 2 2 2 2 2 2 2 2 2 2 2 2 2 2 2 2 2 2 2 2 2 2 2 2 2 2 2 2 2 2 2 2 2 2 2 2 2 2
left_child=1 -1 3 14 5 -4 -7 13 -9 10 11 12 15 22 -2 16 17 20 19 27 21 23 -8 24 -10 26 -24 -18 29 -22 31 37 -31 -34 -35 -36 -37 -30 -33
right_child=2 -3 4 -5 -6 6 7 8 9 -11 -12 -13 -14 -15 -16 -17 18 -19 -20 -21 28 -23 25 -25 -26 -27 -28 -29 30 32 -32 38 33 34 35 36 -38 -39 -40
leaf_value=1.3072378566116096 -0.45377521321449121 -0.22450090026855471 0.69529033929109574 -0.76543743714042334 -0.39926180961728097 0.43929027640684093 -0.27645403349860792 0.76150913506746298 -0.057308874638485052 0.54360559082800342 -0.28598035065413913 0.47755088113248356 0.37321765121558442 -0.45218323121468229 0.038093141578137875 0.26030406130211697 -0.1371156367854994 1.1115362159230493 -0.57109985321760182 -0.4159203149951422 0.32155029554116099 -0.39141169343557625 -0.041407561302185064 0.22445933135307353 -0.37557440934621772 -0.12967956456747176 0.34576008222673255 0.15485005836034646 0.12996432083986095 -0.15116475689269249 -0.0029996829853082699 -0.48398645200111257 0.40469766875299124 0.25820421337016991 -0.16270355536144671 0.32857309272956281 -0.00095136714780269429 -0.21147980757057666 -0.13719138178974391
leaf_weight=20 24 25 20 23 25 22 42 20 224 31 43 20 23 24 20 35 61 22 20 26 38 36 29 23 23 69 23 29 37 42 750 27 26 28 59 21 146 20 20
leaf_count=20 24 25 20 23 25 22 42 20 224 31 43 20 23 24 20 35 61 22 20 26 38 36 29 23 23 69 23 29 37 42 750 27 26 28 59 21 146 20 20
internal_value=-4.56373e-10 0.456272 -0.0094575 -0.413937 0.0034228 0.00826509 0.0015917 -0.00313553 0.00987709 0.00166253 -0.00767612 -0.000861154 -0.00637281 -0.13187 -0.230199 -0.0114695 -0.0171382 -0.00171759 -0.19198 -0.126615 -0.0178305 -0.0993584 -0.0847073 -0.0604179 -0.0869449 -0.0181506 0.12984 -0.0430378 0.00271939 0.0577319 -0.0204709 -0.146465 0.026598 0.0532624 0.0172888 -0.0125592 0.0404858 0.0101594 -0.336414
internal_weight=2216 45 2171 67 2104 2079 2059 2037 1850 1830 1799 1756 1736 187 44 1713 1678 1542 136 116 1520 306 163 270 247 121 52 90 1214 360 854 104 322 280 254 226 167 57 47
internal_count=2216 45 2171 67 2104 2079 2059 2037 1850 1830 1799 1756 1736 187 44 1713 1678 1542 136 116 1520 306 163 270 247 121 52 90 1214 360 854 104 322 280 254 226 167 57 47
is_linear=0
shrinkage=0.05


Tree=147
num_leaves=40
num_cat=0
split_feature=15 20 11 12 30 29 30 15 22 15 15 31 8 8 3 14 27 5 29 17 30 28 0 3 0 5 30 28 28 6 27 3 3 26 24 27 25 20 15
split_gain=4049.52 4527.91 1808.1 3925.78 9028.42 1636.91 1561.79 18580.4 1117.32 1088.54 5810.67 1366.02 1032.44 2945.65 1252.82 1070.8 1061.14 958.135 746.509 714.112 639.867 1542.39 4529.48 730.966 1668.92 629.977 552.38 3445.6 1070.17 948.044 545.78 547.098 661.784 507.105 487.703 456.448 479.014 2517 1568.7
threshold=-1.584319472312927 -1.6137911677360532 -1.2946693301200864 -1.2313437461853025 -0.31357385218143458 1.3590816259384157 1.0098809599876406 0.010134457144886257 -1.5647881627082822 2.1951055526733403 1.8629074692726137 2.9253710508346562 1.1994026899337771 1.1315546631813052 0.080022599548101439 0.92901721596717846 -0.43384085595607752 -0.35242359340190882 -0.33019988238811487 0.393465206027031 -0.34459145367145533 -1.2250468134880064 -0.028835674747824665 0.36389189958572393 0.58968329429626476 -0.39172627031803126 -0.18065495789051053 0.35367526113986975 -0.7005552053451537 2.3750380277633671 -0.48385247588157648 1.3119601607322695 -0.1287453509867191 1.6058637499809267 0.3490982204675675 -0.4409260749816894 -0.15596996992826459 -0.24724111706018445 -0.19662933796644208
decision_type=2 2 2 2 2 2 2 2 2 2 2 2 2 2 2 2 2 2 2 2 2 2 2 2 2 2 2 2 2 2 2 2 2 2 2 2 2 2 2
left_child=-1 -2 8 4 -4 6 9 -8 -3 10 11 12 13 15 19 20 -17 -11 -16 -14 23 22 -22 25 -25 -5 27 28 -23 30 31 32 -28 -21 -34 -32 37 -37 -39
right_child=1 2 3 5 -6 -7 7 -9 -10 17 -12 -13 14 -15 18 16 -18 -19 -20 33 21 26 -24 24 -26 -27 29 -29 -30 -31 35 -33 34 -35 -36 36 -38 38 -40
leaf_value=0.50499117007622363 -0.59942199867218737 -0.093705523905477359 1.2637750220298767 -0.078319563449997659 -0.13783753859224143 -0.35288440422578293 1.3890728268027308 -0.76617656201124196 -0.57617232847426625 -0.061224568677800045 0.67033637806889601 0.4019141129031778 0.2036657685583288 0.58590113715756509 -0.58361438569568447 -0.42239954182878137 -0.051515406301176105 -0.48842691229212853 -0.15678459580987691 -0.25150357618143687 0.85138707205653186 0.22440271286759528 -0.19999753470931736 0.40432736744934861 -0.15788489839513645 -0.31282241060057792 -0.04412443056791919 0.55238847945001912 -0.12191079653927993 -0.26579230836459566 0.23968811654909092 0.1399030448420456 -0.13061263859272004 -0.0046794043327479263 -0.43707693446250195 0.0065917805826757108 -0.016464087820665798 0.74298610880970961 0.11674723153933884
leaf_weight=39 32 28 20 95 27 33 20 20 21 35 32 20 22 21 21 30 54 21 20 38 20 30 21 22 33 41 146 32 87 35 22 27 34 46 21 288 622 20 20
leaf_count=39 32 28 20 95 27 33 20 20 21 35 32 20 22 21 21 30 54 21 20 38 20 30 21 22 33 41 146 32 87 35 22 27 34 46 21 288 622 20 20
internal_value=3.74925e-10 -0.00904669 -0.000239231 0.00677969 0.458593 -0.00358402 0.00213369 0.311448 -0.300477 -0.00412773 0.00221012 -0.00911406 -0.0135148 -0.00265095 -0.140703 -0.0099213 -0.183974 -0.221425 -0.375405 -0.0499221 -0.000874007 0.0106447 0.312873 -0.0868119 0.067 -0.149015 0.00169139 0.0926327 -0.0331125 -0.00928047 -0.00179888 -0.0714221 -0.099809 -0.116338 -0.247626 0.0145325 0.00931835 0.0582107 0.429867
internal_weight=2216 2177 2145 2096 47 2049 2016 40 49 1976 1920 1888 1868 1721 147 1700 84 56 41 106 1616 1425 41 191 55 136 1384 149 117 1235 1200 228 201 84 55 972 950 328 40
internal_count=2216 2177 2145 2096 47 2049 2016 40 49 1976 1920 1888 1868 1721 147 1700 84 56 41 106 1616 1425 41 191 55 136 1384 149 117 1235 1200 228 201 84 55 972 950 328 40
is_linear=0
shrinkage=0.05


Tree=148
num_leaves=40
num_cat=0
split_feature=30 29 6 20 5 30 7 33 14 11 13 27 5 4 31 7 13 22 9 10 6 6 27 16 19 28 0 33 33 28 28 29 16 15 29 21 10 28 29
split_gain=3796.67 2062.06 1781.54 2893.92 1120.27 3992.07 3114.94 13651 3096.09 3428.25 4727.63 3484.8 8012.48 1682.25 1188.46 1092.76 2902.84 827.995 816.279 560.976 546.677 512.133 611.577 731.447 590.621 437.291 730.279 536.317 2230.28 1145.68 941.594 2674.66 820.398 768.999 435.36 431.483 1013.11 689.474 428.924
threshold=-2.4608415365219112 2.6909836530685429 4.711318016052247 -1.6137911677360532 -0.39390975236892695 1.0098809599876406 1.6315463185310366 -0.047485608607530587 1.4663060307502749 0.96811065077781688 0.89478415250778209 -1.1976896524429319 0.57773986458778392 1.8876955509185793 0.99682173132896434 1.6315463185310366 1.7659478187561037 1.0287094712257387 -1.2198464870452879 -1.2903800606727598 2.872025847434998 1.3081901073455813 -1.1777949333190916 -1.2166458368301389 0.22916152328252795 -0.7546834647655486 -0.70584386587142933 -0.047474030405282967 -0.047472350299358361 -0.59432670474052418 0.4660057276487351 0.23727176338434222 1.0740585923194887 0.6371731460094453 -0.44043858349323267 0.13452491164207461 0.32340636849403387 0.16754089295864108 -0.06245355308055877
decision_type=2 2 2 2 2 2 2 2 2 2 2 2 2 2 2 2 2 2 2 2 2 2 2 2 2 2 2 2 2 2 2 2 2 2 2 2 2 2 2
left_child=-1 2 3 -2 15 6 8 -8 9 10 11 12 -6 25 17 18 -17 -11 19 -5 21 22 -20 -24 -23 26 -13 30 -29 -30 35 32 33 -32 -31 36 -27 -37 -36
right_child=1 -3 -4 4 5 -7 7 -9 -10 14 -12 13 -14 -15 -16 16 -18 -19 20 -21 -22 24 23 -25 -26 27 -28 28 29 34 31 -33 -34 -35 38 37 -38 -39 -40
leaf_value=0.60065027932421522 -0.45091856175826656 -0.46804780460273226 0.46769478896632793 -0.06818878232286528 1.1708826404309367 0.67753774436811609 -0.34447845796552989 1.3694972436697712 0.58961569910699674 -0.01074201075927071 0.68017575706426925 0.12938291601560734 -0.14951706374133075 -0.48397758901119237 -0.68284416556358341 -0.71569086426780348 -0.017212329341062146 -0.44498893375996329 -0.22889067647357783 -0.41564072001548047 0.18387010761004474 -0.27057742044874805 0.25213494503072331 -0.0075744759089114979 0.011276200205525931 -0.097689038817770787 -0.16275350297755986 0.47670035138726236 0.30470393211753283 -0.21507873830325419 -0.15871751979620269 0.56017217888780269 -0.27419298909328604 0.19057410717010501 0.091238185955632128 -0.41761281707634529 0.28145791441202167 -0.08822793516706913 -0.081284317902700853
leaf_weight=26 36 24 20 26 20 24 26 21 22 23 26 27 27 20 20 21 51 21 30 21 35 41 28 854 34 148 103 28 27 31 26 23 27 40 62 24 20 47 86
leaf_count=26 36 24 20 26 20 24 26 21 22 23 26 27 27 20 20 21 51 21 30 21 35 41 28 854 34 148 103 28 27 31 26 23 27 40 62 24 20 47 86
internal_value=-1.42119e-09 -0.00713101 -0.0020239 -0.00640152 0.00118266 0.0407167 0.0245435 0.42134 0.0037757 -0.0109372 0.0168322 -0.00511046 0.412355 -0.031661 -0.363261 -0.0323918 -0.220935 -0.217996 -0.0196929 -0.223433 -0.0103233 -0.0172096 -0.00688108 0.000670268 -0.142804 -0.0190792 -0.102079 -0.000760086 0.0580064 0.00109651 -0.0394963 0.0773884 -0.0420097 0.0529744 -0.044699 -0.0962269 -0.0525525 -0.199569 -0.00901138
internal_weight=2216 2190 2166 2146 2110 969 945 47 898 876 812 786 47 739 64 1141 72 44 1069 47 1022 987 912 882 75 719 130 589 234 206 355 116 93 66 179 239 168 71 148
internal_count=2216 2190 2166 2146 2110 969 945 47 898 876 812 786 47 739 64 1141 72 44 1069 47 1022 987 912 882 75 719 130 589 234 206 355 116 93 66 179 239 168 71 148
is_linear=0
shrinkage=0.05


Tree=149
num_leaves=40
num_cat=0
split_feature=15 20 33 4 29 30 33 5 30 5 0 0 17 16 15 5 11 7 27 29 0 20 19 17 20 4 7 13 23 11 14 16 15 33 4 27 3 29 5
split_gain=3592.57 3807.58 1705.39 3703.25 3312.73 3216.82 1864.34 1629.38 3405.17 3782.39 1602.64 13220.1 1843.69 6489.72 1207.31 1169.81 1147.22 1098.21 4962.71 1080.92 961.708 879.104 864.028 981.309 1737.19 669.208 650.059 641.66 639.658 874.012 804.372 629.316 2521.5 453.463 437.466 407.734 429.313 419.456 392.275
threshold=-1.584319472312927 -1.6137911677360532 -0.047460788860917084 2.1053092479705815 1.6874600648880007 -0.95633739233016957 -0.047462873160839074 0.93583095073699962 1.0098809599876406 0.700014889240265 0.84778705239295971 0.97156241536140453 1.942263722419739 1.7777344584465029 -1.513170003890991 -0.31312091648578638 1.1336319446563723 -0.35899424552917475 -1.0741553902626035 0.91963148117065441 2.798500776290894 -0.61535188555717457 0.18809021264314654 -0.032348794862627976 -0.24724111706018445 -0.28413775563240046 0.71246248483657848 0.56465253233909618 1.0580972433090212 1.7405065298080447 1.4663060307502749 -0.50446477532386769 -0.56291991472244252 -0.047472553327679627 -0.69600537419319142 -0.49271324276924128 0.40040905773639685 -0.15099124610424039 1.3070229887962344
decision_type=2 2 2 2 2 2 2 2 2 2 2 2 2 2 2 2 2 2 2 2 2 2 2 2 2 2 2 2 2 2 2 2 2 2 2 2 2 2 2
left_child=-1 -2 3 5 14 -3 7 8 9 10 12 -12 13 17 -4 25 26 18 -7 22 35 34 23 24 31 -14 27 38 33 30 -30 32 -20 -23 -19 36 -16 -37 -9
right_child=1 2 4 -5 -6 6 -8 16 -10 -11 11 -13 15 -15 20 -17 -18 21 19 -21 -22 28 -24 -25 -26 -27 -28 -29 29 -31 -32 -33 -34 -35 -36 37 -38 -39 -40
leaf_value=0.47564709415802597 -0.5499030955135823 0.64096139140427111 0.30273326692127051 0.67817430318821048 -0.68577434601991083 0.80750914324074996 0.40810278707316949 -0.28063854604959487 0.51539627566482082 0.50161588683321667 1.335356800854206 -0.091815827119835602 0.045777644540952601 0.88239312574267403 -0.076131468463469965 -0.60238323098979896 -0.41375567112682443 -0.44283225089311601 -0.019820594217797572 -0.26435050036226004 -0.40767617185007449 -0.020783798015616934 0.27046633435388551 -0.25254880980971983 0.38601663575297401 -0.33995065214959058 0.12941040013517655 -0.39663152292370801 -0.158747543284639 0.023935232758420803 -0.52414126977324482 -0.14093907214701176 0.54159553809599437 -0.25146632167426025 -0.1200961280436743 -0.14013000197582326 -0.3680752541124821 0.019686393873007212 -0.030701553920437011
leaf_weight=39 32 20 21 21 23 20 28 20 33 37 20 86 23 20 34 20 33 21 220 35 22 673 33 34 31 22 28 20 61 46 20 68 22 22 21 59 20 135 73
leaf_count=39 32 20 21 21 23 20 28 20 33 37 20 86 23 20 34 20 33 21 220 35 22 673 33 34 31 22 28 20 61 46 20 68 22 22 21 59 20 135 73
internal_value=9.05163e-10 -0.00852101 -0.000444446 0.018018 -0.108103 0.0103587 0.00331287 -0.00311966 0.0127961 0.00213 -0.0100446 0.177462 -0.0241208 -0.0115701 -0.0624449 -0.284211 -0.148374 -0.0250435 0.0370926 0.00231082 -0.0908476 -0.058341 0.0251862 0.00360152 0.0291414 -0.142801 -0.0862633 -0.139705 -0.0469406 -0.150121 -0.248968 -0.00654608 0.0312172 -0.028086 -0.281464 -0.0627419 -0.184259 -0.0289176 -0.0844514
internal_weight=2216 2177 2145 1831 314 1810 1790 1762 1588 1555 1518 106 1412 1347 291 65 174 1327 463 443 270 864 408 375 341 45 141 113 822 127 81 310 242 695 42 248 54 194 93
internal_count=2216 2177 2145 1831 314 1810 1790 1762 1588 1555 1518 106 1412 1347 291 65 174 1327 463 443 270 864 408 375 341 45 141 113 822 127 81 310 242 695 42 248 54 194 93
is_linear=0
shrinkage=0.05


Tree=150
num_leaves=40
num_cat=0
split_feature=18 16 21 18 29 30 18 33 6 5 22 16 16 33 7 6 12 30 3 15 20 18 29 27 15 15 17 25 16 17 9 9 27 33 27 22 30 30 30
split_gain=3731.16 16977.9 2761.13 21664.8 3835.83 2352.81 1646.92 1422.94 1288.5 1924.29 1125.84 1808.11 3234.28 1229.24 6000.58 1282.79 1151.01 867.4 802.701 713.494 3285.63 707.935 703.99 669.924 625.264 1963.13 606.14 578.181 570.398 526.592 521.457 588.969 507.437 467.93 467.675 462.759 452.157 408.906 1307.42
threshold=-1.642467141151428 -1.5978951454162595 -1.056096017360687 -1.0568026304244993 2.0162298083305363 1.0098809599876406 -1.5910865664482114 -0.047405436635017388 2.9755042791366582 3.179359078407288 2.3331806659698491 1.9227706193923952 1.7777344584465029 -0.04747741483151912 0.92996451258659374 2.1578789949417119 0.89923599362373363 0.63923692703247081 0.70701545476913463 -0.19662933796644208 -0.22457061707973477 0.13330585509538653 0.55552455782890331 -1.1324552893638609 -0.58635970950126637 -0.5110393464565276 -0.62855255603790272 -0.32627825438976282 -0.75628745555877674 -0.012656976934522389 1.3660992383956911 1.1875331997871401 -0.90070486068725575 -0.047478476539254182 0.59398213028907787 0.1472553834319115 -0.5347447097301482 -0.28542430698871607 -0.36816294491291041
decision_type=2 2 2 2 2 2 2 2 2 2 2 2 2 2 2 2 2 2 2 2 2 2 2 2 2 2 2 2 2 2 2 2 2 2 2 2 2 2 2
left_child=-1 -2 4 -4 6 8 -3 17 9 10 11 12 13 16 15 19 23 32 30 20 22 29 24 -5 26 -26 28 -27 -15 -21 31 -18 -8 36 -34 -23 -25 38 -38
right_child=1 2 3 5 -6 -7 7 -9 -10 -11 -12 -13 -14 14 -16 -17 18 -19 -20 21 -22 35 -24 33 25 27 -28 -29 -30 -31 -32 -33 34 -35 -36 -37 37 -39 -40
leaf_value=-0.5446932919083104 1.4225606127863839 -0.51185441877354276 1.6531597632169726 -0.30550767129287126 -0.78367256713523115 0.42367501284461473 -0.17164511552455461 0.2752610728144646 -0.2617348379398487 0.48585405588150032 0.26549129723697096 -0.34982932908221698 0.59680799885906965 -0.14185523985410639 0.8377246148681835 0.39597443987925851 -0.12458251928407196 -0.40877946359770639 -0.38481557410090206 -0.068669677665457132 0.62631426570208182 0.17549337406953178 0.20033915261360438 -0.23681716289371255 0.49723852336406704 -0.16109551656991244 -0.31338738300677005 0.15345906629448847 0.14049241815831651 -0.31781006500517073 -0.017674055702266208 -0.43039088755846022 0.034990404958574521 -0.13871223550180303 -0.22922683887649328 -0.040901734086551844 -0.037182153007242737 -0.0067090539168046179 0.44796318106708077
leaf_weight=31 21 22 20 20 22 32 77 28 49 20 37 39 22 53 23 21 74 21 31 48 23 30 37 20 20 48 29 21 27 38 83 20 103 68 20 140 41 716 21
leaf_count=31 21 22 20 20 22 32 77 28 49 20 37 39 22 53 23 21 74 21 31 48 23 30 37 20 20 48 29 21 27 38 83 20 103 68 20 140 41 716 21
internal_value=4.29098e-11 0.00772791 -0.00600198 0.0163482 -0.148723 -0.00133745 -0.0971773 -0.0605392 -0.00881431 -0.00181255 -0.00738589 -0.0132799 -0.00543915 -0.0134594 0.0469321 0.0129354 -0.0442623 -0.103084 -0.150111 -0.00271407 0.0559664 -0.061853 0.000145141 -0.0194129 -0.0372649 0.0610655 -0.117553 -0.0653615 -0.0465629 -0.178755 -0.109005 -0.189648 -0.070986 -0.0128057 -0.00797175 -0.00271436 -0.00207678 0.00395768 0.127141
internal_weight=2216 2185 2164 1871 293 1851 271 249 1819 1770 1750 1713 1674 1652 558 535 1094 221 208 514 258 256 235 886 198 89 109 69 80 86 177 94 200 866 123 170 798 778 62
internal_count=2216 2185 2164 1871 293 1851 271 249 1819 1770 1750 1713 1674 1652 558 535 1094 221 208 514 258 256 235 886 198 89 109 69 80 86 177 94 200 866 123 170 798 778 62
is_linear=0
shrinkage=0.05


Tree=151
num_leaves=40
num_cat=0
split_feature=30 30 6 28 30 30 30 4 26 5 13 14 9 4 33 6 18 29 27 30 5 5 5 29 23 15 31 15 9 16 29 18 5 31 3 12 0 30 30
split_gain=3477.45 2009.83 2801.26 2335.56 1323.59 3597.05 2176.92 1398.92 6190.94 19357 2829.2 5145.63 2418.93 1900.36 1151.8 1087.45 971.511 897.143 1260.01 719.166 665.652 2923.03 609.905 589.168 687.371 693.056 588.016 550.168 659.487 643.961 727.544 500.884 492.51 536.617 1657.49 690.623 510.258 429.022 807.333
threshold=-2.4608415365219112 -0.95633739233016957 4.6428182125091562 -1.449693977832794 1.3463437557220461 1.0567454695701601 0.9120679795742036 0.55250677466392528 0.9546494483947755 0.09737375378608705 0.97933045029640209 0.92901721596717846 -1.0603730678558347 2.1176037788391118 -0.047482103109359734 2.872025847434998 -1.5910865664482114 -0.9346151053905486 -1.1976896524429319 -0.043311089277267449 0.82119813561439525 1.2382432222366335 0.45000614225864416 -0.26970542967319483 -0.63389897346496571 -0.36572782695293421 0.2944366335868836 0.94378104805946361 1.3067128062248232 1.2510167360305788 -0.23061903566122052 1.757795035839081 0.27423581480979925 0.21232100576162341 1.4042866230010989 -1.2084381580352781 0.29222896695137029 -0.48024511337280268 -0.28542430698871607
decision_type=2 2 2 2 2 2 2 2 2 2 2 2 2 2 2 2 2 2 2 2 2 2 2 2 2 2 2 2 2 2 2 2 2 2 2 2 2 2 2
left_child=-1 26 3 16 5 6 7 10 12 31 11 17 -9 15 19 23 -3 -5 -19 -12 22 -22 32 -14 -25 -26 -2 28 -21 -29 -31 -10 33 34 35 -20 -35 -37 -39
right_child=1 2 -4 4 -6 -7 -8 8 9 -11 14 -13 13 -15 -16 -17 -18 18 20 27 21 -23 -24 24 25 -27 -28 29 -30 30 -32 -33 -34 36 -36 37 -38 38 -40
leaf_value=0.57484543036956059 -0.16595937017832074 -0.60278267562389376 0.58975519485771655 -0.25922633469104767 0.3988087921625092 -0.63606331402605232 0.48010812501112626 0.4239349348891166 0.045832288861274717 1.5364730117576464 -0.37893900481923937 0.79873407840728761 -0.11789010350520795 -0.43953744472107953 -0.56127216741442687 0.35334770219400524 -0.16815074241927103 0.29318778344563079 -0.22079191479559351 -0.42902580463886264 0.62110735205086798 -0.033350327432057576 -0.191296954847434 -0.15003148093819618 0.28492484480656427 0.020800881019411233 -0.4996289942575538 0.17425304967164995 -0.058037900147230731 -0.30750444991514092 0.018225728011457248 -0.26430350399535635 0.15148567921200465 -0.36308500960469248 0.43989945016801357 -0.17485504712125188 -0.073204637129628478 0.16892292979274995 -0.017480366092750291
leaf_weight=26 31 20 20 35 21 22 24 31 30 28 31 20 117 27 20 20 36 35 41 25 22 76 51 49 29 173 23 25 23 30 40 23 43 20 20 38 63 63 745
leaf_count=26 31 20 20 35 21 22 24 31 30 28 31 20 117 27 20 20 36 35 41 25 22 76 51 49 29 173 23 25 23 30 40 23 43 20 20 38 63 63 745
internal_value=1.33507e-10 -0.00682465 0.000791305 -0.00477546 0.00388554 -0.000181845 0.0067539 0.0010537 0.070921 0.473052 -0.0240623 0.00306409 -0.00211185 -0.033937 -0.201922 -0.00571226 -0.323376 -0.0096463 -0.00246856 -0.160617 -0.0112232 0.113569 -0.0225051 -0.0252264 0.0179675 0.0587197 -0.308078 -0.113289 -0.251261 -0.0435766 -0.121373 -0.0887549 -0.0141717 -0.021367 -0.0102312 -0.0203807 -0.143055 -0.0106681 -0.00294645
internal_weight=2216 2190 2136 2116 2060 2039 2017 1993 527 81 1466 1272 446 415 194 388 56 1252 1217 174 1182 98 1084 368 251 202 54 143 48 95 70 53 1033 990 907 887 83 846 808
internal_count=2216 2190 2136 2116 2060 2039 2017 1993 527 81 1466 1272 446 415 194 388 56 1252 1217 174 1182 98 1084 368 251 202 54 143 48 95 70 53 1033 990 907 887 83 846 808
is_linear=0
shrinkage=0.05


Tree=152
num_leaves=40
num_cat=0
split_feature=10 19 21 20 29 30 33 4 15 6 4 27 8 27 20 24 18 7 27 30 31 0 24 15 3 21 28 27 25 27 15 27 5 5 15 22 0 29 28
split_gain=3665.42 13714.4 2152.2 19663 4139.43 2213.47 1102.2 1511.79 1307.29 1094.98 1721.8 1139.99 12944.6 2577.99 1301.74 1966.38 4028.18 1213.06 917.253 892.081 795.787 1203.6 965.015 750.785 688.079 434.09 975.851 2330.65 825.912 522.813 1351 478.34 415.848 1838.29 560.977 529.225 759.484 566.29 880.694
threshold=-1.4419063925743101 -1.633947432041168 -1.056096017360687 -1.0417166352272031 2.3943476676940922 1.0098809599876406 -0.047405436635017388 0.51193472743034374 -1.5233836174011228 2.9755042791366582 2.1403487920761113 0.16876037418842318 1.3023713231086733 0.18816866725683215 1.2690043449401858 1.5304850935935976 0.66063854098320018 1.5819175839424136 -1.1536921858787534 0.65969780087471019 0.86960539221763622 0.73742666840553295 0.93824729323387157 1.8295560479164126 -0.37885349988937372 0.10278645157814027 -0.14348310977220533 -0.070171184837818132 0.18536494672298434 -0.051677344366908066 -0.63112536072731007 -0.62518873810768116 -0.079488307237625108 -0.17556152492761609 1.0349448323249819 0.73425468802452099 0.41779297590255743 -0.26970542967319483 0.52269896864891063
decision_type=2 2 2 2 2 2 2 2 2 2 2 2 2 2 2 2 2 2 2 2 2 2 2 2 2 2 2 2 2 2 2 2 2 2 2 2 2 2 2
left_child=-1 -2 4 -4 6 9 8 -8 -3 10 11 14 13 -13 15 17 -17 18 -5 -10 21 25 -22 32 -16 26 29 -28 -27 31 -31 -20 33 -15 35 36 -34 -38 -39
right_child=1 2 3 5 -6 -7 7 -9 19 -11 -12 12 -14 23 24 16 -18 -19 20 -21 22 -23 -24 -25 -26 28 27 -29 -30 30 -32 -33 34 -35 -36 -37 37 38 -40
leaf_value=-0.53987339158211989 1.3109670672938227 -0.49729580141249158 1.5747402279824021 -0.31847008588137449 -0.82456882670521736 0.41076740082353358 -0.14429001467302444 0.47048504576087002 -0.050867132398594229 -0.23946621066331863 0.45909633189439775 0.51428471667071185 1.2945482069253922 -0.0012018915817604602 -0.10319484722657274 0.78548197671771058 -0.13379624463044679 -0.40772580131888392 0.046074270163246292 -0.40167418301105501 -0.077718252604660976 0.38133600980043414 -0.45476908899843693 -0.24557304267390548 -0.38102267789535033 -0.31519123359486978 0.54995546690546548 -0.15825332216031496 -0.031539274997708512 -0.066064123965559468 0.46102819556370378 -0.07911299467457468 -0.19227064325823451 0.41637262925505641 -0.28558777962625026 0.19681911482052372 -0.13896391426141447 0.35956447450444107 -0.089685641080141071
leaf_weight=31 20 21 20 27 20 32 20 20 193 50 20 24 20 449 52 22 26 22 123 20 112 20 20 33 39 29 26 21 223 31 20 201 64 28 25 22 26 24 20
leaf_count=31 20 21 20 27 20 32 20 20 193 50 20 24 20 449 52 22 26 22 123 20 112 20 20 33 39 29 26 21 223 31 20 201 64 28 25 22 26 24 20
internal_value=4.91307e-10 0.00765953 -0.00438026 0.0153812 -0.130141 -0.00146761 -0.0794531 0.163098 -0.120915 -0.00871968 -0.00219773 -0.00747268 0.0399407 0.00484683 -0.0418404 -0.0240522 0.28754 -0.0411452 -0.0316906 -0.0838068 -0.0223165 -0.000912914 -0.134847 -0.0128471 -0.222264 -0.0122556 0.0187524 0.233522 -0.0641818 -0.00816534 0.140639 -0.0315882 -0.00117544 0.0233098 -0.0657029 -0.0304649 -0.0677802 0.0460396 0.15536
internal_weight=2216 2185 2165 1871 294 1851 274 40 234 1819 1769 1749 735 715 1014 923 48 875 853 213 826 694 132 691 91 674 422 47 252 375 51 324 658 477 181 156 134 70 44
internal_count=2216 2185 2165 1871 294 1851 274 40 234 1819 1769 1749 735 715 1014 923 48 875 853 213 826 694 132 691 91 674 422 47 252 375 51 324 658 477 181 156 134 70 44
is_linear=0
shrinkage=0.05


Tree=153
num_leaves=40
num_cat=0
split_feature=29 21 19 29 29 27 3 27 33 28 30 29 3 22 20 18 28 16 31 15 3 6 9 24 9 4 0 22 33 33 15 15 16 33 4 3 0 20 5
split_gain=3568.54 2515.77 3712.65 1251.85 3086.31 19630 52706.5 2211.19 1867.1 4176.41 2300.59 1676.6 1491.71 1702.87 1670.74 5936.08 1049.55 2241.58 1027.75 992.551 978.491 911.263 815.626 1118.28 783.45 744.411 752.039 634.282 631.263 1271.5 533.595 2856.75 522.246 498.672 480.39 474.48 831.503 836.01 492.462
threshold=3.2934920787811284 -1.6710991859436033 -1.5992504954338072 0.24387346208095553 -0.0043747618328779927 -0.61005219817161549 -0.040552949532866471 -1.1030309796333311 -0.047480421140789979 -0.65452861785888661 1.0098809599876406 0.21100564301013949 2.5604338645935063 2.3331806659698491 1.5960392355918886 1.4427022337913515 0.52269896864891063 0.5603347420692445 1.2160363197326662 1.8629074692726137 -0.39263355731964106 2.872025847434998 1.1875331997871401 1.0651214122772219 0.048379499465227134 0.55250677466392528 0.56464204192161571 1.439948618412018 -0.047462873160839074 -0.047458374872803681 -0.57336550951004017 -0.5110393464565276 1.2582956552505495 -0.047335436567664139 -0.99476307630538929 -0.81843748688697804 -0.88292127847671498 0.14839695394039157 -0.096956163644790636
decision_type=2 2 2 2 2 2 2 2 2 2 2 2 2 2 2 2 2 2 2 2 2 2 2 2 2 2 2 2 2 2 2 2 2 2 2 2 2 2 2
left_child=1 33 -3 4 12 6 -6 -5 9 -9 24 18 13 14 15 21 20 -18 25 -16 -11 22 30 -24 28 32 -27 -19 -10 -30 -4 -32 -7 -1 -25 -33 37 -37 -38
right_child=-2 2 3 7 5 11 -8 8 10 16 -12 -13 -14 -15 19 -17 17 27 -20 -21 -22 -23 23 34 -26 26 -28 -29 29 -31 31 35 -34 -35 -36 36 38 -39 -40
leaf_value=-0.5516737458380786 0.6063798619744678 0.64713679091496912 -0.080105819853620142 -0.58691145818680523 -0.12125821047764573 -0.032484212657948451 3.0645787960290911 0.56079495085137232 -0.12873510976289881 -0.055835368672616029 -0.60085091243187594 0.33188682459294799 -0.43003526431593031 0.38566757228512033 -0.094320965057704598 0.76813470829899122 0.5486891271102996 -0.231410289666167 -0.31678643074119467 -0.5059591395711458 -0.42168162309605145 0.28438474169891814 -0.50534808993339542 -0.29549418767914176 -0.32008254004247266 0.37509041360833428 -0.012582043140869718 0.11810086500644684 0.38019956641253971 -0.054272858146030237 0.55123844431794211 -0.075844110108510124 -0.30165787542238837 -0.21103750609216237 -0.010021284023033721 0.361264607263729 -0.082688193515134178 0.0051964115789707973 0.03280907628328366
leaf_weight=22 24 22 265 20 37 182 20 35 145 89 24 32 22 26 32 24 21 27 32 27 23 23 20 20 33 22 29 25 21 85 23 219 20 21 56 32 156 34 226
leaf_count=22 24 22 265 20 37 182 20 35 145 89 24 32 22 26 32 24 21 27 32 27 23 23 20 20 33 22 29 25 21 85 23 219 20 21 56 32 156 34 226
internal_value=2.36366e-10 -0.0066392 0.000937875 -0.00574589 0.0168516 0.142326 0.996579 -0.0708581 -0.0513107 0.0599396 -0.130775 -0.0112775 -0.0220924 -0.014506 -0.0234986 -0.0095708 -0.0348168 0.112697 -0.0498082 -0.282698 -0.130965 -0.0269497 -0.0337629 -0.172688 -0.0910504 -0.0160402 0.154649 -0.0633761 -0.0609386 0.0318019 -0.0197977 0.00336415 -0.0591351 -0.385317 -0.0851457 -0.0155281 0.0139568 0.177836 -0.0143573
internal_weight=2216 2192 2149 2127 1579 374 57 548 528 220 308 317 1205 1183 1157 1098 185 73 285 59 112 1074 1051 96 284 253 51 52 251 106 955 690 202 43 76 667 448 66 382
internal_count=2216 2192 2149 2127 1579 374 57 548 528 220 308 317 1205 1183 1157 1098 185 73 285 59 112 1074 1051 96 284 253 51 52 251 106 955 690 202 43 76 667 448 66 382
is_linear=0
shrinkage=0.05


Tree=154
num_leaves=40
num_cat=0
split_feature=28 6 7 30 11 7 12 11 5 12 29 5 15 30 9 30 0 29 30 33 27 29 28 4 0 0 18 10 8 10 28 27 27 27 30 29 23 8 10
split_gain=3513.97 10047.7 4230.35 3164.52 1449.62 6466.22 2202.75 12149.4 1646.59 4714.88 11251.9 4704.2 15635.2 2824.43 2127.11 2102.05 2429.58 1138.97 1119.31 944.34 739.337 938.652 887.734 811.809 679.504 1307.98 653.342 544.269 726.216 664.491 522.682 640.355 475.476 973.405 991.243 1379.93 483.627 473.39 1647.52
threshold=-1.5452485680580137 1.112892806529999 -1.3164669871330259 -2.4608415365219112 1.6160847544670107 1.6315463185310366 1.2761033177375796 1.3154855370521548 -0.26071733236312861 -1.2229315042495725 0.23727176338434222 -0.35242359340190882 -0.63112536072731007 0.9120679795742036 1.1024599671363833 -1.0270565152168272 2.7512800693511967 0.03774936497211457 0.9120679795742036 -0.047483431175351136 -0.60438063740730275 -0.17230346053838727 1.5391963720321657 -0.4150747805833816 -0.75091812014579762 -0.62732163071632374 -0.60535031557083119 -1.0723099112510679 -1.0263187885284422 -1.1261851787567136 1.6180556416511538 -0.61005219817161549 0.78191867470741283 0.5584130883216859 -0.14630585163831708 -0.44785918295383448 -0.75432783365249623 0.37150499224662786 0.57539084553718578
decision_type=2 2 2 2 2 2 2 2 2 2 2 2 2 2 2 2 2 2 2 2 2 2 2 2 2 2 2 2 2 2 2 2 2 2 2 2 2 2 2
left_child=1 -1 3 -2 5 6 8 -8 9 10 -4 18 -13 14 15 -10 20 -14 27 30 21 26 24 -23 -22 -26 -17 29 -29 -11 31 -6 33 34 -27 -36 -34 -37 -39
right_child=2 -3 4 -5 19 -7 7 -9 13 11 -12 12 17 -15 -16 16 -18 -19 -20 -21 22 23 -24 -25 25 32 -28 28 -30 -31 -32 -33 36 -35 35 37 -38 38 -40
leaf_value=-0.23092743736505508 -0.88801690346815365 1.2726490692794323 -0.18846705108880998 -0.16384560895773273 -0.13802100022363922 0.81258884906768802 1.1971749676917882 -0.2907513649586369 -0.5366094402968884 -0.0017990477659084179 1.3479364427483895 1.589139918088913 0.16076669089296569 -0.59890794567763805 -0.54271704923538933 -0.15484745375610687 0.51286528110504148 -0.3086342834867537 -0.36941811848770489 -0.47357595130091623 -0.20656169629929699 -0.095788465261459357 -0.26301776244072245 -0.48778827844985895 0.40123632533306425 -0.18013276735320688 0.16863254016196286 0.29727255165576938 -0.0070846827733111409 -0.36752340876213885 -0.30764509361723197 0.18995700885795735 0.029966153274290266 0.29237976609729233 0.3326903189222018 -0.043958077668965222 -0.23385384042906626 0.49084019871428614 -0.062693389680054862
leaf_weight=25 22 20 26 48 46 25 23 34 20 27 22 20 28 24 21 37 21 24 22 21 34 25 32 28 22 60 27 20 978 23 23 22 32 32 36 167 38 20 41
leaf_count=25 22 20 26 48 46 25 23 34 20 27 22 20 28 24 21 37 21 24 22 21 34 25 32 28 22 60 27 20 978 23 23 22 32 32 36 167 38 20 41
internal_value=6.95876e-10 0.437329 -0.00906485 -0.391442 0.003675 0.0135304 0.00335911 0.30964 -0.00579559 0.0302683 0.515718 0.00986415 0.40107 -0.0656506 -0.0471829 -0.0316974 -0.0162093 -0.0558799 -0.01646 -0.171347 -0.0338172 -0.147257 -0.0079953 -0.302883 0.00893566 0.0252904 -0.0183793 -0.00905055 -0.000985339 -0.170032 -0.101602 -0.0319105 0.00587532 0.0292989 0.00331562 0.0450084 -0.11325 -0.000415017 0.118793
internal_weight=2216 45 2171 70 2101 1989 1964 57 1907 1190 48 1142 72 717 693 672 652 52 1070 112 631 117 514 53 482 448 64 1048 998 50 91 68 426 356 324 264 70 228 61
internal_count=2216 45 2171 70 2101 1989 1964 57 1907 1190 48 1142 72 717 693 672 652 52 1070 112 631 117 514 53 482 448 64 1048 998 50 91 68 426 356 324 264 70 228 61
is_linear=0
shrinkage=0.05


Tree=155
num_leaves=40
num_cat=0
split_feature=30 28 22 16 19 30 24 6 5 29 17 33 31 8 8 11 9 15 28 14 30 27 30 4 23 0 30 21 29 4 30 8 15 7 9 11 13 12 12
split_gain=3875.44 1969.17 3998.99 1802.88 3552.41 2887.35 2063.44 1244.57 1579.06 1055.07 10925.6 2912.75 4017.98 1221.62 3322.41 1165.54 693.226 643.874 632.939 611.181 528.662 635.605 512.086 528.87 467.586 393.565 782.12 1077.57 385.778 398.826 360.197 359.749 424.903 312.794 457.152 311.244 339.308 1066.4 400.793
threshold=-2.4608415365219112 -1.5968321561813352 -1.6769025325775144 -1.043636620044708 -1.0584476590156553 1.0098809599876406 -0.81174758076667775 2.9755042791366582 3.179359078407288 -0.44785918295383448 1.8931055068969729 -0.047474030405282967 1.0250321030616762 1.1994026899337771 1.1315546631813052 1.6160847544670107 1.2217946052551272 -1.5233836174011228 -1.0515289902687071 1.3596132397651675 0.41086067259311682 -0.30422385036945337 0.65969780087471019 -1.0371792912483213 1.168053984642029 -0.49048908054828638 -0.011622950900346039 -0.026229278184473511 -0.42408676445484156 2.1176037788391118 -0.1422249302268028 -1.0538179278373716 -1.2476907372474668 0.97382035851478588 0.88032019138336193 0.68704506754875194 -0.95354408025741566 -0.92192900180816639 -0.7122400403022765
decision_type=2 2 2 2 2 2 2 2 2 2 2 2 2 2 2 2 2 2 2 2 2 2 2 2 2 2 2 2 2 2 2 2 2 2 2 2 2 2 2
left_child=-1 -2 -3 6 -5 7 17 8 9 10 11 16 -13 14 18 19 25 -4 -11 -15 21 -17 23 -19 28 26 27 -6 -20 33 -27 32 -25 34 35 36 -30 -38 -39
right_child=1 2 3 4 5 -7 -8 -9 -10 13 -12 12 -14 15 -16 20 -18 22 24 -21 -22 -23 -24 31 -26 30 -28 -29 29 -31 -32 -33 -34 -35 -36 -37 37 38 -40
leaf_value=0.60684979122418625 -0.37923547974654609 0.5536186281591654 -0.30571322781699051 0.65450287411610297 -0.07449660852551461 0.47894180575686118 -0.51485735480823835 -0.26447072369046509 0.44072766065597535 -0.29165233652151767 1.208399297297001 0.72904171779237947 -0.096311867920060967 -0.16027492495253681 0.62999757632613185 -0.0027330260122975999 -0.28732347260746688 0.15140395432710649 -0.21826091270724479 -0.52495061474058913 0.12952286148300537 -0.35899951770192101 -0.28415203236398245 -0.062034845956857654 -0.23352457731962206 -0.27737445693749646 -0.10920042546931655 0.43831720859521917 -0.10783608851524501 -0.22305872156506493 -0.057174297273159029 0.034462008352407758 -0.3062801551384231 -0.1551082889916319 0.19702974911458021 -0.10245570780336857 0.35431945882737637 -0.096438117890108033 0.012619439361606564
leaf_weight=26 35 32 28 21 20 31 31 46 20 21 20 29 30 20 20 31 36 35 22 27 26 21 21 69 24 26 48 21 65 21 65 57 24 33 29 75 22 93 895
leaf_count=26 35 32 28 21 20 31 31 46 20 21 20 29 30 20 20 31 36 35 22 27 26 21 21 69 24 26 48 21 65 21 65 57 24 33 29 75 22 93 895
internal_value=-5.12984e-10 -0.00720461 -0.00116235 -0.00952456 0.00787661 0.000484587 -0.13153 -0.00772813 -0.00101782 -0.00609535 0.0800754 -0.00198454 0.30937 -0.0236873 -0.00954005 -0.173082 -0.0870306 -0.0807471 -0.0193791 -0.369769 -0.0545656 -0.14661 -0.0501692 -0.0236089 -0.0149086 -0.046972 0.0277877 0.188164 -0.0107279 -0.00702497 -0.120089 -0.0644453 -0.125066 -0.00328181 0.000967786 -0.00397638 0.00289427 0.0100205 0.0023539
internal_weight=2216 2190 2155 2123 1858 1837 265 1806 1760 1740 295 275 59 1445 1320 125 216 234 1300 47 78 52 206 185 1279 180 89 41 1255 1233 91 150 93 1212 1179 1150 1075 1010 988
internal_count=2216 2190 2155 2123 1858 1837 265 1806 1760 1740 295 275 59 1445 1320 125 216 234 1300 47 78 52 206 185 1279 180 89 41 1255 1233 91 150 93 1212 1179 1150 1075 1010 988
is_linear=0
shrinkage=0.05


Tree=156
num_leaves=40
num_cat=0
split_feature=30 30 30 25 15 17 22 21 3 30 26 10 10 8 18 30 3 19 20 21 5 29 17 5 5 8 29 5 22 17 8 24 8 3 4 13 17 4 20
split_gain=3497.59 1886.12 2724.9 2198.08 1159.19 5264.45 1676.14 11400.5 2366.32 2038.69 1572.55 1241.16 6112.05 7424.88 4442.66 1310.45 1181.46 1141.46 6449.15 1654.95 1772.51 2780.76 1092.59 1033.01 882.439 871.252 1512.87 741.201 683.365 645.862 670.062 665.906 592.119 591.378 570.368 557.208 553.197 488.941 544.683
threshold=-2.4608415365219112 -0.88363802433013905 -0.7744469642639159 -1.6367047429084776 2.1951055526733403 1.8931055068969729 0.58130306005477916 0.55133631825447094 2.5604338645935063 0.86204820871353161 0.68636986613273632 -0.57133969664573658 -0.53129842877387989 -0.52780917286872853 -0.87463015317916859 1.2409112453460696 0.64087116718292247 0.18809021264314654 0.19484905898571017 0.11068857461214067 0.82119813561439525 -0.18502976745367047 -1.5672225952148435 0.45000614225864416 -0.35242359340190882 -0.21955074369907376 0.081273693591356291 0.82119813561439525 0.20176216959953311 -0.49061308801174158 -0.44850806891918177 -0.37390972673892969 1.2742861509323122 -0.82119348645210255 -1.0187374949455259 -0.93772524595260609 0.41241078078746801 1.6952857375144961 0.010832263622432949
decision_type=2 2 2 2 2 2 2 2 2 2 2 2 2 2 2 2 2 2 2 2 2 2 2 2 2 2 2 2 2 2 2 2 2 2 2 2 2 2 2
left_child=-1 35 -3 -4 5 6 7 8 10 27 11 15 13 -13 -14 22 32 19 -19 20 23 -22 -5 29 -6 -20 28 -8 -27 34 -31 -32 33 -12 -16 -2 -30 38 -33
right_child=1 2 3 4 24 -7 9 -9 -10 -11 16 12 14 -15 17 -17 -18 18 25 -21 21 -23 -24 -25 -26 26 -28 -29 36 30 31 37 -34 -35 -36 -37 -38 -39 -40
leaf_value=0.57650733658900621 -0.16370368998497725 0.50024338199032681 -0.46215346684822678 0.31874618445123948 -0.070198550564902179 0.60589916861305637 -0.038569530712101119 0.94109547187884657 0.54144651517272002 -0.56658801663489577 0.016906075940831846 -0.013420379026369614 0.73277446161068627 1.3009805578561058 -0.31246575749828481 -0.43743482757182356 -0.44571407677665836 0.84769400084018709 -0.23685711313258198 -0.29831630295436634 0.61410570972495615 -0.11771009796857834 -0.049710824135302881 -0.35246010760848345 -0.48017864397593907 0.19413509930555639 0.37484448419085575 -0.22549504493592215 -0.23362884476054005 0.25691134887933731 -0.17263643801704331 0.014593895848485687 0.093570646084845069 -0.30947016884173667 -0.05324830691078826 -0.47255889909422921 0.0099742171113137851 -0.19882709383964539 0.24588513794044653
leaf_weight=26 40 27 26 21 35 36 406 33 20 21 23 22 21 21 32 21 31 25 34 57 27 25 480 26 21 26 28 61 41 25 53 168 30 35 63 23 54 22 30
leaf_count=26 40 27 26 21 35 36 406 33 20 21 23 22 21 21 32 21 31 25 34 57 27 25 480 26 21 26 28 61 41 25 53 168 30 35 63 23 54 22 30
internal_value=-1.72227e-10 -0.00684438 0.00114143 -0.0052756 0.000451895 0.00667886 -0.00420507 0.0220739 0.00131566 -0.0846573 -0.00618095 0.00949008 0.0486244 0.628496 0.0156859 -0.0504859 -0.180274 -0.00477454 0.0944336 -0.0438565 -0.013062 0.262271 -0.0342665 -0.0472323 -0.223941 -0.00847081 0.0436442 -0.0629859 -0.0329972 -0.0270391 0.00915163 -0.013537 -0.086767 -0.180045 -0.140564 -0.27646 -0.0951597 0.0247915 0.049638
internal_weight=2216 2190 2127 2100 2074 2018 1982 1494 1461 488 1441 1322 800 43 757 522 119 736 208 528 471 52 501 419 56 183 149 467 121 393 298 273 88 58 95 63 95 220 198
internal_count=2216 2190 2127 2100 2074 2018 1982 1494 1461 488 1441 1322 800 43 757 522 119 736 208 528 471 52 501 419 56 183 149 467 121 393 298 273 88 58 95 63 95 220 198
is_linear=0
shrinkage=0.05


Tree=157
num_leaves=40
num_cat=0
split_feature=28 30 7 30 30 30 11 7 12 9 30 9 3 12 8 33 17 29 28 28 30 27 5 27 6 27 27 33 4 4 30 28 20 27 23 8 3 14 12
split_gain=3415.24 9531.76 4194.85 3378.36 1410.39 1344.59 1234.43 6116.63 2294.61 11460.5 1492.66 1449.9 1543.04 964.739 1276.43 840.015 665.864 571.579 540.523 4157.57 459.314 498.891 437.906 382.395 613.28 511.636 1082.07 980.029 2178.89 507.675 546.335 537.297 2726.02 730.403 661.257 631.911 577.473 577.582 970.901
threshold=-1.5452485680580137 -0.18787831068038938 -1.3164669871330259 -2.4608415365219112 -1.3757219314575193 1.2409112453460696 1.6160847544670107 1.6315463185310366 1.2761033177375796 1.2392280697822573 1.0098809599876406 1.1875331997871401 2.5976400375366215 -1.3265537619590757 -1.1999563574790952 -0.047483431175351136 1.8310874700546267 -0.48264776170253748 -1.2588761448860166 -1.179234445095062 0.50587067008018505 -0.30422385036945337 2.941359400749207 -0.46763706207275385 2.872025847434998 1.0000000180025095e-35 -0.020698061212897297 -0.047474030405282967 0.57094863057136547 -1.0347204208374021 0.30846130847930914 0.4051686972379685 0.13133033365011218 0.73898935317993175 -0.27527187764644617 0.020558199845254425 0.73319759964942943 -0.79764407873153675 -0.59154635667800892
decision_type=2 2 2 2 2 2 2 2 2 2 2 2 2 2 2 2 2 2 2 2 2 2 2 2 2 2 2 2 2 2 2 2 2 2 2 2 2 2 2
left_child=1 -1 3 -2 -4 6 7 8 10 -10 11 12 13 -6 -15 17 18 -8 -16 -20 21 -19 23 -21 25 26 27 -25 -29 30 -27 34 -33 35 36 -34 37 -31 -39
right_child=2 -3 4 -5 5 -7 15 -9 9 -11 -12 -13 -14 14 16 -17 -18 20 19 22 -22 -23 -24 24 -26 29 -28 28 -30 31 -32 32 33 -35 -36 -37 -38 38 -40
leaf_value=1.2447306490037591 -0.90278393219817765 -0.2197303707608953 0.38485024223725001 -0.15454575397695106 0.27131964363157751 0.40733493581414226 -0.33635614216327669 0.78172024261951456 1.1690547777258833 -0.27606920135371826 -0.44463191509246824 -0.31599190839027108 0.35787043242940103 -0.27748597568935818 -0.16900720815174283 -0.45107934588477727 -0.24950542801192832 0.013533632585714604 0.6839213673364033 -0.053463922392845586 0.15604864604432475 -0.31107277721166615 -0.23495330782163715 -0.016749482520985126 0.24769162588502069 -0.17202769687561237 0.40818394795060159 0.46157645002791758 -0.034533995256390213 0.045564914617757753 0.095845248301823949 0.57725101330063555 0.24894784385388768 -0.085879688619019595 -0.1815681245480035 0.022491532788262703 0.17351220677503282 -0.26912865069295683 0.0052458400078313917
leaf_weight=20 22 25 24 48 30 20 20 25 23 34 20 38 29 45 48 21 28 29 22 325 22 20 21 274 26 92 20 38 53 106 24 22 37 139 74 184 36 56 76
leaf_count=20 22 25 24 48 30 20 20 25 23 34 20 38 29 45 48 21 28 29 22 325 22 20 21 274 26 92 20 38 53 106 24 22 37 139 74 184 36 56 76
internal_value=7.74482e-11 0.431141 -0.0089366 -0.389706 0.00374969 -0.00065398 -0.00462081 0.00467387 -0.00544392 0.307051 -0.015005 -0.0103427 -0.00390798 -0.00981539 -0.0146459 -0.166033 -0.00769245 -0.100253 -0.00364537 0.00123916 -0.0337452 -0.118959 -0.00813015 -0.00511923 0.0073804 0.00230478 0.0500881 0.0304664 0.172633 -0.0194406 -0.116606 -0.00400066 0.0369418 0.00392288 -0.0489432 0.060405 -0.0131248 -0.0413556 -0.111155
internal_weight=2216 45 2171 70 2101 2077 2057 1945 1920 57 1863 1843 1805 1776 1746 112 1701 91 1673 1625 71 49 1603 1582 1257 1231 385 365 91 846 116 730 382 360 348 221 274 238 132
internal_count=2216 45 2171 70 2101 2077 2057 1945 1920 57 1863 1843 1805 1776 1746 112 1701 91 1673 1625 71 49 1603 1582 1257 1231 385 365 91 846 116 730 382 360 348 221 274 238 132
is_linear=0
shrinkage=0.05


Tree=158
num_leaves=40
num_cat=0
split_feature=15 20 33 4 30 30 33 5 5 30 7 21 5 30 10 27 29 11 29 7 13 0 29 6 27 7 13 30 33 19 29 30 27 30 27 4 6 0 29
split_gain=3600.11 4008.15 1678.37 3465.79 2826.84 2686.46 1536.6 1637.84 3167.43 9528.57 9555.84 4742.89 4550.8 1510.96 1457.47 1132.83 1649.12 996.043 992.357 1085.24 2223.82 932.466 807.952 767.906 591.984 504.72 570.445 494.26 1045.86 1201.86 599.276 946.152 498.469 441.115 588.987 571.112 429.818 393.486 392.778
threshold=-1.584319472312927 -1.6251678466796873 -0.047460788860917084 2.1053092479705815 -0.95633739233016957 -1.3757219314575193 -0.047462873160839074 0.93583095073699962 -0.35242359340190882 0.83155819773674022 1.6315463185310366 -1.0440135598182676 0.700014889240265 1.0098809599876406 -1.2903800606727598 -0.58386245369911183 -0.0086820246651768667 1.1336319446563723 0.91963148117065441 1.6315463185310366 1.7659478187561037 2.798500776290894 -0.63984397053718556 2.872025847434998 -0.90070486068725575 0.71246248483657848 0.56465253233909618 -0.011622950900346039 -0.047481721267104142 0.19644626975059512 0.063669886440038695 0.4863469004631043 0.51373675465583812 0.11983910948038103 0.21318208426237109 -0.53064361214637745 1.739593029022217 -0.62732163071632374 -0.15099124610424039
decision_type=2 2 2 2 2 2 2 2 2 2 2 2 2 2 2 2 2 2 2 2 2 2 2 2 2 2 2 2 2 2 2 2 2 2 2 2 2 2 2
left_child=-1 -2 3 4 -3 -4 7 8 13 10 11 -10 15 18 -7 16 -13 25 19 23 -21 24 -17 36 -16 26 -9 28 -24 -30 31 33 -32 -29 35 -35 -6 -22 -26
right_child=1 2 5 -5 6 14 -8 17 9 -11 -12 12 -14 -15 21 22 -18 -19 -20 20 37 -23 27 -25 38 -27 -28 30 29 -31 32 -33 -34 34 -36 -37 -38 -39 -40
leaf_value=0.47614594169725211 -0.65111263046662016 0.60085159182548531 -0.66797639131546027 0.6557549269426437 -0.0044367555230066776 0.21562550763289134 0.37059871630210961 -0.085485465731471783 0.69157779872417446 1.1578674174845218 1.043942246834437 -0.082925219639487902 0.53144361530031481 -0.43682747820149298 -0.25902685008943083 -0.31231808817904927 -0.61766778287433444 -0.39564523687868408 -0.30581615547980034 -0.61116654994371145 0.12836670820446064 -0.42354566109451386 -0.15604213948907525 0.30235743165016177 -0.15285414423673385 0.099547871494931842 -0.37983250133693219 -0.19983493346592476 0.035494085888449961 0.48520134985446933 -0.070727148119153246 0.34140137761831285 -0.32614382138619058 0.31197677533263746 -0.1568984046321491 -0.012589882980241921 -0.19382716763404109 -0.14988146718177531 -0.0013504412639346243
leaf_weight=39 24 20 20 21 891 39 28 93 25 21 24 46 35 23 40 23 21 33 31 23 24 22 29 20 62 28 20 29 39 24 72 20 26 23 29 33 31 27 138
leaf_count=39 24 20 20 21 891 39 28 93 25 21 24 46 35 23 40 23 21 33 31 23 24 22 29 20 62 28 20 29 39 24 72 20 26 23 29 33 31 27 138
internal_value=3.21167e-10 -0.00852995 -0.00136692 0.0171122 0.00970662 -0.10683 0.00310534 -0.0027312 0.0132163 0.114577 0.0705828 0.0212988 -0.0160219 -0.0359484 -0.0695449 -0.0623052 -0.250531 -0.148366 -0.0271421 -0.0186392 -0.203011 -0.111994 -0.0259619 -0.00415567 -0.083435 -0.0904926 -0.137582 -0.00563412 0.0924335 0.206811 -0.044523 0.0241997 -0.138491 -0.0314497 0.0259994 0.120714 -0.0108045 -0.0189411 -0.0483166
internal_weight=2216 2177 2153 1832 1811 321 1791 1763 1589 519 498 474 449 1070 301 414 67 174 1047 1016 74 262 347 942 240 141 113 324 92 63 232 134 98 114 85 56 922 51 200
internal_count=2216 2177 2153 1832 1811 321 1791 1763 1589 519 498 474 449 1070 301 414 67 174 1047 1016 74 262 347 942 240 141 113 324 92 63 232 134 98 114 85 56 922 51 200
is_linear=0
shrinkage=0.05


Tree=159
num_leaves=40
num_cat=0
split_feature=30 28 22 16 16 30 24 6 5 4 14 23 13 11 6 31 16 15 31 6 4 29 28 8 20 31 5 5 5 3 8 21 28 29 29 22 15 20 22
split_gain=3394.46 1910.86 3936.32 1659.33 3351.38 2764.6 1912.15 1356.2 1581.58 1014.91 6115.16 13019 2282.01 4553.53 1475.54 995.565 1060.72 1377.55 832.572 1018.61 899.77 1365.41 806.589 688.307 662.078 644.471 594.412 2476.46 563.986 499.249 486.464 446.302 370.92 352.868 893.561 451.409 764.67 1848.37 736.997
threshold=-2.4608415365219112 -1.5968321561813352 -1.6769025325775144 -1.043636620044708 -0.99494946002960194 1.0098809599876406 -0.80417609214782704 2.9755042791366582 3.179359078407288 0.55250677466392528 1.4059720635414126 1.751758396625519 0.9618494212627412 0.92895847558975231 2.1986874341964726 -0.85590088367462147 0.7553827464580537 1.6533120274543764 0.86960539221763622 -0.25273083150386805 0.94101473689079296 0.048317316919565208 -0.96137806773185719 0.95140758156776439 -1.589679956436157 1.132662892341614 0.82119813561439525 1.2087662220001223 0.45000614225864416 0.023524343967437748 1.423182547092438 1.5525901317596438 -0.4313263595104217 -0.5066140592098235 -0.45463125407695765 -0.24573512375354764 0.21530369669198993 0.16362944990396502 -0.30062720179557795
decision_type=2 2 2 2 2 2 2 2 2 2 2 2 2 2 2 2 2 2 2 2 2 2 2 2 2 2 2 2 2 2 2 2 2 2 2 2 2 2 2
left_child=-1 -2 -3 6 -5 7 24 8 9 12 14 -12 13 22 18 31 -17 30 19 -11 21 -21 -6 26 -4 -20 28 -28 33 -19 -18 -14 -27 -24 -35 38 -37 -38 -36
right_child=1 2 3 4 5 -7 -8 -9 -10 10 11 -13 15 -15 -16 16 17 29 25 20 -22 -23 23 -25 -26 32 27 -29 -30 -31 -32 -33 -34 34 35 36 37 -39 -40
leaf_value=0.56794444110531073 -0.37322402746682726 0.54962593354284761 -0.35622362107038502 0.5712900460912631 -0.24795066966778703 0.46777226223099622 -0.5248968466564462 -0.28263075624761935 0.4405092012882233 0.33094531215470413 1.5556476151943208 -0.20696440197471846 -0.11342672646798668 0.7114277457987721 0.41776605963706975 -0.50880433393247204 -0.14495288685840721 -0.55561721720125368 -0.26512341761007541 -0.067490473648776181 -0.07997131240166104 0.49738973796367647 -0.095462064901667254 -0.27759824226731838 -0.055636961944401264 -0.23318277545597244 0.58128893327983944 -0.043236421947285802 -0.18485958579513762 -0.21404399871826174 0.14905857791503271 0.16382896674885639 -0.018272692085349863 0.33746361494064336 0.026082776873513604 -0.10044955867245638 0.4885097067989409 -0.011474732484966213 0.33384392786593664
leaf_weight=26 35 32 20 26 36 31 27 44 20 29 20 22 47 22 20 33 34 23 41 23 96 20 93 23 218 23 22 57 45 20 24 21 158 20 264 216 20 244 21
leaf_count=26 35 32 20 26 36 31 27 44 20 29 20 22 47 22 20 33 34 23 41 23 96 20 93 23 218 23 22 57 45 20 24 21 158 20 264 216 20 244 21
internal_value=-8.75772e-10 -0.00674272 -0.000790588 -0.00908702 0.007607 -0.000392873 -0.126134 -0.00845124 -0.00158505 -0.00667537 0.0577663 0.632375 -0.0293428 -0.000566245 -0.00109597 -0.183625 -0.262699 -0.182288 -0.0225761 0.0614029 0.00516739 0.195245 -0.0153296 -0.00715944 -0.0808963 -0.0861277 -0.000951767 0.130682 -0.0122184 -0.396746 -0.023293 -0.0278036 -0.0455817 -0.00337001 0.00754026 -0.00108519 -0.0306807 0.0264029 0.0487599
internal_weight=2216 2190 2155 2123 1858 1832 265 1801 1757 1737 452 42 1285 1083 410 202 134 101 390 168 139 43 1061 1025 238 222 1002 79 923 43 58 68 181 878 785 765 480 264 285
internal_count=2216 2190 2155 2123 1858 1832 265 1801 1757 1737 452 42 1285 1083 410 202 134 101 390 168 139 43 1061 1025 238 222 1002 79 923 43 58 68 181 878 785 765 480 264 285
is_linear=0
shrinkage=0.05


Tree=160
num_leaves=40
num_cat=0
split_feature=18 16 20 18 3 29 30 18 15 15 22 11 9 33 5 28 18 12 4 8 33 29 27 0 4 6 19 3 33 3 28 21 30 27 15 17 20 7 10
split_gain=3601.27 14339.8 2211.46 8977.74 17311.2 3867.21 1736.32 1522.32 1363.78 1006.49 4941.52 1450.05 7547.98 1878.42 1529.53 1060.26 756.049 656.47 482.656 434.643 448.4 1915.68 3765.53 639.058 861.287 637.459 540.844 476.656 1158.18 1244.53 794.607 1713.4 788.889 558.752 655.014 1071.68 583.514 469.744 455.055
threshold=-1.642467141151428 -1.5978951454162595 -1.1401053667068479 -1.0717446804046629 -0.31270918250083918 2.3943476676940922 1.0098809599876406 -1.5910865664482114 -1.513170003890991 2.7634010314941411 2.3331806659698491 1.2957069873809817 1.2217946052551272 -0.047480421140789979 3.0898362398147587 -1.1059088706970213 1.7937170863151553 -0.92880499362945546 2.0844084024429326 -1.0783468484878538 -0.047474030405282967 -0.44785918295383448 0.18121211230754855 0.18115311861038211 -0.40523913502693171 1.7964332699775698 -0.72336301207542408 -0.58831045031547535 -0.047476824373006814 -0.62276062369346608 0.58061459660530101 0.62624451518058788 0.49311739206314092 0.47329057753086096 0.2545489519834519 0.059342432767152793 1.0000000180025095e-35 0.38788214325904852 0.31363297998905187
decision_type=2 2 2 2 2 2 2 2 2 2 2 2 2 2 2 2 2 2 2 2 2 2 2 2 2 2 2 2 2 2 2 2 2 2 2 2 2 2 2
left_child=-1 -2 5 4 -4 7 9 -3 -9 10 11 12 14 -13 15 -5 18 -10 19 -17 25 22 -22 24 -23 27 -26 28 29 -21 33 -32 -33 34 35 36 38 -37 -29
right_child=1 2 3 6 -6 -7 -8 8 17 -11 -12 13 -14 -15 -16 16 -18 -19 -20 20 21 23 -24 -25 26 -27 -28 30 -30 -31 31 32 -34 -35 -36 37 -38 -39 -40
leaf_value=-0.53512815890773646 1.3078657689548674 -0.48089907494458289 -0.28550038628280161 -0.30010003348191583 1.7948339117690921 -0.79310613842237565 0.3570831905711781 0.34899677298963072 -0.041351046977281758 -0.33051745623039702 0.77699657220393425 -0.082905267040828262 0.81409624857561935 -0.55832180157303812 0.40013584223660559 -0.20674161693224541 -0.29217194405694807 -0.28067903946552958 -0.15908450640003699 -0.010135029684313545 0.69791396011908846 0.40986105695366865 -0.12419611174040115 -0.037817072772293028 0.2277357029914856 -0.27738886073879571 -0.10371398860588671 -0.074676992774412448 0.38307460986432579 0.36530132922141451 0.41952437450392888 -0.10758237875998021 0.24395140312612057 -0.28806727691553535 -0.20026108450773689 0.37917226579040292 -0.3072378860165676 0.036482911556959152 0.17403965441598779
leaf_weight=31 21 22 20 33 20 21 33 20 158 24 20 123 28 25 22 26 24 35 52 548 30 20 26 253 20 23 32 148 21 23 26 79 20 32 72 20 24 20 21
leaf_count=31 21 22 20 33 20 21 33 20 158 24 20 123 28 25 22 26 24 35 52 548 30 20 26 253 20 23 32 148 21 23 26 79 20 32 72 20 24 20 21
internal_value=-6.87619e-10 0.00759221 -0.00502597 0.0134885 0.754667 -0.143017 -0.00238253 -0.0849237 -0.0440249 -0.00884704 -0.00458415 -0.013312 0.000190846 -0.163212 -0.0139202 -0.0196385 -0.0137057 -0.0847525 -0.00935462 -0.00410802 -0.000494526 0.0461252 0.31622 -0.000414252 0.131015 -0.0169867 0.0237667 -0.0113043 0.0183995 0.00498763 -0.0493664 0.0583012 -0.0365655 -0.0893024 -0.0684484 -0.0277166 -0.076534 0.207828 -0.0437714
internal_weight=2216 2185 2164 1908 40 256 1868 235 213 1835 1811 1791 1643 148 1615 1593 1560 193 1536 1484 1458 381 56 325 72 1077 52 1054 592 571 462 125 99 337 305 233 193 40 169
internal_count=2216 2185 2164 1908 40 256 1868 235 213 1835 1811 1791 1643 148 1615 1593 1560 193 1536 1484 1458 381 56 325 72 1077 52 1054 592 571 462 125 99 337 305 233 193 40 169
is_linear=0
shrinkage=0.05


Tree=161
num_leaves=40
num_cat=0
split_feature=12 22 30 33 12 4 29 30 29 5 31 31 27 13 14 28 31 24 5 0 27 0 6 33 9 6 16 3 29 31 17 28 19 5 5 27 29 27 27
split_gain=3414.57 12586.3 3578.61 2212.4 4323.86 2821.87 1701.73 2242.7 1234.31 1123.01 2930.4 17406 3719.23 1846.69 5502.02 1463.01 1385.45 1118.33 845.745 832.001 661.418 631.863 627.523 647.144 976.483 1149.71 885.045 875.284 617.149 514.423 509.338 494.971 2183.56 933.508 689 1613.08 482.369 723.606 566.104
threshold=-1.3944663405418394 -1.6634678840637205 -2.4608415365219112 -0.047459915280342095 -1.2313437461853025 2.1053092479705815 1.3590816259384157 1.0098809599876406 1.6874600648880007 1.4664171338081362 0.83366858959198009 0.9533381760120393 -0.52565717697143544 0.90714541077613842 0.86661320924758922 -1.2250468134880064 1.0897184014320376 0.67711979150772106 -0.086038753390312181 2.798500776290894 -0.051677344366908066 1.1622336506843569 1.112892806529999 -0.047476824373006814 -0.09692582860589026 -0.1594545096158981 -0.42436783015727991 1.14246541261673 -0.15985984355211255 0.17207176983356479 1.4656423330307009 0.4660057276487351 0.25861126184463507 0.4893088191747666 -0.092589199542999254 0.6442432999610902 0.33711639046669012 0.37335479259490972 0.96878236532211315
decision_type=2 2 2 2 2 2 2 2 2 2 2 2 2 2 2 2 2 2 2 2 2 2 2 2 2 2 2 2 2 2 2 2 2 2 2 2 2 2 2
left_child=2 -2 -1 4 -3 6 7 9 19 10 13 -12 -13 14 15 -6 -11 -18 -15 28 -20 -14 23 30 25 27 -27 36 -5 -24 31 33 -33 -17 -34 -36 37 -25 -39
right_child=1 3 -4 8 5 -7 -8 -9 -10 16 11 12 21 18 -16 22 17 -19 20 -21 -22 -23 29 24 -26 26 -28 -29 -30 -31 -32 32 34 -35 35 -37 -38 38 -40
leaf_value=-0.87804342702200477 1.1039688963156482 0.71383041495626631 -0.084113838151097298 -0.18269064572364602 0.33882331949087885 0.55898284478032068 -0.41658171981495501 0.42207531817257404 -0.5120954769849777 -0.017159904036167507 1.5937805682420731 0.64370660722255713 -0.29669615496592278 -0.08772717608311742 0.81613514834926237 -0.026264777690857801 -0.10764944709482648 -0.6123198335585387 -0.17559081065383825 -0.39876587980172856 -0.53998723715543751 -0.027200548834670553 -0.04601549525456182 -0.15868125212080075 0.32046891503628372 0.49214543494440266 0.033097488699214798 0.25270438738491224 -0.016106362486665218 -0.37095805910371604 -0.23887561659010736 0.54521320262923845 -0.038159069898914585 -0.33833596983551983 0.48332203372635629 -0.12216012525287541 -0.25778779099384946 0.26812530200068768 -0.068627254478633409
leaf_weight=22 26 22 40 88 31 23 24 32 20 74 20 20 29 194 21 578 21 23 33 22 20 87 29 53 34 21 21 23 151 21 26 20 198 25 22 22 30 26 24
leaf_count=22 26 22 40 88 31 23 24 32 20 74 20 20 29 194 21 578 21 23 33 22 20 87 29 53 34 21 21 23 151 21 26 20 198 25 22 22 30 26 24
internal_value=2.02545e-10 0.0105299 -0.365831 -0.00282974 0.0170557 0.00865624 0.0016321 0.00727728 -0.133536 -0.000324976 0.0104708 0.216533 0.0139963 -0.0113673 0.0137801 -0.000214463 -0.14927 -0.371454 -0.136086 -0.104528 -0.313099 -0.0945745 -0.00917454 -0.00145785 0.0729255 0.030418 0.262621 -0.0320983 -0.0774428 -0.182491 -0.0208259 -0.0142718 0.0431081 -0.0392031 0.00161184 0.180581 -0.0813499 -0.0299602 0.106484
internal_weight=2216 2154 62 2128 1847 1825 1802 1778 281 1746 1628 156 136 1472 1225 1204 118 44 247 261 53 116 1173 1123 232 198 42 156 239 50 891 865 262 603 242 44 133 103 50
internal_count=2216 2154 62 2128 1847 1825 1802 1778 281 1746 1628 156 136 1472 1225 1204 118 44 247 261 53 116 1173 1123 232 198 42 156 239 50 891 865 262 603 242 44 133 103 50
is_linear=0
shrinkage=0.05


Tree=162
num_leaves=40
num_cat=0
split_feature=30 30 6 25 0 0 3 7 11 9 33 30 14 26 4 0 17 29 7 30 30 22 6 13 30 30 15 15 29 27 27 27 31 2 20 30 30 3 3
split_gain=3698.53 1769.16 2747.13 2755.08 1057.28 13452.7 2175.38 1567.85 2378.01 6683.09 1923.11 1377.09 1318.85 6627.76 1587.72 1080.21 1036.52 985.765 6795.31 1571.73 1139.28 1021.46 857.85 622.627 616.547 546.532 487.079 2996.55 709.339 520.569 430.134 1132.97 1550.47 476.593 435.444 414.82 1518.16 412.297 578.549
threshold=-2.4608415365219112 -0.88363802433013905 4.6428182125091562 -1.6367047429084776 -0.68312785029411305 -0.66076958179473866 -0.24449787288904187 2.1604351997375493 1.4057140946388247 1.2217946052551272 -0.047482879832386964 1.0098809599876406 0.92901721596717846 0.91091963648796093 2.1176037788391118 1.3718647360801699 -1.5672225952148435 0.75466626882553112 -0.47793024778366083 0.65969780087471019 0.86204820871353161 -0.73735532164573658 2.872025847434998 -0.93772524595260609 -0.42359459400176996 0.3456332534551621 -0.56291991472244252 -0.5110393464565276 -0.46601891517639155 -0.44540180265903467 0.78191867470741283 0.54337596893310558 0.5174245834350587 1.0000000180025095e-35 0.085347376763820662 0.11983910948038103 0.15867774188518527 1.5014359951019289 0.99295172095298778
decision_type=2 2 2 2 2 2 2 2 2 2 2 2 2 2 2 2 2 2 2 2 2 2 2 2 2 2 2 2 2 2 2 2 2 2 2 2 2 2 2
left_child=-1 23 3 -3 6 -6 11 8 9 12 25 24 13 14 16 -14 -7 20 19 21 22 -19 26 -2 -5 -10 37 -28 29 -29 31 35 -33 -32 -35 -30 -37 38 -18
right_child=1 2 -4 4 5 7 -8 -9 10 -11 -12 -13 15 -15 -16 -17 17 18 -20 -21 -22 -23 -24 -25 -26 -27 27 28 30 -31 33 32 -34 34 -36 36 -38 -39 -40
leaf_value=0.59283690658899457 -0.14896894171833994 -0.48882179753533728 0.5839298990368843 -0.21827667331876788 1.17532102689147 0.35871228434145452 -0.55230560551087071 0.3629094289739927 -0.262280373469643 0.72691913582384593 -0.61385418441560535 -0.43266681290808179 -0.093260457421894427 0.91056924313306808 -0.37268288233156865 -0.52341924190521238 -0.075852481594477189 -0.14475440025329589 0.96615637078881267 -0.45530815780162809 -0.37379069599238313 0.32238690075887877 0.26795744197788063 -0.47545184987475697 -0.0074785720092571673 0.075445627331733711 0.60715741388499733 0.045382391935323972 -0.054711340971776018 -0.18391766157103601 -0.14182521862437927 0.53323723983764648 -0.049537690586986996 -0.096694961190223694 0.23324592828750612 0.38683226499064216 0.00195910022107207 -0.24345451535191387 0.20507991099730136
leaf_weight=26 40 29 20 37 25 20 21 30 23 32 27 21 54 20 29 20 219 25 20 20 22 22 27 23 555 25 20 34 169 91 83 25 21 20 20 29 220 32 20
leaf_count=26 40 29 20 37 25 20 21 30 23 32 27 21 54 20 29 20 219 25 20 20 22 22 27 23 555 25 20 34 169 91 83 25 21 20 20 29 220 32 20
internal_value=-6.23353e-10 -0.00703825 0.000695999 -0.00484016 0.00191416 0.0255463 -0.0519105 0.00528954 -0.00243443 0.0131955 -0.276272 -0.0347681 -0.0046197 0.00793211 -0.0072638 -0.20952 0.00187956 -0.00438616 0.157363 -0.0840673 -0.0177628 0.0739075 -0.0101583 -0.268161 -0.0206535 -0.0863814 -0.017645 0.00355564 -0.0133995 -0.121548 0.00963047 0.0316672 0.267188 -0.0734998 0.0682755 0.00574862 0.0467837 -0.0749101 -0.0523435
internal_weight=2216 2190 2127 2107 2078 1444 634 1419 1389 1314 75 613 1282 1208 1188 74 1159 1139 87 67 1052 47 1030 63 592 48 1003 732 712 125 587 464 46 123 40 418 249 271 239
internal_count=2216 2190 2127 2107 2078 1444 634 1419 1389 1314 75 613 1282 1208 1188 74 1159 1139 87 67 1052 47 1030 63 592 48 1003 732 712 125 587 464 46 123 40 418 249 271 239
is_linear=0
shrinkage=0.05


Tree=163
num_leaves=40
num_cat=0
split_feature=29 21 19 6 4 30 27 7 15 16 11 11 16 3 24 29 9 27 3 31 3 5 6 30 3 0 27 27 27 5 5 30 29 28 8 29 18 3 30
split_gain=3537.74 2412.61 3092.31 1165.49 1662.81 1404.36 1393.77 2635.22 1096.59 4926.68 1603.98 10617.9 2486.43 1997.02 1486.95 693.366 878.83 602.88 4948.32 602.408 537.879 405.199 429.499 355.787 313.278 3037.05 417.819 399.097 742.775 513.283 398.507 1527.47 651.272 857.734 2121.42 683.028 636.88 331.511 618.288
threshold=3.2934920787811284 -1.6710991859436033 -1.5992504954338072 1.0254462957382204 2.1268247365951543 1.2409112453460696 0.16876037418842318 0.23858395218849185 2.7634010314941411 2.2964339256286626 1.3433995842933657 1.2277661561965945 1.840181350708008 0.40040905773639685 0.85250473022460949 0.30189555883407598 1.1692987084388735 -1.1976896524429319 0.11722877249121667 -0.44873674213886255 -0.49874004721641535 0.82119813561439525 1.5763595104217532 0.14126014709472659 -0.16595152020454404 -0.6044267714023589 -0.67943656444549549 1.61289519071579 1.3749015927314761 0.88779434561729442 -0.14062581211328504 -0.30713127553462977 -0.06245355308055877 -0.095167335122823701 -0.24923866242170331 -0.36237570643424982 0.37919715046882635 -0.32855626940727228 0.20421768724918368
decision_type=2 2 2 2 2 2 2 2 2 2 2 2 2 2 2 2 2 2 2 2 2 2 2 2 2 2 2 2 2 2 2 2 2 2 2 2 2 2 2
left_child=1 19 -3 4 5 8 21 20 9 10 11 12 14 23 17 16 -16 18 -4 -1 -8 22 -5 -12 27 -26 -27 28 29 37 31 -28 33 34 -32 36 -35 -19 -39
right_child=-2 2 3 6 -6 -7 7 -9 -10 -11 13 -13 -14 -15 15 -17 -18 24 -20 -21 -22 -23 -24 -25 25 26 30 -29 -30 -31 32 -33 -34 35 -36 -37 -38 38 -40
leaf_value=-0.18589182978584654 0.60375779395302143 0.5905560906637799 -0.19363229716610578 -0.023862888991832736 0.44902650940985911 0.40829454688798816 -0.26866124353625559 0.52867583326995371 -0.35379893996498807 0.78181640788912776 0.067489774574836098 0.95367483383622664 0.5295005654295285 -0.56315279757535019 -0.048932594169930718 -0.4063615975556551 -0.41859097719192512 -0.005799671028903719 0.7872725275706034 -0.56028570072217432 0.0056157813431360788 -0.44811736658215529 -0.27053200490772727 -0.14282041951464339 -0.60117020892060324 -0.14471755153254459 0.41292556501351874 -0.11410137692191563 0.3194509513676167 0.25471485540980388 -0.071727333619044376 -0.0012098847966521018 -0.10460164274072506 -0.3086540297951017 0.48753377844889956 0.056143610107980357 0.025760604720562699 0.22472719768328325 -0.10755060168781452
leaf_weight=21 24 22 36 25 21 21 33 20 22 20 30 29 21 27 82 27 20 697 20 22 39 20 60 61 23 57 26 61 20 21 39 155 169 35 30 73 24 42 21
leaf_count=21 24 22 36 25 21 21 33 20 22 20 30 29 21 27 82 27 20 697 20 22 39 20 60 61 23 57 26 61 20 21 39 155 169 35 30 73 24 42 21
internal_value=-5.72663e-10 -0.00661049 0.000809598 -0.00529027 0.00653457 0.00166693 -0.121138 0.0209425 -0.00285594 0.00128165 -0.00717485 0.00500446 -0.0111883 -0.185529 -0.0179549 -0.181055 -0.121415 -0.00437206 0.156691 -0.377442 -0.120095 -0.245627 -0.197982 -0.0734874 -0.0104133 -0.037183 -0.0158479 0.00918266 0.0185713 0.0108664 -0.00251661 0.0582792 -0.0322573 0.0285696 0.17143 -0.0461072 -0.172621 0.00412843 0.113968
internal_weight=2216 2192 2149 2127 1930 1909 197 92 1888 1866 1846 1728 1699 118 1678 129 102 1549 56 43 72 105 85 91 1493 631 608 862 801 781 551 181 370 201 69 132 59 760 63
internal_count=2216 2192 2149 2127 1930 1909 197 92 1888 1866 1846 1728 1699 118 1678 129 102 1549 56 43 72 105 85 91 1493 631 608 862 801 781 551 181 370 201 69 132 59 760 63
is_linear=0
shrinkage=0.05


Tree=164
num_leaves=40
num_cat=0
split_feature=15 20 25 17 29 30 6 31 33 21 21 16 18 7 12 10 24 6 27 29 27 31 27 0 24 28 28 33 31 31 3 3 13 7 13 27 33 28 30
split_gain=3382.21 4213.67 1403.88 15652.5 2251.42 1726.11 1109.23 1534.73 977.056 899.328 4457.75 1595.68 3001.44 855.366 2762.93 1598.7 1062.69 812.84 543.347 601.485 581.422 422.463 790.736 639.16 432.016 419.876 411.388 344.649 316.727 1159.84 422.777 573.48 732.166 537.787 1002.69 488.847 915.038 2296.73 483.082
threshold=-1.584319472312927 -1.6251678466796873 -1.0447398424148557 -1.0193848609924314 2.0162298083305363 1.0098809599876406 2.9755042791366582 2.6957347393035893 -0.047405436635017388 2.3017901182174687 2.080769538879395 1.8878852128982546 1.757795035839081 1.5819175839424136 1.4253037571907046 1.6086696386337282 1.3269267678260805 2.2540702819824223 -0.90070486068725575 0.094810806214809432 0.59398213028907787 0.86960539221763622 -0.62518873810768116 0.80861538648605358 0.17647767812013629 -1.0641618371009824 0.39326329529285436 -0.047468399628996842 0.52946344017982494 0.42740285396575933 1.7170940041542055 0.042127428576350219 -0.15331414341926572 0.59595096111297619 0.38486275076866155 1.61289519071579 -0.047476824373006814 -0.44768442213535303 -0.13080304116010663
decision_type=2 2 2 2 2 2 2 2 2 2 2 2 2 2 2 2 2 2 2 2 2 2 2 2 2 2 2 2 2 2 2 2 2 2 2 2 2 2 2
left_child=-1 -2 4 -4 8 6 7 9 18 10 11 12 13 14 16 -15 17 21 19 -3 -20 23 -23 25 27 -5 -26 -24 29 30 31 35 38 34 -34 36 -27 -38 -33
right_child=1 2 3 5 -6 -7 -8 -9 -10 -11 -12 -13 -14 15 -16 -17 -18 -19 20 -21 -22 22 24 -25 26 28 -28 -29 -30 -31 -32 32 33 -35 -36 -37 37 -39 -40
leaf_value=0.46151097462727475 -0.66711926087737083 -0.12363173615025438 1.3723521537723995 -0.19294764860693753 -0.60187284549077358 0.36354979760944844 -0.2415555716397203 0.36684493944048885 0.18619123675367411 -0.24686775576127207 0.70618283125275583 -0.36560015454287492 0.57658507754518229 -0.53529615673151887 0.47979320102724538 -0.020576913499583804 -0.32376560171445212 0.30935475260019302 0.0059107154401355742 -0.42387070035170349 -0.25933803355693819 -0.37461663410067558 -0.29072163119912148 0.26695197200063958 0.20249535393502033 0.0057356887270958688 -0.040587201487758885 -0.065390343340446383 -0.085589811302721502 0.27514035738049408 0.20066236495971679 -0.3272371705362041 -0.031894702543603617 -0.15758350722251402 0.39079968780279162 -0.13458980419845493 -0.056830850310066267 0.58600471019744871 -0.098619001205353177
leaf_weight=39 24 69 21 29 21 32 49 28 34 38 22 31 22 22 29 48 27 20 119 22 25 20 20 22 28 721 46 112 100 39 25 35 47 31 20 54 33 24 68
leaf_count=39 24 69 21 29 21 32 49 28 34 38 22 31 22 22 29 48 27 20 119 22 25 20 20 22 28 721 46 112 100 39 25 35 47 31 20 54 33 24 68
internal_value=6.72159e-10 -0.00826777 -0.000923393 0.0150062 -0.103257 -0.00046841 -0.00690409 -0.00037489 -0.064332 -0.00630804 -0.000914965 -0.0102133 -0.00350383 -0.0113816 -0.00366061 -0.182346 -0.0128783 -0.00725989 -0.100578 -0.196217 -0.0401394 -0.0115559 -0.0744585 -0.000164863 -0.045317 -0.00495815 0.05139 -0.0995314 -0.000403684 0.00736169 -0.00250917 -0.0074262 -0.0832216 0.0146108 0.0942827 0.0108849 0.0209822 0.213837 -0.176305
internal_weight=2216 2177 2153 1863 290 1842 1810 1761 269 1733 1695 1673 1642 1620 1550 70 1521 1494 235 91 144 1474 226 1248 206 1226 74 132 1197 1097 1058 1033 201 98 67 832 778 57 103
internal_count=2216 2177 2153 1863 290 1842 1810 1761 269 1733 1695 1673 1642 1620 1550 70 1521 1494 235 91 144 1474 226 1248 206 1226 74 132 1197 1097 1058 1033 201 98 67 832 778 57 103
is_linear=0
shrinkage=0.05


Tree=165
num_leaves=40
num_cat=0
split_feature=28 6 16 6 3 31 29 30 15 24 23 23 30 3 28 30 30 18 3 4 4 6 31 27 18 27 27 30 30 18 30 7 9 22 7 33 0 21 7
split_gain=3376.22 9438.32 4050.34 1486.36 1387.69 25711.4 46486.5 5418.84 4716.55 2753.91 2255.21 6937.18 2056.67 1631.35 1537.41 1437.29 968.224 973.615 900.459 717.434 1892.64 972.932 670.885 586.676 575.46 537.705 489.415 431.111 465.1 509.572 623.4 874.147 536.276 433.756 875.729 1275.2 367.505 400.019 733.373
threshold=-1.5452485680580137 1.112892806529999 -1.5581622719764707 -0.19151823967695233 -0.27481402456760401 -0.57379686832427967 -0.0043747618328779927 1.0098809599876406 1.8629074692726137 1.5304850935935976 0.89250150322914135 0.82500630617141735 -1.0270565152168272 2.6286451816558842 -1.399449288845062 1.0098809599876406 -0.72523421049118031 1.757795035839081 -0.22589479386806485 2.0376890897750859 1.8163871169090273 2.5032929182052617 -0.85590088367462147 -0.70996409654617298 0.52344402670860302 -1.1976896524429319 -0.036157628521323197 -0.55049610137939442 -0.31357385218143458 0.96812066435813915 -0.1220794916152954 -0.30308943986892695 0.52843922376632702 0.23100544512271884 0.11392801254987718 -0.047477118670940392 0.17274641245603564 -0.63888168334960926 -0.39560894668102259
decision_type=2 2 2 2 2 2 2 2 2 2 2 2 2 2 2 2 2 2 2 2 2 2 2 2 2 2 2 2 2 2 2 2 2 2 2 2 2 2 2
left_child=1 -1 3 -2 14 6 -6 8 9 10 11 12 -7 23 -4 16 -16 19 -5 20 21 25 -19 -14 -12 -18 -26 -25 -29 30 31 -30 -31 34 36 -36 -32 -38 -39
right_child=2 -3 4 18 5 7 -8 -9 -10 -11 24 -13 13 -15 15 -17 17 22 -20 -21 -22 -23 -24 27 26 -27 -28 28 29 32 33 -33 -34 -35 35 -37 37 38 -40
leaf_value=-0.21900244200229646 -0.67824041113533362 1.2382629722356797 0.40129261422902351 0.039119393229484559 -0.2551078028200815 -0.53011629238724711 3.0088078802824025 -0.82321152955293653 0.55398603928716561 0.4812899219769019 -0.47195588350296025 0.91392539650201798 -0.15464794302584028 -0.46084770048037171 -0.29966843672322507 -0.43216351685316667 -0.21405261216625091 0.013181419707834721 -0.43534327671863143 -0.23586957535174277 0.39969759562185836 -0.33167356960475447 -0.34300135339681925 0.19038351401686671 -0.070073451779105442 -0.0022891007544316908 -0.38352809950709343 -0.15252751025060815 0.30579380735352235 0.32368040302625073 0.041562218649671717 -0.031397885605692864 -0.020702241994440557 -0.096320987216753071 -0.053295351777757918 0.49772087832291922 -0.24318793078263601 0.17603818071235358 -0.12493775224507744
leaf_weight=25 27 20 20 20 24 20 20 20 38 27 27 20 58 20 33 23 31 20 20 35 28 24 39 32 33 908 20 45 37 26 109 40 20 139 21 21 30 29 67
leaf_count=25 27 20 20 20 24 20 20 20 38 27 27 20 58 20 33 23 31 20 20 35 28 24 39 32 33 908 20 45 37 26 109 40 20 139 21 21 30 29 67
internal_value=6.9637e-10 0.428671 -0.0088854 -0.391597 0.0033017 0.0483578 1.22849 -0.00940178 0.00911493 -0.0155047 -0.0319831 -0.00450746 -0.0302339 -0.015828 -0.0332942 -0.0409119 -0.0328629 -0.024748 -0.198112 -0.0133901 -0.00553256 -0.017315 -0.222261 -0.00262271 -0.284072 -0.00928023 -0.188358 0.0116914 0.00190001 0.0147928 -5.74117e-05 0.130629 0.173949 -0.024247 0.0119201 0.222213 -0.0256642 -0.0838203 -0.0340179
internal_weight=2216 45 2171 67 2104 943 44 899 879 841 814 734 714 694 1161 1141 1118 1085 40 1026 991 963 59 674 80 939 53 616 584 539 493 77 46 416 277 42 235 126 96
internal_count=2216 45 2171 67 2104 943 44 899 879 841 814 734 714 694 1161 1141 1118 1085 40 1026 991 963 59 674 80 939 53 616 584 539 493 77 46 416 277 42 235 126 96
is_linear=0
shrinkage=0.05


Tree=166
num_leaves=40
num_cat=0
split_feature=30 28 22 10 10 21 7 5 13 5 3 31 5 30 30 29 19 5 5 30 15 7 13 30 30 5 6 6 27 29 29 20 9 7 30 3 11 8 13
split_gain=3411.5 1815.65 3698.54 1490.58 5683.47 5788.44 3735.98 1682.65 7615.53 24410.5 16898.5 1411.87 1313.49 1064.89 1009.63 2384.07 1081.79 2223 994.282 981.476 1031.08 771.361 1897.11 717.583 600.467 768.257 643.042 1209.63 578.61 515.643 513.513 507.151 550.095 473.22 442.333 504.303 435.523 767.034 405.528
threshold=-2.4608415365219112 -1.5968321561813352 -1.6769025325775144 -0.57133969664573658 -0.53129842877387989 -0.52162006497383107 -0.57883545756340016 -0.14280929416418073 0.89478415250778209 0.11047465354204179 1.6654188036918642 0.69531184434890758 2.856203675270081 0.86204820871353161 0.19822473824024203 0.23727176338434222 0.013033793773502113 0.82119813561439525 0.47402445971965795 1.2409112453460696 -1.5233836174011228 1.6315463185310366 1.6902587413787844 0.071634970605373396 0.74469712376594555 -0.36552448570728296 2.9755042791366582 2.0514857769012456 -0.51698425412178028 1.6874600648880007 1.1304740905761721 0.25670841336250311 0.39516223967075353 -0.22875077277421949 0.065468162298202529 0.27569949626922613 0.64571097493171703 0.23268196731805804 1.4338148832321169
decision_type=2 2 2 2 2 2 2 2 2 2 2 2 2 2 2 2 2 2 2 2 2 2 2 2 2 2 2 2 2 2 2 2 2 2 2 2 2 2 2
left_child=-1 -2 -3 19 5 -5 -6 13 12 -10 11 18 14 21 15 16 17 23 -11 20 -4 24 -23 -9 25 26 27 38 -27 30 -22 -18 -33 -16 -30 -36 37 -35 -8
right_child=1 2 3 4 6 -7 7 8 9 10 -12 -13 -14 -15 33 -17 31 -19 -20 -21 29 22 -24 -25 -26 28 -28 -29 34 -31 -32 32 -34 36 35 -37 -38 -39 -40
leaf_value=0.56936786449872534 -0.36399401144257615 0.53257565014064312 -0.3660285508191144 1.2052663972135633 0.54359606865553134 0.053520571564634647 -0.011422526727166073 -0.15563051446917511 1.9629687070846558 -0.39314188335252848 1.2784340639006009 -0.643547102267092 -0.41606518036939888 -0.4113692411780358 -0.28775690152789607 0.49787958012177391 -0.27694589066686054 0.52026391315460208 0.06690730936825276 -0.42080854594707495 -0.051715312676519437 -0.61304075472056874 -0.048319400178975076 0.20825282759964467 0.24188907586038111 -0.37999253298925317 -0.2653361853063107 0.36646459968317124 -0.2355556370690465 -0.28656883898445151 0.16137474399836116 -0.16815309822559357 0.091162901495893803 -0.10027417272829231 -0.12456451918397632 0.19017273962497713 -0.25670251324772836 0.2519742574542761 -0.22072381830463805
leaf_weight=26 35 32 27 20 31 24 648 42 21 23 22 22 22 20 33 26 33 25 24 20 491 20 58 20 20 23 25 21 36 22 30 43 39 68 35 20 25 20 24
leaf_count=26 35 32 27 20 31 24 648 42 21 23 22 22 22 20 33 26 33 25 24 20 491 20 58 20 20 23 25 21 36 22 30 43 39 68 35 20 25 20 24
internal_value=-2.69741e-10 -0.00675962 -0.000957668 -0.00899962 0.0169917 0.577041 0.000442186 -0.0111064 0.0623481 0.426369 0.0717695 -0.312964 -0.0406074 -0.0503852 -0.0185217 0.0472175 -0.0107885 0.122243 -0.158223 -0.0765329 -0.0644531 -0.0426221 -0.19312 -0.0382488 -0.0288441 -0.0353521 -0.0162073 -0.00721993 -0.155931 -0.0494576 -0.0394453 -0.11143 -0.0448199 -0.121183 -0.0993001 -0.0101146 -0.0725374 -0.0202177 -0.0188976
internal_weight=2216 2190 2155 2123 1533 44 1489 1458 508 112 91 69 396 950 374 228 202 87 47 590 570 930 78 62 852 832 718 693 114 543 521 115 82 146 91 55 113 88 672
internal_count=2216 2190 2155 2123 1533 44 1489 1458 508 112 91 69 396 950 374 228 202 87 47 590 570 930 78 62 852 832 718 693 114 543 521 115 82 146 91 55 113 88 672
is_linear=0
shrinkage=0.05


Tree=167
num_leaves=40
num_cat=0
split_feature=18 16 16 33 30 12 20 25 30 6 5 27 8 27 10 8 8 11 11 3 27 13 12 4 22 5 28 6 3 15 5 5 29 30 15 30 29 8 7
split_gain=3265.42 13126.7 2012.72 1252.64 3585.78 1376.85 1383.21 3824.93 1779.91 937.281 1555.06 979.696 11060.3 2197.07 3368.86 1070.38 1004.63 2804.32 1051.55 1016.22 847.143 678.34 2273.71 793.83 647.162 547.017 493.555 485.832 476.035 449.201 424.996 643.051 630.378 749.136 794.404 1889.33 717.421 656.614 569.597
threshold=-1.642467141151428 -1.5978951454162595 -1.5581622719764707 -0.04738738760352134 -1.3757219314575193 -1.3265537619590757 -1.0631096959114072 -1.020934462547302 1.0098809599876406 2.9755042791366582 3.179359078407288 0.16876037418842318 1.3023713231086733 0.20596565306186679 1.0000000180025095e-35 0.96793350577354442 1.1994026899337771 1.1975004673004153 1.6160847544670107 -0.37885349988937372 -1.1536921858787534 -0.58716601133346547 -0.6477123200893401 -0.85276097059249867 -1.0993114113807676 -0.46159771084785456 -1.2078976035118101 1.232403099536896 -0.2038466930389404 -1.1271014213562009 -0.51618477702140797 -0.57732227444648732 0.063669886440038695 -0.093415722250938402 -0.24508886784315106 0.15367031842470172 -0.070885017514228807 0.15395923703908923 -0.05792040936648845
decision_type=2 2 2 2 2 2 2 2 2 2 2 2 2 2 2 2 2 2 2 2 2 2 2 2 2 2 2 2 2 2 2 2 2 2 2 2 2 2 2
left_child=-1 -2 -3 4 -4 -6 24 -8 9 10 11 16 13 14 -13 -15 17 20 19 -18 -9 22 23 -22 25 26 -7 30 -27 -28 31 -23 33 -32 35 -35 -36 38 -34
right_child=1 2 3 -5 5 6 7 8 -10 -11 -12 12 -14 15 -16 -17 18 -19 -20 -21 21 27 -24 -25 -26 28 29 -29 -30 -31 32 -33 37 34 36 -37 -38 -39 -40
leaf_value=-0.50956485492567871 1.25128714073272 -0.43383971231955071 0.6548447610366912 -0.35127360880374914 0.39167725308374929 -0.18010402215378626 0.66324014663696296 -0.30035130945699562 0.36965121333487333 -0.22934457840721892 0.43765929579734808 -0.093187393099069593 1.1978113108873367 -0.0041514268764894615 0.8245359337329865 -0.35874809539792213 -0.11112835507940602 0.55510757732249449 -0.041607148760987311 -0.48696230820247105 0.17502411556243899 -0.012528467263083091 0.56433221559439395 -0.19387306575264251 -0.36564908623695375 -0.046668251958198667 0.18719112065413759 -0.2442295868087698 -0.27006309214129781 -0.085548414422485689 -0.16865115333949365 0.2000192232784771 -0.15387147507462345 0.56340199464133811 -0.078802707350626597 -0.068941617067213412 0.1865214133867994 -0.30234846020846268 0.12196302151790372
leaf_weight=31 21 27 21 25 22 28 22 28 32 46 20 20 20 652 20 22 37 21 97 35 25 233 21 35 25 41 36 27 57 26 62 42 61 21 125 27 32 46 27
leaf_count=31 21 27 21 25 22 28 22 28 32 46 20 20 20 652 20 22 37 21 97 35 25 233 21 35 25 41 36 27 57 26 62 42 61 21 125 27 32 46 27
internal_value=1.16048e-09 0.00722953 -0.00484312 0.00057705 0.00474195 -0.00178706 -0.00597083 0.0078787 1.72222e-05 -0.00654676 -0.000710366 -0.00576071 0.0381254 0.00564115 0.365674 -0.0157258 -0.0379088 -0.0153581 -0.149061 -0.293825 -0.0301115 -0.0204601 0.116556 -0.0401659 -0.12665 -0.0948685 -0.0058699 -0.0362471 -0.176602 0.0728165 -0.0279401 0.0199334 -0.0607711 -0.0163596 0.0296993 0.207709 -0.0247239 -0.149263 -0.0692404
internal_weight=2216 2185 2164 2137 2112 2091 2069 1856 1834 1802 1756 1736 734 714 40 674 1002 833 169 72 812 784 81 60 213 188 90 703 98 62 676 275 401 267 205 48 157 134 88
internal_count=2216 2185 2164 2137 2112 2091 2069 1856 1834 1802 1756 1736 734 714 40 674 1002 833 169 72 812 784 81 60 213 188 90 703 98 62 676 275 401 267 205 48 157 134 88
is_linear=0
shrinkage=0.05


Tree=168
num_leaves=40
num_cat=0
split_feature=28 4 16 23 3 31 29 30 15 24 23 23 30 5 28 30 21 30 18 4 4 6 31 31 30 27 18 4 28 0 31 5 29 29 9 5 7 9 31
split_gain=3282.6 8809.9 3896.33 1450.64 1289.83 22874.9 41736.3 4923.03 4122.46 2391.18 2163.48 6153.77 1926.61 1487.96 1459.43 1232.4 1035.21 935.78 899.375 642.592 1734.3 814.387 618.473 534.874 606.02 461.293 394.632 522.997 1283.9 792.293 1887.77 677.192 1305.32 675.633 418.848 344.305 414.614 371.09 336.989
threshold=-1.5452485680580137 0.2291599586606026 -1.5581622719764707 -1.369966387748718 -0.27481402456760401 -0.57379686832427967 -0.0043747618328779927 1.0098809599876406 1.8629074692726137 1.5304850935935976 0.89250150322914135 0.82500630617141735 -1.0270565152168272 2.941359400749207 -1.399449288845062 1.0098809599876406 -1.6905580163002012 -0.72523421049118031 1.757795035839081 2.0376890897750859 1.8163871169090273 2.5032929182052617 -0.85590088367462147 1.2981519699096682 0.23093944787979129 -1.1976896524429319 0.96812066435813915 -0.39355930685997004 0.58061459660530101 0.41779297590255743 0.54671311378479015 -0.36989144980907435 0.029149958863854412 -0.66447523236274708 0.52843922376632702 2.057049155235291 -0.6964474320411681 0.45686323940753942 0.23567993193864825
decision_type=2 2 2 2 2 2 2 2 2 2 2 2 2 2 2 2 2 2 2 2 2 2 2 2 2 2 2 2 2 2 2 2 2 2 2 2 2 2 2
left_child=1 -1 3 16 14 6 -6 8 9 10 11 12 -7 26 -4 17 -2 -16 19 20 21 25 -20 24 -12 -19 27 28 31 38 -31 32 -14 -32 -28 36 -35 -38 -29
right_child=2 -3 4 -5 5 7 -8 -9 -10 -11 23 -13 13 -15 15 -17 -18 18 22 -21 -22 -23 -24 -25 -26 -27 34 29 -30 30 33 -33 -34 35 -36 -37 37 -39 -40
leaf_value=-0.20305468833446502 -0.43731115758419037 1.204861354287714 0.39133123265113684 -0.70591753591661877 -0.24599199133614699 -0.50971069261431701 2.8466707289218904 -0.7835362781584263 0.51919995248317719 0.4497050852411324 -0.35733441837407925 0.86335917659103867 -0.022913497179332706 -0.42641052688871117 -0.29435609154628989 -0.40180517033390378 0.049756315350532536 -0.19932138032820679 0.012144226618111134 -0.22372032725917446 0.38218051176518203 -0.30461403153215849 -0.32984249185866271 -0.46724407224357134 -0.025337538548878265 -0.0031807766475849112 0.25928109879123756 -0.098244112203115824 0.41644139750437303 0.47507095996290449 0.23571538291871549 -0.051701581558784626 0.48088436543941504 0.096652245088931055 -0.033926063137395039 0.14438194751739503 -0.12850992023944854 0.082330145034939059 -0.2871149995426337
leaf_weight=25 24 20 20 23 24 20 20 20 38 27 27 20 36 21 33 23 20 31 20 35 28 24 39 25 28 908 29 111 22 20 22 127 20 31 21 20 160 24 30
leaf_count=25 24 20 20 23 24 20 20 20 38 27 27 20 36 21 33 23 20 31 20 35 28 24 39 25 28 908 29 111 22 20 22 127 20 31 21 20 160 24 30
internal_value=1.06082e-10 0.422686 -0.00876134 -0.384126 0.00319182 0.0466301 1.15976 -0.00785028 0.009799 -0.0132179 -0.0285729 -0.00166176 -0.025892 -0.0119491 -0.0320901 -0.039512 -0.215917 -0.0320588 -0.0240811 -0.0131647 -0.00572835 -0.0170071 -0.213915 -0.275482 -0.188318 -0.00965613 0.000983539 -0.00986321 0.0555532 -0.0419454 0.00716734 0.0121678 0.157014 -0.0292454 0.136134 -0.0540502 -0.072509 -0.101009 -0.138429
internal_weight=2216 45 2171 67 2104 943 44 899 879 841 814 734 714 694 1161 1141 44 1118 1085 1026 991 963 59 80 55 939 673 623 205 418 277 183 56 257 50 235 215 184 141
internal_count=2216 45 2171 67 2104 943 44 899 879 841 814 734 714 694 1161 1141 44 1118 1085 1026 991 963 59 80 55 939 673 623 205 418 277 183 56 257 50 235 215 184 141
is_linear=0
shrinkage=0.05


Tree=169
num_leaves=40
num_cat=0
split_feature=30 28 22 7 30 21 20 17 8 8 10 3 3 27 14 6 6 30 15 22 22 27 30 33 20 15 33 33 15 33 4 27 29 4 4 29 3 33 11
split_gain=3396.95 1763.65 3338.7 1384.96 4482.81 4490.03 1172.11 3704.27 9704.24 1074.93 2411.87 1941.76 1086.48 918.695 783.176 737.533 1114.85 706.316 798.363 702.125 1047.97 667.742 595.714 567.62 535.82 2577.44 552.842 1932.29 616.114 580.879 504.897 504.568 497.147 475.995 1157.71 2389.81 559.216 1913.88 437.82
threshold=-2.4608415365219112 -1.5968321561813352 -1.6769025325775144 -0.66309869289398182 1.0098809599876406 -1.0192036628723142 2.2636622190475468 1.8931055068969729 1.3023713231086733 1.1994026899337771 1.2484056949615481 2.5976400375366215 0.92474040389060985 -0.46763706207275385 0.92901721596717846 2.9755042791366582 1.7964332699775698 0.80684712529182445 -1.5233836174011228 -0.25100468099117274 -0.47977708280086512 -0.25334399938583368 0.18768508732318881 -0.04748625494539737 -0.56072029471397389 -0.60947853326797474 -0.047472350299358361 -0.047474030405282967 0.11496356129646303 -0.047460375353693955 -1.0347204208374021 -1.1536921858787534 -0.35419803857803339 -0.43843443691730494 -0.54970017075538624 -0.057934071868658059 -0.42983973026275629 -0.047486646100878709 1.7405065298080447
decision_type=2 2 2 2 2 2 2 2 2 2 2 2 2 2 2 2 2 2 2 2 2 2 2 2 2 2 2 2 2 2 2 2 2 2 2 2 2 2 2
left_child=-1 -2 -3 17 5 -5 7 9 -9 10 11 13 21 14 31 16 24 18 -4 20 -20 23 -8 38 25 -15 27 30 29 32 -26 -7 -28 34 36 -36 37 -32 -11
right_child=1 2 3 4 -6 6 22 8 -10 12 -12 -13 -14 15 -16 -17 -18 -19 19 -21 -22 -23 -24 -25 26 -27 28 -29 -30 -31 33 -33 -34 -35 35 -37 -38 -39 -40
leaf_value=0.56815247260607205 -0.35882723429373331 0.50588802713900805 -0.32355876878968309 0.74867748208343987 0.70737501419675741 -0.29353854625739834 -0.45024463254071423 -0.27964419431629634 1.2592831895127894 -0.26771179168270182 0.5481645973026753 0.44050914682447911 -0.43339707347062922 -0.10240248758823445 -0.33847986069218866 -0.29125928215682512 0.37583546780404592 -0.30335670611397791 -0.053851745052957062 -0.24604098149916021 0.2248361017454315 -0.33145901496921271 -0.089010980904102324 0.14030707359313965 -0.097806981919368485 0.55615928806364534 -0.45824876546859744 0.4684431808474272 0.014907198081190669 0.018341562562975391 0.0044172290646465572 -0.043219377967473251 -0.1596482918314312 -0.023498029054167705 -0.013052686607396162 0.70806123686954381 -0.13226640200678338 0.51053506231733736 0.0031590501325471062
leaf_weight=26 35 32 28 20 23 22 21 21 20 26 20 24 26 39 29 20 21 33 382 41 37 21 25 35 106 24 20 23 89 29 169 237 46 296 27 20 47 21 35
leaf_count=26 35 32 28 20 23 22 21 21 20 26 20 24 26 39 29 20 21 33 382 41 37 21 25 35 106 24 20 23 89 29 169 237 46 296 27 20 47 21 35
internal_value=-7.04785e-10 -0.00674519 -0.00102692 -0.00866765 0.0143627 0.00426819 -0.00528164 0.00227782 0.471052 -0.0107791 0.00323653 -0.00508933 -0.141036 -0.0134118 -0.0920721 0.00931053 0.0154634 -0.0794828 -0.0643438 -0.0485655 -0.0292421 -0.0760669 -0.253922 -0.0201999 0.00754732 0.148478 -0.00239517 0.0176464 -0.0796204 -0.168178 0.00253218 -0.064482 -0.250133 0.02087 0.0671128 0.293804 0.0221571 0.0603566 -0.112294
internal_weight=2216 2190 2155 2123 1602 1579 1559 1513 41 1472 1329 1309 143 1285 288 997 977 521 488 460 419 117 46 96 956 63 893 709 184 95 686 259 66 580 284 47 237 190 61
internal_count=2216 2190 2155 2123 1602 1579 1559 1513 41 1472 1329 1309 143 1285 288 997 977 521 488 460 419 117 46 96 956 63 893 709 184 95 686 259 66 580 284 47 237 190 61
is_linear=0
shrinkage=0.05


Tree=170
num_leaves=40
num_cat=0
split_feature=29 21 15 5 3 13 14 10 23 27 28 3 3 0 3 27 30 23 15 6 0 31 30 29 4 25 27 27 5 7 20 25 20 26 20 22 33 27 33
split_gain=3180.95 2473.93 3001.73 1326.4 1257.53 858.643 7294.32 1415.89 12194.1 968.526 2029.68 775.398 689.346 4666.89 2654.58 4842.28 2532.55 749.993 680.803 639.038 584.491 566.837 509.252 488.097 393.106 355.837 303.566 935.195 474.691 1190.01 860.783 1097.31 439.12 1023.71 1507.49 510.162 354.543 445.507 430.259
threshold=3.2934920787811284 -1.6710991859436033 -1.5332865118980405 3.5429087877273564 2.6286451816558842 1.5881919264793398 1.4663060307502749 1.1447533965110781 1.0580972433090212 -1.2386001944541929 -1.2250468134880064 -0.4353517591953277 -0.16595152020454404 -0.59852421283721913 -0.27481402456760401 0.18121211230754855 0.9120679795742036 0.80070456862449657 1.6015743613243105 2.7452282905578618 -0.45704109966754908 0.85001984238624584 0.9120679795742036 -0.15099124610424039 0.20948866754770282 1.1647860407829287 0.80317771434783947 0.68280437588691723 -0.36989144980907435 -0.53461477160453785 -0.76859977841377247 -0.6484004259109496 -0.37290494143962855 -0.21898110210895536 -0.19615168869495389 0.77010071277618419 -0.047457639127969735 1.0928829908370974 -0.047441797330975526
decision_type=2 2 2 2 2 2 2 2 2 2 2 2 2 2 2 2 2 2 2 2 2 2 2 2 2 2 2 2 2 2 2 2 2 2 2 2 2 2 2
left_child=1 20 -3 4 5 6 7 8 9 23 -11 24 14 -14 19 -16 17 26 -9 21 -1 22 -12 -4 -7 -19 27 28 29 -15 -30 -32 -33 34 -34 -35 37 -28 -38
right_child=-2 2 3 -5 -6 11 -8 18 -10 10 12 -13 13 16 15 -17 -18 25 -20 -21 -22 -23 -24 -25 -26 -27 36 -29 30 -31 31 32 33 35 -36 -37 38 -39 -40
leaf_value=-0.18409838587045671 0.57250313858191182 0.51556042781365774 -0.11021258130950749 0.39971698924899102 -0.38543975749476389 0.063151794966570168 0.86875588941232618 -0.12825936639392879 1.0979533873796463 0.35029087077157622 0.000257847347951018 -0.29133491356236241 -0.76886380951512945 0.37113762297506991 0.96829565282911068 -0.066542117956739213 -0.58365279901772738 -0.079823918615778297 -0.45852028332650668 0.27407141357660292 -0.55368315655252209 -0.27488954305648805 -0.23805644823157271 -0.39504624200718746 -0.18312776951262585 -0.34122611038062889 -0.30369526818394665 0.33847844495692037 -0.20452533429319208 -0.0021123109960261687 0.36825854517519474 -0.16212389784496883 -0.049787465320981071 -0.062527436241307244 0.53614871870903735 0.19208986955610188 0.21395975567400455 -0.0457527213160226 -0.094509742760027826
leaf_weight=20 24 28 53 20 22 43 24 71 25 39 884 48 22 29 20 26 20 30 20 20 23 20 23 21 26 23 26 22 55 81 20 43 23 186 21 22 20 47 26
leaf_count=20 24 28 53 20 22 43 24 71 25 39 884 48 22 29 20 26 20 30 20 20 23 20 23 21 26 23 26 22 55 81 20 43 23 186 21 22 20 47 26
internal_value=4.47421e-10 -0.00626828 0.00124551 -0.00554412 -0.00940192 -0.00542268 0.00242412 -0.00830445 0.00118181 -0.0138672 -0.00636659 -0.137007 -0.0145056 -0.0519026 0.0124593 0.383387 -0.0291747 -0.0127213 -0.200844 -0.00555831 -0.381783 -0.0115913 -0.0057854 -0.191044 -0.0296492 -0.193263 0.00268718 0.0197077 0.00509735 0.0962899 -0.022014 0.00985311 -0.0144456 0.0107535 0.229864 -0.0355968 -0.0691136 -0.137623 0.0396074
internal_weight=2216 2192 2149 2121 2101 2079 1962 1938 1847 1822 1748 117 1709 716 993 46 694 674 91 947 43 927 907 74 69 53 621 502 480 110 370 315 295 252 44 208 119 73 46
internal_count=2216 2192 2149 2121 2101 2079 1962 1938 1847 1822 1748 117 1709 716 993 46 694 674 91 947 43 927 907 74 69 53 621 502 480 110 370 315 295 252 44 208 119 73 46
is_linear=0
shrinkage=0.05


Tree=171
num_leaves=40
num_cat=0
split_feature=28 9 7 30 30 30 11 7 27 28 5 5 4 18 20 28 18 4 5 29 29 3 5 6 27 15 29 29 29 3 33 3 24 23 14 30 30 7 8
split_gain=3154.67 8364.88 3845.64 2999.63 1485.39 1267.65 1203.03 6101.45 1842.65 17618.3 2329.69 7979.62 1461.77 1224.74 997.613 918.105 902.987 1290.96 891.977 726.323 489.501 454.637 419.876 501.606 418.572 405.212 322.694 466.447 535.824 458.842 579.156 497.167 331.602 350.886 1654.1 523.433 1614.47 1953.55 1382.8
threshold=-1.5452485680580137 -0.67128363251686085 -1.3164669871330259 -2.4608415365219112 -1.3757219314575193 1.2409112453460696 1.6160847544670107 1.6315463185310366 -0.61005219817161549 -0.22967116534709928 -0.32185484468936915 -0.39390975236892695 2.1268247365951543 1.7937170863151553 1.0000000180025095e-35 2.3325667381286626 -0.50812536478042591 -0.79682075977325428 -0.13407536596059796 -0.45463125407695765 1.3590816259384157 -0.2038466930389404 2.941359400749207 2.872025847434998 -1.0741553902626035 0.11977639794349672 1.0929369330406191 0.46461574733257299 0.42881171405315405 -0.053644008934497826 -0.047477118670940392 0.37629395723342901 1.3269267678260805 -0.63389897346496571 -0.61012694239616383 0.11389412730932237 0.13834507763385775 0.11392801254987718 -0.50033003091812123
decision_type=2 2 2 2 2 2 2 2 2 2 2 2 2 2 2 2 2 2 2 2 2 2 2 2 2 2 2 2 2 2 2 2 2 2 2 2 2 2 2
left_child=1 -1 3 -2 -4 6 7 8 9 10 11 25 13 20 16 -15 17 -12 19 -8 22 -19 23 26 -5 -6 27 28 32 30 -29 -31 33 -10 -35 -36 37 -37 -38
right_child=2 -3 4 24 5 -7 18 -9 12 -11 14 -13 -14 15 -16 -17 -18 21 -20 -21 -22 -23 -24 -25 -26 -27 -28 29 -30 31 -32 -33 -34 34 35 36 38 -39 -40
leaf_value=1.1765318924188615 -0.85662927920506771 -0.1953634384572506 0.39465922663609188 -0.29922755906979243 -0.060071997586305118 0.39518326111225183 -0.32569184541702273 0.78044436144828799 -0.057363707976037404 1.2163161961361766 -0.54179210137753253 0.93054598456621174 -0.40810648787021642 -0.50903100384907285 -0.48251943948932674 -0.070157985274608314 0.10514195367242352 0.10903866474982352 -0.3691776912297226 0.025328885604228291 -0.25443206472056257 -0.18828548201256329 -0.23330081502596536 0.17887627397264755 -0.0039268753258511428 0.18052592530846598 0.16906008863200744 -0.091202010124562749 0.2292731747031212 -0.39986494783312088 0.17538754771705029 -0.10729510607022159 -0.19735754028610564 0.37399558275938038 -0.044196865486977203 0.02292827367782593 0.4081365863978863 0.68591333478689198 -0.017908116911811042
leaf_weight=20 22 25 24 24 140 20 20 25 256 32 21 25 25 22 22 26 33 20 36 56 21 36 21 35 24 20 24 83 24 20 27 53 23 30 417 25 20 20 399
leaf_count=20 22 25 24 24 140 20 20 25 256 32 21 25 25 22 22 26 33 20 36 56 21 36 21 35 24 20 24 83 24 20 27 53 23 30 417 25 20 20 399
internal_value=-1.08389e-09 0.414368 -0.00858892 -0.373165 0.00355783 -0.000961399 -0.00481307 0.00436264 -0.0057426 0.0981814 -0.0146902 0.0998059 -0.0288295 -0.0226963 -0.175158 -0.271308 -0.113686 -0.207469 -0.164159 -0.067045 -0.0147301 -0.0820983 -0.011322 -0.00812038 -0.151577 -0.0299973 -0.0127262 -0.0158492 -0.00463191 -0.0902636 -0.0257664 -0.187451 -0.00934932 -0.00564393 0.00888984 -0.00354282 0.0329932 0.317588 0.00242815
internal_weight=2216 45 2171 70 2101 2077 2057 1945 1920 349 317 185 1571 1546 132 48 110 77 112 76 1498 56 1477 1456 48 160 1421 1397 1214 183 110 73 1190 1167 911 881 464 45 419
internal_count=2216 45 2171 70 2101 2077 2057 1945 1920 349 317 185 1571 1546 132 48 110 77 112 76 1498 56 1477 1456 48 160 1421 1397 1214 183 110 73 1190 1167 911 881 464 45 419
is_linear=0
shrinkage=0.05


Tree=172
num_leaves=40
num_cat=0
split_feature=30 28 22 9 9 5 5 23 28 28 8 21 14 22 11 9 30 33 28 30 8 4 24 6 16 4 15 30 30 15 16 33 3 18 15 33 0 24 30
split_gain=3437.7 1700.92 3202.35 1275.72 10040.1 1965.48 6464.05 24450.4 4087.28 23482.7 1657.25 1362.92 1165 1097.2 987.135 3178.21 1090.58 947.769 861.604 1237.15 1751.93 863.245 783.123 552.563 622.093 591.827 544.439 557.737 537.879 1089.7 1322.83 514.929 969.489 512.608 472.528 461.983 449.905 397.864 403.451
threshold=-2.4608415365219112 -1.5968321561813352 -1.6769025325775144 -0.46824894845485682 -0.4233239740133285 -0.14280929416418073 0.11047465354204179 0.94117367267608654 -0.091142848134040819 -0.16141038388013837 1.2154778838157656 0.10278645157814027 -0.3557222038507461 0.43905407190322882 0.10718392953276636 0.13319364935159686 0.78961768746376049 -0.047470374032855027 -0.45635624229907984 0.098575331270694747 -0.63483852148056019 0.53467968106269848 -0.65919202566146839 1.5763595104217532 1.9792343378067019 -0.30196486413478846 -1.5233836174011228 0.77898994088172924 0.075719121843576445 0.10653854534029962 0.4841600507497788 -0.047486165538430207 -0.30099613964557642 -0.791244477033615 0.66003376245498668 -0.047485729679465287 -0.88292127847671498 -0.90465015172958363 -0.29523576796054835
decision_type=2 2 2 2 2 2 2 2 2 2 2 2 2 2 2 2 2 2 2 2 2 2 2 2 2 2 2 2 2 2 2 2 2 2 2 2 2 2 2
left_child=-1 -2 -3 12 -5 14 7 13 9 11 28 17 18 -7 15 34 23 -8 22 36 21 -21 26 24 31 -26 -4 -28 29 -10 -31 32 -16 -24 -6 -33 -20 -38 -39
right_child=1 2 3 4 5 6 8 -9 10 -11 -12 -13 -14 -15 16 -17 -18 -19 19 20 -22 -23 33 -25 25 -27 27 -29 -30 30 -32 35 -34 -35 -36 -37 37 38 -40
leaf_value=0.57155018861477191 -0.35254898550254959 0.49528635991737247 -0.28079917659716952 0.85483364901372372 -0.045609419576303906 -0.059668340307349965 -0.10227180585136703 1.9976684398949147 -0.30755929537117482 1.6981609164313838 -0.45373369263751173 -0.42164665241539478 -0.38006569155092751 0.31938415669969156 -0.059071890189588187 0.61770528987094409 -0.43970440086864288 0.28975083586715517 0.12566994499592554 -0.083968654474276205 0.45249113928187978 0.28475574532693088 -0.4672987781819844 -0.23654756076792452 -0.054162057638168337 -0.43881338804960257 -0.036813239179661165 -0.30850828506052497 -0.14561169930219428 0.44098736168373204 -0.041340255330909383 0.22402907856132673 -0.39486055125792824 -0.14050621730940682 0.11960702968331485 -0.011956799648463797 0.048065377896030742 -0.36019857230231817 -0.10870294516834503
leaf_weight=26 35 32 28 35 258 60 58 20 20 22 35 25 28 28 206 21 21 21 21 57 33 22 21 47 20 20 340 20 134 21 44 23 24 28 52 211 24 23 52
leaf_count=26 35 32 28 35 258 60 58 20 20 22 35 25 28 28 206 21 21 21 21 57 33 22 21 47 20 20 340 20 134 21 44 23 24 28 52 211 24 23 52
internal_value=5.77128e-10 -0.00678553 -0.00116988 -0.00865297 0.0184446 -0.00260046 0.0782486 0.419593 -0.018765 0.214059 -0.13426 -0.0998862 -0.0640921 0.0609393 -0.046293 0.0224294 -0.0860607 0.00193674 -0.0508675 0.0270092 0.146523 0.0187141 -0.0922117 -0.0725824 -0.057292 -0.246488 -0.0684254 -0.0519074 -0.0832027 0.0151833 0.114489 -0.0409821 -0.0941107 -0.28056 -0.0178957 0.0112384 -0.0845374 -0.129127 -0.185828
internal_weight=2216 2190 2155 2123 1426 1391 488 108 380 126 254 104 697 88 903 331 572 79 669 232 112 79 437 551 504 40 388 360 219 85 65 464 230 49 310 234 120 99 75
internal_count=2216 2190 2155 2123 1426 1391 488 108 380 126 254 104 697 88 903 331 572 79 669 232 112 79 437 551 504 40 388 360 219 85 65 464 230 49 310 234 120 99 75
is_linear=0
shrinkage=0.05


Tree=173
num_leaves=40
num_cat=0
split_feature=15 20 11 9 30 22 30 27 27 4 30 29 15 7 30 24 15 31 29 19 26 2 7 28 14 29 29 27 17 30 19 7 7 25 30 5 27 6 3
split_gain=3119.72 4503.95 1099.95 3118.52 9798.62 1316.09 1126.61 3719.07 16785.6 5397 4620.27 10699.1 3913.41 2617.96 2226.66 1916.66 1687.19 929.951 755.939 725.347 1589.4 876.111 1144.97 895.786 787.841 768.695 1690.15 662.994 647.007 528.018 676.385 529.391 832.514 788.853 679.654 456.356 465.809 405.823 446.26
threshold=-1.584319472312927 -1.6251678466796873 -1.2946693301200864 -1.2051863074302671 -0.26025116443634028 -1.5647881627082822 0.11983910948038103 -0.58386245369911183 -0.62518873810768116 -1.0359498858451841 0.15367031842470172 -0.38030593097209925 0.68544885516166698 2.1604351997375493 1.0098809599876406 0.93824729323387157 1.8629074692726137 2.4671766757965092 0.04523908160626889 -1.0293264985084531 -0.81897351145744313 1.0000000180025095e-35 0.36879800260066992 -0.59432670474052418 -0.76226675510406483 0.20255824923515323 0.50772047042846691 1.3749015927314761 1.4263440370559695 1.0000000180025095e-35 -0.050829095765948289 -0.42979031801223749 -0.3312095701694488 -0.70977589488029469 -0.031917804852128022 -0.13407536596059796 0.4921539723873139 -0.39847506582736963 -0.094295192509889589
decision_type=2 2 2 2 2 2 2 2 2 2 2 2 2 2 2 2 2 2 2 2 2 2 2 2 2 2 2 2 2 2 2 2 2 2 2 2 2 2 2
left_child=-1 -2 5 4 -4 -3 13 8 9 -8 11 -9 15 16 17 -11 19 28 -13 20 37 29 23 24 -23 27 -27 -25 -12 31 -31 33 -33 -21 -34 36 -30 38 -5
right_child=1 2 3 6 -6 -7 7 10 -10 12 14 18 -14 -15 -16 -17 -18 -19 -20 21 -22 22 -24 25 -26 26 -28 -29 35 30 -32 32 34 -35 -36 -37 -38 -39 -40
leaf_value=0.44324122239381841 -0.68910767013827967 -0.023467317107133567 1.2572816083580256 -0.032049749651923774 -0.14526860167582831 -0.53287516438535287 0.59216193418281204 1.3090667085278602 1.5266810984774071 -0.059607643339523057 -0.011388759004686767 -0.13289480636248718 0.46587513413147202 0.49832577492025765 -0.48071363206952811 -0.48998115650705387 -0.46722723655402665 -0.35310717536055525 0.19626337912949651 0.049630405391965594 -0.47663076401784504 0.00057875599179949076 0.31381200826209454 -0.15854247514015207 0.4336852374885764 0.36688802012552824 -0.20281163441098254 0.1558007484674454 -0.20227795094251633 -0.010972558191581949 -0.20727903122251684 0.28722311357657115 -0.046725249227400373 -0.25623999701215411 0.19778954167850316 -0.37031782090663912 0.08824979859319601 0.024831182286969476 -0.30806505437250492
leaf_weight=39 24 32 20 32 33 21 39 21 22 86 580 37 28 22 30 37 24 23 33 35 29 21 36 104 21 30 23 20 37 73 110 24 254 53 32 20 22 62 27
leaf_count=39 24 32 20 32 33 21 39 21 22 86 580 37 28 22 30 37 24 23 33 35 29 21 36 104 21 30 23 20 37 73 110 24 254 53 32 20 22 62 27
internal_value=6.99432e-10 -0.00794047 -0.00034734 0.00533024 0.383996 -0.225308 -0.00447399 0.0329288 0.219199 0.0678066 -0.0162485 0.319231 -0.0676229 -0.0412606 -0.0591257 -0.18907 -0.053014 -0.0405808 0.0222798 -0.0429317 -0.144174 -0.0247663 0.0524955 0.00953934 0.217132 -0.0397199 0.11966 -0.107842 -0.0296732 -0.0586763 -0.128971 -0.0263549 0.00436905 -0.134587 -0.019367 -0.163913 -0.0939456 -0.0644943 -0.158362
internal_weight=2216 2177 2153 2100 53 53 2047 1015 212 190 803 91 151 1032 712 123 1010 682 70 986 150 836 255 219 42 177 53 124 659 581 183 398 310 88 286 79 59 121 59
internal_count=2216 2177 2153 2100 53 53 2047 1015 212 190 803 91 151 1032 712 123 1010 682 70 986 150 836 255 219 42 177 53 124 659 581 183 398 310 88 286 79 59 121 59
is_linear=0
shrinkage=0.05


Tree=174
num_leaves=40
num_cat=0
split_feature=9 16 18 2 9 4 10 0 30 10 5 30 5 29 29 0 33 14 31 3 23 0 28 25 29 15 20 29 17 4 33 33 27 25 21 20 27 17 3
split_gain=3146.54 10311 1703.89 1207.8 2415.98 6119.95 3652.53 2222.69 1837.74 983.995 1406.53 1154.26 1226.01 893.504 2181.09 3293.94 1134.43 6934.46 3641.96 1469.73 1280.35 1270.19 861.869 1376.06 908.03 1033.04 1926.25 922.719 719.264 702.181 690.605 1496.61 673.543 670.468 2203.23 663.611 660.151 657.227 641.674
threshold=-1.4307110905647276 -1.5978951454162595 -1.5910865664482114 1.1408391594886782 -1.2051863074302671 -1.0187374949455259 -1.2903800606727598 2.7512800693511967 1.0098809599876406 -1.0846204757690427 -0.40919412672519678 0.26725822687149053 -0.20503853261470792 -0.79462745785713185 -0.70024633407592762 0.13285927474498752 -0.047483431175351136 1.4663060307502749 -0.65519377589225758 -0.18110958486795423 0.99978256225585949 -0.57419842481613148 -0.4313263595104217 -0.55981653928756703 -0.51274108886718739 -0.19662933796644208 -0.10507600754499434 -0.36237570643424982 1.543525278568268 0.42464339733123785 -0.04748056270182132 -0.047481402754783623 0.12327888980507852 -0.6484004259109496 -0.85240444540977467 0.10741564258933069 0.98880475759506237 -1.0193848609924314 0.90682631731033336
decision_type=2 2 2 2 2 2 2 2 2 2 2 2 2 2 2 2 2 2 2 2 2 2 2 2 2 2 2 2 2 2 2 2 2 2 2 2 2 2 2
left_child=-1 -2 -3 4 5 -4 -7 8 13 10 -5 33 -13 35 15 -15 19 18 -18 28 22 -21 -20 -24 -25 26 29 -27 37 -26 31 32 -29 34 -11 -6 -35 -16 -22
right_child=1 2 3 9 7 6 -8 -9 -10 11 -12 12 -14 14 16 -17 17 -19 20 21 38 -23 23 24 25 27 -28 30 -30 -31 -32 -33 -34 36 -36 -37 -38 -39 -40
leaf_value=-0.49221268127439544 1.1097966432571411 -0.42244341565916943 1.0181279601795334 -0.068247021519346168 -0.086800990173489689 0.45743847496452789 -0.45461345055828928 0.51682253373520715 0.35801351027829309 -0.057761120189930883 -0.58085684089556988 -0.058445598032032586 -0.55324311451542951 0.82038635079283273 -0.28016993762417275 -0.056984082836171859 0.65208619605927243 0.77496768206357958 -0.078088685079303582 -0.60060173958539975 -0.082615110136213754 -0.14493977147799272 0.42189820327542044 0.28554898786668975 -0.09239081321689098 -0.23256900630453053 0.58432045929133902 0.1692163501733116 -0.19057877222223887 0.20243895683023663 -0.042073048391381131 0.49968611605465418 -0.1775912483888013 -0.14958046529092825 0.53171623880448549 -0.42395684435963638 0.095214199718265308 -0.0013222208351471297 -0.46901817927983674
leaf_weight=32 21 24 21 32 54 21 23 21 35 51 23 31 21 20 22 23 21 30 246 20 21 65 22 30 46 51 20 28 63 36 272 20 28 80 23 20 42 535 22
leaf_count=32 21 24 21 32 54 21 23 21 35 51 23 31 21 20 22 23 21 30 246 20 21 65 22 30 46 51 20 28 63 36 272 20 28 80 23 20 42 535 22
internal_value=-3.00954e-10 0.00721191 -0.0034928 0.00120791 0.0164712 0.315858 -0.0193159 0.00548292 -0.000653158 -0.0912783 -0.282611 -0.0488456 -0.258268 -0.00797289 -0.000309024 0.351095 -0.00976483 0.0276669 0.00168885 -0.0571783 -0.0145325 -0.252154 -0.000229056 0.0344065 0.0183522 0.00235244 0.144355 -0.033949 -0.0304477 0.0370466 -0.00484093 0.128411 -0.00418745 0.00671539 0.125455 -0.177924 -0.0653069 -0.012336 -0.28031
internal_weight=2216 2184 2163 2139 1836 65 44 1771 1750 303 55 248 52 1715 1641 43 1598 893 863 705 842 85 799 553 531 501 102 399 620 82 348 76 56 196 74 74 122 557 43
internal_count=2216 2184 2163 2139 1836 65 44 1771 1750 303 55 248 52 1715 1641 43 1598 893 863 705 842 85 799 553 531 501 102 399 620 82 348 76 56 196 74 74 122 557 43
is_linear=0
shrinkage=0.05


Tree=175
num_leaves=40
num_cat=0
split_feature=12 29 30 13 22 4 5 3 22 11 11 9 17 24 12 28 3 5 28 29 27 28 30 33 15 6 21 18 28 18 29 4 29 30 30 6 6 10 12
split_gain=3198.7 14217.9 6431.51 3445.91 1845.65 1723.45 1248.3 1156.18 1054.98 1890.94 9587.18 2193.86 1964.23 1353.97 900.647 878.784 5316.85 862.8 846.236 834.56 6913 815.979 775.448 759.628 758.843 744.061 741.266 580.09 502.769 430.048 391.077 370.835 646.093 534.597 506.379 444.452 670.17 535.011 1795.18
threshold=-1.2811323404312132 2.3943476676940922 -2.4608415365219112 -1.2564845085144041 -1.6105053424835203 0.18121118843555453 3.5429087877273564 2.2545164823532109 2.3331806659698491 1.3433995842933657 1.2277661561965945 1.3067128062248232 1.8931055068969729 0.84042927622795116 0.47583286464214331 -1.2250468134880064 1.0000000180025095e-35 -0.47797383368015284 -1.3693305850028989 0.72183758020401012 -0.37243400514125818 0.28842267394065862 0.86204820871353161 -0.047462873160839074 1.6533120274543764 2.872025847434998 0.032131286337971694 1.3711248040199282 -0.80194941163063038 -1.5013355016708372 1.1304740905761721 -1.0347204208374021 0.40936382114887243 0.26361173391342169 0.17102012783288958 -0.23815640062093732 -0.28770944476127619 -0.40775510668754572 -0.36445645987987513
decision_type=2 2 2 2 2 2 2 2 2 2 2 2 2 2 2 2 2 2 2 2 2 2 2 2 2 2 2 2 2 2 2 2 2 2 2 2 2 2 2
left_child=2 3 -1 -2 -5 18 7 8 9 10 12 -11 13 15 26 16 -6 -15 -4 22 -21 -19 25 30 27 31 -9 28 -13 -20 -22 32 33 34 -17 36 37 -33 -39
right_child=1 -3 5 4 6 -7 -8 14 -10 11 -12 24 -14 17 -16 19 -18 21 29 20 23 -23 -24 -25 -26 -27 -28 -29 -30 -31 -32 35 -34 -35 -36 -37 -38 38 -40
leaf_value=-0.98143762157609071 0.6236711095679891 1.2790737815878608 -0.46600318074226382 -0.48341274306178095 -0.16472993549994297 0.29909145149867983 0.39233172401785854 -0.2831037369302728 0.27518758182014741 -0.66800422132015225 0.91327762174066796 0.074552898419400063 0.45557477478261882 -0.021378149361564566 -0.40668307344118759 -0.043893224271860994 0.85204576727002856 -0.46727866609731034 0.033402376528829339 0.94718791267701574 -0.061623634909297911 -0.13818337336803477 -0.29018742132186887 0.17458614000567685 -0.34013651952147489 0.25573780720050515 0.099004686946670223 0.19423936184665019 -0.21776324332152544 -0.24336893042176963 -0.31799695626610802 -0.052410756381736562 -0.2921547078623854 0.090231842403871984 -0.27337231462200484 -0.046584895386308015 0.2989390636483828 0.35815455859027256 0.012463041164566424
leaf_weight=24 22 22 20 20 36 24 20 22 35 20 29 24 23 65 30 121 20 31 32 21 51 48 25 27 25 26 30 22 38 25 21 220 29 57 30 372 21 41 447
leaf_count=24 22 22 20 20 36 24 20 22 35 20 29 24 23 65 30 121 20 31 32 21 51 48 25 27 25 26 30 22 38 25 21 220 29 57 30 372 21 41 447
internal_value=-4.61606e-10 0.0146876 -0.245694 0.00124316 -0.00544635 -0.0708635 -0.000730348 -0.00464726 0.00318524 -0.00185184 0.0116843 -0.186635 -0.0034117 -0.00958882 -0.18852 0.00391101 0.198404 -0.156306 -0.186174 -0.00330676 0.1232 -0.267322 -0.0142361 -0.051585 -0.0983108 -0.00917834 -0.0626566 -0.0263389 -0.104609 -0.0879885 -0.136399 -0.0143262 -0.0710613 -0.0402357 -0.0894851 -0.00211345 0.0205798 0.0123234 0.0415068
internal_weight=2216 2091 125 2069 2047 101 2027 2007 1925 1890 1761 129 1732 1709 82 1565 56 144 77 1509 120 79 1389 99 109 1364 52 84 62 57 72 1338 237 208 151 1101 729 708 488
internal_count=2216 2091 125 2069 2047 101 2027 2007 1925 1890 1761 129 1732 1709 82 1565 56 144 77 1509 120 79 1389 99 109 1364 52 84 62 57 72 1338 237 208 151 1101 729 708 488
is_linear=0
shrinkage=0.05


Tree=176
num_leaves=40
num_cat=0
split_feature=30 6 15 28 29 29 30 30 20 17 8 31 29 28 29 6 0 7 23 9 12 30 30 30 14 28 9 0 0 29 6 28 27 30 20 5 7 30 2
split_gain=3620.69 1659.62 3308.19 1389.74 1025.54 4455.81 3933.79 2998.39 967.925 3710.37 8348.96 1097.59 856.114 2799.53 5935.62 936.863 889.495 5916.8 1002.53 1299.85 863.281 794.667 1007.37 513.159 486.469 824.565 702.256 412.151 670.217 467.247 392.721 379.64 304.101 610.991 501.646 302.176 299.347 298.74 315.273
threshold=-2.4608415365219112 4.711318016052247 -1.5536757707595823 -1.399449288845062 0.7793947458267213 0.72183758020401012 1.0567454695701601 0.86204820871353161 2.2636622190475468 1.8931055068969729 1.3023713231086733 2.8130685091018681 -0.60456100106239308 -1.2250468134880064 -0.021138607524335381 2.872025847434998 1.4518179297447207 0.80658850073814403 1.0759197473526003 1.380291283130646 1.3267604112625124 0.9120679795742036 0.50115749239921581 0.18768508732318881 -0.69742432236671437 -0.11437208205461501 -1.1483162045478819 0.86638915538787853 0.63082250952720653 -0.79462745785713185 1.739593029022217 -0.027328914962708947 -0.47532317042350763 0.56768128275871288 0.21227244287729266 -0.53801956772804249 0.83773630857467662 0.41086067259311682 1.0000000180025095e-35
decision_type=2 2 2 2 2 2 2 2 2 2 2 2 2 2 2 2 2 2 2 2 2 2 2 2 2 2 2 2 2 2 2 2 2 2 2 2 2 2 2
left_child=-1 2 3 -2 5 6 7 8 9 11 -11 12 27 14 -14 16 18 31 30 20 -20 22 24 -10 26 -26 -6 28 29 -4 32 -18 33 34 37 -21 -31 38 -15
right_child=1 -3 4 -5 21 -7 -8 -9 23 10 -12 -13 13 15 -16 -17 17 -19 19 35 -22 -23 -24 -25 25 -27 -28 -29 -30 36 -32 -33 -34 -35 -36 -37 -38 -39 -40
leaf_value=0.58656516235608325 -0.69679400771856315 0.44642180405557164 -0.20672064874793442 -0.13245091840624809 -0.18260386155263797 0.6994677901268006 -0.69818695008754739 0.55068446928262715 -0.40068048462271694 -0.240831553991884 1.2038967494666577 0.34570351039821451 0.018009525191571032 0.0084092990656320313 1.0401595960557461 0.30531591034048927 -0.23841189387298767 0.89849833071231844 -0.19608628628094024 0.091556911457862183 -0.59677224755287173 -0.37721917681539291 0.24280696387092271 -0.069577234089374537 -0.47079976434293003 -0.059811115671450699 0.15647475260954638 -0.27700532957290613 0.18855618884166081 -0.090794060019155354 -0.21355075463652612 0.0043850204542927118 0.0030269728006692832 -0.3242284222692251 -0.25677276046379754 -0.11338517402072211 0.1213627174820589 0.1731365928053856 -0.14344782334468936
leaf_weight=26 24 20 71 20 37 23 20 25 22 20 20 22 49 133 20 23 21 20 41 35 20 26 21 25 23 26 26 30 21 60 24 69 984 20 23 37 23 20 46
leaf_count=26 24 20 71 20 37 23 20 25 22 20 20 22 49 133 20 23 21 20 41 35 20 26 21 25 23 26 26 30 21 60 24 69 984 20 23 37 23 20 46
internal_value=2.30057e-10 -0.00696379 -0.0111425 -0.440274 -0.00226108 0.00761219 -0.000573343 0.00667836 -0.000483387 0.00520327 0.481533 -0.00531173 -0.00962588 0.00280985 0.314285 -0.0113668 -0.0162454 0.120599 -0.0271296 -0.157637 -0.327459 -0.124404 -0.0749815 -0.224562 -0.134567 -0.252724 -0.0426667 -0.105775 -0.0764216 -0.112555 -0.0132436 -0.0522676 -0.00932238 -0.0595363 -0.0356901 -0.0137605 -0.0320036 -0.0101378 -0.0306154
internal_weight=2216 2190 2170 44 2126 1967 1944 1924 1899 1852 40 1812 1790 1585 69 1516 1493 110 1383 133 61 159 133 47 112 49 63 205 175 154 1250 90 1226 242 222 72 83 199 179
internal_count=2216 2190 2170 44 2126 1967 1944 1924 1899 1852 40 1812 1790 1585 69 1516 1493 110 1383 133 61 159 133 47 112 49 63 205 175 154 1250 90 1226 242 222 72 83 199 179
is_linear=0
shrinkage=0.05


Tree=177
num_leaves=40
num_cat=0
split_feature=30 30 30 15 14 13 23 23 3 5 30 30 0 33 15 12 17 5 33 28 28 9 16 29 6 6 29 4 29 33 29 29 29 4 30 0 27 30 30
split_gain=3267.67 1621.62 3243.81 2371.1 994.531 7179.83 2161.97 12496.4 1463.32 1257.46 859.865 921.335 784.133 731.666 699.699 615.902 738.058 520.461 607.572 878.335 3925.5 555.601 503.625 471.756 383.959 433.043 330.512 284.538 837.847 554.51 397.037 381.344 586.704 554.454 781.141 375.099 332.829 312.696 599.324
threshold=-2.4608415365219112 -1.0270565152168272 -0.84001702070236195 -1.567071199417114 1.5510139465332033 1.4338148832321169 1.1383608579635622 1.0580972433090212 2.5976400375366215 0.33974029123783117 1.2409112453460696 0.9120679795742036 0.28274907171726232 -0.047489261254668229 1.8295560479164126 1.7161071300506594 1.8931055068969729 3.0898362398147587 -0.047405436635017388 -1.2388885617256162 -1.179234445095062 -1.2198464870452879 1.1332417726516726 -0.1960262060165405 2.872025847434998 1.739593029022217 -0.017847613431513306 -1.0347204208374021 0.40936382114887243 -0.047472553327679627 -0.88827767968177784 -0.46601891517639155 -0.4286902099847793 -0.10279305651783942 -0.13500295579433438 -0.54879942536354054 -0.40092711150646204 0.26361173391342169 0.17102012783288958
decision_type=2 2 2 2 2 2 2 2 2 2 2 2 2 2 2 2 2 2 2 2 2 2 2 2 2 2 2 2 2 2 2 2 2 2 2 2 2 2 2
left_child=-1 12 -3 -4 5 6 7 8 10 22 11 14 -2 -6 17 -15 23 18 19 26 -21 -22 -8 -17 25 27 -5 28 29 37 -29 33 -33 34 -32 -30 -35 38 -23
right_child=1 2 3 4 13 -7 9 -9 -10 -11 -12 -13 -14 15 -16 16 -18 -19 -20 20 21 24 -24 -25 -26 -27 -28 30 35 -31 31 32 -34 36 -36 -37 -38 -39 -40
leaf_value=0.55723688694146967 -0.11698312902450561 0.54420054285890529 -0.43446021750569347 -0.11213418599539277 0.094596380271293509 0.86751446003715194 0.04392713736742735 1.1419189831862846 0.34588537064605746 -0.56833785487257915 0.27332086843939929 -0.28650922563768205 -0.53701862588524818 -0.4469004559516907 -0.26406955219529293 0.14564635075124291 -0.31792673739519989 -0.26111735105514527 0.20789072313204859 0.64774574896563664 -0.27209665339440109 -0.035105286715910414 -0.25522541943115784 -0.17124318793901933 0.16185747560000782 -0.17499272915033193 -0.34784641101956371 0.20953773746024007 -0.4009547468105501 0.20233966977550435 0.26914712268373242 0.24091249033808709 0.0047446234694301613 -0.011922479191651712 -0.079784008581191307 -0.10176872193813324 -0.2272104088730853 0.056392175897404001 -0.3122991173217694
leaf_weight=26 25 27 32 58 27 24 24 24 29 23 26 31 20 20 27 24 33 20 33 23 20 104 34 23 33 39 20 23 22 26 23 27 1011 26 53 20 58 54 24
leaf_count=26 25 27 32 58 27 24 24 24 29 23 26 31 20 20 27 24 33 20 33 23 20 104 34 23 33 39 20 23 22 26 23 27 1011 26 53 20 58 54 24
internal_value=-5.68019e-10 -0.0066156 -0.000383781 -0.00732607 -0.00077368 0.00801668 -0.00264376 0.00840319 -0.00646259 -0.255496 -0.0121362 -0.0163175 -0.303666 -0.136367 -0.0115148 -0.198727 -0.136683 -0.00754333 -0.00455483 -0.008768 -0.000712003 -0.0102542 -0.131438 -0.00942725 -0.00686031 -0.0105475 -0.172573 -0.00618765 -0.054786 -0.0136544 0.00376287 -0.000187734 0.0108877 -0.0720397 0.0258136 -0.258485 -0.160574 -0.0445107 -0.0870791
internal_weight=2216 2190 2145 2118 2086 1959 1935 1854 1830 81 1801 1775 45 127 1744 100 80 1717 1697 1664 1586 1563 58 47 1543 1510 78 1471 250 208 1221 1198 1038 160 76 42 84 182 128
internal_count=2216 2190 2145 2118 2086 1959 1935 1854 1830 81 1801 1775 45 127 1744 100 80 1717 1697 1664 1586 1563 58 47 1543 1510 78 1471 250 208 1221 1198 1038 160 76 42 84 182 128
is_linear=0
shrinkage=0.05


Tree=178
num_leaves=40
num_cat=0
split_feature=28 4 7 30 30 30 11 8 11 11 9 5 27 29 33 24 30 29 15 6 6 24 15 4 14 3 27 4 3 5 3 27 3 5 16 15 25 25 30
split_gain=3103.02 7903.57 3646.34 2894.19 1291.38 1277.32 1158.04 5557.73 2648.91 11571 2109.89 1602.67 948.926 7632.63 944.628 653.571 775.938 593.822 440.295 528.277 1343.34 482.639 473.936 438.231 384.057 430.557 380.554 368.539 366.124 938.705 638.281 303.715 278.972 269.983 258.885 2053.29 837.566 746.311 609.985
threshold=-1.5452485680580137 0.2291599586606026 -1.3164669871330259 -2.4608415365219112 -1.3757219314575193 1.2409112453460696 1.6160847544670107 1.4510754346847536 1.2277661561965945 1.3433995842933657 1.1875331997871401 3.179359078407288 -1.1976896524429319 -0.085064455866813646 -0.047483431175351136 0.87067350745201122 0.60025855898857128 -0.48264776170253748 -0.832698494195938 2.9755042791366582 2.1986874341964726 -0.58397009968757618 1.7172574996948244 -0.40523913502693171 1.8757705092430117 -0.52905616164207447 -1.0741553902626035 2.1176037788391118 0.2619194388389588 -0.37207493185997004 -0.094295192509889589 -0.25334399938583368 -0.23140682280063626 -0.1493597403168678 -0.63082122802734364 -0.58635970950126637 -0.58439117670059193 -0.53781428933143605 0.081497162580490126
decision_type=2 2 2 2 2 2 2 2 2 2 2 2 2 2 2 2 2 2 2 2 2 2 2 2 2 2 2 2 2 2 2 2 2 2 2 2 2 2 2
left_child=1 -1 3 -2 -4 6 7 8 10 -10 11 12 13 23 17 18 31 -8 21 20 22 28 27 -6 -19 -26 -5 34 30 -30 33 -17 -33 -14 35 38 -36 -38 -20
right_child=2 -3 4 26 5 -7 14 -9 9 -11 -12 -13 15 -15 -16 16 -18 24 19 -21 -22 -23 -24 -25 25 -27 -28 -29 29 -31 -32 32 -34 -35 36 -37 37 -39 -40
leaf_value=-0.18171841067075731 -0.83841317221522338 1.1518119733780623 0.36797600587209067 -0.28664876023928326 -0.3378462672233582 0.39674881318584088 -0.33200614742934703 0.65772568825632338 1.1827896808152614 -0.31895119958910451 -0.47277405643463138 0.39558693269888562 -0.082204743632276478 0.99318188204430047 -0.46338396561997275 -0.1692644500455191 -0.3907115194325646 0.16213512524962426 0.10475115531158669 -0.20698704933597437 0.39852956732114159 -0.27708931899128053 -0.22019470715522768 -0.041234971763509695 0.02516196175167958 -0.27002693698519753 -0.0050781562303503364 -0.20806788410104457 0.31707915677265691 -0.082929033695042814 -0.32730765311280269 0.1166517299167546 -0.12127582457932561 0.081648034386096469 -0.21869822932322594 0.49903620911519164 0.25863653732729808 -0.002975881949394724 -0.12511022939316688
leaf_weight=25 22 20 24 24 20 20 20 32 23 29 25 24 133 20 21 43 24 20 54 31 21 26 25 33 30 21 24 21 22 44 24 28 22 31 44 23 28 1033 62
leaf_count=25 22 20 24 24 20 20 20 32 23 29 25 24 133 20 21 43 24 20 54 31 21 26 25 33 30 21 24 21 22 44 24 28 22 31 44 23 28 1033 62
internal_value=1.20579e-11 0.410962 -0.00851832 -0.363522 0.0033095 -0.000904269 -0.00477061 0.0042319 -0.00669952 0.34528 -0.0165345 -0.0103221 -0.0156984 0.160904 -0.161109 -0.0231118 -0.137242 -0.091353 -0.0148793 -0.00298003 0.00184394 -0.0719107 -0.00461373 -0.153164 -0.0235634 -0.0963864 -0.145863 -0.000353241 -0.0509081 0.050407 -0.0864762 -0.07183 0.0119636 -0.0512326 0.0031532 0.0674645 -0.00493664 0.00392812 -0.0181058
internal_weight=2216 45 2171 70 2101 2077 2057 1945 1913 52 1861 1836 1812 73 112 1739 117 91 1622 1342 1311 280 1290 53 71 51 48 1265 254 66 188 93 50 164 1244 139 1105 1061 116
internal_count=2216 45 2171 70 2101 2077 2057 1945 1913 52 1861 1836 1812 73 112 1739 117 91 1622 1342 1311 280 1290 53 71 51 48 1265 254 66 188 93 50 164 1244 139 1105 1061 116
is_linear=0
shrinkage=0.05


Tree=179
num_leaves=40
num_cat=0
split_feature=30 30 6 15 0 0 3 15 24 22 26 33 29 30 28 29 4 6 6 6 22 27 13 13 33 5 4 16 18 10 31 5 12 3 18 12 20 19 21
split_gain=3306.16 1616.84 2356.26 2188.67 955.229 10982.7 2204.94 1411.29 12463 1394.94 6402.58 1491.84 8550.14 2095.05 1000.8 928.772 1011.7 921.121 815.76 1459.02 849.008 684.194 907.626 561.865 527.271 500.178 604.901 857.184 696.387 481.181 655.791 445.97 416.985 416.4 376.559 359.678 322.902 1610.66 721.305
threshold=-2.4608415365219112 -0.88363802433013905 4.6428182125091562 -1.567071199417114 -0.68312785029411305 -0.66076958179473866 -0.24449787288904187 1.8629074692726137 1.3891622424125674 0.58130306005477916 0.9546494483947755 -0.047483431175351136 0.094810806214809432 0.95535138249397289 0.15596146881580356 1.1304740905761721 2.1176037788391118 2.872025847434998 1.739593029022217 1.2630094289779665 -1.6105053424835203 -1.0741553902626035 1.6231963038444521 -0.93772524595260609 -0.047485062852501862 -0.15591018646955487 0.24022506177425387 1.2338263988494875 0.89618012309074413 1.1447533965110781 -0.74593421816825856 -0.21158897876739499 0.48531006276607519 0.53889870643615734 1.1738103032112124 1.5455594062805178 0.2236004322767258 0.18809021264314654 0.11068857461214067
decision_type=2 2 2 2 2 2 2 2 2 2 2 2 2 2 2 2 2 2 2 2 2 2 2 2 2 2 2 2 2 2 2 2 2 2 2 2 2 2 2
left_child=-1 23 3 -3 6 -6 21 9 -9 10 11 12 24 15 -11 16 17 18 19 20 -13 22 -5 -2 -7 33 27 28 -27 30 31 -23 -28 -16 -35 -31 37 38 -22
right_child=1 2 -4 4 5 7 -8 8 -10 14 -12 13 -14 -15 25 -17 -18 -19 -20 -21 36 29 -24 -25 -26 26 32 -29 -30 35 -32 -33 -34 34 -36 -37 -38 -39 -40
leaf_value=0.56050839332433844 -0.14305652123061008 -0.41474481225013737 0.5408897703327239 -0.44840762920000343 1.0632172306776047 -0.25219602835178379 -0.55316642991134102 1.2602411592006684 -0.27494417818693012 -0.384528257449468 0.68931357937199733 -0.33718961186707025 1.1064594467484858 -0.52403124764561659 -0.056747237876323721 0.28221216023796136 -0.35031144178726459 0.29846659625569977 -0.23894642629684548 0.41692260729148983 0.0044750899244640737 -0.0041117797183423217 0.016987492591142656 -0.45319977541980538 0.036563928949451728 -0.095403060372228982 -0.096755404431711545 -0.30434254238551317 0.28850256807747343 -0.27520894718666872 0.20280223609879613 -0.18052536182057782 -0.37612140183063114 -0.013937259279191495 0.27982245821505786 -0.0090403725139119422 -0.078079045646404499 0.42846995487978518 -0.27012126499414446
leaf_weight=26 40 32 20 22 25 25 21 20 39 27 35 20 20 20 140 27 22 24 39 20 551 440 20 23 43 27 22 22 21 30 36 39 34 24 20 22 131 22 25
leaf_count=26 40 32 20 22 25 25 21 20 39 27 35 20 20 20 140 27 22 24 39 20 551 440 20 23 43 27 22 22 21 30 36 39 34 24 20 22 131 22 25
internal_value=-9.73245e-11 -0.00665444 0.000739369 -0.00438783 0.00194057 0.0243407 -0.0494376 0.00605064 0.245458 -0.00432777 0.0247114 0.00119157 0.197688 -0.0180001 -0.0925654 -0.00651243 -0.0156407 -0.00679126 -0.0158583 -0.00454436 -0.0157985 -0.0320676 -0.226791 -0.256283 -0.0695978 -0.0671364 -0.143886 -0.0458981 0.0725557 -0.0176436 -0.00300736 -0.0184753 -0.26637 -0.0145797 0.11959 -0.162599 -0.00698117 0.00859378 -0.00744315
internal_weight=2216 2190 2127 2107 2075 1445 630 1420 59 1361 1024 989 88 901 337 881 854 832 808 769 749 609 42 63 68 310 126 70 48 567 515 479 56 184 44 52 729 598 576
internal_count=2216 2190 2127 2107 2075 1445 630 1420 59 1361 1024 989 88 901 337 881 854 832 808 769 749 609 42 63 68 310 126 70 48 567 515 479 56 184 44 52 729 598 576
is_linear=0
shrinkage=0.05


Tree=180
num_leaves=40
num_cat=0
split_feature=15 20 33 4 30 30 10 30 33 29 29 21 22 15 0 7 28 13 5 23 9 4 0 23 6 29 22 0 24 28 24 3 26 10 29 3 28 5 15
split_gain=3141.25 3652.12 1199.23 3153.4 2558.92 2367.08 1411.68 1260.23 1304.21 1076.89 1600.94 3398.36 1169.63 2248.87 1152.66 4709.36 1336.01 3829.5 1100.82 1040.68 1198.2 822.331 818.844 702.721 623.274 604.599 469.539 414.914 372.308 323.428 313.604 310.956 302.425 346.79 400.697 324.593 298.273 399.799 364.06
threshold=-1.584319472312927 -1.6251678466796873 -0.047460788860917084 2.1053092479705815 -0.95633739233016957 -1.3757219314575193 -1.2903800606727598 1.0098809599876406 -0.047462873160839074 -0.79462745785713185 -0.70024633407592762 0.13452491164207461 2.3331806659698491 1.8295560479164126 1.4518179297447207 0.80658850073814403 -1.2250468134880064 -0.43507608771324152 -0.38735930621623987 1.0759197473526003 1.380291283130646 1.8163871169090273 2.798500776290894 1.2781210541725161 2.2832190990448002 0.91963148117065441 -0.48569265007972712 1.3879626989364626 -0.067145887762308107 0.56415691971778881 0.63123145699501049 1.7308740615844729 -0.92388370633125294 -1.2211973071098325 -0.15099124610424039 0.40040905773639685 -1.0124403834342954 -0.41574457287788386 0.27601341903209692
decision_type=2 2 2 2 2 2 2 2 2 2 2 2 2 2 2 2 2 2 2 2 2 2 2 2 2 2 2 2 2 2 2 2 2 2 2 2 2 2 2
left_child=-1 -2 3 4 -3 -4 -7 8 9 28 11 -11 13 14 16 30 17 -12 -15 21 23 24 26 -21 25 36 32 -28 -6 -22 -16 -29 33 -8 -35 -36 37 -18 -38
right_child=1 2 5 -5 7 6 22 -9 -10 10 12 -13 -14 18 15 -17 19 -19 -20 20 29 -23 -24 -25 -26 -27 27 31 -30 -31 -32 -33 -34 34 35 -37 38 -39 -40
leaf_value=0.44476762838088552 -0.62134764989217128 0.56986025750637059 -0.61701245427131657 0.62367084870735812 -0.13037944209169258 0.22537666358626807 -0.26754942461848258 0.28601450916183624 0.33978987998432586 -0.097145027697086342 0.76981961041688918 0.77728721300140036 0.27094790372583599 -0.16124280136736002 0.043905147441007479 0.84018759818747635 -0.001978708803653717 -0.15045728735052621 -0.62873095691204073 -0.16984795587403434 -0.085240156515078117 0.21602815611240192 -0.38900959065014667 -0.50934935521196445 -0.28091470748186115 -0.1987714039516591 0.20071640412012737 -0.18963913800923721 -0.39055706754326824 0.14542105971347719 -0.21040610271421345 0.044476321339607244 -0.23446751748060071 -0.14295506608550965 -0.048461921733838544 0.21729922148399058 0.021652512384077952 -0.26705925774574285 -0.037816443287370965
leaf_weight=39 24 20 20 21 44 39 20 38 27 25 20 20 36 34 27 20 33 26 20 35 55 39 22 27 22 42 24 23 20 21 22 37 43 46 27 20 709 25 404
leaf_count=39 24 20 20 21 44 39 20 38 27 25 20 20 36 34 27 20 33 26 20 35 55 39 22 27 22 42 24 23 20 21 22 37 43 46 27 20 709 25 404
internal_value=-5.34797e-10 -0.00796782 -0.00113033 0.0144899 0.007426 -0.0902778 -0.0552788 0.00114532 -0.00502982 -0.0104239 -0.00267375 0.291492 -0.0108602 -0.017277 -0.00606296 0.193627 -0.0155133 0.249663 -0.334387 -0.0241522 -0.154576 -0.0100247 -0.0970557 -0.317695 -0.0171632 -0.0123795 -0.0702933 0.0250133 -0.211685 -0.0215048 -0.0702754 -0.0452679 -0.121612 -0.0786673 -0.0380475 0.0646279 -0.00569427 -0.116238 6.62967e-05
internal_weight=2216 2177 2153 1832 1811 321 301 1791 1753 1726 1662 45 1617 1581 1527 69 1458 46 54 1412 138 1274 262 62 1235 1213 240 84 64 76 49 60 156 113 93 47 1171 58 1113
internal_count=2216 2177 2153 1832 1811 321 301 1791 1753 1726 1662 45 1617 1581 1527 69 1458 46 54 1412 138 1274 262 62 1235 1213 240 84 64 76 49 60 156 113 93 47 1171 58 1113
is_linear=0
shrinkage=0.05


Tree=181
num_leaves=40
num_cat=0
split_feature=18 16 15 9 30 33 6 30 28 4 26 21 23 23 5 0 3 7 4 17 27 27 4 5 29 27 4 2 18 18 10 8 8 30 18 15 29 11 29
split_gain=2911.04 12106.3 1850.49 6154.43 3472.59 1435.28 1100.63 2075.67 1778.56 1928.98 14684 4910 1983.51 4687.51 1446.18 1416.14 860.979 842.296 840.944 701.036 641.798 693.498 1737.64 768.374 811.848 1620.04 788.673 680.66 820.989 2843.7 553.099 545.477 564.048 512.092 509.792 475.959 469.336 461.426 807.874
threshold=-1.642467141151428 -1.5978951454162595 -1.3155183792114256 -1.2051863074302671 -1.1101645231246946 -0.047405436635017388 -0.13905031234025952 1.0098809599876406 -1.2250468134880064 0.55250677466392528 0.9546494483947755 0.99927017092704784 1.0759197473526003 0.99978256225585949 0.66617089509964 2.7011975049972539 -0.22589479386806485 -0.6722082495689391 -0.28413775563240046 1.4656423330307009 -0.4262572824954986 1.0000000180025095e-35 0.14555697888135913 -0.39172627031803126 0.28863383829593664 -0.15934929996728894 -0.97570654749870289 2.2576968073844914 0.13330585509538653 0.24587000161409381 -0.1929780766367912 0.46871942281723028 0.60440000891685497 -0.031917804852128022 -0.053483759984374039 0.94378104805946361 -0.25192262232303614 1.2277661561965945 -0.49694004654884333
decision_type=2 2 2 2 2 2 2 2 2 2 2 2 2 2 2 2 2 2 2 2 2 2 2 2 2 2 2 2 2 2 2 2 2 2 2 2 2 2 2
left_child=-1 -2 4 -4 -3 16 7 8 -5 12 15 -12 13 19 37 17 -6 -11 33 20 -10 22 23 24 25 26 -22 28 34 -30 -19 -31 -33 -14 -23 -35 -37 38 -8
right_child=1 2 3 6 5 -7 14 -9 9 10 11 -13 18 -15 -16 -17 -18 30 -20 -21 21 27 -24 -25 -26 -27 -28 -29 29 31 -32 32 -34 35 -36 36 -38 -39 -40
leaf_value=-0.4811209742580691 1.2015523632367453 -0.7101764466017485 0.83989169651811779 0.37916415955405686 -0.057079003449227367 0.25756133872739695 0.17197479021904821 0.41728512418922037 -0.077755781695860102 0.26055138199417682 1.5549302177131177 0.46027365468797232 -0.32186031217376393 0.75856215316802267 -0.40610719770193104 -0.44043804585933688 -0.36748385163955394 -0.18352266183743876 -0.38087765791041911 -0.27571039628982547 0.029414906986057761 -0.062809710511127895 0.42771083336556331 -0.051047013277808834 0.40581829547882081 -0.22923271938644607 0.46324221207336946 0.22295232739831722 0.59205143863246557 -0.056770990598486386 0.018544560065088065 0.33589572209864854 -0.0092577639710286572 -0.2360557419749407 -0.26049674557227837 -0.16405722910449619 0.13493667389665331 -0.20992483596007028 -0.056357232294617414
leaf_weight=31 21 25 22 32 74 27 44 32 249 27 20 21 24 20 30 20 32 48 43 25 20 230 32 120 22 29 22 28 21 178 115 20 29 26 38 21 35 39 324
leaf_count=31 21 25 22 32 74 27 44 32 249 27 20 21 24 20 30 20 32 48 43 25 20 230 32 120 22 29 22 28 21 178 115 20 29 26 38 21 35 39 324
internal_value=-1.19053e-10 0.00682597 -0.00476795 0.00820824 -0.169516 -0.0678885 -0.00101405 0.0187791 0.0103618 0.00240383 0.128741 0.994252 -0.0233353 0.000196785 -0.0710827 -0.0402397 -0.150786 0.00188644 -0.194378 -0.0140716 -0.0077701 0.0143166 0.0841673 0.0325551 0.140429 0.0581955 0.256658 -0.0171418 -0.0301702 0.0353923 -0.0409599 -0.0161048 0.131621 -0.118722 -0.09084 -0.0592667 0.022814 -0.046388 -0.0290567
internal_weight=2216 2185 2164 2006 158 133 1984 1547 1515 1483 251 41 1232 1083 437 210 106 190 149 1063 1038 789 245 213 93 71 42 544 516 248 163 227 49 106 268 82 56 407 368
internal_count=2216 2185 2164 2006 158 133 1984 1547 1515 1483 251 41 1232 1083 437 210 106 190 149 1063 1038 789 245 213 93 71 42 544 516 248 163 227 49 106 268 82 56 407 368
is_linear=0
shrinkage=0.05


Tree=182
num_leaves=40
num_cat=0
split_feature=30 28 22 6 8 30 31 6 10 6 15 5 28 7 7 7 11 11 5 29 29 7 11 10 28 27 15 27 15 30 31 31 29 30 30 33 9 24 14
split_gain=3037.22 1500.47 3316.82 1361.64 1281.59 1483.11 1188.08 1155.25 1029.86 929.513 905.164 8983.91 894.48 3274.64 818.978 3186.54 1003.12 994.046 745.479 604.251 581.613 429.042 375.872 400.19 374.79 328.754 480.49 473.477 751.864 534.984 514.852 2291 426.987 403.25 393.402 479.024 904.847 558.311 1219.4
threshold=-2.4608415365219112 -1.5968321561813352 -1.6769025325775144 3.7202574014663701 -1.0783468484878538 1.0098809599876406 2.6957347393035893 2.872025847434998 -1.1261851787567136 1.367945194244385 1.8629074692726137 0.068988487124443068 -1.2250468134880064 -0.46969753503799433 1.2180948853492739 1.1032164096832278 1.1336319446563723 1.6160847544670107 -0.4987169057130813 1.0929369330406191 -0.10804389789700507 -1.172109007835388 -1.2816687226295469 -1.2211973071098325 0.17753227800130847 -0.39116537570953364 0.41219964623451238 -0.30422385036945337 -0.32069228589534754 0.78961768746376049 0.50143270194530498 0.42740285396575933 -0.39011573791503901 -0.31357385218143458 -0.24132506549358365 -0.047476824373006814 -0.6793454885482787 0.17024277150630954 0.22756779193878177
decision_type=2 2 2 2 2 2 2 2 2 2 2 2 2 2 2 2 2 2 2 2 2 2 2 2 2 2 2 2 2 2 2 2 2 2 2 2 2 2 2
left_child=-1 -2 -3 4 8 6 7 9 21 10 12 20 13 -6 15 16 19 18 -16 25 -12 22 -4 -24 -19 26 -14 28 -27 30 31 33 -32 -29 -35 37 -37 -36 -39
right_child=1 2 3 -5 5 -7 -8 -9 -10 -11 11 -13 14 -15 17 -17 -18 24 -20 -21 -22 -23 23 -25 -26 27 -28 29 -30 -31 32 -33 -34 34 35 36 -38 38 -40
leaf_value=0.53722755553630686 -0.33112988574164254 0.50414789351634681 -0.026763464456254788 -0.32739007057001196 0.55442968791928793 0.34586273778695614 0.30463596585614144 0.36607946205352038 -0.36634962373488661 -0.18047594091779479 -0.28748898449753013 1.0500016933395748 -0.037348353243107403 -0.2264413874745369 -0.076434575716654463 0.4898717590607703 -0.28291241701911479 -0.093707210113925327 -0.40796192976144652 0.25811237827652977 0.045352476444982352 0.08467518143246279 -0.33421407123406732 -0.060287649370729925 0.16947658196246873 0.34751184558868409 -0.26062426039805781 -0.12131466765355853 0.0041374901563606481 0.2427227979792016 -0.20837033095256408 0.51070428278974511 -0.042183095380114242 0.18185295437773069 -0.064663619103183037 -0.019478090808843263 0.28853971095461595 0.41296960830688478 0.0007252800005391755
leaf_weight=26 35 32 55 33 29 32 32 21 37 74 35 21 329 25 30 32 34 31 39 21 21 34 30 24 24 25 26 70 44 21 49 22 183 30 314 64 38 20 174
leaf_count=26 35 32 55 33 29 32 32 21 37 74 35 21 329 25 30 32 34 31 39 21 21 34 30 24 24 25 26 70 44 21 49 22 183 30 314 64 38 20 174
internal_value=9.40527e-10 -0.00637804 -0.00110365 -0.00871931 -0.00368767 0.00833197 0.00258065 -0.00265541 -0.131229 -0.00689839 0.00043727 0.168056 -0.0072728 0.192915 -0.0139457 -0.0037106 -0.0144993 -0.137428 -0.26382 -0.00811743 -0.162673 -0.0703941 -0.118764 -0.212469 0.0211366 -0.0120854 -0.053701 0.00193127 0.128548 -0.00693837 -0.012377 0.00819424 -0.077283 -0.0073765 0.00508549 -0.00360799 0.0952736 -0.0234622 0.0432247
internal_weight=2216 2190 2155 2123 2090 1910 1878 1846 180 1825 1751 77 1674 54 1620 1496 1464 124 69 1430 56 143 109 54 55 1409 355 1054 69 985 964 732 232 710 640 610 102 508 194
internal_count=2216 2190 2155 2123 2090 1910 1878 1846 180 1825 1751 77 1674 54 1620 1496 1464 124 69 1430 56 143 109 54 55 1409 355 1054 69 985 964 732 232 710 640 610 102 508 194
is_linear=0
shrinkage=0.05


Tree=183
num_leaves=40
num_cat=0
split_feature=12 22 30 18 29 4 27 31 30 18 29 30 7 3 17 16 29 28 22 8 14 14 29 3 3 6 17 8 15 33 33 0 17 4 22 24 29 29 29
split_gain=3119.63 11191.8 3344.64 1677.47 2708.93 1280.97 1062.99 11257.9 7312.93 2678.51 3920.45 2626.79 2367.06 1486.85 1363.81 3171.13 1006.14 818.359 589.789 579.961 554.352 620.067 454.38 803.741 440.385 380.82 315.684 662.692 266.587 289.381 260.828 685.065 273.126 253.679 375.939 1213.54 326.817 383.1 1218.15
threshold=-1.3944663405418394 -1.6634678840637205 -2.4608415365219112 -1.4155634045600889 1.6874600648880007 0.58816099166870128 -0.58386245369911183 1.4600473046302798 0.73168373107910167 -1.0717446804046629 -0.06245355308055877 1.158700227737427 2.0837219953536992 2.6286451816558842 1.9977061748504641 1.840181350708008 -0.12860795110464093 -0.322158932685852 -1.3616196513175962 1.5056784152984621 1.3596132397651675 1.5510139465332033 0.071945838630199446 -0.55937233567237843 -0.49185001850128168 2.872025847434998 0.393465206027031 1.3476914763450625 -1.2476907372474668 -0.047432998195290559 -0.047486949712038033 -0.41572304069995875 -0.47595359385013575 -1.0347204208374021 -0.28413601219654078 -0.74793687462806691 -0.85986977815628041 -0.46601891517639155 -0.4286902099847793
decision_type=2 2 2 2 2 2 2 2 2 2 2 2 2 2 2 2 2 2 2 2 2 2 2 2 2 2 2 2 2 2 2 2 2 2 2 2 2 2 2
left_child=2 -2 -1 5 6 24 7 8 9 10 -5 12 13 14 15 18 -16 22 -8 -19 25 -22 26 -24 -3 28 27 30 -20 33 -11 -32 -33 34 35 -30 -35 -38 -39
right_child=1 3 -4 4 -6 -7 11 -9 -10 17 -12 -13 -14 -15 16 -17 -18 19 20 -21 21 -23 23 -25 -26 -27 -28 -29 29 -31 31 32 -34 36 -36 -37 37 38 -40
leaf_value=-0.84485919201238591 1.041154858469963 -0.21830346666668593 -0.077322815507650383 -0.044495790203412378 0.54630416917574143 -0.54604906893589289 -0.27409470081329346 1.2296440917253495 0.94373690426349643 0.09038069133247649 0.84266786815598604 -0.560199418596246 0.5304361593723298 -0.41602498130953836 -0.54343334275530653 0.6228350435197354 -0.082452041732853865 -0.38676605605416831 0.1710641166106576 -0.076861820398614958 -0.35333452112972741 0.023625186830759051 -0.034196063177660108 -0.43365356877446176 0.040418284771771271 0.16874972152872944 -0.17045523621912662 0.27826078586280345 -0.12485002006204533 -0.19724079189822077 -0.29075367381939521 -0.11575371300981892 0.070447741200526562 0.19432074776427313 -0.11958186314864593 0.25384048298001288 -0.080967507779580339 0.38708059411673323 0.0021563467344282643
leaf_weight=22 26 38 40 33 23 22 21 20 20 35 20 22 20 23 20 20 29 36 21 26 24 20 34 20 29 32 29 20 56 20 26 31 54 22 110 34 130 21 967
leaf_count=22 26 38 40 33 23 22 21 20 20 35 20 22 20 23 20 20 29 36 21 26 24 20 34 20 29 32 29 20 56 20 26 31 54 22 110 34 130 21 967
internal_value=7.23341e-11 0.0100649 -0.349674 -0.00253299 0.00674167 -0.215017 0.000585949 0.07311 0.0128739 -0.0382724 0.290283 -0.0175901 -0.0100823 -0.0169678 -0.0110349 -0.00254417 -0.270608 -0.0942642 -0.0110067 -0.256806 -0.00721474 -0.181989 -0.0537919 -0.182143 -0.106319 -0.00177236 -0.0182484 0.00834191 -0.00572363 -0.00845345 -0.0286333 -0.0661602 0.00253898 -0.00563572 -0.0575751 0.0182108 0.00347646 -0.000278977 0.0103379
internal_weight=2216 2154 62 2128 2039 89 2016 404 384 364 53 1612 1590 1570 1547 1498 49 311 1478 62 1457 44 249 54 67 1413 195 166 1381 1360 146 111 85 1340 200 90 1140 1118 988
internal_count=2216 2154 62 2128 2039 89 2016 404 384 364 53 1612 1590 1570 1547 1498 49 311 1478 62 1457 44 249 54 67 1413 195 166 1381 1360 146 111 85 1340 200 90 1140 1118 988
is_linear=0
shrinkage=0.05


Tree=184
num_leaves=40
num_cat=0
split_feature=30 6 27 22 20 29 29 27 3 27 27 3 30 22 20 18 29 11 31 29 33 30 4 6 4 33 27 10 18 4 16 6 16 21 30 7 30 8 29
split_gain=3127.54 1471.08 3097.47 1783.12 1153.52 1332.61 2413.61 18271.7 39585.7 1871.66 8617.94 1643.43 1578.64 1549.8 1267.64 4860.04 1200.22 899.366 846.513 834.436 793.945 709.014 702.928 633.917 627.228 597.769 552.525 712.223 1605.62 865.134 1013.59 417.694 409.516 835.484 1658.13 2271.71 467.959 459.352 430.988
threshold=-2.4608415365219112 4.711318016052247 -1.8494415283203123 -1.6634678840637205 -1.589679956436157 0.24387346208095553 -0.0043747618328779927 -0.61005219817161549 -0.1287453509867191 -0.59109649062156666 -0.50291630625724781 2.4729304313659672 1.158700227737427 2.3331806659698491 1.5960392355918886 1.4427022337913515 0.21100564301013949 0.25003199279308325 1.2160363197326662 -0.36237570643424982 -0.047489261254668229 -0.88363802433013905 1.5120968818664553 1.9975603222846987 -0.75194561481475819 -0.047489987686276429 0.34649854898452764 -0.31344148516654963 0.74090155959129345 -0.086195405572652803 -0.48711887001991266 0.46287341415882116 0.093140266835689559 -0.15535405278205869 0.13834507763385775 0.17572047561407092 0.54868322610855114 -0.21955074369907376 -0.051848068833351128
decision_type=2 2 2 2 2 2 2 2 2 2 2 2 2 2 2 2 2 2 2 2 2 2 2 2 2 2 2 2 2 2 2 2 2 2 2 2 2 2 2
left_child=-1 2 3 -2 -4 6 11 8 -8 17 -11 13 20 14 15 23 18 24 22 -16 -12 -22 31 25 -7 -6 -23 29 -29 -28 -31 -9 33 38 35 -35 37 -34 -27
right_child=1 -3 4 -5 5 9 7 16 -10 10 12 -13 -14 -15 19 -17 -18 -19 -20 -21 21 26 -24 -25 -26 32 27 28 -30 30 -32 -33 36 34 -36 -37 -38 -39 -40
leaf_value=0.54515756173775753 -0.63798451165358228 0.42038330923765899 0.3775007377937436 -0.088156480008158192 -0.27756088400340601 -0.373691637672322 -0.057218712173840586 -0.062297352144088582 2.746159135103226 0.98030581042170528 0.17377136461299791 -0.40100032182203399 -0.47476328251650557 0.3830151160359383 -0.50494871430099009 0.70072548389434819 0.27642436446622015 -0.56867729700777836 -0.28882181051303635 -0.1040930975882991 -0.36806845588609582 -0.12453140176656481 0.25418213287326086 0.21152320802211763 -0.008296979839603107 -0.0346727002793615 -0.19324238416401374 0.50339192134328192 -0.031498702853283982 0.31779957649608459 -0.10407893116985048 0.1767856428027153 -0.23147890739716015 0.74788133144378666 -0.092202947028847626 0.083259461840821641 0.13034050222486257 -0.051506110618117822 0.15088568676043959
leaf_weight=26 30 20 20 29 23 23 34 211 20 20 34 27 24 25 20 24 32 23 32 37 20 185 22 29 24 393 69 20 47 24 35 20 39 20 43 36 32 390 34
leaf_count=26 30 20 20 29 23 23 34 211 20 20 34 27 24 25 20 24 32 23 32 37 20 185 22 29 24 393 69 20 47 24 35 20 39 20 43 36 32 390 34
internal_value=-7.6354e-10 -0.00647219 -0.0104063 -0.36773 -0.00041956 -0.00403429 0.0197534 0.1309 0.981069 -0.0710131 -0.0356518 -0.0154305 -0.0800167 -0.00633846 -0.0150294 -0.00271166 -0.0139235 -0.31248 -0.0465239 -0.244744 -0.0581874 -0.0779039 -0.0158776 -0.0189605 -0.187107 -0.0255783 -0.0626321 -0.00390717 0.12817 -0.0730414 0.0675327 -0.0415975 -0.0197064 0.0104448 0.141316 0.320624 -0.0541088 -0.0678673 -0.0198976
internal_weight=2216 2190 2170 59 2111 2091 1543 371 54 548 478 1172 458 1145 1120 1063 317 70 285 57 434 400 253 1039 47 1010 380 195 67 128 59 231 987 526 99 56 461 429 427
internal_count=2216 2190 2170 59 2111 2091 1543 371 54 548 478 1172 458 1145 1120 1063 317 70 285 57 434 400 253 1039 47 1010 380 195 67 128 59 231 987 526 99 56 461 429 427
is_linear=0
shrinkage=0.05


Tree=185
num_leaves=40
num_cat=0
split_feature=28 20 7 30 30 30 11 7 12 15 11 13 5 5 27 29 33 33 30 7 8 8 19 25 29 6 6 13 33 29 29 27 21 18 16 13 21 25 17
split_gain=2973.25 7637.73 3640.06 2796.87 1428.51 1243.88 1122.84 5502.52 1770.96 9611.38 1382.92 6686.8 1708.99 1220.84 1000.07 6030.03 961.799 748.617 520.956 472.068 511.604 528.616 458.261 1083.14 497.189 413.548 1089.42 405.555 349.331 341.799 348.482 333.785 269.261 258.517 829.517 2189 719.18 640.279 451.871
threshold=-1.5452485680580137 -1.5288347005844114 -1.3164669871330259 -2.4608415365219112 -1.3757219314575193 1.2409112453460696 1.6160847544670107 1.6315463185310366 1.2761033177375796 0.81930962204933178 0.84642362594604503 0.89478415250778209 3.179359078407288 -0.36989144980907435 -1.1976896524429319 -0.15099124610424039 -0.047483431175351136 -0.047478046268224709 0.9120679795742036 1.8037331700325014 2.1217476129531865 2.5810849666595463 -1.0293264985084531 -1.0693848729133604 1.1304740905761721 2.9755042791366582 2.2832190990448002 -1.2151780724525449 -0.047484496608376496 0.75466626882553112 0.1369530260562897 -1.0741553902626035 -1.2483482360839842 -0.59442287683486927 -0.50446477532386769 -0.57643339037895192 -0.44462768733501429 -0.69581073522567738 -0.69924047589302052
decision_type=2 2 2 2 2 2 2 2 2 2 2 2 2 2 2 2 2 2 2 2 2 2 2 2 2 2 2 2 2 2 2 2 2 2 2 2 2 2 2
left_child=1 -1 3 -2 -4 6 7 8 10 -10 11 12 14 -12 15 27 19 28 22 -8 -21 -22 23 29 25 26 33 -6 -15 30 32 -5 -16 37 35 -35 -36 -24 -39
right_child=2 -3 4 31 5 -7 16 -9 9 -11 13 -13 -14 17 18 -17 -18 -19 -20 20 21 -23 24 -25 -26 -27 -28 -29 -30 -31 -32 -33 -34 34 36 -37 -38 38 -40
leaf_value=1.1305601641535759 -0.82987410778349102 -0.18035116207599641 0.38701965315267445 -0.28091931294960282 -0.30312035277485849 0.39145978966727857 0.10195065106575688 0.7411039116978646 1.1521354408562183 -0.20832036022801659 -0.017968012903489778 0.90761405136436224 -0.47146972775459289 -0.33400153718315639 -0.14400712219269382 0.90813361376523971 -0.46372217138608296 -0.55811896607989364 -0.228072643732386 -0.33556653881073001 0.13615589201450348 -0.21901591095057402 -0.0028199450915001034 -0.42355304502305535 0.24652984259650113 -0.17678541812826606 0.35709317780676342 -0.0010445984527468683 -0.074812285888653546 -0.19567622300237419 0.11890505072780144 -0.017217516712844372 0.032208805767501278 0.52484764775468251 -0.1831773243573579 -0.04006024072778986 0.0027074668807981275 -0.014572983545561633 -0.28774524282028036
leaf_weight=20 22 25 24 24 20 20 24 25 20 37 74 20 20 26 46 20 21 21 28 25 20 22 173 21 20 34 21 25 26 29 39 24 41 27 55 47 965 24 41
leaf_count=20 22 25 24 24 20 20 24 25 20 37 74 20 20 26 46 20 21 21 28 25 20 22 173 21 20 34 21 25 26 29 39 24 41 27 55 47 965 24 41
internal_value=1.48123e-09 0.402276 -0.00833829 -0.363036 0.00347934 -0.000952517 -0.0047679 0.00409675 -0.0054997 0.269033 -0.0138992 -0.00129079 -0.012009 -0.161084 -0.00652618 0.185756 -0.158712 -0.30616 -0.0142843 -0.0883251 -0.156484 -0.0498865 -0.0105028 -0.0865664 -0.000988131 -0.00455724 -0.000229263 -0.1353 -0.204407 -0.0409102 -0.00528944 -0.149068 -0.0609628 -0.00586272 0.00441134 0.166055 -0.00731573 -0.0530889 -0.186882
internal_weight=2216 45 2171 70 2101 2077 2057 1945 1920 57 1863 1716 1696 147 1676 65 112 73 1611 91 67 42 1583 176 1407 1387 1353 45 52 155 126 48 87 1332 1094 74 1020 238 65
internal_count=2216 45 2171 70 2101 2077 2057 1945 1920 57 1863 1716 1696 147 1676 65 112 73 1611 91 67 42 1583 176 1407 1387 1353 45 52 155 126 48 87 1332 1094 74 1020 238 65
is_linear=0
shrinkage=0.05


Tree=186
num_leaves=40
num_cat=0
split_feature=15 20 5 29 29 30 30 5 8 27 24 8 33 30 27 27 8 33 23 3 5 23 18 27 30 20 16 6 6 29 4 3 22 30 15 7 7 6 6
split_gain=3222.53 4078.98 1143.74 2763.94 3666.54 2331.71 2345.13 1963.32 5865.99 1400.19 1179.8 10198.9 945.323 854.983 847.873 3414.85 773.046 627.876 2059.05 642.713 716.097 467.686 661.763 571.28 434.656 319.239 361.844 310.981 768.015 305.001 282.969 273.409 262.687 247.956 224.53 424.95 636.064 620.167 827.972
threshold=-1.584319472312927 -1.6251678466796873 0.93583095073699962 0.071945838630199446 -0.028919111937284466 1.0098809599876406 -1.3757219314575193 0.700014889240265 -0.039666689932346337 -0.43384085595607752 1.3891622424125674 1.4510754346847536 -0.047405436635017388 -0.031917804852128022 -1.2386001944541929 -1.1030309796333311 1.1794789433479311 -0.047481184825301163 0.90845298767089855 0.80898794531822216 1.4664171338081362 1.6492710113525393 1.5376403331756594 -0.30422385036945337 -0.61167719960212696 0.54025885462760936 -0.19213948398828504 3.2509608268737797 2.3458890914916997 0.14742621034383777 0.14555697888135913 -0.64549770951271046 0.066196504980325713 -0.011622950900346039 -0.832698494195938 -0.35899424552917475 -0.38151800632476801 -0.12739077210426328 -0.27604989707469935
decision_type=2 2 2 2 2 2 2 2 2 2 2 2 2 2 2 2 2 2 2 2 2 2 2 2 2 2 2 2 2 2 2 2 2 2 2 2 2 2 2
left_child=-1 -2 5 4 17 6 -3 10 -9 -5 11 12 14 -12 30 -16 24 -4 19 33 -21 23 -23 -15 29 26 -11 28 34 -17 -8 -24 -22 -19 -26 36 37 38 -36
right_child=1 2 3 9 -6 -7 7 8 -10 25 13 -13 -14 21 15 16 -18 18 -20 20 32 22 31 -25 27 -27 -28 -29 -30 -31 -32 -33 -34 -35 35 -37 -38 -39 -40
leaf_value=0.45048519573532619 -0.65630632191896443 0.53047733335267933 0.19235899888656358 -0.55521738495145534 0.66427066020667558 0.39583863440232403 -0.30621296510216783 -0.18541574636101724 0.9634301674365997 -0.22913579238070683 -0.43435297237539833 1.004872625231743 0.28615669020666529 -0.41392129205522088 0.60764198391274971 -0.29341205543150073 -0.25554806974661698 -0.2539564281702042 -0.53790566067803991 0.34478902675211431 -0.14986520841717721 0.14687230298013398 -0.027376606651460345 -0.040531991124153142 -0.058795216157319447 -0.30414869116136323 0.057634595239704302 -0.17427918471928155 0.26321553754118771 -0.04345346853996699 -0.07909443868945043 -0.27392780577594583 0.10050791894847698 -0.028958046459592879 0.023498799545147147 -0.02147792298949246 0.29376288137088219 -0.11043016385573608 0.28117729836219069
leaf_weight=39 24 21 22 35 20 39 32 25 20 22 22 25 26 21 22 23 34 25 22 20 20 33 23 20 209 27 22 28 26 26 24 22 22 24 198 827 24 65 37
leaf_count=39 24 21 22 35 20 39 32 25 20 22 22 25 26 21 22 23 34 25 22 20 20 33 23 20 209 27 22 28 26 26 24 22 22 24 198 827 24 65 37
internal_value=1.78474e-10 -0.00807024 -0.000844204 -0.0949058 0.0271379 0.0132751 0.00513543 -0.000952972 0.325182 -0.296393 -0.00925863 0.00277248 -0.0128756 -0.148 -0.017812 -0.0107681 -0.0198563 -0.0550728 -0.0960013 -0.0084167 0.0985428 -0.0950611 -0.023196 -0.23178 -0.0143788 -0.168803 -0.0857506 -0.00930551 -0.0059727 -0.160781 -0.208876 -0.147913 -0.0187174 -0.143753 -0.0111189 -0.00246183 0.0460761 0.0262612 0.0640695
internal_weight=2216 2177 2153 281 175 1872 1833 1812 45 106 1767 1626 1601 141 1575 1519 1497 155 133 111 62 119 78 41 1463 71 44 1414 1386 49 56 45 42 49 1360 1151 324 300 235
internal_count=2216 2177 2153 281 175 1872 1833 1812 45 106 1767 1626 1601 141 1575 1519 1497 155 133 111 62 119 78 41 1463 71 44 1414 1386 49 56 45 42 49 1360 1151 324 300 235
is_linear=0
shrinkage=0.05


Tree=187
num_leaves=40
num_cat=0
split_feature=30 28 22 6 29 29 27 3 30 17 24 29 30 6 4 33 30 5 12 26 7 0 3 0 6 4 30 27 9 21 13 27 15 16 19 30 16 22 10
split_gain=2988.71 1496.6 3066.64 1204.23 1197.43 2174.89 15974.8 36796.6 1533.77 1358.22 13576.7 1066.07 1065.8 819.845 902.409 803.982 1022.4 743.978 716.598 915.819 1292.22 636.563 1517.48 573.364 718.25 542.286 846.47 572.631 572.083 519.07 515.882 413.974 413.408 1776.01 449.169 371.113 344.223 705.862 1805.7
threshold=-2.4608415365219112 -1.5968321561813352 -1.6769025325775144 3.7202574014663701 0.24387346208095553 -0.0043747618328779927 -0.61005219817161549 -0.12116631492972373 1.2409112453460696 1.8931055068969729 1.3891622424125674 0.21100564301013949 0.95535138249397289 2.5032929182052617 2.0923999547958378 -0.047489261254668229 -1.0270565152168272 0.053704112768173225 0.91939166188240062 1.6058637499809267 1.5819175839424136 -0.65433043241500843 -0.58831045031547535 -0.018282575532793995 -0.20609266310930249 -0.39355930685997004 -0.26025116443634028 0.34649854898452764 -1.0193323493003843 -0.19473021477460858 2.2289044857025151 0.045181393623352058 -0.57336550951004017 -0.50446477532386769 -0.65598705410957325 0.58546778559684765 0.11696172505617143 -0.17629089951515195 -0.15423948317766187
decision_type=2 2 2 2 2 2 2 2 2 2 2 2 2 2 2 2 2 2 2 2 2 2 2 2 2 2 2 2 2 2 2 2 2 2 2 2 2 2 2
left_child=-1 -2 -3 4 5 9 7 -7 12 13 -11 17 15 14 18 31 -17 23 32 20 -20 22 -18 -8 -25 26 -23 -27 -29 -19 -12 -6 34 -34 -4 36 37 -35 -39
right_child=1 2 3 -5 8 6 11 -9 -10 10 30 -13 -14 -15 -16 16 21 29 19 -21 -22 25 -24 24 -26 27 -28 28 -30 -31 -32 -33 33 35 -36 -37 -38 38 -40
leaf_value=0.53292052986530158 -0.3306596573548658 0.4847630619944539 -0.035086951571937704 -0.30806820305967419 0.30719301961362366 -0.066796262966735021 -0.049852141515150966 2.6216791036725047 0.35180997926564445 1.2448183119297029 -0.50471967324614531 0.26057418960845097 -0.41678347043369124 0.29024958156049252 -0.35739248310703609 -0.43698853214271366 -0.046270027716417576 0.025983838178217412 -0.10681871661605935 0.06285022430464017 -0.49835660728039566 0.35499046521261335 -0.4420568423552646 0.35987674646418205 0.0025799170136451724 -0.14852296147728339 -0.014438740660746893 0.24812825189903381 -0.045824643232238789 -0.27719712026106813 -0.14559511251747609 -0.014511141693219543 0.37592364298179748 -0.033451061030837954 -0.22343964564639168 0.19545008228583771 -0.046336724957016975 0.53609120358120321 0.016782074826104301
leaf_weight=26 35 32 219 33 20 35 153 20 21 21 20 32 23 20 21 20 74 20 96 49 27 20 36 22 39 128 69 20 96 48 20 20 32 157 37 22 341 22 70
leaf_count=26 35 32 219 33 20 35 153 20 21 21 20 32 23 20 21 20 74 20 96 49 27 20 36 22 39 128 69 20 96 48 20 20 32 157 37 22 341 22 70
internal_value=1.06632e-09 -0.00632691 -0.00105932 -0.00838213 -0.00365024 0.0188835 0.124766 0.910831 -0.0672142 -0.0143966 0.215326 -0.01292 -0.0839433 -0.026987 -0.0327919 -0.068724 -0.0873041 -0.0439548 -0.0264331 -0.119945 -0.192766 -0.071517 -0.1758 0.0018249 0.131441 -0.0370691 0.0685791 -0.0756047 0.00485689 -0.188026 -0.325157 0.146341 -0.00856193 0.0128037 -0.0623098 -0.00618298 -0.0137015 0.0309917 0.140965
internal_weight=2216 2190 2155 2123 2090 1543 369 55 547 1174 61 314 526 1113 1093 503 463 282 1072 172 123 443 110 214 61 333 89 244 116 68 40 40 900 644 256 612 590 249 92
internal_count=2216 2190 2155 2123 2090 1543 369 55 547 1174 61 314 526 1113 1093 503 463 282 1072 172 123 443 110 214 61 333 89 244 116 68 40 40 900 644 256 612 590 249 92
is_linear=0
shrinkage=0.05


Tree=188
num_leaves=40
num_cat=0
split_feature=12 22 30 18 29 4 5 30 7 29 12 5 11 10 5 30 33 22 27 8 13 7 9 33 15 0 5 3 30 30 29 6 2 3 24 27 14 26 16
split_gain=3080.96 10292.6 3226.41 1639.41 2464.53 1226.81 893.579 4560.72 2793.98 12108.3 3327.81 3145.12 2076.07 6835.9 1311.95 1223.72 1077.81 834.497 672.207 635.108 795.611 1205.81 535.253 481.209 1463.71 540.414 496.416 373.495 359.768 812.336 481.648 565.72 516.686 432.488 359.049 311.748 277.08 1263.58 1895.37
threshold=-1.3944663405418394 -1.6634678840637205 -2.4608415365219112 -1.4155634045600889 1.6874600648880007 0.58816099166870128 -0.35460707545280451 1.0098809599876406 1.6315463185310366 -0.32081046700477595 1.4253037571907046 -0.3327722549438476 0.84642362594604503 0.75358298420906078 3.0898362398147587 1.0098809599876406 -0.047478046268224709 1.1223883628845217 -1.1324552893638609 1.1315546631813052 1.7659478187561037 1.6315463185310366 1.3067128062248232 -0.047486113384366029 0.19653815776109698 -0.58135303854942311 -0.1373505890369415 -0.49185001850128168 0.51504388451576244 0.45650899410247808 0.2820964008569718 2.872025847434998 1.1408391594886782 1.3119601607322695 -0.69305011630058277 1.9580909013748171 -0.052951727062463753 -0.27762223780155176 -0.14921985566616056
decision_type=2 2 2 2 2 2 2 2 2 2 2 2 2 2 2 2 2 2 2 2 2 2 2 2 2 2 2 2 2 2 2 2 2 2 2 2 2 2 2
left_child=2 -2 -1 5 6 27 15 8 10 -10 11 -8 13 14 18 19 17 -14 -13 28 21 22 -21 24 -20 26 -25 -3 29 30 31 33 -32 35 -34 -5 37 -27 -39
right_child=1 3 -4 4 -6 -7 7 -9 9 -11 -12 12 16 -15 -16 -17 -18 -19 23 20 -22 -23 -24 25 -26 36 -28 -29 -30 -31 32 -33 34 -35 -36 -37 -38 38 -40
leaf_value=-0.83385427106510512 0.99880150132454359 -0.20889304044019236 -0.080005750833079217 0.0033575591382983801 0.52173711599215211 -0.53609627529724757 0.57182678573510859 0.76838762395616089 1.318168343640864 -0.34761044705907507 0.63638235967606305 -0.29117754508148541 -0.0039892985208614456 0.90564689531922338 -0.42196821059499473 -0.40499388476212816 -0.53538978787568903 -0.39285188835452906 -0.13367375487631017 -0.27492093867063522 0.013875516174981992 -0.55188918511072804 0.040780984122177649 -0.37153766280040146 0.44992078833636784 -0.031343424586622523 -0.052029236189780698 0.029371294970142431 -0.087835940264631068 0.25582707432969926 -0.11965607322790489 0.25868013102723209 -0.070491803011723933 0.17254782310510811 0.21854960742321883 -0.18825737366622144 -0.050154013741869952 -0.0833375228402604 0.46857971246221236
leaf_weight=22 26 38 40 604 23 22 22 21 20 24 20 22 37 20 21 21 26 22 22 25 60 21 29 20 21 215 31 29 120 31 147 23 21 37 22 22 206 28 35
leaf_count=22 26 38 40 604 23 22 22 21 20 24 20 22 37 20 21 21 26 22 22 25 60 21 29 20 21 215 31 29 120 31 147 23 21 37 22 22 206 28 35
internal_value=5.04326e-11 0.0100023 -0.3475 -0.00207886 0.00708998 -0.212138 0.00121851 0.0408884 0.0220738 0.409562 -0.000126059 -0.017145 -0.0349926 -0.00420307 -0.0335058 -0.0267147 -0.267182 -0.148989 -0.0199096 -0.0198784 -0.121833 -0.230401 -0.105377 -0.00958455 0.151338 -0.0225185 -0.177327 -0.105764 -0.00647628 0.00428796 -0.00461354 0.0148983 -0.0750615 0.00644129 0.0773898 -0.00337651 -0.00620604 0.0263597 0.223283
internal_weight=2216 2154 62 2128 2039 89 2016 833 812 44 768 748 726 641 621 1183 85 59 600 1162 135 75 54 578 43 535 51 67 1027 907 876 686 190 663 43 626 484 278 63
internal_count=2216 2154 62 2128 2039 89 2016 833 812 44 768 748 726 641 621 1183 85 59 600 1162 135 75 54 578 43 535 51 67 1027 907 876 686 190 663 43 626 484 278 63
is_linear=0
shrinkage=0.05


Tree=189
num_leaves=40
num_cat=0
split_feature=30 21 22 29 23 6 3 5 30 5 9 30 24 8 30 8 15 27 7 7 15 4 3 4 29 30 27 29 3 15 6 17 29 16 29 7 5 9 6
split_gain=3076.5 1487.93 2271.03 1260.84 1272.86 1029.41 1193.39 872.956 2759.31 2202.08 5808.63 1290.16 1052.68 9543.36 875.87 684.58 627.111 596.127 3699.18 476.364 551.412 526.174 421.452 1580.6 414.384 724.602 398.795 1121.51 782.807 440.112 439.642 393.727 375.413 429.935 355.501 355.103 424.273 338.74 331.891
threshold=-2.4608415365219112 -1.6710991859436033 -1.6503179669380186 1.3590816259384157 -1.0026875138282774 2.9755042791366582 2.5976400375366215 0.93583095073699962 1.0098809599876406 0.700014889240265 -0.09692582860589026 0.66947606205940258 1.3891622424125674 1.4510754346847536 -0.031917804852128022 1.1794789433479311 1.0086923837661745 -1.1976896524429319 -0.57883545756340016 1.4077270030975344 0.98048642277717601 -0.86259660124778736 -0.82257151603698719 1.8163871169090273 0.37714722752571112 0.45650899410247808 -0.55673480033874501 -0.08719931915402411 -0.25345492362976069 1.7172574996948244 1.5763595104217532 1.942263722419739 0.70453321933746349 -0.77888181805610646 -0.091077558696269975 -0.17776853591203687 2.0232050418853764 -0.51890775561332692 -0.35183690488338465
decision_type=2 2 2 2 2 2 2 2 2 2 2 2 2 2 2 2 2 2 2 2 2 2 2 2 2 2 2 2 2 2 2 2 2 2 2 2 2 2 2
left_child=-1 -2 -3 5 -5 6 7 8 9 12 -11 16 13 15 -14 17 34 18 -4 20 -16 -21 23 24 -19 38 27 -24 -29 30 32 -23 -28 -34 35 -9 -37 -7 -26
right_child=1 2 3 4 -6 37 -8 11 -10 10 -12 -13 14 -15 19 -17 -18 22 -20 21 -22 31 26 -25 25 -27 29 28 -30 -31 -32 -33 33 -35 -36 36 -38 -39 -40
leaf_value=0.54069077464250426 -0.37529906509099187 0.46266753834027513 0.65042222643440428 -0.025384620153184597 -0.51764355801666784 -0.050631016455590733 0.33463999540717515 0.17780214641243219 0.45824305844657565 -0.15951199126243593 0.98370340019464497 -0.4739565294981003 -0.43613160089367914 0.99517684429883957 -0.40914783835411073 -0.2251392490333981 -0.2902800282239914 -0.015300536744543767 -0.21597571005778657 0.19013577310935312 -0.046398634734478868 0.015730646314720313 0.0099067276015001194 0.42044440756241486 0.20415602860972287 0.35857769845142251 0.008561382408954191 -0.070075453735060175 -0.43068817825440098 -0.24254745021462443 -0.19138315794989469 -0.27067200064659119 0.040550542883574965 -0.26297675764986445 -0.095722233698419909 -0.12736400702014203 0.12007569491863251 -0.30858093777405365 -0.031533626504873825
leaf_weight=26 27 26 22 29 24 20 27 32 34 25 20 20 21 24 20 36 25 437 28 23 22 30 85 24 20 21 629 27 34 21 32 20 20 28 92 41 30 35 59
leaf_count=26 27 26 22 29 24 20 27 32 34 25 20 20 21 24 20 36 25 437 28 23 22 30 85 24 20 21 629 27 34 21 32 20 20 28 92 41 30 35 59
internal_value=5.85313e-10 -0.00641916 -0.00181456 -0.00746572 -0.248294 -0.001341 0.00444471 -8.47524e-06 0.0121768 0.00340008 0.348584 -0.089469 -0.00582943 0.00589525 -0.139198 -0.00969422 -0.0545156 -0.00447833 0.165239 -0.084975 -0.219136 -0.00778627 -0.0103836 0.0234529 0.0057103 0.0975277 -0.0320529 -0.107489 -0.271073 -0.0169657 -0.0102842 -0.0988304 -0.00172412 -0.136507 -0.0242894 0.0395147 -0.022812 -0.214781 0.0281346
internal_weight=2216 2190 2163 2137 53 2084 2029 2002 1762 1728 45 240 1683 1547 136 1523 220 1487 50 115 42 73 1437 561 537 100 876 146 61 730 709 50 677 48 195 103 71 55 79
internal_count=2216 2190 2163 2137 53 2084 2029 2002 1762 1728 45 240 1683 1547 136 1523 220 1487 50 115 42 73 1437 561 537 100 876 146 61 730 709 50 677 48 195 103 71 55 79
is_linear=0
shrinkage=0.05


Tree=190
num_leaves=40
num_cat=0
split_feature=12 29 30 13 27 4 5 3 5 30 15 5 24 13 30 27 28 8 13 7 22 16 9 3 28 7 19 25 21 0 30 5 21 16 29 5 15 30 6
split_gain=3049.1 12638.3 6404.08 2987.01 1775.09 1417.67 1090.79 984.95 776.238 4409.42 3347.27 2694.92 2610.1 1388.17 1165.47 749.914 654.438 604.549 797.603 1112.3 600.155 636.423 477.373 437.105 427.319 783.292 423.148 2199.46 1447.02 794.153 504.35 386.99 1732.93 491.503 510.534 386.46 446.727 512.239 385.543
threshold=-1.2811323404312132 2.3943476676940922 -2.4608415365219112 -1.2564845085144041 -1.9917369484901426 0.1197384111583233 3.5429087877273564 2.6286451816558842 -0.35460707545280451 1.0098809599876406 1.8629074692726137 -0.3327722549438476 1.5304850935935976 0.88261732459068309 0.9120679795742036 -1.4676042199134824 -0.7546834647655486 1.1315546631813052 1.7659478187561037 1.6315463185310366 -1.0179220438003538 -0.79089617729187001 1.3067128062248232 0.40040905773639685 -0.59432670474052418 -0.30974212288856501 0.19644626975059512 0.26106895506381994 0.11792098730802537 -0.68849384784698475 0.38225501775741583 0.82119813561439525 -0.15535405278205869 -0.47886282205581659 0.12923164665699008 0.45000614225864416 -0.2206541299819946 0.22169938683509829 2.872025847434998
decision_type=2 2 2 2 2 2 2 2 2 2 2 2 2 2 2 2 2 2 2 2 2 2 2 2 2 2 2 2 2 2 2 2 2 2 2 2 2 2 2
left_child=2 3 -1 -2 -5 15 7 8 14 10 11 -10 13 16 17 -4 20 38 19 22 23 -22 -19 -13 25 -18 28 -28 31 -29 -31 33 -33 34 -26 36 -35 -38 -6
right_child=1 -3 5 4 6 -7 -8 -9 9 -11 -12 12 -14 -15 -16 -17 24 18 -20 -21 21 -23 -24 -25 26 -27 27 29 -30 30 -32 32 -34 35 -36 -37 37 -39 -40
leaf_value=-0.97405249681323769 0.5811671351844615 1.2064224401658232 -0.43790381669998174 -0.47330561727285386 -0.011481375793396267 0.25273375594272068 0.36748874306678775 -0.33631516979499299 0.54401594928719788 0.77099219523370266 0.53721159249544148 0.067783477578944137 0.44732667957914291 -0.2300803776466992 -0.37067809179425243 -0.080375957997007808 -0.019939462633596527 -0.2712524429584543 0.016991551121075948 -0.53628347061929249 -0.46520103556769232 -0.080382211303169082 0.030209391487055811 -0.20733313108371065 0.27919031323865057 0.39290244538336994 0.53571241756546362 0.28669377026103793 -0.43314624637026677 -0.08542947714978999 0.12129015209349364 -0.083661075698381118 0.4683919070022447 -0.19901616720384674 -0.046940522442261379 -0.30359329413622621 0.13441663764809306 -0.15360022599880513 0.15293197446578258
leaf_weight=24 22 22 20 20 982 26 20 22 22 20 30 42 29 82 24 55 27 24 60 21 21 22 29 22 20 20 21 21 22 132 38 44 21 38 30 20 38 26 37
leaf_count=24 22 22 20 20 982 26 20 22 22 20 30 42 29 82 24 55 27 24 60 21 21 22 29 22 20 20 21 21 22 132 38 44 21 38 30 20 38 26 37
internal_value=-1.2993e-09 0.01434 -0.239879 0.0016644 -0.00456377 -0.0654225 6.12112e-05 -0.00360025 8.72715e-05 0.0378245 0.0192162 -0.00128497 -0.0175847 -0.0366546 -0.025819 -0.175717 -0.0112772 -0.0186407 -0.118481 -0.228324 -0.123851 -0.268317 -0.106302 -0.0267879 0.0119765 0.155738 -0.00236916 0.0500135 -0.0452461 -0.00338794 -0.0392216 -0.00923848 0.0946945 -0.0485155 0.0835118 -0.102625 -0.0632195 0.0174098 -0.00551151
internal_weight=2216 2091 125 2069 2047 101 2027 2007 1985 808 788 758 736 707 1177 75 625 1153 134 74 107 43 53 64 518 47 471 212 259 191 170 237 65 172 50 122 102 64 1019
internal_count=2216 2091 125 2069 2047 101 2027 2007 1985 808 788 758 736 707 1177 75 625 1153 134 74 107 43 53 64 518 47 471 212 259 191 170 237 65 172 50 122 102 64 1019
is_linear=0
shrinkage=0.05


Tree=191
num_leaves=40
num_cat=0
split_feature=30 29 21 19 5 33 30 31 30 11 24 18 29 13 7 11 15 23 6 3 16 18 28 20 4 13 6 28 30 29 3 0 33 23 13 24 28 17 5
split_gain=3229.5 1599.34 1778.18 3422.13 1004.57 998.995 7973.09 5090.7 3124.85 2814.69 2929.17 1775.37 4285.13 1331.59 4528.32 1029.4 1248.54 2182.64 660.141 641.824 733.339 560.722 510.558 922.051 2474.27 584.636 579.076 713.976 1970.64 703.703 647.694 531.014 442.118 386.737 563.219 379.816 377.458 2291.18 581.045
threshold=-2.4608415365219112 2.6909836530685429 -1.6710991859436033 -1.5992504954338072 3.5429087877273564 -0.04748056270182132 1.0098809599876406 0.54671311378479015 1.158700227737427 1.4057140946388247 1.0651214122772219 -1.0717446804046629 -0.18841985613107678 0.90714541077613842 1.0559886097908022 0.39466437697410589 0.59002515673637401 0.013388273771852257 1.5763595104217532 -0.62551662325859059 1.8878852128982546 0.70724195241928112 0.27924722433090216 -0.10507600754499434 0.34226986765861517 0.0045669390819966802 -0.40138995647430414 -0.44768442213535303 0.098575331270694747 -0.82431119680404652 0.36389189958572393 0.91826033592224132 -0.047479555010795586 1.9635235071182253 1.374600410461426 1.0874307155609133 0.4660057276487351 0.393465206027031 -0.3808088600635528
decision_type=2 2 2 2 2 2 2 2 2 2 2 2 2 2 2 2 2 2 2 2 2 2 2 2 2 2 2 2 2 2 2 2 2 2 2 2 2 2 2
left_child=-1 2 -2 -4 5 6 7 11 9 10 15 12 -5 14 36 16 18 -18 22 33 21 -21 23 26 -25 -26 29 30 -29 -7 -28 -24 -17 34 35 -15 38 -38 -13
right_child=1 -3 3 4 -6 8 -8 -9 -10 -11 -12 13 -14 19 -16 32 17 -19 -20 20 -22 -23 31 24 25 -27 27 28 -30 -31 -32 -33 -34 -35 -36 -37 37 -39 -40
leaf_value=0.55397239189881542 -0.43006849760810539 -0.41249880344209189 0.63785623453912288 -0.15833434977912872 0.34911429554224016 0.2257931586532366 1.016256858408451 0.79826957121491438 -0.64527017658665065 -0.60205708401543756 0.5818712289631367 0.0006719008894287981 0.84237312462180869 -0.12145909326771896 0.75404276899527767 -0.37376330714672806 -0.12474737307377931 0.4545918311420325 -0.16251091777347029 -0.34180613942444327 -0.43996055630484121 -0.053706142254043049 -0.19947819829509228 0.61678751212629412 -0.1911165555715561 0.16229463595558297 -0.064169407330808184 -0.057609869791742631 0.51454976940596553 -0.073107306986952877 0.23419749982316387 0.026324991877515649 -0.11937824555187145 0.095725177732460642 -0.24962960748296037 0.13963882722533669 0.39263881390036731 -0.023324573794634988 -0.12269902474568772
leaf_weight=26 24 24 21 23 20 21 20 20 21 21 20 320 20 30 20 20 29 37 80 24 27 57 66 22 25 22 105 34 27 316 22 43 117 34 38 26 39 219 136
leaf_count=26 24 24 21 23 20 21 20 20 21 21 20 320 20 30 20 20 29 37 80 24 27 57 66 22 25 22 105 34 27 316 22 43 117 34 38 26 39 219 136
internal_value=-7.1131e-11 -0.00657684 -0.00207909 0.00271631 -0.00357221 -0.00692953 0.0274663 0.0083222 -0.0414894 -0.0291434 -0.0171839 -0.007274 0.307111 -0.0212107 0.0120077 -0.0293351 -0.00881264 0.200034 -0.0264165 -0.124525 -0.214292 -0.139069 -0.0109293 0.00732375 0.179158 -0.02569 -0.0152602 0.0550461 0.195641 -0.0544815 -0.0124838 -0.1104 -0.156515 -0.0487846 -0.101054 -0.000235059 -0.00877763 0.0395536 -0.0361229
internal_weight=2216 2190 2166 2142 2121 2101 1053 1033 1048 1027 1006 1013 43 970 734 986 849 66 783 236 108 81 703 594 69 47 525 188 61 337 127 109 137 128 94 56 714 258 456
internal_count=2216 2190 2166 2142 2121 2101 1053 1033 1048 1027 1006 1013 43 970 734 986 849 66 783 236 108 81 703 594 69 47 525 188 61 337 127 109 137 128 94 56 714 258 456
is_linear=0
shrinkage=0.05


Tree=192
num_leaves=40
num_cat=0
split_feature=15 20 11 11 30 8 22 21 29 3 0 24 30 30 7 30 30 27 3 11 3 8 6 15 21 9 10 7 7 14 4 16 18 8 30 5 27 5 5
split_gain=2978.52 4071.03 1301.1 2875.08 6741.4 1367.53 1005.76 8438.85 3584.26 9938.81 2893.62 1537.86 4304.93 2050.93 1852.16 1125.12 988.031 946.957 3695.49 916.766 1100.44 712.903 617.293 595.423 1263.3 567.338 519.921 489.021 863.712 499.248 1491.08 475.123 688.231 473.774 471.795 525.278 456.806 446.838 451.644
threshold=-1.584319472312927 -1.6137911677360532 -1.2946693301200864 -1.1931517720222471 -0.35410177707672114 -1.0783468484878538 0.58130306005477916 0.55133631825447094 -0.54682469367980946 -0.31615421175956721 2.7512800693511967 0.036010738462209708 0.78961768746376049 0.6492697298526765 0.36879800260066992 0.86204820871353161 -0.5347447097301482 -1.1976896524429319 0.11722877249121667 0.92895847558975231 0.92474040389060985 -1.0384363532066343 1.3081901073455813 0.50460931658744823 0.48020079731941229 -0.56202164292335499 -1.1261851787567136 0.14599382877349856 0.066638432443141951 -0.10403063148260115 0.29309165477752691 0.093140266835689559 0.0089195785112679022 1.3476914763450625 0.44639869034290319 -0.36115752160549158 -0.54561036825180043 0.56573072075843822 1.3070229887962344
decision_type=2 2 2 2 2 2 2 2 2 2 2 2 2 2 2 2 2 2 2 2 2 2 2 2 2 2 2 2 2 2 2 2 2 2 2 2 2 2 2
left_child=-1 -2 16 4 -4 26 7 10 9 -8 11 12 14 23 17 19 -3 18 -7 -10 34 -19 27 24 33 -24 -5 28 29 31 -31 32 -23 37 35 -21 -25 -13 -39
right_child=1 2 3 5 -6 6 8 -9 15 -11 -12 13 -14 -15 -16 -17 -18 21 -20 20 -22 22 25 36 -26 -27 -28 -29 -30 30 -32 -33 -34 -35 -36 -37 -38 38 -40
leaf_value=0.43309416950513158 -0.56755731180310254 -0.52445478789973998 1.0960066848993302 -0.087196677328320218 -0.048906886246469286 -0.14090779773120224 -0.25758164988623727 0.81803682747748541 -0.020096690833644959 1.2130003650486469 0.6057129852473736 -0.03091407175888268 0.67068358590969679 -0.45723894491340178 0.47087223187766292 -0.4459838567745118 -0.067640753238108656 0.27405595704913138 0.74255883172154435 -0.077996632761787629 -0.40332768607783964 -0.009777207936617141 -0.022714100470050024 -0.38504631936550143 0.36527192287147048 -0.35983335403725508 -0.34911412624642257 -0.18013928033210136 0.3011405883356929 0.45109874213072054 -0.1246736074757317 -0.12861925358941526 0.28901242479681971 0.19057901822030546 0.048000308841001246 -0.30376795291116365 -0.095807176143970607 -0.37160812034493401 -0.076690871158943463
leaf_weight=39 32 20 20 40 36 29 27 33 317 20 20 234 26 33 22 21 29 22 20 80 37 530 26 20 20 24 36 37 24 22 23 81 20 20 40 38 43 21 34
leaf_count=39 32 20 20 40 36 29 27 33 317 20 20 234 26 33 22 21 29 22 20 80 37 530 26 20 20 24 36 37 24 22 23 81 20 20 40 38 43 21 34
internal_value=1.56824e-09 -0.00775869 0.000592618 0.00654668 0.359991 -0.00315571 0.00489732 0.0280602 -0.0503742 0.368198 0.00876399 -0.000205942 0.0366044 -0.0786768 0.0178702 -0.0872839 -0.254095 0.00625476 0.219691 -0.0725716 -0.157877 -0.00667277 -0.0145203 -0.0468081 -0.0198424 -0.184531 -0.211263 -0.00298634 0.00637746 -0.0040875 0.156815 -0.0155623 0.00108787 -0.0447688 -0.100398 -0.150703 -0.187629 -0.0610559 -0.189296
internal_weight=2216 2177 2145 2096 56 2040 1964 1384 580 47 1351 1331 906 425 880 533 49 858 49 512 195 809 787 392 329 50 76 737 700 676 45 631 550 309 158 118 63 289 55
internal_count=2216 2177 2145 2096 56 2040 1964 1384 580 47 1351 1331 906 425 880 533 49 858 49 512 195 809 787 392 329 50 76 737 700 676 45 631 550 309 158 118 63 289 55
is_linear=0
shrinkage=0.05


Tree=193
num_leaves=40
num_cat=0
split_feature=12 11 30 29 12 4 28 18 28 24 27 27 0 7 11 13 24 3 30 29 15 11 8 15 24 27 30 30 29 29 7 24 29 6 29 3 30 30 29
split_gain=2905.53 25169.9 6455.09 2206.96 2244.19 1863.09 1512.23 1263.04 952.572 4575.62 1328.39 8308.23 1887.74 1764.63 2250.25 5682.23 12661.9 1409.59 1010.63 933.789 704.4 665.466 623.743 710.299 566.11 550.517 5983.32 3102.25 532.353 520.777 517.964 560.915 432.942 363.573 306.097 291.148 282.217 347.479 251.222
threshold=-1.2547538876533506 -1.1931517720222471 -2.4608415365219112 1.6874600648880007 -1.1979180574417112 0.51193472743034374 -1.3693305850028989 -1.4034081101417539 -1.2250468134880064 -0.23522467166185376 -0.77732670307159413 -0.75597417354583729 0.63082250952720653 2.1604351997375493 1.0393704771995547 0.89478415250778209 0.96208506822586071 2.6286451816558842 0.5358838438987733 -0.49694004654884333 1.8295560479164126 1.6160847544670107 1.3023713231086733 0.91597193479537975 -1.3118473291397093 -0.58386245369911183 0.30412857234478002 1.0098809599876406 -0.57701632380485524 0.66201218962669384 1.7590475678443911 0.074897021055221571 0.063669886440038695 2.872025847434998 1.1304740905761721 -0.25345492362976069 -0.31357385218143458 -0.28542430698871607 0.24387346208095553
decision_type=2 2 2 2 2 2 2 2 2 2 2 2 2 2 2 2 2 2 2 2 2 2 2 2 2 2 2 2 2 2 2 2 2 2 2 2 2 2 2
left_child=2 -2 -1 4 -3 6 -4 28 9 -9 12 -12 18 14 15 17 -17 20 30 -16 25 22 23 -21 29 26 32 33 -6 -8 31 -10 -13 34 36 -23 -27 -38 -39
right_child=1 3 5 -5 7 -7 24 8 10 -11 11 13 -14 -15 19 16 -18 -19 -20 21 -22 35 -24 -25 -26 27 -28 -29 -30 -31 -32 -33 -34 -35 -36 -37 37 38 -40
leaf_value=-0.96602000103642549 1.7802229860424994 0.53038845986127858 -0.48348818266621002 -0.48918993524883103 -0.46244426243007181 0.37304265029728412 -0.075903787938031292 0.81096449047327046 -0.094718295578346712 -0.14213327392935754 0.88138380630148783 -0.0029657326377274702 -0.51786686402780047 0.44233530871570115 -0.49995042192084455 1.5139671249687672 -0.033419637506206828 -0.41598832593077706 -0.39378881737589838 -0.31727076723025394 -0.2980918675288558 -0.10544510565698147 -0.38915806893597948 0.027741844387991089 -0.26608510865829887 -0.075123905820313794 0.88773041963577271 -0.52856182754039771 -0.097631760779768234 0.24743816934293139 -0.20168086109416827 0.14447391267800541 -0.2561194623510043 0.16979756099171939 0.17991524299849637 0.16434535022825003 0.17771542790744987 0.013224185382383095 -0.041833972183160401
leaf_weight=24 20 20 26 23 20 20 33 20 43 34 27 57 27 22 21 20 39 21 20 26 20 20 33 35 20 126 20 28 20 20 28 57 24 32 23 20 28 822 277
leaf_count=24 20 20 26 23 20 20 33 20 43 34 27 57 27 22 21 20 39 21 20 26 20 20 33 35 20 126 20 28 20 20 28 57 24 32 23 20 28 822 277
internal_value=-1.72963e-10 0.0150372 -0.217987 -0.00215898 0.00335911 -0.0671227 -0.156045 -0.00188496 0.00376281 0.210866 -0.00207412 0.0111253 -0.133389 -0.00258358 -0.00836858 0.00994249 0.491118 -0.00926547 -0.0632481 -0.189944 -0.0034033 -0.14136 -0.214046 -0.119313 -0.0394214 0.000698139 0.113254 -0.00781098 -0.280038 0.046112 -0.0116011 0.0416213 -0.0779742 0.00333659 -0.000837978 0.0294501 -0.00415587 0.00377844 -0.000653075
internal_weight=2216 2073 143 2053 2030 119 99 2010 1970 54 1916 1741 175 1714 1692 1537 59 1478 148 155 1457 134 94 61 73 1437 101 1336 40 53 128 100 81 1308 1276 40 1253 1127 1099
internal_count=2216 2073 143 2053 2030 119 99 2010 1970 54 1916 1741 175 1714 1692 1537 59 1478 148 155 1457 134 94 61 73 1437 101 1336 40 53 128 100 81 1308 1276 40 1253 1127 1099
is_linear=0
shrinkage=0.05


Tree=194
num_leaves=40
num_cat=0
split_feature=30 30 6 18 24 11 7 27 20 27 30 30 5 5 29 0 33 8 6 29 31 0 13 15 20 6 10 21 9 9 5 9 8 27 27 33 9 27 30
split_gain=3172.92 1564.24 2340.38 2135.8 1367.6 861.152 5082.62 2221.35 11411.1 3765.88 2264.97 1911.39 1842.12 8032.72 1314.29 1286.57 1073.46 980.784 746.427 607.507 560.036 501.64 422.801 369.122 331.566 274.165 254.112 544.907 263.182 514.482 710.406 429.548 374.451 469.09 1022.07 2216.93 1337.33 529.529 646.728
threshold=-2.4608415365219112 -0.95633739233016957 4.6428182125091562 -1.5910865664482114 -1.4537886977195738 1.6160847544670107 1.6315463185310366 -0.58386245369911183 0.39998349547386175 -0.61005219817161549 1.158700227737427 0.6492697298526765 -0.32403832674026484 -0.39390975236892695 -0.0086820246651768667 2.798500776290894 -0.047483431175351136 1.2154778838157656 2.872025847434998 -0.49694004654884333 0.2944366335868836 0.75119936466217052 1.8765745759010317 1.7172574996948244 -0.47440187633037562 -0.22066709399223325 -1.2105705142021177 -1.4578494429588316 0.53685480356216442 0.39516223967075353 -0.08385527133941649 0.45686323940753942 0.4481081515550614 1.0000000180025095e-35 -0.099173549562692628 -0.047479555010795586 0.24428016692399981 0.36348617076873785 -0.068619821220636354
decision_type=2 2 2 2 2 2 2 2 2 2 2 2 2 2 2 2 2 2 2 2 2 2 2 2 2 2 2 2 2 2 2 2 2 2 2 2 2 2 2
left_child=-1 20 3 4 -3 6 7 8 9 11 15 12 13 25 21 17 19 18 26 -7 -2 24 -21 -24 -14 -5 27 -9 29 32 31 -31 33 34 36 -36 -28 38 -35
right_child=1 2 -4 5 -6 16 -8 10 -10 -11 -12 -13 14 -15 -16 -17 -18 -19 -20 22 -22 -23 23 -25 -26 -27 28 -29 -30 30 -32 -33 -34 37 35 -37 -38 -39 -40
leaf_value=0.54909805082357843 -0.13359093295951044 -0.024802256170660258 0.53853861868381503 0.051640011011799686 -0.57031063591992415 -0.30383502960205083 0.71895817670226103 0.068465757582868852 0.99901218838763972 0.67276175941030192 -0.48744031626444601 -0.45762783988662392 -0.066511222161352634 0.98839710934654534 -0.41266984231770043 -0.40549046964872454 -0.45259554677066349 -0.26222396943914261 0.27765663347166519 0.20325366202741862 -0.45922527525412005 -0.23291959600604098 0.04070772112292402 -0.21864376962184906 0.1714051421041842 -0.081832686603069305 -0.024661230903089516 -0.27112848918057153 -0.054589020644261722 0.1968399274207297 0.36274163075115373 -0.10230754001864367 -0.21356651522219183 -0.20430581517703833 -0.096068867158006749 0.5191297897603363 0.3734907964811377 0.0079263980354702373 -0.029548989361565976
leaf_weight=26 31 20 20 79 27 20 25 21 33 21 26 23 32 23 32 21 21 38 23 20 23 23 34 23 27 75 254 27 229 21 23 28 21 75 27 32 23 489 180
leaf_count=26 31 20 20 79 27 20 25 21 33 21 26 23 32 23 32 21 21 38 23 20 23 23 34 23 27 75 254 27 229 21 23 28 21 75 27 32 23 489 180
internal_value=1.33537e-09 -0.00651897 0.000199885 -0.00488838 -0.338179 0.00268275 0.0106158 0.00142136 0.111908 0.0245218 -0.0246756 -0.0188319 0.0158496 0.116809 -0.140904 -0.0168219 -0.128482 -0.0114202 -0.00495003 -0.0583131 -0.272287 -0.0348484 0.00545882 -0.0639429 0.0423658 -0.0133629 -0.00943276 -0.122556 -0.00555978 0.004012 0.133501 0.0258985 -0.00445596 -0.000389922 0.0486447 0.237598 0.00839832 -0.0225346 -0.0809481
internal_weight=2216 2190 2136 2116 47 2069 1951 1926 368 335 1558 314 291 177 114 1532 118 1511 1473 97 54 82 77 57 59 154 1450 48 1402 1173 72 49 1101 1080 336 59 277 744 255
internal_count=2216 2190 2136 2116 47 2069 1951 1926 368 335 1558 314 291 177 114 1532 118 1511 1473 97 54 82 77 57 59 154 1450 48 1402 1173 72 49 1101 1080 336 59 277 744 255
is_linear=0
shrinkage=0.05


Tree=195
num_leaves=40
num_cat=0
split_feature=28 30 7 30 30 30 4 14 10 23 23 27 28 4 33 0 25 27 29 29 6 15 29 27 30 22 8 30 27 6 31 17 27 33 0 0 27 28 17
split_gain=3048.15 7340.82 3161.54 2612.54 1155.36 1014.52 926.267 3983.81 11801.9 2308.67 11075.2 1650.74 6162.94 2321.95 1169.56 1138.28 984.256 1482.94 747.603 824.103 761.59 664.338 619.583 665.756 567.647 550.105 565 527.349 685.01 787.856 509.636 508.579 491.185 2712.24 575.216 762.062 524.538 476.598 456.344
threshold=-1.5452485680580137 -0.18787831068038938 -1.3164669871330259 -2.4608415365219112 -1.3757219314575193 1.2409112453460696 0.55250677466392528 1.4663060307502749 1.7403540611267092 1.168053984642029 1.0580972433090212 -0.44540180265903467 -0.13057799637317655 0.73200729489326488 -0.047483224421739571 2.798500776290894 -1.5918665528297422 -1.1976896524429319 -0.52172148227691639 -0.41411091387271876 2.3750380277633671 1.8295560479164126 0.70453321933746349 -0.41882969439029688 -0.0406404361128807 -0.16780506819486615 -1.1882048845291135 -0.017276935279369351 0.60454520583152782 0.024183240719139579 0.75820124149322521 0.8474506437778474 -0.088992696255445466 -0.047474030405282967 -0.49048908054828638 -0.65433043241500843 -0.3254187256097793 -0.7005552053451537 1.4656423330307009
decision_type=2 2 2 2 2 2 2 2 2 2 2 2 2 2 2 2 2 2 2 2 2 2 2 2 2 2 2 2 2 2 2 2 2 2 2 2 2 2 2
left_child=1 -1 3 -2 -4 6 9 11 -9 10 16 12 13 -8 24 18 -6 -18 -13 -20 27 22 23 -19 -11 26 -24 -21 -29 -30 -15 -26 33 34 35 36 -25 -28 -33
right_child=2 -3 4 -5 5 -7 7 8 -10 14 -12 15 -14 30 -16 -17 17 21 19 20 -22 -23 25 32 31 -27 37 28 29 -31 -32 38 -34 -35 -36 -37 -38 -39 -40
leaf_value=1.1212999637424947 -0.79019775024869232 -0.16387917804718019 0.34749945200358834 -0.13220875199573737 -0.36279179397083466 0.35297819999977947 0.43856665740410494 1.3977677881717683 -0.28043154787949542 -0.34909182691882396 1.0605583121379218 -0.23089735392584571 0.97587543815374378 0.013147234872860068 -0.55340179999669392 -0.35704952403903012 0.30813921321840848 -0.076726424457049525 0.31216250594173162 -0.090511358816219467 -0.27608826929330826 -0.29883173927664758 -0.27996295828372242 0.22651973708492257 -0.2878739004333814 -0.28198993215104567 0.20398096208987027 -0.0034509802998526256 0.37353361210515423 0.0040928963718383955 -0.25169642101256895 0.10223549190251267 -0.0091110000011599447 0.61805366774400072 -0.084394480481457257 0.3729686174541712 -0.058610450531597497 -0.094411955075338491 -0.13823975205738495
leaf_weight=20 22 25 24 48 21 20 24 20 22 29 24 36 20 34 21 26 34 284 21 87 25 22 20 23 27 40 23 137 31 27 39 34 654 21 78 20 54 32 47
leaf_count=20 22 25 24 48 21 20 24 20 22 29 24 36 20 34 21 26 34 284 21 87 25 22 20 23 27 40 23 137 31 27 39 34 654 21 78 20 54 32 47
internal_value=1.11729e-10 0.407312 -0.00844266 -0.339005 0.00257085 -0.00141485 -0.00486057 0.0507472 0.518711 -0.025105 -0.00394033 0.011981 0.1767 0.0119221 -0.205943 -0.0374349 -0.0232073 -0.0177427 -0.0146053 0.0091341 -0.0115942 -0.0264602 -0.0216627 -0.0104481 -0.152683 -0.132248 -0.0523851 0.0118538 0.0575244 0.201553 -0.128345 -0.0999431 0.0116966 0.0811261 0.0166948 0.0979831 0.0265583 0.0303705 -0.0372995
internal_weight=2216 45 2171 70 2101 2077 2057 549 42 1508 1350 507 117 97 158 390 1326 1305 364 328 307 1271 1249 1134 137 115 75 282 195 58 73 108 850 196 175 97 77 55 81
internal_count=2216 45 2171 70 2101 2077 2057 549 42 1508 1350 507 117 97 158 390 1326 1305 364 328 307 1271 1249 1134 137 115 75 282 195 58 73 108 850 196 175 97 77 55 81
is_linear=0
shrinkage=0.05


Tree=196
num_leaves=40
num_cat=0
split_feature=15 20 18 15 29 28 5 30 9 12 14 24 0 12 5 33 0 3 5 8 29 16 33 25 10 9 14 9 5 8 29 3 20 30 29 30 6 6 3
split_gain=3211.43 3395.07 1234.05 4961.7 3439.66 1206.54 1104.32 5034.28 4188.59 11802.7 1740.07 5741.94 1287.99 1140.9 966.349 896.947 1526.24 829.022 813.329 707.017 644.6 535.359 485.676 400.695 488.148 1757.51 464.346 385.721 377.473 598.792 395.175 369.292 399.294 357.91 350.338 344.312 398.348 1290.39 342.198
threshold=-1.584319472312927 -1.6251678466796873 -1.2136644124984739 -1.1636229157447813 2.0162298083305363 -1.2250468134880064 -0.308753952383995 0.95535138249397289 1.2217946052551272 1.5995755791664126 0.92901721596717846 0.85250473022460949 0.34767746925354009 1.019953787326813 2.941359400749207 -0.04742735251784324 0.17274641245603564 -0.22589479386806485 -0.4048271626234054 -1.0899614691734312 -0.52772429585456837 1.0954753160476687 -0.047486113384366029 0.83879441022872936 -0.037270799279212945 -0.09692582860589026 -0.12254343926906584 0.44274401664733892 -0.36552448570728296 -0.28620357811450953 1.0458561778068545 1.2217007875442507 0.26493990421295172 0.50587067008018505 -0.075012195855379091 0.45650899410247808 3.2509608268737797 2.3458890914916997 0.76351371407508861
decision_type=2 2 2 2 2 2 2 2 2 2 2 2 2 2 2 2 2 2 2 2 2 2 2 2 2 2 2 2 2 2 2 2 2 2 2 2 2 2 2
left_child=-1 -2 4 -4 15 -5 13 8 10 -10 11 14 -12 19 21 17 -17 -3 20 -7 -15 22 -8 24 25 26 38 31 30 -30 33 32 -26 35 -19 36 37 -21 -24
right_child=1 2 3 5 -6 6 7 -9 9 -11 12 -13 -14 18 -16 16 -18 34 -20 28 -22 -23 23 -25 27 -27 -28 -29 29 -31 -32 -33 -34 -35 -36 -37 -38 -39 -40
leaf_value=0.44970858012540982 -0.5994565496842067 -0.030799450433932909 0.77540349694234989 0.28541690546113091 -0.7235359348001934 -0.27060442452247324 0.18251174313681467 0.77303305171106174 1.1143139512608611 -0.20829864758494737 -0.076297653147152492 0.83869815610349185 -0.58753312963315041 -0.36881253776096168 -0.35604758759339655 0.47137784868478771 -0.11462817475199701 -0.16205098479986191 -0.44679133877867749 -0.0025359886526297309 -0.068533993853876984 -0.19420865445926383 -0.089080207690467497 0.20869760798290371 -0.31263758931308988 0.40353384495333389 0.18074991405010224 0.018347871362378722 -0.35166663438081747 0.015386719942092897 0.22039342507719994 -0.0095080278813838969 -0.08310625312022038 -0.090598264293534292 -0.44539851814508441 0.21206346374005081 -0.19857443706132472 0.40457798570394515 0.033877353430928098
leaf_weight=39 24 101 21 37 21 26 35 23 31 37 28 20 22 21 21 20 25 24 21 726 120 37 147 20 40 27 26 57 20 25 20 36 36 106 20 20 24 20 92
leaf_count=39 24 101 21 37 21 26 35 23 31 37 28 20 22 21 21 20 25 24 21 726 120 37 147 20 40 27 26 57 20 25 20 36 36 106 20 20 24 20 92
internal_value=-1.11095e-09 -0.00805633 -0.00146386 0.0110137 -0.116305 0.00265757 -0.00289556 0.0449667 0.0214477 0.394657 -0.0179595 0.00588578 -0.301241 -0.0335124 -0.0231321 -0.0491899 0.145819 -0.10971 -0.156492 -0.0133273 -0.113256 -0.0104897 0.00268394 -0.0104012 -0.0199066 0.0192357 -0.0199192 -0.0875372 -0.00636659 -0.147748 0.000579004 -0.141425 -0.203912 -0.00432757 -0.290845 0.00724799 0.00192811 0.0083786 -0.0417493
internal_weight=2216 2177 2153 1942 211 1921 1884 735 712 68 644 594 50 1149 574 190 45 145 162 987 141 553 516 481 461 292 265 169 961 45 916 112 76 896 44 790 770 746 239
internal_count=2216 2177 2153 1942 211 1921 1884 735 712 68 644 594 50 1149 574 190 45 145 162 987 141 553 516 481 461 292 265 169 961 45 916 112 76 896 44 790 770 746 239
is_linear=0
shrinkage=0.05


Tree=197
num_leaves=40
num_cat=0
split_feature=30 30 6 18 24 31 5 5 30 23 27 29 17 29 8 29 27 20 5 3 6 27 31 2 27 33 27 3 7 27 27 30 9 29 0 31 4 4 24
split_gain=3081.16 1505.18 2153.18 1820.93 1218.26 813.553 890.256 2489.64 2323.68 1976.21 1345.67 6596.74 1286.25 9520.24 1163.68 995.785 928.639 956.283 801.95 731.992 680.98 600.06 539.484 441.235 429.054 643.833 373.009 569.556 440.945 347.148 323.337 321.098 320.698 341.771 306.746 478.092 332.863 407.135 309.229
threshold=-2.4608415365219112 -0.95633739233016957 4.6428182125091562 -1.5910865664482114 -1.4537886977195738 2.8130685091018681 0.73058363795280468 0.63996911048889171 1.0098809599876406 0.9649716615676881 -1.1976896524429319 -0.16954220086336133 1.8931055068969729 -0.3661032766103744 1.3476914763450625 0.36934134364128118 -0.55673480033874501 0.2236004322767258 0.93583095073699962 -0.37196347117424006 2.872025847434998 0.63007193803787243 0.2944366335868836 1.0000000180025095e-35 -0.29657208919525141 -0.047471266239881509 -0.44540180265903467 -0.27481402456760401 1.0434747934341433 -0.75093400478363026 -0.62518873810768116 0.065468162298202529 -1.2198464870452879 1.1304740905761721 0.58968329429626476 1.634161174297333 1.4715248346328738 0.88445979356765758 -0.65101107954978932
decision_type=2 2 2 2 2 2 2 2 2 2 2 2 2 2 2 2 2 2 2 2 2 2 2 2 2 2 2 2 2 2 2 2 2 2 2 2 2 2 2
left_child=-1 22 3 4 -3 6 7 8 10 15 11 -5 16 -14 -11 18 17 23 -8 -19 26 -15 -2 30 25 -20 27 -18 32 -25 -12 -30 -28 34 36 38 37 -34 -36
right_child=1 2 -4 5 -6 -7 9 -9 -10 14 12 -13 13 21 -16 -17 20 19 24 -21 -22 -23 -24 29 -26 -27 28 -29 31 -31 -32 -33 33 -35 35 -37 -38 -39 -40
leaf_value=0.54110048504976127 -0.13099919243926003 -0.016685019731521606 0.51652709983289247 -0.11140201637602372 -0.531549373820976 0.29169375505298378 0.28735815608501436 0.54059140384197235 0.3973598149177191 -0.66461533875692469 0.018560827718852282 0.97630730938166388 1.1226068228203805 -0.28864068646322599 -0.13170436762273313 -0.22735595494508742 -0.0093392463500744528 -0.12595884870541724 -0.050392217687605059 -0.46287693870919089 0.26665858783475732 0.058442303091287617 -0.45060262488930125 -0.28211878977017479 -0.077270819405537275 0.28385921889543536 -0.14535223281965023 0.24777770351086345 -0.29307383856047758 -0.045369944771130884 -0.16724049970507623 -0.05861561486497522 0.0077157056317464778 0.17984668767452242 0.050769432925659677 0.08436023191286203 0.19248815702841335 -0.15203210789532889 -0.15148040690011222
leaf_weight=26 31 20 20 46 27 24 25 22 37 21 143 20 20 33 20 50 56 38 34 28 23 20 23 32 105 25 41 35 23 30 28 40 792 25 23 39 23 42 106
leaf_count=26 31 20 20 46 27 24 25 22 37 21 143 20 20 33 20 50 56 38 34 28 23 20 23 32 105 25 41 35 23 30 28 40 792 25 23 39 23 42 106
internal_value=-1.75731e-09 -0.00642403 0.000166769 -0.00471376 -0.312458 0.00227705 -0.00111953 0.0120202 0.00534865 -0.0839469 -0.00315335 0.218207 -0.0120618 0.193094 -0.404659 -0.0289294 -0.0216191 -0.100884 0.0235644 -0.268894 -0.00292799 -0.157666 -0.267127 -0.0532937 -0.0166481 0.0912397 -0.0079083 0.0895519 -0.0155936 -0.167563 -0.0118628 -0.144211 -0.00816658 -0.0028098 -0.00726484 -0.0690427 0.00484565 -0.000329148 -0.11542
internal_weight=2216 2190 2136 2116 47 2069 2045 1765 1743 280 1706 66 1640 73 41 239 1567 299 189 66 1268 53 54 233 164 59 1245 91 1154 62 171 63 1091 1050 1025 168 857 834 129
internal_count=2216 2190 2136 2116 47 2069 2045 1765 1743 280 1706 66 1640 73 41 239 1567 299 189 66 1268 53 54 233 164 59 1245 91 1154 62 171 63 1091 1050 1025 168 857 834 129
is_linear=0
shrinkage=0.05


Tree=198
num_leaves=40
num_cat=0
split_feature=28 6 7 30 30 6 31 30 4 9 10 23 23 9 33 27 28 26 17 20 15 29 29 6 33 20 24 16 0 9 30 6 3 29 7 0 0 3 28
split_gain=2816.86 7066.27 2998.6 2713.14 1147.14 856.231 1271.2 785.879 853.361 4640.07 10450.2 2004.27 10404.7 1707.94 1230.47 856.735 2615.75 770.498 778.149 2944.37 679.047 669.898 672.495 652.474 631.406 2518.1 858.498 888.368 591.63 535.995 525.792 509.75 501.165 493.647 538.844 457.793 615.506 1189.52 446.1
threshold=-1.5452485680580137 1.112892806529999 -1.3164669871330259 -2.4608415365219112 -1.3757219314575193 2.9478129148483281 2.6957347393035893 1.2409112453460696 0.55250677466392528 1.2217946052551272 1.6993367671966555 1.1383608579635622 1.0408725142478945 -1.0603730678558347 -0.047483224421739571 -1.2386001944541929 -1.2250468134880064 0.97007769346237194 0.38609384000301367 0.42660297453403478 1.8295560479164126 0.45624069869518286 0.38735149800777441 0.7208407223224641 -0.047474030405282967 -0.14573188126087186 -0.70586934685707081 -0.7069265842437743 0.19599900394678119 -0.49795934557914728 -0.050173349678516381 1.739593029022217 -0.16595152020454404 -0.26292714476585383 0.17572047561407092 -1.0678688287734983 -0.65433043241500843 -0.61862659454345692 0.71703562140464794
decision_type=2 2 2 2 2 2 2 2 2 2 2 2 2 2 2 2 2 2 2 2 2 2 2 2 2 2 2 2 2 2 2 2 2 2 2 2 2 2 2
left_child=1 -1 3 -2 -4 6 7 8 11 13 -11 12 15 -10 30 23 -17 18 31 -20 21 22 24 -6 32 26 27 28 -26 -7 -13 33 -18 -15 -35 -23 37 -37 -34
right_child=2 -3 4 -5 5 29 -8 -9 9 10 -12 14 -14 17 -16 16 20 -19 19 -21 -22 35 -24 -25 25 -27 -28 -29 -30 -31 -32 -33 38 34 -36 36 -38 -39 -40
leaf_value=-0.1688534878641367 -0.78984446363015615 1.0920628184080126 0.34630831616620222 -0.11930732037872077 -0.41502498928457499 0.0044972686469554905 0.33249193607219341 0.31090532178059221 0.37606850309168988 1.3472096725588754 -0.2121467986906117 -0.32968690517757621 0.98775970804003566 -0.13502031243764437 -0.54632768247808727 0.49153691124916077 -0.0037152331532380577 -0.27414651066064838 0.65559871047735219 -0.0053400044372984186 -0.30694942928495861 0.11341576801524277 0.22136401808820666 -0.02833985358476639 0.085403455891039065 0.57589690624312917 -0.18245429470394314 0.31004610783730946 -0.22984955933961004 -0.32353488028501021 -0.08744298486604489 -0.29500358253717424 -0.12137939150060589 -0.019403130968308285 0.24241484157417134 -0.085283911133822263 -0.061002132431867556 -0.53491271324455736 0.046872588197643665
leaf_weight=25 22 20 24 48 24 20 29 20 29 21 22 28 26 78 21 25 580 28 20 107 21 21 32 20 46 22 44 30 22 33 112 20 201 135 23 38 106 24 49
leaf_count=25 22 20 24 48 24 20 29 20 29 21 22 28 26 78 21 25 580 28 20 107 21 21 32 20 46 22 44 30 22 33 112 20 201 135 23 38 106 24 49
internal_value=1.80129e-10 0.391554 -0.00811604 -0.330048 0.00260991 -0.00136157 0.00383336 -0.000944135 -0.0041021 0.0536628 0.549399 -0.0228021 -0.00264691 0.00521577 -0.189427 -0.0223792 -0.0148116 -0.0209514 -0.00244111 0.0987448 -0.0250533 -0.020181 -0.00424629 -0.239259 -0.0115094 0.0781402 0.00102298 0.0834005 -0.0165902 -0.199749 -0.135892 -0.0526388 -0.0292233 -0.0320994 0.0187096 -0.106684 -0.134196 -0.259334 -0.088402
internal_weight=2216 45 2171 70 2101 2077 2024 1995 1975 483 43 1492 1331 440 161 1305 1261 411 383 127 1236 1215 1026 44 994 164 142 98 68 53 140 256 830 236 158 189 168 62 250
internal_count=2216 45 2171 70 2101 2077 2024 1995 1975 483 43 1492 1331 440 161 1305 1261 411 383 127 1236 1215 1026 44 994 164 142 98 68 53 140 256 830 236 158 189 168 62 250
is_linear=0
shrinkage=0.05


Tree=199
num_leaves=40
num_cat=0
split_feature=30 30 30 25 6 3 5 5 23 3 5 27 30 30 33 30 23 9 5 29 15 13 23 3 17 4 15 31 6 7 24 14 29 29 9 13 23 18 29
split_gain=3106.99 1470.53 2155.32 1425.77 982.061 1080.26 817 1628.65 7192.55 17968.5 3724.81 12551.3 2028.41 1423.09 1199.29 1368.92 907.984 710.829 989.416 782.027 687.866 797.577 2947.19 629.726 618.194 560.092 518.376 514.423 459.845 544.968 1829.93 473.576 453.318 419.641 401.356 396.792 396.536 414.169 347.516
threshold=-2.4608415365219112 -0.95633739233016957 -0.81057617068290699 -1.6367047429084776 2.9478129148483281 2.5976400375366215 0.93583095073699962 -0.35242359340190882 1.0580972433090212 -0.094295192509889589 -0.26945126056671137 -0.3425194770097732 0.75794383883476268 0.71564781665802013 -0.04742735251784324 1.0567454695701601 0.6718115806579591 0.39516223967075353 0.73058363795280468 0.35684481263160711 -0.81912797689437855 0.049839744344353683 0.024129589088261131 0.092424657195806517 -0.74541214108467091 -1.0371792912483213 0.83972367644310009 0.2944366335868836 0.7703937590122224 -0.5446835160255431 -0.61729776859283436 -0.79764407873153675 -0.53842404484748829 0.029149958863854412 -0.53088718652725209 -0.54903039336204518 -0.59993210434913624 -1.0404192209243772 -0.51274108886718739
decision_type=2 2 2 2 2 2 2 2 2 2 2 2 2 2 2 2 2 2 2 2 2 2 2 2 2 2 2 2 2 2 2 2 2 2 2 2 2 2 2
left_child=-1 27 -3 -4 5 6 7 14 10 -10 11 -9 16 26 15 20 17 18 19 36 25 22 24 -21 -22 33 32 -2 29 30 31 -26 -8 -5 -31 -6 37 -12 -23
right_child=1 2 3 4 35 -7 13 8 9 -11 12 -13 -14 -15 -16 -17 -18 -19 -20 23 21 38 -24 -25 28 -27 -28 -29 -30 34 -32 -33 -34 -35 -36 -37 -38 -39 -40
leaf_value=0.54336384741159582 -0.13120769401711804 0.44396021857305812 -0.36003503405622078 -0.086106282770633702 -0.02344006445258856 0.31911287365688223 0.16876558278288162 1.4121051005180927 -0.26362008803657128 1.3167453800302906 -0.12090610317115127 -0.078744593674006561 -0.48462214519580205 -0.49014096751809122 0.32821967800458274 -0.41951789016073404 -0.21217844452708962 0.22590871809257404 0.29482232789695262 0.28952145089705783 0.21411740490131909 -0.15357558731638798 0.62336098076332191 -0.018741818024097263 0.078787786674552732 -0.058294310268874355 -0.23168481895417881 -0.4432994508224985 -0.15870185600859779 -0.20782538434633843 0.43316594739594771 -0.20614103424549102 -0.049835459550977838 -0.38828296584111677 7.692910090020491e-06 -0.2985831618897225 -0.11451939413743902 0.12360117821845898 -0.030717467944344712
leaf_weight=26 31 27 28 20 20 27 28 20 35 37 29 48 24 20 24 22 50 36 25 30 36 66 21 37 35 130 33 23 42 26 31 25 155 27 218 38 173 43 450
leaf_count=26 31 27 28 20 20 27 28 20 35 37 29 48 24 20 24 22 50 36 25 30 36 66 21 37 35 130 33 23 42 26 31 25 155 27 218 38 173 43 450
internal_value=-8.37166e-10 -0.0064509 6.36067e-05 -0.00561928 -0.000850592 0.00496534 0.000715848 0.0124297 0.0804218 0.548512 0.01498 0.359741 -0.0374668 -0.0866419 -0.0215953 -0.0289021 -0.0120963 0.0147244 -0.00783539 -0.0320868 -0.021277 -0.00441591 0.0455386 0.119287 0.0161578 -0.111774 -0.0492808 -0.264136 -0.00274554 0.0168072 0.121233 -0.0399326 -0.0163883 -0.259697 -0.0221385 -0.203706 -0.0734828 0.0251191 -0.0464319
internal_weight=2216 2190 2136 2109 2081 2023 1996 1760 587 72 515 68 447 236 1173 1149 423 373 337 312 1127 950 434 67 413 177 216 54 377 335 91 60 183 47 244 58 245 72 516
internal_count=2216 2190 2136 2109 2081 2023 1996 1760 587 72 515 68 447 236 1173 1149 423 373 337 312 1127 950 434 67 413 177 216 54 377 335 91 60 183 47 244 58 245 72 516
is_linear=0
shrinkage=0.05


end of trees

feature_importances:
Column_30=887
Column_29=696
Column_5=536
Column_27=491
Column_3=340
Column_7=325
Column_4=318
Column_15=304
Column_33=303
Column_28=275
Column_6=266
Column_0=228
Column_18=212
Column_8=201
Column_16=194
Column_12=184
Column_22=178
Column_9=175
Column_11=170
Column_31=170
Column_20=165
Column_13=157
Column_24=152
Column_23=126
Column_10=121
Column_21=121
Column_14=109
Column_17=106
Column_19=92
Column_26=89
Column_25=66
Column_2=43

parameters:
[boosting: gbdt]
[objective: regression]
[metric: l2]
[tree_learner: serial]
[device_type: cpu]
[data_sample_strategy: bagging]
[data: ]
[valid: ]
[num_iterations: 200]
[learning_rate: 0.05]
[num_leaves: 40]
[num_threads: 10]
[seed: 42]
[deterministic: 0]
[force_col_wise: 0]
[force_row_wise: 0]
[histogram_pool_size: -1]
[max_depth: -1]
[min_data_in_leaf: 20]
[min_sum_hessian_in_leaf: 0.001]
[bagging_fraction: 1]
[pos_bagging_fraction: 1]
[neg_bagging_fraction: 1]
[bagging_freq: 0]
[bagging_seed: 400]
[bagging_by_query: 0]
[feature_fraction: 1]
[feature_fraction_bynode: 1]
[feature_fraction_seed: 30056]
[extra_trees: 0]
[extra_seed: 12879]
[early_stopping_round: 0]
[early_stopping_min_delta: 0]
[first_metric_only: 0]
[max_delta_step: 0]
[lambda_l1: 0]
[lambda_l2: 0]
[linear_lambda: 0]
[min_gain_to_split: 0]
[drop_rate: 0.1]
[max_drop: 50]
[skip_drop: 0.5]
[xgboost_dart_mode: 0]
[uniform_drop: 0]
[drop_seed: 17869]
[top_rate: 0.2]
[other_rate: 0.1]
[min_data_per_group: 100]
[max_cat_threshold: 32]
[cat_l2: 10]
[cat_smooth: 10]
[max_cat_to_onehot: 4]
[top_k: 20]
[monotone_constraints: ]
[monotone_constraints_method: basic]
[monotone_penalty: 0]
[feature_contri: ]
[forcedsplits_filename: ]
[refit_decay_rate: 0.9]
[cegb_tradeoff: 1]
[cegb_penalty_split: 0]
[cegb_penalty_feature_lazy: ]
[cegb_penalty_feature_coupled: ]
[path_smooth: 0]
[interaction_constraints: ]
[verbosity: -1]
[saved_feature_importance_type: 0]
[use_quantized_grad: 0]
[num_grad_quant_bins: 4]
[quant_train_renew_leaf: 0]
[stochastic_rounding: 1]
[linear_tree: 0]
[max_bin: 255]
[max_bin_by_feature: ]
[min_data_in_bin: 3]
[bin_construct_sample_cnt: 200000]
[data_random_seed: 175]
[is_enable_sparse: 1]
[enable_bundle: 1]
[use_missing: 1]
[zero_as_missing: 0]
[feature_pre_filter: 1]
[pre_partition: 0]
[two_round: 0]
[header: 0]
[label_column: ]
[weight_column: ]
[group_column: ]
[ignore_column: ]
[categorical_feature: ]
[forcedbins_filename: ]
[precise_float_parser: 0]
[parser_config_file: ]
[objective_seed: 16083]
[num_class: 1]
[is_unbalance: 0]
[scale_pos_weight: 1]
[sigmoid: 1]
[boost_from_average: 1]
[reg_sqrt: 0]
[alpha: 0.9]
[fair_c: 1]
[poisson_max_delta_step: 0.7]
[tweedie_variance_power: 1.5]
[lambdarank_truncation_level: 30]
[lambdarank_norm: 1]
[label_gain: ]
[lambdarank_position_bias_regularization: 0]
[eval_at: ]
[multi_error_top_k: 1]
[auc_mu_weights: ]
[num_machines: 1]
[local_listen_port: 12400]
[time_out: 120]
[machine_list_filename: ]
[machines: ]
[gpu_platform_id: -1]
[gpu_device_id: -1]
[gpu_use_dp: 0]
[num_gpu: 1]

end of parameters

pandas_categorical:null
