tree
version=v4
num_class=1
num_tree_per_iteration=1
label_index=0
max_feature_idx=33
objective=regression
feature_names=Column_0 Column_1 Column_2 Column_3 Column_4 Column_5 Column_6 Column_7 Column_8 Column_9 Column_10 Column_11 Column_12 Column_13 Column_14 Column_15 Column_16 Column_17 Column_18 Column_19 Column_20 Column_21 Column_22 Column_23 Column_24 Column_25 Column_26 Column_27 Column_28 Column_29 Column_30 Column_31 Column_32 Column_33
feature_infos=[-1.188603401184082:4.0718483924865723] none [-0.53444725275039673:3.9329833984375] [-0.82326054573059082:3.5891156196594238] [-1.0377939939498901:2.9542481899261475] [-0.58059751987457275:9.4590539932250977] [-0.44365578889846802:6.8523011207580566] [-1.4229185581207275:9.8601179122924805] [-1.4485790729522705:10.335232734680176] [-1.4608906507492065:9.9494686126708984] [-1.4688229560852051:9.5075178146362305] [-1.4722100496292114:9.0249414443969727] [-1.5129635334014893:8.5611228942871094] [-1.5496059656143188:8.7691020965576172] [-1.5690994262695312:9.0702915191650391] [-1.5936373472213745:6.0187854766845703] [-1.6235824823379517:5.1781258583068848] [-1.6393409967422485:5.5008244514465332] [-1.6501270532608032:5.5280404090881348] [-1.6558231115341187:5.223322868347168] [-1.6639143228530884:5.6407270431518555] [-1.7003723382949829:5.3194112777709961] [-1.7220749855041504:5.1186895370483398] [-1.520311713218689:9.1463584899902344] [-1.5729237794876099:8.3405513763427734] [-1.6844842433929443:5.080817699432373] [-1.5653058290481567:8.0560054779052734] [-2.4302282333374023:6.3123779296875] [-3.7695379257202148:4.5821213722229004] [-5.1359758377075195:12.468227386474609] [-8.9509449005126953:5.1044812202453613] [-1.1863399744033813:4.0981688499450684] none [-0.047490019351243973:17.5919189453125]
tree_sizes=3370 3489 3503 3511 3505 3512 3494 3514 3514 3518 3517 3497 3537 3515 3509 3523 3483 3509 3525 3523 3499 3523 3515 3496 3510 3550 3526 3530 3505 3514 3534 3527 3530 3524 3517 3520 3528 3564 3508 3529 3544 3523 3549 3554 3541 3537 3497 3545 3520 3538 3518 3532 3542 3500 3523 3538 3537 3522 3546 3534 3512 3533 3554 3554 3537 3536 3504 3512 3545 3540 3553 3555 3576 3522 3528 3532 3567 3555 3532 3535 3530 3532 3530 3541 3551 3554 3571 3557 3520 3545 3539 3541 3550 3575 3518 3576 3542 3514 3571 3540 3581 3544 3540 3527 3541 3569 3541 3529 3539 3558 3551 3559 3552 3560 3566 3556 3521 3552 3551 3550 3560 3546 3524 3552 3522 3556 3566 3531 3536 3556 3575 3575 3552 3566 3559 3549 3556 3562 3547 3549 3541 3543 3570 3546 3534 3546 3554 3548 3530 3544 3562 3549 3549 3555 3523 3561 3546 3563 3539 3550 3570 3535 3563 3538 3583 3532 3518 3556 3524 3560 3550 3552 3536 3548 3548 3542 3545 3567 3549 3540 3545 3543 3568 3559 3552 3555 3549 3553 3525 3542 3525 3547 3529 3558 3558 3533 3542 3559 3550 3556

Tree=0
num_leaves=40
num_cat=0
split_feature=29 30 8 5 22 13 16 5 19 25 20 30 20 14 15 33 4 28 33 6 0 33 33 3 27 9 9 28 21 0 2 28 27 25 3 8 20 8 27
split_gain=74081.7 34366.1 88294.9 23178.9 19547.9 43472.2 17788.6 73285.7 9681.21 27090.5 5712.03 13804.7 19819.4 25996.9 12172 17705.3 9015.2 29885.8 6212.59 3503.91 5682.19 23573.9 2878.71 2844.29 4950.6 2745.09 8662.65 4659.29 5339.26 2007.53 1901.78 3123.75 1664.7 1502.45 2020.73 5852.14 1632.17 1367.42 915.542
threshold=3.2934920787811284 1.0098809599876406 -0.41646523773670191 3.5429087877273564 -1.6769025325775144 -1.4798183441162107 1.840181350708008 -0.092589199542999254 0.64636781811714183 0.60072919726371776 -0.10971026122570036 -0.1422249302268028 0.16362944990396502 0.04401648789644242 -0.19662933796644208 -0.047479696571826928 -1.0322614908218382 -1.1560569405555723 -0.047471750527620309 -0.41887925565242762 -0.54879942536354054 -0.047486564144492142 -0.047488832846283906 1.4042866230010989 -0.31538064777851099 -0.34345617890357966 -0.3812731653451919 -0.44768442213535303 -0.5984395146369933 -0.51874992251396168 1.0000000180025095e-35 -0.11437208205461501 -0.099173549562692628 0.83879441022872936 0.13169784098863604 0.62838444113731395 1.2017085552215578 2.2620918750762944 -0.50291630625724781
decision_type=2 2 2 2 2 2 2 2 2 2 2 2 2 2 2 2 2 2 2 2 2 2 2 2 2 2 2 2 2 2 2 2 2 2 2 2 2 2 2
left_child=1 3 -3 4 5 -1 8 37 9 10 16 12 13 -12 15 -13 17 -6 22 20 21 32 -19 -22 -25 26 27 -18 -29 -14 -30 -32 -16 -10 38 36 -36 -8 -35
right_child=-2 2 -4 -5 6 -7 7 -9 33 -11 11 14 29 -15 19 -17 25 18 -20 -21 23 -23 -24 24 -26 -27 -28 28 30 -31 31 -33 -34 34 35 -37 -38 -39 -40
leaf_value=16.727620054123616 19.868295714505052 16.7441646242264 20.95437450039887 18.73823416102433 18.963307342794394 19.803205630665062 16.623127875239774 19.821714104044332 16.597525210440665 18.600605886903111 19.559705382272639 16.956665059096792 16.694473696970441 17.207312039307748 17.166120700828412 18.904482718591925 16.757600623794406 17.2353617733622 17.569610312860402 16.725527622766023 16.756563494319014 18.779991969920957 16.721837227832086 17.804817164500591 16.789250853990552 16.693933932771678 17.902605249171494 17.599293907523453 16.787169231675346 17.294745152105925 16.674036701803441 17.465943350488075 16.691127108450537 16.99176760909036 17.748601010219204 16.689461601721188 17.124505315904852 17.110062086056423 16.684650448056377
leaf_weight=27 24 33 20 20 22 20 46 28 106 27 24 28 26 23 35 20 338 37 39 142 141 22 104 20 30 210 21 38 87 30 20 33 39 28 22 63 20 21 182
leaf_count=27 24 33 20 20 22 20 46 28 106 27 24 28 26 23 35 20 338 37 39 142 141 22 104 20 30 210 21 38 87 30 20 33 39 28 22 63 20 21 182
internal_value=17.1055 17.0752 18.3329 17.044 17.0281 18.0364 17.0052 17.6735 16.9731 17.0306 17.0029 17.1265 17.6515 18.4085 17.0132 17.7683 16.9273 17.2237 17.0111 16.9287 17.0292 17.343 16.8566 16.8715 17.1955 16.8472 16.9071 16.8666 17.0737 17.016 16.931 17.1671 16.9158 16.7604 16.8151 16.9942 17.4514 16.7757 16.7256
internal_weight=2216 2192 53 2139 2119 47 2072 95 1977 1556 1529 580 103 47 477 48 949 202 180 429 287 96 141 191 50 747 537 516 178 56 140 53 74 421 315 105 42 67 210
internal_count=2216 2192 53 2139 2119 47 2072 95 1977 1556 1529 580 103 47 477 48 949 202 180 429 287 96 141 191 50 747 537 516 178 56 140 53 74 421 315 105 42 67 210
is_linear=0
shrinkage=1


Tree=1
num_leaves=40
num_cat=0
split_feature=29 30 7 5 22 8 16 29 25 25 19 20 30 20 14 25 4 28 0 6 29 30 16 22 9 9 28 30 4 33 16 25 7 10 16 3 0 16 28
split_gain=66858.8 31015.4 80330.3 20919 17642 39559.5 16054.2 69235 8960.65 31039.5 5118.42 5110.9 12497.8 17887 23462.2 10663.1 8136.22 26971.9 5900.45 5347.18 5666.95 15992.1 3754.49 8609.01 2477.45 7818.04 4205.01 5280.26 9793.28 2404.92 1908.07 3744.62 2027.23 2334.1 1870.14 1515.4 2571.64 2905.61 1962.52
threshold=3.2934920787811284 1.0098809599876406 -0.38151800632476801 3.5429087877273564 -1.6769025325775144 -1.3820000290870664 1.840181350708008 -0.51274108886718739 0.61769112944602977 0.58964830636978161 1.933975398540497 -0.10971026122570036 -0.1422249302268028 0.16362944990396502 0.04401648789644242 -0.10563566163182257 -1.0322614908218382 -1.1560569405555723 0.0089050726965069788 -0.41887925565242762 0.10849614441394807 0.17288556694984439 0.030487563461065296 0.037196097895503051 -0.34345617890357966 -0.3812731653451919 -0.44768442213535303 0.091232988983392729 0.19350574910640719 -0.047488832846283906 0.2457770183682442 0.2435136288404465 0.51999107003211986 0.95806521177291881 0.44548352062702185 -0.18110958486795423 0.2691552489995957 1.1332417726516726 1.5862642526626589
decision_type=2 2 2 2 2 2 2 2 2 2 2 2 2 2 2 2 2 2 2 2 2 2 2 2 2 2 2 2 2 2 2 2 2 2 2 2 2 2 2
left_child=1 3 -3 4 5 -1 8 -8 9 11 -9 16 13 14 -13 -14 17 -6 29 20 22 -22 23 -17 25 26 -18 -28 -29 -19 -24 -32 -33 -34 -15 -10 37 -37 -38
right_child=-2 2 -4 -5 6 -7 7 10 35 -11 -12 12 15 34 -16 19 24 18 -20 -21 21 -23 30 -25 -26 -27 27 28 -30 -31 31 32 33 -35 -36 36 38 -39 -40
leaf_value=-0.36409892483993817 2.6246954498191677 -0.34931746630957639 3.6665161032602196 1.5511369383335114 1.7649564332582734 2.569815606418997 3.0734754058576765 0.48120453854401907 -0.40728500443269539 1.7143309424320858 -0.44116760669451838 2.3315346419811251 0.9609951252522676 -0.32616387344332359 0.096760884056920599 -0.41031068008054383 -0.33046496066446668 0.12340815232412235 0.51453610464478983 -0.38896514548089461 1.1017955760698062 -0.30858908268538388 -0.48295421053965887 1.0230155120603741 -0.39094831349594256 0.75728943589187814 -0.28762898770894146 -0.20966385070544979 0.88127858471125364 -0.34258769325234678 0.42089052411417172 -0.48814948854538109 0.3529306380521684 -0.38402712766758423 0.26116324714992362 0.32450086939576511 -0.44831672118355831 -0.38189384291569395 0.096129923760890967
leaf_weight=27 24 33 20 20 22 20 21 21 251 24 53 24 23 33 23 22 338 37 33 148 37 44 60 20 210 21 94 48 36 110 24 52 21 22 23 37 96 24 20
leaf_count=27 24 33 20 20 22 20 21 21 251 24 53 24 23 33 23 22 338 37 33 148 37 44 60 20 210 21 94 48 36 110 24 52 21 22 23 37 96 24 20
internal_value=2.32335e-09 -0.0287375 1.16609 -0.0583429 -0.0735339 0.884375 -0.0952625 0.539646 -0.125772 -0.0698173 -0.179413 -0.0978957 0.0195955 0.518696 1.23792 -0.0890881 -0.169208 0.112328 -0.0896603 -0.142759 -0.0221017 0.335661 -0.153227 0.272226 -0.245339 -0.188397 -0.226884 -0.0301964 0.257883 -0.225296 -0.253054 -0.137138 -0.278114 -0.0241175 -0.0849402 -0.328279 -0.216241 0.0465751 -0.354447
internal_weight=2216 2192 53 2139 2119 47 2072 95 1977 1549 74 1525 576 103 47 473 949 202 180 450 302 81 221 42 747 537 516 178 84 147 179 119 95 43 56 428 177 61 116
internal_count=2216 2192 53 2139 2119 47 2072 95 1977 1549 74 1525 576 103 47 473 949 202 180 450 302 81 221 42 747 537 516 178 84 147 179 119 95 43 56 428 177 61 116
is_linear=0
shrinkage=0.05


Tree=2
num_leaves=40
num_cat=0
split_feature=29 30 7 5 22 4 16 5 25 25 20 30 20 14 16 3 4 28 30 29 33 7 9 24 18 16 28 4 0 31 0 3 16 8 16 9 19 30 29
split_gain=60340 27991.4 72498.1 18879.4 15921.9 36523.6 14488.9 66538.3 8086.99 28013.1 4620.27 11679.9 17014.9 23295.6 10258.8 26821.2 7804.21 24115.5 5463.19 3921.18 9466.28 2708.08 9389.51 2365.42 3834.04 14056.7 2670.19 2537.59 5392.23 1920.82 1816.1 1367.65 2385.45 3957.5 2257.53 1254.6 1104.78 1756.48 2534.82
threshold=3.2934920787811284 1.0098809599876406 -0.38151800632476801 3.5429087877273564 -1.6769025325775144 -0.30196486413478846 1.840181350708008 -0.092589199542999254 0.61769112944602977 0.58964830636978161 -0.10507600754499434 -0.1422249302268028 0.16362944990396502 0.04401648789644242 -0.10087344050407408 0.47482140362262731 -1.0322614908218382 -1.1560569405555723 -0.39357544481754297 0.10849614441394807 -0.047485150396823876 -0.81680750846862782 -0.51890775561332692 -0.28613379597663874 -0.59442287683486927 -0.50446477532386769 -0.35883493721485132 0.40312792360782629 0.75119936466217052 1.6654261946678164 -0.51874992251396168 -0.18110958486795423 0.86756554245948803 0.62838444113731395 1.0954753160476687 1.3660992383956911 0.44807650148868566 0.37854303419590002 -0.15099124610424039
decision_type=2 2 2 2 2 2 2 2 2 2 2 2 2 2 2 2 2 2 2 2 2 2 2 2 2 2 2 2 2 2 2 2 2 2 2 2 2 2 2
left_child=1 3 -3 4 5 -1 8 -8 9 10 16 12 13 -12 15 -13 17 -6 -19 29 -21 -20 -23 24 26 -26 -18 -27 -29 36 -14 -10 -33 34 -34 -35 37 -16 -39
right_child=-2 2 -4 -5 6 -7 7 -9 31 -11 11 14 30 -15 19 -17 23 18 21 20 -22 22 -24 -25 25 27 -28 28 -30 -31 -32 32 33 35 -36 -37 -38 38 -40
leaf_value=-0.35945512580650824 2.4934606906026602 -0.33185160232312755 3.4831900548934942 1.473580085039139 1.676708620786667 2.4596323382854464 -0.34276818277786919 2.5595908276736736 -0.3869207530738823 1.628614326318105 2.3423129206118376 -0.30442943308088516 -0.38655157249707445 0.091922844492870831 -0.32734413755804126 1.9115232412110676 -0.30580556405274428 0.68494030861627486 -0.4499759208737758 0.74578669956988763 -0.24722428334256016 0.64848255370344443 -0.34986781379621895 -0.39079898786123679 0.8752274696438298 -0.37924432299617267 0.23865188062191012 0.70095462009310727 -0.35894190097848577 0.16147618268926939 0.18438400651017828 -0.46835209102980024 0.58882258305182822 -0.44598465851124597 -0.099368301033973705 0.021268209517002108 -0.49467967107892036 -0.29781132958553458 0.44485873758792877
leaf_weight=27 24 33 20 20 22 20 67 28 251 24 23 36 26 23 169 22 365 21 57 36 72 35 72 184 37 90 24 20 30 24 30 58 26 51 22 20 60 27 20
leaf_count=27 24 33 20 20 22 20 67 28 251 24 23 36 26 23 169 22 365 21 57 36 72 35 72 184 37 90 24 20 30 24 30 58 26 51 22 20 60 27 20
internal_value=-1.26182e-09 -0.0273007 1.10779 -0.0554258 -0.0698572 0.840157 -0.0904994 0.512664 -0.119483 -0.0663265 -0.0930009 0.0199658 0.504594 1.21712 -0.0861116 0.536104 -0.160049 0.111735 -0.0743701 -0.174564 0.0837794 -0.171599 -0.0233046 -0.235062 -0.184433 0.00848736 -0.272214 -0.22058 0.0650167 -0.267567 -0.0806932 -0.311865 -0.205429 -0.0772821 0.273402 -0.314364 -0.304876 -0.252152 0.0182185
internal_weight=2216 2192 53 2139 2119 47 2072 95 1977 1549 1525 568 102 46 466 58 957 207 185 408 108 164 107 750 566 177 389 140 50 300 56 428 177 119 48 71 276 216 47
internal_count=2216 2192 53 2139 2119 47 2072 95 1977 1549 1525 568 102 46 466 58 957 207 185 408 108 164 107 750 566 177 389 140 50 300 56 428 177 119 48 71 276 216 47
is_linear=0
shrinkage=0.05


Tree=3
num_leaves=40
num_cat=0
split_feature=30 30 27 22 3 16 5 19 25 20 30 29 5 15 33 4 28 33 6 0 33 7 11 17 33 27 4 33 21 15 30 8 10 29 25 19 30 2 11
split_gain=55498.9 23222.3 71612 20491.7 16427.9 13684.3 64023.3 7864.16 24743.6 5171.8 9653 14567.1 14959.9 9660.01 15236.1 6941.43 21993.8 5329.23 3417.77 4036.79 20409.5 2752.47 3832.54 2379.2 2370.41 2289.72 4006.36 7274.3 16849.4 3076.98 1485.39 1288.98 1795.06 1241.03 1168.86 1190.05 1857.58 1113.82 1243.26
threshold=-2.4608415365219112 1.0098809599876406 -0.40951874852180475 -1.6769025325775144 2.6520712375640874 1.840181350708008 -0.092589199542999254 0.64636781811714183 0.60072919726371776 -0.10971026122570036 -0.1422249302268028 -0.47341926395893091 -0.14280929416418073 -0.19662933796644208 -0.047479696571826928 -1.0322614908218382 -1.1560569405555723 -0.047471750527620309 -0.41887925565242762 -0.58135303854942311 -0.047487325966358178 0.38788214325904852 0.48748882114887243 0.20855872333049777 -0.047488832846283906 -0.38315139710903162 0.19350574910640719 -0.047459915280342095 -0.59028106927871693 -0.38555981218814844 0.13509841263294223 -1.2176790237426756 -1.1261851787567136 0.68277603387832653 0.83879441022872936 0.94063663482666027 0.20162820070981982 1.0000000180025095e-35 1.8815581202507021
decision_type=2 2 2 2 2 2 2 2 2 2 2 2 2 2 2 2 2 2 2 2 2 2 2 2 2 2 2 2 2 2 2 2 2 2 2 2 2 2 2
left_child=-1 3 -3 -2 5 7 -7 8 9 15 11 -11 -13 14 -12 16 -5 24 19 20 30 -21 -23 -24 -18 31 -27 28 -28 -30 -15 -17 -33 -29 -9 36 -36 38 -37
right_child=1 2 -4 4 -6 6 -8 34 -10 10 13 12 -14 18 -16 25 17 -19 -20 21 -22 22 23 -25 -26 26 27 33 29 -31 -32 32 -34 -35 35 37 -38 -39 -40
leaf_value=2.296479515845959 1.182642979152275 3.376685954332352 -0.35487723416752287 1.5928732116960669 1.3531038784980776 -0.32562977284637851 2.5582937868656934 -0.45149309417676364 1.466390052667031 1.4177993990223985 -0.14617278160793443 -0.38170312068918172 1.1543298913084943 0.053025560609755974 1.6607252426818016 -0.65240097442375766 0.11875411400923859 0.43543177306269992 -0.34185036341069452 -0.32511890897976947 1.5207349862741388 0.65568547368049623 -0.5424629487421202 0.10856028389599588 -0.34723270248908267 -0.2791077304675299 1.5594529588791459 -0.36523040121752925 0.42385954629807243 -0.33028933562730489 -0.41617928476047683 0.14814559803122568 -0.33097346423740104 0.079324546828866013 -0.31031026310390897 -0.37861953485094446 0.30863038787660613 -0.028847175895829094 0.001445227861404419
leaf_weight=26 33 20 36 22 20 67 27 105 26 29 28 51 23 31 20 28 37 39 142 116 23 20 23 36 104 255 22 73 21 38 37 21 283 20 27 208 22 33 24
leaf_count=26 33 20 36 22 20 67 27 105 26 29 28 51 23 31 20 28 37 39 142 116 23 20 23 36 104 255 22 73 21 38 37 21 283 20 27 208 22 33 24
internal_value=1.36906e-09 -0.0272641 0.977824 -0.0536395 -0.0730575 -0.086764 0.502731 -0.114652 -0.0632316 -0.0890229 0.0290697 0.467951 0.0957125 -0.0658983 0.606701 -0.160026 0.100528 -0.0818692 -0.14133 -0.041771 0.233209 -0.170095 0.0575346 -0.145228 -0.224952 -0.229187 -0.15289 0.0320844 0.378494 -0.0618635 -0.202277 -0.327776 -0.297876 -0.269627 -0.307077 -0.258785 -0.0324185 -0.300642 -0.339302
internal_weight=2216 2190 56 2134 2101 2081 94 1987 1568 1542 579 103 74 476 48 963 202 180 428 286 91 195 79 59 141 761 429 174 81 59 68 332 304 93 419 314 49 265 232
internal_count=2216 2190 56 2134 2101 2081 94 1987 1568 1542 579 103 74 476 48 963 202 180 428 286 91 195 79 59 141 761 429 174 81 59 68 332 304 93 419 314 49 265 232
is_linear=0
shrinkage=0.05


Tree=4
num_leaves=40
num_cat=0
split_feature=29 30 8 5 6 5 16 24 24 5 28 3 6 20 19 30 7 29 8 8 7 29 29 0 30 30 4 5 4 17 3 0 30 29 7 7 29 16 33
split_gain=51919.4 23300.6 65666.1 16589.2 12605.7 14189.4 32912.9 74346.1 11424.7 9707.8 42467 11146.6 4812.71 4321.5 14839.8 21236.1 7919.32 5096.65 3305.08 7436.82 7712.78 4922.02 3022.26 2804.22 3660.79 3649.65 1701.82 1715.24 2348.76 1461.14 1985.06 1407.78 3612.67 1294.9 1193.47 1927.91 1578.46 1152.43 1139.98
threshold=3.2934920787811284 1.0098809599876406 -0.41646523773670191 3.5429087877273564 4.6428182125091562 -0.43539592623710627 1.840181350708008 1.6340835690498354 1.5304850935935976 -0.34696488082408899 -1.0040023326873777 1.5014359951019289 2.872025847434998 -0.10507600754499434 1.0000000180025095e-35 0.18135225027799609 -0.36946609616279596 -0.88827767968177784 -0.43965753912925715 -0.63483852148056019 -0.55014747381210316 1.1304740905761721 0.021161286160349849 -0.68849384784698475 -0.017276935279369351 -0.11706469208002089 -0.26139283180236811 -0.075121343135833726 -1.0298025608062742 0.65979400277137767 -0.66547879576683033 -0.34560753405094141 -0.48024511337280268 -0.025630277581512925 0.9067816734313966 0.47772999107837683 -0.070885017514228807 0.60611256957054149 -0.047476606443524354
decision_type=2 2 2 2 2 2 2 2 2 2 2 2 2 2 2 2 2 2 2 2 2 2 2 2 2 2 2 2 2 2 2 2 2 2 2 2 2 2 2
left_child=1 3 -3 4 5 12 8 -8 9 10 -7 29 18 17 15 -15 -16 -11 19 21 -21 31 -22 -18 25 37 27 -19 -29 30 -12 -1 -33 -30 35 -26 -37 -25 -20
right_child=-2 2 -4 -5 -6 6 7 -9 -10 13 11 -13 -14 14 16 -17 23 26 38 20 22 -23 -24 24 34 -27 -28 28 33 -31 -32 32 -34 -35 -36 36 -38 -39 -40
leaf_value=-0.40991773340775045 2.3129415405914187 -0.35983064535892373 3.2710036146640777 1.3822845876216889 1.1848249877616763 2.4771845978498459 3.6338857817649841 -0.57820190543478189 0.95892715266595285 0.38661465570330622 0.19714632318133402 1.1120844580233098 0.35718262501665066 2.0815121436864139 0.87185559868812568 -0.1696457595310428 0.26900498688220981 -0.33002303947303502 -0.31771567506139992 0.86090286493301393 0.26168104803396597 0.41048373144406541 -0.40614654254168275 0.070971863481985489 -0.36140456018326561 0.58000701362123852 -0.38262385290660217 0.37027774558023174 -0.37980954999986449 0.23041964650154112 -0.34768112699796516 0.43396080195903775 -0.32566011721889176 0.027770885929348878 -0.52278139679407587 -0.24975445210933686 0.28251693050305432 -0.44798559576272967 -0.14037263918392084
leaf_weight=147 24 33 20 20 20 20 20 22 30 32 21 20 37 20 20 22 35 89 563 35 36 26 32 23 113 26 178 27 38 20 82 20 72 40 49 30 26 20 108
leaf_count=147 24 33 20 20 20 20 20 22 30 32 21 20 37 20 20 22 35 89 563 35 36 26 32 23 113 26 178 27 38 20 82 20 72 40 49 30 26 20 108
internal_value=-5.14909e-10 -0.0253242 1.0103 -0.0509847 -0.0645125 -0.0764166 0.0569093 1.42755 -0.00177278 -0.0320788 0.319166 0.0173448 -0.203175 -0.104735 0.0153671 0.902334 -0.0935587 -0.218891 -0.22313 -0.102713 0.25782 -0.242844 -0.0525908 -0.153522 -0.20505 0.11236 -0.270977 -0.168539 -0.0316612 -0.160662 -0.2366 -0.313917 -0.160525 -0.170794 -0.305515 -0.24252 -0.00262845 -0.170404 -0.289172
internal_weight=2216 2192 53 2139 2119 2099 1023 42 981 951 163 143 1076 788 384 42 342 404 1039 368 103 265 68 322 287 69 372 194 105 123 103 239 92 78 218 169 56 43 671
internal_count=2216 2192 53 2139 2119 2099 1023 42 981 951 163 143 1076 788 384 42 342 404 1039 368 103 265 68 322 287 69 372 194 105 123 103 239 92 78 218 169 56 43 671
is_linear=0
shrinkage=0.05


Tree=5
num_leaves=40
num_cat=0
split_feature=30 5 30 16 30 28 5 5 17 24 8 20 17 18 12 20 22 7 31 27 29 29 27 27 27 3 8 8 23 10 29 0 10 22 6 22 8 29 19
split_gain=48825.5 19020.1 51005.3 28400.7 69170.7 20278.4 14518 13146.5 58616.4 12702.9 5618.97 4908.96 12157.2 17088 3546.59 5429.52 12713.9 5904.88 5242.81 3947.19 3736.74 3344.19 2848.63 4552.55 8946.22 3621.74 3144.41 3625.68 8367.28 3526.09 3184.88 2622.99 2067.22 1534.48 1480.87 1435.53 3098.09 1222.91 1219.67
threshold=-2.4608415365219112 -0.39390975236892695 1.0098809599876406 1.840181350708008 0.15867774188518527 -1.5452485680580137 3.5429087877273564 -0.34696488082408899 -0.88212335109710682 1.5304850935935976 -1.2546208500862119 0.42660297453403478 0.34540803730487829 0.36480028927326208 0.99506542086601268 -0.10507600754499434 -0.036472376435995095 -0.36946609616279596 -0.63345196843147267 -0.44540180265903467 -0.88827767968177784 0.10052988305687906 -0.40092711150646204 0.0077290176413953313 -0.099173549562692628 -0.78260931372642506 -0.36703667044639582 -0.63483852148056019 -0.60770544409751881 -0.42161588370800013 0.44335699081420904 -0.19822186976671216 -1.1949002742767332 0.1402021870017052 -0.41304950416088099 0.77010071277618419 0.55667725205421459 0.72183758020401012 -0.55122730135917652
decision_type=2 2 2 2 2 2 2 2 2 2 2 2 2 2 2 2 2 2 2 2 2 2 2 2 2 2 2 2 2 2 2 2 2 2 2 2 2 2 2
left_child=-1 5 3 6 -5 -2 7 8 -3 10 -9 12 22 -14 15 20 -17 -18 -19 -20 -12 -10 33 24 25 -24 27 30 -29 -30 -25 34 -22 37 -32 -21 -37 -7 -34
right_child=1 2 -4 4 -6 11 -8 9 21 -11 14 -13 13 -15 -16 16 17 18 19 35 32 -23 23 26 -26 -27 -28 28 29 -31 31 -33 38 -35 -36 36 -38 -39 -40
leaf_value=2.153990523975629 1.3774003461003304 2.9523704672977331 2.2771666098524022 3.4672251152992248 -0.64141858645847871 -0.37664354961986346 1.3514336468651891 -0.71505707776224292 -0.28629465463039067 0.93469314942757298 0.37029866448470528 -0.33504329843417885 1.7683462989330292 -0.10623601002077904 -0.47461847988543693 1.0568473222274934 0.80232060750325529 0.54644899022194648 0.35783779807388783 -0.3091200553415645 0.26308107227087024 0.42980120803998867 -0.27376590177529686 -0.40629667179342716 0.95018703894955781 0.38141567630152551 -0.47861002743042802 1.0009416377002542 -0.44737606247266132 0.36787907325086144 0.086243962645530706 0.42711192988432373 -0.17042653872363869 0.072599062442779541 -0.52221110716462138 0.25943880799489144 -0.42296270645897965 -0.0004246693104505539 -0.36463576280172694
leaf_weight=26 21 20 27 20 21 216 20 37 56 30 28 389 20 31 54 31 21 31 34 148 20 23 66 106 28 31 74 22 36 21 20 26 174 25 20 39 29 24 151
leaf_count=26 21 20 27 20 21 216 20 37 56 30 28 389 20 31 54 31 21 31 34 148 20 23 66 106 28 31 74 22 36 21 20 26 174 25 20 39 29 24 151
internal_value=-1.69159e-09 -0.0255725 0.133114 0.0744616 1.3628 -0.162399 0.0186246 -0.0101618 0.534347 -0.0753448 -0.113364 -0.190395 -0.116938 0.628894 -0.0840708 -0.0541989 0.092552 -0.00643191 -0.0668725 -0.142924 -0.185212 -0.077811 -0.170137 -0.0935507 0.162885 -0.064378 -0.19218 -0.107734 0.172666 -0.147019 -0.236523 0.036145 -0.230297 -0.30019 -0.217984 -0.221748 -0.0315854 -0.339022 -0.260659
internal_weight=2216 2190 1014 987 41 1176 946 926 99 827 797 1155 766 51 760 706 333 302 281 250 373 79 715 450 125 97 325 251 79 57 172 66 345 265 40 216 68 240 325
internal_count=2216 2190 1014 987 41 1176 946 926 99 827 797 1155 766 51 760 706 333 302 281 250 373 79 715 450 125 97 325 251 79 57 172 66 345 265 40 216 68 240 325
is_linear=0
shrinkage=0.05


Tree=6
num_leaves=40
num_cat=0
split_feature=29 5 30 8 14 30 28 0 5 15 0 33 7 7 8 31 31 3 29 2 6 23 27 4 0 33 7 26 23 7 27 27 21 27 3 30 3 30 12
split_gain=45209.6 19678.4 51282.9 25657.8 59296.6 76591.3 20710.8 14850.5 13351.2 53188.5 5631.79 11129.7 5454 17825.4 13981.9 3970.33 8619.8 5421.5 9161.14 3934.7 3338.6 3118.42 3106.65 2985.24 5638.44 10034.4 3968.81 2293.96 2102.46 1773.74 1704.42 5643.65 3865.66 1643.75 2024.73 5697.4 1634.47 1461.44 1341.13
threshold=3.2934920787811284 -0.39390975236892695 1.0098809599876406 1.1794789433479311 1.5510139465332033 0.20421768724918368 -1.5452485680580137 2.7512800693511967 -0.34696488082408899 -0.88611090183258046 -0.7135351002216338 -0.047486646100878709 -0.42979031801223749 -0.30308943986892695 -0.35593426227569575 1.0000000180025095e-35 0.077737625688314452 -0.82257151603698719 -0.51274108886718739 2.2576968073844914 -0.17402893304824826 0.89250150322914135 0.29725579917430883 -0.17410147935152051 0.86638915538787853 -0.047475527971982949 0.4650395959615708 0.29478286206722265 0.49518230557441717 -0.71342185139656056 0.064031258225440993 -0.013289313763380049 0.12582121789455417 -0.40092711150646204 -0.75367119908332814 0.13834507763385775 -0.35060435533523554 0.3456332534551621 -1.2985735535621641
decision_type=2 2 2 2 2 2 2 2 2 2 2 2 2 2 2 2 2 2 2 2 2 2 2 2 2 2 2 2 2 2 2 2 2 2 2 2 2 2 2
left_child=1 6 3 7 5 -5 -1 8 9 -3 11 27 38 14 -14 19 -17 18 -18 30 -20 23 -11 36 25 28 -26 -10 -25 -19 31 33 -33 -8 -35 -36 -15 -6 -12
right_child=-2 2 -4 4 37 -7 15 -9 10 22 12 -13 13 21 -16 16 17 29 20 -21 -22 -23 -24 24 26 -27 -28 -29 -30 -31 -32 32 -34 34 35 -37 -38 -39 -40
leaf_value=1.4337603120505811 2.1583161830902102 2.8161422806140037 2.3752885906696322 3.8625220782226992 -0.61738942031349453 -0.16361860831578573 -0.33946926924215248 1.3115814912886847 -0.53846336746215817 -0.27989434976469391 -0.62348020178931107 0.97945540231816919 0.00072542996633620494 0.15577439084649086 1.8044325926087119 0.93625749917257406 1.061583355881951 0.075275804741042007 0.53639895170927054 0.26317938189539641 -0.17371949176304044 -0.52590929654737317 0.44780191540718078 -0.23211865553801714 -0.37258739236523125 1.0836912654597184 0.41024761557579037 0.17996575482189658 0.35778549436641782 -0.3577869288721367 -0.35223438765916254 0.85097280323505409 -0.12031757026201202 -0.25388587318437617 0.77831115603446965 -0.3643412547806899 -0.32975739725722142 -0.057777731716632842 -0.28951031964079876
leaf_weight=20 24 20 25 27 28 21 252 21 25 55 35 34 21 20 22 21 22 28 20 36 96 48 20 44 85 29 20 20 23 152 357 20 21 97 20 24 130 20 213
leaf_count=20 24 20 25 27 28 21 252 21 25 55 35 34 21 20 22 21 22 28 20 36 96 48 20 44 85 29 20 20 23 152 357 20 21 97 20 24 130 20 213
internal_value=-2.99956e-09 -0.0236312 0.139031 0.0820421 0.858434 2.10109 -0.161606 -0.00217665 -0.0341083 0.525102 -0.103191 0.296699 -0.148976 -0.0436786 0.923552 -0.188971 -0.0448635 -0.109655 0.126129 -0.248043 -0.0512853 -0.147917 -0.085842 -0.0962252 0.0297409 0.306697 -0.223476 -0.219162 -0.0296142 -0.290422 -0.27131 -0.204743 0.353483 -0.26298 -0.126276 0.155046 -0.26502 -0.384218 -0.336643
internal_weight=2216 2192 1006 981 96 48 1186 885 864 95 769 79 690 442 43 1166 339 318 138 827 116 399 75 351 201 96 105 45 67 180 791 434 41 393 141 44 150 48 248
internal_count=2216 2192 1006 981 96 48 1186 885 864 95 769 79 690 442 43 1166 339 318 138 827 116 399 75 351 201 96 105 45 67 180 791 434 41 393 141 44 150 48 248
is_linear=0
shrinkage=0.05


Tree=7
num_leaves=40
num_cat=0
split_feature=30 5 30 16 30 15 5 5 17 24 8 20 17 18 12 20 22 7 8 0 29 4 27 25 30 33 28 21 30 6 30 8 30 29 13 12 29 0 27
split_gain=42992.9 15281.2 41205.6 25159.3 61318.3 17388.2 13127.2 10878.2 48377 11814.3 5089.16 4049.2 10993.2 15250.4 3698.19 4636.82 11593.2 5323.9 3461.04 4952.22 3311.77 3170.84 5295.67 3445.46 3091.45 3027.91 3023.57 7340.5 11794.9 2188.34 2006.83 2624.89 3618.69 3274 1881.87 2093.44 2717.57 1424.37 1198.86
threshold=-2.4608415365219112 -0.39390975236892695 1.0098809599876406 1.840181350708008 0.15867774188518527 -1.5420922636985777 3.5429087877273564 -0.34696488082408899 -0.88212335109710682 1.5304850935935976 -1.2546208500862119 0.42660297453403478 0.34540803730487829 0.36480028927326208 0.99506542086601268 -0.10507600754499434 -0.0092121860943734628 -0.36946609616279596 -0.0079607171937823278 -0.64037886261939991 -0.88827767968177784 -0.17410147935152051 -0.41882969439029688 0.83879441022872936 0.30846130847930914 -0.04742735251784324 -0.4927853643894195 -0.54421627521514881 0.13276672363281253 1.739593029022217 0.38850161433219915 -0.60875913500785817 0.28248156607151037 -0.44043858349323267 -0.66068968176841725 -0.72356370091438282 0.66201218962669384 -1.1810910701751707 0.028739431872963909
decision_type=2 2 2 2 2 2 2 2 2 2 2 2 2 2 2 2 2 2 2 2 2 2 2 2 2 2 2 2 2 2 2 2 2 2 2 2 2 2 2
left_child=-1 5 3 6 -5 -2 7 8 -3 10 -9 12 25 -14 15 20 -17 -18 -19 -20 -12 -21 -23 -24 38 26 37 28 -28 30 31 -29 33 -33 35 36 -22 -7 -10
right_child=1 2 -4 4 -6 11 -8 9 24 -11 14 -13 13 -15 -16 16 17 18 19 21 34 22 23 -25 -26 -27 27 29 -30 -31 -32 32 -34 -35 -36 -37 -38 -39 -40
leaf_value=2.0212447524070742 1.2458283271301878 2.6776058757305146 2.045347406466802 3.2594927597045897 -0.60891487598419192 0.043302295536830515 1.2803318911790849 -0.68298726694003964 -0.44467132488886518 0.90036960323651627 0.34991540738514493 -0.30402096448730576 1.6794342887401581 -0.091488880207461709 -0.48129251030860126 0.89364359592780096 0.74333863485427143 -0.40786379334472472 0.74310264956383476 -0.32441539461022778 -0.25895128809791179 0.81475627154466645 -0.26719128040167001 0.38060493230819703 0.42824069308963691 0.3835847992897034 -0.27304589564547593 0.32494953408635951 1.346329059248621 -0.61203090596199039 -0.39247587749309709 0.27815852288542126 0.43213350379467014 -0.30097108023458879 -0.32665498610483024 0.38652262747287752 0.31450252509117127 -0.32444947872284824 0.030697859397956301
leaf_weight=26 22 20 27 20 21 29 20 37 36 30 28 391 20 31 54 39 21 63 21 73 119 21 65 30 22 25 23 37 22 25 57 29 25 154 181 20 25 286 21
leaf_count=26 22 20 27 20 21 29 20 37 36 30 28 391 20 31 54 39 21 63 21 73 119 21 65 30 22 25 23 37 22 25 57 29 25 154 181 20 25 286 21
internal_value=-2.10375e-10 -0.0239965 0.11824 0.0655229 1.27811 -0.146639 0.0129687 -0.0144041 0.480908 -0.0736979 -0.110363 -0.173185 -0.106139 0.602991 -0.0824851 -0.0519814 0.0836343 -0.0238159 -0.0828278 0.014683 -0.173054 -0.0662525 0.096212 -0.0626241 -0.0752179 -0.156933 -0.176603 -0.0800785 0.518649 -0.162472 -0.125257 -0.0630877 -0.132114 -0.209196 -0.215498 -0.0928182 -0.159393 -0.290593 -0.269535
internal_weight=2216 2190 1014 987 41 1176 946 926 99 827 797 1154 763 51 760 706 333 294 273 210 373 189 116 95 79 712 687 372 45 327 302 245 208 183 345 164 144 315 57
internal_count=2216 2190 1014 987 41 1176 946 926 99 827 797 1154 763 51 760 706 333 294 273 210 373 189 116 95 79 712 687 372 45 327 302 245 208 183 345 164 144 315 57
is_linear=0
shrinkage=0.05


Tree=8
num_leaves=40
num_cat=0
split_feature=29 5 30 16 15 28 0 5 15 24 10 12 24 31 31 3 29 2 5 3 0 24 6 30 10 30 7 33 33 4 33 25 27 27 21 11 17 7 23
split_gain=39303.8 16238.6 42197.9 22249.8 60318.2 18550.3 12815.9 9410.1 44220.2 9373.1 4251.12 17430.4 9017.3 3678.5 7761.61 4796.47 7882.03 3495.18 3470.07 5886.6 14104.7 4092.73 2964.29 2859.85 3009.32 2848.43 3666.05 2106.02 2590.38 2092.54 3457 1815.41 2084.45 4502.62 3418.44 1640.76 7845.3 1494.86 1267.32
threshold=3.2934920787811284 -0.39390975236892695 1.0098809599876406 1.840181350708008 2.3530056476593022 -1.5452485680580137 2.7512800693511967 -0.34696488082408899 -0.88611090183258046 1.5304850935935976 -0.40775510668754572 -0.30952669680118555 -0.45309810340404505 1.0000000180025095e-35 0.077737625688314452 -0.82257151603698719 -0.51274108886718739 2.2576968073844914 -0.096956163644790636 -0.42432770133018488 -0.80815526843070973 -0.26160989701747889 -0.17402893304824826 -0.053987251594662659 0.43079948425292974 0.0099871689453721064 -0.16928865760564801 -0.047481721267104142 -0.047483913600444787 -0.77100217342376698 -0.047471750527620309 -1.5918665528297422 0.064031258225440993 -0.013289313763380049 0.12582121789455417 0.4072359055280686 0.044704664498567588 -0.71342185139656056 -0.90926870703697193
decision_type=2 2 2 2 2 2 2 2 2 2 2 2 2 2 2 2 2 2 2 2 2 2 2 2 2 2 2 2 2 2 2 2 2 2 2 2 2 2 2
left_child=1 5 3 6 -5 -1 7 8 -3 10 29 12 -12 17 -15 16 -16 31 -13 20 -20 -21 -18 24 -23 -10 -27 28 -25 30 38 -7 33 35 -35 36 -33 -17 -9
right_child=-2 2 -4 4 -6 13 -8 9 25 -11 11 18 -14 14 15 37 22 -19 19 21 -22 23 -24 27 -26 26 -28 -29 -30 -31 -32 32 -34 34 -36 -37 -38 -39 -40
leaf_value=1.3624899154901504 2.0124121278524401 2.5570663142204286 2.154256737589836 3.1793624067306521 -0.65736862591334755 -0.64034028916523378 1.2456191833530155 0.0018283990025520327 -0.44842800690281781 0.79363228390293739 0.26102672872089205 -0.35364910172242109 1.7444854867458344 0.89644204321361731 0.9934306502342225 0.069651515356131968 0.51493332073092457 0.25169558276732767 -0.38642514094710356 0.56550022941929379 1.4913839542865754 -0.085058478862047204 -0.15419404295583566 -0.26589187681674958 0.66610593140125285 0.68347088780254128 -0.20285971281783924 -0.3005456618264894 0.47128948786041952 -0.32675913636577075 0.33104776828675658 -0.23857232284280336 -0.32582695943998624 0.8046641224622727 -0.1087147946868624 -0.35178414916862616 0.68416875509115371 -0.32791106044069718 -0.51200550138950351
leaf_weight=20 24 20 25 20 21 29 21 20 31 31 21 99 20 21 22 28 20 36 20 22 20 40 96 26 20 20 28 181 22 211 37 202 355 20 21 138 26 152 30
leaf_count=20 24 20 25 20 21 29 21 20 31 31 21 99 20 21 22 28 20 36 20 22 20 40 96 26 20 20 28 181 22 211 37 202 355 20 21 138 26 152 30
internal_value=-1.28511e-09 -0.0220337 0.12573 0.0740345 1.21421 -0.147371 0.0243036 -0.00360459 0.456863 -0.0591976 -0.0927055 -0.00228842 0.984665 -0.173269 -0.0345588 -0.09604 0.125736 -0.230129 -0.0922109 -0.0184719 0.552479 -0.0919061 -0.0388273 -0.141951 0.16533 -0.0748345 0.166445 -0.222461 0.0719829 -0.241681 -0.0353429 -0.252058 -0.23728 -0.160047 0.336836 -0.215709 -0.133347 -0.266068 -0.306472
internal_weight=2216 2192 1006 981 41 1186 940 919 99 820 789 491 41 1166 339 318 138 827 450 351 40 311 116 289 60 79 48 229 48 298 87 791 762 407 41 366 228 180 50
internal_count=2216 2192 1006 981 41 1186 940 919 99 820 789 491 41 1166 339 318 138 827 450 351 40 311 116 289 60 79 48 229 48 298 87 791 762 407 41 366 228 180 50
is_linear=0
shrinkage=0.05


Tree=9
num_leaves=40
num_cat=0
split_feature=30 22 5 30 16 5 4 24 10 12 24 31 4 3 28 20 4 3 24 2 30 10 8 13 9 29 6 4 4 27 27 24 24 3 24 8 4 30 24
split_gain=38172.7 14031.6 16632.3 41103.5 23427.2 14804.7 12482.1 10268.7 4306.3 16332.1 7466.62 4290.74 12896.3 6643.91 7011.49 16142.8 3891.89 9147.41 3933.23 3827.66 2080.1 2953.43 1938.14 2199.53 2367.53 2070.03 1577.91 2438.45 5208.07 3386.23 2566.74 2331.7 6167.87 1738.15 1905.09 4677.94 4355.87 1361.63 2173.42
threshold=-2.4608415365219112 -1.6769025325775144 -0.35242359340190882 1.0098809599876406 1.840181350708008 -0.32840529084205622 1.949168384075165 1.5304850935935976 -0.40775510668754572 -0.30952669680118555 -0.46764265000820154 1.0000000180025095e-35 -1.0371792912483213 -0.82257151603698719 -0.22967116534709928 0.16362944990396502 -0.86259660124778736 -0.42432770133018488 -0.26160989701747889 2.2576968073844914 -0.017276935279369351 0.43079948425292974 -1.2546208500862119 -0.66068968176841725 -0.6793454885482787 0.66201218962669384 -0.23815640062093732 -0.56506836414337147 -0.48638319969177241 0.075447853654623045 -0.52088007330894459 0.087910719215869917 -0.067145887762308107 -0.40779161453247065 -0.83766222000122059 -0.46374811232089991 -1.0009103715419767 0.40671519935131079 0.43529917299747473
decision_type=2 2 2 2 2 2 2 2 2 2 2 2 2 2 2 2 2 2 2 2 2 2 2 2 2 2 2 2 2 2 2 2 2 2 2 2 2 2 2
left_child=-1 -2 11 4 5 -4 7 8 22 10 -10 19 -13 14 -14 -16 -11 -18 -19 26 21 -20 -7 24 25 -24 27 31 -29 30 -30 32 33 34 -3 36 -36 -22 -39
right_child=1 2 3 -5 -6 6 -8 -9 9 16 -12 12 13 -15 15 -17 17 18 20 -21 37 -23 23 -25 -26 -27 -28 28 29 -31 -32 -33 -34 -35 35 -37 -38 38 -40
leaf_value=1.9045690073416783 0.95636874768469071 -0.36578357231061337 1.2375128825505577 2.1248239934444428 1.2995338349728973 -0.67536515891551974 1.2109176797419787 0.86945480108261108 0.28560019433498385 -0.43430426336057926 1.6518557316064837 1.1621761286800558 -0.27640783371109712 -0.28267494663596154 1.3384853697381915 -0.044290957575844184 0.81423967426021893 0.56677333613236747 -0.13520095529300827 0.2762446832892142 -0.2898280370915145 0.49372574282544002 -0.25619259223569441 -0.43047018629547795 0.40337975323200226 0.22461244585337461 -0.32833218243312734 0.73390823772975378 -0.22632070708274843 -0.50544607639312744 0.49758719118932887 -0.36643947120094061 0.70572193726897248 -0.45786878698401989 0.87581617425788538 -0.28776136133819818 -0.064345059982900119 -0.33079094550301957 0.24035470984462234
leaf_weight=26 36 59 24 25 37 24 20 29 20 68 20 22 57 191 32 62 30 21 56 38 171 28 131 76 20 27 303 21 25 37 24 197 20 54 22 68 28 31 36
leaf_count=26 36 59 24 25 37 24 20 29 20 68 20 22 57 191 32 62 30 21 56 38 171 28 131 76 20 27 303 21 25 37 24 197 20 54 22 68 28 31 36
internal_value=-2.95099e-09 -0.0226113 -0.0389731 0.125972 0.0684679 0.013721 -0.0226293 -0.0539376 -0.0892187 0.00132346 0.968728 -0.156006 -0.0112439 -0.0867271 0.161127 0.426441 -0.086423 -0.0230023 -0.0962304 -0.214815 -0.13947 0.0744413 -0.245876 -0.205295 -0.109152 -0.17403 -0.236564 -0.186463 0.0279873 -0.144389 0.128246 -0.237683 -0.136626 -0.209557 -0.133801 -0.0178091 0.349326 -0.214968 -0.0239067
internal_weight=2216 2190 2154 894 869 832 808 788 759 481 40 1260 364 342 151 94 441 373 343 896 322 84 278 254 178 158 858 555 107 86 49 448 251 231 177 118 50 238 67
internal_count=2216 2190 2154 894 869 832 808 788 759 481 40 1260 364 342 151 94 441 373 343 896 322 84 278 254 178 158 858 555 107 86 49 448 251 231 177 118 50 238 67
is_linear=0
shrinkage=0.05


Tree=10
num_leaves=40
num_cat=0
split_feature=30 31 0 4 8 27 7 22 0 30 27 20 17 23 30 30 29 3 15 30 30 18 3 30 5 14 24 12 5 0 27 29 28 23 26 8 3 16 16
split_gain=34450.8 13202.7 31067.7 99274.9 16135.5 51432.4 39077.3 16394.9 13421.1 11980.3 5408.18 5682.91 12398.8 7279.69 3917.22 4077.25 7331.85 5379.76 8660.38 4261.7 6932.11 5909.12 3540.67 6742.83 3159.79 2951.54 3397.83 2735.67 2332.05 2291.03 5920.93 2252.72 2106.79 1996.08 8329.36 1574.96 2811.79 3241.56 2461.88
threshold=-2.4608415365219112 -0.74593421816825856 -0.66076958179473866 -0.81157422065734852 1.1794789433479311 0.11470322310924531 1.1702433824539187 -1.6769025325775144 2.9056415557861333 1.158700227737427 -0.63516500592231739 0.42660297453403478 0.49167969822883612 0.37366540729999548 0.50587067008018505 0.098575331270694747 -0.41597388684749598 -0.39263355731964106 -0.39499291777610773 -0.10887978971004485 -0.16419199109077451 0.13330585509538653 0.68772336840629589 -0.5347447097301482 -0.010708616115152834 0.061906732618808753 -0.067145887762308107 -0.18366180360317227 1.1476287245750429 0.1054927632212639 0.48457282781600958 -0.2366850674152374 0.4051686972379685 -0.35094870626926417 -0.47881220281124109 0.71919706463813793 -0.2038466930389404 0.86756554245948803 1.0954753160476687
decision_type=2 2 2 2 2 2 2 2 2 2 2 2 2 2 2 2 2 2 2 2 2 2 2 2 2 2 2 2 2 2 2 2 2 2 2 2 2 2 2
left_child=-1 25 3 -3 7 6 -6 -4 9 10 -9 12 13 14 15 19 -17 18 -18 20 21 22 -12 -24 31 26 33 -20 35 -19 -31 -8 -5 34 -2 36 -13 -38 -39
right_child=1 2 4 32 5 -7 24 8 -10 -11 11 28 -14 -15 -16 16 17 29 27 -21 -22 -23 23 -25 -26 -27 -28 -29 -30 30 -32 -33 -34 -35 -36 -37 37 38 -40
leaf_value=1.8093404311400194 -0.21556751284083897 3.7890290757884153 1.0671253836248071 -0.28886929895532759 2.0829439317186673 2.8592566619813446 0.23234092714264989 -0.33725528311000641 1.2074430814385415 1.0871113686334519 -0.34705559617427534 -0.30340801166603343 1.2385087798908354 0.64881462348919172 -0.4137194633169074 0.88110572487629701 1.1459652007222176 -0.3377215817996434 -0.45383345466107133 -0.37091457698463409 0.74884996875706644 0.70768729865551006 0.86586467325687411 -0.30445057312026624 -0.61320142188044491 -0.35345563472807412 0.41074281047891692 0.37316021338105204 -0.54020478610160216 -0.18729552785082471 0.8001630023121834 -0.40111385822296147 0.30951321401322884 -0.38772330247325665 0.66380756759355153 -0.35617996931410911 -0.18060076573833092 0.72800277943412472 0.032015379269917807
leaf_weight=26 205 23 32 38 21 20 32 229 20 21 122 96 20 38 71 29 25 70 20 121 27 20 20 32 43 250 27 20 53 63 20 25 24 81 31 89 61 24 27
leaf_count=26 205 23 32 38 21 20 32 229 20 21 122 96 20 38 71 29 25 70 20 121 27 20 20 32 43 250 27 20 53 63 20 25 24 81 31 89 61 24 27
internal_value=-3.8385e-10 -0.0214808 0.0534147 0.983517 0.00109261 0.5104 0.122159 -0.0513251 -0.0780743 -0.0975814 -0.116763 -0.0694852 0.0110418 -0.0241291 -0.0628744 -0.0205824 0.134214 0.0348569 0.415933 -0.13238 -0.00177924 -0.106248 -0.199804 0.145671 -0.289606 -0.222715 -0.1277 -0.0403366 -0.234681 -0.127038 0.0506463 -0.0454901 -0.0572374 -0.173561 -0.100056 -0.180159 -0.104843 0.0653557 0.359539
internal_weight=2216 2190 1596 85 1511 141 121 1370 1338 1318 1297 1068 718 698 660 589 247 218 65 342 221 194 174 52 100 594 344 40 350 153 83 57 62 317 236 297 208 112 51
internal_count=2216 2190 1596 85 1511 141 121 1370 1338 1318 1297 1068 718 698 660 589 247 218 65 342 221 194 174 52 100 594 344 40 350 153 83 57 62 317 236 297 208 112 51
is_linear=0
shrinkage=0.05


Tree=11
num_leaves=40
num_cat=0
split_feature=29 5 30 8 14 30 28 0 5 15 0 33 7 7 8 22 33 30 30 6 6 23 30 4 5 5 7 7 22 6 21 6 29 33 33 26 0 8 21
split_gain=33088.5 12790.8 33146.7 17720.7 55128 67867.8 16815.6 10734.3 9762.84 39022.5 4570.93 9889.54 4595.07 15131.5 12255.5 4258.66 4323.55 2913.16 5155.41 3550.1 12446 2678.15 2590.42 2405.49 4849.82 6603.25 9910.59 2629.69 2193.73 2882.79 3703.56 3783.2 2240.38 1857.72 3437.52 1854.19 1830.28 1798.18 1854.55
threshold=3.2934920787811284 -0.39390975236892695 1.0098809599876406 1.1794789433479311 1.5510139465332033 0.20421768724918368 -1.5452485680580137 2.7512800693511967 -0.34696488082408899 -0.88611090183258046 -0.7135351002216338 -0.047486646100878709 -0.42979031801223749 -0.30308943986892695 -0.35593426227569575 -1.6184429526329038 -0.04742735251784324 0.50587067008018505 0.46395739912986761 2.2832190990448002 2.9755042791366582 0.89250150322914135 0.30846130847930914 -0.17410147935152051 1.1148765087127688 0.42817132174968725 0.11392801254987718 0.43001671135425573 0.62839671969413768 -0.23815640062093732 0.49816480278968817 -0.30228386819362635 0.44335699081420904 -0.047476824373006814 -0.047473857179284089 0.29478286206722265 0.73742666840553295 -0.62180420756340016 0.17670965194702151
decision_type=2 2 2 2 2 2 2 2 2 2 2 2 2 2 2 2 2 2 2 2 2 2 2 2 2 2 2 2 2 2 2 2 2 2 2 2 2 2 2
left_child=1 6 3 7 5 -5 -1 8 9 -3 11 35 -12 14 -14 -8 17 18 19 28 -21 23 -11 -15 25 36 -27 -26 29 30 31 32 37 -31 -35 -10 -25 -17 -39
right_child=-2 2 -4 4 -6 -7 15 -9 10 22 12 -13 13 21 -16 16 -18 -19 -20 20 -22 -23 -24 24 27 26 -28 -29 -30 33 -32 -33 -34 34 -36 -37 -38 38 -40
leaf_value=1.3060797005146743 1.8464522937933605 2.408534566164017 1.9087856960296632 3.5666040152311327 -0.48784063818554091 -0.22332440969489872 -0.66978562458967561 1.1120626403462319 -0.50418062782287598 -0.25433520300821827 -0.30460933106125243 0.91275142827893019 -0.0085278550650747052 -0.23535695632298786 1.6801590529355135 -0.34689633495174355 0.59025997832417498 -0.35558904617876808 0.6042962683985631 1.2481252913549543 -0.30752992853522304 -0.48203519470989709 0.41015649581328034 0.15633514523506165 -0.41701146311825144 -0.083914316259324551 1.4379471822925236 0.23982460349798204 -0.29478587849928445 -0.33617794208707868 0.6278200417757035 0.59108510017395022 0.31443041028647589 0.51719375550746916 -0.19396163127096619 0.1417238960787654 -0.35013983815908434 0.02650841927077149 -0.33299368048707645
leaf_weight=20 24 20 25 27 48 21 39 21 25 55 248 34 21 150 22 80 20 151 24 20 36 48 20 44 64 20 23 20 231 171 21 21 29 20 113 20 30 142 48
leaf_count=20 24 20 25 27 48 21 39 21 25 55 248 34 21 150 22 80 20 151 24 20 36 48 20 44 64 20 23 20 231 171 21 21 29 20 113 20 30 142 48
internal_value=1.61464e-09 -0.0202166 0.110925 0.0651083 0.710335 1.90851 -0.131455 -0.00488239 -0.0320304 0.446162 -0.0911048 0.269158 -0.132352 -0.0357014 0.855451 -0.156113 -0.138337 -0.1515 -0.119265 -0.137897 0.248061 -0.13174 -0.0771374 -0.0838369 0.0292379 0.237342 0.730105 -0.260622 -0.16257 -0.115219 -0.0154127 -0.0576248 -0.103186 -0.227172 -0.087021 -0.217112 -0.0489926 -0.148042 -0.0643132
internal_weight=2216 2192 1006 981 96 48 1186 885 864 95 769 79 690 442 43 1166 1127 1107 956 932 56 399 75 351 201 117 43 84 876 645 341 320 299 304 133 45 74 270 190
internal_count=2216 2192 1006 981 96 48 1186 885 864 95 769 79 690 442 43 1166 1127 1107 956 932 56 399 75 351 201 117 43 84 876 645 341 320 299 304 133 45 74 270 190
is_linear=0
shrinkage=0.05


Tree=12
num_leaves=40
num_cat=0
split_feature=30 31 0 4 9 14 5 22 5 30 24 33 33 24 28 21 33 15 20 30 15 15 29 14 24 33 11 7 3 5 29 23 26 33 30 14 20 16 18
split_gain=30717.8 11750.1 27973.5 88948.6 14112.4 62593.8 59850.8 14577.8 14077.7 9390.36 3949.19 5403.09 7007.25 18401.9 4854.82 8945.44 5985.97 9368.9 31666.4 9470.18 3601.35 8028.6 12017.9 2634.77 3246.57 2395.78 2583.91 2116.87 1859.88 1755.33 2118.78 1725.59 7517.88 1645.69 3737.66 1623.93 1515.08 1433.67 2818.65
threshold=-2.4608415365219112 -0.74593421816825856 -0.66076958179473866 -0.81157422065734852 1.2217946052551272 1.5510139465332033 0.068988487124443068 -1.6769025325775144 3.3049092292785649 1.158700227737427 0.68737670779228222 -0.047458624467253678 -0.047462873160839074 -0.66599541902542103 -0.44768442213535303 -0.53193402290344227 -0.047476394101977341 -0.19662933796644208 -0.27517691254615778 -0.18065495789051053 0.053082352504134185 0.2545489519834519 0.04523908160626889 0.054596081376075752 -0.067145887762308107 -0.047472553327679627 0.098078642040491118 0.57722875475883495 -0.45464384555816645 -0.13407536596059796 -0.1960262060165405 -0.35094870626926417 -0.47881220281124109 -0.047488616779446595 -0.16912008821964261 0.068150136619806304 1.5671526193618777 -1.4022930264472959 -1.3406347036361692
decision_type=2 2 2 2 2 2 2 2 2 2 2 2 2 2 2 2 2 2 2 2 2 2 2 2 2 2 2 2 2 2 2 2 2 2 2 2 2 2 2
left_child=-1 23 3 -3 7 6 -6 -4 9 10 11 12 14 -14 27 -16 20 18 -18 -19 -17 22 -22 24 31 26 -21 -9 -5 30 -7 32 33 34 -2 -27 -25 -13 -39
right_child=1 2 4 28 5 29 -8 8 -10 -11 -12 37 13 -15 15 16 17 19 -20 25 21 -23 -24 36 -26 35 -28 -29 -30 -31 -32 -33 -34 -35 -36 -37 -38 38 -40
leaf_value=1.7085013096149151 0.57308377742767336 3.588539354438367 1.0090044018812478 0.17290808602764801 0.011422782001041231 0.26062236815690992 3.6322198199033737 -0.29516611981111612 1.1556858490342679 0.95692676930200493 -0.32702076669428604 -0.48585479694311734 1.4686515501251929 -0.33061828225851064 1.0640450382232667 -0.38300955002238091 -0.18716485112002401 0.89493694970240956 2.3341976177692412 0.47588998233830487 -0.11054482181866965 -0.2024119997420061 1.4717750078532845 -0.38430470689330426 0.41708538887592461 -0.46093062998955708 -0.17512203165463039 0.23157076154436385 -0.38535236716270449 -0.60702880693204486 -0.40833325591580627 -0.36322155843178433 0.62994608311883871 -0.29555215586538186 -0.26763063661563091 -0.045333811985328792 -0.037793972685530385 0.31176602218462079 -0.27661024667112172
leaf_weight=26 20 23 32 37 21 20 25 208 23 21 179 61 27 30 20 111 33 26 20 27 30 162 20 214 26 57 35 21 25 33 29 81 31 146 39 40 37 23 177
leaf_count=26 20 23 32 37 21 20 25 208 23 21 179 61 27 30 20 111 33 26 20 27 30 162 20 214 26 57 35 21 25 33 29 81 31 146 39 40 37 23 177
internal_value=1.73028e-09 -0.0202836 0.0503719 0.932943 0.000723554 0.503002 1.97925 -0.0457635 -0.0707469 -0.0919878 -0.108841 -0.0742186 -0.0141777 0.521667 -0.0518853 0.0249647 -0.0120792 0.17819 0.764293 0.0102796 -0.152278 -0.0314698 0.522383 -0.210125 -0.120044 -0.134381 0.108383 -0.246863 -0.0521969 -0.325136 -0.13529 -0.164098 -0.0957551 -0.205495 0.0173573 -0.28955 -0.333225 -0.273665 -0.208947
internal_weight=2216 2190 1596 85 1511 128 46 1383 1351 1328 1307 1128 867 57 810 581 561 238 53 185 323 212 50 594 343 159 62 229 62 82 49 317 236 205 59 97 251 261 200
internal_count=2216 2190 1596 85 1511 128 46 1383 1351 1328 1307 1128 867 57 810 581 561 238 53 185 323 212 50 594 343 159 62 229 62 82 49 317 236 205 59 97 251 261 200
is_linear=0
shrinkage=0.05


Tree=13
num_leaves=40
num_cat=0
split_feature=29 31 0 4 9 14 5 5 22 31 24 30 28 22 29 29 5 22 30 30 7 28 19 13 14 24 23 26 5 5 30 30 28 9 31 0 5 29 5
split_gain=28802 11535.1 24186.4 74697 12508.3 56490.9 54015.3 12776.6 14393 6755.03 20672.1 4661.02 4312.31 7053.58 5130.91 23257.2 8105.32 5926.37 5205.85 4285.64 7388.38 11320.3 2947.27 2567.24 3171.34 2500.49 2440.41 5685.37 2438.84 2959.58 2311.22 2278.4 1798.7 1619.34 1612.31 3030.74 1584.19 1912.2 1507.67
threshold=3.2934920787811284 -0.74593421816825856 -0.66076958179473866 -0.81157422065734852 1.2217946052551272 1.5510139465332033 0.068988487124443068 3.5429087877273564 -1.6769025325775144 -0.57379686832427967 -0.058149090036749833 0.51504388451576244 -0.7546834647655486 0.48771651089191442 -0.44785918295383448 -0.52172148227691639 0.47402445971965795 0.42736293375492101 -0.5895777940750121 0.098575331270694747 -0.55014747381210316 -0.44768442213535303 0.19644626975059512 -1.2982046604156492 0.054596081376075752 -0.074052050709724412 -0.35094870626926417 -0.47881220281124109 0.30262109637260443 -0.08385527133941649 0.83155819773674022 -0.29523576796054835 0.4051686972379685 -0.61022239923477162 0.021316821686923507 0.51938891410827648 -0.13407536596059796 -0.1960262060165405 1.1476287245750429
decision_type=2 2 2 2 2 2 2 2 2 2 2 2 2 2 2 2 2 2 2 2 2 2 2 2 2 2 2 2 2 2 2 2 2 2 2 2 2 2 2
left_child=1 23 3 -3 7 6 -6 8 -4 10 -10 12 -11 14 15 16 -14 18 -16 22 21 -21 -20 -1 25 26 27 31 29 -13 -30 -25 -5 -33 -22 -36 37 -7 -15
right_child=-2 2 4 32 5 36 -8 -9 9 11 -12 28 13 38 17 -17 -18 -19 19 20 34 -23 -24 24 -26 -27 -28 -29 30 -31 -32 33 -34 -35 35 -37 -38 -39 -40
leaf_value=-0.60875406418297739 1.72270667552948 3.2356709149976575 0.9904180251061917 -0.26361362079256462 0.010851652707372393 0.24759122729301453 3.4506086970567704 1.2156400394439697 -0.33806186653673653 -0.26744535698162186 1.3641685959792906 -0.35045761918437851 -0.3452802697166068 -0.18754060829512811 0.65327025697781493 1.6245719914989813 0.72369942593574521 0.84402958437800413 -0.31493913482460711 -0.34286431026729675 -0.27039615262861122 1.0893638852480296 0.23649856746196748 0.213368161304577 -0.31181438550502061 0.38677532717033669 -0.35113529273308819 0.59844879200381618 -0.36092390285080511 0.31754297524690633 -1.0700819683074951 -0.31092503822482792 0.28928829707826176 0.12007962619816814 0.42482310415190816 -0.14427555536230405 -0.57667736754272925 -0.3879165920717963 -0.509561636925421
leaf_weight=37 24 24 32 38 21 20 25 20 42 225 31 97 61 209 26 28 25 20 180 22 73 37 28 37 250 27 80 31 27 20 20 113 24 27 34 75 33 29 44
leaf_count=37 24 24 32 38 21 20 25 20 42 225 31 97 61 209 26 28 25 20 180 22 73 37 28 37 250 27 80 31 27 20 20 113 24 27 34 75 33 29 44
internal_value=-2.78829e-10 -0.0188618 0.0517146 0.867229 0.00508282 0.477852 1.88028 -0.0388957 -0.0573991 -0.082724 0.384803 -0.110006 -0.072518 -0.0216379 0.0705497 0.372968 -0.0345304 0.000901783 -0.0345983 -0.0744304 0.0690782 0.555313 -0.240707 -0.205268 -0.178845 -0.0733134 -0.116447 -0.0261819 -0.358476 -0.236269 -0.662693 -0.135581 -0.0495871 -0.227803 -0.0885473 0.0332415 -0.308879 -0.128526 -0.243544
internal_weight=2216 2192 1590 86 1504 128 46 1376 1356 1324 73 1251 1087 862 609 114 86 495 475 449 241 59 208 602 565 315 288 208 164 117 47 177 62 140 182 109 82 49 253
internal_count=2216 2192 1590 86 1504 128 46 1376 1356 1324 73 1251 1087 862 609 114 86 495 475 449 241 59 208 602 565 315 288 208 164 117 47 177 62 140 182 109 82 49 253
is_linear=0
shrinkage=0.05


Tree=14
num_leaves=40
num_cat=0
split_feature=30 23 23 4 4 4 22 30 30 18 18 26 9 10 21 27 4 3 0 27 27 7 7 21 16 15 16 30 26 18 5 14 9 28 22 17 7 26 30
split_gain=26952.5 9718.66 76658.8 31619.2 54756.3 11802.5 10518.6 8703.6 6291.89 4353.57 21218 5067.81 6263.7 15269.1 27418.6 15594.8 5853.81 8426.29 6561.99 4013.39 8032.69 3916.39 6695.7 4182.9 6291.46 2901.37 2811.72 2018.07 3110.76 6794.55 1652.75 1598.41 1541.3 1498.72 2143.8 5037.6 1432.31 2387.72 1427.64
threshold=-2.4608415365219112 1.0580972433090212 1.1383608579635622 0.58816099166870128 1.1426454782485964 2.1403487920761113 -1.6769025325775144 1.3463437557220461 1.0567454695701601 0.36480028927326208 0.33750607073307043 -0.96746560931205738 -0.26567928493022913 -0.40775510668754572 -0.64897304773330677 0.50214657187461864 -1.0322614908218382 0.8902902901172639 -1.1007801890373228 1.3749015927314761 1.8008155822753908 0.10770492255687715 0.14599382877349856 -0.0067854186054319135 1.0000000180025095e-35 1.8629074692726137 0.2345492094755173 0.08492045104503633 -0.56669974327087391 -0.59442287683486927 0.33974029123783117 -0.76226675510406483 -0.79221186041831959 -0.93786162137985218 -1.4895985722541807 -1.3745294809341428 -0.41199788451194758 -0.35743106901645655 0.23403161019086841
decision_type=2 2 2 2 2 2 2 2 2 2 2 2 2 2 2 2 2 2 2 2 2 2 2 2 2 2 2 2 2 2 2 2 2 2 2 2 2 2 2
left_child=-1 5 -3 30 -5 6 -2 8 9 10 11 33 13 16 -15 36 17 18 -13 27 -21 -14 -23 -24 -25 -11 -26 31 29 32 38 -18 -29 34 -8 -36 -16 -38 -4
right_child=1 2 3 4 -6 -7 7 -9 -10 25 -12 12 21 14 15 -17 19 -19 -20 20 -22 22 23 24 26 -27 -28 28 -30 -31 -32 -33 -34 -35 35 -37 37 -39 -40
leaf_value=1.6003698348999025 0.7763238562684921 2.9606139160692693 -0.42843751744925984 2.9623781534758482 -0.14319491695612671 1.1215784881796156 -0.35067904111604364 0.92570070766267321 -0.95851002335548408 -0.18608373414404863 1.373512876721529 0.69759069457650191 -0.29060555759389872 2.2857647088915107 -0.47431447713271435 1.2115421830117703 -0.1009597037682089 1.2306096953153611 -0.35846340342571864 1.0186218289126243 -0.36432648386274069 0.87017383784055713 -0.29651182994938796 0.83422083687782289 -0.37795036544020361 -0.73866225409507758 0.21868271306157114 0.053297875677385642 -0.37873025213678679 0.71981189433605453 -0.67209222281680392 -0.42405458245802363 -0.45382122130229557 -0.41533984401442042 0.67649108001164038 -0.20795032412245656 -0.40685768812894829 0.31394007760617471 -0.10271144646113035
leaf_weight=26 36 24 75 22 40 21 86 21 21 477 26 24 244 20 23 30 59 20 38 21 21 20 113 25 39 25 40 31 48 31 34 109 29 99 21 69 20 27 61
leaf_count=26 36 24 75 22 40 21 86 21 21 477 26 24 244 20 23 30 59 20 38 21 21 20 113 25 39 25 40 31 48 31 34 109 29 99 21 69 20 27 61
internal_value=1.20454e-09 -0.0189998 0.270507 -0.00777942 0.958783 -0.0573214 -0.0702628 -0.0864999 -0.0979526 -0.0881043 -0.0408423 -0.0689779 -0.0181539 0.0969374 0.595763 0.257763 -0.0419468 0.338204 0.0503317 -0.131266 0.327148 -0.149994 -0.00523036 -0.0859128 0.142911 -0.213603 -0.0758577 -0.193981 -0.0530465 0.118743 -0.36029 -0.310587 -0.19181 -0.259707 -0.172163 -0.00158066 -0.151 0.00721762 -0.28234
internal_weight=2216 2190 256 232 62 1934 1913 1877 1856 1835 1333 1307 1032 551 120 100 431 82 62 349 42 481 237 217 104 502 79 307 139 91 170 168 60 275 176 90 70 47 136
internal_count=2216 2190 256 232 62 1934 1913 1877 1856 1835 1333 1307 1032 551 120 100 431 82 62 349 42 481 237 217 104 502 79 307 139 91 170 168 60 275 176 90 70 47 136
is_linear=0
shrinkage=0.05


Tree=15
num_leaves=40
num_cat=0
split_feature=29 21 19 5 30 16 5 5 24 12 31 4 3 27 4 30 2 20 19 3 30 0 29 29 4 33 5 27 27 10 30 9 28 11 18 20 28 3 5
split_gain=25037.6 11509.3 36440 13117.9 37396.6 18241.7 12465.5 10046.4 11627.2 5144.33 3317.39 10548.6 5722.62 5490.07 7201.76 4799.37 3408.75 3298.56 12484.6 5088.98 4293.64 3536.15 4116.76 3139.61 1930.17 2242.63 2611.47 1529.33 3435.46 3221.32 1200.68 2121.41 1103.55 7131.55 1096.57 1057.17 1199.9 988.408 1193.23
threshold=3.2934920787811284 -1.6710991859436033 -1.5992504954338072 -0.35242359340190882 1.0098809599876406 1.840181350708008 -0.32840529084205622 3.3049092292785649 1.5304850935935976 1.0579511523246767 1.0000000180025095e-35 -1.0371792912483213 -0.82257151603698719 0.17511215806007388 1.7450786828994753 0.020251503214240078 2.2576968073844914 -0.10507600754499434 1.0000000180025095e-35 -0.41743767261505121 -0.017276935279369351 0.86638915538787853 -0.28949162364006037 -0.88827767968177784 -0.26139283180236811 -0.047474030405282967 0.31572198867797857 0.064031258225440993 -0.013289313763380049 -0.32054285705089564 0.38225501775741583 0.37274707853794103 -0.14348310977220533 0.43428628146648413 0.96812066435813915 -0.29294894635677332 0.026401240378618244 0.023524343967437748 -0.41356109082698816
decision_type=2 2 2 2 2 2 2 2 2 2 2 2 2 2 2 2 2 2 2 2 2 2 2 2 2 2 2 2 2 2 2 2 2 2 2 2 2 2 2
left_child=1 -1 -3 10 5 6 -5 8 9 17 16 -12 13 35 15 -15 27 23 -19 -20 21 22 -21 -8 25 -25 -27 28 32 -30 -22 -32 -4 -34 -14 -13 -37 38 -29
right_child=-2 2 3 4 -6 -7 7 -9 -10 -11 11 12 34 14 -16 -17 -18 18 19 20 30 -23 -24 24 -26 26 -28 37 29 -31 31 -33 33 -35 -36 36 -38 -39 -40
leaf_value=-0.82753659382809053 1.6061862727006275 2.0230995199897075 -0.23410522110050042 1.1458112432931862 2.1153451484182608 1.1581721950221706 0.39125604343414311 1.0427746545184744 0.95942835743938171 -0.62288085803752991 1.0623423218727113 -0.33734062155087791 -0.31090809167763656 -0.32052438656489057 1.3004709681868554 0.72821598351001748 0.28493449107596747 0.92030557299915117 0.53310781717300415 -0.025154332816600802 -0.32191150314278077 -0.21495701629540018 0.95569668962903642 -0.22895130762085319 -0.31029393491778701 -0.098849697585435631 0.50450266345307748 -0.27639678944857976 0.7507765262201429 -0.10842028899739187 -0.30802585834171625 0.32151560005934343 0.56023516052073852 -0.28975121702584955 -0.010411658118429937 0.31820507842031392 -0.15569410556927324 -0.57710906338691714 0.088604547580083223
leaf_weight=43 24 22 299 24 23 37 25 22 28 41 22 30 151 24 20 20 38 38 34 20 135 29 23 100 168 47 29 334 20 24 32 23 34 90 38 22 34 25 24
leaf_count=43 24 22 299 24 23 37 25 22 28 41 22 30 151 24 20 20 38 38 34 20 135 29 23 100 168 47 29 334 20 24 32 23 34 90 38 22 34 25 24
internal_value=2.24758e-09 -0.017586 -0.00137943 -0.022319 0.12578 0.0722593 0.023141 -0.0107936 -0.0408176 -0.0784612 -0.126427 0.00137566 -0.0674776 0.163119 0.513768 0.156176 -0.178383 -0.0467099 0.0671301 -0.0423992 -0.117083 0.211725 0.499487 -0.149752 -0.189069 -0.0733551 0.131377 -0.199096 -0.138359 0.282124 -0.241684 -0.0447631 -0.182097 -0.0566904 -0.250491 -0.0978291 0.0304806 -0.273153 -0.251927
internal_weight=2216 2192 2149 2127 878 855 818 794 772 744 1249 361 339 150 64 44 888 703 334 296 262 72 43 369 344 176 76 850 467 44 190 55 423 124 189 86 56 383 358
internal_count=2216 2192 2149 2127 878 855 818 794 772 744 1249 361 339 150 64 44 888 703 334 296 262 72 43 369 344 176 76 850 467 44 190 55 423 124 189 86 56 383 358
is_linear=0
shrinkage=0.05


Tree=16
num_leaves=40
num_cat=0
split_feature=30 8 22 30 33 5 15 7 24 17 31 4 30 9 7 11 5 6 6 14 27 28 29 19 4 8 13 12 5 16 27 8 22 30 29 5 20 19 33
split_gain=24418.8 9999.93 35975 13269.8 71946.2 8322.02 33159.3 9540.36 47198.8 69330.4 7113.25 7409.94 15120.3 22253.7 5680.5 16755 56683.8 6235.54 9861.61 5125.98 10168.9 4962.04 3571.45 3125.76 3396.81 2933.21 7961.32 7112.15 2821.94 2746.68 3096.14 2373.69 2016.79 1723.88 1721.18 1259.6 1175.65 2867.25 1127.85
threshold=-2.4608415365219112 -1.2785375714302061 -1.6634678840637205 1.0098809599876406 -0.047479992732405656 -0.096956163644790636 1.8629074692726137 1.1276233196258547 0.9187980890274049 0.72464904189109813 0.97795489430427562 0.1197384111583233 0.13834507763385775 -0.36709570884704584 -0.35899424552917475 -0.46645146608352656 -0.38735930621623987 2.2832190990448002 3.1649718284606938 0.15047965198755267 0.1107570491731167 -1.3693305850028989 1.1304740905761721 -0.58301496505737294 -1.0224258303642271 -0.63483852148056019 -0.57643339037895192 -0.6477123200893401 2.941359400749207 0.059406541287899024 -0.099173549562692628 1.2154778838157656 0.19179907441139224 -0.11439772695302962 0.20255824923515323 -0.28473563492298121 -0.063091794028878198 0.013033793773502113 -0.047455744817852967
decision_type=2 2 2 2 2 2 2 2 2 2 2 2 2 2 2 2 2 2 2 2 2 2 2 2 2 2 2 2 2 2 2 2 2 2 2 2 2 2 2
left_child=-1 21 -3 5 -5 14 7 8 10 -10 11 19 13 -13 15 22 29 35 -19 23 32 -2 25 24 -7 33 27 -27 -12 30 -17 -9 -21 34 38 36 -16 -38 -4
right_child=1 2 3 4 -6 6 -8 31 9 -11 28 12 -14 -15 17 16 -18 18 -20 20 -22 -23 -24 -25 -26 26 -28 -29 -30 -31 -32 -33 -34 -35 -36 -37 37 -39 -40
leaf_value=1.5232916318453276 -1.1808177538863991 2.113617572784424 -0.087497756391763701 3.0454045628197495 -1.0550240371538246 0.62944632083177565 1.978685678606448 -0.10189500331878663 3.8555764910578731 -0.13042667930324872 -0.22429312662522594 -0.14032024241983893 -0.26546717256307606 2.0781248265734087 -0.30618935408423376 -0.1498451578617096 2.9931000620033594 1.2164366724528373 -0.31762305037541827 0.31381931602954866 1.201967910061712 -0.31704494550824169 0.39621126507267812 -0.34535600523153942 -0.10392166940371195 -0.0058248595396677661 -0.35520739991147565 1.1489597508062921 -0.84798367335682823 -0.49091191121510103 0.62122427976649741 -0.76631089972286692 -0.33883597681234623 -0.315330522714173 0.20006003952943363 -0.38928830981191798 0.29631324302066459 -0.18373006755534244 -0.53176535010337833
leaf_weight=26 23 20 50 20 23 20 23 20 20 24 133 20 35 26 169 30 20 20 22 20 23 60 33 105 75 30 53 24 21 21 23 41 29 191 39 89 33 542 20
leaf_count=26 23 20 50 20 23 20 23 20 20 24 133 20 35 26 169 30 20 20 22 20 23 60 33 105 75 30 53 24 21 21 23 41 29 191 39 89 33 542 20
internal_value=-7.23708e-10 -0.0180847 0.00312099 -0.0171042 0.852152 -0.0353909 0.114893 0.0448486 0.110534 1.68139 -0.0257935 0.0979074 0.517697 1.11358 -0.10312 0.0253913 0.631337 -0.181549 0.412882 -0.0271036 0.334658 -0.556404 -0.104061 -0.157338 0.0504716 -0.144623 0.0801336 0.507413 -0.309342 -0.00697765 0.18477 -0.54847 -0.0724461 -0.224787 -0.0661271 -0.21152 -0.190255 -0.15618 -0.214431
internal_weight=2216 2190 2107 2087 43 2044 635 612 551 44 507 353 81 46 1409 534 94 875 42 272 72 83 440 200 95 407 107 54 154 74 53 61 49 300 109 833 744 575 70
internal_count=2216 2190 2107 2087 43 2044 635 612 551 44 507 353 81 46 1409 534 94 875 42 272 72 83 440 200 95 407 107 54 154 74 53 61 49 300 109 833 744 575 70
is_linear=0
shrinkage=0.05


Tree=17
num_leaves=40
num_cat=0
split_feature=29 21 19 5 30 16 5 0 24 11 0 4 20 13 3 31 4 3 27 22 21 2 0 33 7 30 27 27 9 33 3 16 29 6 6 28 11 5 18
split_gain=22515.5 11136.9 31783.5 11186.1 34094.1 14829.5 10884.4 9820.22 9869.95 5108.37 3456.72 12242.7 5498.58 18883.1 5382.4 3040.81 9485.68 5119.47 5070.64 6846.86 13512.4 3116.76 1978.43 2894.26 1887.95 1455.96 1687.6 3520.29 2383.66 1249.76 1243.74 1947.97 1847.38 1068.57 1453.03 1035.08 6240.65 1028.85 1005.43
threshold=3.2934920787811284 -1.6710991859436033 -1.5992504954338072 -0.35242359340190882 1.0098809599876406 1.840181350708008 -0.32840529084205622 2.7512800693511967 1.5304850935935976 1.1336319446563723 0.86638915538787853 0.40312792360782629 -0.10507600754499434 -0.18263299018144605 -0.42432770133018488 1.0000000180025095e-35 -1.0371792912483213 -0.82257151603698719 0.17511215806007388 -0.42892540991306299 0.39730425179004675 2.2576968073844914 -0.086251690983772264 -0.047480942681431763 0.59595096111297619 0.83155819773674022 0.064031258225440993 -0.013289313763380049 -0.28858751058578486 -0.047479422762989991 1.14246541261673 -0.56093078851699818 0.66201218962669384 0.72375559806823742 0.064991626888513579 -0.14348310977220533 0.3163351714611054 2.5832682847976689 0.96812066435813915
decision_type=2 2 2 2 2 2 2 2 2 2 2 2 2 2 2 2 2 2 2 2 2 2 2 2 2 2 2 2 2 2 2 2 2 2 2 2 2 2 2
left_child=1 -1 -3 15 5 6 -5 8 9 10 11 12 30 -14 -15 21 -17 18 33 -20 -21 25 -16 -24 37 26 27 35 -29 -25 32 -32 -8 34 -18 -4 -37 -12 -19
right_child=-2 2 3 4 -6 -7 7 -9 -10 -11 24 -13 13 14 22 16 17 38 19 20 -22 -23 23 29 -26 -27 -28 28 -30 -31 31 -33 -34 -35 -36 36 -38 -39 -40
leaf_value=-0.81341369813957876 1.5231432020664215 1.889977252483368 -0.20527474356947806 1.0701392893989883 2.0161549858424972 1.044464515995335 -0.276112587092401 1.0562135188352495 0.86533906644788283 -0.6319264072638292 -0.25395971260243849 1.0554414136542214 1.2955337339831938 0.54345426685882348 -0.367240293239328 1.0120262761007657 -0.1552853121477015 -0.29031329166748571 -0.24429860682714555 1.7231103639033709 -0.050058914933885847 0.27685902855898203 0.52363384574651717 -0.48119547225180126 0.17883899458076644 -0.53416024816447294 -0.25301758436420502 0.72212333381175997 -0.032082760604945103 -0.018732067259649435 0.39685638355599212 -0.28494729697704319 0.12052115885650411 -0.32098916657269005 0.38180797457695009 0.67289656639099127 -0.21305270022184578 -0.63240988368079787 -0.0025756328513747771
leaf_weight=43 24 22 288 24 23 37 215 21 29 39 124 27 31 33 66 22 34 151 21 22 21 38 20 21 23 29 369 20 22 48 22 20 34 32 20 25 97 21 38
leaf_count=43 24 22 288 24 23 37 215 21 29 39 124 27 31 33 66 22 34 151 21 22 21 38 20 21 23 29 369 20 22 48 22 20 34 32 20 25 97 21 38
internal_value=7.58948e-10 -0.0166767 -0.000734596 -0.0202906 0.11647 0.0653671 0.0210803 -0.0106293 -0.0396121 -0.0748858 -0.0440708 0.0178556 -0.0370755 0.152174 -0.0363587 -0.116428 0.00593109 -0.0593612 0.158745 0.495733 0.857144 -0.166171 -0.159803 -0.00597267 -0.242014 -0.185977 -0.173678 -0.108907 0.327063 -0.159482 -0.1795 0.072188 -0.221954 -0.0920371 0.0436381 -0.153568 -0.0315057 -0.30877 -0.232461
internal_weight=2216 2192 2149 2127 878 855 818 794 773 744 705 537 510 219 188 1249 361 339 150 64 43 888 155 89 168 850 821 452 42 69 291 42 249 86 54 410 122 145 189
internal_count=2216 2192 2149 2127 878 855 818 794 773 744 705 537 510 219 188 1249 361 339 150 64 43 888 155 89 168 850 821 452 42 69 291 42 249 86 54 410 122 145 189
is_linear=0
shrinkage=0.05


Tree=18
num_leaves=40
num_cat=0
split_feature=30 27 28 30 6 4 17 33 8 21 25 24 30 10 15 29 21 25 31 30 5 23 20 20 27 27 15 18 18 8 8 27 5 22 14 13 30 6 8
split_gain=22149.2 9321.02 51202 21696 18493.4 9840.44 9148.84 7604.79 6225.91 5023.92 23333.8 3639.37 10482.8 19632.7 13826 4158.84 3460.23 7110.92 2845.22 2816.87 2787.27 2589.45 4077.66 20921.7 5144.18 4246.83 3702.35 2084.27 8813.29 2504.87 6487.05 2029.17 1824.5 1804.13 1767.11 2719.52 1601.55 4942.43 1577.53
threshold=-2.4608415365219112 0.25011114776134497 1.6180556416511538 1.0098809599876406 2.872025847434998 2.1053092479705815 -1.578935921192169 -0.04742735251784324 0.95140758156776439 0.63795420527458202 0.5718405842781068 -0.26160989701747889 0.12425576522946359 -0.37865266203880305 -0.60947853326797474 0.62293955683708202 1.0000000180025095e-35 0.02248369995504618 0.69531184434890758 1.0567454695701601 -0.22905685007572171 -0.96705266833305348 0.13133033365011218 0.042302111163735397 0.54337596893310558 0.62084874510765087 -0.64853414893150318 0.36480028927326208 0.309879019856453 0.27343381941318518 0.46871942281723028 1.3749015927314761 0.09737375378608705 0.21679680049419406 0.010865379124879839 0.062517158687114729 -0.022778732702136036 -0.4392834603786468 1.0467331409454348
decision_type=2 2 2 2 2 2 2 2 2 2 2 2 2 2 2 2 2 2 2 2 2 2 2 2 2 2 2 2 2 2 2 2 2 2 2 2 2 2 2
left_child=-1 2 3 4 5 6 -2 9 19 10 11 12 15 14 -14 18 -13 -18 -8 21 -10 -3 23 24 -23 -26 -27 28 29 -19 -31 -28 -11 -32 -24 -36 37 -37 -34
right_child=1 8 -4 -5 -6 -7 7 -9 20 32 -12 16 13 -15 -16 -17 17 27 -20 -21 -22 22 34 -25 25 26 31 -29 -30 30 33 -33 38 -35 35 36 -38 -39 -40
leaf_value=1.4507747980264518 -0.75172553658485419 -0.32433032745252488 2.3014529588222508 1.3264783178606343 1.1232870790788105 0.98417410280393514 -0.24067470930831536 0.84768499781688067 -0.34742132365703582 -0.16599433299981886 1.6487347165743511 -0.25093366949762586 -0.17479560529137705 1.4487491777965003 1.2485070318693208 0.40688063958111931 0.88583250201883779 -0.35829662228784254 0.35658202117139642 -0.69480530364172799 -1.1821772027015687 -0.35711371977591799 -0.29629434902021812 1.6020025224912737 0.8142671958357095 0.64097544312477117 -0.25828627185388048 -0.25005089244246487 0.8652172176926225 0.81691223191363482 -0.44929636030486136 0.25625076696828558 -0.23937220025706935 0.14353989965858913 0.46568382552691867 0.67909861874012722 -0.22414282082601358 -0.38184711492579915 -0.71116115906659294
leaf_weight=26 46 115 25 31 35 23 213 24 20 180 21 264 91 35 21 34 21 62 22 21 20 84 159 21 20 20 66 100 27 21 33 27 37 21 21 21 131 23 34
leaf_count=26 46 115 25 31 35 23 213 24 20 180 21 264 91 35 21 34 21 62 22 21 20 84 159 21 20 20 66 100 27 21 33 27 37 21 21 21 131 23 34
internal_value=2.29178e-09 -0.0172238 0.0586594 0.0184948 -0.0112103 -0.0410655 -0.0591072 -0.0338412 -0.157445 -0.0509444 -0.000104437 -0.0359859 0.0755613 0.415092 0.0920736 -0.109981 -0.12051 0.000303798 -0.184761 -0.12412 -0.764799 -0.107193 -0.0650832 0.0950472 -0.0507872 0.142682 0.0238176 -0.070136 0.0395682 -0.123151 0.0712362 -0.108905 -0.250658 -0.218749 -0.172438 -0.0719631 -0.136481 0.124513 -0.465299
internal_weight=2216 2190 1421 1396 1365 1330 1307 1261 769 1237 986 965 416 147 112 269 549 285 235 729 40 708 593 238 217 133 113 264 164 137 75 93 251 54 355 196 175 44 71
internal_count=2216 2190 1421 1396 1365 1330 1307 1261 769 1237 986 965 416 147 112 269 549 285 235 729 40 708 593 238 217 133 113 264 164 137 75 93 251 54 355 196 175 44 71
is_linear=0
shrinkage=0.05


Tree=19
num_leaves=40
num_cat=0
split_feature=30 8 22 5 30 16 5 24 4 28 11 3 3 5 0 4 27 27 31 30 29 30 33 4 4 30 6 22 15 5 33 6 22 4 0 7 18 18 33
split_gain=19989.7 9218.56 32197.1 10342.8 32704.5 13533.8 10020.7 8424.45 8971.19 4410.2 4368.94 3381.95 8536.63 3191.58 4662.82 13174.2 3929.51 9083.55 4582.28 4154.98 14722.3 2771.59 2846.07 4819.14 13124.1 7910.96 3525.1 3390.07 4760.23 2234.28 1851.12 1710.62 2076.34 2834.85 5238.13 1680.97 1540.58 6005.05 1857.48
threshold=-2.4608415365219112 -1.2785375714302061 -1.6634678840637205 -0.35242359340190882 1.0098809599876406 1.840181350708008 -0.32840529084205622 1.5304850935935976 1.949168384075165 -1.3693305850028989 1.1336319446563723 -0.62551662325859059 -0.57039636373519886 -0.17556152492761609 0.86638915538787853 0.40312792360782629 0.78191867470741283 0.48457282781600958 -0.62698334455490101 0.12425576522946359 -0.333697959780693 0.56768128275871288 -0.047476824373006814 1.9706838726997378 1.7844213247299197 0.2988771945238114 0.95694646239280712 -0.78114119172096241 -0.44541171193122858 -0.57513877749443043 -0.047482512891292565 -0.23815640062093732 0.51057514548301708 -0.56506836414337147 -0.43468284606933588 0.59595096111297619 0.054797286167740829 -0.1100424863398075 -0.047487670555710786
decision_type=2 2 2 2 2 2 2 2 2 2 2 2 2 2 2 2 2 2 2 2 2 2 2 2 2 2 2 2 2 2 2 2 2 2 2 2 2 2 2
left_child=-1 9 -3 21 5 6 -5 8 10 -2 11 -8 -13 -14 15 16 17 18 -15 -20 -21 22 31 24 25 26 27 29 -29 -24 -22 32 33 36 -35 -16 37 38 -4
right_child=1 2 3 4 -6 -7 7 -9 -10 -11 -12 12 13 14 35 -17 -18 -19 19 20 30 -23 23 -25 -26 -27 -28 28 -30 -31 -32 -33 -34 34 -36 -37 -38 -39 -40
leaf_value=1.3782361800854024 -1.121892335622207 2.0006030327081681 0.024649294075511752 1.0532185456837 2.0200881524519487 1.0024488345996754 -0.42516248205390117 0.83070258909258365 1.007170286849141 -0.30756546941896284 -0.58107752540172675 0.98555944888364699 -0.31480524378983926 0.73698470309376729 -0.28234852425914875 1.2913760239427741 -0.35390999776843407 0.92753098924954736 -0.25827468205397291 1.3599743474452268 0.33748922061175107 -0.33302136252243675 0.046686614487164962 -0.22457263750850032 1.3445499319583178 0.98395132452249534 -0.48385282120643525 0.98078959889709949 -0.063664777142306173 -0.55266773648883993 -0.19900596116828484 -0.22698483922925858 -0.22446146439995221 0.73102288506925106 -0.3004787436500192 0.17911428266569326 -0.25987139703019668 0.65728634178638456 -0.30786284016711374
leaf_weight=26 23 20 105 23 22 37 52 29 20 60 39 21 90 20 139 22 56 30 121 21 20 124 48 106 22 20 39 20 24 23 82 302 159 32 20 23 76 30 70
leaf_count=26 23 20 105 23 22 37 52 29 20 60 39 21 90 20 139 22 56 30 121 21 20 124 48 106 22 20 39 20 24 23 82 302 159 32 20 23 76 30 70
internal_value=2.25562e-09 -0.0163626 0.00399778 -0.015136 0.116902 0.0673513 0.0245313 -0.00560863 -0.0376894 -0.533222 -0.0660823 -0.0372662 -0.00599393 -0.0393635 0.00705925 0.10456 0.0299605 0.103079 0.00939096 -0.0502479 0.154396 -0.108969 -0.0836203 0.0470252 0.19391 0.0484265 -0.0730703 0.0662386 0.411087 -0.14747 -0.0938108 -0.133312 -0.0758132 -0.00483694 0.334291 -0.216832 -0.0675938 0.0036896 -0.108356
internal_weight=2216 2190 2107 2087 867 845 808 785 756 83 736 697 645 624 534 372 350 294 264 244 123 1220 1096 302 196 174 154 115 44 71 102 794 492 333 52 162 281 205 175
internal_count=2216 2190 2107 2087 867 845 808 785 756 83 736 697 645 624 534 372 350 294 264 244 123 1220 1096 302 196 174 154 115 44 71 102 794 492 333 52 162 281 205 175
is_linear=0
shrinkage=0.05


Tree=20
num_leaves=40
num_cat=0
split_feature=29 22 19 3 31 27 7 5 13 5 30 23 29 29 6 29 9 31 30 33 9 9 12 13 5 5 24 18 29 28 17 33 29 18 27 24 14 7 29
split_gain=19565.8 11149 28164.1 9644.6 72938.5 130043 23817.5 62156.6 22180.1 10806 10789.5 5595.3 3195.03 10698.8 3152.11 4148.96 9484.35 5004.65 2478.37 3370.23 4526.39 10189.1 4794.54 4489.99 3479.96 2145.21 7069.1 2076.18 1915.4 3281.53 8627.33 14756 2711.8 2262.36 2337.2 1614.28 1566.29 4571.54 5647.92
threshold=3.2934920787811284 -1.6923955082893369 -1.5992504954338072 -0.27481402456760401 -0.57379686832427967 -0.19872929900884626 1.6315463185310366 0.12139206379652025 1.4338148832321169 3.179359078407288 0.95535138249397289 0.89250150322914135 -0.55690127611160267 -0.51274108886718739 -0.098241925239562974 -0.41597388684749598 0.46836832165718084 1.0000000180025095e-35 -0.058842945843935006 -0.047462342306971543 -0.26567928493022913 -0.4739317893981933 0.11038151755928995 0.54764944314956676 -0.49434994161128992 -0.11660750955343245 0.1912660747766495 1.420276999473572 0.24387346208095553 -0.40526863932609553 -0.1020272634923458 -0.047467187047004693 -0.26970542967319483 0.96812066435813915 -0.3254187256097793 1.0496073365211489 -0.33215774595737452 -0.66309869289398182 -0.11553847417235373
decision_type=2 2 2 2 2 2 2 2 2 2 2 2 2 2 2 2 2 2 2 2 2 2 2 2 2 2 2 2 2 2 2 2 2 2 2 2 2 2 2
left_child=1 -1 -3 12 5 -5 8 -8 9 10 11 18 -4 -14 15 16 -15 25 19 20 21 -6 -22 -24 -21 36 -27 35 29 -20 31 -31 -32 34 -34 -13 37 -17 -39
right_child=-2 2 3 4 6 -7 7 -9 -10 -11 -12 27 13 14 -16 17 -18 -19 28 24 22 -23 23 -25 -26 26 -28 -29 -30 30 32 -33 33 -35 -36 -37 -38 38 -40
leaf_value=-0.81271853177959841 1.4198696633179984 1.780208622257818 -0.33445560058850488 5.061194161772729 0.071090699425515005 -0.4515610535507617 3.1690125124156476 -0.77296008944511418 1.5959957233071327 0.95726437518994012 -1.2378371210325332 -0.56982895731925964 0.96029275755087529 0.96410530031969144 -0.25744855660245797 -0.2223824811020288 -0.34062422926609337 0.46862223454211888 -0.30206066336938919 0.4259457440248558 -0.30245541567895928 1.4933575084805488 0.93438185772725524 -0.11240967378020286 -0.30018565770867589 -0.20068893777611466 0.90644698483603348 -0.9248160140854973 -0.28267227452799432 1.4572307109832765 -0.34541114668704964 -0.2116412205276666 0.37090915766629307 0.39520347705110909 -0.21023344953119022 -0.0098066790537400684 -0.21845099164941217 -0.15813943206925285 0.65247159515108377
leaf_weight=43 24 22 144 20 34 23 20 20 20 24 21 31 24 30 261 145 26 38 98 21 51 20 21 20 77 46 21 21 124 26 76 27 22 32 81 22 354 44 42
leaf_count=43 24 22 144 20 34 23 20 20 20 24 21 31 24 30 261 145 26 38 98 21 51 20 21 20 77 46 21 21 124 26 76 27 22 32 81 22 354 44 42
internal_value=5.66277e-10 -0.015546 0.000404852 -0.018004 0.100281 2.11251 0.00509272 1.19803 -0.0498179 -0.0885886 -0.119013 -0.0897904 -0.11384 -0.0830264 -0.107892 -0.0555673 0.358338 -0.0891596 -0.0477943 0.082227 0.234471 0.597856 0.0211804 0.423752 -0.144586 -0.121668 0.146324 -0.504075 -0.113073 -0.0549776 0.0367426 0.607051 -0.10651 0.0279822 -0.0861059 -0.337367 -0.152361 -0.0510813 0.23774
internal_weight=2216 2192 2149 2127 952 43 909 40 869 849 825 804 1175 1031 1007 746 56 690 730 244 146 54 92 41 98 652 67 74 486 362 264 53 211 135 103 53 585 231 86
internal_count=2216 2192 2149 2127 952 43 909 40 869 849 825 804 1175 1031 1007 746 56 690 730 244 146 54 92 41 98 652 67 74 486 362 264 53 211 135 103 53 585 231 86
is_linear=0
shrinkage=0.05


Tree=21
num_leaves=40
num_cat=0
split_feature=30 22 28 27 5 13 22 5 5 30 5 27 27 7 30 30 16 16 3 5 33 30 16 9 10 7 6 6 16 21 8 7 4 6 4 28 17 18 18
split_gain=18187.1 8441.85 9119.79 16244.8 10369.7 39725.4 99540.4 59665.9 16661.6 8141.54 5204.95 4970.28 4065.34 8887.44 3849.24 10233.5 3616.27 7151.36 7756.16 3559.54 3195.36 2947.63 2450.11 4348.15 8579.12 9533.91 2769.3 7484.14 2009.94 3908.53 1668.86 1563.49 1388.33 1256.5 1717.84 2331.85 5024.45 2325.7 6527.48
threshold=-2.4608415365219112 -1.6769025325775144 -1.3013150095939634 -1.1976896524429319 -0.30438698828220362 0.89478415250778209 0.64222413301467907 0.11047465354204179 -0.26945126056671137 0.9120679795742036 2.941359400749207 0.78191867470741283 0.50214657187461864 -0.30974212288856501 -0.15280977636575696 -0.10449956357479094 -0.14921985566616056 -0.061096316203474992 -0.14528142660856244 -0.36989144980907435 -0.04742735251784324 -0.84001702070236195 -0.86362808942794789 -0.49795934557914728 -0.57133969664573658 -0.53461477160453785 2.3458890914916997 3.2509608268737797 -0.65469375252723683 -0.72021713852882374 -1.2546208500862119 0.56310248374938976 -1.0298025608062742 -0.40721972286701197 -0.54416760802268971 0.89954209327697765 0.23283192515373233 0.054797286167740829 -0.095215529203414903
decision_type=2 2 2 2 2 2 2 2 2 2 2 2 2 2 2 2 2 2 2 2 2 2 2 2 2 2 2 2 2 2 2 2 2 2 2 2 2 2 2
left_child=-1 -2 30 -4 19 8 -7 -8 -6 10 11 12 14 -14 -10 -16 -17 -18 -19 20 21 -5 32 24 28 -26 33 -28 29 -24 -3 -20 -23 34 37 36 -36 38 -25
right_child=1 2 3 4 5 6 7 -9 9 -11 -12 -13 13 -15 15 16 17 18 31 -21 -22 22 23 26 25 -27 27 -29 -30 -31 -32 -33 -34 -35 35 -37 -38 -39 -40
leaf_value=1.314626932144165 0.74373601617084617 -0.8579698221250015 1.2889621267716089 0.50397081851959225 1.18420469308341 3.5670876976102592 1.9417516140732916 -0.70250641479651676 -0.29345894140559575 -0.98742801199356711 -0.72692410636831217 -0.32072403614127309 1.2281621027187528 -0.14976430368423463 1.0342302422110852 -0.19669577716426417 1.0395454907417299 0.82450193006258743 -0.21708449950069189 -0.41976633395479868 0.52481263166382197 -0.50314138348285975 -0.14986718638289362 -0.17739412692539835 1.5587153097987176 0.050359142910350457 0.96229773037135602 -0.38917781611283625 -0.1936129879356287 0.74666551202535636 -0.37217089028822053 0.18933265709107924 -0.18672388916691909 -0.209876972323252 -0.22245738670229911 -0.23440774060212652 0.85059240842238071 -0.25219820146161465 0.81343413713303492
leaf_weight=26 36 22 24 20 27 28 32 64 86 24 27 109 22 25 26 132 20 26 100 86 21 52 31 68 20 22 20 21 87 20 90 31 104 413 20 26 24 162 22
leaf_count=26 36 22 24 20 27 28 32 64 86 24 27 109 22 25 26 132 20 26 100 86 21 52 31 68 20 22 20 21 87 20 90 31 104 413 20 26 24 162 22
internal_value=-2.46061e-09 -0.0156074 -0.0282984 -0.00420376 -0.0195833 0.123359 0.943985 0.178913 -0.0319964 -0.0842853 -0.0483989 -0.0166481 0.054173 0.495223 0.00493467 0.0815372 0.00137534 0.149089 0.0356555 -0.109456 -0.0863102 -0.0976473 -0.108468 -0.078487 0.142918 0.768624 -0.129844 0.270079 -0.0475138 0.201714 -0.467596 -0.120909 -0.292196 -0.152152 -0.0781146 0.141007 0.362843 -0.138982 0.0648083
internal_weight=2216 2190 2154 2042 2018 779 124 96 655 628 604 577 468 47 421 335 309 177 157 1239 1153 1132 1112 956 180 42 776 41 138 51 112 131 156 735 322 70 44 252 90
internal_count=2216 2190 2154 2042 2018 779 124 96 655 628 604 577 468 47 421 335 309 177 157 1239 1153 1132 1112 956 180 42 776 41 138 51 112 131 156 735 322 70 44 252 90
is_linear=0
shrinkage=0.05


Tree=22
num_leaves=40
num_cat=0
split_feature=29 21 19 3 31 29 7 5 13 0 30 23 30 5 5 29 29 6 2 15 3 22 19 8 3 7 29 20 16 0 28 29 4 18 8 7 15 5 6
split_gain=17424.3 11412.8 25497 8389.82 65335.2 118734 21756.7 55009.1 19423.4 9480.78 9049.59 4617.38 2945.2 2903.16 15340.3 2859.21 9488.24 2836.2 2691.76 3008.12 2624.88 2596.52 9360.58 3071.27 5773.77 2209.67 1861.81 2782.18 14788.2 3271.44 5093.88 2002.04 4804.12 1580.45 4022.41 1560.37 2058.69 1487.9 2700.55
threshold=3.2934920787811284 -1.6710991859436033 -1.5992504954338072 -0.27481402456760401 -0.57379686832427967 -0.028919111937284466 1.6315463185310366 0.12139206379652025 1.4338148832321169 2.9056415557861333 0.95535138249397289 0.89250150322914135 1.0567454695701601 1.1148765087127688 0.82119813561439525 -0.55690127611160267 -0.51274108886718739 0.7208407223224641 2.2576968073844914 -0.63112536072731007 0.34597781300544744 0.11408206075429918 0.22916152328252795 -0.47374610602855677 1.461473882198334 0.49783511459827429 -0.11553847417235373 0.46179112792015081 0.28491924703121191 -0.0066562783904373637 -0.33410783112049097 -0.4286902099847793 -0.63883569836616505 0.96812066435813915 0.55667725205421459 -0.17776853591203687 0.089277103543281569 -0.57513877749443043 -0.23815640062093732
decision_type=2 2 2 2 2 2 2 2 2 2 2 2 2 2 2 2 2 2 2 2 2 2 2 2 2 2 2 2 2 2 2 2 2 2 2 2 2 2 2
left_child=1 -1 -3 12 5 -5 8 -8 9 10 11 13 15 14 21 -4 -17 18 26 -20 -13 23 -23 24 -6 -15 31 28 29 37 -31 32 -18 -24 -35 -25 -37 38 -28
right_child=-2 2 3 4 6 -7 7 -9 -10 -11 -12 20 -14 25 -16 16 17 -19 19 -21 -22 22 33 35 -26 -27 27 -29 -30 30 -32 -33 -34 34 -36 36 -38 -39 -40
leaf_value=-0.82121857589240688 1.3399144957462947 1.6949039174751803 -0.30375003694993008 -0.45130775493124259 -0.13592312566226458 4.8162925067543982 2.998544401675463 -0.70986074924469 1.4918489369750025 0.96458653098060987 -1.1358871709732783 -0.018954480687777202 -0.6785078398206017 -0.31644799504571292 1.0874765480718305 0.9174083858728409 0.60540370386838915 -0.32687077106287088 -0.08100715676943461 0.77580376476049429 -0.64922420697040728 0.99312140274047855 -0.14236228102042031 -0.47742776750628635 0.57302506739894554 0.23602367376997357 0.20820672010674196 -0.18798733601379677 1.2569635311762493 -0.15378353013878776 0.96118251122534282 -0.23243547257340375 -0.36534119649575308 0.62935718510013361 -0.2419726484351688 -0.29645852861114041 0.21728725777222563 -0.21822725446714508 -0.19275402327303787
leaf_weight=43 24 22 143 23 142 20 20 20 20 21 21 24 22 131 31 24 25 111 21 20 53 25 120 67 36 21 85 169 24 21 20 257 26 26 27 78 26 124 83
leaf_count=43 24 22 143 23 142 20 20 20 20 21 21 24 22 131 31 24 25 111 21 20 53 25 120 67 36 21 85 169 24 21 20 257 26 26 27 78 26 124 83
internal_value=1.23271e-09 -0.0146706 0.00146787 -0.0160477 0.0942745 1.99874 0.00418436 1.14434 -0.048297 -0.0845784 -0.111188 -0.0845226 -0.105432 -0.0456794 0.00545367 -0.0944975 -0.0648706 -0.0887801 -0.0585766 0.336949 -0.452777 -0.0558676 0.0887605 -0.13792 0.00745965 -0.24012 -0.0780209 -0.020855 0.0582637 -0.0281291 0.390102 -0.175648 0.110514 -0.0419274 0.185472 -0.289251 -0.168022 -0.0868534 0.010113
internal_weight=2216 2192 2149 2127 952 43 909 40 869 849 828 807 1175 730 578 1153 1010 986 875 41 77 547 198 349 178 152 834 526 357 333 41 308 51 173 53 171 104 292 168
internal_count=2216 2192 2149 2127 952 43 909 40 869 849 828 807 1175 730 578 1153 1010 986 875 41 77 547 198 349 178 152 834 526 357 333 41 308 51 173 53 171 104 292 168
is_linear=0
shrinkage=0.05


Tree=23
num_leaves=40
num_cat=0
split_feature=28 30 16 5 5 30 7 27 27 4 30 3 15 5 5 7 7 20 3 5 26 8 9 33 3 31 29 3 29 4 14 16 5 8 4 8 26 8 7
split_gain=16636.9 54856.1 21966.7 9368.68 25349.7 25932 12128.1 52276.4 12852.5 72707.9 10848.6 17533.7 9765.16 4638.39 20221.4 2793.62 4420.62 10965.3 5768.19 3698.67 2812.25 2898.88 8574.97 2272.66 2210.91 7273.61 2874.36 1867.02 1693.91 1620.69 1589.92 1679.5 1497.92 1442.13 1406.84 1387.6 1327.44 1300.33 6844.13
threshold=-1.5452485680580137 -0.18787831068038938 -1.5581622719764707 -0.43976289033889765 -0.42447850108146662 1.0098809599876406 1.6315463185310366 -0.5767020285129546 -0.59109649062156666 0.70803293585777294 0.25510999560356146 0.20955519378185275 1.8629074692726137 1.1148765087127688 0.82119813561439525 -0.9620099365711211 -0.36946609616279596 -0.08484467118978499 1.14246541261673 -0.33823095262050623 -0.024835522286593911 0.55667725205421459 0.39516223967075353 -0.04742735251784324 -0.82257151603698719 0.67931991815567028 1.0929369330406191 -0.36025041341781611 -0.10804389789700507 1.8600328564643862 0.17558212578296664 0.059406541287899024 -0.5795057713985442 -0.6151132583618163 -0.81157422065734852 0.65904909372329723 1.2057062387466433 -0.68401947617530812 -0.55014747381210316
decision_type=2 2 2 2 2 2 2 2 2 2 2 2 2 2 2 2 2 2 2 2 2 2 2 2 2 2 2 2 2 2 2 2 2 2 2 2 2 2 2
left_child=1 -1 27 23 -5 6 8 -8 9 10 35 -12 13 14 15 19 17 18 33 -10 28 22 30 24 25 26 32 -2 -18 -15 31 -22 37 -17 -21 -6 -23 -4 -39
right_child=2 -3 3 4 5 -7 7 -9 12 -11 11 -13 -14 29 -16 16 20 -19 -20 34 21 36 -24 -25 -26 -27 -28 -29 -30 -31 -32 -33 -34 -35 -36 -37 -38 38 -40
leaf_value=2.9033612570166589 -0.65861545298780722 -0.60984719026088718 -0.26168321854831866 1.835020766087941 -0.3675297546933623 1.7040657520294191 -0.68142955112457282 2.7481762218475345 -0.89432827288454231 2.7224722934620722 1.5155648837089539 -0.47065712049603459 -1.1287445902824402 -0.2373630187405712 1.1889191971105688 -0.0037411047611385587 -0.45032235247707819 1.2681044079008557 0.77636524900084458 0.19433656845773972 -0.25687329441308976 -0.363536559388278 0.85451085383613268 0.38548618567486609 -0.20235157666133025 0.84267441806468091 0.50788905441761023 -1.1870281748473646 -0.0035212894965862408 -0.70930747467847111 -0.2884350862067479 0.3272056102170609 0.30399193174459715 -0.4192329110637788 -0.32332089832850869 0.033465026319026946 0.10401609867811204 0.58405471444129942 -0.13319082793095566
leaf_weight=20 35 25 122 21 94 24 25 20 22 28 25 20 22 136 34 64 79 21 21 21 20 63 31 24 382 22 20 32 29 21 52 32 22 31 35 28 20 36 437
leaf_count=20 35 25 122 21 94 24 25 20 22 28 25 20 22 136 34 64 79 21 21 21 20 63 31 24 382 22 20 32 29 21 52 32 22 31 35 28 20 36 437
internal_value=-2.57841e-09 0.951579 -0.0197241 0.00865751 0.115478 0.0800058 0.0407931 0.84284 0.00276139 0.364587 -0.0307473 0.6328 -0.0908141 -0.0596195 0.00614842 -0.0681847 -0.0215497 0.216775 0.0264484 -0.345005 -0.121705 -0.0183402 0.124625 -0.0955549 -0.106645 -0.0511674 -0.0820379 -0.910992 -0.330348 -0.300489 -0.0929376 0.10256 -0.10116 -0.139323 -0.129199 -0.275498 -0.250873 -0.116141 -0.0786013
internal_weight=2216 45 2171 2104 1039 1018 994 45 949 195 167 45 754 732 575 541 463 137 116 78 326 218 135 1065 1041 659 637 67 108 157 104 52 617 95 56 122 83 595 473
internal_count=2216 45 2171 2104 1039 1018 994 45 949 195 167 45 754 732 575 541 463 137 116 78 326 218 135 1065 1041 659 637 67 108 157 104 52 617 95 56 122 83 595 473
is_linear=0
shrinkage=0.05


Tree=24
num_leaves=40
num_cat=0
split_feature=30 22 28 27 30 33 5 15 24 12 5 29 30 28 26 7 0 0 29 3 28 21 5 3 6 30 29 22 21 15 5 18 33 29 10 14 15 28 4
split_gain=17130.5 8092.77 8915.42 14400.8 9011.91 59563.3 8238.82 25640.1 11992.6 7638.59 10522.8 4047 7426.53 4019 2779 6083.25 2746.11 13347.1 2719.96 5697.81 3250.02 7045.34 4244.28 2979.13 4068.62 5837.81 2059.21 2644.84 7488.7 2033.38 1640.94 1605.54 1593.23 1391.01 1337.07 1773.08 5810.28 1304.67 1269.59
threshold=-2.4608415365219112 -1.6769025325775144 -1.3013150095939634 -1.1976896524429319 1.0098809599876406 -0.047478357329964631 -0.096956163644790636 1.8629074692726137 1.4063044190406802 1.1007702946662905 3.179359078407288 -0.4286902099847793 0.11389412730932237 -0.4313263595104217 0.12476687505841257 0.36879800260066992 -0.50318855047225941 -0.75091812014579762 -0.11553847417235373 1.461473882198334 -0.41530318558216089 -0.55546247959136952 -0.32840529084205622 -0.82257151603698719 -0.25273083150386805 0.10730672627687456 -0.048883771523833268 -0.11874374747276305 0.15361145883798602 -0.018072939477860924 -0.36115752160549158 -1.5755656361579893 -0.047488721087574952 -0.15099124610424039 0.15616223961114886 -0.59157502651214589 -0.59217041730880726 0.11806720122694971 -0.89087411761283863
decision_type=2 2 2 2 2 2 2 2 2 2 2 2 2 2 2 2 2 2 2 2 2 2 2 2 2 2 2 2 2 2 2 2 2 2 2 2 2 2 2
left_child=-1 -2 31 -4 6 -6 14 8 9 10 11 12 13 -8 15 18 17 -13 34 20 32 -22 23 24 25 -23 27 -18 -29 -26 -16 -3 -20 -30 35 36 -5 -15 -34
right_child=1 2 3 4 5 -7 7 -9 -10 -11 -12 16 -14 37 30 -17 26 -19 19 -21 21 22 -24 -25 29 -27 -28 28 33 -31 -32 -33 38 -35 -36 -37 -38 -39 -40
leaf_value=1.2758667395665098 0.72833062940173687 -0.83431446759597128 1.2138112055758636 -0.27667894241355712 2.7341426128149031 -0.8659306746942026 0.51590968625886102 1.7570911511130956 1.1734649046607639 -0.78167882212277118 1.1485454599062601 -0.422043065627416 1.0594567442312837 -0.53486931263690907 -0.14961655082822981 0.75889758338098945 -0.22681285898434 1.1789024587558663 0.18015168706576032 0.66506253045893482 0.92394108636223748 1.1010907462611794 0.69339945256710056 -0.30860232878953986 0.10448092251623933 -0.10698710501194 -0.22147669660222091 1.0483473529294134 -0.18768263669574964 -0.44617623021205272 -0.38040642659787255 -0.36568351148554451 -0.44316762202218468 0.28070186221081278 0.20504099982125418 -0.32955625690519813 0.43801974096359353 0.0047797694802284244 -0.14943291031275735
leaf_weight=26 36 23 24 105 20 27 28 23 23 29 21 30 24 21 473 23 64 23 27 31 23 20 20 78 38 20 196 20 51 30 92 89 51 23 21 148 39 24 132
leaf_count=26 36 23 24 105 20 27 28 23 23 29 21 30 24 21 473 23 64 23 27 31 23 20 20 78 38 20 196 20 51 30 92 89 51 23 21 148 39 24 132
internal_value=-2.17613e-09 -0.0151473 -0.0275731 -0.00374994 -0.0182304 0.666015 -0.0345467 0.11998 0.0547221 0.00827607 0.0519117 0.0062186 0.296442 0.0455881 -0.102173 -0.0425723 -0.0629502 0.272707 -0.0661149 0.00993416 -0.0363278 0.0939507 0.00128189 -0.0731394 0.0969172 0.497052 -0.113204 0.0211092 0.189907 -0.138456 -0.187196 -0.46192 -0.178393 -0.0421037 -0.18031 -0.208023 -0.0831147 -0.247056 -0.231293
internal_weight=2216 2190 2154 2042 2018 47 1971 600 577 554 525 504 97 73 1371 806 407 53 783 470 439 229 206 186 108 40 354 158 94 68 565 112 210 74 313 292 144 45 183
internal_count=2216 2190 2154 2042 2018 47 1971 600 577 554 525 504 97 73 1371 806 407 53 783 470 439 229 206 186 108 40 354 158 94 68 565 112 210 74 313 292 144 45 183
is_linear=0
shrinkage=0.05


Tree=25
num_leaves=40
num_cat=0
split_feature=29 22 19 15 15 0 30 33 7 8 5 29 29 27 27 31 5 22 5 33 11 8 11 30 3 15 30 30 27 8 33 33 5 29 29 3 14 30 5
split_gain=15846.6 10724.9 23337.5 8109.14 33316.2 7300.19 6874.91 57505.4 4353.79 28120.2 4250.27 3400.7 19912.2 17208.3 5504.13 14495.7 3301.23 2415.05 2394.02 4263.68 2247.92 1803.65 4865.9 2340.87 7880.74 1718.41 1679.59 3431.64 1301.65 1185.17 1162.06 3467.48 2969.7 2086.21 11102.9 3694.83 4771.52 1405.83 1236.89
threshold=3.2934920787811284 -1.6923955082893369 -1.5992504954338072 2.1951055526733403 1.8629074692726137 2.9056415557861333 1.0098809599876406 -0.04748056270182132 1.1276233196258547 1.1794789433479311 -0.36334100365638727 -0.52172148227691639 -0.44785918295383448 -0.17711103707551953 -1.1777949333190916 0.012691985815763475 -0.068570896983146654 1.7436421513557436 0.47402445971965795 -0.047468002885580056 0.67084914445877086 0.37150499224662786 0.34234187006950384 -0.55049610137939442 0.47482140362262731 1.0349448323249819 -0.34459145367145533 -0.29523576796054835 -0.91746291518211354 1.2336158156394961 -0.047476824373006814 -0.047475587576627724 0.76551932096481334 0.15625484287738803 0.23150058090686801 -0.26861298084259028 -0.79764407873153675 0.74469712376594555 -0.34696488082408899
decision_type=2 2 2 2 2 2 2 2 2 2 2 2 2 2 2 2 2 2 2 2 2 2 2 2 2 2 2 2 2 2 2 2 2 2 2 2 2 2 2
left_child=1 -1 -3 4 5 6 8 -8 9 11 -5 18 13 -13 15 -14 -10 20 -4 -20 21 23 -23 24 -16 -24 -25 -28 -29 -18 32 -32 37 -33 -35 36 -36 38 -30
right_child=-2 2 3 10 -6 -7 7 -9 16 -11 -12 12 14 -15 17 -17 29 -19 19 -21 -22 22 25 26 -26 -27 27 28 30 -31 31 33 -34 34 35 -37 -38 -39 -40
leaf_value=-0.79585227605908415 1.2778126060962678 1.6217899479649285 -0.30600627910706307 -0.25841329316882528 1.601766524836421 0.90325370005198902 2.6137700903415682 -0.87127598935160155 -0.13042136620631259 1.7512330662120474 -1.1503245267001065 0.036720850065466951 1.4770264233648778 1.6896485654096449 -0.16301622449287348 -0.40383525050821761 -0.27891898214817051 0.44597746601158922 -0.35334803128242492 0.60105110054666344 -0.27365887354573476 0.79482542208649898 -0.13337257144194614 -0.33712382967982979 0.8769438703302983 0.37550145841780164 0.46194740571081638 -0.43545329482959849 -0.13293236828687779 -0.75233156375395949 0.60101581215858468 -0.17012811564657856 0.43270679509097881 0.89287106042558495 0.82847993046045298 -0.28848647661138288 -0.23859934078698811 0.18461683435099466 -0.31215589310973885
leaf_weight=43 24 22 186 34 32 21 20 29 113 22 22 32 20 31 56 21 20 22 25 22 138 22 79 70 27 21 28 28 371 39 21 199 22 33 20 101 22 28 130
leaf_count=43 24 22 186 34 32 21 20 29 113 22 22 32 20 31 56 21 20 22 25 22 138 22 79 70 27 21 28 28 371 39 21 199 22 33 20 101 22 28 130
internal_value=9.19177e-10 -0.0139906 0.00165386 -0.0151035 0.000950246 -0.0241729 -0.033824 0.551192 -0.0483826 -0.0253803 -0.608807 -0.0474003 -0.0204979 0.850066 -0.0575807 0.513658 -0.288703 -0.0738678 -0.225441 0.093392 -0.0819445 -0.061243 0.1216 -0.0805396 0.175284 -0.026509 -0.100328 -0.0838023 -0.0994751 -0.591853 -0.0895412 -0.0242074 -0.136496 -0.0592199 0.066182 -0.124592 0.269534 -0.160168 -0.179437
internal_weight=2216 2192 2149 2127 2071 2039 2018 49 1969 1797 56 1775 1542 63 1479 41 172 1438 233 47 1416 1278 122 1156 83 100 1073 1003 975 59 947 396 551 375 176 143 42 529 501
internal_count=2216 2192 2149 2127 2071 2039 2018 49 1969 1797 56 1775 1542 63 1479 41 172 1438 233 47 1416 1278 122 1156 83 100 1073 1003 975 59 947 396 551 375 176 143 42 529 501
is_linear=0
shrinkage=0.05


Tree=26
num_leaves=40
num_cat=0
split_feature=27 16 3 31 29 7 5 13 5 30 23 33 30 18 23 30 27 29 29 29 31 4 19 17 30 33 9 29 7 5 7 29 7 9 5 29 29 15 9
split_gain=15895.7 14592 8273.02 113591 189197 17904.1 48681.4 17379.6 10853.7 9401.62 5431.36 4997.25 4554.21 4008.21 2935.69 2752.42 4178.23 2659.35 2482.29 8736.98 2880.66 3451.13 2209.21 13439.3 2721.23 4436.28 2047.98 1973.82 6953.2 1725.46 1569.65 1538.59 1862.95 2958.65 2567.83 4799.81 2153.56 1468.85 1348.12
threshold=-2.1934885978698726 -1.5581622719764707 -0.27481402456760401 -0.57379686832427967 -0.0043747618328779927 1.6315463185310366 0.12139206379652025 1.4338148832321169 3.3049092292785649 0.95535138249397289 0.89250150322914135 -0.047436958178877824 1.0567454695701601 -1.4155634045600889 -1.369966387748718 -0.55049610137939442 -0.094435125589370714 -0.88827767968177784 -0.55690127611160267 -0.51274108886718739 0.50143270194530498 1.4715248346328738 -0.16315869987010953 -0.1020272634923458 -0.017276935279369351 -0.047480421140789979 0.4064467996358872 -0.41597388684749598 0.44319847226142889 -0.086038753390312181 1.0559886097908022 -0.11553847417235373 -1.1554817557334898 -1.0740126967430113 -0.092589199542999254 0.23150058090686801 -0.091077558696269975 1.1937422156333926 -0.5374011993408202
decision_type=2 2 2 2 2 2 2 2 2 2 2 2 2 2 2 2 2 2 2 2 2 2 2 2 2 2 2 2 2 2 2 2 2 2 2 2 2 2 2
left_child=-1 14 11 4 -4 7 -7 8 9 10 13 12 18 -5 -2 16 -15 -17 -3 -20 21 27 38 -24 25 -25 -27 28 -21 -12 -31 -29 -33 -34 36 -36 -35 -26 -19
right_child=1 2 3 5 -6 6 -8 -9 -10 -11 29 -13 -14 15 -16 17 -18 22 19 20 -22 -23 23 24 37 26 -28 31 -30 30 -32 32 33 34 35 -37 -38 -39 -40
leaf_value=1.057106422356197 -0.51302484973617224 -0.28996036854463031 -0.400566536684831 -0.60526598345848825 6.1840902829170226 2.7700921392440798 -0.71851183295249943 1.4008909213170408 1.0607971167564392 -1.1377598892558705 -0.15635522350668907 0.57323384742651673 -0.85073050200939182 -0.18242530450224878 -1.3209214681928809 0.51599858522415165 0.73836567508322859 -0.072562989603590075 0.88019841313362124 0.66838887539426128 -0.37896058067872929 0.57315760283243089 1.1046374949125144 0.81914106801152231 -0.19908793322441035 -0.19794582693278792 0.39044752475761235 -0.1981151192244397 -0.3689592511455218 -0.38494963479042055 -0.94524467551708224 -0.38770225208840875 0.54238957545974043 0.40838800523252722 -0.18471944487613182 0.86080604223977952 -0.11022070882554716 0.1786162768458498 -0.30091604302607239
leaf_weight=35 23 136 24 31 20 20 20 20 20 22 25 28 20 22 22 20 28 135 24 35 77 21 26 20 229 50 21 256 30 25 25 38 22 21 23 21 428 29 124
leaf_count=35 23 136 24 31 20 20 20 20 20 22 25 28 20 22 22 20 28 135 24 35 77 21 26 20 229 50 21 256 30 25 25 38 22 21 23 21 428 29 124
internal_value=3.98912e-10 -0.0169641 0.00180764 0.111131 2.59246 -0.00858206 1.02579 -0.0560303 -0.0902304 -0.117899 -0.0901994 -0.0867629 -0.102805 -0.0488405 -0.907997 -0.0243388 0.333218 -0.0516749 -0.0895903 -0.0622305 -0.0855004 -0.0602529 -0.0695826 0.00798464 -0.0737144 0.161373 -0.023914 -0.0754722 0.189613 -0.495517 -0.665097 -0.0967707 -0.0498554 -0.0249269 -0.0502433 0.314281 -0.0859651 -0.156633 -0.18189
internal_weight=2216 2181 2136 956 44 912 40 872 852 832 810 1180 1152 735 45 704 50 654 1132 996 972 895 634 375 349 91 71 874 65 75 50 809 553 515 493 44 449 258 259
internal_count=2216 2181 2136 956 44 912 40 872 852 832 810 1180 1152 735 45 704 50 654 1132 996 972 895 634 375 349 91 71 874 65 75 50 809 553 515 493 44 449 258 259
is_linear=0
shrinkage=0.05


Tree=27
num_leaves=40
num_cat=0
split_feature=11 25 30 14 14 7 18 18 30 0 31 30 5 3 6 27 4 31 30 30 17 28 17 3 3 4 5 20 7 5 5 29 2 29 29 29 29 7 30
split_gain=15644.2 72621.4 10973.2 7856.88 46318.5 12996.4 7276.66 122909 6459.07 5183.79 9485.78 4764.17 3933.53 3740.61 3311.52 6781.7 14822.5 5583.87 7883.71 9023.48 8287.82 27075.6 4950.07 6299.17 3849.69 3094.45 2681.79 3103.14 2434.11 2589.03 4261.41 2146.41 2278.78 2117.3 3951.92 2324.78 2458.98 2384.01 2048.41
threshold=-1.3570068478584287 -1.6300981044769285 -1.3757219314575193 1.6449084281921389 1.4663060307502749 1.6315463185310366 0.38747429847717291 0.35629065334796911 1.2409112453460696 0.86638915538787853 0.80689564347267162 -2.4608415365219112 0.78735414147377025 -0.4353517591953277 0.71501097083091747 -1.1777949333190916 -0.56506836414337147 1.0000000180025095e-35 -0.5347447097301482 0.098575331270694747 -0.1020272634923458 -0.22967116534709928 0.2459787651896477 -0.61173656582832325 -0.053644008934497826 -0.096031047403812395 2.856203675270081 0.042302111163735397 0.92996451258659374 -0.092589199542999254 0.082089379429817214 0.98427468538284313 2.2576968073844914 0.35684481263160711 0.45624069869518286 0.063669886440038695 -0.048883771523833268 -0.66309869289398182 -0.037414528429508202
decision_type=2 2 2 2 2 2 2 2 2 2 2 2 2 2 2 2 2 2 2 2 2 2 2 2 2 2 2 2 2 2 2 2 2 2 2 2 2 2 2
left_child=11 -2 -3 4 5 6 7 8 9 10 14 -1 28 -5 15 16 -4 22 -19 -20 21 25 24 -24 31 -21 27 -11 29 -8 -31 32 33 35 -35 36 -17 -38 -36
right_child=1 2 3 13 -6 -7 12 -9 -10 26 -12 -13 -14 -15 -16 17 -18 18 19 20 -22 -23 23 -25 -26 -27 -28 -29 -30 30 -32 -33 -34 34 38 -37 37 -39 -40
leaf_value=-1.3664137753573331 2.7579365049799285 1.0551504005057117 1.5943232978880406 -0.17730042272014546 1.889777744933963 1.1535957516535469 -0.1447053406873475 3.5675525665283203 0.77028140425682068 -0.35759727739496161 1.0627331554889679 -0.45813802679379778 -0.50926303625645408 -0.7612019045899312 -0.32150352039644797 -0.13135233092089665 -0.30761922200520836 1.1215864750742914 -0.24045168840830478 0.50709149952639232 -0.16513252726622993 2.1362010026755542 -0.11391691211611032 0.95766435445596787 -0.39299953848360081 -0.28533026288662638 -0.84605264052748685 0.13334358715733816 -0.36324602855990329 0.76632083166729326 -0.059233029642038873 -0.45369659380332844 0.37114214506642573 0.68197583357493086 0.32963322008197959 -0.34135821871459487 -0.11884223481883174 0.57388605607880494 -0.25907315413157145
leaf_weight=22 24 24 20 64 32 23 322 24 24 128 20 42 83 48 93 232 21 20 109 22 42 23 32 24 126 28 20 43 96 22 54 37 29 24 22 102 23 27 45
leaf_count=22 24 24 20 64 32 23 322 24 24 128 20 42 83 48 93 232 21 20 109 22 42 23 32 24 126 28 20 43 96 22 54 37 29 24 22 102 23 27 45
internal_value=1.9588e-09 0.0229103 -0.00793589 -0.0200623 0.00284826 -0.0279588 -0.0419886 0.0211347 -0.0425734 -0.0574427 -0.0164184 -0.770358 -0.190771 -0.427544 -0.0360215 -0.00968242 0.620158 -0.0363871 0.170436 0.0855116 0.394468 0.71643 -0.106186 0.345332 -0.144095 0.0633353 -0.298218 -0.234144 -0.13726 -0.0827504 0.179743 -0.0861244 -0.05914 -0.0854098 0.13144 -0.136799 -0.0628092 0.255231 -0.0657666
internal_weight=2216 2152 2128 2104 1992 1960 1937 1360 1336 1312 1121 64 577 112 1101 1008 41 967 244 224 115 73 723 56 667 50 191 171 494 398 76 541 504 475 91 384 282 50 67
internal_count=2216 2152 2128 2104 1992 1960 1937 1360 1336 1312 1121 64 577 112 1101 1008 41 967 244 224 115 73 723 56 667 50 191 171 494 398 76 541 504 475 91 384 282 50 67
is_linear=0
shrinkage=0.05


Tree=28
num_leaves=40
num_cat=0
split_feature=30 8 22 27 27 30 21 25 31 27 11 4 16 28 9 27 29 5 10 3 29 20 10 33 9 8 27 14 5 11 2 16 29 29 29 3 9 20 7
split_gain=15895.1 7395.43 21984.2 7580.91 42918.2 34051.7 7461.83 19959.2 11806.5 7820.4 6138.53 5156.97 21543.8 4273.15 3245.35 3051.72 6348.61 13866.3 2981.81 2522.6 2498.35 4070.38 20294.8 3828.18 4078.92 3362.5 2479.72 2424.7 2373.75 2223.63 2202.61 4929.8 1961.08 2074.95 3825.53 2347.39 2059 1858.64 2154.14
threshold=-2.4608415365219112 -1.2785375714302061 -1.6634678840637205 0.25011114776134497 0.21318208426237109 1.0098809599876406 0.60464063286781322 0.5718405842781068 2.26161801815033 0.16876037418842318 0.92895847558975231 -1.0371792912483213 -0.98323765397071827 -1.3693305850028989 -0.51203489303588856 -0.46763706207275385 -0.44785918295383448 0.13340121507644656 -1.0023765563964842 0.92474040389060985 -0.21396912634372708 0.13133033365011218 -0.39035665988922114 -0.047472553327679627 -0.65864154696464527 -0.88515466451644886 0.0077290176413953313 -0.080199372023344026 -0.35242359340190882 0.47236324846744543 1.0000000180025095e-35 0.92965042591094982 0.36456617712974554 -0.048883771523833268 0.11959761381149293 -0.49185001850128168 0.26220460236072546 0.33059500157833105 0.89212873578071605
decision_type=2 2 2 2 2 2 2 2 2 2 2 2 2 2 2 2 2 2 2 2 2 2 2 2 2 2 2 2 2 2 2 2 2 2 2 2 2 2 2
left_child=-1 13 -3 4 5 6 7 8 9 11 18 12 -4 -2 -14 37 17 27 -5 -8 -20 22 23 -22 25 -25 32 -17 -12 -16 -23 -32 33 36 -35 -36 -18 38 -13
right_child=1 2 3 10 -6 -7 19 -9 -10 -11 28 15 14 -15 29 16 26 -19 20 -21 21 30 -24 24 -26 -27 -28 -29 -30 -31 31 -33 -34 34 35 -37 -38 -39 -40
leaf_value=1.2290018998659575 -1.0569800034813259 1.6534741142392158 1.277921496533059 -0.38481499237961891 1.8398601947408737 2.0112072456450689 -0.16604391717585831 1.609782167673111 1.2165065157413484 0.74536978042486945 -0.34461903154850004 -0.20516471262402336 0.47931365296244621 -0.25540620764096578 -0.35089366236505543 -0.3863389881125287 -0.22655662021044498 1.557348711490631 -0.2215317437717238 -0.52821437103337932 -0.29440295900671914 -0.20783032575501734 1.4154525194849288 0.42933662891387936 0.79610819748292372 -0.32989195363862178 -0.31876942172508549 0.36641692101955414 -1.105741310119629 0.20117004252970219 -0.24235769490400952 0.77107272386550907 -0.26426582969725132 0.69577634027227764 -0.38967375701124018 0.31848437047004702 0.2999154470860958 -0.54616000974889511 0.13412983352487737
leaf_weight=26 23 20 37 84 33 21 227 20 20 33 20 313 20 60 76 23 65 20 185 61 78 201 28 25 21 35 81 20 21 24 30 20 52 32 22 25 26 33 55
leaf_count=26 23 20 37 84 33 21 227 20 20 33 20 313 20 60 76 23 65 20 185 61 78 201 28 25 21 35 81 20 21 24 30 20 52 32 22 25 26 33 55
internal_value=1.18018e-09 -0.0145909 0.0036454 -0.0121651 0.0590595 0.0140622 -0.018576 0.0461815 0.0141733 -0.0109539 -0.139665 -0.0379654 0.223118 -0.477529 -0.102113 -0.0914075 0.0129867 0.469675 -0.105172 -0.242754 -0.0674668 -0.00239375 0.174196 -0.0443897 0.196364 -0.0135467 -0.0819683 -0.03622 -0.734462 -0.218398 -0.133957 0.163014 0.00443211 0.0866221 0.274103 -0.0129939 -0.076136 -0.18669 -0.154455
internal_weight=2216 2190 2107 2087 1339 1306 1285 997 977 957 748 924 157 83 120 767 366 63 707 288 623 438 187 159 81 60 303 43 41 100 251 50 222 170 79 47 91 401 368
internal_count=2216 2190 2107 2087 1339 1306 1285 997 977 957 748 924 157 83 120 767 366 63 707 288 623 438 187 159 81 60 303 43 41 100 251 50 222 170 79 47 91 401 368
is_linear=0
shrinkage=0.05


Tree=29
num_leaves=40
num_cat=0
split_feature=9 30 22 27 27 5 13 22 27 5 30 5 27 27 13 5 30 30 33 5 5 29 5 33 33 29 30 2 7 7 14 29 2 0 18 4 30 3 4
split_gain=14814.4 51956.8 9860.46 7791.28 12058.8 9358.38 36350.5 92276.5 53430.1 15300 7155.29 4269.16 4570.34 3415.72 8269.32 3647.37 3956.13 8959.28 6632.71 3206.73 6587.4 11856.9 2684.28 2610.83 8443.38 4343.88 3239 2050.37 1797.68 4770.15 3331.23 1781.45 3829.78 1257.17 1244.82 1188.13 1180.9 1160.82 1545.07
threshold=-1.4307110905647276 -1.5035358667373655 -1.6769025325775144 -1.2386001944541929 -1.1536921858787534 -0.30438698828220362 0.89478415250778209 0.64222413301467907 0.21318208426237109 -0.26945126056671137 0.9120679795742036 2.941359400749207 0.78191867470741283 0.50214657187461864 -0.32651410996913904 -0.096956163644790636 -0.15280977636575696 -0.10449956357479094 -0.04748238064348697 0.41179519891738897 0.85613384842872631 -0.22738069295883176 -0.36552448570728296 -0.047472553327679627 -0.047471266239881509 1.0458561778068545 0.26361173391342169 2.2576968073844914 -0.6964474320411681 -0.5446835160255431 -0.54577186703681935 0.20255824923515323 1.0000000180025095e-35 0.97156241536140453 -1.5650190114974973 0.34226986765861517 0.12581545859575274 0.36389189958572393 0.44861778616905218
decision_type=2 2 2 2 2 2 2 2 2 2 2 2 2 2 2 2 2 2 2 2 2 2 2 2 2 2 2 2 2 2 2 2 2 2 2 2 2 2 2
left_child=-1 -2 -3 34 -5 22 9 -8 35 -7 11 12 13 15 -15 -11 37 -18 -19 -20 21 -21 23 27 -25 26 31 28 -6 30 -30 -26 -33 -31 -4 -9 -22 -17 -39
right_child=1 2 3 4 5 6 7 8 -10 10 -12 -13 -14 14 -16 16 17 18 19 20 36 -23 -24 24 25 -27 -28 -29 29 33 -32 32 -34 -35 -36 -37 -38 38 -40
leaf_value=-1.0680161979049445 2.4332321903922343 0.94057591060797374 -0.76251749511469491 1.0714734242512631 -0.32247168012298982 1.1642211306553623 3.5593278027497806 -0.31652336853742602 2.3576089436357672 -0.28972472327726856 -0.92029314078390601 -0.67939078319072732 -0.30325005027132296 -0.17636558075125019 1.1656790722500194 -0.48226030528545377 1.1394623723897068 0.69249987813987235 -0.27903642614300433 1.521092703342438 -0.35516698460913071 -0.17998093153749195 -0.40099011469578399 1.0213438098806711 -0.089771768766822246 0.68006901413202292 -0.38855259658303115 0.27298877546563743 -0.036811088567430324 -0.12605771685609468 0.83330241590738297 -0.16370939681700503 0.68650130853746782 -0.50182046432291039 -0.34340553589902084 -0.75074787632278772 0.025838903126851571 0.22822632914231647 -0.37829896296773641
leaf_weight=32 22 27 22 26 111 26 26 50 22 81 24 25 109 24 22 30 22 38 78 20 33 21 69 21 99 20 64 32 22 691 22 26 27 23 91 23 53 21 21
leaf_count=32 22 27 22 26 111 26 26 50 22 81 24 25 109 24 22 30 22 38 78 20 33 21 69 21 99 20 64 32 22 691 22 26 27 23 91 23 53 21 21
internal_value=9.9968e-10 0.0156486 -0.00895217 -0.0209603 0.00161976 -0.0123162 0.124441 0.919971 0.197621 -0.0241075 -0.0737804 -0.0398066 -0.0119016 0.0565402 0.465482 0.0115371 0.0839472 0.173244 0.0857669 -0.0267007 0.128277 0.649811 -0.0980261 -0.0799739 0.0605989 -0.0248911 -0.0901652 -0.120071 -0.134545 -0.107025 0.398246 0.0354716 0.269417 -0.138162 -0.425003 -0.453334 -0.120361 -0.244713 -0.0750363
internal_weight=2216 2184 2162 2135 2022 1996 769 121 95 648 622 598 573 464 46 418 337 265 243 205 127 41 1227 1158 257 236 216 901 869 758 44 152 53 714 113 73 86 72 42
internal_count=2216 2184 2162 2135 2022 1996 769 121 95 648 622 598 573 464 46 418 337 265 243 205 127 41 1227 1158 257 236 216 901 869 758 44 152 53 714 113 73 86 72 42
is_linear=0
shrinkage=0.05


Tree=30
num_leaves=40
num_cat=0
split_feature=30 15 15 6 17 27 0 30 30 29 28 5 5 4 5 6 9 29 5 29 18 26 12 29 29 15 28 29 7 10 23 3 3 5 5 5 2 27 29
split_gain=14666.6 7154.49 29637.5 7202.32 11867.9 7405.81 72140.5 50118.7 7689.89 6549.09 27055.9 4266.97 5667.27 12666.4 3369.13 3257.87 1987.68 1814.49 2592.99 2328.14 2438.96 2685.51 4938.58 3484.59 12153.1 2409.71 7350.92 3689.32 1896.63 3103.46 5302.46 1536.73 1449.17 1729.23 1386.15 1361.7 1736.37 1347.01 1340.64
threshold=-2.4608415365219112 2.1951055526733403 1.8629074692726137 4.6428182125091562 -1.578935921192169 -0.58386245369911183 1.4892008900642397 0.75794383883476268 1.0567454695701601 -0.0043747618328779927 -1.2250468134880064 1.4151052832603457 0.82119813561439525 0.48734563589096075 -0.36334100365638727 2.872025847434998 0.26220460236072546 -0.11553847417235373 0.42817132174968725 -0.095500107854604707 -1.3859288692474363 -0.94442710280418385 -0.92192900180816639 0.46461574733257299 0.42881171405315405 -0.19662933796644208 0.026401240378618244 0.063669886440038695 -0.19815319776535031 0.0094286585226655024 -0.028403258882462975 -0.25345492362976069 0.37629395723342901 1.3889035582542422 -0.36989144980907435 -0.28255215287208552 2.2576968073844914 -0.74449238181114186 0.33711639046669012
decision_type=2 2 2 2 2 2 2 2 2 2 2 2 2 2 2 2 2 2 2 2 2 2 2 2 2 2 2 2 2 2 2 2 2 2 2 2 2 2 2
left_child=-1 2 3 4 31 6 7 9 11 32 -11 12 15 -14 -3 17 37 18 35 -19 -21 -22 -23 24 25 26 27 -24 -27 30 -30 -2 33 34 -6 36 -7 -12 -29
right_child=1 14 -4 -5 5 8 -8 -9 -10 10 16 -13 13 -15 -16 -17 -18 19 -20 20 21 22 23 -25 -26 28 -28 38 29 -31 -32 -33 -34 -35 -36 -37 -38 -39 -40
leaf_value=1.180553597670335 -0.47723856660035946 -0.2599296554046519 1.5108250163495542 0.89896584642784938 -0.11087072576614626 -0.13937413343001573 3.1016185665130616 2.4757640712708238 -0.8564073673884075 1.8594342820701144 -0.1448672445381389 -0.33972545226971651 1.0782053661015298 -0.19990271526787962 -1.054024455764077 0.48530362152627537 -0.44588611929705646 0.50842156736623678 0.26242763858575086 0.51951729059219365 -0.28096485149487854 0.64701997055006888 0.40481342108626112 -0.25729110765534996 1.2377202028036118 -0.30895591068871414 1.0402700690738858 -0.32502779194286896 -0.096384376386801418 -0.11845626229522702 0.95465245358645923 -1.0066149707498222 -0.40751359116505176 0.29906450510025023 -0.39393690846607848 -0.30080340500603353 0.31861396919597285 0.37226116314530372 0.14342628277483441
leaf_weight=26 26 34 32 21 162 349 20 20 30 21 34 116 36 42 22 28 33 21 39 20 100 28 38 134 20 79 20 56 30 191 20 29 68 20 59 129 22 20 21
leaf_count=26 26 34 32 21 162 349 20 20 30 21 34 116 36 42 22 28 33 21 39 20 100 28 38 134 20 79 20 56 30 191 20 29 68 20 59 129 22 20 21
internal_value=1.18527e-09 -0.0140157 0.000624065 -0.0223666 -0.0316641 -0.0119906 0.165139 0.0307458 -0.0635827 -0.0865212 0.248645 -0.048128 -0.0243576 0.389993 -0.571895 -0.0483868 -0.140167 -0.0597333 -0.130243 -0.010884 -0.0252901 -0.0400746 -0.00225822 -0.0321101 0.0314147 -0.0216098 0.155546 0.00168092 -0.0963473 -0.0266541 0.32403 -0.756364 -0.203667 -0.14615 -0.18644 -0.160871 -0.112216 0.0466618 -0.197268
internal_weight=2216 2190 2134 2102 2081 2026 457 437 1569 417 108 1539 1423 78 56 1345 87 1317 539 778 757 737 637 609 475 455 135 115 320 241 50 55 309 241 221 500 371 54 77
internal_count=2216 2190 2134 2102 2081 2026 457 437 1569 417 108 1539 1423 78 56 1345 87 1317 539 778 757 737 637 609 475 455 135 115 320 241 50 55 309 241 221 500 371 54 77
is_linear=0
shrinkage=0.05


Tree=31
num_leaves=40
num_cat=0
split_feature=11 25 27 30 28 30 5 13 5 3 0 4 24 30 14 29 29 30 9 19 3 31 7 29 29 29 29 33 33 19 31 28 0 16 4 33 33 6 29
split_gain=14302.2 62376.8 8561.37 14248.5 14484.4 8678.91 9623.92 36521.3 103204 61986.9 5604.86 5723.39 14584.9 5570.22 5012.3 8941.9 3326.89 3061.94 2862.69 2569.46 2440.88 6487.18 2428.84 2777.43 5787.23 2373.6 2313.72 2241.68 3575.18 2067.24 2052.47 3237.81 1951.77 1868.68 1785.27 1743.2 2740.64 1714.78 5608.26
threshold=-1.3570068478584287 -1.6300981044769285 -1.2386001944541929 -1.1101645231246946 -1.2250468134880064 1.2409112453460696 -0.14280929416418073 0.89478415250778209 0.12139206379652025 1.6654188036918642 0.86638915538787853 0.1197384111583233 -0.24674040824174878 -2.4608415365219112 -0.10403063148260115 0.23727176338434222 0.55552455782890331 0.86204820871353161 1.1024599671363833 -0.58301496505737294 -0.82257151603698719 0.67931991815567028 0.9067816734313966 0.24387346208095553 0.19646847248077395 -0.3728205263614654 -0.06245355308055877 -0.047476824373006814 -0.047474576160311692 -0.72336301207542408 0.41464528441429144 -0.40526863932609553 -0.65433043241500843 0.2345492094755173 -1.0359498858451841 -0.047485981136560433 -0.04748678766191005 -0.41304950416088099 0.36456617712974554
decision_type=2 2 2 2 2 2 2 2 2 2 2 2 2 2 2 2 2 2 2 2 2 2 2 2 2 2 2 2 2 2 2 2 2 2 2 2 2 2 2
left_child=13 -2 16 -4 -5 6 17 10 -9 18 11 14 -13 -1 19 25 -3 20 -10 29 21 27 23 24 35 -16 -12 37 -29 -8 31 -30 34 -14 -25 36 -22 38 -6
right_child=1 2 3 4 5 -7 7 8 9 -11 26 12 33 -15 15 -17 -18 -19 -20 -21 22 -23 -24 32 -26 -27 -28 28 30 -31 -32 -33 -34 -35 -36 -37 -38 -39 -40
leaf_value=-1.3810848279432817 2.5566865347325805 -0.30511699588564428 1.344885268136859 1.1538700673315261 -0.083375928262549068 1.0241422545909882 -0.14839992674099187 4.1208281306993397 -0.012689990997314455 2.6582485008239747 -0.092837142979789705 1.2518926230343908 0.18560874819755557 -0.39897487350986233 0.44989805898883128 1.0632625931948423 -1.0166406175494194 -0.62669605590679034 -0.72690816103143896 -0.39670440847320215 -0.038820999394690178 0.84641630717863647 -0.36979531263763255 -0.8697713147038999 0.78586485698819164 -0.14549978821937526 -0.46198593269034127 0.743238190526054 -0.079541802952686952 0.43981738375499851 -0.38879440608231919 0.67234377059198569 -0.16493602533942286 -0.48970376998186116 -0.28425936425725618 -0.16516055178738409 0.58319162683827541 -0.15438965717980335 0.76671996790429819
leaf_weight=22 24 92 20 27 124 20 59 21 20 20 88 33 20 42 22 25 20 27 47 84 113 21 110 23 20 70 82 21 45 20 23 21 103 21 30 248 21 344 23
leaf_count=22 24 92 20 27 124 20 59 21 20 20 88 33 20 42 22 25 20 27 47 84 113 21 110 23 20 70 82 21 45 20 23 21 103 21 30 248 21 344 23
internal_value=2.86822e-10 0.0219056 -0.00668217 0.0169563 0.0036504 -0.012122 -0.0227558 0.137633 0.974851 0.215477 -0.0349232 0.0783977 0.469471 -0.736575 -0.0249574 0.224738 -0.432175 -0.0997231 -0.513709 -0.204187 -0.0886934 -0.0174177 -0.155061 -0.11273 -0.0432395 -0.00312204 -0.270897 -0.0476015 0.156414 0.000515848 0.0179502 0.159695 -0.291801 -0.160283 -0.538349 -0.0866481 0.0586586 -0.0933077 0.0496323
internal_weight=2216 2152 2128 2016 1996 1969 1949 632 108 87 524 354 74 64 280 117 112 1317 67 163 1290 622 668 558 402 92 170 601 110 79 89 66 156 41 53 382 134 491 147
internal_count=2216 2152 2128 2016 1996 1969 1949 632 108 87 524 354 74 64 280 117 112 1317 67 163 1290 622 668 558 402 92 170 601 110 79 89 66 156 41 53 382 134 491 147
is_linear=0
shrinkage=0.05


Tree=32
num_leaves=40
num_cat=0
split_feature=30 14 14 7 16 18 18 27 30 0 6 17 33 0 30 5 6 27 3 5 20 5 15 27 28 5 5 20 12 12 7 25 4 30 18 30 12 20 5
split_gain=14562.7 6660.62 39899.1 11399.7 6731.73 21837.9 73581.1 103194 7861.28 6765.53 10147.6 9963.28 5640.94 6092.64 3906.44 3748.7 3647.75 5013.48 13700.8 4085.29 13616.4 3620.53 3598.73 2322.91 2176.73 2148.1 3100.6 2881.76 10153.6 15456.9 3411.94 3358.84 3277.75 3522.67 2943.63 2552.46 2281.86 1971.35 1616.92
threshold=-2.4608415365219112 1.6449084281921389 1.4663060307502749 1.6315463185310366 0.4841600507497788 0.31813330948352819 0.38747429847717291 0.18121211230754855 1.3463437557220461 0.86638915538787853 3.2247269153594975 -1.578935921192169 -0.04742735251784324 0.78232207894325267 0.83155819773674022 2.856203675270081 0.94237199425697338 -1.1777949333190916 -0.6076025366783141 0.82119813561439525 -0.10507600754499434 -0.5096343159675597 1.8295560479164126 -0.77080711722373951 0.65794172883033764 0.45000614225864416 0.30262109637260443 -0.08484467118978499 -0.29847192764282221 -0.49670943617820734 -0.049911310896277421 0.02248369995504618 0.19350574910640719 0.32324835658073431 -0.59442287683486927 -0.81057617068290699 -0.41209043562412256 0.042302111163735397 0.82119813561439525
decision_type=2 2 2 2 2 2 2 2 2 2 2 2 2 2 2 2 2 2 2 2 2 2 2 2 2 2 2 2 2 2 2 2 2 2 2 2 2 2 2
left_child=-1 2 3 4 5 8 7 -7 9 10 11 -2 13 14 16 37 17 18 -13 23 -21 -3 24 -19 -6 26 27 32 29 -29 -30 -32 35 34 -34 -25 -36 -11 -26
right_child=1 21 -4 -5 22 6 -8 -9 -10 15 -12 12 -14 -15 -16 -17 -18 19 -20 20 -22 -23 -24 25 38 -27 -28 28 30 -31 31 -33 33 -35 36 -37 -38 -39 -40
leaf_value=1.1763635268578163 -0.77454544631547717 -0.11031182791318811 1.7581674538552763 1.0857510183168495 -0.32491734442159986 4.8377678562487878 -0.19876023168072982 -0.1190489825748262 0.92200823511396135 -0.33789202183731559 1.08127049424109 -0.27548851826443127 0.66616754394865807 0.84651769578456892 -0.63968092270482046 -0.97768009364604946 -0.41521557449532509 -0.27389513067353299 1.4198880808766594 -0.1721152862828029 1.43967714689672 -0.67896315458146006 -0.65739911277043195 0.41118469536304475 -0.048931649509949132 -0.44190682439968509 0.61085347935557366 -0.12776489675045014 -0.38980759605765347 1.8379999859631064 0.66906337795609783 -0.038011968723485168 -0.24645533175518117 0.76848062694072727 0.72069158088415863 -0.16734557578696269 -0.034600404500961301 0.092900970928145185 -0.39443708924870746
leaf_weight=26 43 57 32 23 132 21 85 21 21 136 21 26 31 20 26 20 55 102 22 38 20 55 38 20 311 29 20 20 48 20 22 71 45 20 20 408 20 33 38
leaf_count=26 43 57 32 23 132 21 85 21 21 136 21 26 31 20 26 20 55 102 22 38 20 55 38 20 311 29 20 20 48 20 22 71 45 20 20 408 20 33 38
internal_value=-2.13561e-10 -0.013966 0.00627781 -0.0211222 -0.0337065 0.0198725 0.647232 2.35936 -0.0379885 -0.0528557 -0.00791019 -0.027869 0.00123987 -0.0179884 -0.0344239 -0.330377 -0.019086 0.0033518 0.501559 -0.0225571 0.383675 -0.38956 -0.188972 -0.0497958 -0.151966 -0.0198376 -0.00316186 -0.0203612 0.152014 0.855118 -0.0474484 0.129253 -0.0788975 0.171438 0.0309569 -0.140311 0.343046 -0.253773 -0.0865512
internal_weight=2216 2190 2078 2046 2023 1504 127 42 1377 1356 1167 1146 1103 1072 1052 189 1026 971 48 923 58 112 519 865 481 763 734 714 181 40 141 93 533 105 85 428 40 169 349
internal_count=2216 2190 2078 2046 2023 1504 127 42 1377 1356 1167 1146 1103 1072 1052 189 1026 971 48 923 58 112 519 865 481 763 734 714 181 40 141 93 533 105 85 428 40 169 349
is_linear=0
shrinkage=0.05


Tree=33
num_leaves=40
num_cat=0
split_feature=29 22 19 5 5 5 23 11 30 5 27 5 7 23 9 9 11 30 30 29 22 26 26 31 27 27 31 29 2 3 9 3 29 19 6 24 22 27 30
split_gain=13942.3 11268.4 18781.6 6556.96 6504.86 12451.1 32018.3 78216.4 52149.5 11935.8 56737.5 13862.8 23092.9 3310.07 4192.59 7276.5 2980.77 2781.97 2370.56 2157.39 2265.55 2050.47 3102.62 2150.77 5628.55 11073.4 4604.61 9716.34 2762.01 1858.84 1754.35 2000.64 1750.41 1721.67 1641.07 2002.16 3889.17 4517.24 1702.66
threshold=3.2934920787811284 -1.6923955082893369 -1.5992504954338072 3.5429087877273564 1.1148765087127688 -0.35242359340190882 1.0580972433090212 1.6160847544670107 0.20421768724918368 -0.26945126056671137 -0.3425194770097732 0.82119813561439525 -0.38151800632476801 0.87629956007003795 0.39516223967075353 0.54812896251678478 1.1336319446563723 1.0567454695701601 0.75794383883476268 -0.10804389789700507 0.43905407190322882 0.53544911742210399 0.45099233090877539 1.0000000180025095e-35 -0.15934929996728894 0.18121211230754855 0.50143270194530498 0.18635816127061847 2.2576968073844914 -0.18731062114238736 -0.53088718652725209 0.2619194388389588 0.03774936497211457 -0.0049952019471675149 -0.23815640062093732 -0.83766222000122059 -0.52671167254447926 -0.15071246773004529 -0.011622950900346039
decision_type=2 2 2 2 2 2 2 2 2 2 2 2 2 2 2 2 2 2 2 2 2 2 2 2 2 2 2 2 2 2 2 2 2 2 2 2 2 2 2
left_child=1 -1 -3 4 5 17 9 8 -8 10 -7 13 -13 14 18 -16 -6 21 19 30 33 22 23 28 -25 -26 27 -27 29 34 31 -11 -12 -21 35 -4 37 -37 -38
right_child=-2 2 3 -5 16 6 7 -9 -10 11 32 12 -14 -15 15 -17 -18 -19 -20 20 -22 -23 -24 24 25 26 -28 -29 -30 -31 -32 -33 -34 -35 -36 36 38 -39 -40
leaf_value=-0.81455056001973714 1.1985809462765853 1.4563321967016567 -0.24657453418170153 0.88894232273101803 -0.20786592080659672 2.9177247133851054 4.4114804500341416 -0.69434914236718959 0.95446777989466991 -0.32083248410906112 0.050313644528388983 -0.33857626657932999 2.0641748821735386 -0.70674238801002509 1.0318921959196981 -0.090604653173968916 -0.76806644333733454 -0.62678729399390853 -0.65934877991676333 -0.0030116623746309903 0.42194135034525843 -0.17852516496061466 0.52824690565466881 -0.28176885760928455 1.0431633880909752 -0.269247807291421 -0.158533492002048 1.2343600835118975 0.33410473048686984 -0.38929770356517729 -0.36565054823245324 0.37791729647666217 -0.54749586594601474 -0.44556779786944389 -0.20214129715182244 0.078630970685909962 0.12161492635942486 0.98820928030070798 -0.1887334134729047
leaf_weight=43 24 22 76 20 197 20 20 33 24 21 25 20 20 22 22 42 27 23 21 142 27 329 24 76 34 22 95 21 35 59 105 20 24 26 210 39 73 21 112
leaf_count=43 24 22 76 20 197 20 20 33 24 21 25 20 20 22 22 42 27 23 21 142 27 329 24 76 34 22 95 21 35 59 105 20 24 26 210 39 73 21 112
internal_value=-1.40846e-09 -0.0131232 0.00291286 -0.0121202 -0.0206732 0.0096277 0.19009 1.14576 2.52584 0.0579776 0.673514 -0.0290551 0.862799 -0.108685 -0.0777994 0.295254 -0.27539 -0.0819759 -0.143754 -0.112001 -0.0031795 -0.0717551 -0.0325942 -0.0480125 0.0765748 0.234913 0.0357785 0.465072 -0.0974488 -0.123049 -0.257346 0.0200211 -0.242491 -0.0715025 -0.0934663 -0.0223705 0.0471786 0.396983 -0.0662716
internal_weight=2216 2192 2149 2127 2107 1883 634 77 44 557 69 488 40 448 426 64 224 1249 362 341 195 1226 897 873 248 172 138 43 625 590 146 41 49 168 531 321 245 60 185
internal_count=2216 2192 2149 2127 2107 1883 634 77 44 557 69 488 40 448 426 64 224 1249 362 341 195 1226 897 873 248 172 138 43 625 590 146 41 49 168 531 321 245 60 185
is_linear=0
shrinkage=0.05


Tree=34
num_leaves=40
num_cat=0
split_feature=28 30 16 31 0 4 7 20 20 24 4 31 31 30 30 27 33 5 27 27 27 11 17 31 23 31 29 29 6 5 29 27 8 28 29 21 20 7 29
split_gain=13435.8 43988.1 20315.1 7365.25 41585.1 109719 10163.1 7702.78 18658.3 6411.76 6212.17 5694.99 10224.7 20377.9 5974.33 4683.85 3476.05 3386.87 2543.17 4996.34 6169.99 14306.9 3788.99 2438.64 2058.77 1883.74 3623.19 5644.95 6694.47 2190.59 2000.25 3965.15 1756.25 1659.01 1638.95 1636.54 6018.76 1583.12 1399.16
threshold=-1.5452485680580137 -0.18787831068038938 -1.5581622719764707 -0.74593421816825856 -0.66076958179473866 -0.81157422065734852 2.1604351997375493 1.6663526892662051 1.5156675577163699 1.5304850935935976 2.1403487920761113 0.97795489430427562 0.83366858959198009 0.14126014709472659 0.9120679795742036 -0.62518873810768116 -0.04742735251784324 -0.086038753390312181 -0.21655220538377759 1.0000000180025095e-35 -0.099173549562692628 -0.14658217877149579 0.044704664498567588 -0.8221202790737151 -1.369966387748718 0.10540897399187089 -0.21035738289356229 0.24387346208095553 -0.20609266310930249 0.40087778866291052 0.42881171405315405 0.73898935317993175 1.2154778838157656 0.4051686972379685 -0.56792768836021412 0.198093056678772 0.085347376763820662 0.64227843284606945 -0.0086820246651768667
decision_type=2 2 2 2 2 2 2 2 2 2 2 2 2 2 2 2 2 2 2 2 2 2 2 2 2 2 2 2 2 2 2 2 2 2 2 2 2 2 2
left_child=1 -1 24 23 5 -5 7 8 9 10 11 12 14 -14 16 -13 18 38 32 20 22 -22 -20 35 34 30 29 28 -28 -27 -21 -32 -6 -7 -2 36 -4 -17 -9
right_child=2 -3 3 4 6 33 -8 17 -10 -11 -12 15 13 -15 -16 37 -18 -19 19 25 21 -23 -24 -25 -26 26 27 -29 -30 -31 31 -33 -34 -35 -36 -37 -38 -39 -40
leaf_value=2.6029243880510329 -1.0087269687652589 -0.54307690256834029 -0.098241597841217262 4.005920244008303 -0.18187616286236308 -0.22339900597929954 0.96555077841988324 -0.54553438438610591 1.5279032570123672 0.72455125779941165 0.80587316209619697 -0.77347233837677376 1.9297603520751001 -0.30030404513790493 0.83626840204000485 -0.21558412909147823 0.47504838267341259 -1.0149555146694185 -0.32372927954968289 -0.20614939443593802 1.7624205133318904 -0.12880355060100554 0.5435806921869516 -0.46190365806773859 -1.258184427800386 -0.47553342328303394 1.0364999413490297 -0.15077743180420089 -0.082864011282270611 0.15775600167160686 -0.22261511753587163 0.61678471677005298 0.26901176520015885 0.31633632617692153 -0.39587149918079378 -0.21693038877576451 0.74173882137174196 0.14366351827565169 0.032298692092299464
leaf_weight=20 20 25 293 24 354 35 27 22 20 29 22 36 20 21 20 207 32 24 34 215 20 20 20 54 23 36 34 46 22 22 34 24 23 24 24 211 23 36 20
leaf_count=20 20 25 293 24 354 35 27 22 20 29 22 36 20 21 20 207 32 24 34 215 20 20 20 54 23 36 34 46 22 22 34 24 23 24 24 211 23 36 20
internal_value=7.38712e-10 0.855146 -0.0177253 0.0095685 0.0673487 1.1556 0.00462281 -0.0137389 0.0121022 -0.0107433 -0.0271713 -0.0415341 0.0143445 0.787532 -0.0188152 -0.241215 -0.0370862 -0.541132 -0.0552149 0.0157165 0.34614 0.816808 -0.00250336 -0.141893 -0.874831 -0.0560151 0.0802104 0.25963 0.59675 -0.23532 -0.135854 0.124723 -0.154368 -0.00384565 -0.674442 -0.109103 -0.0371038 -0.162362 -0.270376
internal_weight=2216 45 2171 2104 1523 83 1440 1413 1347 1327 1298 1276 997 41 956 279 936 66 904 527 94 40 54 581 67 433 160 102 56 58 273 58 377 59 44 527 316 243 42
internal_count=2216 45 2171 2104 1523 83 1440 1413 1347 1327 1298 1276 997 41 956 279 936 66 904 527 94 40 54 581 67 433 160 102 56 58 273 58 377 59 44 527 316 243 42
is_linear=0
shrinkage=0.05


Tree=35
num_leaves=40
num_cat=0
split_feature=30 29 22 28 27 5 30 7 24 23 13 5 5 29 4 0 33 9 12 15 25 30 7 4 31 23 18 29 29 33 3 2 5 15 30 23 18 29 5
split_gain=14060.8 6892.39 6708.14 6152.62 13242 6818.71 28867.5 18909.6 13636.6 8320.53 15034.3 3518.1 3087.02 3223.73 2961.01 10012.7 3303.83 2422.35 14210.4 3366.65 8898.5 2161.58 2133.04 1967.95 3833.54 3929.44 12211.7 3548.47 6947.27 2037.23 1988.25 1963.53 1207.18 1370.85 1131.81 1119.56 1419.6 1134.92 1084.29
threshold=-2.4608415365219112 2.6909836530685429 -1.6769025325775144 -1.286699593067169 -1.1976896524429319 -0.30438698828220362 1.0098809599876406 1.6315463185310366 1.4063044190406802 0.94117367267608654 0.8507116734981538 3.0898362398147587 -0.36989144980907435 1.1304740905761721 -0.86259660124778736 -0.7135351002216338 -0.047471750527620309 -0.36709570884704584 -0.35531365871429438 -0.19662933796644208 -0.28194372355937952 0.56768128275871288 1.1276233196258547 2.0524426698684697 0.021316821686923507 0.097006335854530348 0.31813330948352819 -0.23061903566122052 0.260652706027031 -0.047480842098593705 -0.13770239055156705 2.2576968073844914 2.0232050418853764 0.032859392464160926 -0.022778732702136036 0.64952251315116893 0.023974369280040268 0.19998706877231601 0.78735414147377025
decision_type=2 2 2 2 2 2 2 2 2 2 2 2 2 2 2 2 2 2 2 2 2 2 2 2 2 2 2 2 2 2 2 2 2 2 2 2 2 2 2
left_child=-1 2 -2 -4 -5 12 7 8 9 10 11 14 13 21 16 -16 -7 -17 -19 20 -20 23 -11 24 30 26 27 -26 -29 -27 31 -6 33 -21 -32 36 37 -14 -35
right_child=1 -3 3 4 5 6 -8 -9 -10 22 -12 -13 35 -15 15 17 -18 18 19 32 -22 -23 -24 -25 25 29 -28 28 -30 -31 34 -33 -34 38 -36 -37 -38 -39 -40
leaf_value=1.1559121975531945 0.71417578486725697 -0.85639082541068401 -0.37589305697807246 1.2538416314692726 -0.075914195895884218 -0.39293637616538457 1.9365899653661822 1.209197887252359 1.2279936429451812 -0.38154880218207837 1.2153513760566712 -0.67144247861135575 -0.20268626505136492 0.45162759840488437 1.1367542119324208 -0.16245152792945414 0.23150095354233469 1.3322770631916467 -0.14668718444449561 -0.42366594246455602 1.1754022243618967 -0.27596353632003323 -1.0300674925957407 -0.2907543909664338 -0.35762712713164679 0.25626353354289616 1.4485824328802881 0.83300871886312966 -0.22609200840815902 -0.25699540421944755 -0.63053669061349793 0.33815873126654578 0.26819867968559263 0.0081003459578935511 -0.19035329781472685 -0.69928944572806362 0.078999564629048113 -0.7080151900649071 -0.26220335857434707
leaf_weight=26 32 24 112 21 627 87 21 34 22 32 25 21 25 30 20 161 28 21 35 35 20 118 21 78 28 29 21 32 30 58 23 30 20 114 40 20 20 20 55
leaf_count=26 32 24 112 21 627 87 21 34 22 32 25 21 25 30 20 161 28 21 35 35 20 118 21 78 28 29 21 32 30 58 23 30 20 114 40 20 20 20 55
internal_value=8.51387e-10 -0.0137232 -0.00438612 -0.0151612 0.00482001 -0.00828816 0.108169 0.057041 0.00240593 -0.0363896 0.013318 -0.0353867 -0.0814408 -0.0598405 -0.0129754 0.0415179 -0.240899 -0.00599775 0.0779658 -0.0164448 0.334073 -0.0736143 -0.638509 -0.0496412 -0.0291545 0.165687 0.362885 0.109555 0.320541 -0.0859091 -0.082736 -0.0570068 -0.102509 -0.138853 -0.351055 -0.372156 -0.2715 -0.427277 -0.0798683
internal_weight=2216 2190 2166 2134 2022 2001 772 751 717 695 642 617 1229 1144 596 481 115 461 300 279 55 1114 53 996 918 198 111 90 62 87 720 657 224 204 63 85 65 45 169
internal_count=2216 2190 2166 2134 2022 2001 772 751 717 695 642 617 1229 1144 596 481 115 461 300 279 55 1114 53 996 918 198 111 90 62 87 720 657 224 204 63 85 65 45 169
is_linear=0
shrinkage=0.05


Tree=36
num_leaves=40
num_cat=0
split_feature=12 25 30 11 7 12 15 5 30 24 8 21 30 15 29 29 6 5 23 26 23 5 30 7 29 0 15 15 18 30 18 3 29 9 24 29 8 33 24
split_gain=13356.9 57143.9 8686.3 6595.7 48864.1 12373 59126.4 6322.74 6059.87 5709.2 5341.2 11873.5 41484.7 6892.45 5911.36 5757.62 7043.12 4504.41 2958.45 3269.37 5143.29 5310.47 2457.22 2340.41 3836.05 5925.88 6416.86 5057.54 6651.82 2336.54 2374.99 1770.57 1621.24 2123.71 6084.97 1444.37 3213.23 3977.17 2432.96
threshold=-1.3754690289497373 -1.6300981044769285 -1.3757219314575193 1.6160847544670107 1.6315463185310366 1.2761033177375796 0.79116204380989086 3.3049092292785649 -2.4608415365219112 0.5210157334804536 -0.65212738513946522 -0.59028106927871693 0.25510999560356146 -0.56291991472244252 0.46461574733257299 0.38735149800777441 2.2832190990448002 -0.13407536596059796 -0.59993210434913624 -0.41681288182735438 -0.30650757253170008 -0.37862537801265711 1.0567454695701601 -0.027284578420221802 0.03774936497211457 -0.72390931844711293 0.2545489519834519 -0.24508886784315106 -0.28330433368682856 0.77898994088172924 1.7937170863151553 -0.053644008934497826 -0.55690127611160267 0.24428016692399981 0.18497563898563388 0.66201218962669384 -1.0899614691734312 -0.047466669231653207 -1.1506395936012266
decision_type=2 2 2 2 2 2 2 2 2 2 2 2 2 2 2 2 2 2 2 2 2 2 2 2 2 2 2 2 2 2 2 2 2 2 2 2 2 2 2
left_child=8 -2 -3 4 5 7 -7 9 -1 10 22 12 13 -12 15 16 18 -5 -13 -20 21 -21 35 -22 27 -26 -27 28 -25 30 -11 -16 -29 -34 -35 -4 38 -38 -37
right_child=1 2 3 17 -6 6 -8 -9 -10 29 11 14 -14 -15 31 -17 -18 -19 19 20 23 -23 -24 24 25 26 -28 32 -30 -31 -32 -33 33 34 -36 36 37 -39 -40
leaf_value=-1.3640976298939098 2.5011819940546287 0.98382063345475634 -0.172535673893046 -0.15821845314407257 2.2034498288631439 2.8987212949991226 -0.45995241152612787 0.79955338239669804 -0.36519926889818544 -0.16069546633147364 -0.21069998141792087 0.54829832423817038 1.8921442551709911 0.81546414509415632 -0.19786234813928605 0.71934479958024522 0.92774033904075626 -0.80805579133331773 -0.29273722282516851 0.00036981280731118249 -0.17380002384306864 1.1001078344526745 -0.64268472567200663 -0.079312024895961467 -0.30952039247467406 1.3459652026849134 0.14916345883781712 -0.34612734866038458 1.1335671558976175 -0.71832352423149615 -0.66688642776012419 -0.6411342167272801 -0.23520331230181993 0.81733573649240587 -0.092927259420157296 0.12660894813360993 -0.050124205262572677 0.88014636144042024 -0.53294526770197115
leaf_weight=22 23 22 344 80 25 20 38 22 49 317 90 22 38 20 50 29 20 40 109 23 200 21 24 26 21 21 24 61 20 23 25 41 89 23 91 27 27 20 29
leaf_count=22 23 22 344 80 25 20 38 22 49 317 90 22 38 20 50 29 20 40 109 23 200 21 24 26 21 21 24 61 20 23 25 41 89 23 91 27 27 20 29
internal_value=1.34195e-09 0.0223333 -0.00453453 -0.0148887 0.00692595 -0.0211626 0.698211 -0.0431571 -0.674717 -0.0530449 -0.0101491 0.0531654 0.46789 -0.0241247 -0.0157226 0.0277134 0.00169877 -0.374831 -0.0229628 -0.0402025 0.00419474 0.525245 -0.149818 -0.0356077 0.0378989 0.384019 0.707671 -0.0357913 0.448027 -0.230504 -0.197698 -0.397578 -0.120093 -0.0521712 0.0907223 -0.123355 0.0408991 0.345736 -0.214946
internal_weight=2216 2145 2122 2100 1980 1955 58 1897 71 1875 1510 1039 148 110 891 800 771 120 751 729 620 44 471 576 376 66 45 310 46 365 342 91 264 203 114 447 103 47 56
internal_count=2216 2145 2122 2100 1980 1955 58 1897 71 1875 1510 1039 148 110 891 800 771 120 751 729 620 44 471 576 376 66 45 310 46 365 342 91 264 203 114 447 103 47 56
is_linear=0
shrinkage=0.05


Tree=37
num_leaves=40
num_cat=0
split_feature=30 29 21 19 11 7 24 10 23 3 30 30 5 15 3 33 33 19 27 7 6 29 29 16 29 29 0 4 15 33 15 28 8 0 30 0 30 3 22
split_gain=13804.8 6353.29 6280.26 16988.8 6107.07 43901.3 12379.2 6649.4 21686.6 6840.02 4079.3 6648.58 4065.23 2980.67 2685.18 2480.49 10858.2 14232 4161.88 13280.2 3019.56 2174.59 9181.73 8410.74 1845.97 4749.45 2504.54 1950.65 1894.1 2426.76 4554.88 10761 2751.68 6185.27 2070.74 2789.96 5575.41 6265.49 3099.05
threshold=-2.4608415365219112 2.6909836530685429 -1.6710991859436033 -1.5992504954338072 1.6160847544670107 1.6315463185310366 1.5304850935935976 1.0361159443855288 1.0149004459381106 2.5976400375366215 1.2409112453460696 0.95535138249397289 -0.13407536596059796 1.8295560479164126 -0.48289297521114344 -0.047459915280342095 -0.047462873160839074 -0.65598705410957325 -1.1976896524429319 -0.38151800632476801 2.7452282905578618 -0.5066140592098235 -0.44785918295383448 0.02155470754951239 0.45624069869518286 0.41948790848255163 -1.0787796974182127 -1.0371792912483213 -0.832698494195938 -0.047476824373006814 -0.19662933796644208 -0.19005730003118512 -0.29870569705963129 0.60578125715255748 0.05640011094510556 -0.44040656089782709 0.13834507763385775 -0.61173656582832325 -0.52671167254447926
decision_type=2 2 2 2 2 2 2 2 2 2 2 2 2 2 2 2 2 2 2 2 2 2 2 2 2 2 2 2 2 2 2 2 2 2 2 2 2 2 2
left_child=-1 2 -2 -4 5 6 7 8 9 10 11 13 -6 15 -9 16 18 -18 19 -5 21 -20 23 -23 25 28 -26 -28 -24 34 31 -31 -32 -34 -30 36 37 -36 -38
right_child=1 -3 3 4 12 -7 -8 14 -10 -11 -12 -13 -14 -15 -16 -17 17 -19 20 -21 -22 22 24 -25 26 -27 27 -29 29 30 32 -33 33 -35 35 -37 38 -39 -40
leaf_value=1.1453425847567045 -0.80896216233571383 -0.82263908286889409 1.4195270182121369 1.4122185628116133 -0.1503075307281688 2.0932774178981783 1.1380158885665563 -0.11811415126377887 1.5908344251325444 0.7366212461529108 0.59679993653297425 -0.89095048846110059 -0.76765299443155532 -0.61360159678892656 -0.63057393310744259 -0.17391773734885049 1.755417494773865 -0.050545966749389971 -0.21645666354575327 -0.28768754209633224 0.55227678148519421 1.2585802723581976 -0.25158562171790333 -0.069760918888178744 0.32573191627860071 0.73394963324069984 -0.65528660946422157 -0.18973435561966012 -0.19475259342361495 0.057911269502206292 -0.48777331217591258 1.3663395441729915 0.86649195048958072 -0.09289708435535432 0.11465700294437081 -0.1557933074783753 0.52044737721266954 1.2650109758973123 -0.10285368491274616
leaf_weight=26 24 24 21 20 80 25 23 44 21 29 25 23 40 22 61 249 20 24 175 27 21 26 99 22 20 20 27 135 221 55 28 22 20 105 29 170 23 20 150
leaf_count=26 24 24 21 20 80 25 23 44 21 29 25 23 40 22 61 249 20 24 175 27 21 26 99 22 20 20 27 135 221 55 28 22 20 105 29 170 23 20 150
internal_value=-1.32365e-09 -0.0135977 -0.00463323 0.00437886 -0.00963251 0.0111445 -0.0151983 -0.0287794 -0.00678793 -0.0251514 -0.0374381 -0.0463811 -0.356089 -0.035281 -0.415829 -0.0279181 -0.00333808 0.770347 -0.0270608 0.435677 -0.0427299 -0.0518704 -0.0277072 0.649757 -0.0561323 -0.0285063 -0.202155 -0.267326 -0.0446943 -0.0203975 0.118098 0.431748 -0.0397517 0.0606052 -0.0723616 -0.00336059 0.113367 0.584189 -0.0199871
internal_weight=2216 2190 2166 2142 2121 2001 1976 1953 1848 1827 1798 1773 120 1750 105 1728 1479 44 1435 47 1388 1367 1192 48 1144 962 182 162 942 843 230 77 153 125 613 392 222 49 173
internal_count=2216 2190 2166 2142 2121 2001 1976 1953 1848 1827 1798 1773 120 1750 105 1728 1479 44 1435 47 1388 1367 1192 48 1144 962 182 162 942 843 230 77 153 125 613 392 222 49 173
is_linear=0
shrinkage=0.05


Tree=38
num_leaves=40
num_cat=0
split_feature=29 22 19 5 5 30 3 5 7 28 16 5 23 28 4 11 15 29 7 14 7 5 7 8 29 29 30 27 16 16 14 30 7 4 27 18 18 23 3
split_gain=13177.5 10231.3 14218.1 5715.94 5764.49 11118.9 39544.8 14571 18419.5 20388.6 7797.91 48741.6 4497.88 3058.72 25111.8 2675.5 2669.09 2197.24 2413.75 11381.4 4210.18 2131.1 1879 3758.17 5784.07 6209.59 7287 10074.9 17505 2061.63 1854.47 1660.01 1604.61 2860.51 1459.65 1458.12 1388.78 1301.52 1151.94
threshold=3.2934920787811284 -1.6923955082893369 -1.5992504954338072 3.5429087877273564 1.1148765087127688 1.0098809599876406 -0.44637580215930933 0.700014889240265 -0.34461495280265803 -0.027328914962708947 1.840181350708008 -0.19084589928388593 0.85471063852310192 -1.197591185569763 -0.97570654749870289 1.1336319446563723 -1.3155183792114256 1.1304740905761721 0.32105529308319097 0.12540050223469737 0.36879800260066992 -0.55330395698547352 -0.35899424552917475 -0.63483852148056019 0.45624069869518286 0.28863383829593664 0.098575331270694747 -0.013289313763380049 -0.10087344050407408 -1.2337882518768308 0.42345213890075689 0.60025855898857128 0.59595096111297619 0.21563594788312915 -0.59109649062156666 1.1738103032112124 0.70724195241928112 -0.60770544409751881 -0.13770239055156705
decision_type=2 2 2 2 2 2 2 2 2 2 2 2 2 2 2 2 2 2 2 2 2 2 2 2 2 2 2 2 2 2 2 2 2 2 2 2 2 2 2
left_child=1 -1 -3 4 5 7 -7 10 -9 -10 12 -12 13 14 -4 31 -15 18 22 -20 -21 -14 23 29 25 26 37 -28 -29 -18 -22 34 33 -32 -6 38 -23 -25 -24
right_child=-2 2 3 -5 15 6 -8 8 9 -11 11 -13 21 16 -16 -17 17 -19 19 20 30 36 35 24 -26 -27 27 28 -30 -31 32 -33 -34 -35 -36 -37 -38 -39 -40
leaf_value=-0.77641660557236791 1.1652437249819438 1.2670966641469437 1.8151168018579484 0.83073517680168152 0.12565874044711775 -0.69103831521102366 2.4155364871025089 -0.35256108677497622 2.4928117269277572 0.36936868646970167 -0.2398369069211185 2.5880007338523865 -0.11946642464454021 -0.5219114402244831 -0.19705191176870596 -0.72509345147344806 0.28968197275298063 0.35388906632150924 1.1757423628460277 0.63346989575935453 -0.32318368794625268 -0.69786444586866048 -0.10892685829443366 0.17019505638342639 -0.41775734801041459 1.091707965284586 -0.22257119795450797 2.1003890062868598 0.056536663662303581 -0.16766775685052079 0.52646089584538436 -0.61453754788353332 -0.10831050376097362 -0.16748955760289122 -0.22104447531874163 0.21564832742397605 -0.309255832601601 -0.24659122869149963 -0.26634632130377595
leaf_weight=43 24 22 20 20 39 21 20 27 20 26 64 20 109 29 69 27 27 35 22 23 57 34 307 26 38 20 26 20 22 282 33 21 108 27 137 26 71 67 187
leaf_count=43 24 22 20 20 39 21 20 27 20 26 64 20 109 29 69 27 27 35 22 23 57 34 307 26 38 20 26 20 22 282 33 21 108 27 137 26 71 67 187
internal_value=2.40921e-10 -0.0127581 0.00252213 -0.0105576 -0.0185433 0.00998112 0.824364 -0.00814575 0.684119 1.2926 -0.0367129 0.433458 -0.0601517 -0.0289933 0.255121 -0.258327 -0.0472901 -0.0371172 -0.0475005 0.0858079 -0.0108799 -0.274329 -0.0818452 -0.015404 0.143048 0.260786 0.157566 0.550952 1.0298 -0.127705 -0.0767467 -0.194354 0.00686582 0.214183 -0.144218 -0.149309 -0.435091 -0.13007 -0.168517
internal_weight=2216 2192 2149 2127 2107 1883 41 1842 73 46 1769 84 1685 1471 89 224 1382 1353 1318 270 248 214 1048 528 219 181 161 68 42 309 225 197 168 60 176 520 105 93 494
internal_count=2216 2192 2149 2127 2107 1883 41 1842 73 46 1769 84 1685 1471 89 224 1382 1353 1318 270 248 214 1048 528 219 181 161 68 42 309 225 197 168 60 176 520 105 93 494
is_linear=0
shrinkage=0.05


Tree=39
num_leaves=40
num_cat=0
split_feature=30 29 15 15 7 12 0 6 30 18 27 29 30 30 5 5 0 31 5 5 29 3 3 29 4 4 17 33 29 29 4 27 27 27 4 4 3 11 3
split_gain=12624.6 6414.14 6013.74 25772.9 6919.87 42071.1 6879.79 8373.5 26995.7 8932.54 4380.01 26079.4 5873.39 5472.39 3212.77 3118.94 1762.44 9056.78 2663.7 8861.59 2360.41 3476.14 8774.74 2496.84 2544.37 3097.21 6442.57 2991.85 5622.29 2604.8 2784.53 4477.08 1729.25 1707.02 1619.52 1616.84 1510.21 1317.97 1200.25
threshold=-2.4608415365219112 2.6909836530685429 2.1951055526733403 1.8629074692726137 1.1276233196258547 1.2761033177375796 2.9056415557861333 2.872025847434998 -0.025464606471359726 -1.5910865664482114 -1.1976896524429319 -0.017847613431513306 1.2409112453460696 0.95535138249397289 0.73058363795280468 -0.36334100365638727 0.86638915538787853 0.82270783185958873 0.82119813561439525 1.1148765087127688 -0.11553847417235373 1.461473882198334 1.9038138985633852 -0.08719931915402411 -0.64498296380043019 -0.43843443691730494 -0.017686721868813034 -0.047488832846283906 0.36456617712974554 -0.04430867359042167 0.55250677466392528 0.60454520583152782 -0.48385247588157648 -0.62518873810768116 0.84265831112861644 0.58816099166870128 -0.22589479386806485 1.8815581202507021 -0.24449787288904187
decision_type=2 2 2 2 2 2 2 2 2 2 2 2 2 2 2 2 2 2 2 2 2 2 2 2 2 2 2 2 2 2 2 2 2 2 2 2 2 2 2
left_child=-1 2 3 4 5 6 7 9 -9 36 11 -11 13 16 35 -4 17 18 20 -20 -12 23 -23 -22 27 26 -26 28 -25 -27 -31 34 -21 -18 -32 37 -2 -6 -29
right_child=1 -3 15 -5 14 -7 -8 8 -10 10 12 -13 -14 -15 -16 -17 33 -19 19 32 21 22 -24 24 25 29 -28 38 -30 30 31 -33 -34 -35 -36 -37 -38 -39 -40
leaf_value=1.0952898502349855 -0.47437228939749981 -0.82591015845537186 -0.21523693326641535 1.4177574396133423 -0.40952882118523121 1.9751246753390188 0.90967892408370976 1.9651361935905047 -0.46659967410564429 -0.217161940086495 -0.12976339863048225 1.8964382982254031 0.79209413244610749 -0.79890244801839194 -0.77538127538057111 -0.97927781451832174 -0.60314396858215336 1.0399271736294031 1.159300974905491 0.34853302836418154 0.44441281918968473 1.2014328223466872 -0.27967649053782229 -0.17586422732898169 -0.085521867412787222 0.44903615183300438 0.87171975439414384 -0.16931842741468095 0.66543646543447321 -0.18090181548575887 0.29572002023458482 0.63489720309153208 -0.19213849383592607 -0.12179886941985896 -0.23980752471834421 0.1194420976885434 -1.0746990001201631 -0.037915434293887197 -0.42755780558087936
leaf_weight=26 22 24 34 32 80 27 20 21 25 54 541 20 21 24 31 22 20 20 20 21 28 20 20 63 39 27 32 137 29 183 20 32 50 233 48 29 20 34 67
leaf_count=26 22 24 34 32 80 27 20 21 25 54 541 20 21 24 31 22 20 20 20 21 28 20 20 63 39 27 32 137 29 183 20 32 50 233 48 29 20 34 67
internal_value=2.13302e-09 -0.0130034 -0.00399616 0.00957653 -0.0121086 0.0154741 -0.0127148 -0.022649 0.643541 -0.0395705 -0.0224601 0.354081 -0.0388991 -0.0493238 -0.313934 -0.515396 -0.0384208 -0.0164297 -0.0317726 0.229652 -0.0502715 0.00745352 0.460878 -0.0182727 -0.0374089 0.0480288 0.345911 -0.147381 0.0893284 -0.0201958 -0.0649635 0.147203 -0.0322216 -0.15985 -0.0822994 -0.213899 -0.760242 -0.298697 -0.254132
internal_weight=2216 2190 2166 2110 2078 1904 1877 1857 46 1811 1769 74 1695 1674 174 56 1650 1397 1377 91 1286 745 40 705 677 381 71 296 92 310 283 100 71 253 68 143 42 114 204
internal_count=2216 2190 2166 2110 2078 1904 1877 1857 46 1811 1769 74 1695 1674 174 56 1650 1397 1377 91 1286 745 40 705 677 381 71 296 92 310 283 100 71 253 68 143 42 114 204
is_linear=0
shrinkage=0.05


Tree=40
num_leaves=40
num_cat=0
split_feature=9 30 22 27 27 29 3 29 29 8 29 7 30 8 7 27 31 5 12 7 5 18 17 23 12 29 29 29 27 29 9 13 33 0 29 5 15 4 27
split_gain=12708.3 39156.5 8001.3 8496.18 8805.75 56584.2 115734 103697 13646.1 46513.9 13168.8 10983.8 6905.92 6657.14 5294.9 4436.08 4016.49 2739.81 1786.21 4329.19 3364.19 1631.51 1552.69 2334.2 5555.3 2366.12 6949.26 1531.22 1378.39 1293.21 1573.99 7167.91 2246.6 8544.46 2501.91 1777.56 1274.82 1106.73 1103.42
threshold=-1.4307110905647276 -1.5035358667373655 -1.6769025325775144 -1.2386001944541929 -0.58386245369911183 -0.0043747618328779927 -0.27481402456760401 0.16813444346189502 -0.41597388684749598 1.4510754346847536 -0.52172148227691639 0.11392801254987718 1.0567454695701601 -0.43005330860614771 0.92996451258659374 -0.30422385036945337 2.8130685091018681 -0.16027715057134626 1.1007702946662905 0.92996451258659374 -0.34696488082408899 -1.5650190114974973 -1.3745294809341428 -0.96705266833305348 -0.92192900180816639 0.45624069869518286 0.38735149800777441 0.071945838630199446 -0.90070486068725575 -0.26970542967319483 -0.63177725672721852 -0.57103973627090443 -0.047476394101977341 0.58968329429626476 -0.18502976745367047 0.63996911048889171 0.83972367644310009 -0.42982824146747584 0.020323134958744053
decision_type=2 2 2 2 2 2 2 2 2 2 2 2 2 2 2 2 2 2 2 2 2 2 2 2 2 2 2 2 2 2 2 2 2 2 2 2 2 2 2
left_child=-1 -2 -3 21 5 18 28 -8 9 10 15 13 14 -12 16 -6 22 -16 19 -5 37 -4 -10 -24 -25 26 29 -23 -7 -26 -31 -32 35 -34 -35 -33 -17 -20 -19
right_child=1 2 3 4 8 6 7 -9 12 -11 11 -13 -14 -15 17 36 -18 38 20 -21 -22 27 23 24 25 -27 -28 -29 -30 30 31 32 33 34 -36 -37 -38 -39 -40
leaf_value=-0.98919110745191574 2.113251769542694 0.84847855104340442 -0.82600243931466888 -0.18415138510501255 0.29655543634524711 -0.4884082518872761 5.6915871381759651 0.88048665424187988 0.33074926827792772 2.5442297511157537 0.7189003478735686 1.2318909115599175 -0.84368036216305153 -0.54151062084869905 -0.22469204622937974 -0.23006509585926929 -0.68444044399261483 -0.48773620760440828 -0.33672436191922145 0.59583100318908699 -0.75589098851470382 -0.23733245162686833 -0.25172989521715933 0.6427182299892108 -0.18289555420802125 -0.21669777241037336 0.66647246979280483 -0.73262878060340886 0.00047432708999385007 -0.20824923109222249 0.94552374757826341 -0.106216434888522 0.81852054057849777 0.46028352204710243 -0.14852903372159712 0.3774694123864174 -0.61895697889504619 0.18298218458890916 -0.98600224494934086
leaf_weight=32 22 27 22 161 39 21 21 24 27 21 20 38 31 22 83 96 25 25 21 20 34 71 131 30 138 172 36 20 46 91 20 378 36 20 108 20 27 20 20
leaf_count=32 22 27 22 161 39 21 21 24 27 21 20 38 31 22 83 96 25 25 21 20 34 71 131 30 138 172 36 20 46 91 20 378 36 20 108 20 27 20 20
internal_value=-7.83765e-10 0.0144936 -0.00686282 -0.0176798 0.00589955 0.22711 1.16447 3.12567 -0.0433179 0.28697 0.0910917 0.615958 -0.105766 0.0586851 -0.0889461 -0.168101 -0.0571459 -0.395023 -0.182983 -0.0979655 -0.388158 -0.439604 -0.0441531 -0.0527314 -0.0278803 -0.0476231 -0.0132892 -0.346189 -0.152758 -0.0434636 -0.0148727 0.0153631 -0.0177387 0.137996 -0.0534021 -0.0819106 -0.315432 -0.083209 -0.709188
internal_weight=2216 2184 2162 2135 2022 368 112 45 1654 263 242 80 1391 42 1360 162 1232 128 256 181 75 113 1207 1180 1049 1019 847 91 67 811 673 582 562 164 128 398 123 41 45
internal_count=2216 2184 2162 2135 2022 368 112 45 1654 263 242 80 1391 42 1360 162 1232 128 256 181 75 113 1207 1180 1049 1019 847 91 67 811 673 582 562 164 128 398 123 41 45
is_linear=0
shrinkage=0.05


Tree=41
num_leaves=40
num_cat=0
split_feature=12 25 27 28 30 30 30 5 13 5 22 0 30 4 24 22 29 5 24 3 29 6 27 29 22 3 0 33 29 6 2 4 27 27 16 4 4 0 14
split_gain=12419.1 49766.8 8273.69 11991.1 9313.89 6341.32 6211.3 7581.35 28785.9 87770.5 52257.5 3999.86 4389.59 11195.7 12113.2 9280.03 3972.99 2859.6 2255.4 2995.89 9624.15 4297.69 2174.21 2112.39 2015.63 1686.05 1650 1528.79 1413.96 1390.46 2281.14 2039.7 1836.26 3568.22 2894.99 1374.37 1362.5 1355.94 1255.34
threshold=-1.3754690289497373 -1.6300981044769285 -1.2386001944541929 -1.2250468134880064 -1.0270565152168272 -2.4608415365219112 1.2409112453460696 -0.14280929416418073 0.89478415250778209 0.12139206379652025 0.64222413301467907 0.86638915538787853 0.13834507763385775 0.1197384111583233 -0.26160989701747889 0.35531395673751837 0.27578224241733557 -0.36989144980907435 0.54888731241226207 1.461473882198334 0.04523908160626889 2.872025847434998 0.69523221254348766 -0.06245355308055877 0.054816808551549918 -0.18731062114238736 -0.47671638429164881 -0.047486165538430207 -0.26970542967319483 -0.083667501807212816 2.2576968073844914 0.75536695122718822 1.0000000180025095e-35 -0.21655220538377759 -0.51580002903938282 -0.61117294430732716 -0.060991562902927392 -0.057454250752925866 -0.034574896097183221
decision_type=2 2 2 2 2 2 2 2 2 2 2 2 2 2 2 2 2 2 2 2 2 2 2 2 2 2 2 2 2 2 2 2 2 2 2 2 2 2 2
left_child=5 -2 16 -4 -5 -1 7 17 11 -10 -11 12 13 15 -15 24 -3 18 19 21 -21 25 27 28 37 29 -27 -19 -13 30 31 32 33 -6 -35 -14 -7 -9 -25
right_child=1 2 3 4 6 36 -8 8 9 10 -12 23 35 14 -16 -17 -18 22 -20 20 -22 -23 -24 38 -26 26 -28 -29 -30 -31 -32 -33 -34 34 -36 -37 -38 -39 -40
leaf_value=-1.3558103344657206 2.3348513535831286 -0.28035831605507572 1.0469294549897314 1.0784904593229294 -0.039133182690878003 -0.10564420308385576 0.8706625804305077 0.093564727875803208 3.771892372199467 2.1001553821563723 -0.60777795559936953 -0.2317370277531445 0.084083733321832763 1.7649289740080183 0.064735400676727298 0.77845777436159558 -1.0457631397814979 -0.57378898107883891 -0.16979845868591781 -0.36872640897830333 1.12773096524179 0.67365883477032185 0.07084305863827467 -0.19697869329860337 -0.62856676124391109 -0.62628643187609589 -0.13457906769686623 -0.23753957621274738 0.16992954428379353 -0.14099418304032749 0.50791311613891432 0.34316051868865127 -0.12880665919062123 0.041654909253120424 0.86417905195899625 -0.220675238502135 -0.63842290462482554 -0.29359371576990401 -0.58929734959859736
leaf_weight=22 23 88 28 20 140 28 20 49 21 25 62 50 56 22 20 32 21 49 299 21 22 21 40 38 21 22 76 109 39 180 23 39 231 20 23 109 21 42 44
leaf_count=22 23 88 28 20 140 28 20 49 21 25 62 50 56 22 20 32 21 49 299 21 22 21 40 38 21 22 76 109 39 180 23 39 231 20 23 109 21 42 44
internal_value=-2.92341e-10 0.0215351 -0.00353857 0.0194355 0.00494191 -0.650602 -0.00598479 -0.0149992 0.127619 0.870661 0.170364 -0.0261133 0.0704921 0.23703 0.955313 0.0275311 -0.427822 -0.0833259 -0.0522828 -0.00932776 0.396903 -0.031867 -0.258453 -0.224409 -0.187019 -0.0515169 -0.244962 -0.341819 -0.0557258 -0.0226181 0.022146 -0.00251768 -0.0350816 0.0832272 0.48161 -0.117242 -0.333978 -0.0851238 -0.407491
internal_weight=2216 2145 2122 2013 1985 71 1965 1945 630 108 87 522 351 186 42 144 109 1315 1117 818 43 775 198 171 112 754 98 158 89 656 476 453 414 183 43 165 49 91 82
internal_count=2216 2145 2122 2013 1985 71 1965 1945 630 108 87 522 351 186 42 144 109 1315 1117 818 43 775 198 171 112 754 98 158 89 656 476 453 414 183 43 165 49 91 82
is_linear=0
shrinkage=0.05


Tree=42
num_leaves=40
num_cat=0
split_feature=30 7 9 30 18 12 29 24 14 7 23 12 5 3 3 5 13 4 4 26 16 3 33 15 20 2 30 9 0 3 27 5 17 33 33 30 33 3 0
split_gain=12942.8 6126.43 19246.5 9722.93 7435.5 5715.54 8493.71 5482.36 30206.5 8870.48 6159.84 16530.8 5380.4 4351.25 4238.96 3226.24 2984.12 2836.72 5935.31 2738.25 7045.74 25270.5 2456.93 3405.18 17033.7 3270.64 2134.02 1989.92 4116.05 1739.43 3121.93 1727.15 1613.15 1566.81 2057.53 1712.19 1716.8 1635.57 2333.65
threshold=-2.4608415365219112 -1.0144957304000852 -1.0193323493003843 1.0098809599876406 -1.5910865664482114 -1.3265537619590757 0.32382850348949438 1.6801680922508242 1.4663060307502749 1.6315463185310366 0.89250150322914135 0.85853010416030895 3.0898362398147587 0.59401896595954906 -0.4353517591953277 -0.56422135233879078 -1.4296321272850034 1.9706838726997378 1.8600328564643862 -0.96746560931205738 -0.98323765397071827 -0.015059832483530043 -0.047476824373006814 -0.19662933796644208 -0.24724111706018445 1.1408391594886782 -0.33657166361808771 -0.29893273115158076 0.58968329429626476 0.73319759964942943 -0.088992696255445466 0.73058363795280468 0.059342432767152793 -0.04748056270182132 -0.047481402754783623 0.37854303419590002 -0.047478476539254182 -0.31822121143341059 -0.64681804180145253
decision_type=2 2 2 2 2 2 2 2 2 2 2 2 2 2 2 2 2 2 2 2 2 2 2 2 2 2 2 2 2 2 2 2 2 2 2 2 2 2 2
left_child=-1 4 -3 7 16 6 -6 8 9 10 11 12 17 -12 -9 26 -2 18 19 -4 21 -21 33 24 25 29 -7 -25 -29 -24 -31 -15 -19 34 37 -35 -37 -22 -39
right_child=1 2 3 -5 5 15 -8 14 -10 -11 13 -13 -14 31 -16 -17 -18 32 -20 20 22 -23 23 27 -26 -27 -28 28 -30 30 -32 -33 -34 35 -36 36 -38 38 -40
leaf_value=1.1090068376981295 -0.40249130129814148 1.4881484428166667 -0.30318591399756201 0.85152712915882922 -0.2549193509246992 0.43619392343929841 1.1539604643732309 -0.091936043094074923 1.5055384856281859 0.97603381655432964 -0.1605398236979115 1.2987279444312056 -0.80007809508930561 -0.38509253547305156 -0.72327643585917745 -0.42605435407840386 -1.1994893784324328 -0.47808665879394702 0.82257711711254999 -0.15570163546606552 -0.0077613594500358738 1.9955832743644715 -0.19845603991968511 -0.33975428586152012 1.488454200824102 0.53670946881175041 -0.16268753148980586 0.60208395258165326 -0.10336352567750924 -0.14976420967743315 0.66225343197584152 -0.98968762424257073 -0.10103328741482787 -0.28052975831772475 0.33203741652204805 0.42062999486923219 -0.18590499344947084 -0.69052982330322266 -0.11172651213173773
leaf_weight=26 23 22 73 33 23 21 20 63 33 22 118 24 22 21 46 101 24 46 22 43 519 20 78 47 24 29 51 26 101 29 20 27 74 136 38 20 28 21 102
leaf_count=26 23 22 73 33 23 21 20 63 33 22 118 24 22 21 46 101 24 46 22 43 519 20 78 47 24 29 51 26 101 29 20 27 74 136 38 20 28 21 102
internal_value=1.46889e-09 -0.0131663 0.0177287 0.000747518 -0.239534 -0.11552 0.400374 -0.0142502 0.0070257 -0.0215586 -0.0344082 -0.00325356 -0.0238382 -0.323808 -0.358373 -0.243748 -0.809469 -0.012423 0.00790967 -0.00532717 0.0116468 0.527246 -0.0150221 0.0959204 0.248388 0.0576084 0.0119862 -0.0618045 0.0410588 -0.0517926 0.181672 -0.725177 -0.24557 -0.0604777 -0.0254529 -0.189917 0.0668179 -0.0466127 -0.210547
internal_weight=2216 2190 1927 1905 263 216 43 1872 1763 1730 1708 1542 1518 166 109 173 47 1496 1376 1354 1281 63 1218 354 180 156 72 174 127 127 49 48 120 864 680 184 48 642 123
internal_count=2216 2190 1927 1905 263 216 43 1872 1763 1730 1708 1542 1518 166 109 173 47 1496 1376 1354 1281 63 1218 354 180 156 72 174 127 127 49 48 120 864 680 184 48 642 123
is_linear=0
shrinkage=0.05


Tree=43
num_leaves=40
num_cat=0
split_feature=29 22 19 33 33 27 30 15 15 7 7 27 14 10 29 29 17 5 5 28 27 27 20 13 33 5 31 30 18 5 5 16 20 16 5 25 18 28 33
split_gain=11938.7 9071.69 12634.7 5393.05 12504 28478 10340.6 4841.89 23668.4 4845.35 21269.1 3583.02 13610.8 3070.79 3065.85 15754.6 13639.9 2694.04 2404.64 2121.13 2488.89 2523.3 5672.76 18331.8 1930.64 1864.06 1701.51 1561.85 1479.38 1414.02 4289.17 4217.32 3018.67 4255.03 1715.99 1504.68 1236.09 2323.26 1220.17
threshold=3.2934920787811284 -1.6923955082893369 -1.5992504954338072 -0.047459915280342095 -0.047463884577155106 1.0000000180025095e-35 1.0098809599876406 2.1951055526733403 1.8629074692726137 1.1276233196258547 1.0725600123405459 -1.1976896524429319 -0.41532169282436365 0.89332944154739391 -0.52172148227691639 -0.44785918295383448 -0.20419634878635404 -0.068570896983146654 -0.35242359340190882 1.7839784026145937 1.0399777889251711 0.54337596893310558 0.2236004322767258 -0.46182610094547266 -0.047461947426199906 -0.19084589928388593 2.8130685091018681 0.098575331270694747 0.23592943698167804 -0.08385527133941649 0.082089379429817214 -0.12453864887356757 0.037093298509716995 0.32547760009765631 -0.42011153697967524 -0.15596996992826459 0.47624233365058904 1.152373790740967 -0.047435864806175225
decision_type=2 2 2 2 2 2 2 2 2 2 2 2 2 2 2 2 2 2 2 2 2 2 2 2 2 2 2 2 2 2 2 2 2 2 2 2 2 2 2
left_child=1 -1 -3 4 6 -6 7 8 9 10 11 12 -4 14 -13 16 -16 -11 -9 20 21 29 23 27 -7 -15 28 -23 38 34 31 -31 35 -34 -17 -32 -24 -38 -5
right_child=-2 2 3 26 5 24 -8 18 -10 17 -12 13 -14 25 15 19 -18 -19 -20 -21 -22 22 36 -25 -26 -27 -28 -29 -30 30 32 -33 33 -35 -36 -37 37 -39 -40
leaf_value=-0.73122446453848555 1.1091209987799326 1.1943282528357073 1.2942560312422842 -0.29165972941467228 2.0736817296051111 -0.25116918404256144 0.8323225998216206 -0.22740505712372916 1.3381898265331984 -0.14291856766274544 1.5031113727261192 -0.23824628822878005 -0.46454283757643267 -0.16019729655616138 -0.0047065626382827765 -0.041429876937202237 1.6021057741982596 -0.55976035170635929 -0.90418127491360623 0.41734630101919179 -0.25655299605523035 -0.29062494126936567 -0.42103116065263751 1.7757795971632004 0.34616243077713688 -0.66596347216902119 -0.6251758046772169 0.28912678556073285 0.23664869617670778 0.029812248618426646 -0.12445967788236184 1.0330098024010659 0.62042109413493074 -0.080215921046005362 -0.22899731572347079 -0.57205490315599106 0.43425930872559548 -0.25694741866280957 -0.054203243040275288
leaf_weight=43 24 22 22 159 24 31 36 35 32 113 23 150 22 49 25 425 28 59 21 25 127 26 24 20 24 29 23 21 20 22 57 20 31 72 171 28 20 31 82
leaf_count=43 24 22 22 159 24 31 36 35 32 113 23 150 22 49 25 425 28 59 21 25 127 26 24 20 24 29 23 21 20 22 57 20 31 72 171 28 20 31 82
internal_value=-1.61951e-09 -0.0121437 0.00224465 -0.0100853 0.0211683 0.636582 -0.00639278 -0.023866 -0.00854874 -0.0348266 -0.00540865 -0.0294197 0.414857 -0.0433727 -0.0253988 0.0018196 0.844175 -0.285905 -0.481196 -0.0380419 -0.0484389 -0.0211346 0.173564 0.507925 0.00948461 -0.348239 -0.212904 -0.0315869 -0.176573 -0.0546058 0.0507036 0.507525 -0.0513523 0.130655 -0.0952454 -0.271903 -0.125132 0.014114 -0.210865
internal_weight=2216 2192 2149 2127 1843 79 1764 1728 1672 1640 1468 1445 44 1401 1323 1173 53 172 56 1120 1095 968 142 67 55 78 284 47 261 826 230 42 188 103 596 85 75 51 241
internal_count=2216 2192 2149 2127 1843 79 1764 1728 1672 1640 1468 1445 44 1401 1323 1173 53 172 56 1120 1095 968 142 67 55 78 284 47 261 826 230 42 188 103 596 85 75 51 241
is_linear=0
shrinkage=0.05


Tree=44
num_leaves=40
num_cat=0
split_feature=30 29 30 22 28 28 5 5 22 28 28 29 23 5 14 23 24 7 29 30 0 29 3 15 16 30 18 8 12 26 13 5 23 29 29 33 28 21 29
split_gain=11835.4 6233.43 18462.7 10374.5 5061.52 12688.1 5108.3 29242.9 46670 12042.4 110657 5568.23 5475.97 4577.98 4084.35 6093.53 3661.36 3276.64 2122.77 1853.29 7003.43 3464.96 1813.59 1554.24 3731.15 1364.07 1321.51 1215.89 4884.74 1600.88 1470.02 1773.53 1212.36 1183.44 2763.86 3546.1 1443.74 1927.7 1076.29
threshold=-2.4608415365219112 0.79209810495376598 1.0098809599876406 -1.6769025325775144 -1.3013150095939634 -1.2250468134880064 0.017676653340458873 0.11047465354204179 0.12176503613591196 -0.091142848134040819 -0.16141038388013837 -0.48707868158817286 0.89250150322914135 -0.39172627031803126 -0.69742432236671437 -1.0864874720573423 0.92707434296607982 0.92996451258659374 1.6874600648880007 -0.10449956357479094 0.91826033592224132 0.42881171405315405 -0.82257151603698719 0.032859392464160926 0.32547760009765631 -0.014886674005538223 -1.5650190114974973 -0.64500421285629261 -0.54709434509277333 -0.40620639920234675 -0.33862903714179987 -0.092589199542999254 1.9635235071182253 0.03774936497211457 0.14262133836746219 -0.047486081719398492 0.8128546178340913 1.11770635843277 -0.55690127611160267
decision_type=2 2 2 2 2 2 2 2 2 2 2 2 2 2 2 2 2 2 2 2 2 2 2 2 2 2 2 2 2 2 2 2 2 2 2 2 2 2 2
left_child=-1 2 3 -2 26 -6 17 8 -8 10 11 -9 23 14 15 -3 -13 19 -15 20 21 38 32 -11 -25 -26 -5 -21 -29 -30 -31 33 -19 -32 35 -35 -36 -38 -7
right_child=1 13 -4 4 5 6 7 9 -10 12 -12 16 -14 18 -16 -17 -18 22 -20 27 -22 -23 -24 24 25 -27 -28 28 29 30 31 -33 -34 34 36 -37 37 -39 -40
leaf_value=1.0605027125431943 1.0275605087478956 -0.18624324527653782 1.2872401884623939 -0.74148623434826733 0.98644395684823394 -0.26924872742015488 -0.10566722172498705 0.52717593312263489 3.1348199734091757 -0.32632022044568698 3.6377399296923119 -0.16330943914859192 -0.63036292156235119 -0.38685101273289901 -0.45343350542558208 0.91979586731642482 -0.89629251271486288 -0.18853631212279715 -0.91848696927939144 -0.19076181235934864 0.95159100634711136 0.49359395075589418 -0.37969500570550185 0.43370079114619231 0.111836348204977 -0.2553792032599449 -0.2813541836826734 0.49995843179714988 -0.30210922755301001 0.2861446002798696 -0.15844278246773916 0.34298827886581423 0.25484289157958256 -0.073114226427343151 -0.21106081331883553 0.76218727373828488 0.42126474356404153 -0.12176806897517632 -0.0071204452501394998
leaf_weight=26 24 33 28 20 32 49 25 26 20 53 22 115 61 57 37 20 20 58 28 176 21 32 119 36 36 85 71 39 70 31 275 25 21 27 109 24 26 44 195
leaf_count=26 24 33 28 20 32 49 25 26 20 53 22 115 61 57 37 20 20 58 28 176 21 32 119 36 36 85 71 39 70 31 275 25 21 27 109 24 26 44 195
internal_value=8.05288e-10 -0.0125904 0.0122691 -0.00569728 -0.0183301 -0.000628249 -0.0177947 0.118778 1.33455 -0.00172817 0.311642 -0.142856 -0.21334 -0.29883 -0.0503017 0.23113 -0.2719 -0.0686148 -0.561978 -0.0360851 0.0713695 0.00439613 -0.2564 -0.0922041 -0.0131713 -0.146125 -0.382482 -0.0738086 -0.0430865 -0.0766503 -0.0485182 -0.0680928 -0.070676 -0.0884434 -0.00474839 0.319969 -0.0972656 0.0799298 -0.059761
internal_weight=2216 2190 2015 1987 1963 1872 1840 499 45 454 183 161 271 175 90 53 135 1341 85 1143 297 276 198 210 157 121 91 846 670 631 561 530 79 505 230 51 179 70 244
internal_count=2216 2190 2015 1987 1963 1872 1840 499 45 454 183 161 271 175 90 53 135 1341 85 1143 297 276 198 210 157 121 91 846 670 631 561 530 79 505 230 51 179 70 244
is_linear=0
shrinkage=0.05


Tree=45
num_leaves=40
num_cat=0
split_feature=11 25 28 28 30 30 5 30 5 23 11 4 12 27 33 27 13 24 3 29 11 10 7 10 30 15 15 4 9 13 9 29 33 27 5 27 27 3 25
split_gain=12294.8 43444.8 8357.88 18816.5 7978.44 6531.58 5292.03 4807.52 4727.47 32053.1 86057.4 12712.2 4466.13 3102.73 3211.2 3772.08 6552.32 3538.88 4292.5 2897.14 2503.81 12292.5 1973.61 4854.86 1946.1 1475.14 1379.76 1343.69 1243.27 1794.81 1985.51 1661.49 1168.64 3744.08 1733.95 1116.13 2442.29 1532.19 1456.14
threshold=-1.3570068478584287 -1.6300981044769285 -1.2761740088462827 -1.2250468134880064 -1.0270565152168272 -2.4608415365219112 3.3049092292785649 1.2409112453460696 -0.14280929416418073 1.0580972433090212 1.2957069873809817 0.21563594788312915 0.88168898224830639 0.78191867470741283 -0.047486113384366029 0.48457282781600958 -0.32651410996913904 -0.70586934685707081 0.44174924492836004 0.27578224241733557 0.12364168837666513 0.10101350769400598 -0.14751520752906797 -0.079280219972133623 0.78961768746376049 1.8295560479164126 2.0906820297241215 -0.15443019568920133 -1.2198464870452879 -1.1782376766204832 -1.0918279290199278 1.0929369330406191 -0.047477655112743371 -0.44540180265903467 0.45000614225864416 0.54337596893310558 0.63007193803787243 1.5014359951019289 0.17103423923254016
decision_type=2 2 2 2 2 2 2 2 2 2 2 2 2 2 2 2 2 2 2 2 2 2 2 2 2 2 2 2 2 2 2 2 2 2 2 2 2 2 2
left_child=5 -2 19 -4 -5 -1 7 8 20 12 -11 -12 13 14 -10 17 -17 18 -16 -3 21 28 -19 -24 25 -22 -27 -7 -6 -30 -31 35 34 -34 -25 37 -37 -32 -38
right_child=1 2 3 4 6 27 -8 -9 9 10 11 -13 -14 -15 15 16 -18 22 -20 -21 24 -23 23 32 -26 26 -28 -29 29 30 31 -33 33 -35 -36 36 38 -39 -40
leaf_value=-1.3808470769362016 2.1357362856467565 -0.28585715368390086 1.5461425662785768 0.99845075637102143 -0.38441178423387035 -0.047709158107384367 0.78424264022282197 0.7574784803390503 0.65586527103469494 3.690217577327382 -0.65832640491425998 0.94858730852603912 -0.60454944408301159 -0.27039890460669996 -0.030201588827988197 -0.13614400721465547 1.0448483252007028 -0.29266968920179037 0.92195708718150859 -0.89428920979425319 -0.10716597622022067 1.1478040711446242 0.53186498871620969 -0.034772685061140757 -0.64111258074641231 -0.68365904499184005 -0.19682358919188037 -0.61397134274244314 0.40584742413325747 -0.54382730141282087 -0.07528101048377786 0.37934960704296827 0.60494523644447329 -0.1672151126592637 -0.50047614985169508 0.53580596660348501 0.10588165658126397 -0.44599496324857074 -0.15538212666195808
leaf_weight=22 24 90 20 20 27 22 21 20 21 22 32 20 33 90 29 24 23 92 20 25 461 22 34 41 20 22 43 20 22 20 393 23 20 73 39 22 113 30 101
leaf_count=22 24 90 20 20 27 22 21 20 21 22 32 20 33 90 29 24 23 92 20 25 461 22 34 41 20 22 43 20 22 20 393 23 20 73 39 22 113 30 101
internal_value=-9.57558e-10 0.0203103 -0.00354794 0.0201363 0.00482264 -0.682932 -0.00524962 -0.0137431 -0.0217268 0.0930022 1.06878 -0.0402827 -0.0409643 -0.00420875 0.0533805 0.0213496 0.441788 -0.0354338 0.358435 -0.418125 -0.0750466 -0.0171498 -0.0999808 -0.0143413 -0.157014 -0.138607 -0.361599 -0.317358 -0.0512763 -0.0388527 -0.0527892 -0.0383893 -0.121688 -0.00115912 -0.261803 -0.0529689 0.0341473 -0.101573 -0.0174251
internal_weight=2216 2152 2128 2013 1993 64 1973 1952 1932 613 74 52 539 506 416 395 47 348 49 115 1319 773 299 207 546 526 65 42 751 724 702 682 173 93 80 659 236 423 214
internal_count=2216 2152 2128 2013 1993 64 1973 1952 1932 613 74 52 539 506 416 395 47 348 49 115 1319 773 299 207 546 526 65 42 751 724 702 682 173 93 80 659 236 423 214
is_linear=0
shrinkage=0.05


Tree=46
num_leaves=40
num_cat=0
split_feature=30 7 9 18 30 15 6 5 16 29 18 19 7 8 5 12 23 10 20 19 10 12 13 12 3 7 7 30 6 6 23 10 3 5 7 8 5 3 15
split_gain=11898.1 5764.27 16902.6 7329.59 7178.1 5326.49 4891.91 8466.03 7374.4 35634.6 6120.43 21156.6 4508.79 12770.1 4030.98 3330.06 2586.11 2564.41 3261.03 9173.98 3906.03 13585.8 3622.64 2719.27 5115.66 3338.57 3669.75 2764.05 1927.33 5912.52 1912.6 6924.49 1737.67 1681.44 2569.58 1523.85 1475.78 1448.08 1196.63
threshold=-2.4608415365219112 -1.0144957304000852 -1.0193323493003843 -1.5910865664482114 1.0098809599876406 -1.513170003890991 -0.41304950416088099 3.0898362398147587 1.840181350708008 -0.3661032766103744 -1.0022060871124265 -1.1045494675636289 1.1276233196258547 1.1091161370277407 2.16840672492981 -1.3944663405418394 -1.0090146660804746 0.57539084553718578 -0.10971026122570036 -0.050829095765948289 -0.42161588370800013 -0.30952669680118555 0.039785401895642288 0.15794625878334048 -0.14528142660856244 0.32105529308319097 0.40063431859016424 0.23093944787979129 3.2509608268737797 2.5557608604431157 -0.50766867399215687 -0.57133969664573658 -0.024016872979700562 -0.56422135233879078 -1.172109007835388 1.1315546631813052 -0.1493597403168678 0.92474040389060985 1.8295560479164126
decision_type=2 2 2 2 2 2 2 2 2 2 2 2 2 2 2 2 2 2 2 2 2 2 2 2 2 2 2 2 2 2 2 2 2 2 2 2 2 2 2
left_child=-1 3 -3 15 6 -5 7 8 10 -10 11 -4 13 17 28 -2 33 18 30 -20 -21 -22 -23 24 -24 -25 -27 -28 29 38 31 -12 -11 34 -7 -14 -35 -37 -8
right_child=1 2 4 5 -6 16 14 -9 9 32 12 -13 35 -15 -16 -17 -18 -19 19 20 21 22 23 25 -26 26 27 -29 -30 -31 -32 -33 -34 36 -36 37 -38 -39 -40
leaf_value=1.0633103187267599 -0.40324978536367423 1.3953199914910579 -0.31489666844236441 0.66820698730647576 0.73244046948172836 -0.20495042341739633 -0.090042060272257751 1.0438152801422846 2.3010290032625202 0.071733287367082774 -0.12107344542506276 1.7989695164747539 0.025503694576521713 1.2305957812638511 -0.81921192795038233 -1.2467076355760749 -0.6864953500745089 -0.20946407999457986 0.94648783488139032 -0.50615434730104336 1.3300712281749363 -0.22324526341898099 1.0526245924688522 -0.18242398368283397 0.035121667583783468 0.80236047571120062 -0.23503964489156548 0.50987974464893338 -0.43921848959647697 0.76880313398316513 -0.1815388641909722 0.63827903990290669 -0.56413404616442597 -0.47488501268354333 0.37671445073450316 -0.30479472507722677 -0.081436661874445593 -0.77502826885743581 -0.4370049146505503
leaf_weight=26 25 22 29 20 33 43 562 21 20 21 143 20 24 21 20 22 23 145 31 29 21 105 21 84 30 23 33 20 39 20 218 38 22 44 34 64 52 22 26
leaf_count=26 25 22 29 20 33 43 562 21 20 21 143 20 24 21 20 22 23 145 31 29 21 105 21 84 30 23 33 20 39 20 218 38 22 44 34 64 52 22 26
internal_value=4.58769e-10 -0.0126238 0.0173442 -0.232199 0.00143054 -0.109072 -0.0114559 0.0486789 0.0310287 0.557397 0.00144689 0.547906 -0.0235312 0.0111434 -0.120095 -0.79806 -0.188386 -0.0160707 0.019158 0.120615 0.0506639 0.09858 0.0167404 0.136165 0.454093 0.0348248 0.274942 0.046062 -0.0984841 -0.0766278 -0.0817904 0.0383486 -0.253594 -0.122163 0.0518886 -0.326776 -0.261767 -0.425087 -0.105384
internal_weight=2216 2190 1927 263 1905 216 1872 1205 1184 63 1121 49 1072 962 667 47 196 941 796 397 366 337 316 211 51 160 76 53 647 608 399 181 43 173 77 110 96 86 588
internal_count=2216 2190 1927 263 1905 216 1872 1205 1184 63 1121 49 1072 962 667 47 196 941 796 397 366 337 316 211 51 160 76 53 647 608 399 181 43 173 77 110 96 86 588
is_linear=0
shrinkage=0.05


Tree=47
num_leaves=40
num_cat=0
split_feature=12 25 33 12 4 30 30 33 19 15 16 7 7 7 28 5 12 29 29 29 27 5 5 5 30 31 29 29 15 29 29 33 15 20 9 0 33 7 30
split_gain=11529.7 41328.9 7451.3 13596.3 9107.63 6946.64 6176.4 5303.9 6876.12 4204.6 22977 34102.9 3983.79 19890 4201.96 13156.1 3718.48 3304.21 2475.02 14416.1 12917.7 2220.39 2167.99 1718.35 1646.52 1921.42 1991.64 3204.05 1557.3 2056.28 3892.81 1882.21 3867.44 8756.7 2641.18 3193.07 2135.16 2079.48 1508.57
threshold=-1.3754690289497373 -1.6300981044769285 -0.047459915280342095 -1.2313437461853025 2.1176037788391118 -2.4608415365219112 1.0098809599876406 -0.047462873160839074 -0.65598705410957325 2.1951055526733403 1.840181350708008 1.3450282812118532 1.1276233196258547 1.0725600123405459 -1.2250468134880064 -0.32185484468936915 0.99506542086601268 1.6874600648880007 -0.52172148227691639 -0.44785918295383448 -0.099173549562692628 -0.35242359340190882 -0.068570896983146654 -0.19084589928388593 0.51504388451576244 2.8130685091018681 0.18635816127061847 0.42881171405315405 -0.832698494195938 0.45624069869518286 0.38735149800777441 -0.047476824373006814 -0.19662933796644208 -0.29294894635677332 -0.29893273115158076 0.62241578102111828 -0.047471635043621056 0.59595096111297619 0.05640011094510556
decision_type=2 2 2 2 2 2 2 2 2 2 2 2 2 2 2 2 2 2 2 2 2 2 2 2 2 2 2 2 2 2 2 2 2 2 2 2 2 2 2
left_child=5 -2 3 -3 6 -1 7 9 -9 10 12 -12 13 14 15 -5 18 24 -16 20 -20 -11 -14 -18 25 26 -4 -28 -21 30 31 38 33 36 -34 -36 -33 -37 -30
right_child=1 2 17 4 -6 -7 -8 8 -10 21 11 -13 22 -15 16 -17 23 -19 19 28 -22 -23 -24 -25 -26 -27 27 -29 29 -31 -32 32 34 -35 35 37 -38 -39 -40
leaf_value=-1.3649702375585384 2.1288547847581945 1.2696204155683519 -0.22415510980106557 1.3804412917606532 1.0802798984944821 -0.29547923319801994 0.65575437380207913 1.2207651396095753 -0.04687790300535119 -0.19993291795253754 -0.20906532137570055 2.6436868369579316 -0.13608392500710265 1.4831647897308524 -0.21827201063127874 -0.43312899887561801 -0.20314192072518411 -0.86377792596817027 0.14323443328180621 -0.20219269306847343 1.7274263544516133 -0.85384144726253697 -0.51784468742839074 -0.7666773304343224 -0.58174924564361574 -0.61040353434426453 0.60487229471856896 -0.1129241354060623 -0.16435575750955475 -0.19694699744076852 0.54891684849280864 0.39331248998641971 -0.47614654579332899 1.2978755581378938 0.63998574391007423 -0.16590308003288545 -0.21881956468368402 0.39243183036645257 0.00017581327041427708
leaf_weight=22 23 22 134 20 20 49 36 20 23 34 22 20 107 22 154 20 31 20 31 135 22 21 57 24 25 21 22 53 218 143 32 28 28 20 20 81 29 21 386
leaf_count=22 23 22 134 20 20 49 36 20 23 34 22 20 107 22 154 20 31 20 31 135 22 21 57 24 25 21 22 53 218 143 32 28 28 20 20 81 29 21 386
internal_value=2.14601e-09 0.0207496 -0.00209982 0.0340533 0.0191588 -0.626871 0.00740125 -0.00579304 0.542724 -0.0194583 -0.00530019 1.14939 -0.0350712 -0.00890975 -0.0316579 0.473656 -0.0460646 -0.244918 -0.0296224 -0.00529072 0.800824 -0.449607 -0.268769 -0.449048 -0.19638 -0.154492 -0.108682 0.0976295 -0.0427351 -0.0213367 0.00776208 -0.0130766 0.10967 0.397721 -0.0381965 0.0623167 0.0818769 -0.0509518 -0.0592081
internal_weight=2216 2145 2122 1847 1825 71 1805 1769 43 1726 1671 42 1629 1465 1443 40 1403 275 1348 1194 53 55 164 55 255 230 209 75 1141 1006 863 831 227 77 150 122 57 102 604
internal_count=2216 2145 2122 1847 1825 71 1805 1769 43 1726 1671 42 1629 1465 1443 40 1403 275 1348 1194 53 55 164 55 255 230 209 75 1141 1006 863 831 227 77 150 122 57 102 604
is_linear=0
shrinkage=0.05


Tree=48
num_leaves=40
num_cat=0
split_feature=30 7 9 27 6 30 5 16 15 18 29 4 7 8 5 10 20 19 10 12 13 33 3 10 24 6 6 13 12 23 10 23 8 11 33 30 4 15 3
split_gain=11928.8 5325.67 14989.8 7202.71 6610.96 12731.1 7675.83 6320.71 31704 5340.29 19465.9 3930.15 3716.76 11493.8 3488.85 2338.64 2935.94 8118.13 2754.03 13783.9 3334.56 2704.85 16671.3 2701.88 1779.07 1705.52 5108.05 1780.44 6731.2 1701.98 6237.56 1401.38 1375.3 1402.72 1202.55 1085.31 3154.62 973.635 916.723
threshold=-2.4608415365219112 -1.0144957304000852 -1.0193323493003843 -1.8494415283203123 -0.41304950416088099 1.0098809599876406 3.0898362398147587 1.840181350708008 2.1951055526733403 -1.0022060871124265 -0.0043747618328779927 0.70803293585777294 1.1276233196258547 1.1091161370277407 -0.47797383368015284 0.57539084553718578 -0.10971026122570036 -0.065883025527000413 -0.42161588370800013 -0.30952669680118555 0.039785401895642288 -0.047486685216426842 -0.31822121143341059 0.43079948425292974 0.15813858807086947 3.2509608268737797 2.5557608604431157 -0.57643339037895192 -0.70535328984260548 -0.50766867399215687 -0.57133969664573658 -1.0090146660804746 1.1315546631813052 1.5929055213928225 -0.047477655112743371 -0.063162293285131441 -1.0113607645034788 0.32514695823192602 -0.72611108422279347
decision_type=2 2 2 2 2 2 2 2 2 2 2 2 2 2 2 2 2 2 2 2 2 2 2 2 2 2 2 2 2 2 2 2 2 2 2 2 2 2 2
left_child=-1 3 -3 -2 5 6 7 9 -9 10 -4 31 13 15 25 16 29 -18 -19 -20 38 37 -23 24 -24 26 27 28 -6 30 -11 35 -14 -34 -26 36 -5 -22 -21
right_child=1 2 4 11 14 -7 -8 8 -10 12 -12 -13 32 -15 -16 -17 17 18 19 20 21 22 23 -25 34 -27 -28 -29 -30 -31 -32 -33 33 -35 -36 -37 -38 -39 -40
leaf_value=1.0646801398350643 -0.95291427036126464 1.3138319557363338 -0.31326062227117607 0.42907587838172917 -0.15062090114165003 1.2356282275655996 0.99565327678407956 1.8137720276912053 -0.45277045402261945 -0.11388449007547559 1.7143800169229508 0.35861608394554684 0.039914398267865185 1.1689648639588128 -0.49162196385026991 -0.19844921037297825 0.98832026815414431 -0.39368083707747925 1.3090449517423457 0.083687304208676025 0.086651874625164535 1.5480986183597929 0.22645467192895952 0.44218743419454942 -0.41987441189979252 -0.42317239811850921 0.71667773673310886 -0.13938991426584199 0.75311765814466147 -0.17000387197855962 0.6068195690842052 -0.60232470402760174 -0.59008261413248475 -0.1862180235774018 -0.010560907971333057 -0.29483711495995524 -0.23326052064076067 -0.33456138677018532 -0.28479957246156629
leaf_weight=26 30 22 29 25 78 23 21 27 36 143 20 35 24 21 59 145 25 31 22 21 23 21 31 31 38 36 20 456 28 218 38 21 43 43 34 88 64 34 86
leaf_count=26 30 22 29 25 78 23 21 27 36 143 20 35 24 21 59 145 25 31 22 21 23 21 31 31 38 36 20 456 28 218 38 21 43 43 34 88 64 34 86
internal_value=2.41173e-10 -0.01264 0.0161653 -0.223696 0.00117908 0.0703383 0.0480962 0.0312899 0.518605 0.0039029 0.514348 -0.129806 -0.019429 0.0120531 -0.124268 -0.0137653 0.0198768 0.116144 0.0575299 0.0985491 0.0150666 0.129913 0.238217 0.0329374 -0.090235 -0.0891967 -0.0685385 -0.0964821 0.0881025 -0.0759077 0.0374235 -0.216143 -0.294754 -0.38815 -0.226587 -0.170325 -0.047211 -0.164598 -0.21248
internal_weight=2216 2190 1927 263 1905 1228 1205 1184 63 1121 49 233 1072 962 677 941 796 397 372 341 319 212 155 134 103 618 582 562 106 399 181 198 110 86 72 177 89 57 107
internal_count=2216 2190 1927 263 1905 1228 1205 1184 63 1121 49 233 1072 962 677 941 796 397 372 341 319 212 155 134 103 618 582 562 106 399 181 198 110 86 72 177 89 57 107
is_linear=0
shrinkage=0.05


Tree=49
num_leaves=40
num_cat=0
split_feature=29 21 19 5 5 5 8 30 16 29 30 13 29 29 30 27 3 11 29 5 6 3 3 5 29 26 29 5 31 3 30 30 0 33 33 0 16 30 3
split_gain=11348.3 8896.42 10514.5 5122.36 4545.81 12557.4 27601.8 11499.3 5509.41 42050.2 4761.9 3557.8 2518.55 9069.75 18440.2 10145.4 2428.7 2152.82 2637.12 1868.45 1782.86 1716.65 3102.4 2512.33 6394.15 2199.22 1510.24 6572.88 2882.6 1466.18 1431.23 6561.75 2565.21 1332.3 1282.42 1223.43 1157.43 1120.04 1119
threshold=3.2934920787811284 -1.6710991859436033 -1.5992504954338072 3.5429087877273564 0.93583095073699962 0.700014889240265 -0.039666689932346337 1.0098809599876406 1.840181350708008 -0.46025393903255457 0.68561020493507396 0.88261732459068309 -0.52172148227691639 -0.46025393903255457 -0.014886674005538223 -1.1976896524429319 -0.64549770951271046 0.96811065077781688 -0.53842404484748829 -0.28255215287208552 2.5032929182052617 0.78211680054664623 0.042127428576350219 -0.37425841391086573 0.19646847248077395 0.59501159191131603 0.35684481263160711 -0.14717625826597211 -1.155254542827606 0.95643454790115368 0.098575331270694747 0.15367031842470172 -0.73285263776779164 -0.047335436567664139 -0.047461293637752526 -0.47671638429164881 0.84721967577934276 0.17855016142129901 -0.5635063350200652
decision_type=2 2 2 2 2 2 2 2 2 2 2 2 2 2 2 2 2 2 2 2 2 2 2 2 2 2 2 2 2 2 2 2 2 2 2 2 2 2 2
left_child=1 33 -3 4 5 7 -7 8 11 -10 17 12 -4 14 -14 -15 -11 18 -6 -13 21 22 26 24 -23 35 30 28 -28 -25 -17 32 -32 -1 -30 -24 -21 -20 -33
right_child=-2 2 3 -5 10 6 -8 -9 9 16 -12 19 13 15 -16 20 -18 -19 37 36 -22 23 25 29 -26 -27 27 -29 34 -31 31 38 -34 -35 -36 -37 -38 -39 -40
leaf_value=-0.99585661563006322 1.0813449919223785 1.0898844843561 -0.1848306064073946 0.78757446408271792 0.34894782798043611 -0.18510214922756985 2.2293743866682054 0.84978866028158295 2.3671025192737583 0.068438439567883813 -0.95624714046716697 -0.15164105133398584 1.8351086335629228 1.0681156826870781 -0.18432730161226715 -0.13282992149182296 -0.54879157736020934 -0.53973101512078314 -0.2669052970507797 -0.76177344892335974 -0.34229620073704009 -0.011808687789099558 -0.66265651454096264 0.35823502445762812 1.1089024869352579 0.18878066216905912 0.52064234217007954 0.96454155486077076 -0.13288038504942684 -0.092615480063483135 0.1677079295496578 -0.016515451026066105 0.89260887980747694 -0.4390751636276643 0.23991393021174839 -0.26347136701103946 -0.29972255052716446 -0.0032873387520129869 -0.2484926012371268
leaf_weight=22 24 22 204 20 29 29 20 38 20 30 20 152 20 21 26 295 34 31 106 23 47 35 23 22 20 24 24 20 131 100 23 202 26 21 28 116 33 65 70
leaf_count=22 24 22 204 20 29 29 20 38 20 30 20 152 20 21 26 295 34 31 106 23 47 35 23 22 20 24 24 20 131 100 23 202 26 21 28 116 33 65 70
internal_value=8.91061e-10 -0.0118395 0.0024091 -0.00883889 -0.0163986 0.0106094 0.800398 -0.0108072 -0.0292937 0.365908 -0.216107 -0.0489952 -0.0217304 0.00440667 0.693688 -0.0214344 -0.259465 -0.152025 -0.0919308 -0.242601 -0.0404066 -0.0281644 -0.0539988 0.115166 0.395723 -0.253209 -0.0143514 0.103924 0.00986708 -0.0113146 -0.0533284 0.0197337 0.552349 -0.72394 -0.0672311 -0.329524 -0.489493 -0.1667 -0.0762155
internal_weight=2216 2192 2149 2127 2107 1856 49 1807 1769 84 251 1685 1477 1273 46 1227 64 231 200 208 1206 1159 982 177 55 163 819 203 183 122 616 321 49 43 159 139 56 171 272
internal_count=2216 2192 2149 2127 2107 1856 49 1807 1769 84 251 1685 1477 1273 46 1227 64 231 200 208 1206 1159 982 177 55 163 819 203 183 122 616 321 49 43 159 139 56 171 272
is_linear=0
shrinkage=0.05


Tree=50
num_leaves=40
num_cat=0
split_feature=30 29 30 22 0 28 28 30 30 9 7 11 6 3 29 27 8 24 5 4 2 12 8 12 6 21 27 0 28 30 30 3 4 26 28 27 11 20 11
split_gain=10933.9 5639.81 13504.3 8103.75 4978.13 4551.94 10578 4726.49 15226.6 41013.1 11185.2 5893.52 4522.75 3834.64 3578.85 3036.72 2938.99 2400.01 3630.06 2240.63 3343.26 6187.12 2772.39 7145.42 4696.9 2147.98 2023.46 2116.37 1958.97 1958.49 2404.28 6338.1 1865.29 1847.05 1814.9 2498.78 4482.31 6023.9 1658.39
threshold=-2.4608415365219112 0.79209810495376598 1.0098809599876406 -1.6769025325775144 2.9056415557861333 -1.3013150095939634 -1.2250468134880064 0.18768508732318881 0.11983910948038103 1.2217946052551272 2.0837219953536992 0.94788303971290599 2.872025847434998 -0.82119348645210255 -0.41597388684749598 -0.13236420601606366 -1.0384363532066343 0.99694806337356578 -0.16027715057134626 -1.0347204208374021 1.0000000180025095e-35 0.11038151755928995 -0.2092020437121391 -0.6477123200893401 -0.19443313032388684 0.52076053619384777 -0.032259343191981309 -0.37333177030086512 -0.6225130259990691 0.27967716753482824 0.31340506672859197 -0.037107933312654488 0.92011401057243358 -0.81897351145744313 1.5616339445114138 0.43099544942379003 -0.37993216514587397 0.52526456117630016 0.70260643959045421
decision_type=2 2 2 2 2 2 2 2 2 2 2 2 2 2 2 2 2 2 2 2 2 2 2 2 2 2 2 2 2 2 2 2 2 2 2 2 2 2 2
left_child=-1 2 3 -2 5 -5 -7 8 10 14 11 12 19 16 -10 33 -3 29 -19 26 34 22 23 32 -25 -13 27 -8 -17 -9 31 -31 -22 -15 35 -21 -37 -38 -16
right_child=1 13 -4 4 -6 6 7 17 9 -11 -12 25 -14 15 38 28 -18 18 -20 20 21 -23 -24 24 -26 -27 -28 -29 -30 30 -32 -33 -34 -35 -36 36 37 -39 -40
leaf_value=1.0193144394801212 0.90938473269343378 0.51271093215116048 1.1019524546606201 -0.36831253319159973 0.76982426166534434 0.89507998097687969 -0.22354024097971292 -0.23631295341869885 0.67239246849090828 2.5401842040675029 1.1300288337469102 -0.04849134371394203 0.71679458955302833 -0.47846349339713073 0.15759112132045461 0.18990160893826258 -0.24292867866254625 -0.099675269873745476 -0.62345187393101786 -0.13287939425236503 0.058056428263040444 0.78404226718526904 -0.30564081452109598 1.2563808254897595 0.172764102332294 -0.64003345145468127 -0.42837210602381015 0.39254962950944905 -0.39494269491897693 -0.16656298246876947 -0.06564556070049353 0.99043764710426341 -0.42196823772309089 -1.0664303352209656 -0.50862477943883277 -0.13940419718623162 1.1425064546721322 0.003931781420340905 -0.31078104414045815
leaf_weight=26 24 22 28 91 20 32 46 145 31 21 20 21 20 34 106 21 31 83 55 313 73 33 44 20 20 57 66 20 45 29 395 20 28 22 24 60 21 26 23
leaf_count=26 24 22 28 91 20 32 46 145 31 21 20 21 20 34 106 21 31 83 55 313 73 33 44 20 20 57 66 20 45 29 395 20 28 22 24 60 21 26 23
internal_value=-1.04385e-09 -0.0121015 0.0115448 -0.00382083 -0.0149858 -0.0230642 -0.00610003 -0.021945 0.0437695 0.462678 -0.0393692 -0.0655889 -0.0258047 -0.284371 0.190005 -0.438637 0.070733 -0.120743 -0.308427 -0.04451 -0.00700382 0.153354 0.0408525 0.148978 0.714572 -0.480772 -0.232609 -0.0368463 -0.208856 -0.076769 -0.0246657 0.305682 -0.0750197 -0.70945 -0.0857379 -0.061573 0.147015 0.512657 0.0740829
internal_weight=2216 2190 2015 1987 1963 1943 1852 1820 1093 181 912 892 814 175 160 122 53 727 138 794 662 218 185 141 40 78 132 66 66 589 444 49 101 56 444 420 107 47 129
internal_count=2216 2190 2015 1987 1963 1943 1852 1820 1093 181 912 892 814 175 160 122 53 727 138 794 662 218 185 141 40 78 132 66 66 589 444 49 101 56 444 420 107 47 129
is_linear=0
shrinkage=0.05


Tree=51
num_leaves=40
num_cat=0
split_feature=11 25 28 28 12 30 27 28 30 33 13 29 30 30 4 8 30 13 29 30 12 4 29 29 21 5 4 3 5 30 30 15 20 4 30 30 30 31 0
split_gain=11396.2 36118.1 7941.31 14402.1 8019.6 7094.23 5538.95 38062.1 22884.2 6646.25 27116.5 8142.55 8168.01 20143.8 10590.5 5714.45 5677.99 2903.48 2727.12 2715.56 2416.53 1972.16 2319.12 7529.55 2176.76 1872.85 1595.39 1588.34 2903.73 5162.34 2230.91 4485.11 1430.27 1284.53 1279.83 1170.16 1610.98 1738.64 5670.34
threshold=-1.3570068478584287 -1.6300981044769285 -1.2388885617256162 -1.197591185569763 -1.2313437461853025 -2.4608415365219112 0.25011114776134497 1.6180556416511538 0.95535138249397289 -0.04747741483151912 0.89478415250778209 -0.1960262060165405 -0.18787831068038938 -0.043311089277267449 0.25682270526885992 0.96793350577354442 1.0098809599876406 0.97933045029640209 -0.0086820246651768667 -0.65878006815910328 -0.92192900180816639 -1.0371792912483213 0.42881171405315405 0.49154929816722875 -0.29619945585727686 -0.13407536596059796 2.0690402984619145 -0.22865080833435056 -0.08385527133941649 0.18555630743503573 0.27116943895816809 0.24344982206821444 0.065395638346672072 -0.15443019568920133 0.30846130847930914 0.6492697298526765 0.20974023640155795 0.22507857531309131 0.56464204192161571
decision_type=2 2 2 2 2 2 2 2 2 2 2 2 2 2 2 2 2 2 2 2 2 2 2 2 2 2 2 2 2 2 2 2 2 2 2 2 2 2 2
left_child=5 -2 18 -4 -5 -1 7 8 9 17 11 12 -11 -14 -15 16 19 27 -3 -8 -13 34 35 -24 -25 -19 -22 28 -6 -30 -29 -32 -16 -7 -21 36 37 -23 -39
right_child=1 2 3 4 6 33 15 -9 -10 10 -12 20 13 14 32 -17 -18 25 -20 21 26 22 23 24 -26 -27 -28 30 29 -31 31 -33 -34 -35 -36 -37 -38 38 -40
leaf_value=-1.384856484153054 1.9483742326498033 -0.239634412848998 1.2396986067295075 0.73663904650791279 -0.033286320414876024 -0.012861584601077168 -0.59030501029413684 1.990372682094574 1.580419368847557 -0.27052850119165472 1.7534540755152701 0.26914134815335278 2.0136713045835495 1.1105779377014742 -0.41338953971862796 -0.70320225577705953 -0.89107023392404838 -0.17042211803771157 -0.75294678509235391 -0.38326439480068258 -0.16281761654283641 -0.10049039403287073 1.0798776098713281 0.33408807283267383 -0.18286045063287021 -0.53012162397056828 -0.63664117455482483 -0.32207762214541436 0.95595976511637371 -0.16647361174225808 -0.27915576432759942 0.57875895074009898 0.12843135371804237 -0.56651724055409436 0.061580092053521766 0.32108757190406323 -0.21479647964127918 0.73722448080778125 -0.057638632740794032
leaf_weight=22 24 92 24 37 402 22 23 25 23 37 25 30 20 23 29 39 21 131 36 61 159 192 20 32 56 50 20 100 21 20 39 25 21 20 22 20 134 30 89
leaf_count=22 24 92 24 37 402 22 23 25 23 37 25 30 20 23 29 39 21 131 36 61 159 192 20 32 56 50 20 100 21 20 39 25 21 20 22 20 134 30 89
internal_value=6.21319e-10 0.019554 -0.00219964 0.0222358 0.00744881 -0.657502 -0.0064656 0.0598517 0.0187767 -0.0124019 0.164301 0.0471072 0.357815 0.607801 0.222631 -0.114153 -0.0813342 -0.0940262 -0.384004 -0.0562908 -0.146156 -0.0375677 -0.00457251 0.20415 0.00512083 -0.269787 -0.215759 -0.0416166 0.00759499 0.408431 -0.174548 0.0559672 -0.185825 -0.276507 -0.265354 -0.05305 -0.0698651 -0.00741884 0.142747
internal_weight=2216 2152 2128 2000 1976 64 1939 1200 1175 1152 364 339 130 93 73 739 700 788 128 679 209 656 573 108 88 181 179 607 443 41 164 64 50 42 83 465 445 311 119
internal_count=2216 2152 2128 2000 1976 64 1939 1200 1175 1152 364 339 130 93 73 739 700 788 128 679 209 656 573 108 88 181 179 607 443 41 164 64 50 42 83 465 445 311 119
is_linear=0
shrinkage=0.05


Tree=52
num_leaves=40
num_cat=0
split_feature=30 8 8 30 18 13 14 7 8 3 15 5 3 30 12 30 28 30 29 29 7 5 3 5 31 15 5 5 5 6 5 30 18 28 21 33 15 10 23
split_gain=11049.1 5634.73 10433.2 8228.04 6623.41 4747.88 41386.2 8981.44 5946.13 8328.82 4725.37 4269.11 4095.55 3218.56 3017.18 2909.6 8211.46 4700.17 3740.87 10186.8 14429.4 3923.71 2321.87 1796.56 2256.49 1774.17 2404.12 1713.52 1366 1275.51 1248.09 988.783 952.651 893.76 3782.7 1676.46 3230.6 1938.78 2709.32
threshold=-2.4608415365219112 -0.95307955145835865 -0.91681295633316029 1.0098809599876406 -1.5910865664482114 1.5881919264793398 1.4663060307502749 1.6315463185310366 0.95140758156776439 2.6286451816558842 -1.513170003890991 2.941359400749207 0.57817187905311596 0.86204820871353161 -1.3944663405418394 -0.31357385218143458 -1.2250468134880064 -0.28542430698871607 -0.41597388684749598 -0.52172148227691639 0.11392801254987718 0.47402445971965795 -0.4353517591953277 -0.56422135233879078 -0.10122772306203841 0.34701991081237799 -0.308753952383995 -0.33823095262050623 0.73058363795280468 2.5032929182052617 0.85613384842872631 -0.13918532431125638 1.5376403331756594 -0.41530318558216089 -0.52162006497383107 -0.047476394101977341 -0.38555981218814844 -0.47057256102561945 -0.35094870626926417
decision_type=2 2 2 2 2 2 2 2 2 2 2 2 2 2 2 2 2 2 2 2 2 2 2 2 2 2 2 2 2 2 2 2 2 2 2 2 2 2 2
left_child=-1 4 -3 5 14 6 7 8 9 11 -6 15 25 23 -2 30 -17 -18 19 21 -21 -19 32 24 -12 -10 -27 -25 -14 33 -4 -29 -7 -20 -35 37 -37 -36 -39
right_child=1 2 3 -5 10 22 -8 -9 12 -11 13 -13 28 -15 -16 16 17 18 29 20 -22 -23 -24 27 -26 26 -28 31 -30 -31 -32 -33 -34 34 35 36 -38 38 -40
leaf_value=1.0246711437518781 -0.34564193665981291 0.99693126667428911 -0.24676966986981466 0.84242033300728636 0.61251616584403179 0.03977132310208522 2.0764113143086433 1.0127294411261878 0.25904878753991356 1.0160114854574205 -0.12023263332336696 -0.70252381861209878 -0.41331186493237815 -0.74590677429329277 -1.1224532656669617 0.90467610780436269 0.74868746513412121 -0.19309899905172079 -0.11977243912016505 0.070696966093335603 1.5908991109372843 0.54250432117418812 -0.58099805141488714 -0.51272458342405469 0.38488464201941636 -0.077645870058213259 -0.6547376608619323 -0.27259475430473684 -0.95549672108430139 -0.33944407827087814 0.14896138307193052 0.057536207035530446 -0.33049926497042181 0.67170060824602851 -0.35908934324979785 0.6818315227826437 0.029457083975111473 0.51486497971983192 -0.065582210719269049
leaf_weight=26 25 27 149 29 21 38 24 21 21 20 67 22 21 22 25 26 21 103 227 37 27 22 48 39 33 59 26 48 26 35 23 43 32 20 53 21 197 21 471
leaf_count=26 25 27 149 29 21 38 24 21 21 20 67 22 21 22 25 26 21 103 227 37 27 22 48 39 33 59 26 48 26 35 23 43 32 20 53 21 197 21 471
internal_value=-6.7481e-10 -0.012165 0.021194 0.00687611 -0.204986 -0.00650367 0.0148697 -0.014775 -0.0278682 0.00251502 -0.108089 -0.0112273 -0.32475 -0.168139 -0.734048 -0.000760324 0.0251661 0.00694521 -0.00567763 0.199026 0.712032 -0.0636328 -0.313157 -0.112875 0.0464561 -0.152493 -0.254168 -0.235437 -0.713244 -0.0427006 -0.193852 -0.116599 -0.129495 -0.0324174 -0.0070923 -0.024885 0.0923005 -0.0717593 -0.040807
internal_weight=2216 2190 1867 1840 323 1811 1693 1669 1648 1495 273 1475 153 252 50 1453 1281 1255 1234 189 64 125 118 230 100 106 85 130 47 1045 172 91 70 1010 783 763 218 545 492
internal_count=2216 2190 1867 1840 323 1811 1693 1669 1648 1495 273 1475 153 252 50 1453 1281 1255 1234 189 64 125 118 230 100 106 85 130 47 1045 172 91 70 1010 783 763 218 545 492
is_linear=0
shrinkage=0.05


Tree=53
num_leaves=40
num_cat=0
split_feature=28 12 16 11 7 12 15 19 18 31 3 30 27 29 23 3 0 18 20 30 10 22 5 33 16 15 9 5 0 29 6 30 0 4 6 30 18 21 0
split_gain=10809.4 34555.5 18966.9 5441.15 34042 9646.29 47310.2 5353.99 22755.2 22367.5 6483.7 5715.94 5499.87 21211.1 5243.57 5229.05 6306.88 3779.98 31288 3870.79 3080.8 2830.61 2664.3 2428.51 2203.51 5165.56 6976.72 2667.19 10297.1 2162.4 1923.56 1840.44 1817.79 2358.49 3353.58 1800.72 1683.85 2874.2 1418.43
threshold=-1.5452485680580137 -0.7838660180568694 -1.5581622719764707 1.6160847544670107 1.6315463185310366 1.2761033177375796 0.81930962204933178 0.40054090321064001 0.35629065334796911 0.33342806994915014 1.8135544657707217 -1.3757219314575193 -1.1976896524429319 -0.077669773250818239 -1.3537674546241758 1.4042866230010989 0.57662606239318859 -0.65026244521141041 -0.66110864281654347 0.80684712529182445 0.97683763504028331 0.43905407190322882 0.053704112768173225 -0.047483431175351136 -0.50446477532386769 -0.60947853326797474 -0.50863429903984059 0.82119813561439525 0.44694815576076513 -0.56792768836021412 -0.4421983510255813 0.83155819773674022 -0.88292127847671498 -0.95480579137802113 -0.41887925565242762 0.86204820871353161 1.5376403331756594 0.8560585379600526 -0.68849384784698475
decision_type=2 2 2 2 2 2 2 2 2 2 2 2 2 2 2 2 2 2 2 2 2 2 2 2 2 2 2 2 2 2 2 2 2 2 2 2 2 2 2
left_child=1 -1 14 4 5 7 -7 8 10 -10 11 -4 13 -13 29 17 -17 35 -19 21 31 24 -22 36 25 -20 -27 32 -29 -2 -12 -9 33 -26 -35 -14 37 -5 -34
right_child=2 -3 3 23 -6 6 -8 20 9 -11 30 12 15 -15 -16 16 -18 18 19 -21 22 -23 -24 -25 27 26 -28 28 -30 -31 -32 -33 38 34 -36 -37 -38 -39 -40
leaf_value=2.3161169448494912 -0.91706496368754997 -0.47225129765272139 0.83339639956300915 -0.40790150246836926 1.8629716916084291 2.6064696085453036 -0.41187713645599988 -0.076755069619892841 0.10844555315764055 2.3947502392530442 -0.27093579225902314 -0.24981668791600639 -0.12341884898656015 1.7602125592174986 -1.5221548163890839 1.1020731472450753 -0.11196545131504537 1.9455531842651823 -0.26415030917269178 -0.69905304306186744 -0.22849790254171862 0.5183252197045547 -0.86736210392415536 -0.81329152541501193 -0.1165953231341057 1.213565770875324 0.014065036122445708 1.1614934938294548 -0.19451830153841349 -0.23738361675292255 -0.80932856372424544 -0.53535927611848588 -0.3851227789436682 0.66586420622564135 -0.1213979219396909 -0.59927663519268948 -0.42951000481843948 0.39149024949773503 -0.10368689148302151
leaf_weight=20 22 25 22 22 25 20 37 448 23 20 79 35 373 21 20 23 20 21 32 20 47 26 25 21 69 22 27 21 42 25 21 23 52 31 24 21 46 23 322
leaf_count=20 22 25 22 22 25 20 37 448 23 20 79 35 373 21 20 23 20 21 32 20 47 26 25 21 69 22 27 21 42 25 21 23 52 31 24 21 46 23 322
internal_value=2.49663e-10 0.767023 -0.0158987 0.0104739 0.0295398 0.00623737 0.647192 -0.0128906 0.0398698 1.17184 0.00310627 0.0347325 0.0201147 0.503944 -0.844076 -0.00352798 0.537404 -0.024616 0.0443845 -0.0136454 -0.145715 0.00687581 -0.450326 -0.328626 -0.0138371 0.229943 0.552616 -0.0490353 0.257486 -0.555532 -0.383998 -0.0991498 -0.087812 0.07809 0.322332 -0.148782 -0.21678 0.000676504 -0.142817
internal_weight=2216 45 2171 2104 1992 1967 57 1910 1367 43 1324 1224 1202 56 67 1146 43 1103 709 688 543 668 72 112 642 81 49 561 63 47 100 471 498 124 55 394 91 45 374
internal_count=2216 45 2171 2104 1992 1967 57 1910 1367 43 1324 1224 1202 56 67 1146 43 1103 709 688 543 668 72 112 642 81 49 561 63 47 100 471 498 124 55 394 91 45 374
is_linear=0
shrinkage=0.05


Tree=54
num_leaves=40
num_cat=0
split_feature=29 21 19 27 27 5 13 22 29 5 30 8 5 4 30 27 4 3 33 27 7 29 10 4 3 29 31 4 33 29 6 3 29 33 21 15 8 9 29
split_gain=10928.7 8085.76 8933.84 4661.6 7176.62 5099.81 24283.9 58823.5 44236.9 13320.8 9469.62 3369.21 3149.29 2718.41 2555.7 2331.92 1802.1 6657.94 3867.85 3182.84 7671.4 2746.04 7078.32 1634.29 2732.3 6839.52 3995.71 1390.25 1371.42 1327.12 1191.46 1319.4 2471.88 2095.44 5762.42 1475.73 1475.04 3046.68 2397.83
threshold=3.2934920787811284 -1.6710991859436033 -1.5992504954338072 -1.2386001944541929 -1.1536921858787534 -0.30438698828220362 0.89478415250778209 0.64222413301467907 -0.34897872805595392 -0.26945126056671137 0.9120679795742036 1.1794789433479311 2.941359400749207 0.34226986765861517 1.0567454695701601 0.78191867470741283 -0.84661367535591114 -0.42983973026275629 -0.047472774982452386 0.3867646604776383 -0.32627816498279566 -0.44785918295383448 -0.079280219972133623 2.0524426698684697 1.461473882198334 0.04523908160626889 0.92261219024658214 0.20948866754770282 -0.047335436567664139 0.071945838630199446 0.95694646239280712 -0.82257151603698719 0.12923164665699008 -0.047476824373006814 -0.72021713852882374 0.58090567588806163 -0.43965753912925715 -0.53088718652725209 0.38735149800777441
decision_type=2 2 2 2 2 2 2 2 2 2 2 2 2 2 2 2 2 2 2 2 2 2 2 2 2 2 2 2 2 2 2 2 2 2 2 2 2 2 2
left_child=1 28 -3 29 -5 11 9 -8 -9 -7 12 14 15 -10 23 16 18 -18 -11 21 -21 22 -19 24 26 -26 30 -22 -1 -4 31 33 -33 36 -35 -34 37 38 -6
right_child=-2 2 3 4 5 6 7 8 13 10 -12 -13 -14 -15 -16 -17 17 19 -20 20 27 -23 -24 -25 25 -27 -28 -29 -30 -31 -32 32 35 34 -36 -37 -38 -39 -40
leaf_value=-0.9663797302679582 1.0611668621500334 1.0043703117153862 -0.24986409911035021 0.83347503141714974 -0.20671895544975999 1.0857021836134104 2.8559680645282453 2.2612992284307256 -0.18504462429465585 -0.34456795276226931 -1.0432951599359512 -0.32584230482776083 -0.57965143597126001 -0.83786268234252936 -0.59950445741415026 -0.21440252948791608 0.87846867895126346 1.0319625535793602 0.44777314454317096 1.1090817865407603 0.23584469500042143 -0.11232610027544634 -0.14121228140882322 -0.24112251533993653 -0.2188450093070666 1.0016750836914237 0.59440067206323144 -0.34663863509893417 -0.40148377294341731 -0.70467162430286412 -0.23320074606782351 -0.01433912969601317 -0.39171751197004184 -0.085168814877497737 0.70081211653275366 0.07476506545430138 -0.086145166912892729 0.5674352993225229 0.32922923661826647
leaf_weight=22 24 22 81 26 60 26 26 20 52 67 24 113 25 23 20 109 25 20 20 22 21 232 36 84 24 22 25 20 21 20 78 238 88 58 39 21 301 29 32
leaf_count=22 24 22 81 26 60 26 26 20 52 67 24 113 25 23 20 109 25 20 20 22 21 232 36 84 24 22 25 20 21 20 78 238 88 58 39 21 301 29 32
internal_value=1.63929e-09 -0.0116186 0.00196534 -0.00840274 0.00812428 -0.00260528 0.0985193 0.748661 0.171924 -0.0230682 -0.0694902 -0.065644 -0.0303422 -0.385242 -0.0393684 -0.00633397 0.0426498 0.0900996 -0.162421 0.0339479 0.355869 -0.0364724 0.277779 -0.0291748 -0.0116343 0.364882 -0.0295082 -0.0482935 -0.6905 -0.339925 -0.0460312 -0.029173 -0.104651 0.021291 0.230844 -0.301845 -0.0268765 0.120561 -0.0203022
internal_weight=2216 2192 2149 2127 2026 2000 768 121 95 647 621 1232 597 75 1119 572 463 376 87 351 63 288 56 1099 1015 46 969 41 43 101 944 866 347 519 97 109 422 121 92
internal_count=2216 2192 2149 2127 2026 2000 768 121 95 647 621 1232 597 75 1119 572 463 376 87 351 63 288 56 1099 1015 46 969 41 43 101 944 866 347 519 97 109 422 121 92
is_linear=0
shrinkage=0.05


Tree=55
num_leaves=40
num_cat=0
split_feature=30 15 18 27 28 30 7 7 0 33 8 12 28 28 27 10 30 5 17 20 18 16 20 5 30 14 22 3 24 5 30 30 33 14 27 29 7 20 10
split_gain=10752.5 5378.45 12559.2 4735.94 35388 10698.3 6275.35 18615.4 8986.93 5673.43 4656.16 4202.74 3767.4 18261.6 3921.32 11541.1 3658.14 3410.36 1888.28 3493.91 12522.6 4292.26 2662.8 1815.89 1697.32 1644.88 3182.92 1493.05 9774.99 2214.15 1416.01 7565.27 2116.23 2736.62 1434.88 1355.27 1624.73 3977.29 1274.92
threshold=-2.4608415365219112 -1.584319472312927 -1.5910865664482114 0.25011114776134497 1.6180556416511538 1.0098809599876406 1.1276233196258547 1.0725600123405459 2.4019546508789067 -0.04742735251784324 0.96793350577354442 0.99506542086601268 -1.2761740088462827 -1.2078976035118101 0.16876037418842318 0.057604053989052779 1.0098809599876406 0.700014889240265 -0.28945431113243097 0.13133033365011218 0.13330585509538653 -0.086509224027395235 -0.25958095490932459 -0.19084589928388593 0.14941830188035968 -0.69742432236671437 -0.47977708280086512 0.83654806017875682 -0.60921120643615712 0.85613384842872631 0.11983910948038103 0.14126014709472659 -0.04748850688338279 0.061906732618808753 -0.39116537570953364 -0.41411091387271876 0.19896804541349414 0.33059500157833105 -0.19707467406988141
decision_type=2 2 2 2 2 2 2 2 2 2 2 2 2 2 2 2 2 2 2 2 2 2 2 2 2 2 2 2 2 2 2 2 2 2 2 2 2 2 2
left_child=-1 -2 -3 4 5 6 7 8 9 11 16 12 -4 -14 27 24 18 -8 25 20 21 22 -20 -13 -16 26 -5 29 -29 30 32 -32 33 34 -15 -30 -37 -38 -21
right_child=1 2 3 10 -6 -7 17 -9 -10 -11 -12 23 13 14 15 -17 -18 -19 19 38 -22 -23 -24 -25 -26 -27 -28 28 35 -31 31 -33 -34 -35 -36 36 37 -39 -40
leaf_value=1.0108238293574405 0.80418966189026841 -0.90868414640426642 -0.35475840073611059 -0.17819337828521745 1.9164056839942933 1.022140219119879 -0.1696809784941424 1.5542408630531281 1.0396055596215386 0.68527219953208141 -0.63507176475265092 -0.21872832015637431 1.4833352374179025 0.084761843085289001 -0.30205248097578685 1.3325858698803046 -0.69476937366568525 -0.72329309363575556 -0.12302045009352945 -0.24865758671391622 1.3771145537495615 -0.34241973736343234 0.58294338805272294 -0.82090731178011223 0.29259774386882781 -0.43937398472638889 0.49037511046975857 1.1330218042433262 -0.32733726943984176 -0.40204345469779157 0.90239548900205158 -0.040053984411190617 -0.19492503577983591 -0.19343875870108607 0.67652140401658567 -0.12445312024404605 0.79638782635331162 -0.12680076392633574 -0.024492676409660775
leaf_weight=26 20 39 70 162 25 26 153 20 21 29 39 31 21 20 30 21 23 34 22 83 20 47 34 21 20 46 20 20 33 47 23 287 239 40 21 66 20 28 269
leaf_count=26 20 39 70 162 25 26 153 20 21 29 39 31 21 20 30 21 23 34 22 83 20 47 34 21 20 46 20 20 33 47 23 287 239 40 21 66 20 28 269
internal_value=1.953e-10 -0.0120006 -0.0195231 -0.00325037 0.0525307 0.0177828 -0.00207519 0.0423974 0.0151078 -0.00468469 -0.102854 -0.0235965 -0.000939877 0.0255209 -0.00793712 0.348939 -0.074264 -0.270338 -0.0539629 0.00281069 0.232213 0.00990192 0.3056 -0.461916 -0.0641924 -0.172241 -0.104724 -0.0379587 0.0959385 -0.070988 -0.0462902 0.0298697 -0.12007 0.100798 0.387858 -0.0451612 0.0365213 0.257861 -0.0773497
internal_weight=2216 2190 2170 2131 1366 1341 1315 1128 1108 1087 765 1058 1006 936 915 71 726 187 703 475 123 103 56 52 50 228 182 844 167 677 630 310 320 81 41 147 114 48 352
internal_count=2216 2190 2170 2131 1366 1341 1315 1128 1108 1087 765 1058 1006 936 915 71 726 187 703 475 123 103 56 52 50 228 182 844 167 677 630 310 320 81 41 147 114 48 352
is_linear=0
shrinkage=0.05


Tree=56
num_leaves=40
num_cat=0
split_feature=11 25 28 28 12 30 11 7 26 5 23 13 31 5 29 26 21 22 30 18 19 20 19 16 29 16 12 33 19 12 0 7 18 26 13 2 7 18 30
split_gain=10487 34631 7781.75 12167 7506.87 7138.73 4796.64 35883.6 9966.28 48651.3 4718.71 7928.93 4279.64 3007.82 2867.47 2375.98 4293.66 41259.9 11530.3 4523.51 2649.19 2573.6 22427.4 4805.38 7287.67 2897.44 2080.28 2057.74 1770.29 1720.23 4097.84 2790.19 1464.62 1421.4 2591.16 3749.85 2995.03 1572.52 2499.58
threshold=-1.3570068478584287 -1.6300981044769285 -1.2388885617256162 -1.197591185569763 -1.2313437461853025 -2.4608415365219112 1.6160847544670107 1.6315463185310366 1.294765889644623 -0.12315795570611952 0.94117367267608654 0.89478415250778209 2.8130685091018681 -0.308753952383995 0.10554993525147439 -0.96746560931205738 -0.55546247959136952 -0.5446152091026305 1.0098809599876406 -0.59442287683486927 -0.29271806776523585 0.16362944990396502 0.17929625511169436 0.099900886416435256 -0.44785918295383448 0.059406541287899024 -0.92192900180816639 -0.047483431175351136 1.2423384189605715 -0.24087283015251157 0.0089050726965069788 0.37754268944263464 1.5376403331756594 0.052706651389598853 0.26049153506755834 1.0000000180025095e-35 0.12111619114875795 0.35629065334796911 0.18135225027799609
decision_type=2 2 2 2 2 2 2 2 2 2 2 2 2 2 2 2 2 2 2 2 2 2 2 2 2 2 2 2 2 2 2 2 2 2 2 2 2 2 2
left_child=5 -2 14 -4 -5 -1 7 8 10 28 11 12 15 -12 -3 -6 17 19 20 26 -18 22 23 24 -22 29 -17 32 -10 30 -26 -31 -8 -23 35 36 -35 38 -36
right_child=1 2 3 4 6 -7 27 -9 9 -11 13 -13 -14 -15 -16 16 18 -19 -20 -21 21 33 -24 -25 25 -27 -28 -29 -30 31 -32 -33 -34 34 37 -37 -38 -39 -40
leaf_value=-1.3603583465922964 1.9074509263038637 -0.23531210882368911 1.1406551955578228 0.71354902837727519 -0.2103150876226271 -0.24853862875274252 0.0024769209564114228 1.9760131392789924 -0.68524245440959941 2.6437540233135226 -0.11506566478341235 0.77809578257222334 -0.66547825061357946 -0.67928238707509914 -0.76625606434685845 0.28253923965727584 -0.1790810055943711 2.3646425517648462 -1.2027726502645584 0.50582345189192357 0.75454729207252202 -0.1780499897658443 1.6318933685188708 -0.35744029367890429 -0.16542303267245492 0.51342528820037836 -0.14211794027960614 -0.77564348095939284 -0.042040885272233382 -0.28917657661468094 0.5720727817906488 0.33333913277495997 -0.4140381320582136 -0.17991667715832593 0.58624841282990847 0.8339119516313076 0.45058020122589604 -0.1183695341312085 -0.12052229683974694
leaf_weight=22 24 93 24 37 147 42 39 23 20 20 51 31 26 44 35 34 214 20 21 39 38 156 23 68 48 25 190 21 23 99 31 22 46 48 22 20 31 270 29
leaf_count=22 24 93 24 37 147 42 39 23 20 20 51 31 26 44 35 34 214 20 21 39 38 156 23 68 48 25 190 21 23 99 31 22 46 48 22 20 31 270 29
internal_value=1.6681e-09 0.0187577 -0.00254338 0.0216453 0.00805413 -0.630727 -0.00540813 0.0135032 -0.0114348 0.606401 -0.0337151 -0.0140094 -0.0291576 -0.376387 -0.380492 -0.018785 0.000659025 0.175349 -0.0417765 0.00886327 -0.0204645 0.0160343 0.122133 0.0172248 0.114096 0.00593139 -0.077661 -0.332431 -0.341204 -0.0575053 0.123974 -0.175992 -0.222931 -0.0491719 -0.00130293 0.222326 0.0674935 -0.0702724 0.184359
internal_weight=2216 2152 2128 2000 1976 64 1939 1833 1810 63 1747 1652 1621 95 128 1595 1448 283 1165 263 1144 930 354 331 263 225 224 106 43 200 79 121 85 576 420 99 79 321 51
internal_count=2216 2152 2128 2000 1976 64 1939 1833 1810 63 1747 1652 1621 95 128 1595 1448 283 1165 263 1144 930 354 331 263 225 224 106 43 200 79 121 85 576 420 99 79 321 51
is_linear=0
shrinkage=0.05


Tree=57
num_leaves=40
num_cat=0
split_feature=30 30 30 18 27 0 30 30 7 27 5 5 18 28 31 24 6 5 5 12 0 31 0 3 3 4 27 33 5 5 0 3 0 30 4 30 4 5 5
split_gain=10857.4 5485.12 10709 8869.56 4401.74 51853.8 34738.8 10823.5 9420.57 42126.7 6999.83 28485.7 4639.68 2872.71 2759.87 2237.85 1830.59 1763.6 1644.02 1582 1258.97 1141.86 4063.44 1306.64 2976.65 1801.75 2289.19 2332.14 1611 8055.41 1547.51 2300.26 1291.55 1437.28 1513.19 1764.53 1268.8 1256.59 2030.43
threshold=-2.4608415365219112 -0.95633739233016957 -0.81057617068290699 -1.5910865664482114 -0.58386245369911183 1.4892008900642397 0.78961768746376049 1.0567454695701601 1.6315463185310366 -0.058290904387831681 -0.34696488082408899 -0.39390975236892695 1.7937170863151553 -1.4092527627944944 2.8130685091018681 0.92707434296607982 2.872025847434998 -0.22905685007572171 1.2699037194252016 1.7161071300506594 0.28274907171726232 0.86960539221763622 0.80861538648605358 1.8135544657707217 1.461473882198334 -0.97570654749870289 -0.35323175787925715 -0.047488911077380173 0.82119813561439525 1.2382432222366335 -0.92084091901779164 0.15994696319103244 0.63082250952720653 -0.31357385218143458 1.5120968818664553 -0.24132506549358365 0.94101473689079296 0.09737375378608705 -0.092589199542999254
decision_type=2 2 2 2 2 2 2 2 2 2 2 2 2 2 2 2 2 2 2 2 2 2 2 2 2 2 2 2 2 2 2 2 2 2 2 2 2 2 2
left_child=-1 20 -3 13 5 6 10 8 12 -10 11 -5 14 -4 16 18 21 -14 -12 -17 -2 22 23 24 25 26 27 -6 32 -30 -28 -32 33 -27 35 -35 37 38 -37
right_child=1 2 3 4 7 -7 -8 -9 9 -11 15 -13 17 -15 -16 19 -18 -19 -20 -21 -22 -23 -24 -25 -26 28 30 -29 29 -31 31 -33 -34 34 -36 36 -38 -39 -40
leaf_value=1.015743035536546 -0.29379659990469614 0.98998619472538985 -1.0972919674023338 -0.095603504864133257 -0.19697764470027046 2.6305944094061853 2.0586316677927972 -0.97596406022707627 -0.50300464745490781 2.4403191458806397 -0.3308876040391624 1.6548788627752893 -0.2533996410229627 -0.29810728115791624 -0.53308101709072409 -0.91069894234339399 0.39450747616313125 -0.82029665864032253 0.10854497635415916 -0.33039928622867754 -0.77965357303619387 -0.12260199785874835 0.64263015463948259 -0.31549225517681667 0.57062283029610461 -0.17658678578525064 -0.088955683850530376 0.44055139379925096 1.0934130680561065 -0.11680174896662886 -0.7146882016460101 -0.18135776015058641 -0.32701409613264021 0.3741500209140427 0.42831373065710071 0.021214188541773531 -0.27188362526970034 -0.14794940061039394 0.36775057322167337
leaf_weight=26 30 27 23 219 26 20 20 30 31 20 80 26 34 22 26 24 27 23 29 23 24 232 24 35 22 88 134 32 20 44 30 62 29 34 24 420 39 90 47
leaf_count=26 30 27 23 219 26 20 20 30 31 20 80 26 34 22 26 24 27 23 29 23 24 232 24 35 22 88 134 32 20 44 30 62 29 34 24 420 39 90 47
internal_value=-5.95809e-10 -0.0120591 0.000522595 -0.0121448 0.0029955 0.143073 0.0249006 -0.0350661 -0.0173468 0.65124 -0.0765324 0.090162 -0.0394596 -0.706579 -0.0224675 -0.338328 -0.0133681 -0.482148 -0.213974 -0.626723 -0.509733 -0.0210585 -0.00142681 -0.0145708 -0.00534011 -0.0166638 -0.125453 0.154763 0.0203376 0.26139 -0.197367 -0.35527 0.000328032 0.0131217 0.0386483 0.0238039 0.00381767 0.0231217 0.0560904
internal_weight=2216 2190 2136 2109 2064 441 421 1623 1593 51 401 245 1542 45 1485 156 1459 57 109 47 54 1432 1200 1176 1141 1119 284 58 835 64 226 92 771 742 654 630 596 557 467
internal_count=2216 2190 2136 2109 2064 441 421 1623 1593 51 401 245 1542 45 1485 156 1459 57 109 47 54 1432 1200 1176 1141 1119 284 58 835 64 226 92 771 742 654 630 596 557 467
is_linear=0
shrinkage=0.05


Tree=58
num_leaves=40
num_cat=0
split_feature=28 12 16 23 3 31 29 9 14 30 23 11 30 16 33 5 17 18 29 0 19 12 6 5 30 27 15 16 24 13 8 30 30 5 19 28 3 5 30
split_gain=10228 30482.7 16896.4 5041.54 4906.44 89068.2 145445 15427.5 44024.7 10915.2 6031.09 18496.2 4635.69 4035.91 3511.48 3316.1 2591.91 2763.01 2032.16 1837.79 1881.33 2335.34 1714.52 1598.89 1515.68 2642.73 1974.95 6541.94 1491.83 9944.04 2590.12 1453.98 2794.22 2082.01 1778.35 7242.29 1362.99 1227.31 1176.43
threshold=-1.5452485680580137 -0.7838660180568694 -1.5581622719764707 -1.3537674546241758 -0.27481402456760401 -0.57379686832427967 -0.0043747618328779927 1.2217946052551272 1.5510139465332033 1.0098809599876406 0.89250150322914135 0.79930984973907482 1.0098809599876406 -1.4210901260375974 -0.047432998195290559 2.941359400749207 -1.4076604247093198 1.757795035839081 -0.56792768836021412 0.89286133646965038 1.5762847661972048 0.99506542086601268 0.94237199425697338 0.88779434561729442 -0.55049610137939442 -0.094435125589370714 -0.54919627308845509 -0.51580002903938282 -0.27995109558105463 -0.18263299018144605 -0.48992903530597681 0.093663375824689879 0.12581545859575274 -0.4048271626234054 -0.46966052055358881 -0.44768442213535303 1.3491663336753847 -0.54020306468009938 -0.0026904849801212545
decision_type=2 2 2 2 2 2 2 2 2 2 2 2 2 2 2 2 2 2 2 2 2 2 2 2 2 2 2 2 2 2 2 2 2 2 2 2 2 2 2
left_child=1 -1 3 18 12 6 -6 9 -9 10 11 13 14 -7 16 24 -4 19 -2 20 21 22 23 31 25 -15 -26 -28 30 -30 -29 33 -33 38 35 -34 -12 -23 -18
right_child=2 -3 4 -5 5 7 -8 8 -10 -11 36 -13 -14 15 -16 -17 17 -19 -20 -21 -22 37 -24 -25 26 -27 27 28 29 -31 -32 32 34 -35 -36 -37 -38 -39 -40
leaf_value=2.2010542932152748 -0.86467928669669414 -0.41783899343013764 -0.47458974176810848 -1.4620209816098215 -0.33359309832255046 -0.70273385903109675 5.4397114801406863 1.9773773234231133 -0.39875816093249755 -1.2313881254196168 -0.34276512245598595 1.4904562034457922 -0.76216465934463173 -0.16017993262835914 0.59537885274205893 -0.64830396955921543 0.029891084399423562 -0.37602256622354863 -0.20578348255157472 0.43879377785183138 0.40351640104005737 -0.15756485863692232 -0.2588159438762544 0.4212207521904599 -0.19209388214074177 0.58768904209136963 0.88088305422237934 0.16910818037059572 0.84179346076870232 -0.058402086995470871 -0.34574182360972228 0.50642435285262766 -0.059323919785674667 -0.30518128607422113 -0.057165335112613097 0.86298695062768871 -0.83043449728385266 -0.54612527887026474 -0.19645547967001395
leaf_weight=20 22 25 36 20 24 23 20 35 44 20 38 20 23 21 21 21 256 59 25 21 24 63 69 22 146 27 21 36 34 314 76 32 80 80 242 29 23 30 74
leaf_count=20 22 25 36 20 24 23 20 35 44 20 38 20 23 21 21 21 256 59 25 21 24 63 69 22 146 27 21 36 34 314 76 32 80 80 242 29 23 30 74
internal_value=8.84714e-10 0.746114 -0.0154653 -0.797134 0.00942626 0.0941472 2.29064 -0.0133562 0.65396 -0.0776464 -0.0488029 -0.00936027 -0.0593867 -0.0510798 -0.0451829 -0.0295452 -0.0572257 -0.0433264 -0.514203 -0.0241199 -0.0338314 -0.0445748 -0.0195014 0.000759561 -0.010295 0.260496 -0.0310254 0.0178644 -0.0215343 0.0295481 -0.180254 -0.0109052 0.0591443 -0.0763417 0.0183667 0.186062 -0.52664 -0.282907 -0.0208654
internal_weight=2216 45 2171 67 2104 943 44 899 79 820 800 739 1161 719 1138 696 1117 1081 47 1022 1001 977 884 815 675 48 627 481 460 348 112 793 383 410 351 109 61 93 330
internal_count=2216 45 2171 67 2104 943 44 899 79 820 800 739 1161 719 1138 696 1117 1081 47 1022 1001 977 884 815 675 48 627 481 460 348 112 793 383 410 351 109 61 93 330
is_linear=0
shrinkage=0.05


Tree=59
num_leaves=40
num_cat=0
split_feature=30 15 18 11 7 24 8 12 5 5 3 15 7 21 30 4 30 15 30 33 19 29 29 18 5 22 12 24 29 27 15 15 15 18 20 5 14 27 29
split_gain=10354.4 5246.17 11143.8 3868.92 27619 8363.28 6415.28 16671.3 37654.6 4498.42 4023.96 3129.21 3387.44 8672.2 25563 45636.4 4963.54 4186.94 4163.36 2285.55 2047.07 2680.83 15592.7 1654.61 2061.47 1588.32 1574.81 6217.06 2721.04 3122.38 1493.97 3950.81 1526.64 1489.24 2111.01 1479.47 1294.93 1696.43 2162.26
threshold=-2.4608415365219112 -1.584319472312927 -1.5910865664482114 1.6160847544670107 1.6315463185310366 1.5304850935935976 0.95140758156776439 0.89923599362373363 -0.12315795570611952 3.179359078407288 0.40661010146141058 -1.513170003890991 -0.66309869289398182 -0.59028106927871693 0.25510999560356146 -0.45810572803020472 0.9120679795742036 -0.58635970950126637 1.0567454695701601 -0.047483431175351136 -0.29271806776523585 -0.4286902099847793 -0.52172148227691639 0.55564904212951671 -0.308753952383995 -0.52671167254447926 -0.26444880664348597 -0.30370131134986872 -0.21035738289356229 0.96878236532211315 0.18261754512786868 0.2545489519834519 -0.3122249543666839 1.5376403331756594 0.92152950167655956 0.73058363795280468 -0.6013391613960265 -0.79134586453437794 1.1304740905761721
decision_type=2 2 2 2 2 2 2 2 2 2 2 2 2 2 2 2 2 2 2 2 2 2 2 2 2 2 2 2 2 2 2 2 2 2 2 2 2 2 2
left_child=-1 -2 -3 4 5 6 7 9 -9 11 23 -4 18 14 17 -16 20 -14 36 33 25 22 -22 -8 -25 -15 27 28 -23 -30 32 -32 -28 34 -5 -12 37 -13 -39
right_child=1 2 3 19 -6 -7 10 8 -10 -11 35 12 13 16 15 -17 -18 -19 -20 -21 21 26 -24 24 -26 -27 30 -29 29 -31 31 -33 -34 -35 -36 -37 -38 38 -40
leaf_value=0.99193212435795708 0.79431411579251288 -0.85676584228491182 0.58305213170295411 -0.27122190476491531 1.6641142939329148 0.9396952358438917 0.1888153981279444 -0.28519245221697054 2.4579839202490721 -0.69872190753618879 -0.41041118025779727 -0.32614902409545166 -0.16002605240990192 0.17618860547741255 3.1593744758144022 -0.10636062223626219 -0.75092036309449572 0.60622713376175286 -0.78655362401319584 -0.75346027930222803 -0.12747473791241645 -0.33622499619211471 1.0694658421553098 -0.079961888765802194 -0.637925502896309 -0.22046434115794189 0.24524856649693991 0.8372193499826468 0.5404403647780418 -0.22470397974054018 0.50179259181022651 -0.03957233318994955 -0.20551164643315786 -0.3790674150804989 0.37829493288458749 -0.94420383638805816 -0.38918582086052211 -0.071387511619726216 0.35315707499782245
leaf_weight=26 20 39 22 29 25 23 27 29 22 24 25 57 94 30 20 23 23 22 23 21 90 42 39 49 25 159 21 26 30 24 37 378 178 48 22 27 35 329 33
leaf_count=26 20 39 22 29 25 23 27 29 22 24 25 57 94 30 20 23 23 22 23 21 90 42 39 49 25 159 21 26 30 24 37 378 178 48 22 27 35 329 33
internal_value=9.6797e-10 -0.0117764 -0.0192058 -0.00387736 0.0125799 -0.0082098 -0.0193162 0.00696375 0.898139 -0.0188747 -0.330209 -0.00947052 -0.0170803 0.0265991 0.371294 1.41259 -0.024289 -0.0147022 -0.130262 -0.279674 -0.00843267 0.0241389 0.234391 -0.14622 -0.268463 -0.157504 -0.0127124 0.151365 -0.0343868 0.200376 -0.0453141 0.00869394 -0.157944 -0.179174 0.00896183 -0.687573 -0.0970139 -0.0726081 -0.0326859
internal_weight=2216 2190 2170 2131 2011 1986 1963 1810 51 1759 153 1735 1713 1236 159 43 1077 116 477 120 1054 865 129 101 74 189 736 122 96 54 614 415 199 99 51 52 454 419 362
internal_count=2216 2190 2170 2131 2011 1986 1963 1810 51 1759 153 1735 1713 1236 159 43 1077 116 477 120 1054 865 129 101 74 189 736 122 96 54 614 415 199 99 51 52 454 419 362
is_linear=0
shrinkage=0.05


Tree=60
num_leaves=40
num_cat=0
split_feature=12 22 30 15 9 29 33 33 27 30 18 25 27 8 27 18 31 22 9 15 31 5 4 5 10 0 27 27 15 17 0 2 30 6 30 13 9 9 30
split_gain=9502.75 34714.3 7709.36 6979.43 23805.8 4531 4281.02 10249.5 24313.2 9267.82 4109.29 15723.5 3443.73 39640.7 6495.3 7552.4 3512.58 13003.9 3967.61 3059.67 2650.72 1970.39 1957 1824.43 1804.49 2533.18 1865.36 4712.19 7549.72 3220.43 2951.96 1744.43 1690.4 1639.92 2459.72 3643.41 9012.73 2946.52 2378.96
threshold=-1.3754690289497373 -1.6634678840637205 -2.4608415365219112 -1.3155183792114256 -1.2051863074302671 1.4697428941726687 -0.047459915280342095 -0.047463884577155106 0.034452840685844428 1.0098809599876406 -1.0717446804046629 -1.1617508530616758 0.13492330908775332 1.3476914763450625 0.18121211230754855 0.35629065334796911 1.4993981122970583 0.65866887569427501 0.53685480356216442 1.8295560479164126 0.86960539221763622 1.3889035582542422 -1.0371792912483213 -0.13407536596059796 0.43079948425292974 -0.18301825225353238 0.0077290176413953313 -0.099173549562692628 -0.21280390769243238 0.044704664498567588 -0.42484520375728602 2.2576968073844914 0.30412857234478002 -0.41304950416088099 0.13509841263294223 -0.38334165513515467 -0.17607273161411283 0.37274707853794103 0.61239939928054821
decision_type=2 2 2 2 2 2 2 2 2 2 2 2 2 2 2 2 2 2 2 2 2 2 2 2 2 2 2 2 2 2 2 2 2 2 2 2 2 2 2
left_child=2 -2 -1 5 -5 -3 7 9 -9 10 11 -6 16 14 15 -14 18 -18 24 22 21 23 32 -20 26 -26 27 29 -29 -12 -31 33 -16 34 35 -24 -37 -38 -36
right_child=1 3 -4 4 6 -7 -8 8 -10 -11 12 -13 13 -15 19 -17 17 -19 20 -21 -22 -23 31 -25 25 -27 -28 28 -30 30 -32 -33 -34 -35 38 36 37 -39 -40
leaf_value=-1.3466720754450019 1.9097657740116121 -0.23240589819227658 -0.21999659843894903 1.7357548628747463 -0.14870040301572193 -1.0432073139009022 -0.21730477653164418 2.0928330925107002 0.035901308381089979 0.87333371075491117 -0.13148634147632754 1.542105448357761 -0.097929155528545378 2.1970194475991387 -0.37927898742979571 1.2596961345346203 1.1358087463378908 -0.43309572945748065 -0.15760131350082901 -0.50678947108132499 -0.62421565726399431 0.28797676265239719 -0.09930280257800693 -0.45030949854332469 -0.026983969862903318 0.69477509588003161 -0.28787093641790185 1.032538232064018 -0.17239676427382689 0.77253108561038974 -0.049960219177107024 0.44898405820131304 0.14936268549412487 -0.11290525954590169 -0.22109296933693046 1.3468607783317568 -0.073045842209830888 0.64929722070693974 0.38499170556664469
leaf_weight=22 24 96 49 20 44 21 200 20 51 30 330 20 20 21 62 21 25 28 233 35 40 20 57 69 31 20 74 26 26 20 24 22 20 202 85 20 48 20 20
leaf_count=22 24 96 49 20 44 21 200 20 51 30 330 20 20 21 62 21 25 28 233 35 40 20 57 69 31 20 74 26 26 20 24 22 20 202 85 20 48 20 20
internal_value=-1.08802e-09 0.0188376 -0.569107 -0.00255906 0.0193566 -0.377934 0.00205416 0.026646 0.615319 0.00224681 -0.0132806 0.379676 -0.0288144 0.0598793 -0.0111333 0.59744 -0.0887699 0.306954 -0.111742 -0.0533524 -0.240336 -0.192649 -0.0248087 -0.224478 -0.0272571 0.256059 -0.0561554 -0.0159043 0.430071 -0.0779115 0.323899 0.0142076 -0.250342 -0.00695405 0.0786545 0.212115 0.413829 0.139408 -0.105648
internal_weight=2216 2145 71 2121 2004 117 1984 1784 71 1713 1683 64 1619 653 632 41 966 53 913 591 362 322 556 302 551 51 500 426 52 374 44 474 82 452 250 145 88 68 105
internal_count=2216 2145 71 2121 2004 117 1984 1784 71 1713 1683 64 1619 653 632 41 966 53 913 591 362 322 556 302 551 51 500 426 52 374 44 474 82 452 250 145 88 68 105
is_linear=0
shrinkage=0.05


Tree=61
num_leaves=40
num_cat=0
split_feature=30 6 18 12 27 28 30 7 7 0 33 11 12 27 10 5 4 28 10 22 10 5 30 5 17 20 20 16 27 27 9 15 5 28 33 0 30 30 22
split_gain=10446 5202.85 10512.7 3961.46 3746.57 30432.7 9485.61 5304.68 16880.3 8954.95 5589.43 4279.93 3860.76 3362.61 9978.93 3152.99 2450.68 7982.87 4118.33 8882.96 2550.05 2202.74 2197.23 1845.8 1841.53 2700.23 8389.72 2414.38 1714.15 2274.37 1944.95 5370.33 8552.66 1937.84 1868.34 2799.74 1447.67 1393.79 1365.18
threshold=-2.4608415365219112 4.711318016052247 -1.5910865664482114 -1.3944663405418394 0.25011114776134497 1.6180556416511538 1.0098809599876406 1.1276233196258547 1.0725600123405459 2.4019546508789067 -0.04742735251784324 0.92895847558975231 0.99506542086601268 0.16876037418842318 0.057604053989052779 0.700014889240265 -1.0322614908218382 -1.1324338912963865 -0.51517122983932484 -0.91419646143913258 0.44268596172332769 -0.35242359340190882 1.0098809599876406 -0.19084589928388593 -0.28945431113243097 0.13133033365011218 0.042302111163735397 -0.17850697040557859 -0.46763706207275385 0.0077290176413953313 -0.51890775561332692 -0.23811689764261243 0.21091484278440478 -0.41530318558216089 -0.047482984140515321 -0.64037886261939991 -0.063162293285131441 0.14941830188035968 0.77010071277618419
decision_type=2 2 2 2 2 2 2 2 2 2 2 2 2 2 2 2 2 2 2 2 2 2 2 2 2 2 2 2 2 2 2 2 2 2 2 2 2 2 2
left_child=-1 2 3 -2 5 6 7 8 9 10 12 22 13 16 37 -9 17 -4 19 -19 -20 -13 24 -14 -6 26 27 -26 -18 30 -30 32 33 -32 35 -33 -29 -15 -31
right_child=1 -3 4 -5 11 -7 -8 15 -10 -11 -12 21 23 14 -16 -17 28 18 20 -21 -22 -23 -24 -25 25 -27 -28 36 29 38 31 34 -34 -35 -36 -37 -38 -39 -40
leaf_value=0.99631179662851188 -0.25728775949869304 0.79092755854129804 1.0758417426049709 -1.1232254440763167 -0.16343424533608192 1.7763572237491609 0.96120644991214466 -0.15318465681844637 1.4773675456643105 1.0599447476863861 0.68939503090722232 -0.22298646325245502 -0.2012454511657838 -0.27258649706840515 1.2417710335481735 -0.68581591252894969 -0.16215275796038089 -0.14143622970441358 -0.27584624546632341 1.1819972021239145 0.29567474407702682 -0.96506851077079769 -0.54351793372112778 -0.80836340359279102 0.40827266569409909 -0.061224698841347007 1.1214604474249341 0.16614697235994613 -0.17621725960634649 -0.26315196607616687 -0.15841246259212494 -0.040990774333477024 1.3762655851244927 0.46413679635524752 -0.15148003570694768 0.64982648237862373 -0.3006255507145239 0.26627551415644118 0.11929960468163092
leaf_weight=26 25 20 20 28 228 25 26 152 20 20 28 20 31 30 21 34 303 32 89 21 25 20 23 21 29 348 21 26 64 105 25 44 20 25 103 22 46 20 30
leaf_count=26 25 20 20 28 228 25 26 152 20 20 28 20 31 30 21 34 303 32 89 21 25 20 23 21 29 348 21 26 64 105 25 44 20 25 103 22 46 20 30
internal_value=-1.06735e-09 -0.0118284 -0.019227 -0.714764 -0.00181396 0.0480158 0.0155526 -0.00328802 0.0378114 0.0116138 -0.0078177 -0.0906039 -0.0263923 -0.00452865 0.327114 -0.250547 -0.0299022 0.131842 0.0187876 0.382943 -0.150513 -0.594027 -0.0626747 -0.446428 -0.0468303 0.00973495 0.212144 0.0230787 -0.0707201 -0.00746874 0.068583 0.134136 0.502406 0.152862 -0.0184015 0.189282 -0.132069 -0.0570417 -0.178163
internal_weight=2216 2190 2170 53 2117 1356 1331 1305 1119 1099 1079 761 1051 999 71 186 928 187 167 53 114 40 721 52 698 470 122 101 741 438 303 239 70 50 169 66 72 50 135
internal_count=2216 2190 2170 53 2117 1356 1331 1305 1119 1099 1079 761 1051 999 71 186 928 187 167 53 114 40 721 52 698 470 122 101 741 438 303 239 70 50 169 66 72 50 135
is_linear=0
shrinkage=0.05


Tree=62
num_leaves=40
num_cat=0
split_feature=29 22 19 5 4 14 30 31 31 27 13 11 28 11 10 5 29 29 7 33 15 15 5 10 33 4 4 4 33 33 4 5 13 27 31 3 15 15 0
split_gain=10030.2 6983 8752.96 4675.29 4080.57 3683.1 6154.41 4586.04 53192.3 7179.46 6985.71 14772.5 5709.63 3917.33 3404.63 2789.76 2376.88 7601.26 1637.34 1497.48 1449.32 12324.6 1365.3 1227.83 1223.37 2336.53 4262.97 1628.31 1383.54 2154.27 2041.31 1218.01 1199.7 1179.66 1178.66 1232.13 1078.62 2542.81 1398.54
threshold=3.2934920787811284 -1.6923955082893369 -1.5992504954338072 3.5429087877273564 2.0524426698684697 -0.96354466676712025 1.0098809599876406 0.83366858959198009 0.9533381760120393 -0.71791726350784291 0.90714541077613842 0.86738887429237377 -1.2250468134880064 0.96811065077781688 -0.8947840929031371 -0.086038753390312181 -0.5066140592098235 -0.44785918295383448 0.59595096111297619 -0.047358125448226922 0.18927732855081561 0.2545489519834519 0.47402445971965795 0.027389103546738628 -0.047466302290558808 0.1197384111583233 0.27280563116073614 0.60291448235511791 -0.047485232353210442 -0.047472553327679627 -0.64498296380043019 -0.35460707545280451 -1.0021973252296446 0.50214657187461864 2.4671766757965092 -0.2038466930389404 0.61598002910614025 0.70205235481262218 -1.0115259885787962
decision_type=2 2 2 2 2 2 2 2 2 2 2 2 2 2 2 2 2 2 2 2 2 2 2 2 2 2 2 2 2 2 2 2 2 2 2 2 2 2 2
left_child=1 19 -3 4 5 32 7 10 -9 -10 11 12 -7 18 -14 -12 -16 -18 -11 -1 23 -22 -17 24 25 28 -27 -28 30 33 31 -19 -4 -30 35 -6 38 -38 -23
right_child=-2 2 3 -5 34 6 -8 8 9 13 15 -13 14 -15 16 22 17 20 -20 -21 21 36 -24 -25 -26 26 27 -29 29 -31 -32 -33 -34 -35 -36 -37 37 -39 -40
leaf_value=-0.95844330072402961 1.0166113108396531 0.99369846907528958 -0.12810408249968971 0.7520958471298218 -0.46087616485628219 0.70054220782335985 0.7369964362184207 2.3079529406709804 0.85645465284585964 -0.1057753404944527 -0.16072314562845416 1.3154114409603856 0.4986179256811738 -0.68556960123990274 -0.21402517970806609 -0.7389351186921469 0.72710421400410796 0.035499868148730865 0.3662070844854628 -0.3668735871496408 1.0260049365957578 0.15909263686887151 -0.27131649021197252 -0.21353853948044876 -0.29191126981306648 0.78889826213320102 -0.25245117237490994 0.25600418788380924 -0.15707078113659356 0.25167258172123524 0.50099285482650713 -0.38928920190781358 -0.43073041533168993 -0.48309819445841851 -0.61842581951618203 -0.063992787059396511 0.56031318832011456 -0.022502699853895709 -0.23572412888434802
leaf_weight=20 24 22 237 20 33 29 30 27 20 147 193 22 32 28 144 37 35 108 21 23 30 29 27 121 42 24 31 32 121 27 21 20 38 36 25 48 21 172 99
leaf_count=20 24 22 237 20 33 29 30 27 20 147 193 22 32 28 144 37 35 108 21 23 30 29 27 121 42 24 31 32 121 27 21 20 38 36 25 48 21 172 99
internal_value=-2.62712e-10 -0.0111308 0.00149292 -0.00876967 -0.0159919 2.30964e-05 0.0271 0.0145429 0.215594 -0.0459513 -0.0190809 0.0317401 0.00768497 -0.138034 -0.00986338 -0.255586 -0.0244828 0.00368451 -0.0467775 -0.642022 -0.0234244 0.0568469 -0.541659 -0.0717523 -0.0346179 -0.00888853 0.221836 0.00581187 -0.0691678 -0.16088 0.0440876 -0.0308734 -0.169922 -0.231829 -0.318313 -0.225686 -0.0337286 0.0409125 -0.146273
internal_weight=2216 2192 2149 2127 2107 2001 1726 1696 243 216 1453 1196 1174 196 1145 257 1113 969 168 43 934 351 64 583 462 420 87 63 333 184 149 128 275 157 106 81 321 193 128
internal_count=2216 2192 2149 2127 2107 2001 1726 1696 243 216 1453 1196 1174 196 1145 257 1113 969 168 43 934 351 64 583 462 420 87 63 333 184 149 128 275 157 106 81 321 193 128
is_linear=0
shrinkage=0.05


Tree=63
num_leaves=40
num_cat=0
split_feature=30 30 30 18 31 5 5 8 30 33 16 5 30 28 23 27 7 29 30 30 0 29 28 20 11 23 22 18 30 10 7 13 3 15 7 24 12 29 29
split_gain=9564.23 5056.13 11776 8288.36 4328.92 5083.13 10911.1 22130.5 9422.89 4987.91 4892.86 40295.5 4221.91 3326.21 3046.05 3010.42 9121.04 2046.51 1883.02 2149.22 5891.04 3258.76 1970.08 8135.88 1577.91 1503.33 1467.9 2246.53 1459.16 2673.77 1367.68 1277.06 1216.39 1183.49 1018.82 980.991 970.982 949.184 3083.88
threshold=-2.4608415365219112 -0.88363802433013905 -0.7744469642639159 -1.5910865664482114 2.9253710508346562 0.93583095073699962 0.700014889240265 -0.039666689932346337 1.0098809599876406 -0.04742735251784324 1.840181350708008 -0.19084589928388593 0.66947606205940258 -1.4092527627944944 0.82500630617141735 -1.1976896524429319 -0.56186982989311207 -0.66447523236274708 -0.38427172601222986 -0.10449956357479094 0.67857974767684948 0.42881171405315405 -0.44768442213535303 -0.56072029471397389 1.8815581202507021 -1.037868797779083 -0.0092121860943734628 -0.20970772951841352 0.4863469004631043 0.91592547297477733 0.54820826649665844 1.4054045081138613 -0.82119348645210255 0.21530369669198993 -0.043002653867006295 0.40642943978309637 -1.2229315042495725 0.029149958863854412 0.24387346208095553
decision_type=2 2 2 2 2 2 2 2 2 2 2 2 2 2 2 2 2 2 2 2 2 2 2 2 2 2 2 2 2 2 2 2 2 2 2 2 2 2 2
left_child=-1 25 -3 13 5 6 8 -8 9 10 14 -12 17 -4 15 16 -5 -7 33 20 21 26 36 -24 31 -2 27 -20 29 30 35 32 -16 -17 -28 -19 -21 -25 -39
right_child=1 2 3 4 -6 12 7 -9 -10 -11 11 -13 -14 -15 24 18 -18 28 19 22 -22 -23 23 37 -26 -27 34 -29 -30 -31 -32 -33 -34 -35 -36 -37 -38 38 -40
leaf_value=0.95333498074458201 -0.24123418700829566 1.0393141439667455 -1.1282602377913216 1.1699031136557461 0.71698233854202997 0.33107488952577113 -0.17712829946898498 2.0351658403873443 0.79401385977461536 0.58704155999071461 -0.26496387916849928 2.3062191402912142 -0.86303610050159962 -0.2485122643765949 0.039894575112236617 -0.3213733592138785 -0.32206490380423414 -0.16785362004710919 -0.035825119408157961 -0.48290426440182188 0.8472189676463604 0.47380243101053776 0.80578111608823155 -0.092432030198962567 0.078942098081307976 -0.73478758953235768 -0.49732971917028013 0.54668625004589566 0.18523530336943539 -0.71513002279859328 0.2187379798293114 -0.49375490957528961 -0.28978785002096136 0.084486599590467379 -0.093941709764149728 -0.54750713629648096 -0.1296999178777607 0.20771090898857414 -0.11304798928034657
leaf_weight=26 36 27 22 20 21 20 26 20 37 34 64 20 23 21 39 82 21 114 96 21 25 36 30 350 38 27 23 20 22 26 20 49 99 23 49 20 265 134 170
leaf_count=26 36 27 22 20 21 20 26 20 37 34 64 20 23 21 39 82 21 114 96 21 25 36 30 350 38 27 23 20 22 26 20 49 99 23 49 20 265 134 170
internal_value=-2.72582e-09 -0.0113181 0.00175693 -0.0115831 0.00277879 -0.00458774 0.0246324 0.784739 0.00459519 -0.0125058 -0.024683 0.347223 -0.218193 -0.698616 -0.0443308 -0.0162335 0.405724 -0.151385 -0.0293002 -0.0117998 0.119238 0.0379896 -0.0454373 0.000639366 -0.214788 -0.452757 -0.0454639 0.0646079 -0.199153 -0.246134 -0.166953 -0.274476 -0.196617 -0.232471 -0.222802 -0.224518 -0.155635 -0.0362937 0.0283392
internal_weight=2216 2190 2127 2100 2057 2036 1791 46 1745 1708 1674 84 245 43 1590 1365 41 222 1324 1219 249 224 970 684 225 63 188 116 202 180 154 187 138 105 72 134 286 654 304
internal_count=2216 2190 2127 2100 2057 2036 1791 46 1745 1708 1674 84 245 43 1590 1365 41 222 1324 1219 249 224 970 684 225 63 188 116 202 180 154 187 138 105 72 134 286 654 304
is_linear=0
shrinkage=0.05


Tree=64
num_leaves=40
num_cat=0
split_feature=12 29 30 13 29 3 16 16 30 15 15 0 7 8 9 7 8 12 11 6 5 5 5 30 30 28 25 25 9 8 17 27 29 15 5 30 18 28 26
split_gain=9514.49 36610.5 14048.8 11672.2 5273.92 6004.05 4901.26 12991.9 6610.26 3836.45 18422.6 4501.1 2329.72 14291.7 2566.07 2488.48 5239.1 2510.62 5499.34 2408.46 2324.83 15235.7 1976.35 1945.02 3075.8 1925.34 1570.15 1491.87 1491.23 4278.17 5638.39 9185.2 1501.82 1490.89 1465.11 1447.07 1410.93 1133.88 1830.31
threshold=-1.2811323404312132 2.3943476676940922 -2.4608415365219112 -1.2564845085144041 0.27167963981628424 -0.26861298084259028 -1.043636620044708 -0.98323765397071827 1.0098809599876406 2.1951055526733403 1.8629074692726137 2.9056415557861333 1.1276233196258547 1.1794789433479311 0.53685480356216442 0.32105529308319097 0.20037150382995608 0.29081384837627416 0.34234187006950384 2.5266120433807377 0.82119813561439525 1.1148765087127688 -0.068570896983146654 -0.31357385218143458 -0.27151162922382349 -1.5452485680580137 0.87386173009872448 -1.6228620409965513 -0.49795934557914728 -0.63483852148056019 -0.58790087699890126 1.0229870080947878 0.81186863780021679 -1.0528854131698606 -0.34696488082408899 0.74469712376594555 1.1738103032112124 0.65794172883033764 1.0150999426841738
decision_type=2 2 2 2 2 2 2 2 2 2 2 2 2 2 2 2 2 2 2 2 2 2 2 2 2 2 2 2 2 2 2 2 2 2 2 2 2 2 2
left_child=2 3 -1 -2 27 -6 25 -8 9 10 11 12 13 14 15 19 -17 -18 -19 20 23 -22 -14 -9 -25 -5 -20 -4 29 32 -31 -32 -26 -27 -11 36 -30 38 -16
right_child=1 -3 4 6 5 -7 7 8 -10 34 -12 -13 22 -15 37 16 17 18 26 -21 21 -23 -24 24 28 33 -28 -29 35 30 31 -33 -34 -35 -36 -37 -38 -39 -40
leaf_value=-1.5111422975858053 1.1493051864545454 2.0542506520721044 -0.84508362054824837 -0.63650691275085725 0.70831202820495331 -0.4346825608983636 0.99901884731018198 -0.23944620885350534 0.72194607392434151 -0.23117816397376978 1.1872714500874282 0.72210723519325259 -0.084345840939642064 1.2524649701335215 -0.19719429142250305 0.91771025969868614 -0.26994162818942313 0.92248485830745519 -0.13166922028841718 -0.5047803392777076 1.3475796155307604 -0.074493249735006914 -0.44137306713451774 0.53949250945200522 -0.1240884105231138 -0.12193852221047073 0.35170830640320982 -0.3008596581030254 -0.1142189341298596 -0.15271113854030083 1.4047774083252687 -0.046064585745334626 0.33734995707869531 -0.55791710200517075 -0.76492165982723237 0.30841191696084064 0.2780494692424933 -0.060490657085435356 -0.70516371954055068
leaf_weight=24 22 22 20 28 27 20 33 113 31 36 32 20 113 22 114 21 39 21 56 26 23 104 59 24 149 133 24 34 511 29 24 20 20 23 20 23 24 111 21
leaf_count=24 22 22 20 28 27 20 33 113 31 36 32 20 113 22 114 21 39 21 56 26 23 104 59 24 149 133 24 34 511 29 24 20 20 23 20 23 24 111 21
internal_value=-3.11782e-09 0.0253312 -0.42374 0.00375738 -0.165348 0.221931 -0.00855432 0.0157603 -0.0019706 -0.014445 -0.00135725 -0.0235876 -0.0324072 -0.0126586 -0.0312509 -0.00222191 0.181266 0.0707999 0.202373 -0.0293243 -0.017706 0.183048 -0.206814 -0.044916 -0.0182389 -0.25474 0.013344 -0.502424 -0.0349708 0.0686883 0.388558 0.745304 -0.0694803 -0.186217 -0.421801 -0.0799269 -0.0966218 -0.178874 -0.276212
internal_weight=2216 2091 125 2069 101 47 2047 1863 1830 1799 1743 1711 1691 1519 1497 1251 161 140 101 1090 1064 127 172 937 824 184 80 54 800 242 73 44 169 156 56 558 535 246 135
internal_count=2216 2091 125 2069 101 47 2047 1863 1830 1799 1743 1711 1691 1519 1497 1251 161 140 101 1090 1064 127 172 937 824 184 80 54 800 242 73 44 169 156 56 558 535 246 135
is_linear=0
shrinkage=0.05


Tree=65
num_leaves=40
num_cat=0
split_feature=30 29 30 22 6 3 6 3 21 21 18 16 24 22 13 27 28 28 33 5 8 28 29 30 11 8 24 12 29 29 17 7 5 14 12 15 9 12 21
split_gain=9850.81 5736.45 11067.2 7720.94 3764.07 5494.78 4545.38 3385.03 3214.6 13371.8 3223.09 11669 2932.97 11863.8 4816.54 2895.71 2847.85 18752.2 2373.91 2011.75 1884.32 1814.71 1745.34 1690.71 1649.13 1643.15 3910.04 8473.2 1689.43 5452.43 1612.62 1560.74 4933.23 2365.11 1384.49 3308.27 1226.33 2524.91 7031.46
threshold=-2.4608415365219112 0.79209810495376598 1.0098809599876406 -1.6769025325775144 3.3894180059432988 2.5976400375366215 2.6913030147552495 -0.82119348645210255 2.3017901182174687 2.080769538879395 1.8767962455749514 1.7777344584465029 1.5304850935935976 0.68829804658889782 0.88261732459068309 -0.13236420601606366 -1.2588761448860166 -1.197591185569763 -0.047458624467253678 -0.28910261392593378 -1.0384363532066343 -0.6225130259990691 -0.051848068833351128 0.40120925009250646 1.0874515175819399 -0.68401947617530812 -0.70586934685707081 -0.70535328984260548 -0.46601891517639155 -0.4286902099847793 -0.33892536163330073 -0.5446835160255431 -0.36334100365638727 -0.54577186703681935 0.15150770545005801 0.23013318330049518 -0.40581667423248285 -0.30952669680118555 -0.062645299360156045
decision_type=2 2 2 2 2 2 2 2 2 2 2 2 2 2 2 2 2 2 2 2 2 2 2 2 2 2 2 2 2 2 2 2 2 2 2 2 2 2 2
left_child=-1 2 3 -2 5 6 8 20 9 10 11 12 14 -14 16 18 -5 -18 -9 -16 -3 -17 -15 24 -21 -19 27 -27 34 -30 -23 32 33 -31 -28 -36 -33 38 -38
right_child=1 7 -4 4 -6 -7 -8 15 -10 -11 -12 -13 13 22 19 21 17 25 -20 23 -22 30 -24 -25 -26 26 28 -29 29 31 -32 36 -34 -35 35 -37 37 -39 -40
leaf_value=0.96751237374085663 0.88982677683234224 0.40145729969848287 0.99948400753949374 -0.29839937402264161 -0.48069665958838803 0.70604592429267043 0.73747615620493889 -1.1157445879209609 -0.48173419849292654 1.2434530398586678 -0.58932199454307554 1.1833206446468831 1.2821414786967493 0.16372059177464018 -0.14673024456497732 0.1771575319447688 1.4480321737852964 -0.13202861135410104 -0.44330569292817801 -0.36914062350988391 -0.2035958932111821 -0.66572466070453329 -0.41562594393124946 -0.10977076977491379 -0.93229243205143852 -0.05432717859745026 -0.27711005870035843 1.2357804267108441 0.8068417719432287 0.18215616778893906 -0.065757946882929116 -0.20792517226627646 -0.28276741630087299 0.91531746947968551 0.4766654946804047 -0.2190266417960326 -0.093690655858088778 -0.035006693449773633 1.0411282843067533
leaf_weight=26 24 22 28 85 42 27 20 21 37 21 25 20 21 26 91 21 22 278 35 26 31 24 26 20 26 35 103 20 21 22 21 85 30 22 25 54 39 673 21
leaf_count=26 24 22 28 85 42 27 20 21 37 21 25 20 21 26 91 21 22 278 35 26 31 24 26 20 26 35 103 20 21 22 21 85 30 22 25 54 39 673 21
internal_value=1.72774e-09 -0.0114864 0.0123615 -0.00154863 -0.0124467 -0.00220911 -0.0123057 -0.286079 -0.0203076 -0.0110138 -0.0255203 -0.0176503 -0.031213 0.279116 -0.0445545 -0.431019 -0.017113 -0.000623819 -0.69547 -0.302976 0.0475583 -0.206636 -0.125953 -0.500454 -0.650717 -0.022942 0.00342844 0.414803 -0.0172342 0.0104947 -0.38574 -0.00825335 0.211641 0.548737 -0.156336 0.0011291 -0.0281459 -0.00729843 0.303496
internal_weight=2216 2190 2015 1987 1963 1921 1894 175 1874 1837 1816 1791 1771 73 1698 122 1535 1450 56 163 53 66 52 72 52 1428 1150 55 1095 913 45 892 74 44 182 79 818 733 60
internal_count=2216 2190 2015 1987 1963 1921 1894 175 1874 1837 1816 1791 1771 73 1698 122 1535 1450 56 163 53 66 52 72 52 1428 1150 55 1095 913 45 892 74 44 182 79 818 733 60
is_linear=0
shrinkage=0.05


Tree=66
num_leaves=40
num_cat=0
split_feature=28 4 16 23 5 5 13 4 23 12 29 27 3 30 30 31 4 30 26 33 29 28 13 26 3 21 33 30 18 22 27 5 4 4 6 3 30 15 29
split_gain=9402.42 29024.5 14967.4 4862.97 4408.9 20414.7 11011.8 48107.3 21065 37617.9 9473.88 15062.5 3698.85 17657.8 6849.82 4226.38 3264.71 2823.4 2222.23 5447.05 2044.24 1978.76 2678.3 6976.64 3494.16 6072.05 1967.06 2496.04 1925.62 1604.26 2170.5 1453.9 1684.51 7675.95 1736.75 2456.11 1437.16 1249.58 1166.94
threshold=-1.5452485680580137 0.2291599586606026 -1.5581622719764707 -1.3537674546241758 -0.44194637238979334 -0.428845465183258 0.89478415250778209 0.58816099166870128 1.1073681712150576 1.019953787326813 1.4697428941726687 -1.1976896524429319 -0.26861298084259028 0.63923692703247081 0.9120679795742036 -0.55672687292098988 1.8876955509185793 1.0098809599876406 0.18234418332576754 -0.047486646100878709 -0.68203464150428761 -0.7546834647655486 -0.17567367106676099 -0.27762223780155176 0.90682631731033336 -0.59028106927871693 -0.047483080998063081 0.17288556694984439 1.757795035839081 -0.11134137585759162 0.5584130883216859 -0.51618477702140797 1.9227350354194643 1.7844213247299197 0.94237199425697338 -0.32855626940727228 0.028942775912582878 -0.26679988205432886 -0.60456100106239308
decision_type=2 2 2 2 2 2 2 2 2 2 2 2 2 2 2 2 2 2 2 2 2 2 2 2 2 2 2 2 2 2 2 2 2 2 2 2 2 2 2
left_child=1 -1 3 20 17 -6 10 8 9 -8 11 -7 13 18 15 -14 21 28 -13 -20 -2 -17 23 24 29 -26 27 -10 31 30 -23 32 33 34 35 -4 -27 -24 -39
right_child=2 -3 4 -5 5 6 7 -9 26 -11 -12 12 14 -15 -16 16 -18 -19 19 -21 -22 22 37 -25 25 36 -28 -29 -30 -31 -32 -33 -34 -35 -36 -37 -38 38 -40
leaf_value=-0.42040491503477101 -0.85578555583953853 2.1350806668773297 -0.010457472859860491 -1.403530681580305 1.5885031962936575 1.0346010255462985 -0.3547947195393068 2.2347168964147568 -0.72709713416794941 2.5062165343761444 -1.0973926439881325 -0.12369571872949602 -0.69196107490704617 1.5207790769104448 -1.0091639840602875 -0.25433032291598229 -0.66770289540290839 -0.6237500540912152 -0.25680246569893578 0.86900455426602141 -0.18884419392863361 -0.23559006452560427 0.27593657022172752 0.8598213370392721 0.97717758501353469 -0.2421069327209677 -0.89206590592861179 -0.082111497744917883 -0.3262987668812275 -0.52300822057507257 0.28231841009110215 -0.27953617614612247 -0.18038813762258793 0.88945152331143618 -0.23758862755019911 0.51522586410460269 0.31283751107752322 -0.4564564825400062 -0.082235306091775193
leaf_weight=25 20 20 655 20 22 34 27 30 24 20 20 125 26 21 20 76 20 22 22 21 27 55 22 30 23 28 20 40 60 22 32 57 138 24 81 23 20 23 221
leaf_count=25 20 20 655 20 22 34 27 30 24 20 20 125 26 21 20 76 20 22 22 21 27 55 22 30 23 28 20 40 60 22 32 57 138 24 81 23 20 23 221
internal_value=-1.52729e-09 0.715366 -0.014828 -0.750524 0.00859963 0.0815311 0.0490914 0.428635 0.0150287 0.862657 -0.0218802 0.00369677 -0.0397366 0.15383 -0.0989341 -0.0684917 -0.0401521 -0.063231 -0.0170388 0.29301 -0.472649 -0.0174148 0.0204121 0.153895 0.0362411 0.309195 -0.459239 -0.323981 -0.051351 -0.141555 -0.045095 -0.034483 -0.0193169 0.00907115 -0.018767 0.00737544 -0.0108801 -0.0849695 -0.11751
internal_weight=2216 45 2171 67 2104 1044 1022 161 131 47 861 841 807 189 618 598 572 1060 168 43 47 552 476 210 180 71 84 64 1038 109 87 978 921 783 759 678 48 266 244
internal_count=2216 45 2171 67 2104 1044 1022 161 131 47 861 841 807 189 618 598 572 1060 168 43 47 552 476 210 180 71 84 64 1038 109 87 978 921 783 759 678 48 266 244
is_linear=0
shrinkage=0.05


Tree=67
num_leaves=40
num_cat=0
split_feature=30 29 6 18 5 27 29 28 7 29 30 15 30 0 13 11 7 22 8 7 18 11 19 27 8 8 16 20 3 23 33 30 9 9 8 9 9 30 30
split_gain=9627.69 4991.39 4549.23 7634.01 3685.61 10527.7 89385.2 85738.4 44137.6 24235.9 7526.87 5806.06 3516.06 2952.92 2445.11 2385.44 2910.27 1907.26 1673.54 3761.83 7476.51 1566.45 2113.59 1549.52 1493.85 8173.49 2736.61 9103.29 3207.23 4392.77 11801.7 1740.53 1438.56 2599.88 1340.4 1188.54 2313 1274.72 1089.92
threshold=-2.4608415365219112 2.6909836530685429 4.711318016052247 -1.5910865664482114 -0.39390975236892695 -0.58386245369911183 -0.0043747618328779927 -0.6654909849166869 1.5819175839424136 0.41948790848255163 0.95535138249397289 1.7172574996948244 1.0567454695701601 2.2579674720764165 -1.4296321272850034 1.1336319446563723 0.7817961871623994 0.68829804658889782 0.51849254965782177 0.32105529308319097 0.39123238623142248 0.90610828995704662 1.2157493233680727 0.98880475759506237 0.095615513622760787 0.010229494888335468 0.059406541287899024 0.2236004322767258 0.78211680054664623 -0.30650757253170008 -0.047462342306971543 -0.12640391290187833 0.39516223967075353 0.52843922376632702 -0.85384708642959584 -1.2198464870452879 -1.0740126967430113 -0.65878006815910328 0.24254441261291507
decision_type=2 2 2 2 2 2 2 2 2 2 2 2 2 2 2 2 2 2 2 2 2 2 2 2 2 2 2 2 2 2 2 2 2 2 2 2 2 2 2
left_child=-1 2 3 14 12 6 15 9 10 -8 11 13 18 21 -2 16 -6 -17 19 35 -21 22 23 24 25 26 28 -28 34 30 -30 -26 -33 -34 -7 -5 -37 -38 -23
right_child=1 -3 -4 4 5 8 7 -9 -10 -11 -12 -13 -14 -15 -16 17 -18 -19 -20 20 -22 38 -24 -25 31 -27 27 -29 29 -31 -32 32 33 -35 -36 36 37 -39 -40
leaf_value=0.95649235890461848 -0.2777518704533577 -0.72845993558876221 0.74719215512275694 -0.31806040053304874 -0.25749500398573127 0.055788698069312997 1.7408447648313914 4.3933956648992458 2.2997399759292603 -0.66406069792807099 -1.0143031313305808 -0.81768755912780766 -0.7151011362671853 -0.47337800792285378 -1.0416180366819556 -0.89600341455502941 0.36933795939321107 -0.24481692278514738 -0.14867855731625945 0.86550601269517624 -0.091307226249149873 -0.56557611435651778 0.5239485242962838 -0.20164509881287815 -0.45131435474114756 1.0029473470766908 1.1275944720615041 -0.23154453789549218 1.3466355191989114 -0.25577820670424084 -0.11136663874877351 -0.19935192314683106 0.60249339762542942 -0.064530045233550479 -0.24802269900128959 0.32882412006812439 -0.38397446878786601 -0.039229982490114293 -0.04358047053217888
leaf_weight=26 20 24 20 38 95 51 22 23 20 20 21 24 20 35 22 22 23 23 294 35 49 20 20 81 28 23 22 28 23 33 35 58 21 48 126 42 28 633 20
leaf_count=26 20 24 20 38 95 51 22 23 20 20 21 24 20 35 22 22 23 23 294 35 49 20 20 81 28 23 22 28 23 33 35 58 21 48 126 42 28 633 20
internal_value=-4.60198e-10 -0.0113556 -0.00340986 -0.0104052 0.00291874 0.0748139 0.371734 1.93947 -0.017042 0.595652 -0.0816663 -0.0535264 -0.0579933 -0.0262349 -0.677872 -0.253436 -0.135316 -0.563175 -0.0462488 -0.00974653 0.307365 -0.00166659 0.018629 0.00111359 0.0342254 0.0927275 0.026894 0.366477 -0.0364609 0.20477 0.466807 -0.0944793 -0.015807 0.138477 -0.160484 -0.0456944 -0.0309719 -0.0538334 -0.304578
internal_weight=2216 2190 2166 2146 2104 965 228 65 737 42 717 696 1139 672 42 163 118 45 1119 825 84 637 597 577 496 341 318 50 268 91 58 155 127 69 177 741 703 661 40
internal_count=2216 2190 2166 2146 2104 965 228 65 737 42 717 696 1139 672 42 163 118 45 1119 825 84 637 597 577 496 341 318 50 268 91 58 155 127 69 177 741 703 661 40
is_linear=0
shrinkage=0.05


Tree=68
num_leaves=40
num_cat=0
split_feature=27 15 12 29 29 18 15 17 27 31 30 30 18 30 31 19 7 5 5 6 5 14 12 29 29 15 15 15 30 18 20 16 4 29 7 7 20 15 16
split_gain=9324.94 9474.14 21083.4 15526.7 4470.32 8722.44 3859.73 15925.2 4718.92 41763.7 31457.7 10628.3 6785.92 10938.6 3812.68 3009.07 2374.9 2021.31 1797.14 1688.43 1633.94 1577.37 3226.93 1798.99 5721.9 2030.22 6596.45 2275.9 2547.05 3542.82 9125.8 3901.94 1585.82 1545.28 1515.96 1610.72 1287.42 1249.55 2002.36
threshold=-2.1934885978698726 -1.3155183792114256 -1.2229315042495725 3.2934920787811284 0.30189555883407598 -1.5013355016708372 2.1951055526733403 1.8931055068969729 -0.58386245369911183 1.4600473046302798 0.73168373107910167 1.0567454695701601 -1.0568026304244993 -0.037414528429508202 2.7546710968017583 -1.5992504954338072 1.4905631542205813 -0.36552448570728296 1.6552883982658388 2.872025847434998 -0.34696488082408899 -0.9569198191165923 -0.92192900180816639 0.46461574733257299 0.42881171405315405 -0.19662933796644208 -0.25301203131675715 -0.3122249543666839 -0.30386248230934138 -0.59442287683486927 -0.56072029471397389 -0.30314393341541285 -0.89702138304710377 -0.0086820246651768667 1.1958036422729494 0.94995784759521495 -0.063091794028878198 0.032859392464160926 0.093140266835689559
decision_type=2 2 2 2 2 2 2 2 2 2 2 2 2 2 2 2 2 2 2 2 2 2 2 2 2 2 2 2 2 2 2 2 2 2 2 2 2 2 2
left_child=-1 3 -3 4 15 -6 7 8 9 10 12 14 13 -4 16 -2 19 -14 33 21 -8 -10 -23 24 25 26 27 28 -24 32 -31 -32 -30 36 35 37 -19 -27 -39
right_child=1 2 6 -5 5 -7 20 -9 11 -11 -12 -13 17 -15 -16 -17 -18 18 -20 -21 -22 22 23 -25 -26 34 -28 -29 29 30 31 -33 -34 -35 -36 -37 -38 38 -40
leaf_value=0.80965872968946195 -0.92818900346755984 1.593749482574917 -0.17005107275077277 -1.6412022420338221 0.91153559898552694 -0.34919705482966762 -0.20678390736381214 1.0547586763898531 -0.1800342745048869 2.374017906188965 1.9556295800209047 -1.090552457422018 -0.066551654415423642 1.3609543707966805 -0.55325017238364504 -0.25201904223741672 -0.45052677748664732 -0.10899568643325415 0.09986820355057717 0.39108033867982717 -0.77044253110885619 0.52296255354223586 -0.32561723436370044 -0.16990105217502963 0.81036944484168838 -0.18054287484555973 0.80953078610201679 -0.36807558704167609 0.24410122421880565 1.1954661105759443 -0.11612664048443549 0.583011265150432 -0.23679980281119548 -0.76897712958355746 0.31331931187970835 -0.31677978915211402 -0.52364184401101532 0.29797755291267319 -0.037065660728107873
leaf_weight=35 21 21 28 21 23 34 36 36 132 20 20 24 179 20 34 76 31 39 20 26 20 29 33 155 22 128 30 32 24 24 64 29 60 24 28 57 36 49 496
leaf_count=35 21 21 28 21 23 34 36 36 132 20 20 24 179 20 34 76 31 39 20 26 20 29 33 155 22 128 30 32 24 24 64 29 60 24 28 57 36 49 496
internal_value=-8.10473e-10 -0.0129931 0.0177866 -0.365817 -0.191901 0.15952 0.00111398 0.0129934 -0.00681827 0.149165 0.0275887 -0.0467716 -0.0838587 0.467868 -0.0298797 -0.398406 -0.0175991 -0.172727 -0.332437 -0.00813451 -0.408091 -0.0155911 0.00163627 -0.0106452 0.012296 -0.00436212 0.106686 0.0274175 0.0815021 0.148343 0.326209 0.101884 -0.0993995 -0.419772 -0.0477265 -0.0615748 -0.308026 -0.0399601 -0.00694251
internal_weight=2216 2181 2006 175 154 57 1985 1929 1893 386 366 1507 346 48 1483 97 1449 298 119 1418 56 1392 1260 1231 1076 1054 296 266 234 201 117 93 84 99 758 730 75 673 545
internal_count=2216 2181 2006 175 154 57 1985 1929 1893 386 366 1507 346 48 1483 97 1449 298 119 1418 56 1392 1260 1231 1076 1054 296 266 234 201 117 93 84 99 758 730 75 673 545
is_linear=0
shrinkage=0.05


Tree=69
num_leaves=40
num_cat=0
split_feature=29 30 30 30 30 30 18 27 15 15 31 12 9 11 24 22 7 7 27 5 12 5 5 5 7 23 4 4 27 29 27 29 30 2 8 29 5 33 0
split_gain=10300.8 6860.92 10464.2 5891.56 14412.6 8664.5 5635.35 3610.91 3361.49 15471.5 4019.76 3164.11 2415.58 2608.3 3838.81 12733.1 2923.69 7384.47 2904.59 10264.3 2554.9 2996.19 1870.09 12457.6 1648.05 1504.57 1584.1 2276.56 1657.38 1976.33 2274.44 4020.58 1771.94 2930.52 1653.04 1590.41 1462.29 1411.38 1805.13
threshold=3.2934920787811284 -0.95633739233016957 -0.81057617068290699 1.3463437557220461 1.0567454695701601 0.9120679795742036 -1.5910865664482114 -1.9179521799087522 2.1951055526733403 1.8629074692726137 2.9253710508346562 -1.3265537619590757 -1.2198464870452879 0.39466437697410589 1.5304850935935976 0.60860848426818859 0.32105529308319097 0.41479589045047766 -1.1976896524429319 -0.32840529084205622 1.1007702946662905 -0.28255215287208552 0.82119813561439525 1.1148765087127688 0.47772999107837683 -1.1726135015487669 -1.0347204208374021 -1.0322614908218382 0.58590245246887218 -0.16954220086336133 0.82099193334579479 0.18635816127061847 0.46835884451866155 1.0000000180025095e-35 -0.74507188796997059 0.40936382114887243 -0.35242359340190882 -0.047480842098593705 -0.086251690983772264
decision_type=2 2 2 2 2 2 2 2 2 2 2 2 2 2 2 2 2 2 2 2 2 2 2 2 2 2 2 2 2 2 2 2 2 2 2 2 2 2 2
left_child=1 7 -3 4 5 6 -4 -1 9 10 11 -8 -13 16 20 -16 18 -18 19 -14 37 -22 25 -24 -19 -20 35 -28 -29 -30 31 -31 33 -32 -35 -27 -10 38 -15
right_child=-2 2 3 -5 -6 -7 8 -9 36 -11 -12 12 13 14 15 -17 17 24 22 -21 21 -23 23 -25 -26 26 27 28 29 30 32 -33 -34 34 -36 -37 -38 -39 -40
leaf_value=-1.0043891012668611 1.0302324717243514 1.001113730439773 -0.63350973452130965 0.82513298523567968 -1.2347557063835364 0.94212000401069729 0.48384316743261391 -0.23217522273885041 -0.19289695722716196 1.0989177715033294 0.69545526146888736 -0.46316635488502444 1.2227429895848037 -0.10381501078067777 1.3008621755242349 -0.13926231988113036 0.82927280237015921 -0.41491436085530692 0.39045114614069465 -0.35996705194314327 -0.17345307352867995 -0.76018957661257858 1.2467441221762618 -0.059661539944778769 0.12757480243841809 -0.10630720923352358 0.47340756810229756 -0.082491076808291292 -0.13485490118153395 0.030222682719645295 -0.21151361740915708 0.99954771915916363 0.49917403485625989 0.02608128595352173 0.62782367907819303 -0.4713809253396215 -0.72884073495864876 -0.24170149919656359 0.24891400039196016
leaf_weight=24 24 26 36 21 24 24 31 41 35 32 20 31 20 187 20 66 38 21 20 21 55 36 22 107 42 154 23 524 80 23 71 20 20 25 21 37 20 129 45
leaf_count=24 24 26 36 21 24 24 31 41 35 32 20 31 20 187 20 66 38 21 20 21 55 36 22 107 42 154 23 524 80 23 71 20 20 25 21 37 20 129 45
internal_value=9.1121e-10 -0.0112799 0.0041838 -0.00815327 -0.0165663 -0.00234614 -0.0135013 -0.5173 -0.00231874 0.00860382 -0.00967279 -0.0171384 -0.0254971 -0.0180709 -0.110544 0.19565 0.0205253 0.278785 -0.00143112 0.412087 -0.168802 -0.405569 -0.0162125 0.163136 -0.0532549 -0.0389394 -0.0475444 -0.0168983 -0.0312823 0.0719232 0.163825 0.481072 0.0642507 -0.0100952 0.30079 -0.177028 -0.387786 -0.109118 -0.0353977
internal_weight=2216 2192 2127 2101 2080 2056 2032 65 1996 1941 1909 1889 1858 1827 538 86 1289 101 1188 41 452 91 1147 129 63 1018 998 807 784 260 180 43 137 117 46 191 55 361 232
internal_count=2216 2192 2127 2101 2080 2056 2032 65 1996 1941 1909 1889 1858 1827 538 86 1289 101 1188 41 452 91 1147 129 63 1018 998 807 784 260 180 43 137 117 46 191 55 361 232
is_linear=0
shrinkage=0.05


Tree=70
num_leaves=40
num_cat=0
split_feature=29 30 30 30 30 30 18 27 6 3 6 18 7 4 18 16 24 27 13 27 31 27 9 10 4 30 17 5 29 31 5 30 4 4 20 21 4 5 5
split_gain=9296.47 6223.52 11359.4 5319.13 13004.2 7822.03 6240.68 3449.4 3268.54 5024.86 3612.67 3295.69 2757.54 10196.1 5238.94 14549.8 3150.45 9311.05 3769.68 3209.95 2176.67 1941.3 1917.96 1512.31 1792.21 1772.67 2360.87 2201.01 1665.18 1798.53 4395.96 8332.33 2094.34 1774.3 1496.57 2441.23 1493.95 1499.92 1430.54
threshold=3.2934920787811284 -0.88363802433013905 -0.7744469642639159 1.3463437557220461 1.0567454695701601 0.9120679795742036 -1.5910865664482114 -1.9179521799087522 3.3894180059432988 2.5976400375366215 2.6913030147552495 -1.5013355016708372 2.1604351997375493 -0.22327970713376996 1.8405267000198366 1.7381920218467715 1.5304850935935976 -0.76310309767723072 0.88261732459068309 -1.1976896524429319 1.2981519699096682 0.68280437588691723 -1.2198464870452879 -1.1403304338455198 -1.0347204208374021 0.28248156607151037 -0.49061308801174158 -0.36989144980907435 -0.88827767968177784 0.52946344017982494 0.82119813561439525 0.14941830188035968 1.4715248346328738 -1.0322614908218382 0.037093298509716995 0.13452491164207461 -0.42982824146747584 -0.20503853261470792 0.09737375378608705
decision_type=2 2 2 2 2 2 2 2 2 2 2 2 2 2 2 2 2 2 2 2 2 2 2 2 2 2 2 2 2 2 2 2 2 2 2 2 2 2 2
left_child=1 7 -3 4 5 6 -4 -1 9 10 11 -8 14 -14 15 16 18 -18 19 -13 36 -16 -21 -24 25 -25 -27 -28 -26 30 32 -32 33 -30 -31 -36 37 -20 -35
right_child=-2 2 3 -5 -6 -7 8 -9 -10 -11 -12 12 13 -15 21 -17 17 -19 20 22 -22 -23 23 24 28 26 27 -29 29 34 31 -33 -34 38 35 -37 -38 -39 -40
leaf_value=-0.95416964888572697 0.97872068335612628 1.0437041502445936 -0.68467037511222506 0.78387633633045928 -1.1730179252723854 0.89501396758326646 0.52019057129991475 -0.22493595635890962 -0.44330914267679544 0.69823859356916873 0.65066772131692796 0.44632516507361386 -0.22217963703217045 1.2258466088771822 -0.64966834982236232 1.330241626277566 1.199065890684724 -0.20327436821214084 -0.21181285312893441 -0.36667964084539562 -0.7452808728175504 -0.067467926655496877 0.38649722052657087 -0.2325411275462356 0.41532572433352472 -0.34917621683815253 0.56352911009280771 -0.12851354081183672 0.4167849887162447 -0.22968188107228107 1.2335223746441661 -0.19248078159987927 0.48821841369975694 0.0064917804387840412 0.3923563602290327 -0.094768502217846995 -0.028005131940837161 -0.72563887715339659 -0.19916943918491148
leaf_weight=24 24 26 34 21 24 24 29 50 41 26 21 37 31 20 45 20 20 29 49 40 21 21 23 172 24 23 27 20 24 139 21 20 22 659 31 151 66 20 97
leaf_count=24 24 26 34 21 24 24 29 50 41 26 21 37 31 20 45 20 20 29 49 40 21 21 23 172 24 23 27 20 24 139 21 20 22 659 31 151 66 20 97
internal_value=-2.77867e-09 -0.0107159 0.0050319 -0.00787703 -0.0159054 -0.00233889 -0.0129847 -0.461444 -0.00150289 0.0077959 -0.00154411 -0.00874898 -0.016943 0.345674 -0.0270987 -0.0106523 -0.0261093 0.369109 -0.0375955 -0.0137223 -0.271736 -0.464423 -0.0251234 -0.0157206 -0.0221898 -0.146211 0.0659137 0.269043 0.00307381 -0.00542623 0.032926 0.537911 0.00711009 -0.00645963 -0.106146 -0.0117967 -0.198074 -0.360748 -0.019896
internal_weight=2216 2192 2118 2092 2071 2047 2023 74 1989 1948 1922 1901 1872 51 1821 1755 1735 49 1686 1530 156 66 1493 1453 1430 242 70 47 1188 1164 843 41 802 780 321 182 135 69 756
internal_count=2216 2192 2118 2092 2071 2047 2023 74 1989 1948 1922 1901 1872 51 1821 1755 1735 49 1686 1530 156 66 1493 1453 1430 242 70 47 1188 1164 843 41 802 780 321 182 135 69 756
is_linear=0
shrinkage=0.05


Tree=71
num_leaves=40
num_cat=0
split_feature=27 17 13 12 8 29 11 7 12 29 14 24 33 4 15 28 33 30 0 18 20 4 4 17 5 29 0 28 21 10 10 33 29 16 8 3 11 8 21
split_gain=9704.17 9209.92 10452.1 10014.9 6650.73 4768.65 3862.72 24845.6 8902.29 38136.6 4210.42 10947.7 4533.58 3853.84 2573.69 2473.15 2247.27 2204.39 1630.27 1556.66 1862.23 1440.94 2814.77 4334.58 2230.89 2096.29 1436.01 1416.59 3041.55 1892.1 9293.87 3036.78 6844.56 1778.98 1322.16 1208.73 1157.02 1531.04 3082.43
threshold=-2.1934885978698726 -1.4076604247093198 -1.3370534777641294 -1.2313437461853025 -1.2389039993286131 0.30189555883407598 1.6160847544670107 1.6315463185310366 1.2761033177375796 0.10052988305687906 0.92901721596717846 0.9187980890274049 -0.04747741483151912 2.0844084024429326 1.7172574996948244 -1.2250468134880064 -0.047483431175351136 1.158700227737427 1.9966440796852114 1.757795035839081 0.92152950167655956 -0.85644933581352223 -0.81157422065734852 -0.050484526902437203 -0.37207493185997004 -0.88827767968177784 -0.086251690983772264 -0.44768442213535303 -0.55546247959136952 -0.32901512086391443 -0.28055298328399653 -0.047475587576627724 -0.44785918295383448 0.78938704729080211 0.27343381941318518 0.8902902901172639 0.67084914445877086 0.37150499224662786 0.49816480278968817
decision_type=2 2 2 2 2 2 2 2 2 2 2 2 2 2 2 2 2 2 2 2 2 2 2 2 2 2 2 2 2 2 2 2 2 2 2 2 2 2 2
left_child=-1 2 5 -3 -4 -2 7 8 10 -10 11 13 -12 14 15 -5 19 21 -15 20 -8 24 23 -23 26 -24 -17 -27 -29 -30 -31 36 -33 34 -34 -26 37 -32 -39
right_child=1 3 4 6 -6 -7 16 -9 9 -11 12 -13 -14 18 -16 17 -18 -19 -20 -21 -22 22 25 -25 35 27 -28 28 29 30 31 32 33 -35 -36 -37 -38 38 -40
leaf_value=0.82595814193998063 -0.30999357617019041 0.87772200472201378 -1.5629338219052269 0.40182078943440791 -0.51428794570405179 0.54994775169928167 -0.27400675882296316 1.5828157377243042 -0.37654027078404195 2.3045888880888623 -0.16332922649934242 1.0798342483847037 -0.96231275715611209 -0.22331343453980104 -0.50798715198040012 -0.03748709404254677 -0.7453169264963696 0.51507130622863773 -0.79222139805555347 -0.39752805531024937 0.30874299544554495 -0.064696481046469315 0.4957350764955793 0.92886879075141193 -0.35618606315505125 -0.11208930952378003 0.40160090405493976 0.49431351423263553 -0.12671666008853677 1.0361370630886244 -0.10793853328523169 0.93101338337247186 -0.12782226020300932 0.43625539789597201 0.29084928029527268 -0.071174139757790883 -0.2846645680882714 -0.19372879333401982 0.40904413732544831
leaf_weight=35 38 33 21 38 54 28 29 25 36 21 92 23 22 34 25 270 21 20 20 44 26 23 21 21 93 251 20 33 202 23 209 26 88 24 24 62 55 38 48
leaf_count=35 38 33 21 38 54 28 29 25 36 21 92 23 22 34 25 270 21 20 20 44 26 23 21 21 93 251 20 33 202 23 209 26 88 24 24 62 55 38 48
internal_value=-9.62843e-10 -0.0132547 -0.404074 0.0137578 -0.807909 0.05483 -0.000447925 0.0170444 -0.00397831 0.611244 -0.0234064 -0.00357857 -0.317519 -0.0185177 -0.00461615 0.00330347 -0.275515 -0.00646033 -0.43402 -0.17586 0.00147494 -0.0132733 0.0177773 0.409505 -0.0890508 0.00123606 -0.00720516 -0.00893483 0.0246908 0.00366297 0.0528904 0.00872113 0.187707 0.0456041 -0.0381069 -0.242181 -0.0741237 -0.0348703 0.142703
internal_weight=2216 2181 141 2040 75 66 2007 1887 1862 57 1805 1691 114 1668 1614 1589 120 1551 54 99 55 1531 1086 44 445 1042 290 1021 770 737 535 512 162 136 112 155 350 295 86
internal_count=2216 2181 141 2040 75 66 2007 1887 1862 57 1805 1691 114 1668 1614 1589 120 1551 54 99 55 1531 1086 44 445 1042 290 1021 770 737 535 512 162 136 112 155 350 295 86
is_linear=0
shrinkage=0.05


Tree=72
num_leaves=40
num_cat=0
split_feature=29 30 30 30 30 30 18 13 14 12 23 4 5 27 29 27 15 3 5 30 30 30 30 4 27 2 28 21 27 29 29 0 4 29 29 29 15 2 15
split_gain=9133.37 5857.23 8920.61 4674.25 12072.7 6966.75 4674.8 3207.03 32309.2 6063.81 17358.8 5827.86 4033.56 3542.29 21266.5 3147.34 2433.41 1734.69 1387.89 1358.78 1528.73 1488.85 2826.69 4844.13 3301.08 5791.53 2207.15 5530.49 1819.84 1661.06 5097.27 1457.26 5242.88 1197.99 1024.71 6923.37 1012.47 1270.5 1934.51
threshold=3.2934920787811284 -0.95633739233016957 -0.81057617068290699 1.3463437557220461 1.0567454695701601 0.9120679795742036 -1.5910865664482114 1.5881919264793398 1.4663060307502749 1.1007702946662905 1.0408725142478945 2.1403487920761113 0.28733672201633459 -1.1976896524429319 -0.15099124610424039 -1.9179521799087522 1.8295560479164126 -0.4353517591953277 2.941359400749207 -0.65878006815910328 -0.55049610137939442 -0.34459145367145533 -0.10449956357479094 1.7844213247299197 -0.27029930055141443 1.0000000180025095e-35 -0.44768442213535303 -0.55546247959136952 -0.043633546680212014 -0.46601891517639155 -0.41411091387271876 0.05702005326747895 -0.53802034258842457 -0.52772429585456837 0.24387346208095553 0.20255824923515323 1.1937422156333926 1.0000000180025095e-35 -0.32988759875297541
decision_type=2 2 2 2 2 2 2 2 2 2 2 2 2 2 2 2 2 2 2 2 2 2 2 2 2 2 2 2 2 2 2 2 2 2 2 2 2 2 2
left_child=1 15 -3 4 5 6 -4 8 9 10 11 13 -11 14 -8 -1 18 -9 19 -15 -21 -22 23 24 25 -23 -24 -28 -26 33 -31 32 -30 -29 35 36 37 38 -32
right_child=-2 2 3 -5 -6 -7 7 17 -10 12 -12 -13 -14 16 -16 -17 -18 -19 -20 20 21 22 26 -25 28 -27 27 29 31 30 34 -33 -34 -35 -36 -37 -38 -39 -40
leaf_value=-0.93291454513867711 0.97009715040524813 0.92413667649603815 -0.57690733770529434 0.73449931825910308 -1.1301460338135561 0.84469191137080402 -0.27447628926399142 -0.098251650929450984 1.8365821249783041 -0.19009508105119099 1.4073412937874146 0.842543412744999 -0.89873214246971278 -0.38233500480651861 1.6990328490734101 -0.21197149310170152 -0.50075198033893553 -0.49096468803571897 -0.4077917363332666 0.34886376341355257 -0.19483751027061691 0.0075809038699941435 -0.14939214222737651 0.81881896331906323 -0.43916246905922895 0.9060964500981159 0.61985736472266062 -0.12703286079275941 -0.12215643588985717 0.79056829810142526 0.4785732863843441 -0.21271746565142405 0.63464723891195129 -0.56446278765797619 -0.11193202492655614 0.81446516387737722 0.23423098376819068 -0.20238943188310121 -0.029038825617706189
leaf_weight=24 24 26 36 21 24 24 43 70 24 71 22 20 28 25 20 41 27 47 23 29 110 47 322 24 25 29 35 72 70 20 20 46 34 20 208 26 35 99 305
leaf_count=24 24 26 36 21 24 24 43 70 24 71 22 20 28 25 20 41 27 47 23 29 110 47 322 24 25 29 35 72 70 20 20 46 34 20 208 26 35 99 305
internal_value=-2.45106e-09 -0.0106215 0.0036664 -0.00772447 -0.0152181 -0.00220335 -0.0122061 -0.00202106 0.013794 -0.00978924 0.0116755 -0.00603189 -0.390518 -0.0159336 0.352035 -0.478166 -0.0299748 -0.256008 -0.0221478 -0.0166076 -0.0108061 -0.0175485 -0.0039773 0.140174 0.0752832 0.350436 -0.0380922 0.00457279 -0.0442115 -0.0221787 0.00362097 0.0216137 0.12526 -0.222126 -0.0190903 0.0207263 -0.024235 -0.0455706 0.00219884
internal_weight=2216 2192 2127 2101 2080 2056 2032 1996 1879 1855 1756 1734 99 1714 63 65 1651 117 1624 1601 1576 1547 1437 275 251 76 1162 840 175 805 713 150 104 92 693 485 459 424 325
internal_count=2216 2192 2127 2101 2080 2056 2032 1996 1879 1855 1756 1734 99 1714 63 65 1651 117 1624 1601 1576 1547 1437 275 251 76 1162 840 175 805 713 150 104 92 693 485 459 424 325
is_linear=0
shrinkage=0.05


Tree=73
num_leaves=40
num_cat=0
split_feature=27 15 12 29 33 33 27 30 13 29 5 5 28 29 5 20 29 30 7 11 7 17 13 5 24 31 29 30 0 30 29 31 27 27 20 22 28 22 28
split_gain=9421.87 8716 18525.1 16340.4 4085.67 8494.79 19987.4 6645.76 3882.3 5757.7 3446.63 13752.2 5536.15 4996.8 37783.8 4049.63 4499.86 9880.17 3253.51 2017.3 1989.76 1947.3 1710.23 1676.46 1601.89 1571.36 1362.7 1327.05 1240.64 1171.45 1070.3 1042.48 838.764 1433.74 3723.24 852.799 814.335 1345.99 3486.88
threshold=-2.1934885978698726 -1.3155183792114256 -1.2229315042495725 3.2934920787811284 -0.047459915280342095 -0.047463884577155106 0.034452840685844428 1.0098809599876406 -1.3370534777641294 0.30189555883407598 0.93583095073699962 0.700014889240265 -1.2250468134880064 -0.46025393903255457 0.068988487124443068 1.3485448360443117 -0.52172148227691639 0.040672719478607185 0.92996451258659374 1.1336319446563723 0.89212873578071605 -1.4685845971107481 -1.1782376766204832 -0.16027715057134626 -0.66599541902542103 2.8130685091018681 -0.2439976632595062 0.46835884451866155 -0.5327014923095702 -0.30386248230934138 -0.14640453457832334 0.69531184434890758 1.0399777889251711 0.75755280256271373 0.2236004322767258 1.3542641997337344 -0.97425168752670277 -0.52671167254447926 -0.45635624229907984
decision_type=2 2 2 2 2 2 2 2 2 2 2 2 2 2 2 2 2 2 2 2 2 2 2 2 2 2 2 2 2 2 2 2 2 2 2 2 2 2 2
left_child=-1 3 -3 8 5 7 -7 10 9 -2 11 12 -4 14 15 16 -14 -18 32 20 -12 22 -10 26 -8 27 28 29 -20 -6 -31 -32 33 36 -35 -34 -15 38 -38
right_child=1 2 4 -5 25 6 24 -9 21 -11 19 -13 13 18 -16 -17 17 -19 23 -21 -22 -23 -24 -25 -26 -27 -28 -29 -30 30 31 -33 35 34 -36 -37 37 -39 -40
leaf_value=0.81385585376194547 -0.27972440326061004 1.4937182276021868 0.67306094868429778 -1.6598530317701046 -0.30775351238250737 1.9002296841144564 0.32100850674510006 0.72792822276392299 -0.91178050246089704 0.66004347226449422 -0.22270511829604708 0.96491561799838732 -0.10804786273943529 -0.23570420887876065 1.812809849746766 -0.62956279118855796 1.2828939053416253 -0.26992067084425975 -0.21363591015338901 -0.58386037419550119 0.3179941201210022 -0.15407997733631801 -0.2857386863231659 -0.54142922177201225 -0.23954275101423264 -0.59440852502981822 -0.28532663783529305 -0.52547853941267186 0.34328406922519211 -0.21705590209159525 -0.1798522511869669 0.25873966284451033 -0.19664694901555779 0.61383857102163386 -0.10499971330512402 0.15600940048694611 0.013757186451258549 -0.053808114718746664 0.69403687444600193
leaf_weight=35 39 21 29 21 50 20 25 31 24 28 114 37 140 47 31 27 20 21 20 32 20 43 20 42 26 24 91 22 20 39 20 42 120 31 43 20 131 628 22
leaf_count=35 39 21 29 21 50 20 25 31 24 28 114 37 140 47 31 27 20 21 20 32 20 43 20 42 26 24 91 22 20 39 20 42 120 31 43 20 131 628 22
internal_value=-2.1316e-09 -0.0130605 0.0164621 -0.351474 0.000833678 0.0246443 0.560587 0.00248242 -0.173058 0.113014 -0.0108561 0.0127688 -0.0109867 -0.02463 0.184359 -0.058343 0.0268665 0.48755 -0.0657398 -0.227181 -0.142004 -0.393367 -0.627216 -0.266542 0.0352373 -0.215275 -0.17841 -0.162678 0.0648241 -0.10982 -0.0118333 0.117258 -0.0324012 -0.0147279 0.196135 -0.146267 -0.0335732 -0.0214091 0.111575
internal_weight=2216 2181 2006 175 1985 1788 71 1717 154 67 1686 1520 1483 1454 239 208 181 41 1215 166 134 87 44 173 51 197 131 173 40 151 101 62 1042 902 74 140 828 781 153
internal_count=2216 2181 2006 175 1985 1788 71 1717 154 67 1686 1520 1483 1454 239 208 181 41 1215 166 134 87 44 173 51 197 131 173 40 151 101 62 1042 902 74 140 828 781 153
is_linear=0
shrinkage=0.05


Tree=74
num_leaves=40
num_cat=0
split_feature=29 30 30 18 29 30 27 30 30 10 30 3 9 0 7 9 15 30 27 2 23 11 31 3 30 21 30 0 24 27 27 3 3 27 23 27 5 13 29
split_gain=9524.32 5763.23 9739.72 4593.47 3339.54 11168.6 4241.97 4011.23 10852.9 4829.53 4754.65 10108.1 18232.6 27027.5 8628.79 4348.83 4171.35 3305.73 3096.54 2601.13 4246.24 10584.5 2593.47 2507.09 2215.56 1870.44 1681.73 1609.65 1552.53 1415.58 3664.28 1404.8 4901.83 2064.36 2034.99 1568.81 1620.17 1241.72 1169.65
threshold=3.2934920787811284 -0.88363802433013905 -0.7744469642639159 -1.5910865664482114 0.79209810495376598 1.0098809599876406 0.4204875528812409 0.3407531082630158 0.32485000789165502 -1.2736026644706724 0.11983910948038103 -0.50976410508155812 1.2217946052551272 -0.61802062392234791 2.1604351997375493 0.37274707853794103 1.8629074692726137 0.14601807296276095 -1.9179521799087522 1.0000000180025095e-35 0.032644217833876617 0.18306332081556323 1.2981519699096682 1.4042866230010989 0.65969780087471019 -0.62700664997100819 1.0000000180025095e-35 -0.42484520375728602 0.46359659731388098 0.43099544942379003 0.78191867470741283 1.5379531979560854 0.73319759964942943 0.80317771434783947 -0.65767222642898548 -0.14136651158332822 -0.4048271626234054 0.94590556621551525 -0.10125617682933806
decision_type=2 2 2 2 2 2 2 2 2 2 2 2 2 2 2 2 2 2 2 2 2 2 2 2 2 2 2 2 2 2 2 2 2 2 2 2 2 2 2
left_child=1 18 -3 -4 5 7 24 8 9 -5 14 -12 13 -13 16 17 19 -15 -1 26 31 -22 -9 -19 -6 -8 29 -23 -24 38 -31 32 33 35 -35 36 -21 -28 -11
right_child=-2 2 3 4 6 -7 25 22 -10 10 11 12 -14 15 -16 -17 -18 23 -20 20 21 27 28 -25 -26 -27 37 -29 -30 30 -32 -33 -34 34 -36 -37 -38 -39 -40
leaf_value=-0.91143105328083041 0.99064182539780943 0.96608517926472892 -0.55235865837649301 0.77891024819442212 -0.30836393383754923 1.0284389027842769 -0.21841749372807417 -0.084846626230214897 1.0382514589362675 -0.033663769025799525 -0.096819899515672159 1.7596027436256412 1.5968684966917392 0.68868893462419511 0.92915876047177748 -0.3462288377332991 -0.723368372147282 -0.14696449526245633 -0.22050150434486568 0.22057370249181987 1.379162038937211 0.31494400918483739 -0.19020650775536249 0.36726064744748571 -0.90206000967459254 0.40800125266496956 -0.19542112102377818 -0.29838240030019181 -0.77115924377804224 0.49719200714214429 -0.14874061714443895 -0.36510381507022038 0.73688632164682666 -0.067301820333187407 0.60355235248804096 -0.30656072907609705 -0.29253150391578675 -0.60391625080789835 -0.23194926475936717
leaf_weight=24 24 26 38 21 55 27 22 412 27 193 220 25 27 25 22 59 24 63 50 40 20 20 23 38 22 26 163 23 23 37 54 28 21 26 20 81 25 21 121
leaf_count=24 24 26 38 21 55 27 22 412 27 193 220 25 27 25 22 59 24 63 50 40 20 20 23 38 22 26 163 23 23 37 54 28 21 26 20 81 25 21 121
internal_value=-2.86069e-10 -0.0108464 0.00430785 -0.00764541 0.00243205 0.0186614 -0.24802 0.00432706 0.0452204 0.0262989 0.0149774 0.147247 0.373808 0.216557 -0.0493968 0.0080371 -0.0728736 0.173924 -0.444587 -0.0553911 0.0633897 0.428878 -0.124603 0.0465064 -0.477991 0.120893 -0.116697 -0.0131143 -0.480683 -0.0597503 0.113891 -0.0321529 0.0116153 -0.0677112 0.224374 -0.159738 0.0232255 -0.242043 -0.110073
internal_weight=2216 2192 2118 2092 2054 1929 125 1902 1444 1417 1396 457 237 210 939 185 917 126 74 893 304 63 458 101 77 48 589 43 46 405 91 241 213 192 46 146 65 184 314
internal_count=2216 2192 2118 2092 2054 1929 125 1902 1444 1417 1396 457 237 210 939 185 917 126 74 893 304 63 458 101 77 48 589 43 46 405 91 241 213 192 46 146 65 184 314
is_linear=0
shrinkage=0.05


Tree=75
num_leaves=40
num_cat=0
split_feature=30 15 27 27 28 30 7 7 0 9 11 5 15 15 27 29 20 5 30 9 27 14 29 13 18 7 5 4 30 10 3 3 6 33 27 27 33 2 9
split_gain=9233.19 4785.01 7532.92 3846.69 27779 9849.99 4491.92 14483.5 7171.42 3790.53 3362.49 3066.51 3059.47 5461.5 2757.18 19705.8 2511.86 2124.88 2118.07 2098.57 2046.5 1745.14 1734.81 1723.44 13343.7 2648.56 2987.39 1929.38 6519.59 1805.39 1415.85 2918.88 1338.38 2852.46 3603.97 5234.69 2311.91 2013.24 1802.04
threshold=-2.4608415365219112 -1.584319472312927 -1.9179521799087522 0.25011114776134497 1.6180556416511538 1.0098809599876406 1.1276233196258547 1.0725600123405459 2.4019546508789067 0.53685480356216442 0.92895847558975231 0.73058363795280468 0.58090567588806163 0.73461303114891063 -1.1976896524429319 -0.0043747618328779927 -1.6137911677360532 -0.22905685007572171 1.0098809599876406 -1.0918279290199278 -0.76310309767723072 -1.1728941202163694 -0.21035738289356229 -0.58716601133346547 -0.65026244521141041 -0.027284578420221802 0.82119813561439525 -1.027343690395355 -0.050173349678516381 0.43079948425292974 -0.32235524058341974 -0.75918322801589955 -0.083667501807212816 -0.047481402754783623 0.82099193334579479 0.54337596893310558 -0.047484496608376496 1.1408391594886782 -0.33271670341491694
decision_type=2 2 2 2 2 2 2 2 2 2 2 2 2 2 2 2 2 2 2 2 2 2 2 2 2 2 2 2 2 2 2 2 2 2 2 2 2 2 2
left_child=-1 -2 16 4 5 6 7 8 9 12 18 -8 14 -14 15 -4 -3 -12 19 21 -16 -5 -21 24 27 -25 29 28 -22 30 31 -27 33 36 35 38 37 -24 -35
right_child=1 2 3 10 -6 -7 11 -9 -10 -11 17 -13 13 -15 20 -17 -18 -19 -20 22 23 -23 32 25 -26 26 -28 -29 -30 -31 -32 -33 -34 34 -36 -37 -38 -39 -40
leaf_value=0.93669101458329429 0.75872616991400721 -1.0796111568063498 -0.24281783481330976 -0.14990078213429728 1.6969745764285324 1.0185277956227461 -0.13871092067475055 1.3675030529499055 0.94804936647415161 -0.20523921325614658 -0.18366965321557863 -0.67662510406225929 1.0482756450772286 -0.12021737188100814 -0.2074981713359843 1.6371261984109879 -0.32090530836333836 -0.90378914535045629 -0.54166357050771297 -0.15030708432157389 0.82244644098811692 -0.7152361765503884 -0.035463236234705861 -0.14448349095057419 1.3707427307963371 -0.072459408438811865 0.55027788711651682 -0.097381212448817686 -0.22520523040809415 0.38332608889403019 -0.19392160401679576 0.62649732515215872 -0.11281419394262991 -0.20623927041888238 -0.0013611435993678041 1.002573532909155 -0.32876374935204128 0.4666955380439759 0.45692205315544493
leaf_weight=26 20 20 46 43 25 24 154 20 20 198 21 32 20 20 112 20 24 20 23 197 27 20 99 242 20 59 31 128 33 29 80 20 122 20 72 30 53 25 21
leaf_count=26 20 20 46 43 25 24 154 20 20 198 21 32 20 20 112 20 24 20 23 197 27 20 99 242 20 59 31 128 33 29 80 20 122 20 72 30 53 25 21
internal_value=1.00997e-09 -0.0111205 -0.0182159 -0.00481399 0.045661 0.0147376 -0.00363845 0.0339942 0.0098583 -0.00743555 -0.0944302 -0.231255 0.036719 0.464029 0.0165391 0.326862 -0.665772 -0.534947 -0.0695182 -0.0540491 -0.00968537 -0.329372 -0.0269045 0.0234313 0.142905 -0.0304747 0.0955077 0.0122845 0.246238 0.020519 -0.0456534 0.104492 0.0280962 0.0818182 0.247901 0.500673 -0.0523613 0.0657785 0.133429
internal_weight=2216 2190 2170 2126 1360 1335 1311 1125 1105 1085 766 186 887 40 847 66 44 41 725 702 781 63 639 669 208 461 219 188 60 188 159 79 442 320 143 71 177 124 41
internal_count=2216 2190 2170 2126 1360 1335 1311 1125 1105 1085 766 186 887 40 847 66 44 41 725 702 781 63 639 669 208 461 219 188 60 188 159 79 442 320 143 71 177 124 41
is_linear=0
shrinkage=0.05


Tree=76
num_leaves=40
num_cat=0
split_feature=11 25 30 27 28 29 27 27 29 5 30 7 16 16 29 4 4 3 31 30 10 29 15 17 31 21 29 29 15 21 4 18 13 33 33 33 4 16 28
split_gain=8964.06 36795.6 7652.43 6701.85 7137.38 6734.33 3797.29 11607.4 48203.4 109253 8833.74 7394.76 4147.84 11479.4 3563.99 2795.78 9550.03 2342.93 2194.37 2055.32 1488.18 2321.27 1393.04 1360.68 1944.24 1718.84 1015.38 1379.69 1470.06 6919.96 1716.26 4058.91 5572.32 1090.62 1448.18 5034.84 1304.06 1383.84 1045.09
threshold=-1.3454717993736265 -1.6300981044769285 -2.4608415365219112 -1.2386001944541929 -1.2250468134880064 1.6874600648880007 -0.90070486068725575 -0.58386245369911183 0.04523908160626889 -0.27381822466850275 1.0098809599876406 2.0837219953536992 1.9227706193923952 1.7777344584465029 0.071945838630199446 1.9227350354194643 1.8163871169090273 -0.46980190277099604 2.8130685091018681 0.32324835658073431 -1.2105705142021177 1.1304740905761721 1.7172574996948244 0.32653433084487921 0.2944366335868836 0.8969155251979829 0.45624069869518286 0.38735149800777441 -0.19662933796644208 -0.15535405278205869 0.19350574910640719 -0.59442287683486927 -0.52532988786697377 -0.047481721267104142 -0.047486685216426842 -0.047485981136560433 -0.29028503596782679 0.4062201082706452 -0.94703248143196095
decision_type=2 2 2 2 2 2 2 2 2 2 2 2 2 2 2 2 2 2 2 2 2 2 2 2 2 2 2 2 2 2 2 2 2 2 2 2 2 2 2
left_child=2 -2 -1 14 -5 6 17 8 23 -10 11 12 13 15 -3 16 20 -6 -17 -19 -9 22 26 24 -8 -25 27 28 29 30 38 -32 -33 34 -30 -36 -37 -38 -22
right_child=1 3 -4 4 5 -7 7 10 9 -11 -12 -13 -14 -15 -16 18 -18 19 -20 -21 21 -23 -24 25 -26 -27 -28 -29 33 -31 31 32 -34 -35 35 36 37 -39 -40
leaf_value=-1.3243016687306493 2.0076802095641262 -0.22484963915187373 -0.20863427680497076 0.7964059245483629 -0.068264662320651703 0.85687028610188032 -0.15529668852686884 -0.37141131515304249 -0.018378300676968964 4.1754430005947745 -0.82994487916722015 0.93993906050920484 -0.4623848750906171 1.1484939272737218 -0.89570024426166828 -0.15688027404100888 1.027107235044241 -0.28697468994392289 -0.70894338176363991 -0.91915043018758302 0.23960051662646809 0.51928885623812682 -0.4274499871901104 -0.61057301504271377 0.34985848891735083 -0.012166073492595129 -0.13443211305304431 0.30055075199217413 -0.094369921217463459 0.784759416118745 -0.16317306586674282 1.0693510122921157 -0.019748200227816901 -0.12720858008437549 0.63169585265633144 -0.16322282671836424 0.48255077540874486 -0.0055626155070538797 -0.094837495119123649
leaf_weight=22 23 83 51 29 63 23 80 30 44 24 34 20 53 21 26 126 22 36 21 20 26 20 21 28 25 21 160 37 196 31 42 23 24 291 36 81 20 53 230
leaf_count=22 23 83 51 29 63 23 80 30 44 24 34 20 53 21 26 126 22 36 21 20 26 20 21 28 25 21 160 37 196 31 42 23 24 291 36 81 20 53 230
internal_value=-4.23818e-11 0.0185604 -0.544863 -0.00301965 0.0176773 0.0062832 -0.00370328 0.014 0.353032 1.46179 -0.0325174 -0.0154009 -0.0276175 -0.0123676 -0.384869 -0.0287287 -0.00606928 -0.277435 -0.235746 -0.512752 -0.0232758 -0.0151859 -0.0235962 -0.136551 -0.0350216 -0.354113 -0.0168115 0.000453903 -0.0100908 0.0691819 0.00488359 0.194021 0.513215 -0.0541182 0.000983663 0.0993484 -0.0250964 0.128167 -0.0608711
internal_weight=2216 2143 73 2120 2011 1982 1959 1840 222 68 1618 1584 1564 1511 109 1490 1343 119 147 56 1321 1291 1271 154 105 49 1250 1090 1053 376 345 89 47 677 386 190 154 73 256
internal_count=2216 2143 73 2120 2011 1982 1959 1840 222 68 1618 1584 1564 1511 109 1490 1343 119 147 56 1321 1291 1271 154 105 49 1250 1090 1053 376 345 89 47 677 386 190 154 73 256
is_linear=0
shrinkage=0.05


Tree=77
num_leaves=40
num_cat=0
split_feature=30 29 22 27 27 11 7 26 5 31 30 30 12 3 33 26 29 18 6 13 4 12 29 29 5 5 29 29 7 19 29 29 12 29 11 23 17 33 22
split_gain=9374.28 4992.46 4669.33 5004.81 5411.53 4166.2 30771.3 8916.8 38566.6 4140.12 3121.93 4108.93 2490.93 1865.97 1678.64 1498.57 2813.71 1451.59 1325.17 1256.27 1243.99 1128.31 1020.86 2412.88 1613.87 13755.3 1413.17 1274.28 1010.2 972.22 876.976 1144.15 862.041 843.694 827.76 1098.87 825.712 798.58 799.528
threshold=-2.4608415365219112 2.6909836530685429 -1.6769025325775144 -1.2386001944541929 -1.1536921858787534 1.6160847544670107 1.6315463185310366 1.294765889644623 -0.12315795570611952 2.9253710508346562 1.2409112453460696 0.95535138249397289 0.88168898224830639 0.042127428576350219 -0.047483431175351136 -0.96746560931205738 1.1304740905761721 1.757795035839081 2.872025847434998 -1.0021973252296446 -0.4150747805833816 1.0579511523246767 0.45624069869518286 0.41948790848255163 0.82119813561439525 1.1148765087127688 -0.52172148227691639 -0.46025393903255457 0.49783511459827429 1.2842632532119753 0.91963148117065441 0.62293955683708202 2.4530591964721684 0.071945838630199446 1.0000000180025095e-35 -0.17234314978122708 -1.5351219177246092 -0.047472350299358361 0.47903792560100561
decision_type=2 2 2 2 2 2 2 2 2 2 2 2 2 2 2 2 2 2 2 2 2 2 2 2 2 2 2 2 2 2 2 2 2 2 2 2 2 2 2
left_child=-1 2 -2 33 -5 6 7 9 29 10 11 12 15 20 17 19 18 -7 22 30 -14 -15 23 24 26 -26 37 -28 34 -9 31 -6 -19 36 35 -27 -4 38 -17
right_child=1 -3 3 4 5 14 -8 8 -10 -11 -12 -13 13 21 -16 16 -18 32 -20 -21 -22 -23 -24 -25 25 28 27 -29 -30 -31 -32 -33 -34 -35 -36 -37 -38 -39 -40
leaf_value=0.94382076446826657 0.59624265125021336 -0.72838653811486442 -0.54749203636532739 0.72230014745146043 -0.10355842994354297 0.038797606574371458 1.9633011317253115 -0.53148561030626296 2.3884857246279716 0.66959846473875506 0.55543736111034048 -0.70781978887060415 -0.23709694063290954 -0.29380817045768104 -0.72141303334917339 -0.060998360399573452 0.54848596635072133 -0.63472513584863577 0.31961370264490446 -0.47417822504043583 0.20378138025601708 -0.77864313840866095 -0.13292584872832805 0.53097341344470073 1.3639599840343 -0.1635833073939596 0.2748941557972055 -0.021056501600272667 0.2370250246524811 -0.049814405427737671 -0.34136049045670419 0.28413158445195719 -0.18168214162190754 -0.62577291443234406 -0.31031457676241797 0.26635973932950396 -0.18880537645343473 -0.44797684569721641 -0.38399119426806771
leaf_weight=26 32 24 21 26 141 32 20 20 20 21 22 23 48 30 21 95 23 21 30 25 24 20 165 21 20 42 38 849 25 22 31 22 21 21 36 23 68 23 24
leaf_count=26 32 24 21 26 141 32 20 20 20 21 22 23 48 30 21 95 23 21 30 25 24 20 165 21 20 42 38 849 25 22 31 22 21 21 36 23 68 23 24
internal_value=3.29385e-09 -0.0112052 -0.00325857 -0.0122483 0.00560252 -0.00372387 0.012408 -0.00831312 0.581356 -0.0283897 -0.0365329 -0.0438576 -0.0351561 -0.25309 -0.326871 -0.0188745 -2.44354e-05 -0.214906 -0.00909398 -0.140582 -0.0901375 -0.487742 -0.0163396 -0.00025533 -0.00974963 0.145817 -0.0318222 -0.00837767 -0.0475391 -0.279182 -0.0975929 -0.0512322 -0.408204 -0.340703 -0.117976 -0.0114496 -0.273439 -0.178268 -0.12614
internal_weight=2216 2190 2166 2134 2024 1998 1903 1883 62 1821 1800 1778 1755 122 95 1633 1414 74 1391 219 72 50 1361 1196 1175 146 1029 887 126 42 194 163 42 110 101 65 89 142 119
internal_count=2216 2190 2166 2134 2024 1998 1903 1883 62 1821 1800 1778 1755 122 95 1633 1414 74 1391 219 72 50 1361 1196 1175 146 1029 887 126 42 194 163 42 110 101 65 89 142 119
is_linear=0
shrinkage=0.05


Tree=78
num_leaves=40
num_cat=0
split_feature=28 30 16 23 3 31 29 9 14 30 24 24 30 11 31 28 27 30 18 27 14 27 4 4 6 29 27 33 5 5 27 27 4 30 33 30 17 33 28
split_gain=9213.08 26983.9 12545 4092.44 4047.37 74500 120189 14456.7 37776.9 9914.95 5255.82 18776.7 4600.65 3796.24 3346.07 2882.71 2508.76 2460.18 2346.29 2296.95 1991.23 1948.3 1752.37 5501.34 1825.85 1387.27 1314.02 1188.77 1125.88 1754.58 1069.84 4610.27 2789.55 4895.7 1507.82 2225.37 1618.52 1036.02 2862.53
threshold=-1.5452485680580137 -0.18787831068038938 -1.5581622719764707 -1.3537674546241758 -0.27481402456760401 -0.57379686832427967 -0.0043747618328779927 1.2217946052551272 1.5510139465332033 1.0098809599876406 0.99694806337356578 0.87067350745201122 1.0098809599876406 -1.2531625032424925 2.8130685091018681 -1.399449288845062 -0.3425194770097732 -0.65878006815910328 1.757795035839081 -2.3019390106201167 0.72902238368988048 -1.1976896524429319 2.0376890897750859 1.8163871169090273 0.94237199425697338 -0.039238667115569108 -0.67056098580360401 -0.04747741483151912 0.88779434561729442 0.24803403764963153 -0.032259343191981309 -0.099173549562692628 0.31768076121807104 0.040672719478607185 -0.04748022370040416 0.11389412730932237 1.0420023798942568 -0.047476824373006814 -0.44768442213535303
decision_type=2 2 2 2 2 2 2 2 2 2 2 2 2 2 2 2 2 2 2 2 2 2 2 2 2 2 2 2 2 2 2 2 2 2 2 2 2 2 2
left_child=1 -1 3 19 12 6 -6 9 -9 10 11 13 15 -7 20 -4 -12 -17 21 -2 26 -19 23 24 28 -10 -15 -26 29 37 31 32 -28 -34 35 -32 -36 -23 -39
right_child=2 -3 4 -5 5 7 -8 8 25 -11 16 -13 -14 14 -16 17 -18 18 -20 -21 -22 22 -24 -25 27 -27 30 -29 -30 -31 34 -33 33 -35 36 -37 -38 38 -40
leaf_value=2.0770240452885629 -0.8394312858581543 -0.38699081897735599 0.55340486332774164 -1.2872572003304958 -0.29297252632677556 -0.739645569305867 4.9551995205879216 1.8572952990021028 -0.075518400254456899 -1.1764449745416641 -0.99168469607830056 1.4561022112766902 -0.75584562135779343 -0.20548868114394803 -0.62157635167241099 -0.42307614878166561 -0.2403725787997246 -0.40987870779729657 -0.34392171613240646 -0.13246647748682236 -0.37784645347981843 -0.01376896758987145 -0.35475463143416813 0.72278130948543551 -0.063400259779559251 -0.63760495952197482 -0.11806572311587873 -0.47886685864491901 0.34289928063129388 -0.46711981087923055 0.63524484366178513 0.67647460833672557 0.93596126183867456 -0.022132443048285495 -0.10433137964994077 -0.037085475865751505 0.29386509678193501 -0.045648039559848974 0.52161169963223597
leaf_weight=20 20 25 20 20 24 20 20 35 23 20 20 21 23 70 24 43 25 31 59 27 37 715 35 26 36 21 124 33 24 20 20 31 20 40 288 32 28 61 35
leaf_count=20 20 25 20 20 24 20 20 35 23 20 20 21 23 70 24 43 25 31 59 27 37 715 35 26 36 21 124 33 24 20 20 31 20 40 288 32 28 61 35
internal_value=9.4997e-10 0.708127 -0.0146779 -0.688214 0.00677027 0.0837177 2.09256 -0.0146017 0.631376 -0.0768361 -0.0493459 -0.0180579 -0.0557288 -0.0602341 -0.041203 -0.0415788 -0.574289 -0.0522225 -0.0373884 -0.433303 -0.0210161 -0.0195877 -0.00730443 0.00549637 -0.014687 -0.343787 -0.000797504 -0.262102 0.00527983 -0.00447091 0.0237795 0.112393 0.0173575 0.297232 -0.027992 0.221503 -0.0690481 0.00693843 0.161165
internal_weight=2216 45 2171 67 2104 943 44 899 79 820 800 755 1161 734 714 1138 45 1118 1075 47 690 1016 985 950 924 44 653 69 855 831 583 215 184 60 368 52 316 811 96
internal_count=2216 45 2171 67 2104 943 44 899 79 820 800 755 1161 734 714 1138 45 1118 1075 47 690 1016 985 950 924 44 653 69 855 831 583 215 184 60 368 52 316 811 96
is_linear=0
shrinkage=0.05


Tree=79
num_leaves=40
num_cat=0
split_feature=30 15 27 27 28 30 7 7 0 12 8 20 5 27 5 6 27 22 13 18 30 30 7 15 0 11 30 9 14 5 29 29 10 23 8 15 18 4 30
split_gain=8966.34 4497.58 7598.79 3137.24 25156.8 9119.71 4127.95 12821.2 6384.34 3580.74 3090.19 3074.41 2745.23 2285.98 17104.1 2921.29 1859.7 2148.72 3138.69 9473.54 3773.72 1969.13 1674.76 6409.53 2855.01 5685.77 1592.32 1777.82 1741.41 1467.14 1391 2417.01 2461.51 5194.96 2456.93 1168.15 1668.72 1625.13 1344.81
threshold=-2.4608415365219112 -1.584319472312927 -1.9179521799087522 0.25011114776134497 1.6180556416511538 1.0098809599876406 1.1276233196258547 1.0725600123405459 2.4019546508789067 0.99506542086601268 0.96793350577354442 -1.6137911677360532 0.73058363795280468 -1.1976896524429319 -0.32840529084205622 2.5557608604431157 -0.46763706207275385 -1.3616196513175962 -0.60128822922706593 -0.66343528032302845 -0.23273664712905881 -0.16912008821964261 -0.027284578420221802 -0.13838364928960797 -0.61802062392234791 0.34234187006950384 1.0567454695701601 -1.0918279290199278 -1.1728941202163694 -0.13407536596059796 0.16402238607406619 0.21774261444807055 -0.31344148516654963 -0.041989479213953011 -0.97797304391860951 1.6533120274543764 1.3711248040199282 0.55250677466392528 -0.0406404361128807
decision_type=2 2 2 2 2 2 2 2 2 2 2 2 2 2 2 2 2 2 2 2 2 2 2 2 2 2 2 2 2 2 2 2 2 2 2 2 2 2 2
left_child=-1 -2 11 4 5 6 7 8 9 13 26 -3 35 14 -4 16 -15 -18 19 20 -19 -20 -23 -24 25 -25 27 28 -5 -11 -29 -32 34 -34 -33 36 37 38 -8
right_child=1 2 3 10 -6 -7 12 -9 -10 29 -12 -13 -14 15 -16 -17 17 18 21 -21 -22 22 23 24 -26 -27 -28 30 -30 -31 31 32 33 -35 -36 -37 -38 -39 -40
leaf_value=0.92305633838360124 0.73540829449892042 -1.1260594978928566 1.1925528924663862 -0.12382204990054287 1.6126513628363612 0.977641403178374 -0.59097782373428343 1.2848289787769318 0.8926748621463777 -0.20373602278996261 -0.51890271688118961 -0.28668372084697091 -0.6454973073676229 -0.11660385397150663 -0.37851937674894565 0.58928992897272114 -0.42349307054281238 0.65604520000580868 -0.24715243813722104 1.2715926545858385 -0.086487579790802752 -0.096461275533379229 0.97390592023730282 0.99728961700484864 -0.070722538596709017 -0.014426804797315016 -0.50200740307569502 -0.081441617087175205 -0.68855310291051863 -0.74964070767164237 0.43637278966213533 0.33104798324744811 0.91197572909295566 -0.011224654607940466 -0.25476750045393909 -0.41650944073994955 0.33741159609385901 0.21877662837505341 -0.13186372744626013
leaf_weight=26 20 20 30 43 25 24 22 20 20 32 39 24 32 332 41 20 25 22 73 20 77 149 20 21 162 41 20 404 20 20 38 22 20 64 96 30 21 23 58
leaf_count=26 20 20 30 43 25 24 22 20 20 32 39 24 32 332 41 20 25 22 73 20 77 149 20 21 162 41 20 404 20 20 38 22 20 64 96 30 21 23 58
internal_value=4.57056e-10 -0.0109587 -0.0178376 -0.00437725 0.0412062 0.0117784 -0.00590329 0.0301725 0.00746381 -0.00885344 -0.0853087 -0.668218 -0.224104 0.011526 0.285314 -0.00868078 -0.0213766 0.0304521 0.0498514 0.279036 0.0785197 -0.00867427 0.0356232 0.116281 0.0397077 0.328251 -0.0620485 -0.0496028 -0.303102 -0.413699 -0.0248039 0.0705362 0.00171541 0.208585 -0.145548 -0.136541 -0.0688073 -0.151629 -0.25812
internal_weight=2216 2190 2170 2126 1360 1335 1311 1125 1105 1085 766 44 186 1033 71 962 942 610 585 119 99 466 393 244 224 62 727 707 63 52 644 240 202 84 118 154 124 103 80
internal_count=2216 2190 2170 2126 1360 1335 1311 1125 1105 1085 766 44 186 1033 71 962 942 610 585 119 99 466 393 244 224 62 727 707 63 52 644 240 202 84 118 154 124 103 80
is_linear=0
shrinkage=0.05


Tree=80
num_leaves=40
num_cat=0
split_feature=10 17 18 7 29 27 31 30 18 30 7 10 7 0 33 31 5 29 3 30 7 13 10 30 30 29 29 7 2 0 15 28 28 6 13 4 6 29 11
split_gain=8626.38 30875.8 5618.35 15393.8 6987.2 4240.41 36115.1 27653.3 13139.5 8861.19 6823.18 4231.58 13609 3182.77 3046.19 7001.16 1993.43 2083.53 1938.08 1873.43 1473.59 1519.24 3627.2 1624.12 3036.84 2834.61 8964.19 11437 2144.01 1301.76 1268.75 1265.08 1351.36 1223.33 1166.13 1083.19 961.787 956.343 947.311
threshold=-1.4419063925743101 -1.6167598962783811 -1.2136644124984739 -1.1821424365043638 2.3943476676940922 -0.58386245369911183 1.4600473046302798 0.70289728045463573 -1.0717446804046629 1.0098809599876406 2.0837219953536992 1.1781924366950991 1.1958036422729494 2.798500776290894 -0.04742735251784324 0.0940888747572899 -0.36552448570728296 0.063669886440038695 -0.22589479386806485 0.24254441261291507 0.94995784759521495 -0.95354408025741566 -0.8947840929031371 -0.31357385218143458 -0.28542430698871607 -0.41597388684749598 -0.52172148227691639 0.11392801254987718 1.1408391594886782 -0.080170243978500352 0.11496356129646303 -0.41530318558216089 -0.77050936222076405 0.484735056757927 -1.0021973252296446 -0.35483145713806147 2.5032929182052617 0.57625490427017223 -1.0942646265029905
decision_type=2 2 2 2 2 2 2 2 2 2 2 2 2 2 2 2 2 2 2 2 2 2 2 2 2 2 2 2 2 2 2 2 2 2 2 2 2 2 2
left_child=-1 -2 4 -4 14 6 7 8 -5 10 11 12 13 20 18 -16 -10 31 33 -13 21 34 -23 30 -25 26 28 -28 -26 -21 -24 32 -18 -3 38 -20 37 -27 -7
right_child=1 2 3 5 -6 9 -8 -9 16 -11 -12 19 -14 -15 15 -17 17 -19 35 29 -22 22 23 24 25 36 27 -29 -30 -31 -32 -33 -34 -35 -36 -37 -38 -39 -40
leaf_value=-0.82821711801713516 1.9672917934414 -0.04684352232859685 1.4009818881005049 1.1733586855838076 -1.0899799245325001 -0.39048906520009041 2.22521186709404 1.8459467816352846 -0.047461077131370391 -0.94493677341021032 0.90340490698814391 -0.54587589629556776 1.2590768997867903 -0.57135304097945872 0.91175438031554235 -0.28814367832195376 -0.32283260294369293 -0.74750577414577668 -0.81371461927890787 0.14376895998915037 -0.28500468730926515 0.53782193926163024 -0.30356047285682952 0.59876707026904286 -0.19552474511812812 -0.0021868083115718136 0.045684059977531437 1.6088112283836713 0.38879150524735451 -0.40241880983114248 0.0488500408637218 -0.50144070762175097 0.11056609410490539 -0.43733161900330475 -0.4935855393608411 -0.32003606283664704 -0.32689174304787932 -0.18665221846335894 0.0094641002908087621
leaf_weight=31 20 78 20 20 22 20 20 20 189 26 20 53 21 26 20 31 35 22 20 24 48 32 74 22 73 803 25 22 20 20 39 27 37 27 24 25 26 77 57
leaf_count=31 20 78 20 20 22 20 20 20 189 26 20 53 21 26 20 31 35 22 20 24 48 32 74 22 73 803 25 22 20 20 39 27 37 27 24 25 26 77 57
internal_value=-4.27648e-10 0.0117504 -0.0063146 0.0209798 -0.244008 0.00661973 0.158724 0.0406393 -0.0687733 -0.0296423 -0.0140475 -0.0262315 -0.00424078 -0.0233544 -0.151414 0.182405 -0.148911 -0.307374 -0.264913 -0.345663 -0.0128933 -0.00295317 0.0125605 -0.00167179 0.0174007 0.0051731 0.214561 0.777361 -0.0698653 -0.104498 -0.181932 -0.209567 -0.100114 -0.147255 -0.189271 -0.539449 -0.0271826 -0.0183275 -0.0944198
internal_weight=2216 2185 2165 1942 223 1922 370 350 330 1552 1526 1506 1409 1388 201 51 310 121 150 97 1362 1314 1213 1181 1068 1046 140 47 93 44 113 99 72 105 101 45 906 880 77
internal_count=2216 2185 2165 1942 223 1922 370 350 330 1552 1526 1506 1409 1388 201 51 310 121 150 97 1362 1314 1213 1181 1068 1046 140 47 93 44 113 99 72 105 101 45 906 880 77
is_linear=0
shrinkage=0.05


Tree=81
num_leaves=40
num_cat=0
split_feature=29 22 19 5 5 5 23 3 5 30 5 30 30 8 3 7 29 5 0 5 33 27 7 13 8 7 9 19 6 6 15 14 9 2 30 9 33 29 30
split_gain=8997.3 6121.04 10187.7 3677.66 3813.09 7534.92 27261 56620.1 13866 4888.5 5509.19 3711.68 3619.05 1795.09 1681.21 1596.98 1998.03 1502.82 1984.26 3331.49 1481.6 1343.92 1281.98 1240.05 1541.96 4102.53 5655.88 1173.38 1160.6 5886.64 1153.7 1113.94 3557.33 1004.25 1149.3 936.626 778.413 1414.19 820.813
threshold=3.2934920787811284 -1.6923955082893369 -1.5992504954338072 3.5429087877273564 0.93583095073699962 -0.35460707545280451 1.0580972433090212 -0.094295192509889589 -0.3327722549438476 0.78961768746376049 0.78735414147377025 0.68561020493507396 1.0567454695701601 1.1794789433479311 -0.51665413379669178 -1.172109007835388 1.1304740905761721 -0.18429545313119886 -0.62732163071632374 -0.14062581211328504 -0.047335436567664139 -0.4262572824954986 1.6315463185310366 -1.1782376766204832 -0.65212738513946522 -0.5446835160255431 -0.49795934557914728 1.0784348249435427 2.9755042791366582 2.0514857769012456 1.0349448323249819 0.72902238368988048 0.45686323940753942 1.1408391594886782 0.27623727917671209 -0.5475560426712035 -0.047480842098593705 -0.26292714476585383 0.65969780087471019
decision_type=2 2 2 2 2 2 2 2 2 2 2 2 2 2 2 2 2 2 2 2 2 2 2 2 2 2 2 2 2 2 2 2 2 2 2 2 2 2 2
left_child=1 20 -3 4 5 12 8 -8 -7 10 14 27 13 15 35 -4 23 -16 -19 -20 -1 30 -23 -17 -25 26 -26 33 29 36 -15 32 -21 34 -6 -10 38 -38 -27
right_child=-2 2 3 -5 11 6 7 -9 9 -11 -12 -13 -14 21 17 16 -18 18 19 31 -22 22 -24 24 25 28 -28 -29 -30 -31 -32 -33 -34 -35 -36 -37 37 -39 -40
leaf_value=-0.88796130581335597 0.96284417112668363 1.0717180025171149 -0.30013605169951918 0.66502709329128273 -0.2246333987102844 1.3211448489315809 -0.39193206208092829 2.3954140627854748 -0.091001636683940901 0.66153955924510965 0.71822706488045784 -0.85255188703536988 -0.68341640700464668 -0.2472555085307076 -0.24297270470395171 0.36297989644110207 0.43470630074540778 0.47327673271298409 0.5838258773088455 -0.11733842170149411 -0.30081159337645486 -0.18358117109785477 -0.65848442514737449 -0.16038358112683104 0.74793923617555547 0.0013492356136839789 -0.28624718844890595 -0.45228461932252961 -0.37783180810511113 0.80045006438380195 0.16708953087883338 -0.36659317511704659 0.45323005129973737 0.16563705210884413 0.066758383648551037 -0.52718060854822402 -0.30348402285575871 -0.034757467050184593 -0.29286456836760044
leaf_weight=22 24 22 52 20 128 20 35 38 20 25 22 20 23 42 87 20 24 20 20 230 21 30 27 196 39 458 20 27 24 21 28 31 31 30 46 32 75 141 25
leaf_count=22 24 22 52 20 128 20 35 38 20 25 22 20 23 42 87 20 24 20 20 230 21 30 27 196 39 458 20 27 24 21 28 31 31 30 46 32 75 141 25
internal_value=7.36211e-10 -0.0105421 0.00127684 -0.00979495 -0.0162005 0.00853523 0.152344 1.05902 0.0293195 -0.0205579 -0.055147 -0.199107 -0.0620407 -0.0503454 -0.0912707 -0.0297071 -0.0162246 -0.057992 -0.0095182 -0.0404666 -0.601214 -0.228289 -0.408535 -0.0268451 -0.0346494 -0.00395964 0.397368 -0.142531 -0.0357853 -0.0243838 -0.0815175 -0.0832263 -0.0495698 -0.101535 -0.147599 -0.359419 -0.0491642 -0.128065 -0.0138792
internal_weight=2216 2192 2149 2127 2107 1856 611 73 538 518 493 251 1245 1222 471 1095 1043 419 332 312 43 127 57 1019 999 803 59 231 744 720 70 292 261 204 174 52 699 216 483
internal_count=2216 2192 2149 2127 2107 1856 611 73 538 518 493 251 1245 1222 471 1095 1043 419 332 312 43 127 57 1019 999 803 59 231 744 720 70 292 261 204 174 52 699 216 483
is_linear=0
shrinkage=0.05


Tree=82
num_leaves=40
num_cat=0
split_feature=30 29 30 22 31 27 27 27 30 30 9 21 6 12 26 20 29 22 22 3 3 33 14 3 3 20 4 27 20 21 7 24 13 16 4 21 27 30 5
split_gain=8835.19 4434.73 9889.49 7089.8 3449.54 3256.3 2723.26 6908.43 3319.99 10901.7 30901.5 7532.98 3815.64 3208.43 2592.91 2757.03 2584.14 2342.99 3323.16 1948.35 1657.79 1566.52 1503.23 1384.85 2598.4 1346.74 1852.27 1311.37 2495.27 8777.46 1511.74 1228.89 1177.43 2821.39 1444.11 2574.51 1137.12 1060.62 1521.81
threshold=-2.4608415365219112 0.79209810495376598 1.0098809599876406 -1.6769025325775144 2.9253710508346562 -0.13236420601606366 -1.2386001944541929 -1.1536921858787534 0.18768508732318881 0.11983910948038103 1.1875331997871401 2.134175300598145 2.872025847434998 0.99506542086601268 1.0150999426841738 0.90093049407005321 -0.41597388684749598 -0.23650609701871869 -0.73735532164573658 -0.15286046266555783 -0.7736523151397704 -0.047483431175351136 0.63678836822509777 -0.46980190277099604 0.080022599548101439 -1.3551278710365293 -1.0347204208374021 0.5584130883216859 0.12480547279119493 -0.062645299360156045 -0.21534539014101026 -0.85445481538772572 -0.60992443561553944 -0.63082122802734364 -0.80604165792465199 0.022116190753877166 0.71132594347000133 0.27967716753482824 1.7186093330383303
decision_type=2 2 2 2 2 2 2 2 2 2 2 2 2 2 2 2 2 2 2 2 2 2 2 2 2 2 2 2 2 2 2 2 2 2 2 2 2 2 2
left_child=-1 2 3 -2 6 20 -5 -8 9 11 16 12 13 25 37 -16 -11 18 -7 -15 -3 -17 23 -18 -25 -9 -27 32 29 36 -30 -22 -28 -34 35 -35 -29 -10 -39
right_child=1 5 -4 4 -6 17 7 8 14 10 -12 -13 -14 19 15 21 22 -19 -20 -21 31 -23 -24 24 -26 26 27 28 30 -31 -32 -33 33 34 -36 -37 -38 38 -40
leaf_value=0.91628058506892285 0.85110770451525841 -0.17524696265657744 0.94321403982383867 -0.27706720316231703 0.63979654565453536 -0.1580190245062113 0.81893484282493589 0.25094842991313421 -0.17411866828204237 0.57776086563865348 2.2471966731920836 0.88188426133922571 0.62833304394036538 -0.20162339844764809 -0.77382720836624508 -0.067576245914556479 -0.065945542361154116 -0.36828833691230639 0.59624306420269224 -0.78185709481653964 -0.45622434570239145 -0.48460674658417702 -0.27724181690181676 0.76979840248823173 0.065705320547874035 -0.23088126347685423 -0.2298775782725877 -0.30640819356555032 -0.43545690560340883 1.1415804516185415 0.030888661846779943 -0.97047905297506432 0.42839105907947794 -0.19831571821724214 -0.11872877238144522 0.41940179094672203 0.12720013567143015 -0.039095814876320169 0.38745775310830638
leaf_weight=26 24 24 28 98 20 40 25 37 144 30 20 22 20 39 25 76 43 41 23 23 26 32 26 20 38 129 90 21 25 22 57 21 31 31 284 37 54 422 22
leaf_count=26 24 24 28 98 20 40 25 37 144 30 20 22 20 39 25 76 43 41 23 23 26 32 26 20 38 129 90 21 25 22 57 21 31 31 284 37 54 422 22
internal_value=4.95545e-10 -0.0108782 0.0100901 -0.00305912 -0.0135023 -0.252313 -0.020227 -0.0065845 -0.0179241 0.0367739 0.39619 -0.0322245 -0.0545694 -0.0700899 -0.101299 -0.300668 0.160393 -0.0741057 0.117346 -0.416871 -0.51335 -0.191141 0.0618018 0.14908 0.308496 -0.0438058 -0.0577698 -0.0235192 0.0917499 0.263392 -0.11129 -0.685998 -0.0671411 -0.0289002 -0.069173 0.137795 0.0057898 -0.0562031 -0.0179603
internal_weight=2216 2190 2015 1987 1963 175 1943 1845 1820 1099 177 922 900 880 721 133 157 104 63 62 71 108 127 101 58 818 781 652 179 97 82 47 473 383 352 68 75 588 444
internal_count=2216 2190 2015 1987 1963 175 1943 1845 1820 1099 177 922 900 880 721 133 157 104 63 62 71 108 127 101 58 818 781 652 179 97 82 47 473 383 352 68 75 588 444
is_linear=0
shrinkage=0.05


Tree=83
num_leaves=40
num_cat=0
split_feature=12 30 30 26 28 28 11 7 27 20 27 30 24 18 31 18 5 28 10 17 6 12 29 5 8 0 27 27 15 4 27 27 27 0 4 29 10 30 24
split_gain=8828.94 32056 7163.68 7007.13 6629.17 9167.81 3918.92 23359.2 7428.02 47407.1 15839 6094.4 4143.84 3006.02 2637.87 2266.98 1697.71 1535.67 1518.07 1495.71 1356.39 1307.22 1302.26 1061.19 1030.75 960.001 920.618 3803.23 6823.15 1881.39 1666.36 1253.06 1915.99 1493.02 2811.28 1235.22 3638.39 8802.71 2219.7
threshold=-1.3754690289497373 -1.3757219314575193 -2.4608415365219112 -1.354209244251251 -1.2388885617256162 -1.197591185569763 1.6160847544670107 1.6315463185310366 -0.58386245369911183 0.39998349547386175 -0.61005219817161549 1.0098809599876406 0.92707434296607982 1.7937170863151553 2.8130685091018681 -1.5650190114974973 -0.13407536596059796 2.3325667381286626 -1.2105705142021177 1.942263722419739 2.872025847434998 0.7672814428806306 0.10554993525147439 0.017676653340458873 0.95140758156776439 -0.5294818878173827 1.0000000180025095e-35 -0.099173549562692628 -0.21280390769243238 -1.0371792912483213 0.1107570491731167 -0.15071246773004529 -0.19062446057796475 0.83276233077049266 1.2256337404251101 0.18635816127061847 -0.31344148516654963 0.15367031842470172 -0.56152307987213124
decision_type=2 2 2 2 2 2 2 2 2 2 2 2 2 2 2 2 2 2 2 2 2 2 2 2 2 2 2 2 2 2 2 2 2 2 2 2 2 2 2
left_child=2 -2 -1 -3 15 -6 7 8 9 10 12 13 21 14 18 -5 19 -15 -10 25 24 23 -17 -7 26 -8 27 31 -29 -28 -31 32 33 -20 -35 -32 38 -38 -37
right_child=1 3 -4 4 5 6 16 -9 11 -11 -12 -13 -14 17 -16 22 -18 -19 20 -21 -22 -23 -24 -25 -26 -27 29 28 -30 30 35 -33 -34 34 -36 36 37 -39 -40
leaf_value=-1.2981011845848778 1.8352457890907925 0.74380817826717127 -0.21203102505936916 -0.85342671473821019 1.0003395091580307 -0.045383673375989836 -0.19308428226605706 1.5966826314511506 -0.4069212888677915 2.010614821766362 1.3365884202718736 -0.71114032910178038 -0.80106142291000904 -0.71711786480053608 -0.53061498785018923 -0.16791165464598201 -0.57845122350586786 -0.15624226056612456 -0.058487285768172442 -0.44759812388155196 0.34508795208401155 0.32081236377358441 -0.59550467096269133 -0.35234159350395206 -0.18038976675029411 0.28056968480348587 -0.21954808875131582 0.85374564763746774 -0.076274435844544963 -0.20186877620770882 -0.024933884756946339 -0.26124053414572374 0.41850460480366442 0.67319471213434434 -0.13559378656474028 0.14232161611537725 0.94463061941297433 -0.037819922735032284 -0.2749246261268854
leaf_weight=22 24 31 49 21 23 144 23 23 24 33 20 34 21 23 25 69 36 26 262 27 27 20 24 35 86 20 116 38 41 92 419 44 28 21 22 68 38 57 60
leaf_count=22 24 31 49 21 23 144 23 23 24 33 20 34 21 23 25 69 36 26 262 27 27 20 24 35 86 20 116 38 41 92 419 44 28 21 22 68 38 57 60
internal_value=9.17243e-11 0.0181575 -0.54856 -0.00240366 -0.0134719 0.00791689 -0.00377063 0.013197 -0.00677018 0.233732 -0.0105895 -0.0491023 -0.13306 -0.0342642 -0.0214052 -0.38421 -0.299424 -0.41951 -0.0125831 -0.155924 -0.00591356 -0.0625676 -0.278258 -0.105403 -0.0127218 0.0272199 -0.00168086 0.0556337 0.371077 -0.0324285 -0.00285641 -0.0104671 0.0226681 -0.013671 0.259396 0.0256625 0.120729 0.35516 -0.0532626
internal_weight=2216 2145 71 2121 2090 1976 1953 1847 1824 273 240 1551 220 1517 1468 114 106 49 1443 70 1419 199 93 179 1392 43 1306 456 79 850 734 377 333 305 43 642 223 95 128
internal_count=2216 2145 71 2121 2090 1976 1953 1847 1824 273 240 1551 220 1517 1468 114 106 49 1443 70 1419 199 93 179 1392 43 1306 456 79 850 734 377 333 305 43 642 223 95 128
is_linear=0
shrinkage=0.05


Tree=84
num_leaves=40
num_cat=0
split_feature=28 9 16 0 0 4 29 7 11 9 24 26 23 5 28 29 4 30 27 33 30 15 21 4 30 33 14 14 9 7 22 19 10 26 26 16 33 11 8
split_gain=8957.43 25809.1 11709.3 3758.44 34176 79412.4 7065.23 4823.96 6157.76 34350.5 4505.48 17607.2 3717.4 3425.14 3425.53 3192.58 12094.5 3141.03 2697.42 2694.57 2605.99 2549.41 1715.74 1537.73 1533.49 2188.37 1467.75 1569.17 1409.65 4358.77 4525.28 11672.2 1582.57 3256.06 5146.27 2497.22 2441.85 1425.37 3146.37
threshold=-1.5452485680580137 -0.67128363251686085 -1.5581622719764707 -0.73285263776779164 -0.66076958179473866 -0.80112382769584645 1.6874600648880007 2.1604351997375493 1.2957069873809817 1.2217946052551272 0.93824729323387157 0.8982854187488557 -1.369966387748718 3.179359078407288 -1.4092527627944944 0.75466626882553112 -0.27614629268646235 0.86204820871353161 0.43099544942379003 -0.047481616958975785 0.86204820871353161 0.68110722303390514 -1.6905580163002012 2.0844084024429326 -0.42359459400176996 -0.047486949712038033 0.054596081376075752 -0.061766013503074639 0.53685480356216442 0.32105529308319097 0.066196504980325713 0.35461199283599859 0.0094286585226655024 -0.27762223780155176 -0.22980414330959317 0.059406541287899024 -0.047473024576902383 -0.45074282586574549 -0.53328651189804066
decision_type=2 2 2 2 2 2 2 2 2 2 2 2 2 2 2 2 2 2 2 2 2 2 2 2 2 2 2 2 2 2 2 2 2 2 2 2 2 2 2
left_child=1 -1 12 17 5 -5 7 8 9 10 11 13 22 14 -6 20 -17 24 -18 -10 23 -12 -2 28 25 -4 27 -26 29 32 -31 -32 33 37 -35 -36 -37 38 -16
right_child=2 -3 3 4 6 -7 -8 -9 19 -11 21 -13 -14 -15 15 16 18 -19 -20 -21 -22 -23 -24 -25 26 -27 -28 -29 -30 30 31 -33 -34 34 35 36 -38 -39 -40
leaf_value=2.0370007231831551 -0.68093823865056047 -0.37278097510337832 -0.031401373694340394 3.7892229869961742 0.64928627502173186 0.071789543973464584 -0.89388248161836104 0.67100463065974136 -0.20147620330836316 2.0803491735458373 -0.74959386424471941 1.4853844545781614 -1.1803145118057727 -0.65935496330261234 -0.08085574415186253 1.3246948398294904 -0.34322048098676738 -0.67350116216618083 0.34110564316312475 -0.76961938439635569 -0.58508452347346718 -0.12934563365337012 -0.053888564817607398 -0.30526103960431139 -0.01619028381459164 -0.73031146128972368 -0.14828951982496608 0.38379268620025231 -0.15271221099826857 -0.17680085877577464 1.4729876226543084 0.077520037910272913 -0.15959415764712237 0.9584208595380187 -0.12450596386423479 0.58550574262752331 -0.0014672199045034015 -0.22561214733676815 0.31061915706784005
leaf_weight=20 24 25 24 20 20 51 22 27 60 20 30 20 23 20 277 21 36 23 24 32 21 37 20 46 267 21 229 27 147 30 23 43 170 20 65 37 34 97 63
leaf_count=20 24 25 24 20 20 51 22 27 60 20 30 20 23 20 277 21 36 23 24 32 21 37 20 46 267 21 229 27 147 30 23 43 170 20 65 37 34 97 63
internal_value=1.25486e-09 0.698233 -0.0144728 0.00624859 0.0480148 1.11895 -0.00471518 0.00906065 -0.00376956 0.0241855 -0.00791693 0.014112 -0.665187 -0.0105324 0.000520806 -0.010723 0.291965 -0.100676 -0.06949 -0.399091 -0.0335727 -0.407069 -0.395916 -0.0225634 -0.0774804 -0.357559 -0.0533818 0.0205428 -0.00963689 0.0148475 0.332376 0.563819 -0.0251036 0.0134518 0.209547 0.0994187 0.30442 -0.0565501 -0.00831775
internal_weight=2216 45 2171 2104 1513 71 1442 1420 1393 1301 1281 1214 67 1194 1174 1154 81 591 60 92 1073 67 44 1052 568 45 523 294 1006 859 96 66 763 593 156 136 71 437 340
internal_count=2216 45 2171 2104 1513 71 1442 1420 1393 1301 1281 1214 67 1194 1174 1154 81 591 60 92 1073 67 44 1052 568 45 523 294 1006 859 96 66 763 593 156 136 71 437 340
is_linear=0
shrinkage=0.05


Tree=85
num_leaves=40
num_cat=0
split_feature=30 15 20 6 4 5 30 5 30 16 5 30 28 29 6 11 30 15 15 29 11 7 24 8 11 9 20 9 29 29 28 29 5 20 29 30 7 12 5
split_gain=9213.6 4027.9 7335.21 3269.62 4551.69 4199.42 6864.2 8051.33 17786.2 3856.03 32514.6 3510.68 3211.5 25151.3 3155.64 1733.84 1439.37 1223.91 1948.17 990.109 960.622 1443.38 1559.79 1451.29 3710.4 923.708 1160.29 1274.9 1930.98 1109.62 877.719 767.202 716.33 709.451 692.872 727.914 725.286 2703.01 5699.03
threshold=-2.4608415365219112 -1.584319472312927 -1.6137911677360532 3.191205739974976 2.1403487920761113 0.93583095073699962 1.0098809599876406 0.700014889240265 0.05640011094510556 1.840181350708008 -0.19084589928388593 0.73168373107910167 -1.2250468134880064 -0.0043747618328779927 2.2832190990448002 0.84642362594604503 -0.88363802433013905 0.91597193479537975 1.6533120274543764 -0.5066140592098235 1.1336319446563723 0.71246248483657848 0.43529917299747473 -0.24923866242170331 -0.12892497330904004 -1.2384470701217649 -1.2932634949684141 -1.105413496494293 1.0929369330406191 -0.46025393903255457 -0.96137806773185719 -0.26970542967319483 -0.57295531034469593 0.50483191013336193 0.70453321933746349 0.12251437827944757 -0.35899424552917475 -0.42351233959197992 -0.38735930621623987
decision_type=2 2 2 2 2 2 2 2 2 2 2 2 2 2 2 2 2 2 2 2 2 2 2 2 2 2 2 2 2 2 2 2 2 2 2 2 2 2 2
left_child=-1 -2 -3 4 5 6 7 9 -9 12 -11 20 13 -4 15 16 -14 32 -19 -18 21 22 23 -7 -25 -21 -27 -28 29 -29 -31 -26 33 -17 36 -36 37 -32 -39
right_child=1 2 3 -5 -6 11 -8 8 -10 10 -12 -13 14 -15 -16 17 19 18 -20 25 -22 -23 -24 24 31 26 27 28 -30 30 34 -33 -34 -35 35 -37 -38 38 -40
leaf_value=0.93569694298964279 0.69521252095699315 -0.78122758112186874 -0.20618969846138924 -0.39437359414010681 0.73570413731393369 -0.23800061792135241 0.68775428517868642 -0.27992859208025039 1.6882936434312299 -0.24571284066702501 2.0774082657694817 -0.81214906026919698 -0.40781061697006227 1.7352992664683951 0.4742246915554178 0.014727745243969062 -0.14213858673089669 0.059114513150735265 -0.47763622123748067 -0.32948473448103127 -0.43095858478546145 0.23122716508805752 -0.51300057780284147 0.61045779084617446 -0.37108900714665655 0.37508908193558455 -0.31060436503852118 0.28512147126659271 0.45358257212716602 -0.21864545600345503 -0.012640576368604585 0.011082480077085824 -0.44147996482140617 -0.3884875959157944 -0.35163611954656143 0.029767474354329432 -0.031345549144876542 0.051922549217939373 1.0505865095043556
leaf_weight=26 20 31 69 53 21 84 38 24 22 61 20 21 25 22 29 24 158 73 22 22 25 28 26 22 24 20 34 31 23 52 261 29 53 20 29 22 582 50 20
leaf_count=26 20 31 69 53 21 84 38 24 22 61 20 21 25 22 29 24 158 73 22 22 25 28 26 22 24 20 34 31 23 52 261 29 53 20 29 22 582 50 20
internal_value=-5.31402e-10 -0.0111087 -0.0176186 -0.00655181 0.00330177 -0.00414639 0.0228556 0.00856477 0.661395 -0.00887437 0.327897 -0.19243 -0.0254975 0.263181 -0.0424457 -0.0522968 -0.032006 -0.192747 -0.0651857 -0.0248012 -0.137749 -0.103335 -0.153972 -0.0952624 0.0646044 -0.00862377 -0.00234357 -0.00918112 0.000396818 -0.00955855 -0.0185498 -0.161976 -0.317678 -0.168552 -0.00775623 -0.187109 0.00226239 0.0613555 0.337255
internal_weight=2216 2190 2170 2139 2086 2065 1806 1768 46 1722 81 259 1641 91 1550 1521 1329 192 95 1304 238 213 185 159 75 1146 1124 1104 1070 1047 1016 53 97 44 964 51 913 331 70
internal_count=2216 2190 2170 2139 2086 2065 1806 1768 46 1722 81 259 1641 91 1550 1521 1329 192 95 1304 238 213 185 159 75 1146 1124 1104 1070 1047 1016 53 97 44 964 51 913 331 70
is_linear=0
shrinkage=0.05


Tree=86
num_leaves=40
num_cat=0
split_feature=30 6 18 24 29 30 33 27 17 16 18 16 0 7 12 10 12 30 6 28 3 22 22 30 15 3 18 19 22 31 31 21 27 29 29 10 13 9 14
split_gain=8315.28 4193.15 6964.03 2944.27 2932.78 9499.41 3232.94 3136.4 2754.62 8744.7 4753.53 10907.5 4282.16 2383.92 7668.57 3747.24 2947.5 1978.69 1935.34 2018.14 12243.7 1874.89 2904.12 1516.19 1513.06 1398.68 1205.18 5491.38 1130.96 993.932 2332.81 1796.36 1683.98 1146.42 3486.39 2030.13 5575.48 1577.05 1840.88
threshold=-2.4608415365219112 4.711318016052247 -1.5910865664482114 -1.4537886977195738 0.79209810495376598 1.0098809599876406 -0.047405436635017388 -0.13236420601606366 2.6455668210983281 2.2964339256286626 1.8767962455749514 1.7777344584465029 2.798500776290894 1.5819175839424136 1.4253037571907046 1.5550780892372134 0.99506542086601268 -0.65878006815910328 2.872025847434998 -1.2250468134880064 -0.27825903892517084 -0.23650609701871869 -0.73735532164573658 -0.55049610137939442 1.8629074692726137 0.13169784098863604 -0.59442287683486927 -0.56351080536842335 0.21679680049419406 0.52946344017982494 0.42740285396575933 -0.55546247959136952 1.3188517689704897 0.20255824923515323 0.24387346208095553 -0.36125576496124262 -0.042677767574787133 0.24428016692399981 0.21965948492288592
decision_type=2 2 2 2 2 2 2 2 2 2 2 2 2 2 2 2 2 2 2 2 2 2 2 2 2 2 2 2 2 2 2 2 2 2 2 2 2 2 2
left_child=-1 2 3 -2 5 6 8 -6 9 10 11 12 13 14 16 -15 17 -4 19 20 -19 22 -9 -21 -12 -18 -25 -28 -23 30 31 -29 -31 37 -35 -36 -37 -33 -39
right_child=1 -3 4 -5 7 -7 -8 21 -10 -11 24 -13 -14 15 -16 -17 25 18 -20 23 -22 28 -24 26 -26 -27 27 29 -30 32 -32 33 -34 34 35 36 -38 38 -40
leaf_value=0.88891218992379994 -0.15767941935919227 0.71011078223586088 -0.29750200086518336 -0.90960043420394276 -0.54917980954051016 0.94468136496014066 0.60298766778274027 -0.14725075197406112 -0.53890257948078213 0.92908550584316252 -0.24396421879529956 1.1061219652945347 0.69586194526581535 -0.8833040037006139 0.782306515313685 -0.08784332576028088 -0.16374265847186889 -0.24240318540679781 0.4479902918140094 0.36984028694033627 1.2859846377372743 -0.5933985333889723 0.55785373086514678 -0.11031105928394257 -0.85899600684642796 -0.57962129324674605 0.82233160853385923 0.44252791245552631 -0.061665093638002877 -0.12491540742326866 0.42056860286358966 -0.12556520912931213 0.33960911887032647 0.62924629633243268 -0.29323436128241676 0.8086474957025569 -0.063650955773062179 0.37384960996504457 -0.013131272769754843
leaf_weight=26 23 20 57 30 48 27 22 40 24 25 20 22 21 20 30 57 62 38 24 25 20 20 23 309 20 30 20 22 20 275 34 314 21 26 42 23 90 36 210
leaf_count=26 23 20 57 30 48 27 22 40 24 25 20 22 21 20 30 57 62 38 24 25 20 20 23 309 20 30 20 22 20 275 34 314 21 26 42 23 90 36 210
internal_value=-1.83475e-09 -0.0105533 -0.0171954 -0.583295 -0.00302281 0.0132869 0.000317485 -0.215373 -0.00659892 0.000149782 -0.0122824 -0.000483805 -0.0139641 -0.0223149 -0.0100463 -0.294456 -0.0242123 -0.00825192 0.00253111 -0.00457256 0.284627 -0.0598123 0.110168 -0.0161645 -0.55148 -0.299355 -0.0229508 0.00130282 -0.327532 -0.0137206 0.0153367 -0.00272081 -0.0919593 -0.0159401 0.0934523 0.00357718 0.113897 -0.0512972 0.0435001
internal_weight=2216 2190 2170 53 2117 1966 1939 151 1917 1893 1868 1828 1806 1785 1708 77 1678 1586 1529 1505 58 103 63 1447 40 92 1422 1113 40 1093 797 763 296 741 181 155 113 560 246
internal_count=2216 2190 2170 53 2117 1966 1939 151 1917 1893 1868 1828 1806 1785 1708 77 1678 1586 1529 1505 58 103 63 1447 40 92 1422 1113 40 1093 797 763 296 741 181 155 113 560 246
is_linear=0
shrinkage=0.05


Tree=87
num_leaves=40
num_cat=0
split_feature=12 22 30 28 28 29 11 7 27 20 27 30 31 29 18 4 5 5 13 12 6 6 7 17 29 29 16 17 33 21 30 29 20 20 12 15 20 27 13
split_gain=8358.02 33515.4 7223.2 5786.85 7711.62 6179.65 3455 21603.8 6922.63 41096.3 13985.3 6178.21 3649.95 3186.54 2881.86 2397.8 1573.15 1560.34 1452.75 4448.81 1514.65 5456.77 1349.63 1309.22 1264.95 5443.89 1303.33 3154.7 2487.28 6175.59 2396.3 3093.88 2321.67 1590.06 1203.39 2719.19 1126.42 993.035 988.44
threshold=-1.3754690289497373 -1.6634678840637205 -2.4608415365219112 -1.2388885617256162 -1.197591185569763 1.6874600648880007 1.6160847544670107 1.6315463185310366 -0.58386245369911183 0.39998349547386175 -0.61005219817161549 1.0567454695701601 0.97795489430427562 0.10554993525147439 1.7937170863151553 2.0844084024429326 -0.22905685007572171 -0.13407536596059796 -0.95354408025741566 -0.92192900180816639 2.9755042791366582 1.911571264266968 1.0559886097908022 1.942263722419739 0.45624069869518286 0.38735149800777441 0.093140266835689559 0.044704664498567588 -0.047476824373006814 -0.15535405278205869 -0.28542430698871607 -0.4077103585004806 -0.30159899592399592 0.12480547279119493 -0.53883349895477284 -0.52217203378677357 -0.72018215060234059 0.16876037418842318 -1.0021973252296446
decision_type=2 2 2 2 2 2 2 2 2 2 2 2 2 2 2 2 2 2 2 2 2 2 2 2 2 2 2 2 2 2 2 2 2 2 2 2 2 2 2
left_child=2 -2 -1 13 -5 6 7 8 9 10 12 14 22 -3 15 18 -16 23 38 -20 21 24 -6 -8 25 26 27 28 34 30 -30 -32 -33 -28 35 36 -21 -17 -10
right_child=1 3 -4 4 5 -7 17 -9 11 -11 -12 -13 -14 -15 16 37 -18 -19 19 20 -22 -23 -24 -25 -26 -27 33 -29 29 -31 31 32 -34 -35 -36 -37 -38 -39 -40
leaf_value=-1.2863786393945869 1.8756558778385324 -0.17543814631915369 -0.19580565630173197 0.9078297945360343 -0.097199571386562378 0.82092668835235694 0.027856555581092835 1.5352977496126425 -0.099351530976812638 1.8798402119766582 1.2638614886999131 -0.81186072024015277 -0.761138255596161 -0.74133782212223331 -0.16645400896668436 -0.58000368022918702 -0.73893965425945474 -0.54856218329320361 0.68261471465229995 0.066882420617800503 -0.35564451307058337 0.76679608770038776 0.32649759125141875 -0.41637442321689044 -0.14445436310156115 0.69682480895093513 -0.32509125994116655 0.49801339426556157 -0.33991732131088936 0.98726741924881944 0.70350404620070817 -0.12751964021008463 0.45818184001938161 -0.032831176624920473 -0.17339134520499519 0.48415513600294413 -0.42546704241207672 -0.14999203661392477 -0.44739223942160611
leaf_weight=22 24 86 49 24 179 23 43 23 136 33 20 26 20 35 28 25 21 36 24 26 30 23 21 27 154 28 51 37 31 20 21 64 23 532 151 26 21 29 24
leaf_count=22 24 86 49 24 179 23 43 23 136 33 20 26 20 35 28 25 21 36 24 26 30 23 21 27 154 28 51 37 31 20 21 64 23 532 151 26 21 29 24
internal_value=2.08339e-09 0.0176666 -0.53373 -0.00335735 0.0169568 0.00613647 -0.00345912 0.0124726 -0.00672971 0.225447 -0.00203254 -0.0475963 -0.117114 -0.339128 -0.0345662 -0.0220427 -0.411805 -0.281061 -0.00962392 0.00837084 -0.00470012 0.00401539 -0.0527114 -0.14349 -0.0107896 0.0091758 -0.0100208 0.0571309 0.0145392 0.165776 0.0475761 0.158801 0.027321 -0.0583977 -0.0928122 0.0738653 -0.153104 -0.349072 -0.151558
internal_weight=2216 2145 71 2121 2000 1976 1953 1847 1824 273 240 1551 220 121 1525 1476 49 106 1422 1262 1238 1208 200 70 1185 1031 1003 420 383 159 139 108 87 583 224 73 47 54 160
internal_count=2216 2145 71 2121 2000 1976 1953 1847 1824 273 240 1551 220 121 1525 1476 49 106 1422 1262 1238 1208 200 70 1185 1031 1003 420 383 159 139 108 87 583 224 73 47 54 160
is_linear=0
shrinkage=0.05


Tree=88
num_leaves=40
num_cat=0
split_feature=30 6 18 24 5 13 4 23 23 5 27 30 4 3 33 8 8 7 28 0 20 19 3 13 12 15 14 22 15 30 30 6 3 33 16 30 20 0 30
split_gain=8458.9 3915.37 6836.61 3053.67 2785.76 8891.54 38920.4 17907.4 33279.2 8735 33140.3 6628.49 3272.98 2304.42 2298.79 1979.3 1983.02 2041.57 1943.12 1799.86 1595.04 2545.78 3109.06 2275.15 6047.03 2841.52 1502.01 5325.13 1362.77 1308.97 3073.33 1331.85 1202.37 1191.26 1142.1 1279.09 1095.01 945.611 827.313
threshold=-2.4608415365219112 4.711318016052247 -1.5910865664482114 -1.4537886977195738 -0.39827671647071833 0.89478415250778209 0.65578106045722973 1.1073681712150576 0.9649716615676881 -0.26945126056671137 -0.5767020285129546 0.95535138249397289 1.8876955509185793 -0.62551662325859059 -0.047482984140515321 1.1794789433479311 2.1217476129531865 1.6315463185310366 -1.1324338912963865 -0.7135351002216338 -0.76859977841377247 -0.58301496505737294 0.40040905773639685 -0.32651410996913904 -0.27101349830627436 -0.24508886784315106 -0.41532169282436365 -0.73735532164573658 1.6533120274543764 0.50587067008018505 0.46395739912986761 2.872025847434998 -0.67374685406684864 -0.047460375353693955 -1.2166458368301389 -0.61167719960212696 1.0790101289749148 -1.0787796974182127 0.14601807296276095
decision_type=2 2 2 2 2 2 2 2 2 2 2 2 2 2 2 2 2 2 2 2 2 2 2 2 2 2 2 2 2 2 2 2 2 2 2 2 2 2 2
left_child=-1 2 3 -2 15 9 7 8 -7 10 -6 12 13 -11 28 18 17 -17 32 -15 -21 22 -22 33 -25 -26 27 -12 36 30 31 34 -4 -23 -20 -36 -9 -31 -27
right_child=1 -3 4 -5 5 6 -8 14 -10 11 26 -13 -14 19 -16 16 -18 -19 29 20 21 23 -24 24 25 38 -28 -29 -30 37 -32 -33 -34 -35 35 -37 -38 -39 -40
leaf_value=0.89655584922203657 -0.14450834244489671 0.68574059933424003 -0.1547350525048872 -0.91027183194955197 1.7101402220918853 -0.42206299981723233 2.0233756193518637 -0.36380744382739066 2.3395459270477299 -0.36721092903492403 -0.27690793894457094 -0.96092367966969816 -0.68785649895668033 0.37383143408545139 -0.88327126860618588 -0.17337269892171026 0.073421798712190456 -0.67127276471682962 0.31454184705019 -0.18971545197542941 -0.035008687348592853 -0.38062781542539598 0.83605917598586543 0.85807148785818199 0.37988125948529494 -0.18637810153040021 -0.20510930829290031 0.69052787303924568 -0.59433864894367405 0.14295836634756554 0.62202772840857512 0.3395175365386186 -0.5943229961962927 0.026669477614072651 -0.41371336664472314 -0.01781123125887939 0.15313931959015983 -0.22458380287601837 -6.5410767610256498e-05
leaf_weight=26 23 20 60 30 34 24 30 20 20 49 33 21 20 29 20 50 34 35 25 122 21 58 20 21 38 110 69 25 21 21 20 27 21 26 21 716 21 105 130
leaf_count=26 23 20 60 30 34 24 30 20 20 49 33 21 20 29 20 50 34 35 25 122 21 58 20 21 38 110 69 25 21 21 20 27 21 26 21 716 21 105 130
internal_value=-1.6034e-09 -0.010644 -0.0170623 -0.577959 -0.00302004 0.0586428 0.404846 0.0194813 0.833214 -0.00674175 0.323711 -0.0867461 -0.0582403 -0.0380603 -0.417156 -0.0563706 -0.249301 -0.37839 -0.0337734 -0.0100109 -0.0303982 0.0154431 0.389902 -0.0246426 0.0399495 -0.0218511 -0.0474591 0.14009 -0.266796 -0.0134213 0.00992615 -0.00558974 -0.268702 -0.25456 -0.0178179 -0.029092 -0.0990298 -0.163327 -0.0854587
internal_weight=2216 2190 2170 53 2117 982 156 126 44 826 161 665 644 624 82 1135 119 85 1016 575 546 424 41 383 299 278 127 58 62 935 809 789 81 84 762 737 41 126 240
internal_count=2216 2190 2170 53 2117 982 156 126 44 826 161 665 644 624 82 1135 119 85 1016 575 546 424 41 383 299 278 127 58 62 935 809 789 81 84 762 737 41 126 240
is_linear=0
shrinkage=0.05


Tree=89
num_leaves=40
num_cat=0
split_feature=28 20 16 33 9 12 29 6 4 30 7 9 9 27 5 23 30 29 27 20 7 15 6 9 13 23 29 29 16 27 20 26 22 30 30 28 5 4 3
split_gain=8403.42 23748.5 10514.7 3383.94 3361.63 12420.1 25387.6 3184.29 5545.46 4901.36 4784.24 4719.61 33895.9 4932.44 2887.09 2866.57 2300.48 1928.78 1560.18 1942.61 2407.15 1645.94 1540.28 1440.89 3573.35 5963.54 1470.31 1654.87 4122.35 1457.12 3780.83 10906.7 1753.39 1371.62 8233.54 1461.33 1351.63 1330.69 1307.73
threshold=-1.5452485680580137 -1.5288347005844114 -1.5581622719764707 -0.047398863360285752 -1.2846765518188474 -1.2313437461853025 0.13334774971008304 -0.098241925239562974 2.0844084024429326 1.0098809599876406 2.1604351997375493 1.260655999183655 1.1875331997871401 -1.1976896524429319 1.5876004099845888 1.1383608579635622 0.43491733074188238 0.73190146684646618 -0.46763706207275385 0.2236004322767258 0.83773630857467662 1.7172574996948244 -0.1594545096158981 -0.66562154889106739 -0.57643339037895192 -0.62026530504226673 -0.60456100106239308 -0.44785918295383448 0.44548352062702185 0.3867646604776383 0.16362944990396502 -0.41681288182735438 1.439948618412018 -0.15280977636575696 -0.21799339354038236 -0.057301392778754227 -0.37862537801265711 -0.37204383313655848 -0.25345492362976069
decision_type=2 2 2 2 2 2 2 2 2 2 2 2 2 2 2 2 2 2 2 2 2 2 2 2 2 2 2 2 2 2 2 2 2 2 2 2 2 2 2
left_child=1 -1 3 -2 17 6 -6 8 9 10 11 12 13 -7 33 18 37 -4 19 20 36 22 23 -20 25 -25 -26 28 -28 -29 31 -31 -32 34 35 -9 -15 -13 -5
right_child=2 -3 4 38 5 7 -8 14 -10 -11 -12 16 -14 15 -16 -17 -18 -19 21 -21 -22 -23 -24 24 26 -27 27 29 -30 30 32 -33 -34 -35 -36 -37 -38 -39 -40
leaf_value=1.9605093524977566 -1.0912199273109437 -0.35107442188262938 -0.078951616720719778 -0.090479440953243867 -0.3060183156620373 0.68312198591232309 2.1553625518456103 0.0090476120952516798 0.85691627383232116 0.61289153379552508 0.57561461085246668 -0.25845428820937238 2.0604712089896204 -0.0053646787516156997 -0.65765626228724916 -0.56722449988592416 0.15584612660109998 -0.72709782570600512 -0.10001577337582906 -0.49353376917781366 0.43843874718461723 -0.35914876728222289 0.37581352144479752 0.016686463149057498 -0.24245240087979117 1.0473876839098724 0.86262554183602347 -0.043772203932537182 -0.092190222614086603 -0.22757500839233399 -0.06200589623918637 1.2646631012360254 0.43870265722274787 -0.14733505602357752 0.9746582844853402 -0.42789170809330479 -0.24753175028345803 -0.65081835284829148 -0.64911355637013912
leaf_weight=20 25 25 22 22 22 25 20 50 20 34 36 47 20 121 24 24 20 24 222 31 21 29 30 36 52 23 20 401 26 25 139 24 20 295 20 31 110 40 20
leaf_count=20 25 25 22 22 22 25 20 50 20 34 36 47 20 121 24 24 20 24 222 31 21 29 30 36 52 23 20 401 26 25 139 24 20 295 20 31 110 40 20
internal_value=-6.56423e-10 0.676296 -0.0140181 -0.630647 0.00561787 0.0150667 0.866068 -0.00266249 0.0295734 0.0190741 0.00598085 -0.00763589 0.0168431 -0.0127962 -0.125159 -0.0256455 -0.327693 -0.417115 -0.0158726 -0.120035 -0.0740889 0.0122821 0.0228632 0.012146 0.0446525 0.418485 0.0134557 0.033772 0.322947 0.0119296 0.119316 0.503317 0.000976312 -0.0928862 0.0661476 -0.158176 -0.120682 -0.438852 -0.356496
internal_weight=2216 45 2171 67 2104 2058 42 2016 1596 1576 1542 1506 1399 1379 420 1354 107 46 1330 283 252 1047 1018 988 766 59 707 655 46 609 208 49 159 396 101 81 231 87 42
internal_count=2216 45 2171 67 2104 2058 42 2016 1596 1576 1542 1506 1399 1379 420 1354 107 46 1330 283 252 1047 1018 988 766 59 707 655 46 609 208 49 159 396 101 81 231 87 42
is_linear=0
shrinkage=0.05


Tree=90
num_leaves=40
num_cat=0
split_feature=29 21 19 5 3 3 26 26 26 13 27 27 30 12 5 5 18 23 18 6 5 5 5 30 33 29 6 29 3 4 3 3 29 30 21 5 29 8 11
split_gain=8632.14 4873.21 9199.15 3726.22 3650.15 11866.8 4437.09 45532.4 6191.61 12604.4 2823.66 7597.58 3694.69 2814.12 2333.28 2165.2 2035.05 2015.76 1565.92 1432.67 1444.68 9364.62 1500.52 1444.88 1310.25 1209.51 1253.12 1446.11 1168.31 1532.57 2691.25 5201.25 1154.68 1030.26 988.442 906.696 759.583 743.331 1939.19
threshold=3.2934920787811284 -1.6710991859436033 -1.5992504954338072 3.5429087877273564 1.8135544657707217 1.6654188036918642 1.385194003582001 1.294765889644623 0.84657806158065807 0.82692894339561474 -1.2386001944541929 -1.1030309796333311 1.2409112453460696 1.7161071300506594 -0.18866241723299024 -0.3808088600635528 1.757795035839081 0.90845298767089855 -0.043613327667117112 2.872025847434998 0.82119813561439525 1.1148765087127688 0.56573072075843822 0.27967716753482824 -0.047358125448226922 -0.48707868158817286 1.3081901073455813 -0.44785918295383448 1.3119601607322695 -1.0347204208374021 -0.1935116499662399 0.19164110720157626 0.37714722752571112 -0.65878006815910328 0.69755277037620556 -0.46378119289875025 -0.3728205263614654 0.37150499224662786 0.38473846018314367
decision_type=2 2 2 2 2 2 2 2 2 2 2 2 2 2 2 2 2 2 2 2 2 2 2 2 2 2 2 2 2 2 2 2 2 2 2 2 2 2 2
left_child=1 24 -3 4 5 6 7 8 9 10 36 -12 19 15 -10 -8 -15 18 -6 20 22 -22 25 -23 -1 -13 27 -27 29 30 32 -32 35 -31 -16 -29 -4 -35 -39
right_child=-2 2 3 -5 17 -7 13 -9 14 -11 11 12 -14 16 34 -17 -18 -19 -20 -21 21 23 -24 -25 -26 26 -28 28 -30 33 31 -33 -34 37 -36 -37 -38 38 -40
leaf_value=-0.83334281168878077 0.9431028223286072 1.0174000000411814 -0.19351908683367983 0.66896112561225896 -0.32728183843461534 0.92908274978399286 -0.26160455247567549 2.3232868373394013 -0.18650987894072038 1.2573075387626886 0.93052175153385519 -0.15069371482325083 0.65284383467265539 0.13349759910741579 -0.8464060544967652 -0.87405388763657332 -0.33431413199039217 -0.59979597051297462 -0.00052915731227243105 0.36005204296112064 1.1323683607578279 -0.16327726626405858 -0.33186230251476884 0.22417323027338298 -0.27998942693938383 0.41423234655743557 -0.2552403424771465 -0.20825501400523072 0.33251397216320044 -0.26284613702446225 -1.0552897465229034 -0.1315311915737766 0.32431237716227773 0.0078106066003717769 -0.40035474009259986 0.20238266259431842 -0.543196531534195 0.58093507037985892 0.040359427928453012
leaf_weight=20 24 22 41 20 70 34 31 21 99 20 22 173 21 46 23 27 47 31 77 25 20 77 42 35 23 21 49 41 25 32 20 64 26 675 27 20 25 21 79
leaf_count=20 24 22 41 20 70 34 31 21 99 20 22 173 21 46 23 27 47 31 77 25 20 77 42 35 23 21 49 41 25 32 20 64 26 675 27 20 25 21 79
internal_value=1.38695e-10 -0.0103259 0.000219705 -0.0103012 -0.0167489 0.00324224 -0.0133692 0.00914365 -0.0190612 0.010101 -0.00595061 0.00824392 -0.00559654 -0.273385 -0.327123 -0.54671 -0.102923 -0.233394 -0.156126 -0.0151656 -0.0217715 0.135766 -0.0379166 -0.042199 -0.537363 -0.0280084 -0.00822778 0.00359216 -0.00500549 -0.0136333 -0.149605 -0.351474 0.0453025 0.0151786 -0.605538 -0.0736197 -0.325973 0.0266583 0.15388
internal_weight=2216 2192 2149 2127 2107 1929 1895 1744 1723 1574 1554 1488 1466 151 149 58 93 178 147 1445 1420 132 1288 112 43 1246 1073 1024 1003 978 171 84 87 807 50 61 66 775 100
internal_count=2216 2192 2149 2127 2107 1929 1895 1744 1723 1574 1554 1488 1466 151 149 58 93 178 147 1445 1420 132 1288 112 43 1246 1073 1024 1003 978 171 84 87 807 50 61 66 775 100
is_linear=0
shrinkage=0.05


Tree=91
num_leaves=40
num_cat=0
split_feature=27 15 12 29 13 29 6 4 5 30 5 30 28 16 29 6 11 20 28 22 11 25 15 15 29 30 27 7 3 29 29 2 27 27 20 0 2 27 30
split_gain=8302.91 7269.96 15604.6 14851.5 3271.35 5096.25 3141.03 3997.65 3668.46 7723.81 7808.04 14396.9 3921.46 3757.42 30565.1 3222.76 3067.5 2318.53 2950.84 1920.77 1919.32 1422.35 1283.06 1559.8 1217.1 1063.43 1129.93 909.682 817.272 793.922 781.165 763.085 1096.43 1315.54 2911.96 1048.09 861.244 1350.98 798.073
threshold=-2.1934885978698726 -1.3155183792114256 -1.2229315042495725 3.2934920787811284 -1.3370534777641294 0.30189555883407598 3.2509608268737797 2.1403487920761113 0.93583095073699962 1.0098809599876406 0.700014889240265 0.05640011094510556 -1.2250468134880064 1.840181350708008 -0.41597388684749598 2.2832190990448002 1.1336319446563723 -0.76859977841377247 -0.29807943105697626 -1.6105053424835203 0.84642362594604503 2.1572535037994389 0.91597193479537975 1.6533120274543764 1.1304740905761721 -0.40183690190315241 -0.77080711722373951 -0.022741576656699177 -0.2038466930389404 0.73190146684646618 -0.31589841842651362 2.2576968073844914 1.0399777889251711 0.75755280256271373 0.14228869229555133 -0.37333177030086512 1.0000000180025095e-35 0.16876037418842318 -0.058842945843935006
decision_type=2 2 2 2 2 2 2 2 2 2 2 2 2 2 2 2 2 2 2 2 2 2 2 2 2 2 2 2 2 2 2 2 2 2 2 2 2 2 2
left_child=-1 3 -3 4 5 -2 7 8 9 10 12 -12 -4 15 -15 20 17 -10 -19 -6 24 -16 -22 -24 25 30 28 -20 -27 -21 -14 32 33 36 -35 -33 -28 38 -38
right_child=1 2 6 -5 19 -7 -8 -9 16 -11 11 -13 13 14 21 -17 -18 18 27 29 22 -23 23 -25 -26 26 31 -29 -30 -31 -32 35 -34 34 -36 -37 37 -39 -40
leaf_value=0.7640012509482248 -0.25812749133134882 1.370521737422262 0.52712864319191266 -1.568675562650675 -0.75729399648579687 0.62601362349731593 -0.42232618505178499 0.69584011038144433 -0.51983594040075942 0.82306379199028012 -0.25790450450565133 1.5723756246946075 -0.38608097009586567 2.011055333018303 0.023163237836625841 0.48856938008604384 -0.65537890031933788 0.37393158472636168 0.013081937290050766 -0.096067541195291359 -0.31901349374429161 -0.46617681754357893 0.050730403137635695 -0.42954908379099588 0.29315305893619853 -0.093151715121649464 0.019851153667926068 -0.24788653717321507 -0.44008082499106727 -0.46973023741018205 -0.085784880391189033 0.41524056100845341 -0.14152092524944879 0.59119165281454722 -0.047647389303892854 -0.070373005941510205 0.21063857692660709 -0.27258947166717717 -0.077688715350814175
leaf_weight=35 39 21 34 21 22 28 43 21 30 30 21 22 33 20 27 29 30 34 55 44 97 33 73 22 30 58 620 85 24 21 63 25 139 30 44 20 33 72 88
leaf_count=35 39 21 34 21 22 28 43 21 30 30 21 22 33 20 27 29 30 34 55 44 97 33 73 22 30 58 620 85 24 21 63 25 139 30 44 20 33 72 88
internal_value=2.1216e-09 -0.0122604 0.0147022 -0.321329 -0.151236 0.111364 0.000358467 0.0097176 0.00221704 0.0279505 0.013555 0.678518 -0.00416086 -0.0155937 0.318283 -0.0334005 -0.183306 -0.113884 -0.0438918 -0.353469 -0.0436908 -0.245974 -0.191099 -0.0604922 -0.0215623 -0.0291215 -0.0158088 -0.145363 -0.194692 -0.216789 -0.189012 -0.00211284 -0.0109517 0.00950959 0.211341 0.199412 -0.00886133 -0.101098 0.000946001
internal_weight=2216 2181 2006 175 154 67 1985 1942 1921 1687 1657 43 1614 1580 80 1500 234 204 174 87 1471 60 192 95 1279 1249 1153 140 82 65 96 1071 1026 887 74 45 813 193 121
internal_count=2216 2181 2006 175 154 67 1985 1942 1921 1687 1657 43 1614 1580 80 1500 234 204 174 87 1471 60 192 95 1279 1249 1153 140 82 65 96 1071 1026 887 74 45 813 193 121
is_linear=0
shrinkage=0.05


Tree=92
num_leaves=40
num_cat=0
split_feature=29 21 19 5 3 3 26 26 24 11 7 18 29 30 27 9 27 18 3 5 5 23 29 29 33 8 11 18 33 8 7 15 2 23 16 7 10 11 7
split_gain=8966.85 4907.5 8444.77 3425.71 3265.2 10802.2 3947.63 41192.4 5447.38 12253.7 2806.82 7667.59 8341.99 3139.22 2812.59 2463.17 2735.32 2400.46 2172.25 1973.29 9838.3 1839.82 1673.55 4702.68 1615.46 3120.18 1579.2 1417.57 1237.83 1226.3 2859.09 1197.87 1126.48 1670.99 1572.29 1478.53 2398.37 3694.87 1155.87
threshold=3.2934920787811284 -1.6710991859436033 -1.5992504954338072 3.5429087877273564 1.8135544657707217 1.6654188036918642 1.385194003582001 1.294765889644623 0.84042927622795116 0.90610828995704662 -0.66309869289398182 -1.0568026304244993 0.75466626882553112 0.86204820871353161 -1.1536921858787534 1.5215843915939333 -0.40951874852180475 1.5376403331756594 -0.61862659454345692 0.82119813561439525 1.2382432222366335 0.90845298767089855 -0.52172148227691639 -0.47341926395893091 -0.047469610348343842 -0.6151132583618163 1.0874515175819399 -0.043613327667117112 -0.047335436567664139 -1.1999563574790952 -1.1298979520797727 1.0349448323249819 1.0000000180025095e-35 -0.52566492557525624 0.71212014555931102 -0.497776448726654 -0.2872625589370727 -0.32617805898189539 -0.17776853591203687
decision_type=2 2 2 2 2 2 2 2 2 2 2 2 2 2 2 2 2 2 2 2 2 2 2 2 2 2 2 2 2 2 2 2 2 2 2 2 2 2 2
left_child=1 28 -3 4 5 6 7 8 9 10 13 -12 14 29 -13 16 -8 31 -10 22 -21 27 -16 -24 25 -25 -20 -6 -1 -4 -31 -17 33 -27 -34 -35 37 -37 -38
right_child=-2 2 3 -5 21 -7 15 -9 18 -11 11 12 -14 -15 19 17 -18 -19 26 20 -22 -23 23 24 -26 32 -28 -29 -30 30 -32 -33 34 35 -36 36 38 -39 -40
leaf_value=-0.8015110389752822 0.96121337885657943 0.97463991222056467 -0.2585446996293817 0.6412748146057129 -0.31013529054820538 0.88603590884629435 -0.99960321068763747 2.2091810204088689 -0.10592872819364806 1.2084233819019228 0.90198159420490276 -0.59653849482536314 0.7866353446069887 -0.62355752225433081 -0.18853130786446856 -0.070892548511425665 -0.23952523827440395 -0.35628168360831647 -0.32137762325651509 1.2049377807974817 -0.03491476385854185 -0.57115298215179677 0.64277995420353751 0.55318387424945825 -0.261633401216879 0.44284215298565954 -0.78872263921158658 0.00075511077007690039 -0.26483338837112702 0.43734265129114019 -0.080409560156732895 0.42866287693381316 -0.22542784279729755 -0.35544286221972604 0.24740766939662753 0.028470727304617569 -0.21221209804972876 0.82834816913713105 0.011540795439622095
leaf_weight=22 24 22 77 20 70 34 20 21 71 21 25 20 34 28 128 30 29 52 51 20 80 31 28 25 62 22 28 77 21 29 331 20 108 28 21 42 69 22 353
leaf_count=22 24 22 77 20 70 34 20 21 71 21 25 20 34 28 128 30 29 52 51 20 80 31 28 25 62 22 28 77 21 29 331 20 108 28 21 42 69 22 353
internal_value=7.06987e-10 -0.0105242 5.84572e-05 -0.0100218 -0.0162041 0.00270354 -0.0131452 0.00808966 -0.0187373 0.00871646 -0.00751669 0.0364621 0.0160873 -0.110323 -0.00939772 -0.2584 -0.549761 -0.118433 -0.306636 0.00225189 0.213056 -0.221107 -0.0209644 0.00653377 -0.0171562 0.00481127 -0.487019 -0.147288 -0.539413 -0.0774384 -0.0387017 0.12893 -0.0158042 0.0161209 -0.148455 -0.00214339 0.0182113 0.303429 -0.0250444
internal_weight=2216 2192 2149 2127 2107 1929 1895 1744 1723 1573 1552 1087 1062 465 1028 151 49 102 150 1008 100 178 908 780 752 690 79 147 43 437 360 50 665 536 129 514 486 64 422
internal_count=2216 2192 2149 2127 2107 1929 1895 1744 1723 1573 1552 1087 1062 465 1028 151 49 102 150 1008 100 178 908 780 752 690 79 147 43 437 360 50 665 536 129 514 486 64 422
is_linear=0
shrinkage=0.05


Tree=93
num_leaves=40
num_cat=0
split_feature=29 30 30 30 30 30 18 6 5 6 27 18 22 16 17 8 11 11 3 8 18 16 27 11 12 26 4 30 4 5 0 0 29 31 31 20 21 16 29
split_gain=8092.58 4637.69 8047.2 4280.16 11035.2 6029.25 4347.61 2762.31 4243.17 2935.04 2732.77 2725.04 2749.53 3172.87 6168.5 2317.48 10933 3030.53 2102.67 1804.02 2115.09 12885 3082.19 2173.72 1507.63 1130.53 1056.62 1849.12 1335.25 1283.54 1212.7 2377.66 1121.67 1225.45 5980.56 1719.62 2811.99 1376.8 1116.52
threshold=3.2934920787811284 -0.95633739233016957 -0.81057617068290699 1.3463437557220461 1.0567454695701601 0.9120679795742036 -1.5910865664482114 3.3894180059432988 3.179359078407288 2.7306540012359624 -1.9179521799087522 -1.5013355016708372 2.3331806659698491 2.0667412281036381 1.8931055068969729 1.1994026899337771 1.1975004673004153 1.6160847544670107 -0.37885349988937372 -1.1999563574790952 -1.0568026304244993 -1.0838267803192136 -1.1536921858787534 -1.1329652667045591 1.0842877030372622 -0.91640719771385182 -1.0347204208374021 0.28248156607151037 -1.0322614908218382 -0.37207493185997004 -0.85877436399459828 -0.54879942536354054 -0.85986977815628041 0.50143270194530498 0.42740285396575933 0.037093298509716995 0.13452491164207461 0.2457770183682442 -0.11295622587203978
decision_type=2 2 2 2 2 2 2 2 2 2 2 2 2 2 2 2 2 2 2 2 2 2 2 2 2 2 2 2 2 2 2 2 2 2 2 2 2 2 2
left_child=1 10 -3 4 5 6 -4 8 9 11 -1 -8 13 14 15 16 19 18 -17 -13 21 23 -22 -21 26 -25 27 30 -28 -29 -24 -32 -30 34 38 -35 -37 -38 -34
right_child=-2 2 3 -5 -6 -7 7 -9 -10 -11 -12 12 -14 -15 -16 17 -18 -19 -20 20 22 -23 24 25 -26 -27 28 29 32 -31 31 -33 33 35 -36 36 37 -39 -40
leaf_value=-0.84977265397707624 0.91315259809295335 0.87696424802908535 -0.55671719482375515 0.70214340488115956 -1.081219020485878 0.78502424424514183 0.47313692302539434 -0.40351670308127291 0.69677994305437263 0.60100967735052113 -0.17798670526684784 -0.32920396433885585 0.42376258403062822 -0.57202349075904257 0.79789696834657509 -0.20427565577750406 1.1522290480136872 0.016290364458280453 -0.75113737592473628 0.40556023262795948 -0.53288469096024838 1.3454254733305424 -0.028653537649019012 -0.055762980762740666 -0.39095976587246967 -0.49170505285263061 0.36624600687623027 0.29027062066993381 0.35061644816940485 -0.16326519864109845 -0.7745924485000697 -0.18254979277986128 -0.068878078547934721 -0.22189086384703996 0.80184359274183725 0.42708884147983617 -0.37824150227731274 -0.01157039347149077 0.052458803309549107
leaf_weight=24 24 26 36 21 24 24 29 42 22 20 41 47 35 26 23 39 20 68 32 21 30 20 58 58 27 20 25 39 22 26 22 74 332 142 24 33 31 147 442
leaf_count=24 24 26 36 21 24 24 29 42 22 20 41 47 35 26 23 39 20 68 32 21 30 20 58 58 27 20 25 39 22 26 22 74 332 142 24 33 31 147 442
internal_value=-1.74485e-10 -0.00999802 0.00271572 -0.00810316 -0.0152739 -0.00283098 -0.0121364 -0.00231425 0.00630934 -0.00155316 -0.426031 -0.00785612 -0.0152639 -0.0235788 -0.0157524 -0.0261549 -0.00973324 -0.222269 -0.450749 -0.0239035 -0.0148959 0.187873 -0.031266 -0.0459756 -0.0208446 -0.167543 -0.0137923 -0.114776 0.00466805 0.108856 -0.209166 -0.318226 -0.00303822 -0.00979791 0.0245157 -0.087368 0.00316397 -0.0754288 0.000412492
internal_weight=2216 2192 2127 2101 2080 2056 2032 1996 1954 1932 65 1912 1883 1848 1822 1799 1660 139 71 1640 1593 119 1474 99 1444 78 1417 219 1198 65 154 96 1173 1151 798 353 211 178 774
internal_count=2216 2192 2127 2101 2080 2056 2032 1996 1954 1932 65 1912 1883 1848 1822 1799 1660 139 71 1640 1593 119 1474 99 1444 78 1417 219 1198 65 154 96 1173 1151 798 353 211 178 774
is_linear=0
shrinkage=0.05


Tree=94
num_leaves=40
num_cat=0
split_feature=27 15 29 9 13 29 33 4 30 33 18 25 27 8 27 18 15 24 5 12 3 27 15 22 15 9 6 4 4 4 2 30 0 33 10 12 29 9 19
split_gain=8451.02 7078.08 15314.2 14722.6 3149.94 4685.15 3057.32 7308.74 4539.58 3738.2 2886.01 14402.3 2588.72 32675.7 4130.52 5965.11 2899.21 3541.97 10754.3 3378.4 2641.63 2157.54 1850.77 1819.83 1704.51 1682.94 1644.13 1526 1330.36 1244.35 1229.19 1116.28 1050.92 1023.78 991.756 4846.63 9847.84 1312.13 1072.18
threshold=-2.1934885978698726 -1.3155183792114256 3.2934920787811284 -1.2051863074302671 -1.3370534777641294 0.30189555883407598 -0.047459915280342095 2.1053092479705815 1.0098809599876406 -0.047462873160839074 -1.0568026304244993 -1.1380925774574278 0.13492330908775332 1.3476914763450625 0.18121211230754855 0.35629065334796911 1.6533120274543764 1.5304850935935976 1.0000000180025095e-35 0.99506542086601268 0.70701545476913463 -1.1536921858787534 1.8295560479164126 -1.6105053424835203 2.0906820297241215 1.7265975475311282 1.3460835814476015 2.0690402984619145 -0.54416760802268971 -1.0371792912483213 2.2576968073844914 0.23403161019086841 -0.39372250437736506 -0.047483913600444787 -0.42161588370800013 -0.30952669680118555 -0.21035738289356229 -0.6248013675212859 0.38948178291320806
decision_type=2 2 2 2 2 2 2 2 2 2 2 2 2 2 2 2 2 2 2 2 2 2 2 2 2 2 2 2 2 2 2 2 2 2 2 2 2 2 2
left_child=-1 2 4 -3 5 -2 7 8 9 10 11 -5 16 14 15 -14 17 19 25 21 32 -12 29 -6 -18 -19 -23 28 -8 31 34 33 -21 -16 37 36 -36 -31 -37
right_child=1 3 -4 6 23 -7 27 -9 -10 -11 12 -13 13 -15 22 -17 24 18 -20 20 -22 26 -24 -25 -26 -27 -28 -29 -30 30 -32 -33 -34 -35 35 38 -38 -39 -40
leaf_value=0.77078531810215545 -0.24120342308798662 1.3005761574784465 -1.5839600742572832 -0.15170810586214067 -0.7361254096031189 0.60652679481676652 -0.50660488378256563 0.92645572098818707 0.60915683315646263 0.48267738661909398 -0.49738779067993166 1.43587150067091 -0.12847174963071234 2.0402913641929628 -0.11162690623633323 1.0632765338534402 -0.69707226420527901 -0.45432355731725693 1.2641220077872277 -0.34416772410565732 -0.80382697725296026 -0.016671014322526476 -0.39833223841020038 -0.21001446702159368 -0.11343226676637477 0.11772433982955084 -0.37815637624625009 -0.4960984807122838 -0.071955847638171352 0.0021187111564066221 0.3724517632614483 0.095625298826590835 0.046429259416002497 -0.52135695477326716 -0.19054671600461007 -0.22218478896090244 1.3424417686462402 -0.3081743939513607 0.015567257543894606
leaf_weight=35 39 22 21 50 22 28 20 22 31 39 26 20 21 20 31 21 29 20 20 51 25 672 35 65 22 36 33 33 147 87 22 23 26 30 22 61 20 56 213
leaf_count=35 39 22 21 50 22 28 20 22 31 39 26 20 21 20 31 21 29 20 20 51 25 672 35 65 22 36 33 33 147 87 22 23 26 30 22 61 20 56 213
internal_value=-5.56696e-10 -0.0123693 -0.317332 0.0142351 -0.14461 0.113072 -2.87896e-05 0.0207532 0.00944479 -0.00129529 -0.0124507 0.301886 -0.0260164 0.0500502 -0.0119511 0.467402 -0.0784706 -0.0578891 0.268869 -0.0877014 -0.357265 -0.0500878 -0.0455059 -0.343054 -0.445306 -0.0865785 -0.0335916 -0.185404 -0.12401 -0.0236494 0.00735938 -0.201211 -0.212278 -0.313133 -0.0101396 0.0393018 0.539448 -0.119395 -0.0373629
internal_weight=2216 2181 175 2006 154 67 1984 1784 1762 1731 1692 70 1622 662 642 42 960 909 76 833 102 731 600 87 51 56 705 200 167 565 481 84 77 61 459 316 42 143 274
internal_count=2216 2181 175 2006 154 67 1984 1784 1762 1731 1692 70 1622 662 642 42 960 909 76 833 102 731 600 87 51 56 705 200 167 565 481 84 77 61 459 316 42 143 274
is_linear=0
shrinkage=0.05


Tree=95
num_leaves=40
num_cat=0
split_feature=29 22 19 16 18 30 6 3 16 16 17 16 26 7 12 13 13 6 33 29 5 10 7 29 18 18 16 13 21 8 0 15 5 5 20 4 15 15 15
split_gain=8457.46 4496.12 8112.88 3176.69 9995.57 5483.98 2835.91 4482.99 2524.64 10141.7 3442.42 10258.9 2226.15 2128.09 5587.92 2891.47 2720.89 2149.88 2071.12 1320.71 1252.49 1596.23 1850.18 1176.66 1149.33 1129.36 3753.85 6884.65 2181.69 942.105 1121.73 880.186 2805.26 1482.27 1438.3 1246.22 1239.74 1264.31 4020.18
threshold=3.2934920787811284 -1.6923955082893369 -1.5992504954338072 -1.043636620044708 -1.0568026304244993 1.0098809599876406 2.9755042791366582 2.5976400375366215 2.6440126895904545 2.2964339256286626 1.942263722419739 1.840181350708008 -0.82753142714500416 1.5819175839424136 1.4253037571907046 1.5602356195449831 0.88261732459068309 2.2832190990448002 -0.047477310523390763 1.1304740905761721 -0.428845465183258 -1.2391423583030698 -1.0927359461784361 -0.75858324766159047 -1.5013355016708372 -0.59442287683486927 -0.50446477532386769 -0.57643339037895192 -0.43617224693298334 -1.2078132629394529 0.22068253904581073 -0.096796888858079896 0.54171237349510204 -0.33823095262050623 -0.08484467118978499 0.81315135955810558 0.040961997583508498 0.27601341903209692 0.20969139039516452
decision_type=2 2 2 2 2 2 2 2 2 2 2 2 2 2 2 2 2 2 2 2 2 2 2 2 2 2 2 2 2 2 2 2 2 2 2 2 2 2 2
left_child=1 23 -3 12 -5 6 7 8 9 10 11 13 20 14 16 -15 17 19 -18 25 21 -4 -23 -1 -22 -6 27 -27 -28 -26 -31 32 33 34 35 -30 -33 38 -38
right_child=-2 2 3 4 5 -7 -8 -9 -10 -11 -12 -13 -14 15 -16 -17 18 -19 -20 -21 24 22 -24 -25 29 26 28 -29 31 30 -32 36 -34 -35 -36 -37 37 -39 -40
leaf_value=-0.760357303723045 0.93351159046093624 0.95514681112359878 -0.24785171463375999 1.0975264466944195 -0.11093814294489353 0.65990790397890153 -0.38997772205621006 0.65123056723521311 -0.53057984722697216 1.0633961586789651 -0.54791439920663831 1.0906227127427148 -0.54466547421046663 -0.661820734217763 0.6449363058665768 -0.030868294932272125 -0.15404710983857514 0.51318138718605044 -0.70330257862806322 0.37532498064366254 0.09465402449880328 0.54888852268457411 -0.014076091514693368 -0.23597094848752023 -0.57672484326362616 0.98665715963752187 -0.29904703186108517 -0.0041509805917739869 -0.092761972252475594 -0.064777695919786188 -0.51233564927464437 -0.18721402313273688 0.49666073396269761 -0.17661623128460369 0.36441707412401836 0.32052874911266072 -0.037703655007456947 -0.044750064798118022 0.50307886871742091
leaf_weight=23 24 22 42 21 251 31 48 26 23 22 30 21 35 30 32 46 121 20 20 22 21 20 54 20 25 27 65 50 76 42 21 104 35 69 39 24 121 445 48
leaf_count=23 24 22 42 21 251 31 48 26 23 22 30 21 35 30 32 46 121 20 20 22 21 20 54 20 25 27 65 50 76 42 21 104 35 69 39 24 121 445 48
internal_value=1.76394e-09 -0.0102209 -9.15018e-05 -0.00997173 0.0128311 0.000491646 -0.0107711 -0.000470083 -0.0102025 -0.00323591 -0.0170719 -0.00751295 -0.173713 -0.0215317 -0.00901535 -0.279928 -0.0226305 -0.00148804 -0.231956 -0.0089687 -0.11601 -0.00165613 0.138077 -0.516457 -0.237707 -0.0152128 0.00657062 0.343275 -0.0186986 -0.317021 -0.213964 0.000263536 0.0825171 0.0128295 0.106871 0.0064278 -0.0275744 -0.000534422 0.115891
internal_weight=2216 2192 2149 2127 1867 1846 1815 1767 1741 1718 1696 1666 260 1645 1569 76 1537 1396 141 1376 225 116 74 43 109 1354 1103 77 1026 88 63 961 243 208 139 100 718 614 169
internal_count=2216 2192 2149 2127 1867 1846 1815 1767 1741 1718 1696 1666 260 1645 1569 76 1537 1396 141 1376 225 116 74 43 109 1354 1103 77 1026 88 63 961 243 208 139 100 718 614 169
is_linear=0
shrinkage=0.05


Tree=96
num_leaves=40
num_cat=0
split_feature=30 15 20 29 29 30 30 30 30 15 15 29 28 24 31 13 30 16 6 3 17 15 16 16 30 10 5 16 22 10 21 20 3 6 15 5 8 33 15
split_gain=8305.62 4144.67 6754.5 3107.08 10255.9 13488.7 6860.68 3009.96 8803.6 4112.81 25693.5 4463.57 30009.2 9444.42 3386.27 2559.56 2538.57 2566.19 2489.89 2397.25 2196.75 1814 7433.13 1746.41 2713.86 2330.08 4982.67 1396.2 4079.93 5591.43 2368.6 1481.02 1289.06 4655.12 1241.55 1206.73 1948.75 1142.27 1001.76
threshold=-2.4608415365219112 -1.584319472312927 -1.6137911677360532 0.79209810495376598 0.73190146684646618 1.0567454695701601 0.86204820871353161 0.3407531082630158 0.32485000789165502 2.1951055526733403 1.8629074692726137 -0.013996105641126631 -1.197591185569763 1.3891622424125674 1.3815253973007204 0.88261732459068309 1.0098809599876406 -1.2818565368652342 2.872025847434998 0.080022599548101439 -0.75296401977539051 -0.59217041730880726 -0.56093078851699818 -0.30314393341541285 0.27967716753482824 0.067747008055448546 -0.14280929416418073 0.099900886416435256 -0.17629089951515195 -0.14079426229000089 1.0000000180025095e-35 0.44384126365184789 -0.82119348645210255 -0.21775221079587934 -1.4250844717025755 -0.4987169057130813 0.31827102601528173 -0.047448037192225449 0.72099879384040844
decision_type=2 2 2 2 2 2 2 2 2 2 2 2 2 2 2 2 2 2 2 2 2 2 2 2 2 2 2 2 2 2 2 2 2 2 2 2 2 2 2
left_child=-1 -2 -3 4 5 6 7 8 9 10 11 15 -13 23 -9 18 17 34 21 -17 -19 -4 -23 37 25 26 32 28 -24 -30 -31 -29 33 -25 -5 36 -27 -14 -33
right_child=1 2 3 16 -6 -7 -8 14 -10 -11 -12 12 13 -15 -16 19 -18 20 -20 -21 -22 22 27 24 -26 35 -28 31 29 30 -32 38 -34 -35 -36 -37 -38 -39 -40
leaf_value=0.88839611594493584 0.7059388665854931 -0.7499101860869315 -0.16137853797413951 -0.18416659712791444 1.0600044345078261 -1.2623950688611894 0.83458279716968553 -0.071010835041775355 0.92942295405599806 -0.49510755138961893 1.689529480493587 2.022873176038265 -0.16290585138126762 1.1086062340065836 -0.55937606325516342 -0.12609375563787892 -0.70688414677329692 0.3139610764467054 0.49744791849093001 -0.59463224095793865 -0.18843751273371956 0.93024510443210606 -0.092668813266126179 0.67773976715711459 0.64216083537787205 -0.36128123700618747 0.78026251274126546 -0.23398335297576717 1.0566262599967775 -0.16905062544074925 0.51022517553397584 0.14480691993358866 -0.15197798277906799 -0.24362419764029572 -0.73461756720429383 -0.33346174871144085 0.23602873740924732 0.20599301283558213 -0.10454224722810311
leaf_weight=26 20 31 224 20 23 21 25 395 27 38 23 20 167 20 39 91 23 36 22 39 55 21 140 26 20 22 27 122 21 33 21 67 54 29 21 46 36 24 101
leaf_count=26 20 31 224 20 23 21 25 395 27 38 23 20 167 20 39 91 23 36 22 39 55 21 140 26 20 22 27 122 21 33 21 67 54 29 21 46 36 24 101
internal_value=-5.2917e-10 -0.0105472 -0.0171507 -0.00653102 0.0103126 -0.00199891 0.0116446 0.000901234 0.0348351 0.0182231 0.0319989 0.00463123 0.125942 0.0453926 -0.114896 -0.0614036 -0.22213 -0.137665 -0.0268405 -0.266655 0.0103136 -0.0422197 0.00852481 -0.00175657 0.082574 0.0359417 0.172179 -0.0298042 0.0667515 0.364336 0.0951122 -0.101389 0.0215534 0.19193 -0.466105 -0.142215 0.00946289 -0.116552 -0.00509942
internal_weight=2216 2190 2170 2139 1984 1961 1940 1915 1481 1454 1416 1393 491 471 434 902 155 132 772 130 91 750 526 451 260 240 136 505 215 75 54 290 109 55 41 104 58 191 168
internal_count=2216 2190 2170 2139 1984 1961 1940 1915 1481 1454 1416 1393 491 471 434 902 155 132 772 130 91 750 526 451 260 240 136 505 215 75 54 290 109 55 41 104 58 191 168
is_linear=0
shrinkage=0.05


Tree=97
num_leaves=40
num_cat=0
split_feature=27 15 29 12 7 6 5 30 7 33 5 24 11 13 30 4 31 28 8 7 30 31 33 18 29 3 3 33 33 4 22 15 22 24 18 21 22 9 3
split_gain=7707.75 6496.88 15250.6 13448.9 2925.72 3925.45 2863.29 12745.7 9220.5 27216 9096.35 8599.1 6928.54 11267.1 4729.58 3713.03 2574.36 2144.78 1918.72 2109.77 3993.46 1590.05 1577.08 1521.57 1402.25 1202.03 3664.16 1343.31 2386.39 4793.92 1483.86 2941.33 1553.82 978.625 3877.35 1290.11 3246.48 956.695 956.347
threshold=-2.1934885978698726 -1.3155183792114256 3.2934920787811284 -1.2229315042495725 -1.2210434079170225 0.54011785984039318 -0.35460707545280451 1.0098809599876406 1.6315463185310366 -0.047485608607530587 -0.3327722549438476 1.4375396966934206 0.96811065077781688 0.89478415250778209 0.9120679795742036 1.9227350354194643 0.99682173132896434 -1.1059088706970213 0.51849254965782177 0.32105529308319097 -0.097559366375207887 -0.62698334455490101 -0.047486526891589158 -1.5464836359024046 1.1304740905761721 -0.62276062369346608 -0.42983973026275629 -0.047475527971982949 -0.047473024576902383 0.14555697888135913 0.43905407190322882 0.80621910095214855 0.028128980658948425 -0.70586934685707081 -0.65026244521141041 -0.062645299360156045 0.23100544512271884 -1.0918279290199278 1.3491663336753847
decision_type=2 2 2 2 2 2 2 2 2 2 2 2 2 2 2 2 2 2 2 2 2 2 2 2 2 2 2 2 2 2 2 2 2 2 2 2 2 2 2
left_child=-1 2 4 -3 5 21 14 8 10 -10 -8 12 13 15 18 17 -14 -12 19 24 -21 -2 -22 -6 37 -19 -27 30 29 -29 32 -32 -28 34 -30 -35 -37 -5 -38
right_child=1 3 -4 6 23 -7 7 -9 9 -11 11 -13 16 -15 -16 -17 -18 25 -20 20 22 -23 -24 -25 -26 26 27 28 33 -31 31 -33 -34 35 -36 36 38 -39 -40
leaf_value=0.73610998221806123 0.17215442150507287 1.2723647310620263 -1.5679826870560647 -0.37722734544426206 -0.67530538802561557 0.70056345373392104 0.99982786835594606 1.2592785553498702 -0.44544334217258125 2.0441879323195842 -0.43870032093217298 0.96504560453551158 -0.34359964646006885 1.0482393071831515 -0.75981268157129711 -0.7259698027372361 -1.0444283086061479 -0.27978593508402505 -0.14185398489698739 0.78540958315134057 -0.2808894970417023 -0.39856560816988351 0.22783746031614452 -0.19913069711577508 0.34465892434120182 0.51006158608943231 -0.083230741403025138 -0.11170215594768525 -0.1377064986800661 0.88853324373131215 0.38069159597963903 -0.24560443053120062 -0.41728221668329629 -0.23155317531432959 0.60850918072241322 0.53713903216024239 -0.38873152863979343 -0.026515552724914866 0.040436783225999945
leaf_weight=35 23 21 21 20 23 20 22 22 23 21 31 21 38 24 23 20 20 39 310 24 25 26 39 62 25 34 92 25 49 23 37 38 56 80 27 24 25 701 27
leaf_count=35 23 21 21 20 23 20 22 22 23 21 31 21 38 24 23 20 20 39 310 24 25 26 39 62 25 34 92 25 49 23 37 38 56 80 27 24 25 701 27
internal_value=1.07054e-09 -0.0118129 -0.303987 0.0136759 -0.131623 0.110263 0.000359769 0.0720865 0.0392747 0.74279 -0.00188841 -0.0320771 -0.0616111 -0.0149568 -0.0499166 -0.0556533 -0.585265 -0.0335671 -0.0356442 0.00383427 0.235378 -0.130677 0.029116 -0.327978 -0.0234792 -0.0117631 0.00770225 -0.0262544 0.0466658 0.367577 -0.117814 0.0633683 -0.209629 -0.0197297 0.127396 -0.0914065 0.0561163 -0.036244 -0.165894
internal_weight=2216 2181 175 2006 154 69 1985 818 796 44 752 730 709 651 1167 627 58 607 1144 834 88 49 64 85 746 576 537 503 280 48 223 75 148 232 76 156 76 721 52
internal_count=2216 2181 175 2006 154 69 1985 818 796 44 752 730 709 651 1167 627 58 607 1144 834 88 49 64 85 746 576 537 503 280 48 223 75 148 232 76 156 76 721 52
is_linear=0
shrinkage=0.05


Tree=98
num_leaves=40
num_cat=0
split_feature=29 21 22 27 27 11 7 27 20 29 30 4 15 24 5 7 26 12 5 29 10 29 29 30 29 29 33 27 27 17 5 6 30 5 29 25 15 18 33
split_gain=8504.7 4890.46 8468.49 3839.67 4076.51 3678.46 23768.9 6245.29 38606.8 15070.4 6156.53 3526.53 2597.13 1580.17 1525.31 1496.91 1317.55 2304.87 1311.62 1260.8 1243.84 1382.92 2163.78 1413.72 2514.67 6908.81 7654.24 2439.6 1167.64 1141.97 1084.36 1073.78 1021.2 849.54 827.818 1363.2 4621.88 1471.8 1037.88
threshold=3.2934920787811284 -1.6905580163002012 -1.6769025325775144 -1.2386001944541929 -1.1536921858787534 1.6160847544670107 1.6315463185310366 -0.58386245369911183 0.39998349547386175 0.66201218962669384 1.0098809599876406 2.1403487920761113 1.8295560479164126 0.92707434296607982 -0.13407536596059796 0.83773630857467662 -0.96746560931205738 -0.92192900180816639 -0.41137760877609247 0.071945838630199446 0.95806521177291881 0.45624069869518286 0.40936382114887243 -0.30386248230934138 -0.41597388684749598 -0.52172148227691639 -0.04747705161571502 -0.30422385036945337 -0.44540180265903467 1.942263722419739 -0.28910261392593378 2.4872610569000249 0.77898994088172924 -0.428845465183258 -0.16954220086336133 -0.56966906785964955 -0.5110393464565276 -0.72747644782066334 -0.04748625494539737
decision_type=2 2 2 2 2 2 2 2 2 2 2 2 2 2 2 2 2 2 2 2 2 2 2 2 2 2 2 2 2 2 2 2 2 2 2 2 2 2 2
left_child=1 -1 -3 19 -5 6 7 8 9 13 11 12 16 15 29 33 28 -18 -14 -4 21 22 23 -19 25 27 -27 -25 -9 -7 -22 32 34 -6 -26 37 -37 -36 -38
right_child=-2 2 3 4 5 14 -8 10 -10 -11 -12 -13 18 -15 -16 -17 17 20 -20 -21 30 -23 -24 24 31 26 -28 -29 -30 -31 -32 -33 -34 -35 35 36 38 -39 -40
leaf_value=-0.70556803023815151 0.93611517970760671 0.87774350289945247 -0.21589376635096047 0.62438696760397694 -0.01617185177547591 0.040926718215147657 1.724012224301696 0.22184148959815506 1.8142374235572238 1.3186274674907328 -0.67670414722279504 -0.69220821797847754 -0.14530966739085588 -0.53515221029520033 -0.57171947434544568 0.3203364110128446 0.38312286260800488 -0.16624511208307621 -0.70477322697639466 -0.6386100115169856 -0.042344962918887973 -0.12873776947684362 0.5067163046287454 0.42285645678639416 -0.082689337405775276 0.21434671192458185 1.4539618944376709 -0.15191511427983642 -0.18295960833941319 -0.39753824787007441 -0.41795281571420762 -0.32471348798274996 0.36089226633310317 -0.22252944926682272 0.026307535397283963 0.80752185970544821 -0.095304289613576509 -0.48229885244369508 0.079881839019610004
leaf_weight=25 24 27 89 26 105 33 20 20 33 20 38 20 22 20 35 22 39 96 20 22 46 165 23 24 217 33 20 80 163 27 33 25 20 95 33 20 119 25 292
leaf_count=25 24 27 89 26 105 33 20 20 33 20 38 20 22 20 35 22 39 96 20 22 46 165 23 24 217 33 20 80 163 27 33 25 20 95 33 20 119 25 292
internal_value=6.11706e-11 -0.0102494 -0.00222776 -0.0133302 0.00233481 -0.00573976 0.00937966 -0.00878382 0.202537 -0.000463496 -0.0479173 -0.0325514 -0.0239566 -0.109479 -0.309401 -0.0711304 -0.0130483 0.00450728 -0.411721 -0.299675 -0.00711035 0.00562337 0.0272101 0.0162254 0.0355175 0.217503 0.682126 -0.0192755 -0.138719 -0.156383 -0.199244 -0.00252753 0.00856703 -0.114192 -0.00141386 0.0346532 0.0652778 -0.192919 0.0291588
internal_weight=2216 2192 2167 2140 2029 2003 1908 1888 295 262 1593 1555 1535 242 95 222 1493 1310 42 111 1271 1192 1027 1004 908 157 53 104 183 60 79 751 726 200 706 489 431 58 411
internal_count=2216 2192 2167 2140 2029 2003 1908 1888 295 262 1593 1555 1535 242 95 222 1493 1310 42 111 1271 1192 1027 1004 908 157 53 104 183 60 79 751 726 200 706 489 431 58 411
is_linear=0
shrinkage=0.05


Tree=99
num_leaves=40
num_cat=0
split_feature=28 4 16 0 0 4 29 7 11 9 5 28 0 14 30 12 33 30 33 29 4 30 33 31 3 18 21 2 24 14 19 20 18 27 29 3 30 5 24
split_gain=7896.05 22229.8 9769.95 3410.75 29352.3 69643.1 7047.99 3973.09 5147.47 21554.2 4206.35 3528.61 2994.96 14440.5 7091.31 2983.33 2911.15 2846.29 2365.21 1616.64 1535.34 1534.13 2111.4 1434.16 1240.21 1088.45 5617.84 1168.53 1567.52 11048.6 2119.93 8428.37 2164.26 1195.92 1039.09 1670.65 992.243 982.365 924.408
threshold=-1.5452485680580137 0.2291599586606026 -1.5581622719764707 -0.73285263776779164 -0.66076958179473866 -0.80112382769584645 1.6874600648880007 2.1604351997375493 1.3154855370521548 1.2217946052551272 3.3049092292785649 -1.4092527627944944 -0.57419842481613148 -0.095148753374814973 1.0098809599876406 0.88168898224830639 -0.047398863360285752 0.86204820871353161 -0.047481616958975785 1.0458561778068545 2.0844084024429326 -0.42359459400176996 -0.047486949712038033 -0.8221202790737151 -0.25345492362976069 -0.59442287683486927 -0.59028106927871693 1.1408391594886782 -0.08650359138846396 -0.11140927299857138 1.0000000180025095e-35 -0.10507600754499434 0.31813330948352819 1.129075884819031 -0.13055463135242459 1.0000000180025095e-35 0.3456332534551621 -0.086038753390312181 0.30777157843112951
decision_type=2 2 2 2 2 2 2 2 2 2 2 2 2 2 2 2 2 2 2 2 2 2 2 2 2 2 2 2 2 2 2 2 2 2 2 2 2 2 2
left_child=1 -1 16 17 5 -5 7 8 9 10 11 -6 13 -13 15 19 -2 21 36 20 25 22 -4 -23 -18 -14 -27 28 29 30 31 34 -32 -29 -28 -36 -10 -17 -25
right_child=2 -3 3 4 6 -7 -8 -9 18 -11 -12 12 14 -15 -16 37 24 -19 -20 -21 -22 23 -24 38 -26 26 27 33 -30 -31 32 -33 -34 -35 35 -37 -38 -39 -40
leaf_value=-0.33841503548622132 -1.0351671509742737 1.8980335362255574 -0.034205521643161776 3.5382477802038199 0.64200784474611283 0.05697440179977932 -0.89182163585316054 0.6107549682811455 -0.39879122016758756 1.4769147218465806 0.71398625493049628 -0.3477961562201381 -0.094860615711363547 1.0772294233203865 -0.98011553645133975 -0.14386036360734386 -0.094642349197105929 -0.64180735754578011 -0.75498032309114937 0.38083251127256801 -0.29452102194384983 -0.020529237571806039 -0.72071402172247578 -0.14156276452355088 -0.63866288930177695 0.83153307900010121 -0.19552471237973526 -0.29207377292953124 -0.032195371488744927 1.2234293169918515 -0.43773731429402424 1.0824941723048687 0.1211210564772288 0.13197967319384865 0.45609193010763688 -0.094115954758347692 0.018499137687363797 -0.49674776774354101 -0.55788769438862806
leaf_weight=25 25 20 24 20 20 51 22 27 29 25 20 40 252 32 20 38 22 23 28 26 48 463 21 40 20 21 52 60 419 21 41 20 30 23 22 37 28 41 20
leaf_count=25 25 20 24 20 20 51 22 27 29 25 20 40 252 32 20 38 22 23 28 26 48 463 21 40 20 21 52 60 419 21 41 20 30 23 22 37 28 41 20
internal_value=5.24604e-11 0.655562 -0.0135883 0.00533948 0.0451269 1.03761 -0.00374035 0.0100187 -0.00162519 0.0228766 -0.00545622 -0.0168488 -0.0274499 0.285549 -0.0466949 -0.0304756 -0.607979 -0.0965191 -0.378664 -0.00862318 -0.0183037 -0.0744388 -0.354576 -0.0503352 -0.3537 -0.00501872 0.02533 0.00197792 0.024802 0.131896 0.0184195 0.137667 -0.2016 -0.174565 -0.0325725 0.111046 -0.193806 -0.327004 -0.280338
internal_weight=2216 45 2171 2104 1513 71 1442 1420 1393 1308 1283 1263 1243 72 1171 1151 67 591 85 1072 1046 568 45 523 42 998 746 725 642 223 202 131 71 83 111 59 57 79 60
internal_count=2216 45 2171 2104 1513 71 1442 1420 1393 1308 1283 1263 1243 72 1171 1151 67 591 85 1072 1046 568 45 523 42 998 746 725 642 223 202 131 71 83 111 59 57 79 60
is_linear=0
shrinkage=0.05


Tree=100
num_leaves=40
num_cat=0
split_feature=29 30 30 30 30 30 18 31 27 18 15 25 16 16 7 7 11 10 7 28 28 27 9 0 31 6 5 29 29 4 5 0 0 0 5 29 4 27 4
split_gain=8013.83 4377.86 7319.24 4326.5 9153.62 5127.06 4138.16 2886.52 2466.72 2185.23 1966.41 10465.8 3230.85 8933.79 2081.45 7317.2 2842.76 2319.83 2117.75 1939.16 10995.2 1317.08 1294.41 1082.77 7908.6 1054.16 1018.15 1013.41 3314.9 940.449 1307.9 1983.74 1380.06 1526.4 1334.6 995.068 1243.11 3129.9 1288.29
threshold=3.2934920787811284 -0.95633739233016957 -0.81057617068290699 1.3463437557220461 1.0567454695701601 0.9120679795742036 -1.5910865664482114 2.9253710508346562 -1.9179521799087522 -1.5357653498649595 2.6080495119094853 2.2338776588439946 1.9227706193923952 1.7777344584465029 1.2180948853492739 1.1032164096832278 1.1336319446563723 1.5550780892372134 1.5819175839424136 -1.2388885617256162 -1.179234445095062 -0.54561036825180043 -1.2198464870452879 0.94580569863319408 0.83366858959198009 0.95694646239280712 -0.068570896983146654 -0.5066140592098235 -0.44785918295383448 -0.86259660124778736 -0.36989144980907435 -0.19822186976671216 -0.95965483784675587 -0.64681804180145253 -0.44194637238979334 -0.11295622587203978 0.55250677466392528 0.58590245246887218 -0.42245151102542872
decision_type=2 2 2 2 2 2 2 2 2 2 2 2 2 2 2 2 2 2 2 2 2 2 2 2 2 2 2 2 2 2 2 2 2 2 2 2 2 2 2
left_child=1 8 -3 4 5 6 -4 9 -1 -8 11 12 13 14 15 16 19 18 21 -11 -21 -16 -22 24 25 27 -19 -24 -29 30 31 32 34 -34 -30 -31 38 -38 -37
right_child=-2 2 3 -5 -6 -7 7 -9 -10 10 -12 -13 -14 -15 17 -17 -18 26 -20 20 22 -23 23 -25 -26 -27 -28 28 29 35 -32 -33 33 -35 -36 36 37 -39 -40
leaf_value=-0.81674663374821344 0.90869864597916605 0.8361721578698893 -0.54367387278212442 0.7061658950079055 -0.98594884375731151 0.7227305715282758 0.48654507330872798 0.58032066566603524 -0.17849908104030099 -0.3084255650329093 -0.40962223905709483 1.129611610621214 -0.54387706066000052 1.0134302133782989 -0.50289058028296985 0.72858005292487871 -0.46912445251962964 0.11354661645988624 -0.86104550749063502 1.0365591325759886 -0.34561953832705816 0.057736554145812996 -0.1303811090368725 -0.11304333597067424 0.79283220878531857 -0.21159644502859851 -0.27494759566078963 0.49757537236985039 -0.035651892487695264 -0.05558332442222829 -0.20951117322894564 0.46020887806302024 -0.62108023434877402 -0.035042071737349037 0.38876810098687808 0.13820011857005962 0.034775964222077668 0.67848732588546623 -0.050867604675331135
leaf_weight=24 24 26 36 21 24 24 22 21 41 54 31 20 29 21 22 33 35 48 20 25 30 20 142 234 31 65 26 34 157 224 114 21 20 25 21 162 58 28 203
leaf_count=24 24 26 36 21 24 24 22 21 41 54 31 20 29 21 22 33 35 48 20 25 30 20 142 234 31 65 26 34 157 224 114 21 20 25 21 162 58 28 203
internal_value=-1.34558e-09 -0.00994926 0.0024032 -0.00791474 -0.0151242 -0.00379162 -0.0123726 -0.00279001 -0.41416 -0.00899017 -0.0145722 -0.00820046 -0.0201648 -0.0120561 -0.0236842 -0.00876162 -0.0232193 -0.211972 -0.437577 -0.0137492 -0.00376647 -0.235925 -0.0203427 -0.014002 0.00375708 -0.0154433 -0.0229513 -0.00489746 0.0118023 -0.00418633 -0.0696949 -0.00437085 -0.0481205 -0.295503 0.0144201 0.0305575 0.0733413 0.244356 0.0330474
internal_weight=2216 2192 2127 2101 2080 2056 2032 1996 65 1975 1953 1922 1902 1873 1852 1716 1683 136 62 1648 1594 42 1569 1539 1305 1274 74 1209 1067 1033 358 244 223 45 178 675 451 86 365
internal_count=2216 2192 2127 2101 2080 2056 2032 1996 65 1975 1953 1922 1902 1873 1852 1716 1683 136 62 1648 1594 42 1569 1539 1305 1274 74 1209 1067 1033 358 244 223 45 178 675 451 86 365
is_linear=0
shrinkage=0.05


Tree=101
num_leaves=40
num_cat=0
split_feature=30 6 18 24 29 30 33 30 3 5 5 14 11 7 27 6 31 3 0 21 20 30 16 17 24 29 18 5 6 29 6 29 5 0 11 7 5 27 30
split_gain=8173.07 3983.8 5830.11 2945.57 2869.76 9383.51 3126.83 2510.02 8895.68 3391.09 39397.5 7133.61 5138.04 3744.5 2742.42 2575.71 2520.43 2090.47 2766.25 2272.43 6241.17 1978.78 2310.31 1990.54 1725.4 1710.57 1644.08 1419.07 1388.2 1034.33 1293.65 1217.59 958.106 1249.18 1353.36 3346.75 1046.73 957.543 875.606
threshold=-2.4608415365219112 4.711318016052247 -1.5910865664482114 -1.4537886977195738 0.7793947458267213 1.0098809599876406 -0.047405436635017388 0.3407531082630158 2.5976400375366215 0.068988487124443068 0.12139206379652025 1.4663060307502749 0.99067720770835888 0.94995784759521495 -1.1976896524429319 2.7452282905578618 1.2981519699096682 -0.61173656582832325 -0.40803180634975428 0.13452491164207461 -0.10507600754499434 1.0098809599876406 -1.2818565368652342 -0.75296401977539051 0.46359659731388098 -0.48707868158817286 0.34971643984317785 -0.54893699288368214 0.84909567236900341 -0.48707868158817286 1.5982211828231814 -0.41597388684749598 -0.28473563492298121 0.1054927632212639 -0.30027924478054041 -0.68762329220771778 1.1760140061378481 -0.52565717697143544 0.04537161439657212
decision_type=2 2 2 2 2 2 2 2 2 2 2 2 2 2 2 2 2 2 2 2 2 2 2 2 2 2 2 2 2 2 2 2 2 2 2 2 2 2 2
left_child=-1 2 3 -2 5 6 7 8 9 13 -11 12 17 14 -4 29 32 -12 -19 20 25 22 -6 -24 -18 -20 -21 28 -15 -16 31 -31 33 34 35 -9 37 -34 -28
right_child=1 -3 4 -5 21 -7 -8 16 -10 10 11 -13 -14 27 15 -17 24 18 19 26 -22 -23 23 -25 -26 -27 38 -29 -30 30 -32 -33 36 -35 -36 -37 -38 -39 -40
leaf_value=0.88127863498834458 -0.10919318225072779 0.69198130920529366 0.4317953362233109 -0.86127990643183405 -0.46666424863751194 0.93828858854594055 0.60646609511403815 -0.066361570519141183 1.0004951272321785 2.2993920318409802 -0.39494718047124999 0.92949287217110399 -0.73208418178558354 -0.04060209810635762 -0.15346038328276743 0.54764589503407479 -0.14835205321962183 0.59615106816318908 0.33226062015250879 -0.51206402916174676 0.87526016607880597 -0.63717495928639956 0.27576453175983934 -0.18672457384566465 -0.76771588957180148 -0.12522746751173622 0.12246845363563784 -0.45616548636863974 -0.47679962490995725 0.27940624446608125 -0.30880825447313714 -0.0046790019303289739 -0.52727970007968983 -0.22919506718422855 -0.034499324613383835 0.71933497151602876 0.06384377893256514 -0.16948180892178788 -0.21924522117172418
leaf_weight=26 23 20 36 30 38 27 21 33 23 20 28 20 25 76 135 20 22 22 27 26 24 23 38 60 23 84 37 58 24 40 33 661 23 51 140 23 38 100 38
leaf_count=26 23 20 36 30 38 27 21 33 23 20 28 20 25 76 135 20 22 22 27 26 24 23 38 60 23 84 37 58 24 40 33 661 23 51 140 23 38 100 38
internal_value=-2.8096e-09 -0.0104627 -0.0169368 -0.534903 -0.00396931 0.0126198 -0.000323221 -0.00699473 0.0249656 0.00931906 0.144379 0.0141664 -0.044697 -0.0344537 0.00397098 -0.0133537 -0.10979 0.0153893 0.0599219 0.00993442 0.144135 -0.208256 -0.135718 -0.00739206 -0.464916 -0.0139466 -0.169442 -0.259409 -0.14529 -0.0262651 -0.0028709 0.0115313 -0.0706216 -0.00876146 0.0485963 0.256335 -0.165525 -0.236387 -0.0506665
internal_weight=2216 2190 2170 53 2117 1958 1931 1910 1457 1434 351 331 311 1083 925 889 453 286 258 236 135 159 136 98 45 111 101 158 100 869 734 701 408 247 196 56 161 123 75
internal_count=2216 2190 2170 53 2117 1958 1931 1910 1457 1434 351 331 311 1083 925 889 453 286 258 236 135 159 136 98 45 111 101 158 100 869 734 701 408 247 196 56 161 123 75
is_linear=0
shrinkage=0.05


Tree=102
num_leaves=40
num_cat=0
split_feature=27 18 29 7 30 28 14 14 12 23 4 5 28 22 15 5 8 29 27 30 29 29 33 27 29 0 28 29 8 10 12 29 30 29 29 30 30 3 0
split_gain=7785.06 6257.46 16305 12436 3353.51 2712.84 2698.96 26809 4352.29 13776.3 4511.24 3660.5 2687.58 3970.53 1633.94 1474.61 1227.99 1424.82 1151.4 1752.37 1983.84 5225.55 9221.1 3651.91 1209.83 1127.86 1077.23 1989.8 1071.29 1792.95 1288.74 1049.64 891.289 886.077 1660.76 909.989 882.267 909.465 863.048
threshold=-2.1934885978698726 -1.2136644124984739 3.2934920787811284 -1.1821424365043638 1.0098809599876406 -1.2250468134880064 1.5510139465332033 1.4366199374198916 1.1007702946662905 1.0408725142478945 2.1403487920761113 0.30262109637260443 -1.449693977832794 -1.6634678840637205 1.8295560479164126 2.941359400749207 -1.0609564185142515 1.0929369330406191 -0.46763706207275385 -0.31357385218143458 -0.41597388684749598 -0.52172148227691639 -0.047476824373006814 -0.26530010998249048 -0.31589841842651362 0.14126598089933398 1.6180556416511538 -0.048883771523833268 -1.1999563574790952 -1.1261851787567136 -1.3265537619590757 -0.1032198630273342 0.25510999560356146 0.48048157989978796 0.42881171405315405 0.41877903044223791 -0.13500295579433438 1.1727815270423891 -0.57419842481613148
decision_type=2 2 2 2 2 2 2 2 2 2 2 2 2 2 2 2 2 2 2 2 2 2 2 2 2 2 2 2 2 2 2 2 2 2 2 2 2 2 2
left_child=-1 2 12 -3 5 -5 7 8 9 10 14 32 -2 -14 15 16 -7 18 36 24 21 23 -23 -21 -20 28 27 -8 30 -30 -15 -26 -10 34 -22 38 -18 -38 -35
right_child=1 3 -4 4 -6 6 26 -9 11 -11 -12 -13 13 25 -16 -17 17 -19 19 20 33 22 -24 -25 31 -27 -28 -29 29 -31 -32 -33 -34 35 -36 -37 37 -39 -40
leaf_value=0.73979258281844007 -0.50369775518774984 1.2581989174336197 -1.550317835875533 0.41998816454732746 0.49709005829165964 -0.30207591285515162 0.0086498342585145382 1.7373233562166039 -0.3206955014048396 1.3039709094632419 0.72978204995393758 -0.85545284716555714 0.60521404885110408 0.029544887108107411 -0.41151247355673048 -0.4353401249363309 0.050018681263601462 0.40238860618500483 -0.42242648737771171 0.59442883491516108 0.0073600449388053412 0.10872464731738374 1.4412729465961458 -0.15406090107492426 0.23355461032617664 -0.37700028440782002 -0.49480211446061734 -0.53406787862380345 0.48070243924856187 -0.094486925768710317 -0.43015620673616084 -0.18197931370951914 0.046041923811038339 -0.47038717546189829 0.43864747784707858 0.07527883192285513 -0.1939874456482048 0.074204942780105684 -0.11561804098930831
leaf_weight=35 38 20 22 37 34 36 57 22 37 20 20 26 21 30 27 21 74 21 35 20 756 37 20 88 21 35 32 24 20 42 31 55 30 24 23 39 188 38 60
leaf_count=35 38 20 22 37 34 36 57 22 37 20 20 26 21 30 27 21 74 21 35 20 756 37 20 88 21 35 32 24 20 42 31 55 30 24 23 39 188 38 60
internal_value=1.43691e-10 -0.011872 -0.253288 0.0178389 0.00493195 -0.00393107 -0.0124049 0.00299012 -0.0192449 -0.000183629 -0.0164551 -0.351895 -0.121792 -0.0407174 -0.0258832 -0.0191917 -0.0134984 -0.00656796 -0.0123786 0.00989213 0.0295615 0.188967 0.576285 -0.0154517 -0.179181 -0.126569 -0.249188 -0.152155 -0.0553081 0.091058 -0.204074 -0.0671607 -0.156485 0.00040198 0.0200938 -0.124313 -0.0998282 -0.148893 -0.216981
internal_weight=2216 2181 239 1942 1922 1888 1851 1738 1716 1623 1603 93 217 179 1583 1556 1535 1499 1478 1178 1067 165 57 108 111 158 113 81 123 62 61 76 67 902 779 123 300 226 84
internal_count=2216 2181 239 1942 1922 1888 1851 1738 1716 1623 1603 93 217 179 1583 1556 1535 1499 1478 1178 1067 165 57 108 111 158 113 81 123 62 61 76 67 902 779 123 300 226 84
is_linear=0
shrinkage=0.05


Tree=103
num_leaves=40
num_cat=0
split_feature=29 21 19 33 4 33 26 5 5 30 7 21 5 30 11 27 7 7 9 29 6 13 28 8 9 9 7 7 29 0 30 29 13 18 33 6 14 2 26
split_gain=8509.7 4600.24 8128.11 2925.18 6450.19 3215.17 6671.95 3461.97 7302.41 23106 21164.3 10201.9 10012.4 4151.95 2139.97 2033.49 1615.96 1583.91 3139.24 1518.25 1502.28 1463.32 1418.34 1404.13 1782.5 2762.29 1389.57 3093.41 1369.86 1196.18 1091.78 1071.36 1027.28 986.63 889.38 843.624 834.885 827.477 831.445
threshold=3.2934920787811284 -1.6710991859436033 -1.5992504954338072 -0.047459915280342095 2.1176037788391118 -0.047462873160839074 -0.71250838041305531 0.93583095073699962 -0.35242359340190882 0.83155819773674022 1.6315463185310366 -1.0440135598182676 0.700014889240265 1.0098809599876406 1.1336319446563723 -0.68579265475273121 0.71246248483657848 1.6315463185310366 1.7497252821922304 0.91963148117065441 2.872025847434998 0.56465253233909618 0.96372437477111828 0.95140758156776439 0.39516223967075353 0.53685480356216442 -0.36946609616279596 -0.46351563930511469 -0.06245355308055877 2.798500776290894 0.12937202304601672 -0.75858324766159047 -0.35047191381454462 0.27221375703811651 -0.047485418617725365 0.84909567236900341 0.17558212578296664 2.2576968073844914 -0.65281412005424488
decision_type=2 2 2 2 2 2 2 2 2 2 2 2 2 2 2 2 2 2 2 2 2 2 2 2 2 2 2 2 2 2 2 2 2 2 2 2 2 2 2
left_child=1 31 -3 4 5 7 -7 8 13 10 11 -10 15 17 16 28 21 19 -19 20 35 -9 -20 24 26 -26 27 -17 -13 33 -25 -1 -28 -5 -34 37 -36 38 -4
right_child=-2 2 3 29 -6 6 -8 14 9 -11 -12 12 -14 -15 -16 23 -18 18 22 -21 -22 -23 -24 30 25 -27 32 -29 -30 -31 -32 -33 34 -35 36 -37 -38 -39 -40
leaf_value=-0.75504714198734457 0.93639028767744703 0.9561280470002782 -0.12234894222324821 -0.15742521931779041 0.90616341978311543 1.0138684541796861 -0.21880802114804587 -0.13496622568151603 1.0118338400833309 1.7944395741536505 1.5503014765679837 -0.17392485797405244 0.77418722013632468 -0.70844486653804783 -0.58012988939881327 -0.078001345155408255 0.20718898868986538 -0.8015576215088368 0.14422128889709712 -0.3599581498088259 0.41378458911553029 -0.60509677015244967 -0.37729840021241801 -0.5929994851350785 0.68698151367051263 -0.0074996622734599646 -0.44230681886630396 0.60958110972174584 -0.70045532748280537 -0.51338553868911485 -0.082570411671291699 -0.25467506974935533 -0.38508346496770779 0.20798038065433505 0.063329631823933488 -0.17531861136889174 -0.2178484530611472 0.24022146733477712 0.0057454728554769581
leaf_weight=23 24 22 157 242 20 23 21 96 25 21 24 30 36 24 33 74 28 20 32 33 20 20 22 20 21 45 28 21 21 22 22 20 24 20 66 84 44 32 656
leaf_count=23 24 22 157 242 20 23 21 96 25 21 24 30 36 24 33 74 28 20 32 33 20 20 22 20 21 45 28 21 21 22 22 20 24 20 66 84 44 32 656
internal_value=1.81139e-09 -0.0102524 -6.411e-06 -0.00989591 0.0131216 0.00332414 0.425546 -0.00711866 0.0160659 0.169615 0.101509 0.0286138 -0.0257678 -0.0581497 -0.216959 -0.0949947 -0.133732 -0.0433703 -0.266441 -0.0265604 -0.0149671 -0.216023 -0.0682497 -0.0536725 -0.0183094 0.213472 -0.0778329 0.0739906 -0.390732 -0.159267 -0.325632 -0.522316 -0.166865 -0.129532 -0.10931 -0.0241974 -0.0491416 -0.00917475 -0.0189911
internal_weight=2216 2192 2149 2127 1843 1823 44 1779 1602 522 501 477 452 1080 177 416 144 1056 74 982 949 116 54 365 323 66 257 95 51 284 42 43 162 262 134 929 110 845 813
internal_count=2216 2192 2149 2127 1843 1823 44 1779 1602 522 501 477 452 1080 177 416 144 1056 74 982 949 116 54 365 323 66 257 95 51 284 42 43 162 262 134 929 110 845 813
is_linear=0
shrinkage=0.05


Tree=104
num_leaves=40
num_cat=0
split_feature=29 30 30 20 11 7 27 29 3 16 30 21 20 4 27 8 5 28 29 29 28 7 4 5 29 27 22 30 30 28 6 28 21 28 28 3 33 33 4
split_gain=7680 4341.58 7831.9 3856.38 2768.67 16230 6271.46 34063.6 75502 76837.8 5397.37 4113.62 3345.24 2655.44 2587.33 2407.68 1666.09 1375.22 1219.07 1095.89 1073.84 1452.98 944.949 1326.55 1460.8 1316.64 1448.25 1114.71 2576.1 7174.72 1522.46 1081.93 953.39 845.53 7639.94 1690.2 1118.4 4396.99 7756.66
threshold=3.2934920787811284 -0.88363802433013905 -0.7744469642639159 -1.6137911677360532 1.6160847544670107 1.6315463185310366 -0.58386245369911183 -0.0043747618328779927 -0.27481402456760401 -0.58120349049568165 1.0098809599876406 -1.105047285556793 0.23246715962886813 2.1268247365951543 -1.9179521799087522 1.2154778838157656 -0.13407536596059796 -0.93786162137985218 -0.46601891517639155 -0.2366850674152374 -1.197591185569763 0.89212873578071605 -1.0347204208374021 -0.52928563952445973 0.10849614441394807 0.62084874510765087 -0.28413601219654078 -0.31357385218143458 -0.18065495789051053 0.35367526113986975 2.3750380277633671 -0.6052526831626891 -0.76048660278320301 -0.10105438902974127 -0.14348310977220533 0.90682631731033336 -0.047485232353210442 -0.047486646100878709 -0.53064361214637745
decision_type=2 2 2 2 2 2 2 2 2 2 2 2 2 2 2 2 2 2 2 2 2 2 2 2 2 2 2 2 2 2 2 2 2 2 2 2 2 2 2
left_child=1 14 -3 -4 5 6 7 12 11 -10 13 -9 20 15 -1 22 18 -13 -6 -20 -5 -22 23 24 -8 26 31 -24 29 32 33 -25 -29 34 35 -30 37 -35 -39
right_child=-2 2 3 4 16 -7 10 8 9 -11 -12 17 -14 -15 -16 -17 -18 -19 19 -21 21 -23 27 25 -26 -27 -28 28 30 -31 -32 -33 -34 36 -36 -37 -38 38 -40
leaf_value=-0.81293711215257647 0.88957072670261061 0.86586475991285772 -0.56083056205703374 -0.24653235170990229 -0.43837765008211138 1.2811667630076409 -0.099655200973633798 0.55940684318542488 0.54632995995608247 4.8284184175357225 -0.63344900125245518 -0.60839354008436208 -0.65365866617909796 -0.54116014957427983 -0.18136808124184611 -0.40922291867243943 -0.49552919656038291 -0.09128271718897546 0.3145753149688244 -0.13872372275218367 -0.069990690482700305 0.37873277327134497 -0.13271363121027557 -0.093009604278363689 0.44843901708722123 -0.43918349604449558 -0.26355082759012782 0.2859995880071074 -0.026429997913166883 0.92676810105812957 -0.3124615051734605 0.33580436251747114 -0.12131916425537831 -0.060877754946848675 1.024321499094367 0.41284682316084703 -0.065603893318688433 1.1854017234661363 -0.012715890961033958
leaf_weight=24 24 26 31 68 20 25 31 20 22 20 38 20 29 25 50 39 40 36 20 40 128 21 130 38 20 37 66 20 250 29 38 24 51 162 20 24 453 22 35
leaf_count=24 24 26 31 68 20 25 31 20 22 20 38 20 29 25 50 39 40 36 20 40 128 21 130 38 20 37 66 20 250 29 38 24 51 162 20 24 453 22 35
internal_value=1.32102e-10 -0.00973983 0.00341322 -0.00730559 0.00102012 0.0154295 -0.00108588 0.185703 0.884082 2.58542 -0.0448947 -0.0561304 -0.149292 -0.0301225 -0.386201 -0.0215423 -0.232051 -0.275965 -0.100312 0.012376 -0.0818877 -0.00674779 -0.011115 -0.107591 0.115284 -0.17648 -0.100542 0.00577225 0.0220795 0.26409 -0.00202516 0.0729829 -0.00658149 0.0101866 0.080909 0.0120468 -0.0207544 0.0720164 0.449715
internal_weight=2216 2192 2118 2092 2061 1941 1916 364 118 42 1552 76 246 1514 74 1489 120 56 80 60 217 149 1450 216 51 165 128 1234 1104 100 1004 62 71 966 294 274 672 219 57
internal_count=2216 2192 2118 2092 2061 1941 1916 364 118 42 1552 76 246 1514 74 1489 120 56 80 60 217 149 1450 216 51 165 128 1234 1104 100 1004 62 71 966 294 274 672 219 57
is_linear=0
shrinkage=0.05


Tree=105
num_leaves=40
num_cat=0
split_feature=27 18 29 7 30 28 31 28 22 29 22 4 31 7 8 12 5 5 10 6 5 10 22 13 12 15 22 22 21 17 15 18 15 33 20 33 29 33 29
split_gain=7959.86 5911.54 16822.4 11528.3 3006.6 2619.25 2580.27 2503.7 3732.98 2096.9 27982.7 4103.8 5643.01 2946.91 7660.63 1854.9 1676.29 1810.84 1630.45 1199.78 1109.97 1679.84 1309.43 1057.62 2679.07 1209.75 1337.14 1145.08 2514.53 1255.54 1024.27 970.275 912.519 4371.95 5737.06 1133.05 2288.29 2269.08 1613.58
threshold=-2.1934885978698726 -1.2136644124984739 3.2934920787811284 -1.1821424365043638 1.0098809599876406 -1.2250468134880064 2.9253710508346562 -1.449693977832794 -1.6634678840637205 -0.51274108886718739 1.4917302131652834 0.38960391283035284 0.9533381760120393 1.1276233196258547 1.1794789433479311 0.91939166188240062 -0.13407536596059796 0.42817132174968725 0.95806521177291881 2.4872610569000249 -0.46159771084785456 -1.2391423583030698 -1.4398415088653562 -0.95354408025741566 -0.92192900180816639 -0.832698494195938 -0.76993945240974415 -0.62284919619560231 -0.55546247959136952 -0.67748939990997303 0.91597193479537975 -0.43124844133853907 -0.19662933796644208 -0.047476824373006814 -0.24724111706018445 -0.04748056270182132 -0.42408676445484156 -0.047481402754783623 -0.38030593097209925
decision_type=2 2 2 2 2 2 2 2 2 2 2 2 2 2 2 2 2 2 2 2 2 2 2 2 2 2 2 2 2 2 2 2 2 2 2 2 2 2 2
left_child=-1 2 7 -3 5 -5 9 -2 -9 10 11 15 -13 14 18 -7 -15 -18 19 23 21 -10 -22 -11 -25 -26 -27 29 -29 -28 -20 -30 33 -33 -35 37 -37 38 -34
right_child=1 3 -4 4 -6 6 -8 8 20 13 -12 12 -14 16 -16 -17 17 -19 30 -21 22 -23 -24 24 25 26 27 28 31 -31 -32 32 35 34 -36 36 -38 -39 -40
leaf_value=0.74805164635181431 -0.48169640592838592 1.2111080085486174 -1.5640999796715649 0.41259732637050989 0.47045376581304216 -0.11868050768832439 0.53880830559702153 0.59147602944147015 -0.21847394255266803 -0.17634872923513034 1.9098085767030719 0.69756176648913204 -0.21696880726564316 -0.13344163298606873 0.93101465815589535 -0.63488657352369049 -0.82359076345508753 -0.21740572971424887 -0.48061591172590856 -0.28987281089648603 -0.065942634480155041 0.25483251233634197 -0.46549145899511668 0.5126152058839798 -0.2007479446247602 0.29053179654292766 0.082457262575626383 0.4553529970596234 -0.17624071549391374 -0.41680476777255537 -0.048508915305137637 -0.068676039068536324 0.40267816682656604 0.036741211337427936 1.0789794356926627 -0.60589187607169159 -0.054031512175587194 0.47106639317103793 -0.020317446189695942
leaf_weight=35 38 20 22 37 34 134 21 21 37 91 20 37 31 107 21 20 22 28 32 40 46 38 37 25 78 39 20 30 80 34 24 110 24 31 23 20 309 28 372
leaf_count=35 38 20 22 37 34 134 21 21 37 91 20 37 31 107 21 20 22 28 32 40 46 38 37 25 78 39 20 30 80 34 24 110 24 31 23 20 309 28 372
internal_value=-1.55448e-09 -0.0120045 -0.246653 0.0168735 0.00444648 -0.0039456 -0.012272 -0.113087 -0.0348349 -0.0185958 0.118508 -0.0428701 0.280643 -0.0394895 -0.0169286 -0.18572 -0.245125 -0.484127 -0.0310469 -0.0201124 -0.118079 0.0213347 -0.244055 -0.0119005 0.000335656 -0.0103547 0.00290488 -0.00747204 0.00432808 -0.231893 -0.295427 -0.00924338 0.00532564 0.112202 0.480657 -0.0179516 -0.0875793 0.0360756 0.00531865
internal_weight=2216 2181 239 1942 1922 1888 1851 217 179 1830 242 222 68 1588 1431 154 157 50 1410 1354 158 75 83 1314 1223 1198 1120 1081 1027 54 56 997 917 164 54 753 329 424 396
internal_count=2216 2181 239 1942 1922 1888 1851 217 179 1830 242 222 68 1588 1431 154 157 50 1410 1354 158 75 83 1314 1223 1198 1120 1081 1027 54 56 997 917 164 54 753 329 424 396
is_linear=0
shrinkage=0.05


Tree=106
num_leaves=40
num_cat=0
split_feature=29 22 19 29 29 27 3 29 27 27 30 17 24 4 33 6 31 13 26 7 4 5 0 3 12 15 16 30 16 22 10 17 0 16 13 8 33 17 27
split_gain=8084.54 4263.11 7485.73 2981.02 7250.13 44781.7 130110 5093.69 4916.91 13342.3 4223.95 4207.31 34208.5 2911.61 2489.17 2175.12 2159.14 1855.5 1828.78 2383.29 1725.32 1707.96 1683.48 1492.8 1488.51 1331.2 7259.46 1093.56 1278.42 2817.87 6314.07 2060.05 1159.25 1082.54 1082.28 1767.34 1039.77 990.612 987.109
threshold=3.2934920787811284 -1.6923955082893369 -1.5992504954338072 0.24387346208095553 -0.0043747618328779927 -0.61005219817161549 -0.040552949532866471 0.21100564301013949 -0.6978810429573058 -0.51698425412178028 1.0098809599876406 1.8931055068969729 1.3891622424125674 2.0844084024429326 -0.047488911077380173 2.872025847434998 1.2160363197326662 0.88261732459068309 1.6058637499809267 1.5819175839424136 0.55250677466392528 -0.39609323441982264 0.56464204192161571 0.11722877249121667 2.4530591964721684 -0.57336550951004017 -0.50446477532386769 0.57472524046897899 0.099900886416435256 -0.17629089951515195 -0.15423948317766187 0.044704664498567588 1.6060004830360415 1.2582956552505495 -1.0601649880409239 -1.0263187885284422 -0.047335436567664139 0.32116328179836279 -0.4409260749816894
decision_type=2 2 2 2 2 2 2 2 2 2 2 2 2 2 2 2 2 2 2 2 2 2 2 2 2 2 2 2 2 2 2 2 2 2 2 2 2 2 2
left_child=1 36 -3 4 11 6 -6 16 21 -10 14 13 -13 15 -11 17 20 25 19 23 33 -5 -22 -19 -14 -4 -27 28 29 -28 -31 38 37 -7 -16 -36 -1 -30 -32
right_child=-2 2 3 8 5 7 -8 -9 9 10 -12 12 24 -15 34 -17 -18 18 -20 -21 22 -23 -24 -25 -26 26 27 -29 32 30 31 -33 -34 -35 35 -37 -38 -39 -40
leaf_value=-0.74315281185236848 0.91269844497243557 0.91744489778171889 -0.12048360069507157 -0.23517911471426489 -0.24849271939412967 -0.059890551128230253 4.7570065082609654 0.58370376708917326 1.0003728393997464 0.30399386002927237 -0.67782161440700295 1.9572515200484883 -0.76039013808423828 -0.54262546648581822 -0.32548263891176749 0.40850209785768626 -0.46856359946541493 -0.059831745867781783 0.048387518611091834 -0.73054254696919374 0.55702399589460005 -0.7931640664115549 -0.023003739503950911 -0.46967770994612668 -0.16439345657825472 0.74751869109459224 -0.077729104605293087 0.31326019980985187 -0.27486053839370256 1.0329708581879025 0.076858132920989947 0.43260927660898729 0.19757336954275767 -0.44743061959743502 0.34699309955943719 -0.11644261318731948 -0.25128148198127748 -0.074695720724188369 -0.39679032195020808
leaf_weight=22 24 22 261 24 37 182 20 32 28 38 32 22 22 30 55 26 32 68 52 26 22 32 29 33 20 32 155 23 84 21 22 22 30 20 22 317 21 234 22
leaf_count=22 24 22 261 24 37 182 20 32 28 38 32 22 22 30 55 26 32 68 52 26 22 32 29 33 20 32 155 23 84 21 22 22 30 20 22 317 21 234 22
internal_value=-1.92333e-09 -0.00999305 -0.000129592 -0.00962025 0.025251 0.217564 1.50782 -0.0144378 -0.110098 -0.0595693 -0.123531 -0.034438 0.360048 -0.0565651 -0.0824728 -0.0434402 -0.0815976 -0.0542702 -0.201374 -0.303638 -0.0326533 -0.554028 0.227204 -0.193742 -0.476582 -0.0252067 0.0133472 -0.0249782 -0.0381637 0.0500962 0.277831 0.037559 -0.0995399 -0.0982609 -0.119746 -0.0863671 -0.502937 -0.127569 -0.159966
internal_weight=2216 2192 2149 2127 1579 374 57 317 548 492 464 1205 64 1141 432 1111 285 1085 179 127 253 56 51 101 42 906 645 613 590 242 87 66 348 202 394 339 43 318 44
internal_count=2216 2192 2149 2127 1579 374 57 317 548 492 464 1205 64 1141 432 1111 285 1085 179 127 253 56 51 101 42 906 645 613 590 242 87 66 348 202 394 339 43 318 44
is_linear=0
shrinkage=0.05


Tree=107
num_leaves=40
num_cat=0
split_feature=15 20 11 12 5 29 29 27 3 27 27 30 22 13 10 29 3 29 6 33 31 29 5 4 0 4 12 28 3 7 30 3 29 11 10 33 18 19 16
split_gain=7754.48 7998.19 3645.08 9132.89 19943.1 2646.03 5758.36 42296.7 116164 4433.23 13057.8 4295.67 3829.05 4019.72 10349.2 2667.85 2202.59 2192.23 2176.83 2161.25 1957.3 1833.53 1800.62 1547.08 1519.34 1454.18 1415.62 1149 1778.27 1076.75 1009.82 1070.48 987.88 979.27 1650.79 2197.69 1064.97 4949.8 877.575
threshold=-1.584319472312927 -1.6137911677360532 -1.2946693301200864 -1.2313437461853025 -0.36552448570728296 0.24387346208095553 -0.0043747618328779927 -0.61005219817161549 -0.040552949532866471 -0.65585789084434498 -0.51698425412178028 1.0098809599876406 2.3331806659698491 0.90714541077613842 0.98985505104064953 0.21100564301013949 0.95643454790115368 0.7793947458267213 2.872025847434998 -0.047488911077380173 1.2160363197326662 -0.45463125407695765 -0.47797383368015284 0.55250677466392528 0.56464204192161571 2.0844084024429326 0.27156636118888861 1.0534136295318606 -0.25345492362976069 2.0837219953536992 0.14327270537614825 -0.32855626940727228 -0.9346151053905486 -1.0700143575668333 -0.8947840929031371 -0.047462873160839074 0.15470547229051593 0.33465500175952917 0.099900886416435256
decision_type=2 2 2 2 2 2 2 2 2 2 2 2 2 2 2 2 2 2 2 2 2 2 2 2 2 2 2 2 2 2 2 2 2 2 2 2 2 2 2
left_child=-1 -2 17 4 -4 6 12 8 -8 26 -11 19 13 14 18 20 21 -3 25 -12 23 22 -15 30 -25 32 -7 28 29 -23 31 -9 -5 -21 35 -35 -36 -38 -34
right_child=1 2 3 5 -6 9 7 15 -10 10 11 -13 -14 16 -16 -17 -18 -19 -20 33 -22 27 -24 24 -26 -27 -28 -29 -30 -31 -32 -33 38 34 36 -37 37 -39 -40
leaf_value=0.69880882088954632 -0.79716776823624969 -0.14937018890833031 1.796214398199862 -0.24557351605035366 -0.2678987941406667 -0.33752696974889229 -0.23346672287831705 -0.10208589169714187 4.5191562885046004 1.1651057220640637 0.28879415935003444 -0.71051533030612135 0.56035684159508459 -0.13825543696681661 1.1268682602979243 0.4117264460051252 -0.60424514761992865 -0.82982153817545634 0.45745332746402084 -0.37158674066740788 -0.44513542726635935 -0.23011455130965813 -0.76449870047244162 0.52917281335050415 -0.021853545205346471 -0.43666427298025651 -0.8572234796732664 -0.3053086602025562 0.43130908664315942 0.20933051413856446 -0.20476048788428308 0.24279371320037174 0.033248676360054907 -0.14208078872073779 -0.21140508376993239 0.57301894256046848 0.68438315973395403 -0.15272112294427448 -0.070701795603842627
leaf_weight=39 32 29 22 48 25 38 36 63 20 21 38 28 27 24 20 31 35 20 23 32 32 46 22 22 29 22 20 36 21 20 100 35 464 22 160 21 21 111 361
leaf_count=39 32 29 22 48 25 38 36 63 20 21 38 28 27 24 20 31 35 20 23 32 32 46 22 22 29 22 20 36 21 20 100 35 464 22 160 21 21 111 361
internal_value=8.39372e-10 -0.0125189 -0.000813135 0.00915267 0.698282 -0.00665459 0.0261394 0.19863 1.4639 -0.105101 -0.0525132 -0.111566 -0.0281605 -0.0420747 0.00167237 -0.0284694 -0.243225 -0.427105 -0.0228417 -0.0701575 -0.0770319 -0.168458 -0.437763 -0.0297254 0.215844 -0.0351845 -0.516733 -0.0677421 0.0305613 -0.0969494 -0.0929782 0.0210854 -0.025067 -0.107324 -0.0820812 0.207154 -0.124674 -0.0195454 -0.0122375
internal_weight=2216 2177 2145 2096 47 2049 1537 368 56 512 454 433 1169 1142 938 312 204 49 918 405 281 169 46 249 51 895 58 123 87 66 198 98 873 367 335 43 292 132 825
internal_count=2216 2177 2145 2096 47 2049 1537 368 56 512 454 433 1169 1142 938 312 204 49 918 405 281 169 46 249 51 895 58 123 87 66 198 98 873 367 335 43 292 132 825
is_linear=0
shrinkage=0.05


Tree=108
num_leaves=40
num_cat=0
split_feature=28 12 16 11 7 12 15 11 13 5 5 33 11 12 30 28 3 33 27 27 30 30 5 4 4 27 27 33 29 4 26 27 3 4 18 30 33 29 27
split_gain=7373.48 22325.3 8682.75 2947 15183.4 4890.2 27556.4 3462.78 13755 3679.95 2619.93 2614.47 2480.24 8689.16 18131.7 2028.62 9564.78 1658.25 1592.26 1954.92 13067 5327.12 1242.34 1206.7 5782.54 1144.65 3600.14 2247.17 5348.38 1306.68 1284.83 1103.55 1095.78 1093.64 1087.34 1074.22 1147.86 1067.62 1111
threshold=-1.5452485680580137 -0.7838660180568694 -1.5581622719764707 1.6160847544670107 1.6315463185310366 1.2761033177375796 0.81930962204933178 0.84642362594604503 0.89478415250778209 3.179359078407288 -0.086038753390312181 -0.047398863360285752 -1.2946693301200864 -1.2313437461853025 -0.058842945843935006 -1.2250468134880064 -0.10531924664974211 -0.047483431175351136 -0.77080711722373951 -0.58386245369911183 0.30412857234478002 1.0098809599876406 -0.5336526334285735 1.949168384075165 1.841591000556946 0.0077290176413953313 -0.020698061212897297 -0.047474030405282967 -0.41411091387271876 -1.0371792912483213 -0.72747212648391713 0.034452840685844428 -0.25345492362976069 0.093919843435287489 -1.0911120176315305 0.11389412730932237 -0.047483913600444787 -0.43391843140125269 -0.30422385036945337
decision_type=2 2 2 2 2 2 2 2 2 2 2 2 2 2 2 2 2 2 2 2 2 2 2 2 2 2 2 2 2 2 2 2 2 2 2 2 2 2 2
left_child=1 -1 11 4 5 7 -7 8 9 12 -9 -2 22 14 -14 16 -15 37 34 20 -20 23 -4 24 25 26 27 -21 -29 35 -30 -31 -13 -12 -17 36 -27 -5 -39
right_child=2 -3 3 17 -6 6 -8 10 -10 -11 33 32 13 15 -16 18 -18 -19 19 21 -22 -23 -24 -25 -26 29 -28 28 30 31 -32 -33 -34 -35 -36 -37 -38 38 -40
leaf_value=1.8786359508614987 -0.97831046986579906 -0.36261305400729182 -0.12209162712097169 -0.42321152268694001 1.2431953095197679 1.9548484006524085 -0.34872756658776388 -0.082739760546434324 1.3127947431802749 -0.6485287687995217 -0.27825180259346965 -0.088993934880603448 1.5949677069187165 -0.27030042420173517 -0.42484317228198054 -0.53667237251997002 1.1510187058476731 -0.64534105005718423 -0.06710236422209577 -0.038421223963035156 1.3209963738918304 -0.69013947870196968 -0.66091394584625962 -0.15056497528571491 0.8534338902682066 -0.11716190746852331 0.64414119252562529 0.96658187634777271 0.32685202875733377 -0.36129738796841016 -0.1202076671852006 -0.0010729859325605169 -0.6003577274084092 -0.72952055196309917 -0.12691930049044245 -0.03897048068994826 -0.56229486346244817 0.11931263780221345 -0.30558435159921649
leaf_weight=20 25 25 23 26 25 20 37 93 20 22 25 22 25 29 20 20 20 21 88 309 21 29 20 129 20 28 25 20 25 22 45 633 20 29 85 55 30 40 25
leaf_count=20 25 25 23 26 25 20 37 93 20 22 25 22 25 29 20 20 20 21 88 309 21 29 20 129 20 28 25 20 25 22 45 633 20 29 85 55 30 40 25
internal_value=-5.00376e-10 0.633498 -0.013131 0.00471264 0.0187441 0.00318163 0.459545 -0.0104376 0.0090025 -0.00595782 -0.243586 -0.573474 0.00225633 0.011865 0.697274 -0.00702253 0.30983 -0.244846 -0.0168242 -0.00346712 0.20033 -0.0196816 -0.372707 -0.0051825 0.0102914 -0.00385531 0.0620872 0.0256176 0.245484 -0.0402611 0.0394565 -0.0131721 -0.332501 -0.5206 -0.204968 -0.197281 -0.347403 -0.152424 -0.0441093
internal_weight=2216 45 2171 2104 1992 1967 57 1910 1763 1743 147 67 1721 1678 45 1633 49 112 1584 1479 109 1370 43 1341 1212 1192 424 399 90 768 70 655 42 54 105 113 58 91 65
internal_count=2216 45 2171 2104 1992 1967 57 1910 1763 1743 147 67 1721 1678 45 1633 49 112 1584 1479 109 1370 43 1341 1212 1192 424 399 90 768 70 655 42 54 105 113 58 91 65
is_linear=0
shrinkage=0.05


Tree=109
num_leaves=40
num_cat=0
split_feature=29 30 30 30 30 30 18 0 12 27 8 14 14 8 13 7 7 27 13 27 0 18 11 18 15 23 13 26 24 8 8 21 5 30 29 29 4 31 31
split_gain=7642.15 4287.65 8024.26 4332.56 7114.6 4242.08 3906.82 2616.96 2348.17 2261.85 2239.92 1900.67 21234.4 4195.1 3277.08 1844.43 7117.57 2494.16 1848.67 1638.36 2329.55 1977.11 1290.52 1324.07 1193.57 1177.26 1103.29 1055.74 977.399 968.352 1221.18 880.32 947.992 1173.91 849.858 1895.2 924.469 1183.46 3424.58
threshold=3.2934920787811284 1.3463437557220461 1.0567454695701601 -0.88363802433013905 -0.7744469642639159 0.9120679795742036 -1.5910865664482114 2.9056415557861333 -1.3265537619590757 -1.9179521799087522 -1.1999563574790952 1.5510139465332033 1.4366199374198916 1.4510754346847536 0.26049153506755834 0.32105529308319097 0.41479589045047766 -1.1976896524429319 0.20815832167863849 -0.60438063740730275 0.63082250952720653 1.7937170863151553 1.7405065298080447 1.757795035839081 1.0725123882293703 0.42792151868343359 -1.1782376766204832 0.80079263448715221 -1.1411579251289365 -1.0783468484878538 -1.0263187885284422 0.15361145883798602 -0.51618477702140797 0.40671519935131079 0.45624069869518286 0.37714722752571112 2.0635076761245732 0.30665515363216406 0.50143270194530498
decision_type=2 2 2 2 2 2 2 2 2 2 2 2 2 2 2 2 2 2 2 2 2 2 2 2 2 2 2 2 2 2 2 2 2 2 2 2 2 2 2
left_child=1 2 3 9 -5 6 -6 8 -8 -1 -10 12 13 14 15 17 -17 -12 26 20 25 31 -13 24 -24 -16 -19 -27 -11 -28 -31 -21 -33 -34 35 36 37 -32 -39
right_child=-2 -3 -4 4 5 -7 7 -9 10 28 11 22 -14 -15 19 16 -18 18 -20 21 -22 -23 23 -25 -26 27 29 -29 -30 30 34 32 33 -35 -36 -37 -38 38 -40
leaf_value=-0.7813559154669445 0.88737564037243521 0.70130033634957822 -0.92577979729200399 0.82888714900383587 -0.54273854353848627 0.65738463153441751 0.4237407508035822 0.56685619935393328 -0.39498820218600728 0.058549100296063861 0.40821383387634635 -0.50228427133902354 1.5152948527232462 0.64263238673253609 -0.50525981619954108 1.0092050453224644 -0.12645835596564656 0.31471158361434937 0.44964135873385458 0.27006641881806509 -0.66450952142477038 -0.45353225816506892 -0.130291438991985 -0.30595835586604864 0.36513877853751187 0.11944179500679714 -0.28792741245053932 -0.24485718905925752 -0.38680006861686711 0.33241342639923099 -0.046563864612762962 0.022053170009431515 -0.2051285038261037 0.078507206138844293 -0.13994604331505209 0.33734333985126935 -0.29191436290740969 0.49044922259311347 -0.011176104519081994
leaf_weight=24 24 21 24 26 34 24 31 20 38 22 38 27 23 24 20 22 37 25 22 21 30 32 31 46 20 37 33 43 28 25 562 176 152 48 131 39 30 43 163
leaf_count=24 24 21 24 26 34 24 31 20 38 22 38 27 23 24 20 22 37 25 22 21 30 32 31 46 20 37 33 43 28 25 562 176 152 48 131 39 30 43 163
internal_value=1.57581e-10 -0.00971579 -0.0165934 -0.00643018 0.00698951 -0.00344983 -0.0112897 -0.00220509 -0.0079853 -0.382363 -0.0148911 -0.00728919 0.00592486 -0.0138786 -0.0229916 0.0245889 0.297009 0.010122 -0.00397635 -0.122579 -0.278077 -0.075458 -0.196549 -0.111447 0.0639949 -0.162147 -0.0134717 -0.0763689 -0.190846 -0.0214683 -0.0126132 -0.0449835 -0.0625793 -0.137056 -0.021524 -0.00298963 -0.0196224 -0.00898604 0.0935321
internal_weight=2216 2192 2171 2147 2073 2047 2023 1989 1969 74 1938 1900 1776 1753 1729 1170 59 1111 1073 559 130 429 124 97 51 100 1051 80 50 1026 993 397 376 200 968 837 798 768 206
internal_count=2216 2192 2171 2147 2073 2047 2023 1989 1969 74 1938 1900 1776 1753 1729 1170 59 1111 1073 559 130 429 124 97 51 100 1051 80 50 1026 993 397 376 200 968 837 798 768 206
is_linear=0
shrinkage=0.05


Tree=110
num_leaves=40
num_cat=0
split_feature=27 18 29 10 30 18 3 6 5 12 15 31 14 31 13 13 10 13 27 27 29 29 3 30 22 7 13 12 12 23 18 22 22 20 3 25 28 3 5
split_gain=7953.16 5977.75 16184.2 10610.6 3290.54 3183.66 12171.2 2857.93 4404.93 2751.42 3285.83 2399.28 30013.4 8087.81 3983.32 11762.2 2456.99 2312.18 2227.47 2057.39 1583.99 2786.08 1444.76 1440.91 1217.27 1047.66 1024.37 2218.96 924.16 830.983 974.781 933.955 787.354 2956.78 1513.73 2184.43 2705.68 1131.18 1431.5
threshold=-2.1934885978698726 -1.2136644124984739 3.2934920787811284 -1.1622141599655149 1.0098809599876406 -1.0568026304244993 0.11722877249121667 2.9755042791366582 3.179359078407288 -1.3265537619590757 -1.5332865118980405 0.83366858959198009 1.4366199374198916 0.9533381760120393 0.90714541077613842 0.8507116734981538 0.95806521177291881 -1.2825429439544676 -0.094435125589370714 -1.1536921858787534 -0.5066140592098235 -0.44785918295383448 -0.6696127951145171 0.40120925009250646 -1.5876808166503904 0.76633998751640331 -0.95354408025741566 -0.92192900180816639 -0.92880499362945546 0.37366540729999548 0.21092516183853152 0.48771651089191442 0.43905407190322882 0.42660297453403478 -0.42983973026275629 0.029295501299202446 0.074270237237215056 -0.61173656582832325 -0.35460707545280451
decision_type=2 2 2 2 2 2 2 2 2 2 2 2 2 2 2 2 2 2 2 2 2 2 2 2 2 2 2 2 2 2 2 2 2 2 2 2 2 2 2
left_child=-1 2 9 -3 5 6 -5 8 11 10 -2 14 13 -13 15 19 25 -11 28 -7 -21 -22 -16 -24 -12 29 -23 -28 -19 30 -15 -32 34 -34 37 36 -36 -29 -39
right_child=1 3 -4 4 -6 7 -8 -9 -10 17 24 12 -14 16 22 -17 -18 18 -20 20 21 26 23 -25 -26 -27 27 32 -30 -31 31 -33 33 -35 35 -37 -38 38 -40
leaf_value=0.74773705073765351 0.63570301753023406 1.1627570603787898 -1.5401751010086049 -0.16020306958351285 0.48549116390092034 -0.51359562306177053 1.3262850857916333 -0.39235899652145351 0.73257262945175183 -0.6529741847439221 -0.36441295404325835 0.75068939983844762 1.9381782111667452 -0.14859776254935361 -0.10294200337228886 1.1436994312839075 -0.59983619942019384 -0.15630095645603612 0.34087180765811359 -0.16649689839390303 0.44642249439443865 -0.20598954719598175 -0.45488797535383424 -0.088482904071227109 0.17455264784395697 0.27806722611188889 0.50169963660565287 -0.0018086464041427001 -0.51494813431864206 -0.30522930612787608 0.37651223824137736 -0.035261128507554529 0.63570741755621774 0.016792401456970626 -0.10650084010130689 -0.37471189396594889 0.50703455775976181 -0.019602709263563157 0.5786228476651013
leaf_weight=35 23 20 22 40 35 21 21 49 20 27 22 30 21 97 131 22 24 82 20 149 35 61 86 39 20 20 22 335 23 40 21 40 21 238 177 67 20 20 20
leaf_count=35 23 20 22 40 35 21 21 49 20 27 22 30 21 97 131 22 24 82 20 149 35 61 86 39 20 20 22 335 23 40 21 40 21 238 177 67 20 20 20
internal_value=4.56836e-11 -0.0119994 -0.247958 0.0170398 0.00511765 -0.0037923 0.351539 -0.0156626 -0.00527537 -0.11695 0.15531 -0.0136743 0.116931 -0.0236797 -0.0398133 -0.00184606 -0.119676 -0.233377 -0.142744 -0.0230956 -0.014254 0.00807295 -0.218971 -0.34057 -0.107763 -0.0668142 -0.00756643 0.00558988 -0.234862 -0.101651 -0.0501118 0.106497 -0.00656425 0.0669747 -0.0363711 -0.12809 -0.044213 0.0281987 0.27951
internal_weight=2216 2181 239 1942 1922 1887 61 1826 1777 217 65 1757 293 272 1464 1208 242 152 125 1186 1165 1016 256 125 42 218 981 920 105 198 158 61 898 259 639 264 197 375 40
internal_count=2216 2181 239 1942 1922 1887 61 1826 1777 217 65 1757 293 272 1464 1208 242 152 125 1186 1165 1016 256 125 42 218 981 920 105 198 158 61 898 259 639 264 197 375 40
is_linear=0
shrinkage=0.05


Tree=111
num_leaves=40
num_cat=0
split_feature=29 30 30 30 30 18 30 0 27 12 8 22 23 9 30 11 13 27 5 7 7 13 17 18 18 23 24 28 13 26 3 26 7 11 31 33 28 3 12
split_gain=8030.05 4060.79 6452.47 3661.05 7686.6 3857.52 3661.92 2371.79 2172.74 2068.94 2023.37 1920.15 3491.41 9456.84 28713.9 3215.91 2229.77 1775.77 8713.41 2182.86 5904.01 1681.15 1461.66 1237.28 1155.19 1158.72 938.185 928.784 904.31 921.194 1069.23 726.455 798.474 1793.56 750.881 2255.98 1497.54 953.306 714.837
threshold=3.2934920787811284 -0.88363802433013905 -0.7744469642639159 1.3463437557220461 1.0567454695701601 -1.5910865664482114 0.9120679795742036 2.9056415557861333 -1.9179521799087522 -1.3265537619590757 -1.1999563574790952 2.3331806659698491 1.3886072635650637 1.2217946052551272 0.098575331270694747 1.6160847544670107 0.26049153506755834 -1.1976896524429319 -0.32185484468936915 0.32105529308319097 0.41479589045047766 0.20815832167863849 -0.37533284723758692 1.757795035839081 1.7937170863151553 1.168053984642029 -1.1411579251289365 0.15596146881580356 -1.1782376766204832 -1.0538082122802732 0.062797524034976973 0.31702437996864324 0.3354522585868836 0.39466437697410589 0.30665515363216406 -0.047483224421739571 -0.077750571072101579 -0.30099613964557642 0.67860659956932079
decision_type=2 2 2 2 2 2 2 2 2 2 2 2 2 2 2 2 2 2 2 2 2 2 2 2 2 2 2 2 2 2 2 2 2 2 2 2 2 2 2
left_child=1 8 -3 4 5 -4 7 9 -1 -7 -11 12 13 16 -15 -14 17 18 -12 21 -21 28 -18 27 25 31 -10 -17 -19 30 -30 -24 -33 -34 35 37 -36 38 -35
right_child=-2 2 3 -5 -6 6 -8 -9 26 10 11 -13 15 14 -16 23 22 19 -20 20 -22 -23 24 -25 -26 -27 -28 -29 29 -31 -32 32 33 34 36 -37 -38 -39 -40
leaf_value=-0.76509822010993966 0.90961792593201007 0.78558548597189093 -0.53133634100942051 0.64989183286116248 -0.90323988993962612 0.39805636369442987 0.61964601663251717 0.54006423324346542 0.058003705469044778 -0.37492712365561415 1.0937104958109558 0.34077186416356997 -0.68527949754806139 -0.43314381694793708 2.0747877078197368 -0.13102085836404978 -0.51981721043586737 0.28400549829006194 -0.36453740312939598 0.95438224239782865 -0.096821055144948126 0.42851850966160954 -0.25205741277555144 -0.41887808069586757 -0.44697563761756537 -0.4226327096874064 -0.37832015667642871 0.2746496225574187 -0.054688567750983769 -0.008970078884326306 -0.51065613053739067 -0.14580981191247702 0.39934125917929192 -0.11929204070773454 -0.50019036450169307 0.45609431951134294 -0.035613053709995457 -0.22130757545938295 0.15478721458892353
leaf_weight=24 24 26 34 21 24 31 24 20 22 38 20 39 34 25 21 43 20 25 21 22 34 22 41 24 21 22 28 21 36 970 20 112 27 39 22 27 82 49 61
leaf_count=24 24 26 34 21 24 31 24 20 22 38 20 39 34 25 21 43 20 25 21 22 34 22 41 24 21 22 28 21 36 970 20 112 27 39 22 27 82 49 61
internal_value=1.25714e-09 -0.00995932 0.00276129 -0.00696788 -0.0136285 -0.00319823 0.00572213 -0.0016857 -0.374044 -0.00718849 -0.0136707 -0.00644561 -0.0137221 0.00441753 0.711781 -0.272286 -0.014802 0.0235625 0.346803 0.0118239 0.316152 -0.00405903 -0.100627 -0.11272 -0.0839594 -0.0681434 -0.186338 0.00208977 -0.0131139 -0.0203537 -0.217534 -0.0511895 -0.0315342 0.0101559 -0.0273727 0.0355688 -0.133889 -0.0406338 0.0478963
internal_weight=2216 2192 2118 2092 2071 2047 2013 1989 74 1969 1938 1900 1861 1739 46 122 1693 1170 41 1129 56 1073 523 88 503 482 50 64 1051 1026 56 460 419 307 280 176 104 149 100
internal_count=2216 2192 2118 2092 2071 2047 2013 1989 74 1969 1938 1900 1861 1739 46 122 1693 1170 41 1129 56 1073 523 88 503 482 50 64 1051 1026 56 460 419 307 280 176 104 149 100
is_linear=0
shrinkage=0.05


Tree=112
num_leaves=40
num_cat=0
split_feature=30 6 27 30 30 30 4 4 30 15 28 13 9 20 31 29 8 28 10 33 25 4 31 33 20 26 26 30 15 9 16 29 25 7 8 9 13 33 7
split_gain=7786.74 3498.79 5326.83 2937.74 6901.44 3360.13 2355.25 12918.8 15431.3 6589.37 39283.6 4743.13 11369.4 4585.54 3526.3 2241.68 2131.19 3698.46 1777.5 1774.28 1736.73 1657.06 1585.19 1530.89 4124.13 3119.41 6309.77 1369.74 1138.38 1471.56 1318.24 1192.49 1072.42 1024.35 2338.81 2111.07 1063.44 1013.32 1160.1
threshold=-2.4608415365219112 4.711318016052247 -1.8494415283203123 1.3463437557220461 1.0567454695701601 0.9120679795742036 0.63365083932876598 0.73200729489326488 0.05640011094510556 0.33353550732135778 0.051101092249155051 0.97933045029640209 1.0898658037185671 0.41756792366504675 2.6211658716201787 -0.26970542967319483 -1.0783468484878538 -1.2250468134880064 -1.1261851787567136 -0.047482103109359734 -1.6300981044769285 -1.0224258303642271 0.077737625688314452 -0.047474030405282967 -0.10507600754499434 -0.70169156789779652 -0.78955432772636402 -0.043311089277267449 0.94378104805946361 1.3067128062248232 1.2085193991661074 -0.23061903566122052 1.7485190629959109 -0.6964474320411681 -0.59926411509513844 -0.6793454885482787 -0.60992443561553944 -0.04748056270182132 -0.50363174080848683
decision_type=2 2 2 2 2 2 2 2 2 2 2 2 2 2 2 2 2 2 2 2 2 2 2 2 2 2 2 2 2 2 2 2 2 2 2 2 2 2 2
left_child=-1 2 20 4 5 6 11 8 -8 14 -11 12 16 -12 15 -9 18 -18 21 27 -2 -4 -17 33 25 26 -25 -13 29 -29 -30 -32 -15 -19 35 -35 -36 38 -38
right_child=1 -3 3 -5 -6 -7 7 9 -10 10 13 19 -14 32 -16 22 17 23 -20 -21 -22 -23 -24 24 -26 -27 -28 28 30 -31 31 -33 -34 34 36 -37 37 -39 -40
leaf_value=0.86019761012150697 -0.75158511678377793 0.64808407276868829 0.18877479891262708 0.58524853899365381 -0.87043264767397999 0.58866374945888922 1.9317316726595164 -0.32281507834007872 -0.032400384545326233 2.2746441324551898 0.60361637056160433 -0.50734238238073892 1.1803828358650208 -0.056182975157402282 -0.7740110018423626 0.41132884486800148 0.50745229120765412 -0.17584134341209881 -0.59686893361310167 -0.68575370548800985 -0.20895630337041002 -0.23827422754729499 -0.053886902738701219 -0.020467373777132532 0.64335892585016063 -0.27846842907882968 0.97631927847862243 -0.61217743945121761 0.30546076028119951 -0.084402824938297275 -0.36816610059503357 0.031421863512937416 -0.41398843444883826 -0.033965144954297859 0.273367429123475 0.62364534563743157 -0.35375601738691331 -0.15817713595972521 -0.0056602459078989396
leaf_weight=26 30 20 31 21 23 24 20 76 20 21 26 32 20 129 21 21 35 121 24 22 29 85 143 77 31 58 20 25 21 28 33 43 25 23 26 26 25 173 562
leaf_count=26 30 20 31 21 23 24 20 76 20 21 26 32 20 129 21 21 35 121 24 22 29 85 143 77 31 58 20 25 21 28 33 43 25 23 26 26 25 173 562
internal_value=1.88387e-09 -0.0102124 -0.0162796 -0.0031831 -0.00909557 0.000488729 -0.00642082 0.087639 0.949666 0.0130046 0.22818 -0.037062 -0.00279699 -0.0105738 -0.152705 -0.0983411 -0.0207648 0.00117155 -0.205187 -0.261632 -0.484869 -0.124149 0.00568341 -0.0143449 0.1169 0.0116079 0.185056 -0.210364 -0.147009 -0.333353 -0.0451924 -0.142083 -0.114268 -0.03988 -0.0201778 0.314971 -0.0410713 -0.0518284 -0.0204854
internal_weight=2216 2190 2170 2111 2090 2067 2043 502 40 462 201 1541 1337 180 261 240 1317 1177 140 204 59 116 164 1142 186 155 97 182 150 53 97 76 154 956 835 49 786 760 587
internal_count=2216 2190 2170 2111 2090 2067 2043 502 40 462 201 1541 1337 180 261 240 1317 1177 140 204 59 116 164 1142 186 155 97 182 150 53 97 76 154 956 835 49 786 760 587
is_linear=0
shrinkage=0.05


Tree=113
num_leaves=40
num_cat=0
split_feature=27 18 29 15 30 18 3 12 15 6 4 6 16 29 7 24 23 27 13 27 5 24 13 10 22 0 5 5 27 30 5 12 29 7 26 21 20 16 17
split_gain=7472.25 5553.47 15704.8 10383.7 3261.36 3019.15 11025.2 2437.14 3153.07 2402.36 3938.62 2533.69 2030.8 24235.8 2058.32 4827.51 2852.54 2296.07 1952.11 2033.91 1671.54 1507.52 1126.98 2391.23 1043.39 955.897 2008.54 5346.99 1802.02 1272.31 1005.62 840.225 830.92 1407.04 2609.23 1792.59 2695.43 1489.74 6994.51
threshold=-2.1934885978698726 -1.2136644124984739 3.2934920787811284 -1.1636229157447813 1.0098809599876406 -1.0717446804046629 0.042127428576350219 -1.3265537619590757 -1.5332865118980405 2.9755042791366582 2.1403487920761113 2.2832190990448002 1.840181350708008 -0.45463125407695765 1.5819175839424136 1.5304850935935976 1.6492710113525393 -1.1536921858787534 -1.2825429439544676 -0.094435125589370714 -0.086038753390312181 1.3465879559516909 -0.95354408025741566 -0.8947840929031371 -1.5876808166503904 0.86638915538787853 0.82119813561439525 1.2087662220001223 -0.62518873810768116 -0.61167719960212696 0.56573072075843822 -0.92880499362945546 0.57625490427017223 -0.35899424552917475 -0.29286170005798334 1.0000000180025095e-35 -0.23517641425132749 -0.50446477532386769 -0.58790087699890126
decision_type=2 2 2 2 2 2 2 2 2 2 2 2 2 2 2 2 2 2 2 2 2 2 2 2 2 2 2 2 2 2 2 2 2 2 2 2 2 2 2
left_child=-1 2 7 -3 5 6 -5 8 -2 10 11 12 14 -14 15 17 -16 -7 -9 31 -15 22 -19 -24 -10 26 29 -28 -27 -25 32 -20 33 34 35 36 37 38 -31
right_child=1 3 -4 4 -6 9 -8 18 24 -11 -12 -13 13 20 16 -17 -18 21 19 -21 -22 -23 23 25 -26 28 27 -29 -30 30 -32 -33 -34 -35 -36 -37 -38 -39 -40
leaf_value=0.72477715441158841 0.61681753759798807 1.1221560309685412 -1.511994130638513 -0.2403680437597735 0.46915479189640763 -0.47312216573748095 1.2856091423332692 -0.60512855229554363 -0.34908769984136928 -0.36059613118366318 0.69199428021907805 0.49660578481853013 1.744547294974327 -0.074989994250389991 -0.68819055227296699 0.64197090869700468 -0.055554153846234688 -0.20806545164637469 -0.14942328389847606 0.3258180481940508 -0.61741517364978793 -0.42571938957857053 0.45812493651001546 -0.41091181874275212 0.14990312851965429 -0.55118701720521568 0.95184756547212612 -0.00055900205458913536 -0.06561891184241142 -0.026227433663748564 -0.27595109865069389 -0.49139615012251814 -0.16102210500755826 -0.025044884314981572 0.51237383920699364 -0.29203052511720945 0.62788312570615257 -0.17525852567770264 0.99399295091629036
leaf_weight=35 23 21 22 29 37 29 20 27 22 49 20 24 20 49 28 27 49 74 82 20 20 23 27 20 20 21 20 56 212 105 34 23 74 689 35 33 22 55 20
leaf_count=35 23 21 22 29 37 29 20 27 22 49 20 24 20 49 28 27 49 74 82 20 20 23 27 20 20 21 20 56 212 105 34 23 74 689 35 33 22 55 20
internal_value=1.52389e-09 -0.011631 -0.239062 0.0163587 0.00427038 -0.00485952 0.38248 -0.110009 0.14623 -0.0152026 -0.00572656 -0.0136283 -0.0206579 0.212001 -0.0331846 -0.020852 -0.285604 -0.0324054 -0.219585 -0.136308 -0.232215 -0.023997 -0.0178249 -0.00793182 -0.111473 -0.0169458 0.00157333 0.250074 -0.109383 -0.0158012 -0.00839516 -0.224332 0.000411137 0.0128679 0.109616 0.0496306 0.105446 0.0415931 0.137008
internal_weight=2216 2181 239 1942 1921 1884 49 217 65 1835 1786 1766 1742 89 1653 1576 77 1549 152 125 69 1520 1497 1423 42 1396 1163 76 233 1087 1067 105 1033 959 270 235 202 180 125
internal_count=2216 2181 239 1942 1921 1884 49 217 65 1835 1786 1766 1742 89 1653 1576 77 1549 152 125 69 1520 1497 1423 42 1396 1163 76 233 1087 1067 105 1033 959 270 235 202 180 125
is_linear=0
shrinkage=0.05


Tree=114
num_leaves=40
num_cat=0
split_feature=29 21 22 27 27 11 7 12 9 9 31 30 30 33 29 18 15 24 29 27 20 7 30 6 30 15 5 7 19 20 33 4 16 15 17 19 19 18 5
split_gain=8266.93 4333.73 8520.48 3481.75 3614.38 2757.99 19878.9 5046.12 25326.7 2743.91 4323.57 2570.45 3112.91 1588.04 1366.7 1124.81 1012.84 1018.47 1711.76 1120.82 2033.05 2423.27 1588.69 2115.01 1824.17 1223.72 4371.02 6900.69 1745.14 3653.93 1469.9 2258.54 1281.9 1652.62 3020.3 1174.07 1927.77 989.3 939.223
threshold=3.2934920787811284 -1.6905580163002012 -1.6769025325775144 -1.2386001944541929 -1.1536921858787534 1.6160847544670107 1.6315463185310366 1.2761033177375796 1.2392280697822573 1.1875331997871401 2.9253710508346562 1.2409112453460696 0.9120679795742036 -0.047483431175351136 -0.45463125407695765 1.5376403331756594 1.8295560479164126 -0.97461545467376698 1.1304740905761721 -0.46763706207275385 0.21227244287729266 0.9067816734313966 -0.31357385218143458 2.872025847434998 -0.28542430698871607 -0.19662933796644208 0.41179519891738897 -0.40624557435512537 0.070201031863689436 0.13133033365011218 -0.047467187047004693 0.19350574910640719 0.2457770183682442 0.27601341903209692 0.41241078078746801 0.53583940863609325 0.604983150959015 0.30296924710273748 0.017676653340458873
decision_type=2 2 2 2 2 2 2 2 2 2 2 2 2 2 2 2 2 2 2 2 2 2 2 2 2 2 2 2 2 2 2 2 2 2 2 2 2 2 2
left_child=1 -1 -3 -4 -5 6 7 9 -9 10 11 12 16 14 -7 -16 17 -6 19 20 21 38 -21 24 -24 26 30 -28 -27 -30 31 -26 -31 34 -34 37 -37 -35 -19
right_child=-2 2 3 4 5 13 -8 8 -10 -11 -12 -13 -14 -15 15 -17 -18 18 -20 22 -22 -23 23 -25 25 28 27 -29 29 32 -32 -33 33 35 -36 36 -38 -39 -40
leaf_value=-0.66465091919898989 0.92293689747651431 0.88011467810030342 -0.28636271128984719 0.58696007596042299 -0.11826831787633144 -0.50177777814013624 1.5747781275957824 1.7313163441160453 -0.43007025778237162 -0.45039687144595225 0.71564156807959078 0.50150576026543325 -0.51915781740099198 -0.65306090868654709 0.27072281420230865 -0.20447541660431662 -0.30942016907036307 -0.036659502421389337 0.40056060747458383 -0.17451687281330427 -0.42639109449461099 0.48525048885494471 0.46203785072202264 0.51727645044977011 0.002040579222410382 -0.17983835317012106 -0.073308900054544213 1.2401491725817324 0.63292903485505481 -0.20389575401975499 -0.22819380971292655 0.43867983159919577 0.7127711114676103 0.11741095769405366 -0.066940754652023315 0.44832961529206772 -0.0012224488904596202 -0.24293004955165087 -0.27805095741561819
leaf_weight=25 24 27 111 26 214 21 20 23 33 37 20 23 32 21 20 33 30 192 26 102 40 20 23 22 167 143 20 20 23 74 48 36 23 25 27 26 288 80 51
leaf_count=25 24 27 111 26 214 21 20 23 33 37 20 23 32 21 20 33 30 192 26 102 40 20 23 22 167 143 20 20 23 74 48 36 23 25 27 26 288 80 51
internal_value=-4.66082e-11 -0.0101051 -0.00255386 -0.0136903 0.00122669 -0.00637644 0.00671532 -0.00989551 0.457642 -0.0241871 -0.0154017 -0.0236388 -0.0305328 -0.269314 -0.160413 -0.0251553 -0.0214421 -0.0163301 -0.0015504 -0.00876067 -0.09429 -0.0437803 0.0138334 0.0322178 0.0217864 0.0116607 0.0979957 0.58342 -0.0237745 0.0156551 0.0206372 0.0794741 -0.0104909 0.020025 0.291727 -0.0123977 0.0360016 -0.157135 -0.0873219
internal_weight=2216 2192 2167 2140 2029 2003 1908 1888 56 1832 1795 1775 1752 95 74 53 1720 1690 1476 1450 303 263 1147 1045 1023 1000 291 40 709 566 251 203 543 469 50 419 314 105 243
internal_count=2216 2192 2167 2140 2029 2003 1908 1888 56 1832 1795 1775 1752 95 74 53 1720 1690 1476 1450 303 263 1147 1045 1023 1000 291 40 709 566 251 203 543 469 50 419 314 105 243
is_linear=0
shrinkage=0.05


Tree=115
num_leaves=40
num_cat=0
split_feature=29 21 19 6 4 30 16 5 7 24 11 5 27 4 24 14 12 3 27 29 29 15 4 0 20 7 21 5 15 16 16 16 14 9 3 27 24 33 30
split_gain=7460.91 3988.27 7500.57 2849.68 5539.81 3315.27 3446.42 22302.2 2412.06 4782.12 2938.73 2322.08 2245.79 1602.6 1395.52 1386.89 2500.85 1475.55 1238.22 1369.68 3645.77 1367.41 5042.7 7455.54 1326.49 2163.17 1460.96 1298.57 1158.65 1697.7 1119.02 1444.18 2352.76 1015.4 921.994 1384.88 920.247 911.027 903.786
threshold=3.2934920787811284 -1.6710991859436033 -1.5992504954338072 -0.098241925239562974 2.0844084024429326 1.0098809599876406 1.840181350708008 0.068988487124443068 1.5819175839424136 1.5304850935935976 1.7405065298080447 1.1148765087127688 -1.1976896524429319 -0.76424017548561085 1.3465879559516909 -0.9569198191165923 -0.92192900180816639 -0.16388451308012006 -0.48385247588157648 0.45624069869518286 0.38735149800777441 -0.19662933796644208 0.14555697888135913 1.1060696840286257 0.2236004322767258 0.92996451258659374 0.39730425179004675 -0.36552448570728296 0.032859392464160926 0.081724200397729888 0.2457770183682442 0.42939294874668127 0.19954778254032138 -0.39131152629852289 0.8902902901172639 -0.3254187256097793 -0.73413920402526844 -0.047335436567664139 -0.10449956357479094
decision_type=2 2 2 2 2 2 2 2 2 2 2 2 2 2 2 2 2 2 2 2 2 2 2 2 2 2 2 2 2 2 2 2 2 2 2 2 2 2 2
left_child=1 37 -3 4 5 6 8 13 9 12 -10 38 -4 -8 15 17 -17 -14 24 20 21 22 34 -24 25 27 -26 -18 33 -30 -31 32 -32 -23 35 -20 -37 -1 -5
right_child=-2 2 3 11 -6 -7 7 -9 10 -11 -12 -13 14 -15 -16 16 18 -19 19 -21 -22 28 23 -25 26 -27 -28 -29 29 30 31 -33 -34 -35 -36 36 -38 -39 -40
leaf_value=-0.71124186549674384 0.87679001837968829 0.91842358870939789 0.38145938941410612 0.017209385463169646 0.84829902112483979 0.46656440863242515 0.048953291152914365 1.6646737651391463 -0.80240940820603146 0.7285928443412889 -0.075058165047226899 -0.51643957776181837 -0.037836085898109162 -0.51764574509400585 -0.43868623360991477 0.47733538592303248 0.0061119029507758701 -0.33071305402006734 0.26713646455452994 -0.14029458334998174 0.69162143142450427 0.12128846450992253 1.0529203251484902 -0.16725083731469656 -0.64414018392562866 0.41401465061036025 -0.053684054315090185 -0.25292321069637075 0.36874265666119754 -0.22626949247832481 -0.0040529286716042496 -0.02325171476102764 0.60396684819581703 -0.25731106435081791 0.29730699686777023 0.060208805992796613 -0.24964832534246587 -0.25082759147598627 -0.13714180025208716
leaf_weight=22 24 22 35 140 20 39 24 22 21 22 41 34 117 26 20 27 109 68 26 119 21 23 31 21 22 22 20 87 32 52 41 322 26 77 21 37 68 21 294
leaf_count=22 24 22 35 140 20 39 24 22 21 22 41 34 117 26 20 27 109 68 26 119 21 23 31 21 22 22 20 87 32 52 41 322 26 77 21 37 68 21 294
internal_value=-1.11572e-10 -0.00959989 -5.96837e-05 -0.00955975 0.0211789 0.0110859 -1.64066e-05 0.33804 -0.0159458 -0.00302673 -0.321419 -0.118524 -0.0141733 -0.245678 -0.0240009 -0.0180299 0.0015546 -0.145488 -0.00935966 0.0179479 0.0415455 0.0239759 0.135142 0.560159 -0.105671 -0.0561 -0.362971 -0.108868 -0.0156015 0.0170902 -0.00842653 0.0206939 0.231895 -0.170233 -0.010259 -0.0595635 -0.140461 -0.486388 -0.0873511
internal_weight=2216 2192 2149 2127 1659 1639 1600 72 1528 1466 62 468 1444 50 1409 1389 1204 185 1177 917 798 777 204 52 260 218 42 196 573 473 441 389 67 100 152 131 105 43 434
internal_count=2216 2192 2149 2127 1659 1639 1600 72 1528 1466 62 468 1444 50 1409 1389 1204 185 1177 917 798 777 204 52 260 218 42 196 573 473 441 389 67 100 152 131 105 43 434
is_linear=0
shrinkage=0.05


Tree=116
num_leaves=40
num_cat=0
split_feature=27 15 29 12 7 6 33 4 30 33 18 21 30 30 16 27 12 29 27 3 0 30 0 29 4 3 29 8 15 29 28 29 16 15 30 3 31 4 3
split_gain=7286.05 5420.34 14655.2 11591.6 2651.33 3145.04 2620.38 5977.83 3686.85 2416.99 2269.7 11027.3 2128.48 9553.18 5585.11 25024 2097.63 2023.55 1980.59 3199.19 1908.18 1724.42 2937.02 3746.11 2022.71 1474.71 1408.02 1332.04 1326.28 1310.41 4394.82 1255.38 1505.67 1514.3 2143.31 1221.59 1118.21 984.919 981.31
threshold=-2.1934885978698726 -1.3155183792114256 3.2934920787811284 -1.2229315042495725 -1.2210434079170225 0.54011785984039318 -0.047459915280342095 2.1053092479705815 1.0098809599876406 -0.047462873160839074 -1.0717446804046629 -1.1507155895233152 0.19448923319578174 0.18135225027799609 1.840181350708008 0.25011114776134497 0.99506542086601268 0.48048157989978796 -0.65585789084434498 -0.040552949532866471 2.798500776290894 0.11983910948038103 0.53459253907203685 -0.38030593097209925 1.8163871169090273 -0.15286046266555783 0.04523908160626889 -1.1999563574790952 1.7172574996948244 0.20255824923515323 0.4660057276487351 0.057194279506802566 -0.50446477532386769 0.61598002910614025 0.54583135247230541 -0.55937233567237843 -0.62698334455490101 -0.086195405572652803 0.53889870643615734
decision_type=2 2 2 2 2 2 2 2 2 2 2 2 2 2 2 2 2 2 2 2 2 2 2 2 2 2 2 2 2 2 2 2 2 2 2 2 2 2 2
left_child=-1 2 4 -3 5 36 7 8 9 10 11 -5 13 14 16 -16 17 21 19 -14 37 24 23 -23 29 -18 -25 -6 31 -12 -31 32 -20 38 -35 -19 -2 -8 -34
right_child=1 3 -4 6 27 -7 20 -9 -10 -11 12 -13 18 -15 15 -17 25 35 28 -21 -22 22 -24 26 -26 -27 -28 -29 -30 30 -32 -33 33 34 -36 -37 -38 -39 -40
leaf_value=0.7156902301311493 0.15916340700958087 1.18034313306922 -1.5174293097995577 -0.13845846106608709 -0.64185360355768362 0.64924637123942386 -0.40747470617294312 0.83761198629032485 0.54010265395045287 0.38765081350619979 -0.066831663944177597 1.2589509859681129 -0.10165050717106067 1.0800767338879051 1.8477104723453524 -0.34752115269794182 -0.13562957983464005 -0.066640814429237735 0.40846202258880321 -0.67033844443245072 -0.60165008086225269 0.904788432202556 -0.22025269949808718 -0.036810729056596762 0.36707472132913993 -0.61241733885329708 0.42077180835707434 -0.18293137829750777 -0.30863008784211199 -0.075131749758710634 0.73592532899068752 -0.11047123911413403 -0.18666411716606202 0.029685140771296206 0.57813323256762128 -0.46660300427249501 -0.31944267658086928 -0.068332530993768237 0.11031394406006888
leaf_weight=35 23 21 21 48 21 20 25 22 32 39 489 20 79 21 21 34 55 42 26 36 23 22 32 40 33 23 29 64 46 61 23 242 97 79 23 35 26 149 39
leaf_count=35 23 21 21 48 21 20 25 22 32 39 489 20 79 21 21 34 55 42 26 36 23 22 32 40 33 23 29 64 46 61 23 242 97 79 23 35 26 149 39
internal_value=2.24204e-09 -0.0114852 -0.278356 0.0117962 -0.109392 0.120872 -0.00056624 0.0185025 0.00829837 -0.00151578 -0.0104701 0.272544 -0.0222986 0.0253706 0.00178296 0.490658 -0.0286335 -0.00467342 -0.0909079 -0.279675 -0.173636 0.0210744 0.191766 0.336652 -0.0135709 -0.276221 0.155507 -0.296312 -0.0515815 -0.0354929 0.146943 -0.0282135 0.0471895 0.00772275 0.153355 -0.248442 -0.0947908 -0.11706 -0.101501
internal_weight=2216 2181 175 2006 154 69 1985 1788 1766 1734 1695 68 1627 960 939 55 884 806 667 115 197 729 123 91 606 78 69 85 552 573 84 506 264 238 102 77 49 174 136
internal_count=2216 2181 175 2006 154 69 1985 1788 1766 1734 1695 68 1627 960 939 55 884 806 667 115 197 729 123 91 606 78 69 85 552 573 84 506 264 238 102 77 49 174 136
is_linear=0
shrinkage=0.05


Tree=117
num_leaves=40
num_cat=0
split_feature=29 21 19 6 4 7 4 11 11 8 14 27 12 30 17 5 3 14 12 3 9 13 4 4 17 3 8 3 29 29 29 0 30 30 20 11 6 15 15
split_gain=7802.58 4077.65 6777.94 2662.28 5022.18 2904.11 9410.19 5598.56 26505.9 3893.33 2916.38 2997.9 2824.02 2437.84 2265.26 2028.31 1440.13 1362.4 3665.71 1218.24 1203.8 3017.03 5765.17 2131.32 1241.65 1274.15 1119.14 1029.05 917.99 2542.42 877.541 864.614 1807.78 5279.12 2207.19 983.376 935.655 842.05 8134.67
threshold=3.2934920787811284 -1.6710991859436033 -1.5992504954338072 -0.098241925239562974 2.0844084024429326 2.1604351997375493 -0.61117294430732716 1.3433995842933657 1.2277661561965945 1.2336158156394961 0.72902238368988048 -1.1976896524429319 1.7161071300506594 1.158700227737427 0.18467286229133609 1.1148765087127688 -0.037107933312654488 -0.92985954880714405 -0.90136480331420887 -0.16388451308012006 -0.6793454885482787 -0.57643339037895192 0.12957405298948291 -1.0322614908218382 -0.49061308801174158 -0.12116631492972373 -0.52780917286872853 -0.6696127951145171 -0.46601891517639155 -0.41597388684749598 -0.75858324766159047 -0.19822186976671216 -0.10449956357479094 -0.19348433613777158 -0.74948149919509877 -0.84071668982505787 2.3750380277633671 0.18261754512786868 0.2545489519834519
decision_type=2 2 2 2 2 2 2 2 2 2 2 2 2 2 2 2 2 2 2 2 2 2 2 2 2 2 2 2 2 2 2 2 2 2 2 2 2 2 2
left_child=1 30 -3 4 5 7 -7 8 9 10 11 -4 16 17 -12 31 -9 19 -19 -13 -20 22 23 -22 25 -23 -26 -16 -28 -30 -1 35 33 34 -33 -5 -34 -31 -39
right_child=-2 2 3 15 -6 6 -8 12 -10 -11 14 13 -14 -15 27 -17 -18 18 20 -21 21 24 -24 -25 26 -27 28 -29 29 37 -32 32 36 -35 -36 -37 -38 38 -40
leaf_value=-0.70254925256190104 0.89664148042599356 0.87294723120602691 0.51318417047632159 -0.50354209288277418 0.8080394756793976 -0.33519641447812321 1.19860548555851 -0.41113903367960902 1.5759954492527026 0.6553532059219751 -0.60534234791994102 -0.033150755961598354 -0.095176386502054011 0.52074059166691522 0.063933198851473791 -0.4864161959465812 -0.97092588484287268 0.63693919713082525 -0.17491511826782111 -0.28738507265225055 0.45914196724241435 -0.020042433008423139 1.0438612067699433 -0.15634068789390418 0.30945863952239355 -0.37459384278808205 -0.12904260451553248 -0.22527745753694117 0.56344658902713229 -0.059573412696764819 -0.24969440698623657 0.21131735707943641 -0.070770635066706444 0.76188223299384117 -0.32521042663876609 -0.13181348499110951 -0.32479821059690872 0.8572146503575917 -0.024345356230832525
leaf_weight=23 24 22 29 22 20 20 20 27 27 22 30 124 45 22 47 34 20 23 91 76 22 58 20 39 30 45 119 89 21 276 20 36 171 25 41 93 46 29 268
leaf_count=23 24 22 29 22 20 20 20 27 27 22 30 124 45 22 47 34 20 23 91 76 22 58 20 39 30 45 119 89 21 276 20 36 171 25 41 93 46 29 268
internal_value=-1.05215e-09 -0.00981724 -0.00017072 -0.00920156 0.0205091 0.0108992 0.431705 0.000372537 0.023489 -0.00483377 -0.0147954 0.0105521 -0.378285 -0.000988906 -0.212079 -0.114522 -0.649346 -0.0102379 0.012725 -0.12976 -0.00137812 0.0156573 0.307174 0.0656367 -0.0122538 -0.174944 0.0102994 -0.12533 -0.00228792 0.0231057 -0.491919 -0.0853876 -0.0430146 0.130597 -0.0743663 -0.202927 -0.12462 0.00330263 0.0617329
internal_weight=2216 2192 2149 2127 1659 1639 40 1599 1507 1480 1458 1292 92 1263 166 468 47 1241 1041 200 1018 927 81 61 846 103 743 136 713 594 43 434 319 102 77 115 217 573 297
internal_count=2216 2192 2149 2127 1659 1639 40 1599 1507 1480 1458 1292 92 1263 166 468 47 1241 1041 200 1018 927 81 61 846 103 743 136 713 594 43 434 319 102 77 115 217 573 297
is_linear=0
shrinkage=0.05


Tree=118
num_leaves=40
num_cat=0
split_feature=15 20 11 12 5 33 4 30 15 17 8 10 3 3 13 28 4 27 33 29 6 14 13 17 29 30 29 11 20 20 22 20 0 21 18 3 18 3 27
split_gain=7137.68 7590.87 3327.79 7941.23 17544.3 2601.29 5108.05 3012.13 2233.72 11460 1997.33 6467.51 2007.7 1819.98 1773.04 2848.45 2830.18 1968.87 1837.88 1761.08 1545.92 1339.59 1270.41 1215.24 1162.76 1160.97 1157.42 1137.87 1046.63 5588.42 1290.94 1996.93 3909.17 979.262 925.337 1571.26 886.035 860.594 1154.75
threshold=-1.584319472312927 -1.6137911677360532 -1.2946693301200864 -1.2313437461853025 -0.36552448570728296 -0.047459915280342095 2.1053092479705815 1.0098809599876406 2.1951055526733403 1.8931055068969729 1.1994026899337771 1.2484056949615481 0.080022599548101439 2.6286451816558842 0.26049153506755834 -1.2250468134880064 1.8163871169090273 -0.65585789084434498 -0.047462873160839074 0.7793947458267213 1.19159471988678 0.92901721596717846 0.20815832167863849 0.393465206027031 -0.33019988238811487 0.19448923319578174 0.98427468538284313 1.6160847544670107 0.13133033365011218 0.042302111163735397 0.066196504980325713 -0.10971026122570036 0.033946326933801181 -0.045233156532049172 0.39123238623142248 -0.2038466930389404 0.22561186552047732 0.010433283634483816 0.2002484127879143
decision_type=2 2 2 2 2 2 2 2 2 2 2 2 2 2 2 2 2 2 2 2 2 2 2 2 2 2 2 2 2 2 2 2 2 2 2 2 2 2 2
left_child=-1 -2 19 4 -4 6 7 8 9 10 11 14 23 36 15 -5 18 21 20 -3 22 -16 26 -12 -14 -10 28 -25 29 30 31 37 33 -33 -30 -36 -7 -17 -39
right_child=1 2 3 5 -6 13 -8 -9 25 -11 12 -13 24 -15 17 16 -18 -19 -20 -21 -22 -23 -24 27 -26 -27 -28 -29 34 -31 -32 32 -34 -35 35 -37 -38 38 -40
leaf_value=0.6704411547917587 -0.77641870109364397 -0.15899291662820456 1.6813010833480142 0.49334073630161585 -0.25469775342941287 -0.1570986372791231 0.75447561118913731 0.46390547343662808 -0.56076510419639258 0.90101356727736348 0.25472959313880311 0.89690384205430762 -0.76151739597320567 -0.62090307153761393 -0.18192499707562521 0.022886217592335115 0.49232875923315683 -0.038191429271524691 0.36025857929797733 -0.76887194216251376 -0.35010682645564284 -0.6164242854962747 0.2774501777612246 -0.38004213699272704 -0.22235951947048305 -0.10064057012827232 -0.29183023300849731 -0.0051549703814089305 -0.21844217462222215 0.79440189781396287 -0.34435638945836289 -0.20013206978328527 0.85790520720183849 0.25642898419628973 -0.14094948671704186 0.26653715628716679 0.1785488278351047 -0.044256477462345956 -0.38113716642061868
leaf_weight=39 32 29 22 32 25 185 23 35 26 35 22 20 20 20 68 365 30 391 34 20 33 24 39 35 20 29 36 48 92 23 26 24 20 23 69 36 22 111 33
leaf_count=39 32 29 22 32 25 185 23 35 26 35 22 20 20 20 68 365 30 391 34 20 33 24 39 35 20 29 36 48 92 23 26 24 20 23 69 36 22 111 33
internal_value=-1.87133e-09 -0.0120107 -0.000606905 0.00891528 0.651514 -0.00582467 0.0140606 0.00459452 -0.00451879 0.00557479 -0.013147 0.00367184 -0.190499 -0.165433 -0.00816689 0.0290196 0.0140716 -0.0871593 -0.000811898 -0.407923 -0.0140123 -0.295273 -0.00164764 -0.0756654 -0.491938 -0.318154 -0.0143339 -0.16324 -0.00218078 0.0294948 0.000270779 0.0158269 0.27243 0.0232914 -0.102674 -0.00123978 -0.121426 -0.01795 -0.121458
internal_weight=2216 2177 2145 2096 47 2049 1822 1799 1764 1709 1674 1529 145 227 1509 1026 994 483 964 49 930 92 897 105 40 55 858 83 822 625 602 576 67 47 197 105 207 509 144
internal_count=2216 2177 2145 2096 47 2049 1822 1799 1764 1709 1674 1529 145 227 1509 1026 994 483 964 49 930 92 897 105 40 55 858 83 822 625 602 576 67 47 197 105 207 509 144
is_linear=0
shrinkage=0.05


Tree=119
num_leaves=40
num_cat=0
split_feature=29 21 22 16 18 30 6 5 29 28 33 31 8 9 11 27 7 21 33 4 29 28 30 28 28 29 4 9 8 30 29 30 4 8 10 15 29 29 12
split_gain=6999.93 4042.1 7738.97 3437.82 7272.11 4600.77 2285.65 3957.6 1997.21 19499.1 5476.47 8237.44 2118.55 8318.68 3013.76 1661.99 1624.9 1578.23 1727.38 1456.42 1438.88 1367.73 1101.23 1505.46 963.764 915.891 1262.7 1015.54 1966.51 1976.97 916.103 1538.07 796.493 786.239 2011.45 1308.02 769.901 1744.42 796.631
threshold=3.2934920787811284 -1.6905580163002012 -1.6769025325775144 -1.043636620044708 -1.0568026304244993 1.0098809599876406 2.9755042791366582 3.179359078407288 -0.44785918295383448 1.4740961194038393 -0.047474030405282967 1.0250321030616762 1.3023713231086733 1.2217946052551272 1.6160847544670107 -0.98058652877807606 1.0434747934341433 1.1611820459365847 -0.047481503337621682 -0.76424017548561085 -0.49694004654884333 -0.88334164023399342 0.50587067008018505 1.5391963720321657 -1.0124403834342954 1.1304740905761721 2.1176037788391118 -0.6793454885482787 -0.60875913500785817 0.15367031842470172 -0.36237570643424982 0.11983910948038103 0.58816099166870128 -1.1999563574790952 -1.1261851787567136 -1.4089726209640501 0.45624069869518286 0.37714722752571112 -0.28987129032611841
decision_type=2 2 2 2 2 2 2 2 2 2 2 2 2 2 2 2 2 2 2 2 2 2 2 2 2 2 2 2 2 2 2 2 2 2 2 2 2 2 2
left_child=1 -1 -3 15 -5 6 7 8 9 10 17 -12 13 16 -14 19 24 18 20 -4 -6 33 23 -16 -10 26 27 -26 29 -29 31 -30 -21 35 -35 -17 37 -32 -38
right_child=-2 2 3 4 5 -7 -8 -9 12 -11 11 -13 14 -15 22 21 -18 -19 -20 32 -22 -23 -24 -25 25 -27 -28 28 30 -31 36 -33 -34 34 -36 -37 38 -39 -40
leaf_value=-0.64143783426284795 0.84927139623711501 0.83920949531926048 -0.70068157335573977 0.93681109107676019 -0.030708627494106307 0.60507518995192744 -0.34966160108257704 0.69937780976295472 -0.34837521009824496 1.6178159004449846 1.029498455622073 -0.16224301610270453 -0.63371649211382175 0.9495821971784939 0.0088677148158485819 0.057978926192630426 -0.32605412430233427 -0.51428698924454774 -0.25906220402669267 -0.13768621130423114 0.42340563592456637 -0.39874961232316908 0.23952803150528956 -0.52117125874473935 -0.12117259573443012 0.30522075444459917 -0.41430681332945823 0.52327647430556157 -0.37572138891663664 -0.099888238832354551 0.0078059455242437403 0.067260762221283396 -0.49365653409199278 0.51488775011152033 -0.060655940477810213 -0.40229611365959567 -0.39393799595889595 0.41697815148918721 -0.054586846419439033
leaf_weight=25 24 27 22 21 103 31 48 20 22 20 29 29 34 22 37 33 45 22 74 55 21 29 21 21 186 22 20 35 43 20 739 36 22 20 63 29 21 27 98
leaf_count=25 24 27 22 21 103 31 48 20 22 20 29 29 34 22 37 33 45 22 74 55 21 29 21 21 186 22 20 35 43 20 739 36 22 20 63 29 21 27 98
internal_value=9.76852e-10 -0.00929859 -0.0020058 -0.0126193 0.0116141 0.00108912 -0.0092269 2.09066e-05 -0.00798547 0.1099 0.00141734 0.433628 -0.0322298 -0.0146468 -0.240113 -0.178347 -0.0307907 -0.112529 -0.0678893 -0.341901 0.0461978 -0.0852908 -0.070714 -0.183043 -0.0203204 -0.0145327 -0.0202752 -0.0137353 0.00587544 0.296671 -0.0107156 -0.173856 -0.239392 -0.022599 0.0780293 -0.157311 0.00384723 0.0222285 -0.114472
internal_weight=2216 2192 2167 2140 1867 1846 1815 1767 1747 298 278 58 1449 1336 113 273 1314 220 198 99 124 174 79 58 1269 1247 1225 1205 1019 55 964 79 77 145 83 62 885 766 119
internal_count=2216 2192 2167 2140 1867 1846 1815 1767 1747 298 278 58 1449 1336 113 273 1314 220 198 99 124 174 79 58 1269 1247 1225 1205 1019 55 964 79 77 145 83 62 885 766 119
is_linear=0
shrinkage=0.05


Tree=120
num_leaves=40
num_cat=0
split_feature=30 29 22 30 29 3 26 14 11 23 26 29 4 3 27 24 10 15 12 25 13 4 6 6 3 29 29 4 8 29 14 31 26 29 29 2 30 3 15
split_gain=6915.39 3741 5524.56 4307.91 2525.27 2430.36 2255.02 13680.7 3745.8 11189.7 3388.61 10822.4 3592.84 3338.38 1524.79 2016.31 1773.48 1288.33 1451.89 8996.49 3861.14 3192.67 1404.5 3194.48 1117.75 1104.51 3106.36 966.175 874.166 842.848 795.748 847.936 1276.06 861.297 901.723 750.31 716.872 2430.57 882.991
threshold=-2.4608415365219112 0.86485663056373607 -1.6769025325775144 1.0098809599876406 -0.9346151053905486 -0.82119348645210255 1.6671715974807741 1.4663060307502749 1.0874515175819399 1.0408725142478945 0.9546494483947755 0.094810806214809432 2.1176037788391118 0.080022599548101439 -0.13236420601606366 -0.85445481538772572 -0.97927141189575184 1.8629074692726137 -0.6477123200893401 -0.8819722831249236 -0.57643339037895192 -0.22942698001861569 2.9755042791366582 1.911571264266968 -0.4353517591953277 -0.46601891517639155 -0.4286902099847793 -0.42982824146747584 2.0366030931472783 -0.52772429585456837 -0.75197574496269215 0.1950713321566582 -0.79845064878463734 0.66201218962669384 0.260652706027031 1.1408391594886782 -0.30713127553462977 0.023524343967437748 1.1937422156333926
decision_type=2 2 2 2 2 2 2 2 2 2 2 2 2 2 2 2 2 2 2 2 2 2 2 2 2 2 2 2 2 2 2 2 2 2 2 2 2 2 2
left_child=-1 2 -2 4 -4 -3 7 8 9 10 12 -12 17 27 15 -7 -16 18 30 -20 21 -21 23 25 28 29 -27 -10 -8 -22 31 32 33 34 -6 -33 37 -28 -38
right_child=1 5 3 -5 6 14 24 -9 13 -11 11 -13 -14 -15 16 -17 -18 -19 19 20 22 -23 -24 -25 -26 26 36 -29 -30 -31 -32 35 -34 -35 -36 -37 38 -39 -40
leaf_value=0.81064129127905926 0.74636935684084893 0.079733748619373032 -0.32253174616674346 0.55657562690184403 -0.017584294714461799 -0.29727455706431949 -0.36155180022120481 1.0211775556206704 -0.23234278567326375 1.1871287853084505 1.2996952939964832 -0.22316266255719319 -0.5763951420783997 -0.67212395236680389 -0.47262450931248845 -0.92415899582531136 0.11180649998784065 -0.39406263386564599 1.0801888250559568 0.083748379248069035 -0.068255140755541066 0.91264339557715835 -0.38702907407035436 0.61031588571412232 -0.41267117427455058 0.62541394473984846 -0.061125466498461636 0.17086622528731824 0.03712003610350869 -0.33554332149334448 -0.23266494489261802 -0.29805862440003289 0.36082770851525398 0.27631481029093269 -0.2808588902000338 0.010559887876133284 -0.032000802799308496 0.58253721384839574 0.18112483091938955
leaf_weight=26 25 39 63 34 174 29 20 33 39 20 20 28 28 38 27 23 25 21 20 26 121 21 24 21 45 20 44 24 44 39 71 54 22 20 40 31 743 22 52
leaf_count=26 25 39 63 34 174 29 20 33 39 20 20 28 28 38 27 23 25 21 20 26 121 21 24 21 45 20 44 24 44 39 71 54 22 20 40 31 743 22 52
internal_value=-3.86693e-09 -0.00962406 0.00764828 -0.00148527 -0.0110296 -0.256872 -0.000834953 0.0124233 -0.00624688 0.011512 -0.00263506 0.411361 -0.0149472 -0.301993 -0.383099 -0.57455 -0.191648 -0.00503516 0.000185019 0.0289732 0.0104169 0.454106 -0.00878513 -0.000237247 -0.221724 -0.0125539 0.00939441 -0.0787394 -0.0874649 -0.133407 -0.0803799 -0.0486725 -0.0032403 -0.0374689 -0.0667945 -0.185504 -0.00491499 0.153429 -0.0180605
internal_weight=2216 2190 2047 2022 1988 143 1925 1816 1783 1682 1662 48 1614 101 104 52 52 1586 1565 1153 1133 47 1086 1062 109 1041 881 63 64 160 412 341 256 234 214 85 861 66 795
internal_count=2216 2190 2047 2022 1988 143 1925 1816 1783 1682 1662 48 1614 101 104 52 52 1586 1565 1153 1133 47 1086 1062 109 1041 881 63 64 160 412 341 256 234 214 85 861 66 795
is_linear=0
shrinkage=0.05


Tree=121
num_leaves=40
num_cat=0
split_feature=12 25 30 3 31 27 5 30 15 24 23 23 30 5 30 18 30 27 29 27 27 5 30 18 30 4 29 24 8 16 10 6 33 0 4 31 15 16 7
split_gain=7142.87 24971.8 6428.43 3787.72 41397.2 61601.1 11559.3 11044.6 9342.12 5259.97 4696.23 12951.6 3554.19 3109.62 2135.45 1775.21 1940.27 1586.29 2690.52 6170.04 2169.21 1509.86 1257.18 1275.24 1123.35 1088.12 1045.22 978.203 3361.62 992.282 945.118 849.821 853.614 1160.43 1362.15 823.291 797.471 3394.55 1206.15
threshold=-1.3944663405418394 -1.6300981044769285 -2.4608415365219112 -0.32855626940727228 -0.57379686832427967 -0.4262572824954986 -0.40264368057250971 1.0098809599876406 1.8629074692726137 1.5304850935935976 0.89250150322914135 0.82500630617141735 1.0098809599876406 3.0898362398147587 -0.88363802433013905 1.757795035839081 -0.34459145367145533 -0.020698061212897297 -0.41411091387271876 0.29725579917430883 0.028739431872963909 -0.36770796775817866 -0.55049610137939442 0.94052267074584972 0.40120925009250646 1.6952857375144961 -0.32574141025543207 0.12610423564910891 0.080681573599576964 1.0740585923194887 0.39604017138481146 0.72375559806823742 -0.047467352822422974 -0.88292127847671498 -0.81833621859550465 -0.85590088367462147 -0.54919627308845509 -0.51580002903938282 -0.36946609616279596
decision_type=2 2 2 2 2 2 2 2 2 2 2 2 2 2 2 2 2 2 2 2 2 2 2 2 2 2 2 2 2 2 2 2 2 2 2 2 2 2 2
left_child=2 -2 -1 12 5 -5 -7 8 9 10 11 13 15 14 -6 16 21 25 19 -19 -20 -3 -16 36 26 -18 -12 31 -29 -30 -25 32 33 34 -22 -17 -24 -38 -39
right_child=1 3 -4 4 7 6 -8 -9 -10 -11 24 -13 -14 -15 22 35 17 18 20 -21 27 -23 23 30 -26 -27 -28 28 29 -31 -32 -33 -34 -35 -36 -37 37 38 -40
leaf_value=-1.2156206293539569 1.6190518036795158 -0.14396840199180272 -0.15153413466876375 3.5971260219812393 -0.45913082835850894 1.1580450745671989 -0.45466438746452331 -1.0755572858576974 0.77851762312807538 0.66453884591658907 -0.72992821068599312 1.2187852076121741 -0.6548912425041199 -0.64017557061853869 0.29060197069364441 -0.060731640298451697 -0.057060738180425563 1.0829254069924354 0.50551821844918388 -0.023842128322404975 -0.061520078250517453 -0.61466518163681039 -0.13326935198924997 0.48689356967806818 -0.088521155324720213 -0.37370789174375862 -0.31548599498346452 0.67783306950614575 -0.16505755495350316 0.16031934539122242 0.046032049963551182 -0.33992206316727858 0.21057985802491508 -0.20732993438679684 0.34047200398312677 -0.44734060958027844 0.61460373614515573 0.14019865787182101 -0.077989855451227483
leaf_weight=22 24 115 40 20 27 20 25 24 38 27 29 21 25 21 34 21 421 20 21 34 96 20 170 20 21 29 32 21 53 42 31 26 30 93 27 40 21 78 337
leaf_count=22 24 115 40 20 27 20 25 24 38 27 29 21 25 21 34 21 421 20 21 34 96 20 170 20 21 29 32 21 53 42 31 26 30 93 27 40 21 78 337
internal_value=3.05664e-10 0.0152298 -0.529113 -0.00284142 0.0683039 1.28826 0.262095 -0.0168702 0.0111436 -0.0224125 -0.0444406 -0.00565341 -0.0653288 -0.040448 -0.0229072 -0.0520384 -0.0367763 -0.0106155 0.0543589 0.386072 0.0105631 -0.213701 -0.00586232 -0.0212045 -0.403932 -0.0774669 -0.512516 -0.0162257 0.105344 -0.0212067 0.218919 -0.0680715 -0.0393393 -0.0740503 0.0267221 -0.314246 -0.0414129 -0.00559726 -0.0369809
internal_weight=2216 2154 62 2130 996 65 45 931 907 869 842 760 1134 739 718 1109 1048 913 463 54 409 135 691 657 82 450 61 388 116 95 51 272 246 216 123 61 606 436 415
internal_count=2216 2154 62 2130 996 65 45 931 907 869 842 760 1134 739 718 1109 1048 913 463 54 409 135 691 657 82 450 61 388 116 95 51 272 246 216 123 61 606 436 415
is_linear=0
shrinkage=0.05


Tree=122
num_leaves=40
num_cat=0
split_feature=30 6 18 11 27 28 22 21 4 28 33 8 30 26 33 33 30 3 28 0 33 30 9 14 33 30 30 3 29 27 15 3 24 30 24 0 28 7 23
split_gain=7040.9 3634.69 6457.44 3059.25 2447.39 19891.2 5618.81 27155.4 5509.29 21893.3 3598.73 2795.68 2691.07 2654.52 3288.6 44123.8 2941 1947.55 1947.25 1758.31 2566.74 1632.05 1670.07 1496.11 1832.73 1413.41 2678.37 1355.78 1326.15 1994.24 6828.2 1220.64 1415.28 1157.44 1140.11 1118.03 1052.54 981.948 1401.44
threshold=-2.4608415365219112 4.711318016052247 -1.5910865664482114 -1.2946693301200864 0.25011114776134497 1.6180556416511538 0.58130306005477916 0.53240445256233226 1.8876955509185793 -0.15652740746736524 -0.04742735251784324 0.96793350577354442 0.74469712376594555 0.67441296577453624 -0.04748337343335151 -0.047484152019023888 0.6492697298526765 0.64087116718292247 -0.96137806773185719 -0.72390931844711293 -0.047485232353210442 1.0098809599876406 -1.105413496494293 0.094832137227058425 -0.047488352283835404 -0.1422249302268028 -0.10449956357479094 0.92474040389060985 0.16402238607406619 -0.099173549562692628 -0.23811689764261243 0.57817187905311596 0.1912660747766495 -0.011622950900346039 -1.1592360138893125 -0.16065999120473859 0.60304149985313427 0.94995784759521495 1.6492710113525393
decision_type=2 2 2 2 2 2 2 2 2 2 2 2 2 2 2 2 2 2 2 2 2 2 2 2 2 2 2 2 2 2 2 2 2 2 2 2 2 2 2
left_child=-1 2 3 -2 5 6 7 8 10 -10 13 21 27 14 15 18 25 35 -4 23 -21 22 34 24 33 -16 -27 37 29 31 -31 -28 -33 -20 -6 -15 -29 -8 -39
right_child=1 -3 4 -5 11 -7 12 -9 9 -11 -12 -13 -14 17 16 -17 -18 -19 19 20 -22 -23 -24 -25 -26 26 28 36 -30 30 -32 32 -34 -35 -36 -37 -38 38 -40
leaf_value=0.81796463361153249 -0.26528406224467538 0.66124847918748864 -0.29816532630759934 -1.0489731243252753 -0.13144049689173698 1.4353271308466793 0.042822648899422749 1.7651624570722166 -0.39425572745072157 1.8061503759026529 0.57158482534879895 -0.49203201053958195 -0.7272788943279358 -0.22252728528683147 -0.15451790203093266 2.305215438794006 -0.48052768951870112 -0.59510740234420223 0.55814025666078793 0.72391309851691843 -0.057834435076940631 -0.45745542633036779 -0.014222201505266452 -0.23773662927315425 -0.1033771154103857 0.59198683053255086 -0.14523064281857298 -0.62926599076017742 -0.16168353390340742 0.86831311491029028 -0.15044161916808471 -0.056711621114680935 0.39527428753930949 0.090004169556402391 -0.58639664593197061 0.20656519852578642 -0.18278609856285832 -0.30643883854537818 0.035618391602623221
leaf_weight=26 33 20 52 20 40 25 90 23 26 20 27 38 21 63 147 22 38 29 23 21 21 24 638 57 66 20 99 22 95 29 38 43 29 31 21 20 33 77 49
leaf_count=26 33 20 52 20 40 25 90 23 26 20 27 38 21 63 147 22 38 29 23 21 21 24 638 57 66 20 99 22 95 29 38 43 29 31 21 20 33 77 49
internal_value=-2.14164e-09 -0.009711 -0.015895 -0.561016 -0.00224762 0.0380263 0.011781 0.0662421 0.0277823 0.562443 0.00242729 -0.0740103 -0.182004 -0.0138688 0.0169287 0.151711 -0.056475 -0.242375 -0.0231124 0.0421969 0.333039 -0.0520396 -0.0381198 -0.0268165 0.0733705 -0.024247 0.0300018 -0.13975 -0.0037511 0.0592892 0.290512 -0.0313069 0.125338 0.289395 -0.288065 -0.119132 -0.361378 -0.0833169 -0.173417
internal_weight=2216 2190 2170 53 2117 1356 1331 1039 1016 46 970 761 292 943 831 293 538 112 271 219 42 723 699 177 120 500 353 271 333 238 67 171 72 54 61 83 55 216 126
internal_count=2216 2190 2170 53 2117 1356 1331 1039 1016 46 970 761 292 943 831 293 538 112 271 219 42 723 699 177 120 500 353 271 333 238 67 171 72 54 61 83 55 216 126
is_linear=0
shrinkage=0.05


Tree=123
num_leaves=40
num_cat=0
split_feature=28 9 16 11 7 27 20 27 31 30 30 30 30 3 6 0 23 17 33 21 28 6 21 8 28 27 14 14 12 18 12 29 33 33 15 14 4 30 27
split_gain=7023.96 19242.5 8657.75 3061.66 13755.1 4642.14 29883.5 9157.57 5639.03 5445.74 3688.76 3619.78 4810.35 11414 3701.33 2747.73 2512.98 2292.78 1765.43 1595.36 1516.39 1366.56 1338.59 1191.29 926.652 1235.33 895.867 621.394 1760.63 1175.17 733.35 700.915 929.014 1648.17 3510.84 1147.08 1015.06 866.033 836.378
threshold=-1.5452485680580137 -0.67128363251686085 -1.5581622719764707 1.6160847544670107 1.6315463185310366 -0.58386245369911183 0.39998349547386175 -0.61005219817161549 1.1102023720741274 1.0098809599876406 -1.0270565152168272 0.60025855898857128 0.25510999560356146 -0.31822121143341059 1.2630094289779665 2.798500776290894 -1.369966387748718 1.7914411425590517 -0.047483431175351136 -1.6905580163002012 -1.1700122356414793 2.872025847434998 -1.3289256095886228 0.77378767728805553 1.6180556416511538 -0.61005219817161549 1.3842077255249026 -0.9569198191165923 -0.92192900180816639 -1.4034081101417539 -1.2084381580352781 -0.85986977815628041 -0.047471197322010987 -0.047474030405282967 -0.19662933796644208 0.04401648789644242 -1.0347204208374021 0.27116943895816809 0.3867646604776383
decision_type=2 2 2 2 2 2 2 2 2 2 2 2 2 2 2 2 2 2 2 2 2 2 2 2 2 2 2 2 2 2 2 2 2 2 2 2 2 2 2
left_child=1 -1 16 4 5 6 7 8 11 10 -7 12 14 -14 20 17 19 21 24 -2 22 26 -4 -19 25 -5 27 29 -29 -12 -31 -30 33 36 -35 -36 37 -33 -34
right_child=2 -3 3 18 -6 9 -8 -9 -10 -11 15 -13 13 -15 -16 -17 -18 23 -20 -21 -22 -23 -24 -25 -26 -27 -28 28 31 30 -32 32 38 34 35 -37 -38 -39 -40
leaf_value=1.7742791903018951 -0.62580052465200431 -0.30648168373107909 -0.12382794771539539 -0.20859028739125832 1.1847438548803331 0.62448482103645808 1.5998826244563769 1.0349845391653834 -0.77999126811822261 -0.63212036514604419 0.224041318833828 -0.61547377833298278 -0.020661004687227855 1.4362958352267743 0.60048954702913759 -0.53721353468986655 -0.99588751287563992 -0.058355397181585437 -0.66260090896061496 -0.021148392558097841 -0.014895797212375328 0.35173551090634786 -0.58941986996393936 -0.55996171832084662 -0.42834897196811178 0.24694929231296886 -0.34632345229387285 0.42757488832188151 0.28142147317883515 -0.36740870863199238 -0.093154450524956564 -0.21577382338674447 -0.18212074009758053 0.70718884640015089 -0.25865027898301685 0.23020108367005984 0.017533510462089907 0.044795150441738471 0.0019061540992095555
leaf_weight=20 24 25 38 46 25 22 33 21 24 37 25 21 41 20 20 26 23 20 21 20 128 26 26 29 23 22 20 24 21 30 130 95 132 26 24 24 720 48 116
leaf_count=20 24 25 38 46 25 22 33 21 24 37 25 21 41 20 20 26 23 20 21 20 128 26 26 29 23 22 20 24 21 30 130 95 132 26 24 24 720 48 116
internal_value=1.84454e-09 0.618301 -0.012816 0.00500193 0.0193037 0.00449129 0.163542 0.0237212 -0.0430603 -0.0326039 -0.0183664 0.0170973 0.0657567 0.45703 -0.0468266 -0.0275739 -0.572352 -0.0187986 -0.249365 -0.350959 -0.114255 -0.00751534 -0.312975 -0.355224 -0.154003 -0.0612098 -0.0140244 -0.00932761 0.00352255 -0.0947638 -0.144577 -0.0049163 -0.00999064 0.0127854 0.239245 -0.0142246 -0.00663293 -0.12831 -0.0960436
internal_weight=2216 45 2171 2104 1992 1967 372 339 318 1595 1558 294 273 61 212 1536 67 1510 112 44 192 1461 64 49 91 68 1435 1415 1230 185 160 1206 1185 937 74 48 863 143 248
internal_count=2216 45 2171 2104 1992 1967 372 339 318 1595 1558 294 273 61 212 1536 67 1510 112 44 192 1461 64 49 91 68 1435 1415 1230 185 160 1206 1185 937 74 48 863 143 248
is_linear=0
shrinkage=0.05


Tree=124
num_leaves=40
num_cat=0
split_feature=15 20 11 12 5 5 33 30 15 7 30 26 4 30 5 7 13 30 30 5 5 11 8 12 8 16 17 15 20 27 27 7 30 29 6 8 6 24 0
split_gain=6831.67 7871.39 2839.86 7408.56 15869.4 2417.61 10172.8 36965.1 21356.4 10611.5 8534.28 12034.4 3259.48 2851.77 1977.1 1882.14 3213.89 1778.75 1494.62 1412.05 1644.04 1345.45 1410.14 5480.81 1790.56 3061.7 1615.55 1165.84 1661.67 923.163 1924.58 2476.09 2333.64 2010.41 2985.6 1463.93 1251.87 1116.15 831.362
threshold=-1.584319472312927 -1.6137911677360532 -1.2946693301200864 -1.2313437461853025 -0.36552448570728296 -0.35460707545280451 -0.047481184825301163 0.73168373107910167 1.8629074692726137 -0.57883545756340016 0.68561020493507396 0.9546494483947755 1.8876955509185793 1.0098809599876406 -0.092589199542999254 1.6315463185310366 1.7659478187561037 -0.5347447097301482 1.0098809599876406 0.082089379429817214 0.88779434561729442 0.39466437697410589 -0.31464405357837671 -0.35531365871429438 -0.0079607171937823278 0.02155470754951239 0.4551082998514176 0.85686403512954723 0.34888623654842382 -0.18530245870351789 1.0000000180025095e-35 -0.35332137346267695 -0.40183690190315241 -0.51274108886718739 -0.19443313032388684 0.33830393850803381 1.5763595104217532 1.3465879559516909 -0.62732163071632374
decision_type=2 2 2 2 2 2 2 2 2 2 2 2 2 2 2 2 2 2 2 2 2 2 2 2 2 2 2 2 2 2 2 2 2 2 2 2 2 2 2
left_child=-1 -2 17 4 -4 13 7 8 9 -7 11 12 21 15 -11 29 -17 -3 -12 -16 -21 22 -8 -24 -25 -26 -27 28 -23 36 31 -31 -32 34 -34 -33 37 -5 -18
right_child=1 2 3 5 -6 6 10 -9 -10 14 18 -13 -14 -15 19 16 38 -19 -20 20 -22 27 23 24 25 26 -28 -29 -30 30 32 35 33 -35 -36 -37 -38 -39 -40
leaf_value=0.65591194499761629 -0.79015468182042248 -0.73916567340493211 1.6087321819906888 -0.037073710977214659 -0.23253925514221191 1.0917777853459121 -0.090205177117501756 2.2296604555586113 1.6591427632740565 -0.29752195824132582 -0.45977183573302771 0.89048384055761365 -0.66341599117625849 -0.64344284236431126 0.32041214825264341 -0.77584793671317731 0.1499177938948075 -0.12623456360065732 -1.0637231981754303 -0.22927757882681049 0.22280845274527869 -0.43315446273950137 0.85647362459983156 -0.1772343132161088 0.59621746882934257 -0.24347814163683276 0.28745383406462882 -0.56497579038143164 0.13593539107462457 0.58983948635718508 -0.33733458788889759 -0.25119144743680955 -0.03396142107248306 -0.018633627673547589 0.78564850516617302 0.2709136681310062 -0.3889469292856032 -0.3890829642613729 -0.25111701850380219
leaf_weight=39 32 20 22 365 25 20 226 23 21 86 21 35 22 20 29 23 24 29 20 61 30 23 21 77 27 38 23 20 29 31 53 25 25 499 20 29 31 24 28
leaf_count=39 32 20 22 365 25 20 226 23 21 86 21 35 22 20 29 23 24 29 20 61 30 23 21 77 27 38 23 20 29 31 53 25 25 499 20 29 31 24 28
internal_value=-2.34167e-09 -0.0117504 -0.000137819 0.00865863 0.629332 -0.0055784 0.0587969 0.312456 0.133931 -0.0077923 -0.05888 -0.00617095 -0.0681925 -0.0513994 -0.114547 -0.0413392 -0.283703 -0.376411 -0.754382 0.0165856 -0.0802382 -0.0411369 -0.0062872 0.0956777 -0.00115092 0.152922 -0.0432907 -0.240555 -0.115777 -0.0248444 0.0110686 0.233667 -0.0206248 0.0102312 0.33031 0.0291983 -0.0831601 -0.0587915 -0.066024
internal_weight=2216 2177 2145 2096 47 2049 852 270 247 226 582 541 506 1197 206 1177 75 49 41 120 91 484 412 186 165 88 61 72 52 1102 682 85 597 544 45 54 420 389 52
internal_count=2216 2177 2145 2096 47 2049 852 270 247 226 582 541 506 1197 206 1177 75 49 41 120 91 484 412 186 165 88 61 72 52 1102 682 85 597 544 45 54 420 389 52
is_linear=0
shrinkage=0.05


Tree=125
num_leaves=40
num_cat=0
split_feature=10 19 21 18 29 30 18 33 13 14 13 13 30 5 3 27 15 30 3 16 6 6 27 17 12 8 29 30 30 29 0 4 4 5 5 7 10 27 33
split_gain=6633.26 25637.1 3879.71 42808.3 7361.51 4403.71 2262.94 3184.18 2184.8 18784.9 3573.22 17620.5 24646.4 2603.13 2339.22 1673.55 1615.77 1425.31 1308.37 1234.58 1063.36 2837.22 754.904 1206.61 966.78 736.791 668.414 743.276 1003.35 937.221 1365.07 657.751 718.868 642.705 3714.95 713.174 565.51 549.517 536.735
threshold=-1.4419063925743101 -1.633947432041168 -1.056096017360687 -1.0568026304244993 2.3943476676940922 1.0098809599876406 -1.5910865664482114 -0.047405436635017388 1.5881919264793398 1.4663060307502749 0.97933045029640209 0.89478415250778209 0.14126014709472659 -0.086038753390312181 2.6286451816558842 -1.1536921858787534 1.8295560479164126 0.65969780087471019 -0.4353517591953277 0.84721967577934276 2.9755042791366582 2.2832190990448002 -0.8057689070701598 -1.3745294809341428 -1.2084381580352781 2.0366030931472783 1.1304740905761721 -0.31357385218143458 -0.28542430698871607 -0.32574141025543207 0.1054927632212639 -0.85276097059249867 0.55250677466392528 0.82119813561439525 1.1476287245750429 0.49783511459827429 0.97683763504028331 0.35458844900131231 -0.047487730160355561
decision_type=2 2 2 2 2 2 2 2 2 2 2 2 2 2 2 2 2 2 2 2 2 2 2 2 2 2 2 2 2 2 2 2 2 2 2 2 2 2 2
left_child=-1 -2 4 -4 6 8 -3 17 9 10 11 14 -13 36 15 -5 20 22 25 -15 21 26 31 -24 -25 -10 27 29 -29 -17 -31 -8 -33 -30 -35 37 -12 -36 -38
right_child=1 2 3 5 -6 -7 7 -9 18 -11 13 12 -14 19 -16 16 -18 -19 -20 -21 -22 -23 23 24 -26 -27 -28 28 33 30 -32 32 -34 34 35 -37 38 -39 -40
leaf_value=-0.72626224371694759 1.792243794798851 -0.59373000101609674 2.3212081477046014 -0.47357003211975102 -1.1010706217586994 0.57697140388190749 -0.44726842471531464 0.42790195379277751 -0.29592190321821432 1.3886586014802258 0.13726835288107395 -0.16969297772104092 2.2250558137893677 -0.83811642023779109 -0.55077228177161452 -0.29572152543067931 -0.45936015529558061 -0.52109763508751283 -0.42382442566255735 -0.34159177527312312 -0.27902921531881603 0.57678909443673632 0.30019647073745731 -0.38078906278718605 -0.00326717141512278 0.039798816970803522 0.25847788304090502 0.30664424804540785 -0.020844151226177429 -0.1660351886402541 0.23719117806758733 0.009548036165927587 -0.34959475506435744 0.68974569060585722 -0.16457862930011846 0.24621269154761519 -0.30617726304951837 0.083230036880288807 -0.027243496605328151
leaf_weight=31 20 22 20 20 20 32 21 29 26 24 20 22 21 21 21 50 20 21 48 31 35 21 25 22 74 44 23 26 1044 61 32 38 22 22 62 21 34 35 35
leaf_count=31 20 22 20 20 20 32 21 29 26 24 20 22 21 21 21 50 20 21 48 31 35 21 25 22 74 44 23 26 1044 61 32 38 22 22 62 21 34 35 35
internal_value=-8.47552e-10 0.0103039 -0.00615739 0.0203751 -0.175008 -0.00448538 -0.107413 -0.0649564 -0.0147144 -0.000281671 -0.0201592 0.0019538 0.999836 -0.261049 -0.0267863 -0.0193109 -0.0130539 -0.12905 -0.222766 -0.542111 -0.00682057 -7.43184e-07 -0.0882926 -0.00920842 -0.0897826 -0.0848975 -0.0088035 -0.0133471 -0.000607021 -0.121148 -0.0272906 -0.206431 -0.122138 -0.00735409 0.0932432 -0.0179691 -0.0968335 -0.0751631 -0.164689
internal_weight=2216 2185 2165 1871 294 1851 274 252 1819 1701 1677 1536 43 141 1493 1472 1452 223 118 52 1432 1397 202 121 96 70 1376 1353 1210 143 93 81 60 1184 140 118 89 97 69
internal_count=2216 2185 2165 1871 294 1851 274 252 1819 1701 1677 1536 43 141 1493 1472 1452 223 118 52 1432 1397 202 121 96 70 1376 1353 1210 143 93 81 60 1184 140 118 89 97 69
is_linear=0
shrinkage=0.05


Tree=126
num_leaves=40
num_cat=0
split_feature=29 21 22 5 4 22 11 11 16 26 33 7 18 29 11 27 13 15 30 17 26 30 6 12 10 15 31 3 11 26 26 33 22 31 22 4 9 12 18
split_gain=6929.43 4196.62 6489.58 2872.07 2156.98 2234.23 3816.55 28249.3 3416.97 3310.17 2421.63 2226.69 5684.89 4911.76 9896.33 2282.36 1614.67 4451.61 1492.91 1397.37 1308.31 1367.01 1557.58 1759.59 3824.73 1211.66 1186.36 1115.03 949.134 1026.93 3319.71 902.147 858.56 857.61 1836.56 1364.91 1063.69 813.997 1218.27
threshold=3.2934920787811284 -1.6710991859436033 -1.6503179669380186 3.5429087877273564 2.0524426698684697 2.3331806659698491 1.2957069873809817 1.1975004673004153 1.840181350708008 0.84657806158065807 -0.047482984140515321 -0.66309869289398182 -1.0717446804046629 0.75466626882553112 -0.23725380003452298 -1.1536921858787534 -0.58716601133346547 -0.56291991472244252 0.80684712529182445 0.20855872333049777 -0.47881220281124109 0.83155819773674022 2.3458890914916997 -0.36445645987987513 -0.37865266203880305 -0.1829450652003288 2.4671766757965092 -0.3678294420242309 -0.31712549924850458 -0.25226458907127375 -0.28699962794780726 -0.047335436567664139 -1.6105053424835203 -0.23221742361783979 -0.47977708280086512 -0.97570654749870289 -0.77376422286033619 1.7161071300506594 1.757795035839081
decision_type=2 2 2 2 2 2 2 2 2 2 2 2 2 2 2 2 2 2 2 2 2 2 2 2 2 2 2 2 2 2 2 2 2 2 2 2 2 2 2
left_child=1 31 -3 4 5 6 7 8 9 11 37 18 -13 15 -15 -14 17 -17 32 -11 -18 22 23 24 25 -22 27 -6 -25 30 -30 -1 -4 -34 35 -35 -37 -8 -39
right_child=-2 2 3 -5 26 -7 10 -9 -10 19 -12 12 13 14 -16 16 20 -19 -20 -21 21 -23 -24 28 -26 -27 -28 -29 29 -31 -32 -33 33 34 -36 36 -38 38 -40
leaf_value=-0.72209104008295322 0.84498400023827946 0.80141435766220104 -0.37985509520485289 0.58745333850383763 -0.38983754001814747 0.39895290793741456 -0.30885141369827251 1.8329232042744046 0.54665148114716566 -0.56095156562825055 -0.64967955865206262 0.76774409688436074 -0.50402786582708359 -0.22226587567478417 1.3506558826565742 -0.11083814786239105 -0.18550731870796411 0.63887652191850874 -0.4212384551763535 -0.17275450082094063 0.21856387220323087 -0.37780737978490919 0.43664123322814707 -0.25428756398982122 0.77910560486109359 -0.30356947988271715 -0.53544512015581136 -0.0028867645045885675 -0.035914749880226297 -0.016772703422751774 0.72850470282137403 -0.26392599230720881 -0.11523208447544989 0.31718337470242247 0.35425189496683229 -0.047957595511599706 -0.44408704459667209 0.1085972711775038 -0.36040682390332224
leaf_weight=22 24 25 21 20 29 34 47 21 27 30 31 26 22 20 20 44 93 36 32 102 25 22 22 38 23 20 25 52 49 681 20 21 239 22 35 111 20 45 20
leaf_count=22 24 25 21 20 29 34 47 21 27 30 31 26 22 20 20 44 93 36 32 102 25 22 22 38 23 20 25 52 49 681 20 21 239 22 35 111 20 45 20
internal_value=-1.59891e-09 -0.00925165 0.000534588 -0.00889196 -0.0145606 -0.00289993 -0.00985665 0.00967538 -0.0115958 -0.0200971 -0.258583 -0.000720656 0.0367292 0.0199835 0.564195 0.00010365 0.01044 0.226533 -0.0913026 -0.260981 -0.00696935 0.0114796 0.0212339 0.0105576 0.25459 -0.0134954 -0.234354 -0.141425 -0.0105011 0.00185075 0.185656 -0.498336 -0.0677357 -0.0523856 0.0275097 -0.0472353 -0.108435 -0.150333 -0.0357117
internal_weight=2216 2192 2149 2124 2104 1998 1964 1821 1800 1773 143 1641 1161 1135 40 1095 1073 80 480 132 993 900 878 856 68 45 106 81 788 750 69 43 448 427 188 153 131 112 65
internal_count=2216 2192 2149 2124 2104 1998 1964 1821 1800 1773 143 1641 1161 1135 40 1095 1073 80 480 132 993 900 878 856 68 45 106 81 788 750 69 43 448 427 188 153 131 112 65
is_linear=0
shrinkage=0.05


Tree=127
num_leaves=40
num_cat=0
split_feature=30 28 22 10 10 21 25 5 5 23 28 28 30 8 29 22 7 15 19 30 15 16 30 29 29 19 15 24 9 15 6 6 15 7 29 11 13 4 7
split_gain=6949.36 3414.68 6735.23 2925.15 12731.2 10906.1 7810.66 4145.27 14867 59011.1 6226.76 42069.1 3454.29 3000.25 2817.79 2783.29 2029.25 1779.89 1389.37 1129.12 3068.59 2801.8 1101.97 1092.15 1312.55 1054.22 1040.11 1579.12 953.469 1026.44 3311.21 1378.02 1020.01 847.639 816.033 796.712 1710.14 731.36 719.012
threshold=-2.4608415365219112 -1.5968321561813352 -1.6769025325775144 -0.57133969664573658 -0.53129842877387989 -0.52162006497383107 -0.8819722831249236 -0.14280929416418073 0.11047465354204179 0.94117367267608654 -0.073230277746915803 -0.14348310977220533 0.86204820871353161 1.2154778838157656 -0.57701632380485524 0.43905407190322882 0.92996451258659374 -1.5233836174011228 -0.050829095765948289 0.061883460730314262 0.076058216392993941 0.4841600507497788 0.9120679795742036 1.6874600648880007 1.1304740905761721 -0.020940506830811497 1.7172574996948244 1.5985196232795718 -0.49795934557914728 0.24344982206821444 2.3298573493957524 1.1624458432197573 0.29279781877994543 -0.14751520752906797 0.91963148117065441 1.6160847544670107 1.4054045081138613 0.30046838521957403 -0.53461477160453785
decision_type=2 2 2 2 2 2 2 2 2 2 2 2 2 2 2 2 2 2 2 2 2 2 2 2 2 2 2 2 2 2 2 2 2 2 2 2 2 2 2
left_child=-1 -2 -3 17 5 -5 -6 12 9 15 11 14 16 19 -10 25 28 -4 33 20 -12 -22 23 24 34 -9 35 -28 -8 31 32 38 -31 -16 -19 36 -18 -23 -30
right_child=1 2 3 4 6 -7 7 8 10 -11 13 -13 -14 -15 18 -17 26 22 -20 -21 21 37 -24 -25 -26 -27 27 -29 29 30 -32 -33 -34 -35 -36 -37 -38 -39 -40
leaf_value=0.81263011613717451 -0.49955311179161072 0.71829240722581744 -0.47592678053244469 1.7244044892489911 0.98053479589521886 0.14347964643190306 0.3016404677521099 0.083876520224979947 0.34986971043050291 3.0707565263286236 -0.51930869996547702 1.9990522886040034 -0.68104414512281841 -0.62123656777398928 -0.32652929262775515 0.4937372113844114 -0.10403425793163479 -0.062800927366860229 -0.56546158901218213 -0.21186446477659049 0.6473267767239701 0.16962314248085023 -0.42559348267057673 -0.42560081304538822 0.26902857088837129 -0.320045884711047 -0.74256040498614317 -0.18264735516379862 -0.33906868018887265 0.32789221327929274 0.65316310144960887 -0.42211864950328037 -0.032184253503238003 0.04027563897626741 -0.36793286688625815 0.047538149911303854 -0.61101616819699611 -0.24814373159950431 -0.043320029230567464
leaf_weight=26 35 32 31 20 20 24 22 35 20 20 20 27 23 35 36 28 80 463 33 136 22 20 23 21 29 30 20 34 22 21 20 29 310 28 23 43 21 22 312
leaf_count=26 35 32 31 20 20 24 22 35 20 20 20 27 23 35 36 28 80 463 33 136 22 20 23 21 29 30 20 34 22 21 20 29 310 28 23 43 21 22 312
internal_value=3.72571e-11 -0.00964766 -0.00169096 -0.0125433 0.023867 0.862082 -0.000902302 -0.0142643 0.100566 0.60685 -0.0428178 0.220029 -0.0756991 -0.191249 -0.190514 0.0769779 -0.0607923 -0.107148 -0.301934 -0.122842 0.0212895 0.190226 -0.0866972 -0.072155 -0.0577426 -0.102549 -0.202885 -0.390023 -0.0225663 -0.0325559 0.0284099 -0.0915063 -0.00933952 -0.166052 -0.0772413 -0.132708 -0.209446 -0.0492071 -0.0628005
internal_weight=2216 2190 2155 2123 1533 44 1489 1469 512 113 399 144 957 255 117 93 934 590 97 220 84 64 559 536 515 65 198 54 736 714 351 363 331 64 486 144 101 42 334
internal_count=2216 2190 2155 2123 1533 44 1489 1469 512 113 399 144 957 255 117 93 934 590 97 220 84 64 559 536 515 65 198 54 736 714 351 363 331 64 486 144 101 42 334
is_linear=0
shrinkage=0.05


Tree=128
num_leaves=40
num_cat=0
split_feature=12 30 30 26 4 17 14 13 23 23 3 13 27 14 26 5 30 0 0 18 15 24 9 18 30 7 29 29 8 29 8 27 16 20 7 8 11 16 30
split_gain=6607.08 23160.2 6148.08 4855.6 13625.1 4880.41 2264.94 17550.4 4673.2 29158.9 4313.16 2437.26 4242.03 3081.29 21200.7 2330.68 2131.84 2056.16 4508.75 1878.93 1556.76 1541.25 1210.54 1702.59 1103.42 1253.06 2343.69 1087.54 1879.72 1120.44 1198.06 1084.87 1039.88 1022.96 1082.55 1016.93 996.325 876.397 1085.07
threshold=-1.3944663405418394 -1.3757219314575193 -2.4608415365219112 -1.3333665728569029 -0.30196486413478846 -1.4076604247093198 1.5510139465332033 1.4338148832321169 1.1383608579635622 1.0580972433090212 2.5976400375366215 0.26049153506755834 -1.1976896524429319 -0.10403063148260115 -0.083055350929498659 0.33974029123783117 0.78961768746376049 -0.50318855047225941 -0.73285263776779164 1.7937170863151553 -1.5332865118980405 0.059351081028580673 1.5215843915939333 1.757795035839081 0.9120679795742036 -1.172109007835388 1.1304740905761721 -0.9346151053905486 0.031234527938067917 -0.73741695284843434 -0.24031122028827664 -0.46763706207275385 1.1562393307685854 0.21227244287729266 0.44319847226142889 -0.267839565873146 -0.222337931394577 -1.2818565368652342 -0.30713127553462977
decision_type=2 2 2 2 2 2 2 2 2 2 2 2 2 2 2 2 2 2 2 2 2 2 2 2 2 2 2 2 2 2 2 2 2 2 2 2 2 2 2
left_child=2 -2 -1 4 -3 20 7 8 9 10 11 12 -7 24 -15 32 19 18 21 31 -5 -16 -8 -24 25 -14 27 -27 29 -29 35 33 -10 34 -13 37 -32 -31 -39
right_child=1 3 -4 5 -6 6 22 -9 15 -11 -12 16 13 14 17 -17 -18 -19 -20 -21 -22 -23 23 -25 -26 26 -28 28 -30 30 36 -33 -34 -35 -36 -37 -38 38 -40
leaf_value=-1.1802528747103431 1.4979065465239378 -0.23360634181234571 -0.13962783537805082 -0.81485208988189695 1.4882314731180668 0.70383148044347765 -0.56286534667015076 1.3558059937398261 0.0193446451039226 1.7429571683208149 0.59306156589039449 -0.32765739164182123 -0.32943413387451859 1.2281669594156437 0.27687417793273927 -0.80231611482475129 -0.59659635885195295 -0.10901388316221226 0.68408429652452474 -0.53392955596032354 -0.27888608440047219 -0.20557852887681555 0.054861471658911226 -0.34419420304206705 -0.38017594863971077 -0.38431200202215804 0.49746505023822901 0.31084174351258714 0.43879298823220392 0.26612578021443406 -0.39102645726051444 -0.019942349822649474 -0.40509231268398227 -0.41327135381477609 0.019160948764710202 0.30951354916800156 -0.08352772366693792 -0.20507485720739571 -0.018691967957456132
leaf_weight=22 26 27 40 20 20 22 20 24 27 24 29 35 35 39 25 23 22 192 30 23 42 49 55 52 24 22 21 22 21 23 43 316 31 37 63 22 68 93 487
leaf_count=22 26 27 40 20 20 22 20 24 27 24 29 35 35 39 25 23 22 192 30 23 42 49 55 52 24 22 21 22 21 23 43 316 31 37 63 22 68 93 487
internal_value=2.6142e-10 0.0146475 -0.508882 -0.00347504 0.499091 -0.0148256 -0.00140757 0.012313 -0.00494819 0.011889 -0.0116763 -0.0217902 0.0157311 0.00328187 0.132355 -0.376405 -0.115442 -0.0120258 0.167029 -0.0931099 -0.451778 -0.0425877 -0.205811 -0.139072 -0.0457981 -0.036434 -0.0239583 -0.0376286 -0.0278378 -0.0407655 -0.0512755 -0.070629 -0.20751 -0.189273 -0.104703 -0.0243916 -0.202649 -0.0365739 -0.0485775
internal_weight=2216 2154 62 2128 47 2081 2019 1892 1868 1787 1763 1734 1238 1216 335 81 496 296 104 474 62 74 127 107 881 857 822 801 779 758 736 451 58 135 98 625 111 603 580
internal_count=2216 2154 62 2128 47 2081 2019 1892 1868 1787 1763 1734 1238 1216 335 81 496 296 104 474 62 74 127 107 881 857 822 801 779 758 736 451 58 135 98 625 111 603 580
is_linear=0
shrinkage=0.05


Tree=129
num_leaves=40
num_cat=0
split_feature=30 6 18 11 0 0 3 9 27 4 14 26 3 5 10 0 14 30 11 30 30 33 6 7 9 9 4 30 30 30 7 24 15 12 29 7 29 10 31
split_gain=6911.44 3253.39 5711.34 2757.12 2218.67 29947.8 4002.5 3307.72 29792.6 6646.96 5103.79 12101.7 2606.1 2510.21 2207.74 2356.32 12496.4 5075.61 2004.4 1631.1 1162.36 1157.86 1144.76 960.506 802.446 1124.91 896.049 2612.07 1308.34 5512.13 1803.25 1229.51 865.258 1062.38 888.583 840.834 1565.11 790.953 1521.68
threshold=-2.4608415365219112 4.711318016052247 -1.5910865664482114 -1.2946693301200864 -0.68312785029411305 -0.66076958179473866 -0.24449787288904187 1.2217946052551272 0.11470322310924531 0.96498912572860729 0.92901721596717846 0.91091963648796093 0.57817187905311596 3.179359078407288 -1.2903800606727598 -0.57419842481613148 -0.095148753374814973 1.0098809599876406 1.6160847544670107 0.86204820871353161 -0.42359459400176996 -0.047486949712038033 2.872025847434998 -1.191425561904907 0.54812896251678478 0.45686323940753942 -0.39355930685997004 -0.30713127553462977 0.12581545859575274 0.15367031842470172 -0.98040553927421559 -0.64093452692031849 -0.3743527084589004 -0.086974613368511186 -0.22738069295883176 0.13398900628089908 -0.747401863336563 1.1447533965110781 -0.74593421816825856
decision_type=2 2 2 2 2 2 2 2 2 2 2 2 2 2 2 2 2 2 2 2 2 2 2 2 2 2 2 2 2 2 2 2 2 2 2 2 2 2 2
left_child=-1 2 3 -2 6 -6 19 10 9 18 11 13 -12 14 -7 16 -16 22 -9 20 21 -4 23 -17 25 26 27 -25 35 -30 -31 -32 -33 -34 -35 36 -28 38 -22
right_child=1 -3 4 -5 5 7 -8 8 -10 -11 12 -13 -14 -15 15 17 -18 -19 -20 -21 37 -23 -24 24 -26 -27 28 -29 29 30 31 32 33 34 -36 -37 -38 -39 -40
leaf_value=0.8104100006704148 -0.24738573874488023 0.625169456768781 -0.035102729976177215 -0.99136997282505035 1.7470024878978732 0.44855777492316867 -0.75898383912586032 -0.66436144832907063 2.0166370597481729 0.53126313321052065 -0.19062274123700162 1.2235472600162032 -0.77380678923179713 -0.5719706137478352 -0.3079406165159666 -0.35581393865021793 1.0765449249318668 -0.80463072742734632 -0.13576931366102493 -0.43727312595755968 -0.019011408990447939 -0.52130798678845169 0.27016399316489698 0.53458709120750425 -0.13459058228852977 0.28185377301591819 0.33264138088984924 0.0056025576723609562 0.79518337060104727 0.4305669641494751 -0.31709736819379031 0.20844177560259902 -0.23436463283280196 0.31981165527942634 -0.0370514978555221 -0.27560670875133048 -0.10563039813800293 -0.17472404063692396 0.34886956570049127
leaf_weight=26 33 20 25 20 25 26 21 29 20 31 53 20 30 20 39 22 28 21 47 27 446 24 33 27 137 33 22 172 22 20 40 36 59 21 103 62 275 71 30
leaf_count=26 33 20 25 20 25 26 21 29 20 31 53 20 30 20 39 22 28 21 47 27 446 24 33 27 137 33 22 172 22 20 40 36 59 21 103 62 275 71 30
internal_value=-6.89385e-10 -0.00962131 -0.0154719 -0.528135 -0.00263719 0.0312081 -0.0800503 0.00158454 0.245309 -0.0857802 -0.021847 0.00360046 -0.401412 -0.0164315 -0.00715706 -0.0172668 0.27065 -0.0347242 -0.337469 -0.0571649 -0.0399452 -0.273244 -0.019809 -0.0289138 -0.0219247 -0.00462062 -0.015626 0.0773743 -0.0436671 0.0332147 -0.0268689 -0.0621921 -0.0156341 -0.0597146 0.023385 -0.108128 -0.0731658 -0.0190465 0.00417437
internal_weight=2216 2190 2170 53 2117 1473 644 1448 127 107 1321 1238 83 1218 1198 1172 67 1105 76 623 596 49 1084 1051 1029 892 859 199 660 301 279 259 219 183 124 359 297 547 476
internal_count=2216 2190 2170 53 2117 1473 644 1448 127 107 1321 1238 83 1218 1198 1172 67 1105 76 623 596 49 1084 1051 1029 892 859 199 660 301 279 259 219 183 124 359 297 547 476
is_linear=0
shrinkage=0.05


Tree=130
num_leaves=40
num_cat=0
split_feature=28 30 7 30 30 30 11 7 12 5 5 30 12 5 27 29 33 30 28 27 4 6 15 30 18 19 3 31 33 29 29 21 7 28 20 7 20 28 29
split_gain=6829.46 18569.7 7910.01 5033.17 3643.11 3326.68 2514.52 13061.7 4179.02 23639 3106.44 2496.83 2046.21 1933.57 1848.59 16922.6 1494.29 1030.98 1010.96 1276.38 922.094 988.264 837.683 754.783 873.863 2935.28 877.333 890.425 880.479 814.099 2416.34 1049.32 958.694 902.781 3938.38 1606.15 2993.28 1021.85 1024.77
threshold=-1.5452485680580137 -0.18787831068038938 -1.3164669871330259 -2.4608415365219112 1.2409112453460696 -1.3757219314575193 1.6160847544670107 1.6315463185310366 1.2761033177375796 -0.12315795570611952 3.3049092292785649 0.9120679795742036 0.88168898224830639 -0.086038753390312181 -1.1976896524429319 -0.15099124610424039 -0.047483431175351136 -0.65878006815910328 1.6180556416511538 -0.61005219817161549 2.0844084024429326 2.872025847434998 -1.4713804721832273 -0.55049610137939442 -0.59442287683486927 -0.56351080536842335 -0.16388451308012006 -0.46131463348865503 -0.047462342306971543 -0.48707868158817286 -0.44785918295383448 -0.55546247959136952 0.97382035851478588 0.44649717211723333 0.20388298481702807 -0.18509795516729352 0.42660297453403478 0.39326329529285436 -0.3728205263614654
decision_type=2 2 2 2 2 2 2 2 2 2 2 2 2 2 2 2 2 2 2 2 2 2 2 2 2 2 2 2 2 2 2 2 2 2 2 2 2 2 2
left_child=1 -1 3 -2 5 -4 7 8 10 -10 11 12 14 -14 15 22 18 -16 19 -8 21 23 -7 -19 26 -26 28 -28 -25 32 -31 -32 -27 37 -35 -36 -37 38 -33
right_child=2 -3 4 -5 -6 6 16 -9 9 -11 -12 -13 13 -15 17 -17 -18 20 -20 -21 -22 -23 -24 24 25 29 27 -29 -30 30 31 33 -34 34 35 36 -38 -39 -40
leaf_value=1.7452687293663622 -1.1617607420141047 -0.29879133701324462 0.58359193404515586 -0.24847268130009376 0.67638873323798188 -0.50864354485557195 -0.20402454086376923 1.1402759494632482 -0.33691727325722981 1.7966477414965631 0.58176455242293224 -0.46762486156076194 -0.072882367775720713 -0.47821001013533943 -0.22867561589227992 1.4662935258075596 -0.61905289451990819 0.25249686677146843 -0.43769334295521611 0.25902101956307888 -0.22377930198396956 0.26722686532038181 -0.080283453226089485 -0.066289782801200403 0.60829534158110621 -0.17065324048685321 -0.49445988645777111 -0.13044926188708769 0.19901916900196592 0.51986225331607072 0.34197989201003853 -0.2927104135176965 0.20371021211147308 0.73464899223297842 -0.18183580498774479 0.64537855415117173 0.023276284895837308 -0.3238614182453603 -0.011811871124941748
leaf_weight=20 22 25 24 48 20 21 46 25 37 20 21 32 85 45 56 20 21 27 23 22 49 33 25 202 20 118 20 105 37 23 22 35 20 20 81 21 244 32 449
leaf_count=20 22 25 24 48 20 21 46 25 37 20 21 32 85 45 56 20 21 27 23 22 49 33 25 202 20 118 20 105 37 23 22 35 20 20 81 21 244 32 449
internal_value=5.08445e-10 0.60968 -0.0126373 -0.535506 0.00478336 -0.00167128 -0.00849983 0.00476585 -0.0100194 0.411702 -0.0229223 -0.0298162 -0.0220759 -0.213188 -0.00728747 0.25208 -0.238873 -0.0178936 -0.151139 -0.0542157 -0.0103173 -0.00338581 -0.275839 -0.0094361 -0.0143168 0.00817336 -0.0813549 -0.188691 -0.0252168 -0.00309653 0.0137703 0.000894071 -0.116398 -0.00761374 0.0524498 0.0130164 0.072575 -0.050217 -0.0321248
internal_weight=2216 45 2171 70 2101 2081 2057 1945 1920 57 1863 1842 1810 130 1680 66 112 1614 91 68 1558 1509 46 1476 1449 1085 364 125 239 1065 927 904 138 882 366 346 265 516 484
internal_count=2216 45 2171 70 2101 2081 2057 1945 1920 57 1863 1842 1810 130 1680 66 112 1614 91 68 1558 1509 46 1476 1449 1085 364 125 239 1065 927 904 138 882 366 346 265 516 484
is_linear=0
shrinkage=0.05


Tree=131
num_leaves=40
num_cat=0
split_feature=30 30 30 25 15 17 31 11 11 24 23 28 30 16 28 28 33 5 31 9 13 5 0 24 6 6 29 29 31 0 29 29 9 23 15 30 3 0 22
split_gain=6944.02 3452.73 5324.18 3662.33 2369 10062.9 3043.77 2408.56 23489.2 3500.37 3480.83 1669.04 1410.61 1622.65 1746.1 9424.21 1293.09 1271.44 1072.36 1044 921.615 895.529 794.166 681.337 673.186 1697.17 638.475 570.21 538.073 2323.4 592.273 1874.07 866.281 839.971 1206.7 734.739 1129.58 3704.05 1651.41
threshold=-2.4608415365219112 -0.88363802433013905 -0.7744469642639159 -1.6367047429084776 2.1951055526733403 1.8931055068969729 2.9253710508346562 1.3433995842933657 1.2277661561965945 0.85250473022460949 1.6492710113525393 0.2057161629199982 1.2409112453460696 -1.5509770512580869 -1.2388885617256162 -1.179234445095062 -0.047485353425145142 -0.35242359340190882 0.13146317005157473 -1.2198464870452879 -0.93772524595260609 0.51005190610885631 0.17274641245603564 1.8391020298004153 3.2509608268737797 2.3458890914916997 -0.16418681293725965 -0.60456100106239308 0.86960539221763622 0.80861538648605358 -0.48707868158817286 -0.44785918295383448 -0.51203489303588856 0.19876669347286227 0.23013318330049518 -0.50479614734649647 -0.31822121143341059 -0.64681804180145253 0.43905407190322882
decision_type=2 2 2 2 2 2 2 2 2 2 2 2 2 2 2 2 2 2 2 2 2 2 2 2 2 2 2 2 2 2 2 2 2 2 2 2 2 2 2
left_child=-1 20 -3 -4 5 6 7 8 9 12 18 16 13 -5 26 -16 -11 -6 -9 -17 22 -13 -2 -12 25 28 27 -15 29 30 32 -32 -21 -34 -35 -33 -37 -38 -39
right_child=1 2 3 4 17 -7 -8 10 -10 11 23 21 -14 14 15 19 -18 -19 -20 24 -22 -23 -24 -25 -26 -27 -28 -29 -30 -31 31 35 33 34 -36 36 37 38 -40
leaf_value=0.81231782592546475 -0.0066304312646389002 0.69881518461086145 -0.59754397685711202 0.44128720641136171 -0.13665798016956873 0.8369461675484976 0.607142041977495 -0.35152013088975637 1.4650072237959615 -0.72364742515178826 0.22845455809411677 -0.015065982003436715 0.35800497907179374 -0.30422497808933263 0.96232833743095414 -0.30839920957883199 -0.25813741275242402 -0.62877409316244581 -0.82418048097973784 0.17599560013413429 -0.62663124773813328 -0.4006086613982916 -0.45221047755330801 -0.11106970773802863 -0.28506134646860037 0.40204303812980657 -0.4496453252549355 0.044798790053887802 -0.084727725060656678 0.50874103524468162 0.41556979197042959 0.22552665232708963 -0.24413201658164754 0.3059544312102454 -0.16209806088358164 0.026124419709398911 -0.71398732987317182 -0.10273971776012332 0.16785117274201994
leaf_weight=26 20 27 26 20 35 36 20 28 27 26 22 61 27 25 25 30 35 21 21 25 23 20 20 45 22 25 26 22 224 22 27 33 85 21 40 624 22 260 72
leaf_count=26 20 27 26 20 35 36 20 28 27 26 22 61 27 25 25 30 35 21 21 25 23 20 20 45 22 25 26 22 224 22 27 33 85 21 40 624 22 260 72
internal_value=1.05287e-09 -0.00964395 0.00116083 -0.00780902 -0.000416003 0.00848587 -0.00656184 -0.0128177 0.00106938 -0.0206603 -0.233815 -0.25902 -0.000477205 -0.00634328 -0.0118357 -0.000630264 -0.456552 -0.321202 -0.554089 -0.0163443 -0.374434 -0.110262 -0.22942 0.000415872 -0.010511 -0.00642987 -0.250833 -0.140852 -0.0134483 -0.000477879 -0.00974406 0.00446015 -0.0959661 -0.142535 -0.000965236 -0.00651904 -0.0143488 -0.0856914 -0.0440574
internal_weight=2216 2190 2127 2100 2074 2018 1982 1962 1846 1819 116 142 1677 1650 1630 1557 61 56 49 1532 63 81 40 67 1502 1480 73 47 1455 1231 1209 1038 171 146 61 1011 978 354 332
internal_count=2216 2190 2127 2100 2074 2018 1982 1962 1846 1819 116 142 1677 1650 1630 1557 61 56 49 1532 63 81 40 67 1502 1480 73 47 1455 1231 1209 1038 171 146 61 1011 978 354 332
is_linear=0
shrinkage=0.05


Tree=132
num_leaves=40
num_cat=0
split_feature=15 20 6 30 4 29 16 5 5 33 28 30 24 29 12 27 29 27 30 6 3 18 16 29 29 8 26 33 0 27 3 0 33 5 24 22 33 30 30
split_gain=6614.43 6929.31 2893.2 6314.59 3789.85 4646.79 3823.98 18214.1 3736.01 4229.11 2679.4 12631.3 2575.94 2555.32 2128.95 1639.54 2171.38 2095.13 1722.61 1543.14 1532.07 1122.44 2533.36 1057.23 2574.07 1034.18 980.47 1884.37 7673.34 1873.19 1056.64 2118.63 4365 1228.6 1149.47 1471.95 937.623 893.444 892.397
threshold=-1.584319472312927 -1.6137911677360532 -0.43636856973171229 1.0098809599876406 2.0844084024429326 1.29120808839798 1.840181350708008 0.068988487124443068 -0.3808088600635528 -0.04742735251784324 -1.2250468134880064 -0.11439772695302962 1.5304850935935976 0.089282345026731505 0.99506542086601268 -0.020698061212897297 -0.51274108886718739 0.020323134958744053 -0.29523576796054835 1.5763595104217532 0.080022599548101439 -0.65026244521141041 -0.63082122802734364 0.45624069869518286 0.35684481263160711 -0.7297811210155486 -0.41681288182735438 -0.047475527971982949 0.64155447483062755 -0.44540180265903467 -0.31822121143341059 -0.73285263776779164 -0.047484707087278359 -0.2432494834065437 0.049283228814601905 -0.047170149162411683 -0.047485062852501862 0.54583135247230541 0.50587067008018505
decision_type=2 2 2 2 2 2 2 2 2 2 2 2 2 2 2 2 2 2 2 2 2 2 2 2 2 2 2 2 2 2 2 2 2 2 2 2 2 2 2
left_child=-1 -2 3 4 5 6 10 -8 9 15 11 -3 14 25 21 19 -17 -18 -19 -4 -16 -12 -23 24 26 -10 -24 30 -29 -30 31 33 -33 34 35 -28 -32 -25 -20
right_child=1 2 8 -5 -6 -7 7 -9 13 -11 12 -13 -14 -15 20 16 17 18 38 -21 -22 22 23 37 -26 -27 27 28 29 -31 36 32 -34 -35 -36 -37 -38 -39 -40
leaf_value=0.64539871498560297 -0.7419012073427439 -0.47462261517842608 -0.096736781171272157 0.76298229257265726 0.71194091901183132 0.7072328400022041 -0.24520289469987919 1.5812483590628421 0.059199210149901253 0.61821724213659768 -0.12011824338717321 1.2811224589962513 0.38066408506317723 -0.69097432896897604 -0.096083768632938618 0.39271153619184213 0.47282391339540486 -0.35371528750374204 0.029278825847394465 -0.41290968060493471 -0.51239047638880908 0.53497291092168209 -0.13304201864525675 -0.28635094819688484 0.54274386655200613 -0.35394013169588467 -0.07314762450754643 1.0879645770788193 0.46555134743452076 -0.067335088688080164 -0.3286358278531295 0.90436975628137584 -0.095786579446091008 -0.40264279693365101 -0.097826970296187532 0.52620696308357384 -0.057808713776475132 0.095157316202918688 -0.18707584801871899
leaf_weight=39 32 21 271 30 20 24 39 21 28 24 228 20 37 37 51 34 20 42 248 45 39 22 125 57 22 33 20 20 20 94 39 20 24 20 72 21 177 21 59
leaf_count=39 32 21 271 30 20 24 39 21 28 24 228 20 37 37 51 34 20 42 248 45 39 22 125 57 22 33 20 20 20 94 39 20 24 20 72 21 177 21 59
internal_value=2.04565e-10 -0.011562 -0.000666532 0.0459677 0.0290835 0.0181927 0.00474797 0.394055 -0.0729745 -0.0347013 -0.0152165 0.381838 -0.0296357 -0.363148 -0.0435378 -0.0564956 0.010363 -0.0248669 -0.0533879 -0.141761 -0.276483 -0.0226145 0.00610751 -0.00936462 0.0108034 -0.164302 -0.00714549 0.0227161 0.184633 0.0261538 -0.0324922 0.0580763 0.35883 -0.0414211 0.022512 0.233839 -0.106708 -0.183637 -0.0123007
internal_weight=2216 2177 2145 1304 1274 1254 1230 60 841 743 1170 41 1129 98 1092 719 403 369 349 316 90 1002 774 752 674 61 652 527 134 114 393 177 44 133 113 41 216 78 307
internal_count=2216 2177 2145 1304 1274 1254 1230 60 841 743 1170 41 1129 98 1092 719 403 369 349 316 90 1002 774 752 674 61 652 527 134 114 393 177 44 133 113 41 216 78 307
is_linear=0
shrinkage=0.05


Tree=133
num_leaves=40
num_cat=0
split_feature=28 4 7 30 30 30 11 7 8 11 3 30 12 13 3 15 27 7 5 29 27 14 7 29 6 27 27 29 3 4 30 4 3 29 30 4 29 0 27
split_gain=6500.53 17895.7 7807.28 5237.79 2970.81 2973.75 2418.62 12088.5 3884.48 22459.7 3604.65 2767.68 2023.49 2811.34 1995.01 2115.56 1479.23 8660.79 1467.03 1272.51 1195.96 1649.74 946.309 1037.06 881.707 928.919 1469.12 1350.98 3717.56 923.204 1181.37 837.264 4079.65 1442.58 977.492 882.935 828.535 795.337 726.999
threshold=-1.5452485680580137 0.2291599586606026 -1.3164669871330259 -2.4608415365219112 -1.3757219314575193 1.2409112453460696 1.6160847544670107 1.6315463185310366 1.1994026899337771 1.2277661561965945 2.5976400375366215 0.9120679795742036 -1.3265537619590757 -1.2825429439544676 0.78211680054664623 1.1662511229515078 -1.1976896524429319 -0.56186982989311207 -0.13407536596059796 -0.45463125407695765 -0.46763706207275385 0.92901721596717846 -1.172109007835388 1.1304740905761721 2.872025847434998 1.0000000180025095e-35 -0.036157628521323197 -0.44785918295383448 0.47482140362262731 -1.0371792912483213 0.11389412730932237 -0.38556784391403193 -0.094295192509889589 -0.42408676445484156 -0.10887978971004485 -0.18270766735076902 -0.18148659914731977 -0.8233588933944701 0.82099193334579479
decision_type=2 2 2 2 2 2 2 2 2 2 2 2 2 2 2 2 2 2 2 2 2 2 2 2 2 2 2 2 2 2 2 2 2 2 2 2 2 2 2
left_child=1 -1 3 -2 -4 6 7 8 9 10 11 12 -6 -14 15 -10 17 -15 19 -8 21 -18 -22 24 25 26 27 28 -24 30 37 32 -31 34 -33 -35 -21 -27 -37
right_child=2 -3 4 -5 5 -7 18 -9 14 -11 -12 -13 13 16 -16 -17 20 -19 -20 36 22 -23 23 -25 -26 29 -28 -29 -30 31 -32 33 -34 35 -36 38 -38 -39 -40
leaf_value=-0.29701470255851747 -1.1706494079394776 1.7096055382490158 0.55808243577678995 -0.23898176851992808 0.39203292737404505 0.60533214390277867 -0.45105711184442043 1.0980847581028939 0.083867591311191703 1.5252016881480814 0.53860113451193115 -0.49167239319893624 -0.53815434506306292 0.91171824428439141 -0.77757205310321997 -0.55826015838462373 -0.07647460122575607 -0.40439679485559465 -0.49617722802278075 0.23563935635611416 -0.30513777584396307 -0.52382495958696718 -0.058400902544197289 0.3539459205809094 0.27711974585628407 -0.089386811302128166 0.41372653290077493 -0.013292943578542903 0.74699285075716348 -6.3911698788498689e-06 -0.0042721528293831008 -0.010087759065486137 0.74137178517878066 -0.24835515599220229 -0.43320452846013585 0.0501873932899006 -0.15299295987933875 -0.47097686773373026 -0.10190781246708787
leaf_weight=25 22 20 24 48 30 20 20 25 29 24 29 31 26 25 21 23 326 25 36 24 25 22 38 21 28 22 27 294 23 257 56 21 20 39 39 248 32 36 115
leaf_count=25 22 20 24 48 30 20 20 25 29 24 29 31 26 25 21 23 326 25 36 24 25 22 38 21 28 22 27 294 23 257 56 21 20 39 39 248 32 36 115
internal_value=-5.99272e-10 0.594817 -0.0123292 -0.531792 0.00497795 -0.00141325 -0.00731257 0.00569769 -0.0085261 0.00561273 -0.0143928 -0.023332 -0.0150968 -0.0221447 -0.366258 -0.20015 -0.0142851 0.253661 -0.23325 -0.108705 -0.0223704 -0.104755 -0.000468186 0.00546385 -0.000330384 -0.00662075 0.0581783 0.0311366 0.245272 -0.0356398 -0.168078 -0.0152095 0.0535227 -0.056419 -0.285114 -0.0222855 0.0135637 -0.326236 0.00200296
internal_weight=2216 45 2171 70 2101 2077 2057 1945 1920 1847 1823 1794 1763 1733 73 52 1707 50 112 76 1657 348 1309 1284 1263 1235 382 355 61 853 114 739 277 462 60 402 56 58 363
internal_count=2216 45 2171 70 2101 2077 2057 1945 1920 1847 1823 1794 1763 1733 73 52 1707 50 112 76 1657 348 1309 1284 1263 1235 382 355 61 853 114 739 277 462 60 402 56 58 363
is_linear=0
shrinkage=0.05


Tree=134
num_leaves=40
num_cat=0
split_feature=30 30 30 27 24 13 23 23 3 30 30 5 15 11 18 6 27 29 6 5 16 13 15 0 3 27 3 29 19 17 29 29 26 15 33 22 3 13 17
split_gain=6608.88 3360.81 4826.26 3362.71 2218.4 14070.6 4793.49 26785.1 3598.69 2956.7 2879.24 2041.72 1722.06 1603.27 1388.98 1116.79 1394.36 11179.2 1740.95 1034.91 906.97 887.696 844.737 706.146 676.813 655.273 1334.37 2160.13 929.555 1224.78 556.362 1825.61 1664.96 3068.98 748.253 692.452 841.273 812.112 676.334
threshold=-2.4608415365219112 -0.88363802433013905 -0.7744469642639159 -2.0437217950820918 1.5985196232795718 1.4338148832321169 1.1383608579635622 1.0580972433090212 2.6286451816558842 1.3463437557220461 1.0098809599876406 0.33974029123783117 1.8295560479164126 1.6424623727798464 1.757795035839081 2.9478129148483281 -1.1976896524429319 -0.0043747618328779927 2.3458890914916997 -0.39172627031803126 1.1562393307685854 -0.93772524595260609 1.0725123882293703 0.17274641245603564 -0.3340682834386825 -0.55673480033874501 -0.26447898149490351 0.063669886440038695 0.039658768102526672 -0.44081726670265192 -0.46601891517639155 -0.4286902099847793 -0.66989871859550465 -0.66484293341636647 -0.047472350299358361 0.47903792560100561 -0.77985331416130055 -0.037355797365307801 -1.3745294809341428
decision_type=2 2 2 2 2 2 2 2 2 2 2 2 2 2 2 2 2 2 2 2 2 2 2 2 2 2 2 2 2 2 2 2 2 2 2 2 2 2 2
left_child=-1 21 -3 -4 5 6 7 8 9 10 12 20 15 -6 22 16 17 -5 25 -16 -8 23 -15 -2 -17 26 -18 28 29 -28 32 -32 33 -27 35 36 -34 -38 -33
right_child=1 2 3 4 13 -7 11 -9 -10 -11 -12 -13 -14 14 19 24 18 -19 -20 -21 -22 -23 -24 -25 -26 30 27 -29 -30 -31 31 38 34 -35 -36 -37 37 -39 -40
leaf_value=0.79247309330564286 -0.016908688396215437 0.66548313520572799 -0.60854405035143322 -0.21140166722858944 -0.55276359434311206 1.1911773968935013 -0.0092164856416207773 1.6732959762215616 0.62755575061521751 0.5887118107080459 -0.53502947290738423 -0.77779223387656016 -0.41095112062714717 -0.097867059851846391 -0.11535572419563929 -0.46317117781866168 -0.000152302962831325 1.1497048461979087 0.45200875744223601 -0.5796903002262116 -0.40560188514571038 -0.6168227430271066 0.31284924743785747 -0.43707114323973661 -0.066329137235879895 -0.1783397906592914 -0.26600213313102722 -0.6458273693919182 -0.39732050679624087 0.19796418175383501 0.44127522396544622 0.28163220378614606 -0.24162403953075412 0.62126696280070715 -0.39644921023398638 -0.28505378644410018 -0.09717841155827045 0.35340801090002061 -0.0048169308528674517
leaf_weight=26 20 27 23 48 26 25 27 24 22 20 27 23 27 31 30 21 162 22 20 20 31 23 21 20 22 28 25 24 20 33 24 21 25 21 30 37 20 20 1100
leaf_count=26 20 27 23 48 26 25 27 24 22 20 27 23 27 31 30 21 162 22 20 20 31 23 21 20 22 28 25 24 20 33 24 21 25 21 30 37 20 20 1100
internal_value=6.49638e-10 -0.00940836 0.00125163 -0.00728849 -0.000630386 0.0126121 -0.00270186 0.0138434 -0.00805154 -0.015833 -0.0226371 -0.379157 -0.0147317 -0.202269 -0.112927 -0.00852277 -0.00208268 0.216375 -0.0115808 -0.30109 -0.221078 -0.36931 0.0679991 -0.22699 -0.260136 -0.0174121 -0.0893491 -0.231015 -0.10338 -0.0020213 -0.00308984 0.00978712 -0.0845491 0.164349 -0.176943 -0.112382 -0.0140924 0.128115 0.000549199
internal_weight=2216 2190 2127 2100 2077 1949 1924 1843 1819 1797 1777 81 1750 128 102 1723 1680 70 1610 50 58 63 52 40 43 1590 264 102 78 58 1326 1145 181 49 132 102 65 40 1121
internal_count=2216 2190 2127 2100 2077 1949 1924 1843 1819 1797 1777 81 1750 128 102 1723 1680 70 1610 50 58 63 52 40 43 1590 264 102 78 58 1326 1145 181 49 132 102 65 40 1121
is_linear=0
shrinkage=0.05


Tree=135
num_leaves=40
num_cat=0
split_feature=27 18 30 30 12 5 30 29 29 27 3 29 22 25 25 4 30 6 11 12 6 15 12 7 33 4 3 3 7 4 29 30 6 15 16 30 16 22 10
split_gain=6079.49 4925.37 8010.78 4898.42 3802.97 4010.23 2443.12 2715.83 6047.99 39763.7 89390.4 4073.5 2846.96 3214.61 9105.92 2432.94 2416.42 2164.23 1637.79 1405.79 1314.27 1298.84 1295.09 1453.05 924.881 1545.09 2068.7 2553.44 1172.99 1117.29 2267.6 1018.11 990.315 888.958 5417.62 940.628 961.674 1945.98 4675.66
threshold=-2.1934885978698726 -1.4155634045600889 -1.1101645231246946 -1.0270565152168272 -1.3265537619590757 -0.4048271626234054 1.2409112453460696 0.24387346208095553 -0.0043747618328779927 -0.61005219817161549 -0.1287453509867191 0.21100564301013949 2.3331806659698491 1.6707471013069155 1.5501758456230166 2.0844084024429326 0.95535138249397289 2.872025847434998 0.84642362594604503 0.91939166188240062 2.1578789949417119 1.8629074692726137 1.7689762711524966 1.5819175839424136 -0.047488911077380173 -0.80112382769584645 0.27569949626922613 -0.58831045031547535 0.59595096111297619 -0.43843443691730494 0.45624069869518286 0.46835884451866155 -0.16236939281225202 -0.57336550951004017 -0.50446477532386769 0.58546778559684765 0.099900886416435256 -0.17629089951515195 -0.15423948317766187
decision_type=2 2 2 2 2 2 2 2 2 2 2 2 2 2 2 2 2 2 2 2 2 2 2 2 2 2 2 2 2 2 2 2 2 2 2 2 2 2 2
left_child=-1 2 -2 -3 5 -4 7 8 12 10 -10 18 13 14 15 17 20 19 -11 33 24 -15 23 -21 -9 26 27 -26 29 30 -27 -31 -33 -5 -35 36 37 -36 -39
right_child=1 3 4 6 -6 -7 -8 16 9 11 -12 -13 -14 21 -16 -17 -18 -19 -20 22 -22 -23 -24 -25 25 28 -28 -29 -30 31 -32 32 -34 34 35 -37 -38 38 -40
leaf_value=0.65375130397932868 -1.0711339151417769 0.73474795178550745 -0.15664523254180779 -0.10579108471611461 -0.36631029513664548 0.7636742751300335 0.55079436689615258 0.16066950025892449 -0.12656063117989988 -0.024876102517138288 4.1096886417269713 0.53509600210574371 0.47927796200469691 -0.16690523341918986 1.0348850323446095 -0.52947158813476569 -0.60717636580052581 0.48478393733501435 -0.39973401345989923 -0.1615330836494987 -0.39146906826645139 -0.67698801824679744 0.086303198167255957 -0.57451311903340485 -0.19430188261903825 0.5568534233942628 -0.0025429993174796882 -0.91448742106556902 -0.35522205972671511 -0.11780618604463644 -0.041976783026096434 -0.054768760557527899 0.40304167071978259 0.65841391644170211 -0.06055338292215498 0.30186545618555766 -0.084665635617912849 0.88440326537404745 0.027820026439925035
leaf_weight=35 27 23 29 206 64 20 20 43 33 249 20 31 27 24 20 25 23 20 33 89 32 26 35 28 32 25 43 20 25 156 43 27 21 31 156 22 346 21 66
leaf_count=35 27 23 29 206 64 20 20 43 33 249 20 31 27 24 20 25 23 20 33 89 32 26 35 28 32 25 43 20 25 156 43 27 21 31 156 22 346 21 66
internal_value=1.24282e-09 -0.0104912 -0.297384 0.00918785 -0.112505 0.218995 0.000918337 -0.00458593 0.0286434 0.205519 1.47202 -0.00893737 -0.0280435 -0.0403284 -0.0219331 -0.0421593 -0.106851 -0.0302154 -0.0687425 -0.0405153 -0.0822095 -0.432148 -0.180541 -0.260366 -0.0594594 -0.0836062 -0.259124 -0.471296 -0.0274642 0.00266062 0.178181 -0.0558463 0.145523 -0.0154164 0.0135823 -0.0191342 -0.031124 0.0451122 0.234581
internal_weight=2216 2181 140 2041 113 49 2018 1998 1508 366 53 313 1142 1115 1065 1045 490 1020 282 1000 467 50 152 117 435 392 95 52 297 272 68 204 48 848 642 611 589 243 87
internal_count=2216 2181 140 2041 113 49 2018 1998 1508 366 53 313 1142 1115 1065 1045 490 1020 282 1000 467 50 152 117 435 392 95 52 297 272 68 204 48 848 642 611 589 243 87
is_linear=0
shrinkage=0.05


Tree=136
num_leaves=40
num_cat=0
split_feature=12 25 30 27 30 28 11 7 27 20 29 30 0 29 8 29 5 5 9 6 6 7 17 33 8 7 4 12 3 19 30 27 26 23 7 18 3 6 6
split_gain=6229.15 23068.4 6136.05 3596.94 5407.62 4140.88 2350.22 14055.3 4391.49 25434.9 12709 3889.71 2660.52 2346.2 2018.63 1527.86 2489.72 1309.95 1280.62 975.752 912.309 866.593 854.725 705.668 646.963 1597.34 1699.79 1144.06 865.253 1951.49 4428.63 1466.36 2124.31 1144.67 930.855 844.797 804.793 768.837 1473.63
threshold=-1.3944663405418394 -1.6300981044769285 -2.4608415365219112 -1.2386001944541929 -1.1101645231246946 -1.2250468134880064 1.6160847544670107 1.6315463185310366 -0.58386245369911183 0.39998349547386175 0.53710132837295543 1.158700227737427 2.798500776290894 0.071945838630199446 1.2154778838157656 -0.091077558696269975 -0.36552448570728296 -0.13407536596059796 -1.2198464870452879 2.872025847434998 -0.17402893304824826 0.92996451258659374 1.8931055068969729 -0.047487325966358178 0.11235216632485391 0.11392801254987718 0.10006712004542352 0.083669725805521025 0.73319759964942943 -0.58301496505737294 -0.048282079398632043 0.3867646604776383 -0.40620639920234675 0.13657109439373019 0.024409710429608825 1.757795035839081 0.5092715620994569 -0.070550519973039613 -0.1594545096158981
decision_type=2 2 2 2 2 2 2 2 2 2 2 2 2 2 2 2 2 2 2 2 2 2 2 2 2 2 2 2 2 2 2 2 2 2 2 2 2 2 2
left_child=2 -2 -1 13 -5 -6 7 8 9 10 15 12 14 -3 18 20 -17 22 -10 24 21 23 -8 -7 25 28 -27 -26 33 30 -30 -31 -33 34 36 -29 37 38 -20
right_child=1 3 -4 4 5 6 17 -9 11 -11 -12 -13 -14 -15 -16 16 -18 -19 19 -21 -22 -23 -24 -25 27 26 -28 35 29 31 -32 32 -34 -35 -36 -37 -38 -39 -40
leaf_value=-1.1648272080854936 1.5557093853751818 -0.14682469579080742 -0.12522046791156755 0.83023974150419244 0.60774335403527535 0.22367593046277762 0.043665044964888156 1.2645485505461693 -0.31928587386553942 1.4791466056849019 1.2111859717965128 -0.65826189064979557 -0.52148651822849557 -0.67532205858400896 -0.37578344597266272 -0.019360420207182566 -0.56517643801545592 -0.48566299578973227 -0.0048566407212258687 0.29348545220025163 -0.21583945731583395 0.35728970879600164 -0.31476669660929979 -0.091000232872583214 -0.30623872764408588 0.012480197440494192 0.64937149360775948 -0.014107844577875079 0.93665935769677167 -0.15184459524850052 -0.070760019558171433 -0.11588378730371143 0.44328400254249573 0.30714252540469172 -0.34319924501081311 -0.28481058773975215 -0.2526259530637715 -0.12106823737538137 0.37521674484014511
leaf_weight=22 24 84 40 20 28 25 39 22 33 33 20 25 27 28 39 45 39 35 460 27 38 21 29 62 42 22 20 410 20 72 24 33 35 25 24 31 37 129 27
leaf_count=22 24 84 40 20 28 25 39 22 33 33 20 25 27 28 39 45 39 35 460 27 38 21 29 62 42 22 20 410 20 72 24 33 35 25 24 31 37 129 27
internal_value=7.87957e-10 0.0142224 -0.494113 -0.00314648 0.0121607 0.00397172 -0.00460981 0.00821756 -0.00676308 0.174465 0.00224675 -0.0395976 -0.0295347 -0.278949 -0.0207382 -0.102878 -0.272775 -0.237121 -0.0113251 -0.00425782 -0.00512967 0.069009 -0.109196 -0.000576048 -0.00995524 0.0144704 0.315762 -0.0568848 0.000187953 0.0967006 0.387158 0.00541403 0.171923 -0.0251088 -0.0373781 -0.0331368 -0.0261381 -0.0125341 0.0162152
internal_weight=2216 2154 62 2130 2018 1998 1970 1867 1845 283 250 1562 1537 112 1510 230 84 103 1471 1438 146 108 68 87 1411 928 42 483 886 184 44 140 68 702 677 441 653 616 487
internal_count=2216 2154 62 2130 2018 1998 1970 1867 1845 283 250 1562 1537 112 1510 230 84 103 1471 1438 146 108 68 87 1411 928 42 483 886 184 44 140 68 702 677 441 653 616 487
is_linear=0
shrinkage=0.05


Tree=137
num_leaves=40
num_cat=0
split_feature=30 30 6 18 0 0 3 17 24 5 10 24 27 12 11 0 14 30 27 13 3 4 6 10 31 13 29 0 12 0 10 8 22 14 28 20 31 20 4
split_gain=6576.28 3194.05 4441.47 4434.64 2150.63 25759.2 3110.5 2791.12 23349.7 3131.26 2299.31 2088.97 2010.01 2890.96 4264.76 2219.05 10197.1 4206.04 1539.45 1764.39 1464.03 1311.92 1278.21 1099.57 1467 961.994 809.556 717.41 716.652 653.846 651.008 2071.24 1285.41 2564.01 883.547 1595.97 1201.14 2208.08 836.872
threshold=-2.4608415365219112 -0.88363802433013905 4.6428182125091562 -1.5910865664482114 -0.68312785029411305 -0.66076958179473866 -0.24449787288904187 1.8931055068969729 1.3891622424125674 3.3049092292785649 -1.2736026644706724 -1.4537886977195738 -0.79134586453437794 1.4253037571907046 1.0874515175819399 -0.57419842481613148 -0.095148753374814973 1.0098809599876406 -1.0741553902626035 1.6231963038444521 1.5710253715515139 2.0844084024429326 2.872025847434998 1.1447533965110781 -0.74593421816825856 -0.93772524595260609 1.0458561778068545 -0.88292127847671498 1.5455594062805178 0.17274641245603564 0.0094286585226655024 0.031234527938067917 0.43905407190322882 -0.10403063148260115 0.26274403929710394 -0.092555843293666826 -0.36338680982589716 -0.60003775358200062 0.40312792360782629
decision_type=2 2 2 2 2 2 2 2 2 2 2 2 2 2 2 2 2 2 2 2 2 2 2 2 2 2 2 2 2 2 2 2 2 2 2 2 2 2 2
left_child=-1 25 3 11 6 -6 18 9 -9 10 -7 -3 20 14 15 16 -14 21 19 -5 -12 22 26 24 27 29 30 -20 -25 -2 31 32 34 -34 35 36 37 -17 -38
right_child=1 2 -4 4 5 7 -8 8 -10 -11 12 -13 13 -15 -16 17 -18 -19 23 -21 -22 -23 -24 28 -26 -27 -28 -29 -30 -31 -32 -33 33 -35 -36 -37 38 -39 -40
leaf_value=0.79051581850418684 -0.0099357612617313879 -0.09895927332341671 0.74260222762823114 -0.63845722986304243 1.6297376964092256 0.49288768180730669 -0.67026641219854355 1.6020559054353964 -0.40662359102414208 0.61633887365460405 -0.13304036456745852 -0.77315780332794892 -0.26822802546537589 0.42315372566764176 -0.55798591554164889 -0.034739075217928204 1.0040073902479241 -0.73310205519199378 -0.0014651370744513887 0.0036722137033939361 -0.59209515213966368 -0.24770064482501911 0.36541778644919398 -0.40756499618291858 0.30046075342430012 -0.61790663807288471 0.30267521982843226 -0.15947777840986171 -0.031853936070745645 -0.41423934102058413 -0.054044945549593361 0.50699703376740224 -0.12604868799448013 0.66498897409155255 -0.15850320770460016 0.39041287733448882 -0.1249220532687082 0.62384322628378874 0.048875056909135552
leaf_weight=26 20 20 20 23 25 22 21 23 39 20 132 27 36 39 35 35 28 20 391 20 20 51 25 30 36 23 22 88 22 20 379 22 20 21 85 27 162 20 121
leaf_count=26 20 20 20 23 25 22 21 23 39 20 132 27 36 39 35 35 28 20 391 20 20 51 25 30 36 23 22 88 22 20 379 22 20 21 85 27 162 20 121
internal_value=-1.19103e-09 -0.00938512 0.00100702 -0.00603232 0.00492444 0.0388727 -0.0719568 0.0105453 0.338532 -0.00460755 -0.0140016 -0.486265 -0.0225797 4.31952e-05 -0.0148363 0.00286415 0.288375 -0.0152276 -0.0513592 -0.339792 -0.193442 -0.000725108 0.0126889 -0.0294851 -0.00735986 -0.360244 0.00304095 -0.0304946 -0.24861 -0.212088 -0.00434913 0.0323657 0.0110991 0.279117 -0.0133203 0.0204895 -0.00906063 0.204745 -0.050613
internal_weight=2216 2190 2127 2107 2060 1429 631 1404 62 1342 1322 47 1300 1148 1109 1074 64 1010 610 43 152 990 939 567 515 63 914 479 52 40 892 513 491 41 450 365 338 55 283
internal_count=2216 2190 2127 2107 2060 1429 631 1404 62 1342 1322 47 1300 1148 1109 1074 64 1010 610 43 152 990 939 567 515 63 914 479 52 40 892 513 491 41 450 365 338 55 283
is_linear=0
shrinkage=0.05


Tree=138
num_leaves=40
num_cat=0
split_feature=29 21 19 5 3 3 29 26 26 26 13 12 19 30 30 5 4 27 3 6 30 33 26 28 18 6 28 8 4 27 30 29 29 29 5 8 27 29 3
split_gain=6240.3 3952.11 5671.8 2476.92 1936.58 5781.41 8753.55 4173.71 28662.5 3358.18 7694.98 3096.84 1966.83 1851.52 1709.57 1526.77 1236.08 1211.53 7415.3 1268.07 1109.05 956.885 892.243 886.627 876.915 847.831 835.346 713.556 699.33 1120.14 1038.92 842.178 957.971 2049.73 961.917 1604.62 838.001 757.86 721.795
threshold=3.2934920787811284 -1.6710991859436033 -1.5992504954338072 3.5429087877273564 1.8624736666679385 1.6654188036918642 -0.077669773250818239 1.385194003582001 1.294765889644623 0.83371827006340038 0.81179574131965648 1.7161071300506594 0.9653870463371278 1.2409112453460696 -0.65878006815910328 -0.18866241723299024 2.0524426698684697 -1.1976896524429319 -0.51665413379669178 2.872025847434998 -0.55049610137939442 -0.047335436567664139 0.97007769346237194 -0.095167335122823701 1.5376403331756594 1.127467215061188 0.44649717211723333 0.94184795022010814 -0.97939488291740406 -0.35323175787925715 0.15867774188518527 -0.85986977815628041 -0.46601891517639155 -0.41597388684749598 -0.2432494834065437 0.20037150382995608 -0.55673480033874501 0.40936382114887243 -0.29410611093044275
decision_type=2 2 2 2 2 2 2 2 2 2 2 2 2 2 2 2 2 2 2 2 2 2 2 2 2 2 2 2 2 2 2 2 2 2 2 2 2 2 2
left_child=1 21 -3 4 5 7 -7 8 9 10 13 12 -9 14 -4 -11 23 18 -16 20 -19 -1 -17 -6 -13 27 -27 28 29 30 36 -30 34 -34 35 -33 -22 -31 -39
right_child=-2 2 3 -5 16 6 -8 11 -10 15 -12 24 -14 -15 17 22 -18 19 -20 -21 25 -23 -24 -25 -26 26 -28 -29 31 37 -32 32 33 -35 -36 -37 -38 38 -40
leaf_value=-0.71384552954272795 0.80186748894241955 0.79941906034946442 -0.2271933158837697 0.54626462370157236 -0.27340774592363609 -0.10660932289267129 1.3386991448700429 -0.95171069160103805 1.8464341461658478 -0.12593698679573007 0.98463998056948199 0.080739479260735741 -0.33913352542409769 0.43330329805612566 -0.27468329798430208 -0.68896972090005881 -0.4658611629406611 0.32572822651515404 0.98586952533572925 0.36321293361808943 0.038976383787628854 -0.24198547434948742 -0.26517961985535093 -0.013985629396877071 -0.22720395344495775 -0.32499490192692199 0.061229049591791068 -0.28434308657179708 0.32355492474003272 -0.085980903962044983 -0.14711940830780401 0.20057391627476764 0.44975934816258295 0.014435681689138724 -0.31219452538982384 -0.28581971044341725 0.40736286238982128 -0.098451415710151202 -0.50515942337612318
leaf_weight=22 24 22 85 20 53 22 20 20 21 108 20 43 38 24 28 23 30 24 20 23 38 21 27 87 50 42 21 23 22 160 36 39 28 789 43 30 26 20 24
leaf_count=22 24 22 85 20 53 22 20 20 21 108 20 43 38 24 28 23 30 24 20 23 38 21 27 87 50 42 21 23 22 160 36 39 28 789 43 30 26 20 24
internal_value=4.4469e-10 -0.00877957 0.0007173 -0.00754384 -0.0128007 0.00140019 0.581633 -0.0114599 0.0103746 -0.0120034 0.010176 -0.26364 -0.550367 -0.00243838 -0.00931399 -0.231692 -0.174607 0.00358277 0.250547 -0.00495778 -0.0111614 -0.483402 -0.460123 -0.112195 -0.0848215 -0.0171907 -0.196254 -0.00836369 -0.00330591 -0.0693209 0.0677624 0.0177967 0.0105559 0.029355 -0.126577 -0.0109016 0.188633 -0.136519 -0.320292
internal_weight=2216 2192 2149 2127 2107 1937 42 1895 1744 1723 1565 151 58 1545 1521 158 170 1436 48 1388 1365 43 50 140 93 1341 63 1278 1255 304 100 951 929 817 112 69 64 204 44
internal_count=2216 2192 2149 2127 2107 1937 42 1895 1744 1723 1565 151 58 1545 1521 158 170 1436 48 1388 1365 43 50 140 93 1341 63 1278 1255 304 100 951 929 817 112 69 64 204 44
is_linear=0
shrinkage=0.05


Tree=139
num_leaves=40
num_cat=0
split_feature=30 29 18 18 6 5 27 28 30 33 8 8 11 11 27 29 4 28 3 27 22 16 9 3 11 4 12 27 29 33 26 29 29 31 7 28 18 23 5
split_gain=6001.32 3210.26 2834.69 4375.8 2376.52 2854.23 1806.7 19232.9 7899.12 2941.12 2738 2436.81 5878.64 2526.73 1879.85 5131.54 2005.51 5896.59 1707.2 1592.55 1270.15 1619.17 1209.88 916.518 915.516 905.354 918.64 815.06 780.088 755.099 944.419 735.246 1565.19 1020.99 1746.93 2821.96 1493.02 1184.79 749.674
threshold=-2.4608415365219112 2.6909836530685429 -1.6281260251998899 -1.5910865664482114 3.2509608268737797 3.3049092292785649 0.25011114776134497 1.6180556416511538 1.0098809599876406 -0.04742735251784324 0.96793350577354442 1.1994026899337771 1.1975004673004153 1.6160847544670107 0.16876037418842318 -0.31589841842651362 -1.0371792912483213 -1.0860183238983152 -0.37885349988937372 -1.1536921858787534 -0.48569265007972712 -0.50446477532386769 -0.57311171293258656 -0.58831045031547535 0.47236324846744543 2.0844084024429326 1.019953787326813 -0.54561036825180043 -0.16418681293725965 -0.047482879832386964 -0.89899092912673939 0.57625490427017223 0.42881171405315405 0.17207176983356479 -0.3312095701694488 0.27924722433090216 0.31813330948352819 0.042625412344932563 -0.29783654212951655
decision_type=2 2 2 2 2 2 2 2 2 2 2 2 2 2 2 2 2 2 2 2 2 2 2 2 2 2 2 2 2 2 2 2 2 2 2 2 2 2 2
left_child=-1 2 -2 -4 5 6 7 8 9 11 20 12 14 18 16 -16 17 -5 -13 28 29 -22 -19 -17 -24 26 -21 -15 -18 -8 -31 32 33 38 35 -35 -36 -38 -23
right_child=1 -3 3 4 -6 -7 10 -9 -10 -11 -12 13 -14 27 15 23 19 22 -20 25 21 31 24 -25 -26 -27 -28 -29 -30 30 -32 -33 -34 34 36 -37 37 -39 -40
leaf_value=0.75516836734918458 0.57550000837516213 -0.58406289952496693 -0.67960428471366574 0.93860565979033717 -0.34847250388314333 0.58735180270104181 0.019677734815261583 1.4389537925521534 0.92879661425300264 0.52016615030857227 -0.48054187909976859 -0.19383125567906781 0.85846224736422316 -0.10429807515031407 0.92035928755998619 0.20083389371564545 -0.16866208279194933 0.2615688679309992 -0.68540911927367709 -0.014537517005572393 0.42925195722352893 -0.039299865898279718 -0.15081009604508366 -0.20071225742499035 0.18192781995582796 -0.35178329009901393 -0.29264909187632221 0.26207088962197306 -0.52281149185222131 -0.14902689005865963 -0.48300069879602509 -0.20082562214881183 0.31756156814388103 0.76039454894406466 -0.28623118682487592 -0.069479814618825908 0.37509906142950061 -0.03697841153392252 -0.23806340516574923
leaf_weight=26 21 24 24 20 48 21 44 24 23 26 37 38 20 63 20 27 48 39 33 704 21 202 79 30 28 22 31 20 23 98 27 50 36 21 37 20 26 53 62
leaf_count=26 21 24 24 20 48 21 44 24 23 26 37 38 20 63 20 27 48 39 33 704 21 202 79 30 28 22 31 20 23 98 27 50 36 21 37 20 26 53 62
internal_value=-5.82707e-10 -0.00896547 -0.0025932 -0.00825285 -0.000656231 0.0073974 0.0014622 0.036474 0.010462 -0.00615616 -0.0614064 -0.0171476 0.0091335 -0.203334 -0.00672698 0.231277 -0.0251639 0.133453 -0.422311 -0.056964 -0.0391568 -0.000970497 0.0231587 -0.0105062 -0.0637385 -0.0357276 -0.0262674 -0.0160164 -0.283387 -0.158461 -0.221165 -0.0187904 0.00112597 -0.0259327 0.0750373 0.355578 -0.0241193 0.098642 -0.0859792
internal_weight=2216 2190 2166 2145 2121 2073 2052 1318 1294 1271 734 1245 1091 154 1071 77 994 166 71 828 697 528 146 57 107 757 735 83 71 169 125 507 457 421 157 41 116 79 264
internal_count=2216 2190 2166 2145 2121 2073 2052 1318 1294 1271 734 1245 1091 154 1071 77 994 166 71 828 697 528 146 57 107 757 735 83 71 169 125 507 457 421 157 41 116 79 264
is_linear=0
shrinkage=0.05


Tree=140
num_leaves=40
num_cat=0
split_feature=12 29 30 13 27 4 6 30 4 27 7 23 9 5 12 12 15 13 31 27 20 7 24 26 0 13 26 26 30 5 15 15 15 0 30 19 20 7 16
split_gain=6246.95 26727 12152.5 7180.7 3064.15 2630.09 2467.29 6082.9 4703.9 3618.51 4881.48 2495.07 14279.8 2273.03 2010.48 1429.46 1401.93 1307.52 1303.61 1201.51 1723.76 1188.4 1064.97 3947.73 1055.11 911.069 903.176 3104.2 1953.48 1634.54 1367.41 1530.46 1789.92 4250.79 1287.15 949.364 2195.08 1118.74 1090.49
threshold=-1.2811323404312132 2.3943476676940922 -2.4608415365219112 -1.2564845085144041 -1.9917369484901426 0.1197384111583233 -0.4392834603786468 1.0098809599876406 2.0776464939117436 -1.1976896524429319 2.1604351997375493 1.3886072635650637 1.2217946052551272 1.5876004099845888 1.7161071300506594 1.1007702946662905 1.7172574996948244 1.5881919264793398 -0.44873674213886255 -0.46763706207275385 0.2236004322767258 0.49783511459827429 -0.74793687462806691 -0.70169156789779652 -0.42484520375728602 0.26934556663036352 -0.27762223780155176 -0.22980414330959317 0.093663375824689879 -0.27381822466850275 -0.30158390104770655 0.032859392464160926 0.2545489519834519 -0.31841988861560816 -0.24132506549358365 0.53583940863609325 0.64176779985427868 0.94995784759521495 0.4841600507497788
decision_type=2 2 2 2 2 2 2 2 2 2 2 2 2 2 2 2 2 2 2 2 2 2 2 2 2 2 2 2 2 2 2 2 2 2 2 2 2 2 2
left_child=2 3 -1 -2 -5 18 7 8 9 -6 11 12 16 15 -13 -8 19 24 -4 20 21 25 -21 -24 -17 -11 28 -28 34 -30 -29 -32 33 -33 -25 38 -37 -38 -34
right_child=1 -3 5 4 6 -7 13 -9 -10 10 -12 14 -14 -15 -16 17 -18 -19 -20 22 -22 -23 23 26 -26 -27 27 30 29 -31 31 32 35 -35 -36 36 37 -39 -40
leaf_value=-1.3547076034049192 0.90059823448007759 1.7540791936896065 -0.092364313960709474 -0.62341804709285498 0.58532133163125433 0.33031885709900122 -0.026901301931282252 0.78445912864473133 0.78620421200990676 -0.08253452055156231 0.77431967586278916 -0.61531094332536063 1.0448531018570066 -0.46503090688160492 -0.053733520275529689 -0.69372990273294 -0.39721102952957155 -0.062939419734234711 -0.52333300922598158 -0.10479741171160484 -0.45492766269228674 0.1546139944503282 0.71286972647621516 -0.004576846808195114 -0.1925148978119805 -0.43952351191214156 0.64802932372050626 0.42869971513748173 0.3755244655591069 -0.076087328249259914 -0.22555609102986876 0.68227816455517765 0.003224837831738922 -0.11433152644073262 -0.36954099341738422 0.52417808080261408 0.052399476250690039 -0.29555989525147847 -0.34638633120216822
leaf_weight=24 22 22 47 20 27 26 654 27 20 120 20 30 32 35 34 21 25 49 28 162 33 47 21 40 21 21 21 20 33 51 61 33 54 34 61 22 132 28 38
leaf_count=24 22 22 47 20 27 26 654 27 20 120 20 30 32 35 34 21 25 49 28 162 33 47 21 40 21 21 21 20 33 51 61 33 54 34 61 22 132 28 38
internal_value=1.38893e-09 0.0205257 -0.343353 0.00209251 -0.00756412 -0.103031 -0.00148762 0.0421406 0.0257122 0.0130374 -0.000135423 -0.0135692 0.00426173 -0.0712368 -0.316973 -0.0527364 -0.0272415 -0.238408 -0.253259 -0.0182791 -0.121628 -0.0631238 0.00988396 0.0385101 -0.443122 -0.135703 0.0159599 0.0547089 -0.0768282 0.101332 0.0251834 0.00510801 0.0463705 0.278028 -0.225001 -0.0102758 0.0558954 -0.00849341 -0.14118
internal_weight=2216 2091 125 2069 2047 101 2027 1247 1220 1200 1173 1153 1089 780 64 745 1057 91 75 1032 221 188 811 649 42 141 628 443 185 84 422 402 341 67 101 274 182 160 92
internal_count=2216 2091 125 2069 2047 101 2027 1247 1220 1200 1173 1153 1089 780 64 745 1057 91 75 1032 221 188 811 649 42 141 628 443 185 84 422 402 341 67 101 274 182 160 92
is_linear=0
shrinkage=0.05


Tree=141
num_leaves=40
num_cat=0
split_feature=30 29 22 6 5 3 31 5 9 14 30 30 23 11 0 27 0 30 28 30 33 29 6 16 16 30 5 29 4 3 20 31 5 29 29 10 16 29 29
split_gain=6291.15 3520.97 2732.77 2785.49 2715.25 1821.95 21479.1 59376.6 11739 25357.9 6216.92 2154.36 2041.98 1747.89 1944.57 1214.61 1526.79 1118.81 1070 1042.7 1018.34 1012.91 940.856 876.602 5576.3 1172.75 1152.17 3019.59 1337.61 1787.52 1014.63 906.475 842.537 1014.35 1401.18 804.443 769.287 709.973 687.78
threshold=-2.4608415365219112 2.6909836530685429 -1.6769025325775144 3.2509608268737797 3.3049092292785649 -0.27481402456760401 -0.57379686832427967 -0.36989144980907435 1.2217946052551272 1.5510139465332033 0.95535138249397289 1.0567454695701601 0.89250150322914135 0.94788303971290599 0.89286133646965038 -1.1976896524429319 -0.5327014923095702 -0.08294294029474257 -1.1560569405555723 0.081497162580490126 -0.047424484044313424 -0.10125617682933806 0.95694646239280712 -0.093586150556802736 -0.13545396178960797 -0.30713127553462977 -0.36989144980907435 0.19646847248077395 0.40312792360782629 1.2761320471763613 0.042302111163735397 0.14314262568950656 0.88779434561729442 -0.48707868158817286 -0.41597388684749598 -0.99767729640007008 0.2641922682523728 -0.5066140592098235 -0.2475645914673805
decision_type=2 2 2 2 2 2 2 2 2 2 2 2 2 2 2 2 2 2 2 2 2 2 2 2 2 2 2 2 2 2 2 2 2 2 2 2 2 2 2
left_child=-1 2 -2 4 5 11 7 -7 10 -10 12 13 18 14 15 16 -4 -15 35 -19 23 -11 32 24 26 -25 27 -20 37 -30 31 -27 33 -17 -35 -8 -24 -28 -5
right_child=1 -3 3 38 -6 6 8 -9 9 21 -12 -13 -14 17 -16 22 -18 19 20 -21 -22 -23 36 25 -26 30 28 -29 29 -31 -32 -33 -34 34 -36 -37 -38 -39 -40
leaf_value=0.77318851102430086 0.45612605665810407 -0.61146526079004015 -0.58836485729331067 -0.59610163831994656 0.56513842486199883 -0.59524084867342653 -0.060087940739146598 3.1298155810683967 1.6529914346523584 0.016225286908447743 -0.89161240810697739 -0.549871330344606 -0.33286948023194618 -0.4718199858891553 0.47464795172214508 -0.15031585953952301 -0.019920182148753494 0.19424323645376027 -0.038794249877697085 -0.18942235295487719 -0.33426187173886734 -0.48699199140071869 -0.35815697106368405 0.30264812079460723 0.86010251948166472 -0.064851446936909973 -0.35280386259158458 0.71058576360344894 0.54026885355512311 -0.11211179622582026 -0.028596491270592852 -0.48652487587928772 0.3155511198831456 0.3565310597933572 0.001730965585772728 -0.45605244636535647 0.016253741344679957 -0.059907206935187189 -0.22037568035824548
leaf_weight=26 32 24 21 21 21 23 29 20 32 20 22 21 55 29 20 105 27 21 41 113 22 20 34 23 21 26 24 20 21 21 273 25 21 29 688 23 23 150 29
leaf_count=26 32 24 21 21 21 23 29 20 32 20 22 21 55 29 20 105 27 21 41 113 22 20 34 23 21 26 24 20 21 21 273 25 21 29 688 23 23 150 29
internal_value=4.50216e-10 -0.00917941 -0.00250588 -0.00938321 -0.000534903 -0.00629309 0.046546 1.13734 -0.00749123 0.603894 -0.0627924 -0.0480782 -0.0392342 -0.038761 -0.0132545 -0.0235478 -0.268615 -0.190236 -0.0167726 -0.129296 0.000258279 -0.235383 -0.0104775 0.0116683 0.0745679 -0.0423493 0.0150147 0.206904 -0.0391763 0.214079 -0.0668398 -0.271554 0.00281579 -0.0051738 0.0160813 -0.235226 -0.207079 -0.100307 -0.378181
internal_weight=2216 2190 2166 2134 2084 2063 911 43 868 72 796 1152 774 1131 968 948 48 163 719 134 667 40 900 645 298 347 277 61 216 42 324 51 843 822 717 52 57 174 50
internal_count=2216 2190 2166 2134 2084 2063 911 43 868 72 796 1152 774 1131 968 948 48 163 719 134 667 40 900 645 298 347 277 61 216 42 324 51 843 822 717 52 57 174 50
is_linear=0
shrinkage=0.05


Tree=142
num_leaves=40
num_cat=0
split_feature=28 9 7 30 30 30 11 7 12 5 9 0 30 5 12 13 27 7 33 7 29 30 7 8 12 13 18 19 6 31 31 25 22 27 29 31 29 30 5
split_gain=6377.16 16597.3 7749.09 4856.58 2607.35 2491.1 1996.83 10164.8 3569.97 19874.5 2773.36 3601.66 1978.71 1679.2 1602.21 2622.05 1636.72 7372.18 1298.66 1099.78 1038.18 906.459 904.167 1264.09 1062.61 883.579 783.546 2248.77 992.46 1032.68 3413.76 905.861 856.525 805.019 747.429 1241.96 723.791 1631.88 3503.97
threshold=-1.5452485680580137 -0.67128363251686085 -1.3164669871330259 -2.4608415365219112 -1.3757219314575193 1.2409112453460696 1.6160847544670107 1.6315463185310366 1.2761033177375796 -0.12315795570611952 1.1320444941520693 2.9056415557861333 0.9120679795742036 -0.40046019852161402 -1.3265537619590757 -1.2825429439544676 -1.1976896524429319 -0.46969753503799433 -0.047483431175351136 -1.172109007835388 1.1304740905761721 -0.65878006815910328 1.8037331700325014 2.1217476129531865 2.6859822273254399 -1.1782376766204832 -0.59442287683486927 -0.56351080536842335 2.872025847434998 0.50143270194530498 0.42740285396575933 -0.52145424485206593 -0.68940463662147511 -0.67943656444549549 -0.36237570643424982 0.69531184434890758 0.20255824923515323 0.10363025218248369 -0.27381822466850275
decision_type=2 2 2 2 2 2 2 2 2 2 2 2 2 2 2 2 2 2 2 2 2 2 2 2 2 2 2 2 2 2 2 2 2 2 2 2 2 2 2
left_child=1 -1 3 -2 -4 6 7 8 10 -10 11 12 14 -12 -6 -16 17 -17 22 -18 21 -21 -8 -24 -25 -23 32 -28 29 30 31 -29 -27 -31 35 -35 -33 38 -38
right_child=2 -3 4 -5 5 -7 18 -9 9 -11 13 -13 -14 -15 15 16 19 -19 -20 20 -22 25 23 24 -26 26 27 28 -30 33 -32 36 -34 34 -36 -37 37 -39 -40
leaf_value=1.6627321803569792 -1.1449051237919114 -0.26972441554069521 0.52319727527598547 -0.24778139373908439 0.35275215941170851 0.55437110364437103 0.13347376181433598 1.0071736139059067 -0.30422324272426399 1.652093458995223 -0.090548497378826143 0.65799298547208318 -0.40030629418113017 -0.66446576714515693 -0.51413106229156258 0.82610831784981276 -0.3165235655506452 -0.42299103865987581 -0.56607090674695515 -0.24796977599219577 0.31540729422122243 0.31233595325833274 -0.50568572813272483 0.19486798347373094 -0.30812649606239229 -0.044919028975525688 0.51649360770270947 0.27990540308611739 0.33537404210794541 -0.39242967531085016 0.58228101369280083 -0.038082302879963996 -0.25712992119587075 -0.53047267434497669 -0.024074095457859608 -0.076120613880877236 0.057794643901899215 -0.039819737982291444 0.82042290069162849
leaf_weight=20 22 25 24 48 30 20 24 25 37 20 25 20 33 26 26 27 30 21 21 41 24 21 25 21 21 245 21 28 21 20 26 585 59 21 249 53 61 130 20
leaf_count=20 22 25 24 48 30 20 24 25 37 20 25 20 33 26 26 27 30 21 21 41 24 21 25 21 21 245 21 28 21 20 26 585 59 21 249 53 61 130 20
internal_value=-9.09799e-10 0.589145 -0.0122117 -0.529735 0.00503088 -0.000956596 -0.00635599 0.00546551 -0.00757756 0.382204 -0.0195032 -0.0092686 -0.0167157 -0.383134 -0.00951931 -0.0158051 -0.00819707 0.279627 -0.211649 -0.0165449 -0.0110068 -0.0158999 -0.129859 -0.224188 -0.0566293 -0.00980067 -0.0141963 0.00350424 -0.00536955 -0.0113675 0.0181834 0.000384186 -0.0861047 -0.0845987 -0.065538 -0.205058 -0.00944822 0.0699401 0.246098
internal_weight=2216 45 2171 70 2101 2077 2057 1945 1920 57 1863 1812 1792 51 1759 1729 1703 48 112 1655 1625 1601 91 67 42 1560 1539 1235 1214 1193 850 824 304 343 323 74 796 211 81
internal_count=2216 45 2171 70 2101 2077 2057 1945 1920 57 1863 1812 1792 51 1759 1729 1703 48 112 1655 1625 1601 91 67 42 1560 1539 1235 1214 1193 850 824 304 343 323 74 796 211 81
is_linear=0
shrinkage=0.05


Tree=143
num_leaves=40
num_cat=0
split_feature=30 29 22 6 30 31 15 33 7 7 27 23 11 11 6 6 6 17 30 17 27 27 27 29 8 30 29 22 14 22 18 27 27 24 26 24 29 29 5
split_gain=6349.26 3411.19 3160.69 2692.2 7707.41 4161 3565.74 24766.2 2589.68 8394.96 5139.31 2458.12 2117.47 2003.94 1912.66 2110.62 1554.84 1447.79 1438.28 1233.29 1053.03 3387.52 848.981 714.098 743.093 719.749 670.332 664.904 2080.44 967.992 711.192 908.712 642.737 641.92 3300.91 884.92 858.234 3156.91 1021.97
threshold=-2.4608415365219112 1.3590816259384157 -1.6769025325775144 -0.4392834603786468 1.0098809599876406 2.7546710968017583 1.8629074692726137 -0.047485608607530587 1.2180948853492739 1.1032164096832278 -1.1976896524429319 -1.0208426713943479 1.1336319446563723 1.6160847544670107 3.7202574014663701 2.872025847434998 2.4697717428207402 0.40278363227844244 0.9120679795742036 1.543525278568268 -0.094435125589370714 0.014414219185709955 0.4921539723873139 -0.60456100106239308 1.5056784152984621 -0.1220794916152954 -0.10125617682933806 -0.46897278726100916 -0.61012694239616383 -0.76993945240974415 1.2197860479354861 1.2478392124176028 0.18816866725683215 -0.74793687462806691 -0.70169156789779652 -0.64093452692031849 0.45624069869518286 0.37714722752571112 0.82119813561439525
decision_type=2 2 2 2 2 2 2 2 2 2 2 2 2 2 2 2 2 2 2 2 2 2 2 2 2 2 2 2 2 2 2 2 2 2 2 2 2 2 2
left_child=-1 2 -2 4 5 6 8 -8 9 10 -4 -3 33 17 15 16 18 -10 19 20 23 -22 -21 -5 25 26 -25 29 -29 -23 31 32 -30 -12 -35 -36 37 38 -37
right_child=1 11 3 14 -6 -7 7 -9 13 -11 12 -13 -14 -15 -16 -17 -18 -19 -20 22 21 27 -24 24 -26 -27 -28 28 30 -31 -32 -33 -34 34 35 36 -38 -39 -40
leaf_value=0.77675138004124167 0.53905103570885127 -0.11848457655624341 0.73148180635079096 -0.25488899779521818 0.8760462955192283 0.73753845751285552 -0.38350403635866115 1.8109547045826913 -0.15794105685275536 0.9379749239732823 -0.090064356488141206 -0.75686610794067388 -0.50948558341373096 0.023089818718532721 -0.4372848559277398 0.3925185530483723 -0.4986240886506581 -0.6815113763655386 -0.48068228676915176 -0.45169522609081003 0.64320945541063956 0.0096952655911445619 -0.045565477419983264 0.26472313626048466 0.2027732045700153 -0.13982324645589184 -0.072807682403608381 0.38948226396870966 -0.18501442273997742 -0.36970831900835038 0.20583838607583727 -0.35884548982848297 0.032672221583220383 0.59740642050038217 -0.2916470088340618 -0.029363231319987859 -0.14410698456116594 0.63828247249126435 0.13653834401753492
leaf_weight=26 27 38 23 59 27 20 36 20 23 24 216 25 22 36 35 25 21 31 20 31 21 40 22 24 24 179 38 34 46 29 28 23 129 23 27 520 91 20 113
leaf_count=26 27 38 23 59 27 20 36 20 23 24 216 25 22 36 35 25 21 31 20 31 21 40 22 24 24 179 38 34 46 29 28 23 129 23 27 520 91 20 113
internal_value=-1.34266e-09 -0.00922171 0.00151788 -0.00539326 0.0402825 0.0221575 0.0104778 0.400231 -0.008193 0.0132999 -0.00773532 -0.371811 -0.0242101 -0.26587 -0.0755618 -0.0595968 -0.074314 -0.458509 -0.0623857 -0.0508782 -0.0326164 0.0275147 -0.283113 -0.0975728 -0.0625477 -0.0889697 0.0578494 -0.011785 0.0248326 -0.149764 -0.0300262 -0.0633808 -0.0245483 -0.0136398 0.00715081 -0.0104573 -0.000252868 0.0197942 0.00025269
internal_weight=2216 2190 2127 2100 1272 1245 1225 56 1169 1079 1055 63 1032 90 828 793 768 54 747 727 674 350 53 324 265 241 62 329 260 69 226 198 175 1010 794 771 744 653 633
internal_count=2216 2190 2127 2100 1272 1245 1225 56 1169 1079 1055 63 1032 90 828 793 768 54 747 727 674 350 53 324 265 241 62 329 260 69 226 198 175 1010 794 771 744 653 633
is_linear=0
shrinkage=0.05


Tree=144
num_leaves=40
num_cat=0
split_feature=12 29 30 13 27 29 3 30 27 27 4 30 29 15 7 30 15 24 16 29 5 2 7 3 27 30 29 18 16 28 15 27 29 20 31 31 28 26 24
split_gain=5839.09 24404.7 11462.4 6362.45 3053.04 2360.57 3092.2 2056.58 6450.27 33187.8 11847.3 10304.3 13878 7929.99 5049.52 4786.31 3435.07 3154.65 1760.57 1647.98 1533.17 1480.72 2941.81 1254.9 1144.12 1062.54 947.787 1950.51 1140.46 939.081 2853.83 1453.63 928.091 949.073 876.982 1131.03 922.923 806.146 2669.88
threshold=-1.2811323404312132 2.3943476676940922 -2.4608415365219112 -1.2564845085144041 -1.9917369484901426 0.27167963981628424 -0.26861298084259028 0.11983910948038103 -0.58386245369911183 -0.62518873810768116 -1.0359498858451841 0.14327270537614825 -0.27605009078979487 0.68544885516166698 2.1604351997375493 1.158700227737427 1.8629074692726137 0.93824729323387157 1.6804813742637636 -0.1409986540675163 2.4500759840011601 1.0000000180025095e-35 0.36879800260066992 -0.32855626940727228 -1.0007500052452085 0.15367031842470172 0.20255824923515323 -0.26795622706413263 -0.97150602936744679 -0.51322025060653675 -0.73041802644729603 1.3749015927314761 0.98427468538284313 1.3485448360443117 0.86960539221763622 0.67931991815567028 -0.095167335122823701 0.12476687505841257 -0.1383092403411865
decision_type=2 2 2 2 2 2 2 2 2 2 2 2 2 2 2 2 2 2 2 2 2 2 2 2 2 2 2 2 2 2 2 2 2 2 2 2 2 2 2
left_child=2 3 -1 -2 -5 -4 -7 14 9 10 -9 12 -10 17 16 18 21 24 20 -20 25 32 26 -14 -12 -13 29 28 -28 30 -23 -31 33 34 35 37 -36 38 -6
right_child=1 -3 5 4 7 6 -8 8 11 -11 13 15 23 -15 -16 -17 -18 -19 19 -21 -22 22 -24 -25 -26 -27 27 -29 -30 31 -32 -33 -34 -35 36 -37 -38 -39 -40
leaf_value=-1.3141743820160627 0.84799514412879951 1.676372571966865 -0.32406892693705031 -0.62159637272357937 -0.092714602076547581 0.5095924559014815 -0.31067533962428573 0.85534115177698633 1.6465268130813326 2.1342456764795563 -0.38950574754604272 0.32343276246734293 -0.18276099908080967 0.63215160135711945 0.69816445776007396 -0.83060140550136574 -0.65858985712596529 -0.68631170464528579 -0.62883716152864511 -0.080738247698172935 -0.4548072242736817 -0.11282098796783072 0.46041733673256308 0.35128383948044345 0.0043501567785386684 -0.022656656752918818 0.24636404792016206 0.4716066853867637 -0.20599384607845234 -0.25546686509240202 0.56896248817443851 0.21396262332797053 -0.42370077953452157 -0.40098712554444438 -0.43065409949049355 0.26785668487902042 -0.10424815716583338 -0.14937814691940607 0.27155866061802952
leaf_weight=24 22 22 54 20 235 27 20 39 21 22 28 23 22 28 22 20 24 37 24 32 20 66 36 22 54 620 22 27 38 94 20 20 21 23 32 27 67 177 64
leaf_count=24 22 22 54 20 235 27 20 39 21 22 28 23 22 28 22 20 24 37 24 32 20 66 36 22 54 620 22 27 38 94 20 20 21 23 32 27 67 177 64
internal_value=5.6607e-10 0.0198443 -0.331955 0.00223017 -0.00685963 -0.0985568 0.160542 -0.000794151 0.0496439 0.297823 0.0806116 -0.0145616 0.588993 -0.124929 -0.0510832 -0.0676483 -0.0676828 -0.303065 -0.0464256 -0.315638 -0.0236868 -0.0530473 0.0343625 0.0842614 -0.130137 -0.0102771 -0.0190799 0.118685 -0.0401293 -0.0790078 0.0457333 -0.173111 -0.0967523 -0.0857668 -0.0737235 -0.0469503 -0.209753 -0.064807 -0.0147431
internal_weight=2216 2091 125 2069 2047 101 47 2027 1012 208 186 804 65 147 1015 739 993 119 719 56 663 969 323 44 82 643 287 87 60 200 86 114 646 625 602 503 99 476 299
internal_count=2216 2091 125 2069 2047 101 47 2027 1012 208 186 804 65 147 1015 739 993 119 719 56 663 969 323 44 82 643 287 87 60 200 86 114 646 625 602 503 99 476 299
is_linear=0
shrinkage=0.05


Tree=145
num_leaves=40
num_cat=0
split_feature=30 29 21 19 5 3 3 31 27 9 14 30 23 30 11 30 0 29 6 30 28 10 30 5 27 5 2 5 5 30 28 28 15 6 33 15 17 12 29
split_gain=6603 3729.55 2947.69 7073.03 2176.69 2186.61 1774.3 19022.1 56587.6 9861.4 23132.8 6461.81 2057.37 2021.72 1398.62 1379.14 1438.69 1307.14 1256.43 1052.51 959.237 899.878 844.292 835.267 842.232 740.85 815.513 780.83 871.217 768.792 1316.82 3296.68 755.321 759.171 677.795 903.323 667.723 647.9 647.519
threshold=-2.4608415365219112 2.6909836530685429 -1.6710991859436033 -1.5992504954338072 3.5429087877273564 2.6286451816558842 -0.27481402456760401 -0.57379686832427967 -0.19872929900884626 1.2217946052551272 1.5510139465332033 0.95535138249397289 0.89250150322914135 1.0567454695701601 0.94788303971290599 -0.34459145367145533 0.89286133646965038 -0.039238667115569108 2.4697717428207402 -0.08294294029474257 -1.1560569405555723 -1.0023765563964842 0.098575331270694747 -0.39172627031803126 1.0000000180025095e-35 0.88779434561729442 2.2576968073844914 0.16833692789077762 -0.092589199542999254 0.31875561177730566 -0.17140911519527433 -0.41530318558216089 0.58090567588806163 -0.27604989707469935 -0.047424484044313424 -0.99347990751266468 0.95485892891883861 -0.36445645987987513 -0.36237570643424982
decision_type=2 2 2 2 2 2 2 2 2 2 2 2 2 2 2 2 2 2 2 2 2 2 2 2 2 2 2 2 2 2 2 2 2 2 2 2 2 2 2
left_child=-1 2 -2 -4 5 6 13 8 -8 11 -11 12 20 14 15 23 18 -12 25 -16 21 -9 -21 24 38 26 27 28 29 -17 31 37 33 -32 35 -22 -34 -31 -5
right_child=1 -3 3 4 -6 -7 7 9 -10 10 17 -13 -14 -15 19 16 -18 -19 -20 22 34 -23 -24 -25 -26 -27 -28 -29 -30 30 32 -33 36 -35 -36 -37 -38 -39 -40
leaf_value=0.79212043536603094 -0.55357953682541849 -0.62927260076006253 0.91674935363587873 -0.14912935865502205 0.51375129906460637 -0.50620365434072234 3.0187901076674462 -0.0090555085917003453 -0.61773114178491673 1.5362298365795253 0.033349344263906067 -0.92111647526423135 -0.3269312676245516 -0.53212493956089024 -0.44520079503799304 -0.045964249328758762 0.42815866321325302 -0.5193458662601188 -0.3924881461448968 0.16271940119888473 0.25540611768091048 -0.44203886575996876 -0.16962059617570016 -0.46190244615077969 -0.26185622969185751 0.26618507971159289 0.21683415792337279 -0.29278852120041848 0.29330520772685609 -0.10219210451230026 -0.3088992071577481 0.70155846823751933 0.31249885762279689 0.030880083768598493 -0.25507204427073399 0.00095856361701313801 -0.0816692359390713 0.24783573985099794 0.17404010762130062
leaf_weight=26 24 24 21 31 20 22 20 24 23 33 23 21 55 21 29 498 20 20 20 23 37 24 113 20 51 27 41 24 24 39 35 25 22 31 24 609 21 20 31
leaf_count=26 24 24 21 31 20 22 20 24 23 33 23 21 55 21 29 498 20 20 20 23 37 24 113 20 51 27 41 24 24 39 35 25 22 31 24 609 21 20 31
internal_value=-6.35772e-10 -0.00940417 -0.00253582 0.00363834 -0.00540237 -0.0103443 -0.00509714 0.0471028 1.07367 -0.00363582 0.54047 -0.0557165 -0.0322062 -0.0459707 -0.0370543 -0.0143793 0.00912483 -0.223718 -0.001009 -0.17173 -0.00962981 -0.225547 -0.113416 -0.164064 -0.111349 0.00869308 -0.000220102 -0.0122624 -0.00284609 -0.0131321 0.0715851 0.220359 -0.0430667 -0.149306 0.0058389 0.0155322 0.119998 0.0164614 0.0124554
internal_weight=2216 2190 2166 2142 2121 2101 2079 913 43 870 76 794 773 1166 1145 980 847 43 827 165 718 48 136 133 113 807 780 739 715 691 193 84 109 66 670 646 43 59 62
internal_count=2216 2190 2166 2142 2121 2101 2079 913 43 870 76 794 773 1166 1145 980 847 43 827 165 718 48 136 133 113 807 780 739 715 691 193 84 109 66 670 646 43 59 62
is_linear=0
shrinkage=0.05


Tree=146
num_leaves=40
num_cat=0
split_feature=28 30 16 23 33 30 12 16 19 30 6 4 6 26 21 22 9 9 3 27 27 24 8 5 5 5 29 33 27 13 29 4 24 24 15 16 19 15 4
split_gain=5976.54 16293.2 7069.08 2704.46 2564.14 5957.36 2662.68 2132.7 7139.06 5788.54 2132.53 2893.94 2099.09 1765.61 1649.55 1649.41 2827.61 17287.5 2106.41 1753 1591.62 2175.03 1300.13 1275.23 1320.5 1248.21 1201.71 1047.2 967.979 1848.08 1174.93 1933.79 953.913 2212.42 1141.54 1124.97 1245.98 945.967 863.618
threshold=-1.5452485680580137 -0.18787831068038938 -1.5581622719764707 -1.369966387748718 -0.04738738760352134 -1.3757219314575193 -1.3265537619590757 -1.043636620044708 -1.0584476590156553 1.0098809599876406 2.9755042791366582 2.1403487920761113 2.2832190990448002 -0.82753142714500416 -1.6905580163002012 2.3331806659698491 1.260655999183655 1.1875331997871401 0.95643454790115368 -0.24655509740114209 -0.46763706207275385 0.92707434296607982 -1.1999563574790952 1.3889035582542422 0.45000614225864416 -0.56858834624290455 -0.051848068833351128 -0.047486165538430207 1.0000000180025095e-35 -0.60128822922706593 -0.43391843140125269 -0.10279305651783942 -0.33827097713947291 -0.25777508318424219 -0.32069228589534754 0.0087049617432057875 0.15078239142894748 0.6371731460094453 0.77749714255332958
decision_type=2 2 2 2 2 2 2 2 2 2 2 2 2 2 2 2 2 2 2 2 2 2 2 2 2 2 2 2 2 2 2 2 2 2 2 2 2 2 2
left_child=1 -1 3 14 5 -4 -7 13 -9 10 11 12 15 22 -2 16 17 20 19 27 21 23 -8 24 -10 26 -24 -18 29 -22 31 37 -31 -34 -35 -36 -37 -30 -33
right_child=2 -3 4 -5 -6 6 7 8 9 -11 -12 -13 -14 -15 -16 -17 18 -19 -20 -21 28 -23 25 -25 -26 -27 -28 -29 30 32 -32 38 33 34 35 36 -38 -39 -40
leaf_value=1.6340474053844809 -0.56721900853250806 -0.28062611877918248 0.86911295056343085 -0.95679680471834938 -0.49907725301384931 0.54911284968256957 -0.34556753512117128 0.95188643306493759 -0.071636092432475248 0.67950694637913855 -0.35747543608899729 0.59693864658474927 0.46652201903255092 -0.56522903616229703 0.04761642460711301 0.32538005845887324 -0.17139454918806671 1.3894202535802669 -0.71387481465935709 -0.51990039623700657 0.40193785225090228 -0.4892646140522427 -0.05175945342614733 0.28057414455258328 -0.46946800603814753 -0.1620994577697222 0.43220010743193005 0.19356256666882288 0.16245539761777666 -0.18895594293162937 -0.0037496044919826093 -0.60498305393589868 0.5058720471194158 0.32275526619383266 -0.20337944494844495 0.41071637781957793 -0.0011892075529194449 -0.26434975273907185 -0.17148921951651575
leaf_weight=20 24 25 20 23 25 22 42 20 224 31 43 20 23 24 20 35 61 22 20 26 38 36 29 23 23 69 23 29 37 42 750 27 26 28 59 21 146 20 20
leaf_count=20 24 25 20 23 25 22 42 20 224 31 43 20 23 24 20 35 61 22 20 26 38 36 29 23 23 69 23 29 37 42 750 27 26 28 59 21 146 20 20
internal_value=-9.36565e-10 0.57034 -0.0118219 -0.517422 0.0042785 0.0103314 0.00198962 -0.00391942 0.0123464 0.00207816 -0.00959515 -0.00107644 -0.00796602 -0.164838 -0.287748 -0.0143368 -0.0214227 -0.00214699 -0.239975 -0.158269 -0.0222881 -0.124198 -0.105884 -0.0755224 -0.108681 -0.0226883 0.1623 -0.0537973 0.00339923 0.0721648 -0.0255886 -0.183081 0.0332475 0.066578 0.0216109 -0.015699 0.0506073 0.0126992 -0.420518
internal_weight=2216 45 2171 67 2104 2079 2059 2037 1850 1830 1799 1756 1736 187 44 1713 1678 1542 136 116 1520 306 163 270 247 121 52 90 1214 360 854 104 322 280 254 226 167 57 47
internal_count=2216 45 2171 67 2104 2079 2059 2037 1850 1830 1799 1756 1736 187 44 1713 1678 1542 136 116 1520 306 163 270 247 121 52 90 1214 360 854 104 322 280 254 226 167 57 47
is_linear=0
shrinkage=0.05


Tree=147
num_leaves=40
num_cat=0
split_feature=15 20 11 12 30 29 30 15 22 15 15 31 8 8 3 14 27 5 29 17 30 28 0 3 0 5 30 28 28 6 27 3 3 26 24 27 25 20 15
split_gain=6327.37 7074.85 2825.16 6134.03 14106.9 2557.66 2440.3 29031.9 1745.81 1700.84 9079.17 2134.41 1613.19 4602.58 1957.53 1673.13 1658.03 1497.09 1166.42 1115.8 999.792 2409.98 7077.32 1142.13 2607.68 984.339 863.094 5383.75 1672.14 1481.32 852.781 854.84 1034.04 792.351 762.036 713.199 748.459 3932.82 2451.09
threshold=-1.584319472312927 -1.6137911677360532 -1.2946693301200864 -1.2313437461853025 -0.31357385218143458 1.3590816259384157 1.0098809599876406 0.010134457144886257 -1.5647881627082822 2.1951055526733403 1.8629074692726137 2.9253710508346562 1.1994026899337771 1.1315546631813052 0.080022599548101439 0.92901721596717846 -0.43384085595607752 -0.35242359340190882 -0.33019988238811487 0.393465206027031 -0.34459145367145533 -1.2250468134880064 -0.028835674747824665 0.36389189958572393 0.58968329429626476 -0.39172627031803126 -0.18065495789051053 0.35367526113986975 -0.7005552053451537 2.3750380277633671 -0.48385247588157648 1.3119601607322695 -0.1287453509867191 1.6058637499809267 0.3490982204675675 -0.4409260749816894 -0.15596996992826459 -0.24724111706018445 -0.19662933796644208
decision_type=2 2 2 2 2 2 2 2 2 2 2 2 2 2 2 2 2 2 2 2 2 2 2 2 2 2 2 2 2 2 2 2 2 2 2 2 2 2 2
left_child=-1 -2 8 4 -4 6 9 -8 -3 10 11 12 13 15 19 20 -17 -11 -16 -14 23 22 -22 25 -25 -5 27 28 -23 30 31 32 -28 -21 -34 -32 37 -37 -39
right_child=1 2 3 5 -6 -7 7 -9 -10 17 -12 -13 14 -15 18 16 -18 -19 -20 33 21 26 -24 24 -26 -27 29 -29 -30 -31 35 -33 34 -35 -36 36 -38 38 -40
leaf_value=0.63123894754128584 -0.74927748478949074 -0.11713190537744336 1.5797187560796739 -0.097899452847869772 -0.17229693107031011 -0.44110550302447699 1.7363410407304762 -0.95772071540355685 -0.72021541485474228 -0.076530715844460903 0.83792047844472117 0.5023926177248359 0.25458220406012105 0.73237641993023106 -0.72951797417231967 -0.52799943136051297 -0.064394263785194472 -0.61053362889658835 -0.19598074352368713 -0.31437946750145213 1.0642337918654083 0.28050341076838475 -0.24999690877184985 0.50540918396277867 -0.19735612046312204 -0.39102800309476332 -0.055155538329982191 0.69048556452617049 -0.15238849313865449 -0.3322403902879783 0.29961014535616742 0.17487878788400579 -0.16326580187853645 -0.005849249324882809 -0.54634616488502141 0.0082397264258664404 -0.020580106214665092 0.9287326116859913 0.14593404930084944
leaf_weight=39 32 28 20 95 27 33 20 20 21 35 32 20 22 21 21 30 54 21 20 38 20 30 21 22 33 41 146 32 87 35 22 27 34 46 21 288 622 20 20
leaf_count=39 32 28 20 95 27 33 20 20 21 35 32 20 22 21 21 30 54 21 20 38 20 30 21 22 33 41 146 32 87 35 22 27 34 46 21 288 622 20 20
internal_value=1.11414e-10 -0.0113084 -0.000299039 0.00847461 0.573242 -0.00448003 0.00266711 0.38931 -0.375596 -0.00515967 0.00276264 -0.0113926 -0.0168935 -0.00331369 -0.175879 -0.0124016 -0.229968 -0.276782 -0.469256 -0.0624026 -0.00109251 0.0133059 0.391091 -0.108515 0.08375 -0.186269 0.00211424 0.115791 -0.0413906 -0.0116006 -0.0022486 -0.0892776 -0.124761 -0.145422 -0.309533 0.0181656 0.0116479 0.0727633 0.537333
internal_weight=2216 2177 2145 2096 47 2049 2016 40 49 1976 1920 1888 1868 1721 147 1700 84 56 41 106 1616 1425 41 191 55 136 1384 149 117 1235 1200 228 201 84 55 972 950 328 40
internal_count=2216 2177 2145 2096 47 2049 2016 40 49 1976 1920 1888 1868 1721 147 1700 84 56 41 106 1616 1425 41 191 55 136 1384 149 117 1235 1200 228 201 84 55 972 950 328 40
is_linear=0
shrinkage=0.05


Tree=148
num_leaves=40
num_cat=0
split_feature=30 29 6 20 5 30 7 33 14 11 13 27 5 4 31 7 13 22 9 10 6 6 27 16 19 28 0 33 33 28 28 29 16 15 29 21 10 28 29
split_gain=5932.29 3221.97 2783.65 4521.75 1750.42 6237.61 4867.1 21329.7 4837.63 5356.64 7386.93 5444.99 12519.5 2628.52 1856.97 1707.43 4535.69 1293.74 1275.44 876.525 854.182 800.208 955.589 1142.89 922.845 683.268 1141.06 837.996 3484.82 1790.12 1471.24 4179.15 1281.87 1201.56 680.25 674.192 1582.99 1077.3 670.193
threshold=-2.4608415365219112 2.6909836530685429 4.711318016052247 -1.6137911677360532 -0.39390975236892695 1.0098809599876406 1.6315463185310366 -0.047485608607530587 1.4663060307502749 0.96811065077781688 0.89478415250778209 -1.1976896524429319 0.57773986458778392 1.8876955509185793 0.99682173132896434 1.6315463185310366 1.7659478187561037 1.0287094712257387 -1.2198464870452879 -1.2903800606727598 2.872025847434998 1.3081901073455813 -1.1777949333190916 -1.2166458368301389 0.22916152328252795 -0.7546834647655486 -0.70584386587142933 -0.047474030405282967 -0.047472350299358361 -0.59432670474052418 0.4660057276487351 0.23727176338434222 1.0740585923194887 0.6371731460094453 -0.44043858349323267 0.13452491164207461 0.32340636849403387 0.16754089295864108 -0.06245355308055877
decision_type=2 2 2 2 2 2 2 2 2 2 2 2 2 2 2 2 2 2 2 2 2 2 2 2 2 2 2 2 2 2 2 2 2 2 2 2 2 2 2
left_child=-1 2 3 -2 15 6 8 -8 9 10 11 12 -6 25 17 18 -17 -11 19 -5 21 22 -20 -24 -23 26 -13 30 -29 -30 35 32 33 -32 -31 36 -27 -37 -36
right_child=1 -3 -4 4 5 -7 7 -9 -10 14 -12 13 -14 -15 -16 16 -18 -19 20 -21 -22 24 23 -25 -26 27 -28 28 29 34 31 -33 -34 -35 38 37 -38 -39 -40
leaf_value=0.75081296126143293 -0.56364817842841153 -0.5850597680391123 0.5846184643730522 -0.085235978834904164 1.4636033000098543 0.84692219905555255 -0.43059805786380406 1.7118716393198288 0.73701960661194543 -0.013427518243375031 0.85021968025427597 0.1617286415287742 -0.1868963329880326 -0.60497200429439557 -0.85355521023273484 -0.89461357111022588 -0.021515415963150708 -0.55623614776081276 -0.28611334942281247 -0.51955089114961173 0.2298376582137176 -0.33822176240202861 0.3151686808626567 -0.0094680941470043165 0.014095261397168919 -0.12211129558901933 -0.20344187822012072 0.59587539647306709 0.38087992292863354 -0.26884841705792611 -0.19839689940070879 0.70021520619807043 -0.34274123702888137 0.23821764640510082 0.11404772242230754 -0.52201600782573221 0.35182241216301918 -0.11028491738153266 -0.10160538736557545
leaf_weight=26 36 24 20 26 20 24 26 21 22 23 26 27 27 20 20 21 51 21 30 21 35 41 28 854 34 148 103 28 27 31 26 23 27 40 62 24 20 47 86
leaf_count=26 36 24 20 26 20 24 26 21 22 23 26 27 27 20 20 21 51 21 30 21 35 41 28 854 34 148 103 28 27 31 26 23 27 40 62 24 20 47 86
internal_value=1.69895e-09 -0.00891376 -0.00252987 -0.0080019 0.00147833 0.0508959 0.0306793 0.526676 0.00471962 -0.0136715 0.0210403 -0.00638808 0.515444 -0.0395763 -0.454077 -0.0404898 -0.276169 -0.272495 -0.0246162 -0.279292 -0.0129041 -0.0215119 -0.00860135 0.000837835 -0.178505 -0.023849 -0.127599 -0.000950106 0.072508 0.00137064 -0.0493704 0.0967355 -0.0525121 0.066218 -0.0558738 -0.120284 -0.0656906 -0.249462 -0.0112642
internal_weight=2216 2190 2166 2146 2110 969 945 47 898 876 812 786 47 739 64 1141 72 44 1069 47 1022 987 912 882 75 719 130 589 234 206 355 116 93 66 179 239 168 71 148
internal_count=2216 2190 2166 2146 2110 969 945 47 898 876 812 786 47 739 64 1141 72 44 1069 47 1022 987 912 882 75 719 130 589 234 206 355 116 93 66 179 239 168 71 148
is_linear=0
shrinkage=0.05


Tree=149
num_leaves=40
num_cat=0
split_feature=15 20 33 4 29 30 33 5 30 5 0 0 17 16 15 5 11 7 27 29 0 20 19 17 20 4 7 13 23 11 14 16 15 33 4 27 3 29 5
split_gain=5613.4 5949.34 2664.67 5786.32 5176.15 5026.29 2913.03 2545.91 5320.58 5909.99 2504.12 20656.4 2880.76 10140.2 1886.42 1827.83 1792.53 1715.96 7754.23 1688.93 1502.67 1373.6 1350.04 1533.29 2714.36 1045.64 1015.72 1002.59 999.466 1365.64 1256.83 983.305 3939.85 708.537 683.541 637.085 670.801 655.4 612.93
threshold=-1.584319472312927 -1.6137911677360532 -0.047460788860917084 2.1053092479705815 1.6874600648880007 -0.95633739233016957 -0.047462873160839074 0.93583095073699962 1.0098809599876406 0.700014889240265 0.84778705239295971 0.97156241536140453 1.942263722419739 1.7777344584465029 -1.513170003890991 -0.31312091648578638 1.1336319446563723 -0.35899424552917475 -1.0741553902626035 0.91963148117065441 2.798500776290894 -0.61535188555717457 0.18809021264314654 -0.032348794862627976 -0.24724111706018445 -0.28413775563240046 0.71246248483657848 0.56465253233909618 1.0580972433090212 1.7405065298080447 1.4663060307502749 -0.50446477532386769 -0.56291991472244252 -0.047472553327679627 -0.69600537419319142 -0.49271324276924128 0.40040905773639685 -0.15099124610424039 1.3070229887962344
decision_type=2 2 2 2 2 2 2 2 2 2 2 2 2 2 2 2 2 2 2 2 2 2 2 2 2 2 2 2 2 2 2 2 2 2 2 2 2 2 2
left_child=-1 -2 3 5 14 -3 7 8 9 10 12 -12 13 17 -4 25 26 18 -7 22 35 34 23 24 31 -14 27 38 33 30 -30 32 -20 -23 -19 36 -16 -37 -9
right_child=1 2 4 -5 -6 6 -8 16 -10 -11 11 -13 15 -15 20 -17 -18 21 19 -21 -22 28 -24 -25 -26 -27 -28 -29 29 -31 -32 -33 -34 -35 -36 37 -38 -39 -40
leaf_value=0.59455887734507906 -0.68737884201109412 0.80120178624987615 0.37841658258721944 0.84771786630153656 -0.85721794302048893 1.0093864368647336 0.51012846337897444 -0.35079817473888397 0.64424534530350663 0.62701984764756391 1.669196006730199 -0.11476978043657403 0.057222060664840368 1.1029913536459208 -0.09516433584777749 -0.75297904220409695 -0.51719458803082963 -0.55354032275222598 -0.024775741895745426 -0.33043812138693673 -0.50959521342407577 -0.025979744680474943 0.33808291098349869 -0.31568600829033294 0.48252077439138968 -0.42493832138451665 0.16176297717860766 -0.49578938943333928 -0.19843442968902042 0.029919036557776446 -0.65517657876014712 -0.17617383277153267 0.67699438665400857 -0.31433289945125581 -0.15012016055129826 -0.17516249337438811 -0.46009406596422198 0.024607995983075212 -0.038376936294801843
leaf_weight=39 32 20 21 21 23 20 28 20 33 37 20 86 23 20 34 20 33 21 220 35 22 673 33 34 31 22 28 20 61 46 20 68 22 22 21 59 20 135 73
leaf_count=39 32 20 21 21 23 20 28 20 33 37 20 86 23 20 34 20 33 21 220 35 22 673 33 34 31 22 28 20 61 46 20 68 22 22 21 59 20 135 73
internal_value=2.25646e-09 -0.0106513 -0.000555556 0.0225225 -0.135128 0.0129484 0.00414109 -0.00389957 0.0159951 0.0026625 -0.0125557 0.221828 -0.030151 -0.0144626 -0.0780561 -0.355263 -0.185467 -0.0313044 0.0463658 0.00288852 -0.11356 -0.0729263 0.0314827 0.0045019 0.0364268 -0.178501 -0.107829 -0.174631 -0.0586757 -0.187652 -0.31121 -0.0081826 0.0390215 -0.0351075 -0.35183 -0.0784273 -0.230323 -0.0361469 -0.105564
internal_weight=2216 2177 2145 1831 314 1810 1790 1762 1588 1555 1518 106 1412 1347 291 65 174 1327 463 443 270 864 408 375 341 45 141 113 822 127 81 310 242 695 42 248 54 194 93
internal_count=2216 2177 2145 1831 314 1810 1790 1762 1588 1555 1518 106 1412 1347 291 65 174 1327 463 443 270 864 408 375 341 45 141 113 822 127 81 310 242 695 42 248 54 194 93
is_linear=0
shrinkage=0.05


Tree=150
num_leaves=40
num_cat=0
split_feature=18 16 21 18 29 30 18 33 6 5 22 16 16 33 7 6 12 30 3 15 20 18 29 27 15 15 17 25 16 17 9 9 27 33 27 22 30 30 30
split_gain=5829.94 26527.9 4314.27 33851.2 5993.48 3676.27 2573.31 2223.35 2013.28 3006.71 1759.13 2825.17 5053.56 1920.69 9375.91 2004.36 1798.46 1355.31 1254.22 1114.83 5133.8 1106.15 1099.98 1046.76 976.975 3067.39 947.093 903.407 891.247 822.801 814.777 920.264 792.87 731.14 730.743 723.062 706.495 638.916 2042.84
threshold=-1.642467141151428 -1.5978951454162595 -1.056096017360687 -1.0568026304244993 2.0162298083305363 1.0098809599876406 -1.5910865664482114 -0.047405436635017388 2.9755042791366582 3.179359078407288 2.3331806659698491 1.9227706193923952 1.7777344584465029 -0.04747741483151912 0.92996451258659374 2.1578789949417119 0.89923599362373363 0.63923692703247081 0.70701545476913463 -0.19662933796644208 -0.22457061707973477 0.13330585509538653 0.55552455782890331 -1.1324552893638609 -0.58635970950126637 -0.5110393464565276 -0.62855255603790272 -0.32627825438976282 -0.75628745555877674 -0.012656976934522389 1.3660992383956911 1.1875331997871401 -0.90070486068725575 -0.047478476539254182 0.59398213028907787 0.1472553834319115 -0.5347447097301482 -0.28542430698871607 -0.36816294491291041
decision_type=2 2 2 2 2 2 2 2 2 2 2 2 2 2 2 2 2 2 2 2 2 2 2 2 2 2 2 2 2 2 2 2 2 2 2 2 2 2 2
left_child=-1 -2 4 -4 6 8 -3 17 9 10 11 12 13 16 15 19 23 32 30 20 22 29 24 -5 26 -26 28 -27 -15 -21 31 -18 -8 36 -34 -23 -25 38 -38
right_child=1 2 3 5 -6 -7 7 -9 -10 -11 -12 -13 -14 14 -16 -17 18 -19 -20 21 -22 35 -24 33 25 27 -28 -29 -30 -31 -32 -33 34 -35 -36 -37 37 -39 -40
leaf_value=-0.68086660009238031 1.7782007015886763 -0.63981801329011267 2.0664497232437138 -0.38188459442928435 -0.97959070689976224 0.52959372983314101 -0.21455639513306224 0.34407633947474614 -0.32716854066416928 0.60731761455535893 0.33186410802441674 -0.43728666169425612 0.74600999268957169 -0.17731904771249252 1.0471557619859992 0.49496805206650785 -0.15572814458880474 -0.51097434077944071 -0.48101947181407478 -0.085837095199773714 0.7828927707251 0.2193667155504227 0.25042392916574674 -0.29602145168930294 0.62154815226793292 -0.20136938858777287 -0.39173421561717992 0.19182381587369102 0.17561552481967269 -0.39726257680082011 -0.022092575350978291 -0.53798860609531407 0.043738000073189877 -0.17339029334321179 -0.28653355007059872 -0.051127172361261075 -0.04647768765415361 -0.0083863169828939706 0.55995396846639256
leaf_weight=31 21 22 20 20 22 32 77 28 49 20 37 39 22 53 23 21 74 21 31 48 23 30 37 20 20 48 29 21 27 38 83 20 103 68 20 140 41 716 21
leaf_count=31 21 22 20 20 22 32 77 28 49 20 37 39 22 53 23 21 74 21 31 48 23 30 37 20 20 48 29 21 27 38 83 20 103 68 20 140 41 716 21
internal_value=-1.59537e-09 0.00965989 -0.00750247 0.0204353 -0.185904 -0.00167182 -0.121472 -0.075674 -0.0110179 -0.00226569 -0.00923236 -0.0165999 -0.00679894 -0.0168242 0.0586651 0.0161692 -0.0553279 -0.128855 -0.187639 -0.00339259 0.069958 -0.0773163 0.000181427 -0.0242662 -0.0465811 0.0763318 -0.146941 -0.0817019 -0.0582036 -0.223444 -0.136256 -0.23706 -0.0887325 -0.0160071 -0.00996469 -0.00339296 -0.00259597 0.0049471 0.158927
internal_weight=2216 2185 2164 1871 293 1851 271 249 1819 1770 1750 1713 1674 1652 558 535 1094 221 208 514 258 256 235 886 198 89 109 69 80 86 177 94 200 866 123 170 798 778 62
internal_count=2216 2185 2164 1871 293 1851 271 249 1819 1770 1750 1713 1674 1652 558 535 1094 221 208 514 258 256 235 886 198 89 109 69 80 86 177 94 200 866 123 170 798 778 62
is_linear=0
shrinkage=0.05


Tree=151
num_leaves=40
num_cat=0
split_feature=30 30 6 28 30 30 30 4 26 5 13 14 9 4 33 6 18 29 27 30 5 5 5 29 23 15 31 15 9 16 29 18 5 31 3 12 0 30 30
split_gain=5433.52 3140.37 4376.96 3649.31 2068.11 5620.39 3401.44 2185.81 9673.34 30245.3 4420.62 8040.05 3779.58 2969.32 1799.69 1699.13 1517.99 1401.79 1968.77 1123.7 1040.08 4567.23 952.976 920.575 1074.02 1082.9 918.775 859.638 1030.45 1006.19 1136.79 782.631 769.547 838.463 2589.83 1079.1 797.279 670.347 1261.46
threshold=-2.4608415365219112 -0.95633739233016957 4.6428182125091562 -1.449693977832794 1.3463437557220461 1.0567454695701601 0.9120679795742036 0.55250677466392528 0.9546494483947755 0.09737375378608705 0.97933045029640209 0.92901721596717846 -1.0603730678558347 2.1176037788391118 -0.047482103109359734 2.872025847434998 -1.5910865664482114 -0.9346151053905486 -1.1976896524429319 -0.043311089277267449 0.82119813561439525 1.2382432222366335 0.45000614225864416 -0.26970542967319483 -0.63389897346496571 -0.36572782695293421 0.2944366335868836 0.94378104805946361 1.3067128062248232 1.2510167360305788 -0.23061903566122052 1.757795035839081 0.27423581480979925 0.21232100576162341 1.4042866230010989 -1.2084381580352781 0.29222896695137029 -0.48024511337280268 -0.28542430698871607
decision_type=2 2 2 2 2 2 2 2 2 2 2 2 2 2 2 2 2 2 2 2 2 2 2 2 2 2 2 2 2 2 2 2 2 2 2 2 2 2 2
left_child=-1 26 3 16 5 6 7 10 12 31 11 17 -9 15 19 23 -3 -5 -19 -12 22 -22 32 -14 -25 -26 -2 28 -21 -29 -31 -10 33 34 35 -20 -35 -37 -39
right_child=1 2 -4 4 -6 -7 -8 8 9 -11 14 -13 13 -15 -16 -17 -18 18 20 27 21 -23 -24 24 25 -27 -28 29 -30 30 -32 -33 -34 36 -36 37 -38 38 -40
leaf_value=0.71855675154007403 -0.20744921204543887 -0.75347833514213569 0.73719401150941855 -0.32403291199888501 0.49851097024622421 -0.79507915946570318 0.60013510268181569 0.52991866055996195 0.057290361225605019 1.92059126836913 -0.4736737501957724 0.99841761454939848 -0.14736262433804001 -0.54942181545516688 -0.70159020379185677 0.44168461184948687 -0.21018842999409471 0.36648471300091062 -0.2759898910707817 -0.53628225135803231 0.77638419351794508 -0.041687902746918172 -0.23912119088219663 -0.18753934694187982 0.35615605717075283 0.026001097509809747 -0.62453625254009082 0.21781631463766102 -0.072547377710757047 -0.38438055604075394 0.022782151293940844 -0.33037937983222632 0.18935708843691404 -0.45385625608265401 0.54987428635358815 -0.21856881236951603 -0.091505797219181825 0.2111536617843538 -0.021850456954448816
leaf_weight=26 31 20 20 35 21 22 24 31 30 28 31 20 117 27 20 20 36 35 41 25 22 76 51 49 29 173 23 25 23 30 40 23 43 20 20 38 63 63 745
leaf_count=26 31 20 20 35 21 22 24 31 30 28 31 20 117 27 20 20 36 35 41 25 22 76 51 49 29 173 23 25 23 30 40 23 43 20 20 38 63 63 745
internal_value=-1.10907e-09 -0.00853081 0.00098913 -0.00596933 0.00485692 -0.000227307 0.00844237 0.00131712 0.0886512 0.591315 -0.0300779 0.00383011 -0.00263982 -0.0424213 -0.252402 -0.00714033 -0.404221 -0.0120579 -0.00308571 -0.200772 -0.014029 0.141961 -0.0281314 -0.031533 0.0224593 0.0733996 -0.385097 -0.141611 -0.314076 -0.0544708 -0.151716 -0.110944 -0.0177147 -0.0267087 -0.012789 -0.0254759 -0.178819 -0.0133351 -0.00368306
internal_weight=2216 2190 2136 2116 2060 2039 2017 1993 527 81 1466 1272 446 415 194 388 56 1252 1217 174 1182 98 1084 368 251 202 54 143 48 95 70 53 1033 990 907 887 83 846 808
internal_count=2216 2190 2136 2116 2060 2039 2017 1993 527 81 1466 1272 446 415 194 388 56 1252 1217 174 1182 98 1084 368 251 202 54 143 48 95 70 53 1033 990 907 887 83 846 808
is_linear=0
shrinkage=0.05


Tree=152
num_leaves=40
num_cat=0
split_feature=10 19 21 20 29 30 33 4 15 6 4 27 8 27 20 24 18 7 27 30 31 0 24 15 3 21 28 27 25 27 15 27 5 5 15 22 0 29 28
split_gain=5727.22 21428.8 3362.82 30723.4 6467.86 3458.54 1722.18 2362.18 2042.64 1710.9 2690.32 1781.24 20225.9 4028.11 2033.97 3072.46 6294.03 1895.4 1433.21 1393.88 1243.42 1880.62 1507.84 1173.1 1075.12 678.266 1524.77 3641.64 1290.49 816.895 2110.94 747.406 649.763 2872.33 876.526 826.914 1186.69 884.828 1376.08
threshold=-1.4419063925743101 -1.633947432041168 -1.056096017360687 -1.0417166352272031 2.3943476676940922 1.0098809599876406 -0.047405436635017388 0.51193472743034374 -1.5233836174011228 2.9755042791366582 2.1403487920761113 0.16876037418842318 1.3023713231086733 0.18816866725683215 1.2690043449401858 1.5304850935935976 0.66063854098320018 1.5819175839424136 -1.1536921858787534 0.65969780087471019 0.86960539221763622 0.73742666840553295 0.93824729323387157 1.8295560479164126 -0.37885349988937372 0.10278645157814027 -0.14348310977220533 -0.070171184837818132 0.18536494672298434 -0.051677344366908066 -0.63112536072731007 -0.62518873810768116 -0.079488307237625108 -0.17556152492761609 1.0349448323249819 0.73425468802452099 0.41779297590255743 -0.26970542967319483 0.52269896864891063
decision_type=2 2 2 2 2 2 2 2 2 2 2 2 2 2 2 2 2 2 2 2 2 2 2 2 2 2 2 2 2 2 2 2 2 2 2 2 2 2 2
left_child=-1 -2 4 -4 6 9 8 -8 -3 10 11 14 13 -13 15 17 -17 18 -5 -10 21 25 -22 32 -16 26 29 -28 -27 31 -31 -20 33 -15 35 36 -34 -38 -39
right_child=1 2 3 5 -6 -7 7 -9 19 -11 -12 12 -14 23 24 16 -18 -19 20 -21 22 -23 -24 -25 -26 28 27 -29 -30 30 -32 -33 34 -35 -36 -37 37 38 -40
leaf_value=-0.67484173140218184 1.6387088945880532 -0.62161972040221813 1.9684252375364304 -0.3980876101939767 -1.0307110406458377 0.5134591937065125 -0.18036251596175135 0.5881062798202038 -0.063583915923852374 -0.29933275333046916 0.57387036234140398 0.64285588947435224 1.6181853234767916 -0.0015023627323757045 -0.12899356146629612 0.98185249926014384 -0.16724530217739253 -0.50965724939649759 0.05759283575888087 -0.50209272384643555 -0.097147816130226217 0.47667002350091936 -0.56846135467290881 -0.30696630563911503 -0.47627834823364634 -0.39398903977768174 0.6874443047321761 -0.19781664697719473 -0.039424091773817629 -0.082580157826023723 0.57628520075231793 -0.098891242641714672 -0.24033829862601125 0.52046576887369156 -0.35698471847176555 0.24602388705719602 -0.17370488443053689 0.44945558311107264 -0.11210704788565636
leaf_weight=31 20 21 20 27 20 32 20 20 193 50 20 24 20 449 52 22 26 22 123 20 112 20 20 33 39 29 26 21 223 31 20 201 64 28 25 22 26 24 20
leaf_count=31 20 21 20 27 20 32 20 20 193 50 20 24 20 449 52 22 26 22 123 20 112 20 20 33 39 29 26 21 223 31 20 201 64 28 25 22 26 24 20
internal_value=4.2152e-10 0.00957441 -0.00547533 0.0192265 -0.162677 -0.00183451 -0.0993164 0.203872 -0.151143 -0.0108996 -0.00274716 -0.00934085 0.0499259 0.00605854 -0.0523005 -0.0300652 0.359425 -0.0514315 -0.0396132 -0.104758 -0.0278956 -0.00114114 -0.168559 -0.0160589 -0.27783 -0.0153195 0.0234405 0.291902 -0.0802272 -0.0102067 0.175798 -0.0394852 -0.0014693 0.0291373 -0.0821286 -0.0380812 -0.0847253 0.0575495 0.1942
internal_weight=2216 2185 2165 1871 294 1851 274 40 234 1819 1769 1749 735 715 1014 923 48 875 853 213 826 694 132 691 91 674 422 47 252 375 51 324 658 477 181 156 134 70 44
internal_count=2216 2185 2165 1871 294 1851 274 40 234 1819 1769 1749 735 715 1014 923 48 875 853 213 826 694 132 691 91 674 422 47 252 375 51 324 658 477 181 156 134 70 44
is_linear=0
shrinkage=0.05


Tree=153
num_leaves=40
num_cat=0
split_feature=29 21 19 29 29 27 3 27 33 28 30 29 3 22 20 18 28 16 31 15 3 6 9 24 9 4 0 22 33 33 15 15 16 33 4 3 0 20 5
split_gain=5575.84 3930.89 5801.01 1956.01 4822.36 30671.9 82353.9 3454.98 2917.35 6525.65 3594.67 2619.68 2330.79 2660.73 2610.54 9275.12 1639.93 3502.48 1605.85 1550.86 1528.89 1423.85 1274.42 1747.31 1224.14 1163.14 1175.06 991.066 986.348 1986.72 833.743 4463.68 816.009 779.175 750.61 741.374 1299.22 1306.27 769.473
threshold=3.2934920787811284 -1.6710991859436033 -1.5992504954338072 0.24387346208095553 -0.0043747618328779927 -0.61005219817161549 -0.040552949532866471 -1.1030309796333311 -0.047480421140789979 -0.65452861785888661 1.0098809599876406 0.21100564301013949 2.5604338645935063 2.3331806659698491 1.5960392355918886 1.4427022337913515 0.52269896864891063 0.5603347420692445 1.2160363197326662 1.8629074692726137 -0.39263355731964106 2.872025847434998 1.1875331997871401 1.0651214122772219 0.048379499465227134 0.55250677466392528 0.56464204192161571 1.439948618412018 -0.047462873160839074 -0.047458374872803681 -0.57336550951004017 -0.5110393464565276 1.2582956552505495 -0.047335436567664139 -0.99476307630538929 -0.81843748688697804 -0.88292127847671498 0.14839695394039157 -0.096956163644790636
decision_type=2 2 2 2 2 2 2 2 2 2 2 2 2 2 2 2 2 2 2 2 2 2 2 2 2 2 2 2 2 2 2 2 2 2 2 2 2 2 2
left_child=1 33 -3 4 12 6 -6 -5 9 -9 24 18 13 14 15 21 20 -18 25 -16 -11 22 30 -24 28 32 -27 -19 -10 -30 -4 -32 -7 -1 -25 -33 37 -37 -38
right_child=-2 2 3 7 5 11 -8 8 10 16 -12 -13 -14 -15 19 -17 17 27 -20 -21 -22 -23 23 34 -26 26 -28 -29 29 -31 31 35 -34 -35 -36 36 38 -39 -40
leaf_value=-0.68959217166358777 0.75797489530717332 0.80892090011726736 -0.10013227442191597 -0.73363931443542241 -0.1515727591499485 -0.040605266332871967 3.8307235771417618 0.70099368195448608 -0.16091888329592247 -0.069794210264187181 -0.75106363395849873 0.41485851835459475 -0.53754409294236793 0.48208447706240876 -0.11790120502701029 0.96016833515216915 0.68586138827460152 -0.28926285419751102 -0.39598303292877973 -0.63244893926161305 -0.52710203774597342 0.35548091744599136 -0.63168511778116232 -0.36936773715540766 -0.40010317401452505 0.46886303560300313 -0.015727548455369885 0.14762606754899027 0.47524942940189724 -0.067841071540161099 0.68904802825139921 -0.094805134382400846 -0.37707233133725826 -0.26379689006578355 -0.012526609721992696 0.45158076970838013 -0.10336024208137623 0.0064955134821288729 0.041011343314312401
leaf_weight=22 24 22 265 20 37 182 20 35 145 89 24 32 22 26 32 24 21 27 32 27 23 23 20 20 33 22 29 25 21 85 23 219 20 21 56 32 156 34 226
leaf_count=22 24 22 265 20 37 182 20 35 145 89 24 32 22 26 32 24 21 27 32 27 23 23 20 20 33 22 29 25 21 85 23 219 20 21 56 32 156 34 226
internal_value=8.24784e-12 -0.008299 0.00117234 -0.00718237 0.0210645 0.177908 1.24572 -0.0885727 -0.0641383 0.0749245 -0.163469 -0.0140969 -0.0276155 -0.0181324 -0.0293733 -0.0119635 -0.043521 0.140872 -0.0622603 -0.353372 -0.163706 -0.0336871 -0.0422036 -0.21586 -0.113813 -0.0200503 0.193312 -0.0792201 -0.0761733 0.0397523 -0.0247471 0.00420519 -0.0739188 -0.481646 -0.106432 -0.0194101 0.017446 0.222294 -0.0179467
internal_weight=2216 2192 2149 2127 1579 374 57 548 528 220 308 317 1205 1183 1157 1098 185 73 285 59 112 1074 1051 96 284 253 51 52 251 106 955 690 202 43 76 667 448 66 382
internal_count=2216 2192 2149 2127 1579 374 57 548 528 220 308 317 1205 1183 1157 1098 185 73 285 59 112 1074 1051 96 284 253 51 52 251 106 955 690 202 43 76 667 448 66 382
is_linear=0
shrinkage=0.05


Tree=154
num_leaves=40
num_cat=0
split_feature=28 6 7 30 11 7 12 11 5 12 29 5 15 30 9 30 0 29 30 33 27 29 28 4 0 0 18 10 8 10 28 27 27 27 30 29 23 8 10
split_gain=5490.58 15699.6 6609.92 4944.57 2265.03 10103.5 3441.8 18983.4 2572.79 7366.99 17581.1 7350.31 24430 4413.17 3323.61 3284.45 3796.22 1779.65 1748.93 1475.53 1155.21 1466.64 1387.08 1268.45 1061.72 2043.72 1020.85 850.421 1134.71 1038.27 816.691 1000.56 742.932 1520.94 1548.82 2156.14 755.668 739.672 2574.26
threshold=-1.5452485680580137 1.112892806529999 -1.3164669871330259 -2.4608415365219112 1.6160847544670107 1.6315463185310366 1.2761033177375796 1.3154855370521548 -0.26071733236312861 -1.2229315042495725 0.23727176338434222 -0.35242359340190882 -0.63112536072731007 0.9120679795742036 1.1024599671363833 -1.0270565152168272 2.7512800693511967 0.03774936497211457 0.9120679795742036 -0.047483431175351136 -0.60438063740730275 -0.17230346053838727 1.5391963720321657 -0.4150747805833816 -0.75091812014579762 -0.62732163071632374 -0.60535031557083119 -1.0723099112510679 -1.0263187885284422 -1.1261851787567136 1.6180556416511538 -0.61005219817161549 0.78191867470741283 0.5584130883216859 -0.14630585163831708 -0.44785918295383448 -0.75432783365249623 0.37150499224662786 0.57539084553718578
decision_type=2 2 2 2 2 2 2 2 2 2 2 2 2 2 2 2 2 2 2 2 2 2 2 2 2 2 2 2 2 2 2 2 2 2 2 2 2 2 2
left_child=1 -1 3 -2 5 6 8 -8 9 10 -4 18 -13 14 15 -10 20 -14 27 30 21 26 24 -23 -22 -26 -17 29 -29 -11 31 -6 33 34 -27 -36 -34 -37 -39
right_child=2 -3 4 -5 19 -7 7 -9 13 11 -12 12 17 -15 -16 16 -18 -19 -20 -21 22 23 -24 -25 25 32 -28 28 -30 -31 -32 -33 36 -35 35 37 -38 38 -40
leaf_value=-0.28865929138660434 -1.1100211318920958 1.5908112797886134 -0.23558381589559407 -0.20480701190729939 -0.17252624698044006 1.0157360863685607 1.4964687633814049 -0.36343921959838449 -0.67076183438301085 -0.0022487914120709455 1.6849205201153052 1.9864248597621916 0.2009583702710058 -0.7486349354187648 -0.67839633283160983 -0.19355931161223233 0.64108158349990851 -0.38579285442829137 -0.46177265156399128 -0.59196995042619249 -0.25820211902918183 -0.11973558479547503 -0.32877221566159281 -0.60973536159311026 0.50154539275575771 -0.22516595599241557 0.21079067322942946 0.37159066557884218 -0.0088558531383429572 -0.45940426301373088 -0.38455635905265811 0.23744625610045414 0.037457692949101333 0.3654746966902167 0.41586286584950155 -0.054947594285546665 -0.29231729547395124 0.61355025073513392 -0.078366729519443554
leaf_weight=25 22 20 26 48 46 25 23 34 20 27 22 20 28 24 21 37 21 24 22 21 34 25 32 28 22 60 27 20 978 23 23 22 32 32 36 167 38 20 41
leaf_count=25 22 20 26 48 46 25 23 34 20 27 22 20 28 24 21 37 21 24 22 21 34 25 32 28 22 60 27 20 978 23 23 22 32 32 36 167 38 20 41
internal_value=-7.88451e-10 0.546661 -0.0113311 -0.489303 0.00459374 0.016913 0.00419888 0.38705 -0.00724449 0.0378354 0.644647 0.0123302 0.501338 -0.0820633 -0.0589786 -0.0396218 -0.0202616 -0.0698499 -0.020575 -0.214184 -0.0422715 -0.184071 -0.00999412 -0.378603 0.0111696 0.031613 -0.0229742 -0.0113132 -0.00123167 -0.21254 -0.127002 -0.0398881 0.00734415 0.0366236 0.00414453 0.0562605 -0.141563 -0.000518768 0.148491
internal_weight=2216 45 2171 70 2101 1989 1964 57 1907 1190 48 1142 72 717 693 672 652 52 1070 112 631 117 514 53 482 448 64 1048 998 50 91 68 426 356 324 264 70 228 61
internal_count=2216 45 2171 70 2101 1989 1964 57 1907 1190 48 1142 72 717 693 672 652 52 1070 112 631 117 514 53 482 448 64 1048 998 50 91 68 426 356 324 264 70 228 61
is_linear=0
shrinkage=0.05


Tree=155
num_leaves=40
num_cat=0
split_feature=30 28 22 16 19 30 24 6 5 29 17 33 31 8 8 11 9 15 28 14 30 27 30 4 23 0 30 21 29 4 30 8 15 7 9 11 13 12 12
split_gain=6055.38 3076.83 6248.42 2817 5550.63 4511.48 3224.12 1944.64 2467.28 1648.55 17071.3 4551.16 6278.09 1908.78 5191.26 1821.15 1083.17 1006.05 988.968 954.97 826.034 993.133 800.134 826.359 730.604 614.945 1222.06 1683.7 602.778 623.165 562.808 562.108 663.911 488.74 714.3 486.318 530.168 1666.24 626.24
threshold=-2.4608415365219112 -1.5968321561813352 -1.6769025325775144 -1.043636620044708 -1.0584476590156553 1.0098809599876406 -0.81174758076667775 2.9755042791366582 3.179359078407288 -0.44785918295383448 1.8931055068969729 -0.047474030405282967 1.0250321030616762 1.1994026899337771 1.1315546631813052 1.6160847544670107 1.2217946052551272 -1.5233836174011228 -1.0515289902687071 1.3596132397651675 0.41086067259311682 -0.30422385036945337 0.65969780087471019 -1.0371792912483213 1.168053984642029 -0.49048908054828638 -0.011622950900346039 -0.026229278184473511 -0.42408676445484156 2.1176037788391118 -0.1422249302268028 -1.0538179278373716 -1.2476907372474668 0.97382035851478588 0.88032019138336193 0.68704506754875194 -0.95354408025741566 -0.92192900180816639 -0.7122400403022765
decision_type=2 2 2 2 2 2 2 2 2 2 2 2 2 2 2 2 2 2 2 2 2 2 2 2 2 2 2 2 2 2 2 2 2 2 2 2 2 2 2
left_child=-1 -2 -3 6 -5 7 17 8 9 10 11 16 -13 14 18 19 25 -4 -11 -15 21 -17 23 -19 28 26 27 -6 -20 33 -27 32 -25 34 35 36 -30 -38 -39
right_child=1 2 3 4 5 -7 -8 -9 -10 13 -12 12 -14 15 -16 20 -18 22 24 -21 -22 -23 -24 31 -26 30 -28 -29 29 -31 -32 -33 -34 -35 -36 -37 37 38 -40
leaf_value=0.75856228788884783 -0.47404434485094893 0.69202325325459246 -0.38214152769318654 0.81812858439627156 -0.09312075555324556 0.59867728785161045 -0.64357169078242393 -0.33058839892644598 0.55090955734252933 -0.36456543278126491 1.5104991930723193 0.91130209441842713 -0.12038982576380174 -0.20034366503357887 0.78749701283872131 -0.0034162866973107861 -0.35915434029367238 0.18925494066306525 -0.27282610844651406 -0.65618828430909804 0.1619035646892511 -0.44874938612892512 -0.3551900298822494 -0.077543557683626807 -0.291905727237463 -0.34671806291891982 -0.13650053713354282 0.54789650755978769 -0.13479511044346368 -0.27882339642161419 -0.071467869390661895 0.043077504384870596 -0.38285019214575494 -0.19388535460739426 0.24628717572396172 -0.12806963254511358 0.44289931546558031 -0.12054764082034429 0.015774298587075158
leaf_weight=26 35 32 28 21 20 31 31 46 20 21 20 29 30 20 20 31 36 35 22 27 26 21 21 69 24 26 48 21 65 21 65 57 24 33 29 75 22 93 895
leaf_count=26 35 32 28 21 20 31 31 46 20 21 20 29 30 20 20 31 36 35 22 27 26 21 21 69 24 26 48 21 65 21 65 57 24 33 29 75 22 93 895
internal_value=2.42329e-10 -0.00900576 -0.00145293 -0.0119057 0.00984577 0.000605734 -0.164412 -0.00966017 -0.00127227 -0.00761919 0.100094 -0.00248068 0.386713 -0.0296091 -0.0119251 -0.216353 -0.108788 -0.100934 -0.0242239 -0.462212 -0.068207 -0.183262 -0.0627115 -0.0295112 -0.0186358 -0.058715 0.0347347 0.235205 -0.0134099 -0.00878121 -0.150111 -0.0805566 -0.156332 -0.00410226 0.00120973 -0.00497048 0.00361783 0.0125256 0.00294238
internal_weight=2216 2190 2155 2123 1858 1837 265 1806 1760 1740 295 275 59 1445 1320 125 216 234 1300 47 78 52 206 185 1279 180 89 41 1255 1233 91 150 93 1212 1179 1150 1075 1010 988
internal_count=2216 2190 2155 2123 1858 1837 265 1806 1760 1740 295 275 59 1445 1320 125 216 234 1300 47 78 52 206 185 1279 180 89 41 1255 1233 91 150 93 1212 1179 1150 1075 1010 988
is_linear=0
shrinkage=0.05


Tree=156
num_leaves=40
num_cat=0
split_feature=30 30 30 25 15 17 22 21 3 30 26 10 10 8 18 30 3 19 20 21 5 29 17 5 5 8 29 5 22 17 8 24 8 3 4 13 17 4 20
split_gain=5464.98 2947.06 4257.66 3434.5 1811.23 8225.7 2618.96 17813.4 3697.38 3185.45 2457.1 1939.31 9550.07 11601.4 6941.65 2047.57 1846.03 1783.54 10076.8 2585.87 2769.54 4344.94 1707.17 1614.07 1378.81 1361.33 2363.85 1158.13 1067.76 1009.16 1046.97 1040.48 925.185 924.028 891.201 870.637 864.37 763.97 851.067
threshold=-2.4608415365219112 -0.88363802433013905 -0.7744469642639159 -1.6367047429084776 2.1951055526733403 1.8931055068969729 0.58130306005477916 0.55133631825447094 2.5604338645935063 0.86204820871353161 0.68636986613273632 -0.57133969664573658 -0.53129842877387989 -0.52780917286872853 -0.87463015317916859 1.2409112453460696 0.64087116718292247 0.18809021264314654 0.19484905898571017 0.11068857461214067 0.82119813561439525 -0.18502976745367047 -1.5672225952148435 0.45000614225864416 -0.35242359340190882 -0.21955074369907376 0.081273693591356291 0.82119813561439525 0.20176216959953311 -0.49061308801174158 -0.44850806891918177 -0.37390972673892969 1.2742861509323122 -0.82119348645210255 -1.0187374949455259 -0.93772524595260609 0.41241078078746801 1.6952857375144961 0.010832263622432949
decision_type=2 2 2 2 2 2 2 2 2 2 2 2 2 2 2 2 2 2 2 2 2 2 2 2 2 2 2 2 2 2 2 2 2 2 2 2 2 2 2
left_child=-1 35 -3 -4 5 6 7 8 10 27 11 15 13 -13 -14 22 32 19 -19 20 23 -22 -5 29 -6 -20 28 -8 -27 34 -31 -32 33 -12 -16 -2 -30 38 -33
right_child=1 2 3 4 24 -7 9 -9 -10 -11 16 12 14 -15 17 -17 -18 18 25 -21 21 -23 -24 -25 -26 26 -28 -29 36 30 31 37 -34 -35 -36 -37 -38 -39 -40
leaf_value=0.72063413497347106 -0.20462961792945863 0.62530422012011222 -0.57769183401878066 0.39843272850626993 -0.087748187226908553 0.757373972195718 -0.04821191430780028 1.1763693702943399 0.67680809646844864 -0.70823502313523068 0.021132592111825943 -0.016775475848804823 0.91596805222687261 1.6262256456272945 -0.39058220154838641 -0.54679354258946011 -0.55714259089962137 1.0596175093650817 -0.29607139032553226 -0.37289537373080589 0.76763210539464599 -0.14713762378692627 -0.062138527706653506 -0.44057512352099781 -0.60022329148792086 0.24266889026531807 0.4685556030699185 -0.28186880162016292 -0.2920360450337573 0.32113918110728268 -0.21579554245438218 0.018242369572232877 0.11696330204606056 -0.38683770852429528 -0.066560385961617743 -0.59069862365722658 0.012467772761980694 -0.24853385592048821 0.30735643458863104
leaf_weight=26 40 27 26 21 35 36 406 33 20 21 23 22 21 21 32 21 31 25 34 57 27 25 480 26 21 26 28 61 41 25 53 168 30 35 63 23 54 22 30
leaf_count=26 40 27 26 21 35 36 406 33 20 21 23 22 21 21 32 21 31 25 34 57 27 25 480 26 21 26 28 61 41 25 53 168 30 35 63 23 54 22 30
internal_value=-2.86289e-10 -0.00855547 0.00142678 -0.0065945 0.000564869 0.00834857 -0.00525633 0.0275923 0.00164458 -0.105822 -0.00772618 0.0118626 0.0607805 0.78562 0.0196073 -0.0631074 -0.225343 -0.00596817 0.118042 -0.0548207 -0.0163276 0.327839 -0.0428331 -0.0590403 -0.279926 -0.0105885 0.0545552 -0.0787324 -0.0412465 -0.0337989 0.0114395 -0.0169212 -0.108459 -0.225056 -0.175705 -0.345575 -0.11895 0.0309894 0.0620475
internal_weight=2216 2190 2127 2100 2074 2018 1982 1494 1461 488 1441 1322 800 43 757 522 119 736 208 528 471 52 501 419 56 183 149 467 121 393 298 273 88 58 95 63 95 220 198
internal_count=2216 2190 2127 2100 2074 2018 1982 1494 1461 488 1441 1322 800 43 757 522 119 736 208 528 471 52 501 419 56 183 149 467 121 393 298 273 88 58 95 63 95 220 198
is_linear=0
shrinkage=0.05


Tree=157
num_leaves=40
num_cat=0
split_feature=28 30 7 30 30 30 11 7 12 9 30 9 3 12 8 33 17 29 28 28 30 27 5 27 6 27 27 33 4 4 30 28 20 27 23 8 3 14 12
split_gain=5336.32 14893.4 6554.46 5278.68 2203.74 2100.92 1928.79 9557.23 3585.33 17907 2332.28 2265.47 2411 1507.41 1994.42 1312.52 1040.41 893.092 844.568 6496.21 717.677 779.518 684.229 597.492 958.249 799.432 1690.74 1531.29 3404.51 793.243 853.648 839.526 4259.4 1141.25 1033.21 987.361 902.302 902.472 1517.03
threshold=-1.5452485680580137 -0.18787831068038938 -1.3164669871330259 -2.4608415365219112 -1.3757219314575193 1.2409112453460696 1.6160847544670107 1.6315463185310366 1.2761033177375796 1.2392280697822573 1.0098809599876406 1.1875331997871401 2.5976400375366215 -1.3265537619590757 -1.1999563574790952 -0.047483431175351136 1.8310874700546267 -0.48264776170253748 -1.2588761448860166 -1.179234445095062 0.50587067008018505 -0.30422385036945337 2.941359400749207 -0.46763706207275385 2.872025847434998 1.0000000180025095e-35 -0.020698061212897297 -0.047474030405282967 0.57094863057136547 -1.0347204208374021 0.30846130847930914 0.4051686972379685 0.13133033365011218 0.73898935317993175 -0.27527187764644617 0.020558199845254425 0.73319759964942943 -0.79764407873153675 -0.59154635667800892
decision_type=2 2 2 2 2 2 2 2 2 2 2 2 2 2 2 2 2 2 2 2 2 2 2 2 2 2 2 2 2 2 2 2 2 2 2 2 2 2 2
left_child=1 -1 3 -2 -4 6 7 8 10 -10 11 12 13 -6 -15 17 18 -8 -16 -20 21 -19 23 -21 25 26 27 -25 -29 30 -27 34 -33 35 36 -34 37 -31 -39
right_child=2 -3 4 -5 5 -7 15 -9 9 -11 -12 -13 -14 14 16 -17 -18 20 19 22 -22 -23 -24 24 -26 29 -28 28 -30 31 -32 32 33 -35 -36 -37 -38 38 -40
leaf_value=1.5559133111545815 -1.1284799050201071 -0.27466294963285326 0.48106279919544859 -0.19318219041451812 0.33914955765008931 0.50916870564222338 -0.42044517248868946 0.97715025547146794 1.4613184094429017 -0.34508650302886967 -0.55578990638256076 -0.39498987974304905 0.4473381008824398 -0.34685747865173555 -0.21125900899836175 -0.56384918761572667 -0.31188178339174821 0.016917040558724568 0.85490176596424805 -0.066829902995359874 0.19506080614572222 -0.38884095668792729 -0.29369164364678518 -0.02093685231559033 0.3096144805948895 -0.21503461691267464 0.51022992521524435 0.57697054916306545 -0.043167493942211262 0.056956138873015941 0.1198065525541703 0.72156380550427879 0.311184787946577 -0.10734960771326592 -0.22696015206543177 0.028114417668700261 0.21689026252263122 -0.33641080467828682 0.0065573053409982672
leaf_weight=20 22 25 24 48 30 20 20 25 23 34 20 38 29 45 48 21 28 29 22 325 22 20 21 274 26 92 20 38 53 106 24 22 37 139 74 184 36 56 76
leaf_count=20 22 25 24 48 30 20 20 25 23 34 20 38 29 45 48 21 28 29 22 325 22 20 21 274 26 92 20 38 53 106 24 22 37 139 74 184 36 56 76
internal_value=8.31626e-10 0.538926 -0.0111707 -0.487133 0.00468711 -0.000817475 -0.00577602 0.00584234 -0.0068049 0.383814 -0.0187562 -0.0129284 -0.00488497 -0.0122692 -0.0183074 -0.207541 -0.00961556 -0.125316 -0.00455672 0.00154895 -0.0421815 -0.148698 -0.0101627 -0.00639903 0.0092255 0.00288097 0.0626101 0.038083 0.215791 -0.0243007 -0.145757 -0.00500083 0.0461772 0.0049036 -0.061179 0.0755063 -0.016406 -0.0516945 -0.138944
internal_weight=2216 45 2171 70 2101 2077 2057 1945 1920 57 1863 1843 1805 1776 1746 112 1701 91 1673 1625 71 49 1603 1582 1257 1231 385 365 91 846 116 730 382 360 348 221 274 238 132
internal_count=2216 45 2171 70 2101 2077 2057 1945 1920 57 1863 1843 1805 1776 1746 112 1701 91 1673 1625 71 49 1603 1582 1257 1231 385 365 91 846 116 730 382 360 348 221 274 238 132
is_linear=0
shrinkage=0.05


Tree=158
num_leaves=40
num_cat=0
split_feature=15 20 33 4 30 30 33 5 5 30 7 21 5 30 10 27 29 11 29 7 13 0 29 6 27 7 13 30 33 19 29 30 27 30 27 4 6 0 29
split_gain=5625.18 6262.73 2622.45 5415.3 4416.93 4197.59 2400.93 2559.12 4949.11 14888.4 14931 7410.77 7110.62 2360.87 2277.29 1770.05 2576.75 1556.32 1550.56 1695.68 3474.72 1456.98 1262.42 1199.85 924.975 788.626 891.32 772.282 1634.15 1877.91 936.369 1478.36 778.858 689.242 920.292 892.363 671.59 614.822 613.716
threshold=-1.584319472312927 -1.6251678466796873 -0.047460788860917084 2.1053092479705815 -0.95633739233016957 -1.3757219314575193 -0.047462873160839074 0.93583095073699962 -0.35242359340190882 0.83155819773674022 1.6315463185310366 -1.0440135598182676 0.700014889240265 1.0098809599876406 -1.2903800606727598 -0.58386245369911183 -0.0086820246651768667 1.1336319446563723 0.91963148117065441 1.6315463185310366 1.7659478187561037 2.798500776290894 -0.63984397053718556 2.872025847434998 -0.90070486068725575 0.71246248483657848 0.56465253233909618 -0.011622950900346039 -0.047481721267104142 0.19644626975059512 0.063669886440038695 0.4863469004631043 0.51373675465583812 0.11983910948038103 0.21318208426237109 -0.53064361214637745 1.739593029022217 -0.62732163071632374 -0.15099124610424039
decision_type=2 2 2 2 2 2 2 2 2 2 2 2 2 2 2 2 2 2 2 2 2 2 2 2 2 2 2 2 2 2 2 2 2 2 2 2 2 2 2
left_child=-1 -2 3 4 -3 -4 7 8 13 10 11 -10 15 18 -7 16 -13 25 19 23 -21 24 -17 36 -16 26 -9 28 -24 -30 31 33 -32 -29 35 -35 -6 -22 -26
right_child=1 2 5 -5 6 14 -8 17 9 -11 -12 12 -14 -15 21 22 -18 -19 -20 20 37 -23 27 -25 38 -27 -28 30 29 -31 32 -33 -34 34 -36 -37 -38 -39 -40
leaf_value=0.59518240537398903 -0.81389078001181281 0.75106446862220766 -0.83497048974037169 0.81969361702601118 -0.0055459451619964241 0.26953189128484484 0.46324835965143785 -0.10685682338412091 0.86447219800949093 1.4473342284914994 1.3049278882642588 -0.10365652513244879 0.66430449724197393 -0.54603434930676997 -0.32378355445340279 -0.39039761437022169 -0.77208473370188768 -0.49455653880581707 -0.3822701910811086 -0.76395818871324483 0.16045838741896054 -0.52943205995993181 -0.19505268510045679 0.37794675886631013 -0.19106767494832316 0.12443481896604812 -0.47479061588644983 -0.24979367132844599 0.044367606125963042 0.60650168458620712 -0.088408936570502 0.4267517319321632 -0.40767977352325735 0.38997099503226906 -0.19612300534700525 -0.015737359767610377 -0.24228395560095387 -0.18735184338357713 -0.0016880517089874415
leaf_weight=39 24 20 20 21 891 39 28 93 25 21 24 46 35 23 40 23 21 33 31 23 24 22 29 20 62 28 20 29 39 24 72 20 26 23 29 33 31 27 138
leaf_count=39 24 20 20 21 891 39 28 93 25 21 24 46 35 23 40 23 21 33 31 23 24 22 29 20 62 28 20 29 39 24 72 20 26 23 29 33 31 27 138
internal_value=-1.20176e-09 -0.0106624 -0.00170866 0.0213902 0.0121333 -0.133538 0.00388167 -0.003414 0.0165203 0.143221 0.0882285 0.0266235 -0.0200274 -0.0449355 -0.0869311 -0.0778815 -0.313164 -0.185458 -0.0339276 -0.0232991 -0.253764 -0.139992 -0.0324523 -0.00519459 -0.104294 -0.113116 -0.171978 -0.00704265 0.115542 0.258514 -0.0556537 0.0302496 -0.173113 -0.0393121 0.0324992 0.150893 -0.0135057 -0.0236764 -0.0603957
internal_weight=2216 2177 2153 1832 1811 321 1791 1763 1589 519 498 474 449 1070 301 414 67 174 1047 1016 74 262 347 942 240 141 113 324 92 63 232 134 98 114 85 56 922 51 200
internal_count=2216 2177 2153 1832 1811 321 1791 1763 1589 519 498 474 449 1070 301 414 67 174 1047 1016 74 262 347 942 240 141 113 324 92 63 232 134 98 114 85 56 922 51 200
is_linear=0
shrinkage=0.05


Tree=159
num_leaves=40
num_cat=0
split_feature=30 28 22 16 16 30 24 6 5 4 14 23 13 11 6 31 16 15 31 6 4 29 28 8 20 31 5 5 5 3 8 21 28 29 29 22 15 20 22
split_gain=5303.84 2985.72 6150.5 2592.7 5236.53 4319.68 2987.73 2119.07 2471.22 1585.8 9554.93 20342.1 3565.64 7114.89 2305.53 1555.57 1657.38 2152.42 1300.89 1591.57 1405.89 2133.45 1260.3 1075.48 1034.5 1006.99 928.77 3869.46 881.229 780.076 760.1 697.347 579.562 551.356 1396.19 705.326 1194.8 2888.08 1151.56
threshold=-2.4608415365219112 -1.5968321561813352 -1.6769025325775144 -1.043636620044708 -0.99494946002960194 1.0098809599876406 -0.80417609214782704 2.9755042791366582 3.179359078407288 0.55250677466392528 1.4059720635414126 1.751758396625519 0.9618494212627412 0.92895847558975231 2.1986874341964726 -0.85590088367462147 0.7553827464580537 1.6533120274543764 0.86960539221763622 -0.25273083150386805 0.94101473689079296 0.048317316919565208 -0.96137806773185719 0.95140758156776439 -1.589679956436157 1.132662892341614 0.82119813561439525 1.2087662220001223 0.45000614225864416 0.023524343967437748 1.423182547092438 1.5525901317596438 -0.4313263595104217 -0.5066140592098235 -0.45463125407695765 -0.24573512375354764 0.21530369669198993 0.16362944990396502 -0.30062720179557795
decision_type=2 2 2 2 2 2 2 2 2 2 2 2 2 2 2 2 2 2 2 2 2 2 2 2 2 2 2 2 2 2 2 2 2 2 2 2 2 2 2
left_child=-1 -2 -3 6 -5 7 24 8 9 12 14 -12 13 22 18 31 -17 30 19 -11 21 -21 -6 26 -4 -20 28 -28 33 -19 -18 -14 -27 -24 -35 38 -37 -38 -36
right_child=1 2 3 4 5 -7 -8 -9 -10 10 11 -13 15 -15 -16 16 17 29 25 20 -22 -23 23 -25 -26 32 27 -29 -30 -31 -32 -33 -34 34 35 36 37 -39 -40
leaf_value=0.70993056689890532 -0.46653002194794163 0.68703244179487233 -0.44527952194213871 0.71411254170995497 -0.30993834394547676 0.58471527464928164 -0.6561210570511995 -0.35328843344680294 0.55063654780387883 0.41368164748981084 1.9445594477653505 -0.25870549893721051 -0.14178340617329518 0.88928470340642063 0.52220751672983168 -0.63600542021520212 -0.18119110640357525 -0.69452151409957719 -0.3314042650344895 -0.084363089890583706 -0.099964139131285878 0.62173715487122538 -0.11932758092079113 -0.34699779761874161 -0.069546201174070538 -0.29147847145795824 0.72661116793751723 -0.054045519958201206 -0.2310744807455275 -0.2675549992918968 0.18632321308056515 0.20478619670584086 -0.022840869946028047 0.42182953387498856 0.032603473151384885 -0.12556194503429449 0.6106371470913291 -0.014343414438667053 0.41730490624904637
leaf_weight=26 35 32 20 26 36 31 27 44 20 29 20 22 47 22 20 33 34 23 41 23 96 20 93 23 218 23 22 57 45 20 24 21 158 20 264 216 20 244 21
leaf_count=26 35 32 20 26 36 31 27 44 20 29 20 22 47 22 20 33 34 23 41 23 96 20 93 23 218 23 22 57 45 20 24 21 158 20 264 216 20 244 21
internal_value=-5.97424e-10 -0.0084284 -0.000988234 -0.0113588 0.00950874 -0.000491091 -0.157668 -0.010564 -0.00198131 -0.00834421 0.0722079 0.790468 -0.0366785 -0.000707804 -0.00136996 -0.229531 -0.328373 -0.22786 -0.0282201 0.0767536 0.00645924 0.244056 -0.0191619 -0.0089493 -0.10112 -0.10766 -0.00118971 0.163353 -0.015273 -0.495932 -0.0291162 -0.0347546 -0.0569771 -0.00421251 0.00942533 -0.00135648 -0.0383509 0.0330036 0.0609499
internal_weight=2216 2190 2155 2123 1858 1832 265 1801 1757 1737 452 42 1285 1083 410 202 134 101 390 168 139 43 1061 1025 238 222 1002 79 923 43 58 68 181 878 785 765 480 264 285
internal_count=2216 2190 2155 2123 1858 1832 265 1801 1757 1737 452 42 1285 1083 410 202 134 101 390 168 139 43 1061 1025 238 222 1002 79 923 43 58 68 181 878 785 765 480 264 285
is_linear=0
shrinkage=0.05


Tree=160
num_leaves=40
num_cat=0
split_feature=18 16 20 18 3 29 30 18 15 15 22 11 9 33 5 28 18 12 4 8 33 29 27 0 4 6 19 3 33 3 28 21 30 27 15 17 20 7 10
split_gain=5626.98 22405.9 3455.41 14027.7 27048.7 6042.51 2713 2378.63 2130.91 1572.65 7721.12 2265.71 11793.7 2935.03 2389.89 1656.65 1181.33 1025.73 754.15 679.13 700.625 2993.24 5883.65 998.528 1345.76 996.029 845.068 744.775 1809.66 1944.58 1241.57 2677.19 1232.64 873.05 1023.46 1674.49 911.741 733.975 711.024
threshold=-1.642467141151428 -1.5978951454162595 -1.1401053667068479 -1.0717446804046629 -0.31270918250083918 2.3943476676940922 1.0098809599876406 -1.5910865664482114 -1.513170003890991 2.7634010314941411 2.3331806659698491 1.2957069873809817 1.2217946052551272 -0.047480421140789979 3.0898362398147587 -1.1059088706970213 1.7937170863151553 -0.92880499362945546 2.0844084024429326 -1.0783468484878538 -0.047474030405282967 -0.44785918295383448 0.18121211230754855 0.18115311861038211 -0.40523913502693171 1.7964332699775698 -0.72336301207542408 -0.58831045031547535 -0.047476824373006814 -0.62276062369346608 0.58061459660530101 0.62624451518058788 0.49311739206314092 0.47329057753086096 0.2545489519834519 0.059342432767152793 1.0000000180025095e-35 0.38788214325904852 0.31363297998905187
decision_type=2 2 2 2 2 2 2 2 2 2 2 2 2 2 2 2 2 2 2 2 2 2 2 2 2 2 2 2 2 2 2 2 2 2 2 2 2 2 2
left_child=-1 -2 5 4 -4 7 9 -3 -9 10 11 12 14 -13 15 -5 18 -10 19 -17 25 22 -22 24 -23 27 -26 28 29 -21 33 -32 -33 34 35 36 38 -37 -29
right_child=1 2 3 6 -6 -7 -8 8 17 -11 -12 13 -14 -15 -16 16 -18 -19 -20 20 21 23 -24 -25 26 -27 -28 30 -30 -31 31 32 -34 -35 -36 37 -38 -39 -40
leaf_value=-0.66891017565804145 1.6348322005498979 -0.6011238276958466 -0.35687548801302915 -0.37512504347797598 2.2435423208028076 -0.99138266969294786 0.44635397412560202 0.43624593481421475 -0.051688810876464542 -0.41314680660143499 0.97124569222331059 -0.10363158579987693 1.017620341054031 -0.69790226066112515 0.50016982230273166 -0.25842701437381599 -0.36521493013327322 -0.35084879909242905 -0.19885563184328092 -0.012668787025485188 0.87239243894815444 0.51232631532475359 -0.15524512580954111 -0.047271339666455428 0.28466964140534401 -0.34673606727434247 -0.12964247688651084 -0.093346241153021522 0.47884322915758404 0.45662665046427559 0.52440546279629829 -0.13447797238072265 0.30493925228714946 -0.36008409578353168 -0.25032635496722327 0.47396537125110627 -0.38404735239843529 0.045603647828102112 0.21754956656978247
leaf_weight=31 21 22 20 33 20 21 33 20 158 24 20 123 28 25 22 26 24 35 52 548 30 20 26 253 20 23 32 148 21 23 26 79 20 32 72 20 24 20 21
leaf_count=31 21 22 20 33 20 21 33 20 158 24 20 123 28 25 22 26 24 35 52 548 30 20 26 253 20 23 32 148 21 23 26 79 20 32 72 20 24 20 21
internal_value=-8.96087e-10 0.00949026 -0.00628247 0.0168606 0.943333 -0.178771 -0.00297817 -0.106155 -0.0550311 -0.0110588 -0.00573019 -0.01664 0.000238559 -0.204015 -0.0174003 -0.0245481 -0.0171321 -0.105941 -0.0116933 -0.00513502 -0.000618157 0.0576565 0.395275 -0.000517812 0.163769 -0.0212334 0.0297083 -0.0141304 0.0229994 0.00623453 -0.061708 0.0728765 -0.0457068 -0.111628 -0.0855605 -0.0346457 -0.0956676 0.259785 -0.0547142
internal_weight=2216 2185 2164 1908 40 256 1868 235 213 1835 1811 1791 1643 148 1615 1593 1560 193 1536 1484 1458 381 56 325 72 1077 52 1054 592 571 462 125 99 337 305 233 193 40 169
internal_count=2216 2185 2164 1908 40 256 1868 235 213 1835 1811 1791 1643 148 1615 1593 1560 193 1536 1484 1458 381 56 325 72 1077 52 1054 592 571 462 125 99 337 305 233 193 40 169
is_linear=0
shrinkage=0.05


Tree=161
num_leaves=40
num_cat=0
split_feature=12 22 30 33 12 4 29 30 29 5 31 31 27 13 14 28 31 24 5 0 27 0 6 33 9 6 16 3 29 31 17 28 19 5 5 27 29 27 27
split_gain=5335.27 19666 5591.59 3456.87 6756.03 4409.17 2658.96 3504.22 1928.61 1754.7 4578.75 27196.9 5811.29 2885.45 8596.9 2285.95 2164.77 1747.39 1321.48 1300 1033.47 987.285 980.505 1011.16 1525.75 1796.42 1382.88 1367.63 964.295 803.786 795.84 773.393 3411.81 1458.61 1076.56 2520.43 753.702 1130.63 884.538
threshold=-1.3944663405418394 -1.6634678840637205 -2.4608415365219112 -0.047459915280342095 -1.2313437461853025 2.1053092479705815 1.3590816259384157 1.0098809599876406 1.6874600648880007 1.4664171338081362 0.83366858959198009 0.9533381760120393 -0.52565717697143544 0.90714541077613842 0.86661320924758922 -1.2250468134880064 1.0897184014320376 0.67711979150772106 -0.086038753390312181 2.798500776290894 -0.051677344366908066 1.1622336506843569 1.112892806529999 -0.047476824373006814 -0.09692582860589026 -0.1594545096158981 -0.42436783015727991 1.14246541261673 -0.15985984355211255 0.17207176983356479 1.4656423330307009 0.4660057276487351 0.25861126184463507 0.4893088191747666 -0.092589199542999254 0.6442432999610902 0.33711639046669012 0.37335479259490972 0.96878236532211315
decision_type=2 2 2 2 2 2 2 2 2 2 2 2 2 2 2 2 2 2 2 2 2 2 2 2 2 2 2 2 2 2 2 2 2 2 2 2 2 2 2
left_child=2 -2 -1 4 -3 6 7 9 19 10 13 -12 -13 14 15 -6 -11 -18 -15 28 -20 -14 23 30 25 27 -27 36 -5 -24 31 33 -33 -17 -34 -36 37 -25 -39
right_child=1 3 -4 8 5 -7 -8 -9 -10 16 11 12 21 18 -16 22 17 -19 20 -21 -22 -23 29 24 -26 26 -28 -29 -30 -31 -32 32 34 -35 35 -37 -38 38 -40
leaf_value=-1.0975543040739881 1.3799611219993004 0.89228799830783501 -0.10514230221509933 -0.22836330079007894 0.42352914663572466 0.69872856098024749 -0.52072714595900227 0.52759413458406923 -0.64011933103203777 -0.021449874140120843 1.9922258032858373 0.80463326424360282 -0.37087018904757912 -0.10965897059260109 1.0201689497700759 -0.032830971933254377 -0.13456181245190757 -0.76539979706639827 -0.21948851835772848 -0.49845733879642051 -0.67498402655124667 -0.03400068331038815 -0.057519359038821584 -0.19835155794643008 0.40058611475568101 0.61518173828011469 0.041371861667860124 0.31588046706241113 -0.020132952861931942 -0.46369756431806658 -0.2985945098140152 0.68151648690924049 -0.04769883991990502 -0.4229199569821358 0.6041525372727351 -0.15270016071471304 -0.32223472654819491 0.33515663370490079 -0.085784064916272967
leaf_weight=22 26 22 40 88 31 23 24 32 20 74 20 20 29 194 21 578 21 23 33 22 20 87 29 53 34 21 21 23 151 21 26 20 198 25 22 22 30 26 24
leaf_count=22 26 22 40 88 31 23 24 32 20 74 20 20 29 194 21 578 21 23 33 22 20 87 29 53 34 21 21 23 151 21 26 20 198 25 22 22 30 26 24
internal_value=8.24886e-10 0.0131624 -0.457288 -0.00353717 0.0213197 0.0108203 0.00204012 0.0090966 -0.16692 -0.00040622 0.0130885 0.270666 0.0174954 -0.0142091 0.0172251 -0.00026808 -0.186587 -0.464318 -0.170108 -0.130659 -0.391374 -0.118218 -0.0114682 -0.00182232 0.0911568 0.0380225 0.328277 -0.0401229 -0.0968035 -0.228114 -0.0260324 -0.0178398 0.0538852 -0.0490038 0.0020148 0.225726 -0.101687 -0.0374503 0.133105
internal_weight=2216 2154 62 2128 1847 1825 1802 1778 281 1746 1628 156 136 1472 1225 1204 118 44 247 261 53 116 1173 1123 232 198 42 156 239 50 891 865 262 603 242 44 133 103 50
internal_count=2216 2154 62 2128 1847 1825 1802 1778 281 1746 1628 156 136 1472 1225 1204 118 44 247 261 53 116 1173 1123 232 198 42 156 239 50 891 865 262 603 242 44 133 103 50
is_linear=0
shrinkage=0.05


Tree=162
num_leaves=40
num_cat=0
split_feature=30 30 6 25 0 0 3 7 11 9 33 30 14 26 4 0 17 29 7 30 30 22 6 13 30 30 15 15 29 27 27 27 31 2 20 30 30 3 3
split_gain=5778.96 2764.31 4292.38 4304.82 1652 21019.9 3399.02 2449.77 3715.63 10442.3 3004.86 2151.71 2060.71 10355.9 2480.81 1687.83 1619.57 1540.26 10617.7 2455.83 1780.12 1596.03 1340.39 972.855 963.355 853.956 761.061 4682.11 1108.34 813.39 672.084 1770.26 2422.61 744.677 680.381 648.156 2372.12 644.214 903.982
threshold=-2.4608415365219112 -0.88363802433013905 4.6428182125091562 -1.6367047429084776 -0.68312785029411305 -0.66076958179473866 -0.24449787288904187 2.1604351997375493 1.4057140946388247 1.2217946052551272 -0.047482879832386964 1.0098809599876406 0.92901721596717846 0.91091963648796093 2.1176037788391118 1.3718647360801699 -1.5672225952148435 0.75466626882553112 -0.47793024778366083 0.65969780087471019 0.86204820871353161 -0.73735532164573658 2.872025847434998 -0.93772524595260609 -0.42359459400176996 0.3456332534551621 -0.56291991472244252 -0.5110393464565276 -0.46601891517639155 -0.44540180265903467 0.78191867470741283 0.54337596893310558 0.5174245834350587 1.0000000180025095e-35 0.085347376763820662 0.11983910948038103 0.15867774188518527 1.5014359951019289 0.99295172095298778
decision_type=2 2 2 2 2 2 2 2 2 2 2 2 2 2 2 2 2 2 2 2 2 2 2 2 2 2 2 2 2 2 2 2 2 2 2 2 2 2 2
left_child=-1 23 3 -3 6 -6 11 8 9 12 25 24 13 14 16 -14 -7 20 19 21 22 -19 26 -2 -5 -10 37 -28 29 -29 31 35 -33 -32 -35 -30 -37 38 -18
right_child=1 2 -4 4 5 7 -8 -9 10 -11 -12 -13 15 -15 -16 -17 17 18 -20 -21 -22 -23 -24 -25 -26 -27 27 28 30 -31 33 32 -34 34 -36 36 -38 -39 -40
leaf_value=0.74104609546753075 -0.186211177110672 -0.61102722903777817 0.72991235144436362 -0.27284583886330194 1.4691513046026232 0.44839034423232083 -0.69038201471169791 0.45363680407404899 -0.32785047085388852 0.90864888876676564 -0.7673177349346656 -0.54083351350965958 -0.11657557106680341 1.1382115802168846 -0.46585359727514208 -0.65427406080067163 -0.094815599158848532 -0.18094299790263177 1.2076954844594003 -0.56913519799709322 -0.46723837689919911 0.40298359316181059 0.33494680631491874 -0.59431479491050476 -0.0093482136480124278 0.094307026028633126 0.75894673161208637 0.056728000664973965 -0.068389173647796619 -0.22989707267177956 -0.17728152096002217 0.66654653215408333 -0.061922112355629604 -0.12086868971586227 0.29155739672482012 0.48354032286282245 0.0024488790443336424 -0.30431813688483089 0.2563498928770423
leaf_weight=26 40 29 20 37 25 20 21 30 23 32 27 21 54 20 29 20 219 25 20 20 22 22 27 23 555 25 20 34 169 91 83 25 21 20 20 29 220 32 20
leaf_count=26 40 29 20 37 25 20 21 30 23 32 27 21 54 20 29 20 219 25 20 20 22 22 27 23 555 25 20 34 169 91 83 25 21 20 20 29 220 32 20
internal_value=-3.12787e-11 -0.00879781 0.000869999 -0.00605019 0.0023927 0.0319329 -0.0648881 0.00661193 -0.00304303 0.0164944 -0.34534 -0.0434601 -0.00577463 0.00991514 -0.00907975 -0.261899 0.00234945 -0.0054827 0.196704 -0.105084 -0.0222035 0.0923843 -0.0126979 -0.335201 -0.0258168 -0.107977 -0.0220562 0.00444455 -0.0167493 -0.151935 0.0120381 0.0395839 0.333985 -0.0918747 0.0853444 0.00718577 0.0584796 -0.0936376 -0.0654294
internal_weight=2216 2190 2127 2107 2078 1444 634 1419 1389 1314 75 613 1282 1208 1188 74 1159 1139 87 67 1052 47 1030 63 592 48 1003 732 712 125 587 464 46 123 40 418 249 271 239
internal_count=2216 2190 2127 2107 2078 1444 634 1419 1389 1314 75 613 1282 1208 1188 74 1159 1139 87 67 1052 47 1030 63 592 48 1003 732 712 125 587 464 46 123 40 418 249 271 239
is_linear=0
shrinkage=0.05


Tree=163
num_leaves=40
num_cat=0
split_feature=29 21 19 6 4 30 27 7 15 16 11 11 16 3 24 29 9 27 3 31 3 5 6 30 3 0 27 27 27 5 5 30 29 28 8 29 18 3 30
split_gain=5527.72 3769.7 4831.73 1821.08 2598.13 2194.31 2177.77 4117.53 1713.43 7697.94 2506.22 16590.5 3885.04 3120.34 2323.36 1083.38 1373.17 942 7731.76 941.263 840.437 633.124 671.092 555.917 489.496 4745.39 652.842 623.589 1160.59 802.005 622.667 2386.66 1017.61 1340.21 3314.71 1067.23 995.125 517.987 966.075
threshold=3.2934920787811284 -1.6710991859436033 -1.5992504954338072 1.0254462957382204 2.1268247365951543 1.2409112453460696 0.16876037418842318 0.23858395218849185 2.7634010314941411 2.2964339256286626 1.3433995842933657 1.2277661561965945 1.840181350708008 0.40040905773639685 0.85250473022460949 0.30189555883407598 1.1692987084388735 -1.1976896524429319 0.11722877249121667 -0.44873674213886255 -0.49874004721641535 0.82119813561439525 1.5763595104217532 0.14126014709472659 -0.16595152020454404 -0.6044267714023589 -0.67943656444549549 1.61289519071579 1.3749015927314761 0.88779434561729442 -0.14062581211328504 -0.30713127553462977 -0.06245355308055877 -0.095167335122823701 -0.24923866242170331 -0.36237570643424982 0.37919715046882635 -0.32855626940727228 0.20421768724918368
decision_type=2 2 2 2 2 2 2 2 2 2 2 2 2 2 2 2 2 2 2 2 2 2 2 2 2 2 2 2 2 2 2 2 2 2 2 2 2 2 2
left_child=1 19 -3 4 5 8 21 20 9 10 11 12 14 23 17 16 -16 18 -4 -1 -8 22 -5 -12 27 -26 -27 28 29 37 31 -28 33 34 -32 36 -35 -19 -39
right_child=-2 2 3 6 -6 -7 7 -9 -10 -11 13 -13 -14 -15 15 -17 -18 24 -20 -21 -22 -23 -24 -25 25 26 30 -29 -30 -31 32 -33 -34 35 -36 -37 -38 38 -40
leaf_value=-0.23236478779997147 0.75469724684953698 0.73819505626505078 -0.24204037243293391 -0.029828614950180056 0.56128318650381903 0.51036819020907087 -0.33582654195753014 0.6608448001742363 -0.44224868694489655 0.97727049916982667 0.084362213114897416 1.1920935689375318 0.66187567235458467 -0.70394101650626573 -0.06116573856007762 -0.50795199782760059 -0.52323872692883011 -0.0072495874906041624 0.98409066579944915 -0.70035711418498647 0.007019732968929486 -0.56014669567346576 -0.33816500152150791 -0.17852552289479093 -0.75146277495052516 -0.18089693259251746 0.51615694795663536 -0.14262671365601118 0.3993136762082577 0.31839353633778439 -0.08965916480773535 -0.0015123546006338253 -0.13075205217716257 -0.38581751627581462 0.60941721260547643 0.070179509279662614 0.032200766649718091 0.28090900331735613 -0.13443825029368914
leaf_weight=21 24 22 36 25 21 21 33 20 22 20 30 29 21 27 82 27 20 697 20 22 39 20 60 61 23 57 26 61 20 21 39 155 169 35 30 73 24 42 21
leaf_count=21 24 22 36 25 21 21 33 20 22 20 30 29 21 27 82 27 20 697 20 22 39 20 60 61 23 57 26 61 20 21 39 155 169 35 30 73 24 42 21
internal_value=3.38061e-10 -0.00826311 0.001012 -0.00661284 0.00816821 0.00208366 -0.151422 0.0261781 -0.00356993 0.00160206 -0.00896856 0.00625557 -0.0139853 -0.231912 -0.0224437 -0.226318 -0.151768 -0.00546507 0.195864 -0.471803 -0.150118 -0.307034 -0.247478 -0.0918592 -0.0130166 -0.0464787 -0.0198099 0.0114783 0.0232142 0.0135829 -0.00314576 0.072849 -0.0403216 0.035712 0.214287 -0.057634 -0.215776 0.00516054 0.14246
internal_weight=2216 2192 2149 2127 1930 1909 197 92 1888 1866 1846 1728 1699 118 1678 129 102 1549 56 43 72 105 85 91 1493 631 608 862 801 781 551 181 370 201 69 132 59 760 63
internal_count=2216 2192 2149 2127 1930 1909 197 92 1888 1866 1846 1728 1699 118 1678 129 102 1549 56 43 72 105 85 91 1493 631 608 862 801 781 551 181 370 201 69 132 59 760 63
is_linear=0
shrinkage=0.05


Tree=164
num_leaves=40
num_cat=0
split_feature=15 20 25 17 29 30 6 31 33 21 21 16 18 7 12 10 24 6 27 29 27 31 27 0 24 28 28 33 31 31 3 3 13 7 13 27 33 28 30
split_gain=5284.7 6583.86 2193.56 24457 3517.84 2697.04 1733.17 2398.01 1526.65 1405.2 6965.23 2493.26 4689.75 1336.51 4317.08 2497.97 1660.46 1270.06 848.979 939.82 908.471 660.099 1235.52 998.687 675.026 656.057 642.794 538.514 494.886 1812.25 660.589 896.063 1144.01 840.292 1566.7 763.823 1429.75 3588.64 754.816
threshold=-1.584319472312927 -1.6251678466796873 -1.0447398424148557 -1.0193848609924314 2.0162298083305363 1.0098809599876406 2.9755042791366582 2.6957347393035893 -0.047405436635017388 2.3017901182174687 2.080769538879395 1.8878852128982546 1.757795035839081 1.5819175839424136 1.4253037571907046 1.6086696386337282 1.3269267678260805 2.2540702819824223 -0.90070486068725575 0.094810806214809432 0.59398213028907787 0.86960539221763622 -0.62518873810768116 0.80861538648605358 0.17647767812013629 -1.0641618371009824 0.39326329529285436 -0.047468399628996842 0.52946344017982494 0.42740285396575933 1.7170940041542055 0.042127428576350219 -0.15331414341926572 0.59595096111297619 0.38486275076866155 1.61289519071579 -0.047476824373006814 -0.44768442213535303 -0.13080304116010663
decision_type=2 2 2 2 2 2 2 2 2 2 2 2 2 2 2 2 2 2 2 2 2 2 2 2 2 2 2 2 2 2 2 2 2 2 2 2 2 2 2
left_child=-1 -2 4 -4 8 6 7 9 18 10 11 12 13 14 16 -15 17 21 19 -3 -20 23 -23 25 27 -5 -26 -24 29 30 31 35 38 34 -34 36 -27 -38 -33
right_child=1 2 3 5 -6 -7 -8 -9 -10 -11 -12 -13 -14 15 -16 -17 -18 -19 20 -21 -22 22 24 -25 26 28 -28 -29 -30 -31 -32 32 33 -35 -36 -37 37 -39 -40
leaf_value=0.5768886847946888 -0.83389907007416098 -0.15453967009333597 1.7154402137512255 -0.24118456311106426 -0.75234106438500548 0.4544372521340847 -0.30194446506092748 0.45855618619493077 0.2327390374725356 -0.30858469617209938 0.88272849647328266 -0.4570001986658862 0.72073140560903337 -0.66912020634521141 0.59974150030777373 -0.025721140888830027 -0.4047069956858953 0.38669345647096637 0.0073883941729686086 -0.52983838156214913 -0.32417254829406739 -0.46827079534530641 -0.36340203329920773 0.33368996912613513 0.25311917364597319 0.0071696107547043024 -0.050733996798162873 -0.081737926989860307 -0.10698726157471539 0.34392543163819189 0.25082792985439301 -0.4090464537737093 -0.039868379685472938 -0.19697938172086593 0.48849960980936891 -0.16823725048452617 -0.071038564808391547 0.73250587979952497 -0.12327375000561863
leaf_weight=39 24 69 21 29 21 32 49 28 34 38 22 31 22 22 29 48 27 20 119 22 25 20 20 22 28 721 46 112 100 39 25 35 47 31 20 54 33 24 68
leaf_count=39 24 69 21 29 21 32 49 28 34 38 22 31 22 22 29 48 27 20 119 22 25 20 20 22 28 721 46 112 100 39 25 35 47 31 20 54 33 24 68
internal_value=2.933e-10 -0.0103347 -0.00115424 0.0187578 -0.129072 -0.000585512 -0.00863011 -0.000468613 -0.0804151 -0.00788505 -0.00114371 -0.0127667 -0.00437978 -0.014227 -0.00457576 -0.227932 -0.0160979 -0.00907487 -0.125722 -0.245271 -0.0501743 -0.0144449 -0.0930731 -0.000206079 -0.0566462 -0.00619769 0.0642375 -0.124414 -0.000504606 0.00920211 -0.00313646 -0.00928275 -0.104027 0.0182634 0.117853 0.0136062 0.0262277 0.267296 -0.220381
internal_weight=2216 2177 2153 1863 290 1842 1810 1761 269 1733 1695 1673 1642 1620 1550 70 1521 1494 235 91 144 1474 226 1248 206 1226 74 132 1197 1097 1058 1033 201 98 67 832 778 57 103
internal_count=2216 2177 2153 1863 290 1842 1810 1761 269 1733 1695 1673 1642 1620 1550 70 1521 1494 235 91 144 1474 226 1248 206 1226 74 132 1197 1097 1058 1033 201 98 67 832 778 57 103
is_linear=0
shrinkage=0.05


Tree=165
num_leaves=40
num_cat=0
split_feature=28 6 16 6 3 31 29 30 15 24 23 23 30 3 28 30 30 18 3 4 4 6 31 27 18 27 27 30 30 18 30 7 9 22 7 33 0 21 7
split_gain=5275.34 14747.4 6328.65 2322.44 2168.26 40174.1 72635.1 8466.94 7369.6 4302.98 3523.77 10839.3 3213.55 2548.99 2402.2 2245.76 1512.85 1521.27 1406.97 1120.99 2957.26 1520.21 1048.26 916.682 899.156 840.164 764.711 673.61 726.718 796.206 974.063 1365.86 837.931 677.743 1368.33 1992.5 574.227 625.03 1145.9
threshold=-1.5452485680580137 1.112892806529999 -1.5581622719764707 -0.19151823967695233 -0.27481402456760401 -0.57379686832427967 -0.0043747618328779927 1.0098809599876406 1.8629074692726137 1.5304850935935976 0.89250150322914135 0.82500630617141735 -1.0270565152168272 2.6286451816558842 -1.399449288845062 1.0098809599876406 -0.72523421049118031 1.757795035839081 -0.22589479386806485 2.0376890897750859 1.8163871169090273 2.5032929182052617 -0.85590088367462147 -0.70996409654617298 0.52344402670860302 -1.1976896524429319 -0.036157628521323197 -0.55049610137939442 -0.31357385218143458 0.96812066435813915 -0.1220794916152954 -0.30308943986892695 0.52843922376632702 0.23100544512271884 0.11392801254987718 -0.047477118670940392 0.17274641245603564 -0.63888168334960926 -0.39560894668102259
decision_type=2 2 2 2 2 2 2 2 2 2 2 2 2 2 2 2 2 2 2 2 2 2 2 2 2 2 2 2 2 2 2 2 2 2 2 2 2 2 2
left_child=1 -1 3 -2 14 6 -6 8 9 10 11 12 -7 23 -4 16 -16 19 -5 20 21 25 -19 -14 -12 -18 -26 -25 -29 30 31 -30 -31 34 36 -36 -32 -38 -39
right_child=2 -3 4 18 5 7 -8 -9 -10 -11 24 -13 13 -15 15 -17 17 22 -20 -21 -22 -23 -24 27 26 -27 -28 28 29 32 33 -33 -34 -35 35 -37 37 38 -40
leaf_value=-0.27375304782390597 -0.84780050431964582 1.547828688248992 0.50161577574908733 0.048899252414703373 -0.31888475388598941 -0.6626453772187233 3.7610096871852878 -1.0290144264698029 0.69248253083542777 0.60161243014865462 -0.58994485647590078 1.1424067640304567 -0.19330992101498978 -0.57605964109301577 -0.37458554501786379 -0.54020437779633901 -0.26756577241805291 0.016476777978241444 -0.5441790848597885 -0.29483696786154595 0.49962197909397743 -0.41459195092320444 -0.42875169420089476 0.23797937966883184 -0.087591817975044256 -0.0028613763550062571 -0.47941011264920236 -0.19065938368439675 0.38224227939908573 0.40460050828181782 0.051952775019229548 -0.039247369281947615 -0.025877805557101966 -0.1204012315686819 -0.066619178794679199 0.6221510783547447 -0.30398490120967231 0.22004772366891645 -0.15617219013954275
leaf_weight=25 27 20 20 20 24 20 20 20 38 27 27 20 58 20 33 23 31 20 20 35 28 24 39 32 33 908 20 45 37 26 109 40 20 139 21 21 30 29 67
leaf_count=25 27 20 20 20 24 20 20 20 38 27 27 20 58 20 33 23 31 20 20 35 28 24 39 32 33 908 20 45 37 26 109 40 20 139 21 21 30 29 67
internal_value=-1.58926e-10 0.535839 -0.0111067 -0.489496 0.00412712 0.0604472 1.53561 -0.0117522 0.0113937 -0.0193809 -0.0399789 -0.00563433 -0.0377923 -0.019785 -0.0416178 -0.0511398 -0.0410786 -0.0309351 -0.24764 -0.0167376 -0.0069157 -0.0216437 -0.277827 -0.00327838 -0.355091 -0.0116003 -0.235448 0.0146142 0.00237501 0.0184911 -7.17628e-05 0.163287 0.217436 -0.0303088 0.0149001 0.277766 -0.0320802 -0.104775 -0.0425224
internal_weight=2216 45 2171 67 2104 943 44 899 879 841 814 734 714 694 1161 1141 1118 1085 40 1026 991 963 59 674 80 939 53 616 584 539 493 77 46 416 277 42 235 126 96
internal_count=2216 45 2171 67 2104 943 44 899 879 841 814 734 714 694 1161 1141 1118 1085 40 1026 991 963 59 674 80 939 53 616 584 539 493 77 46 416 277 42 235 126 96
is_linear=0
shrinkage=0.05


Tree=166
num_leaves=40
num_cat=0
split_feature=30 28 22 10 10 21 7 5 13 5 3 31 5 30 30 29 19 5 5 30 15 7 13 30 30 5 6 6 27 29 29 20 9 7 30 3 11 8 13
split_gain=5330.46 2836.95 5778.97 2329.03 8880.42 9044.44 5837.47 2629.14 11899.3 38141.5 26403.9 2206.05 2052.34 1663.9 1577.55 3725.11 1690.3 3473.43 1553.57 1533.56 1611.06 1205.25 2964.23 1121.22 938.23 1200.4 1004.75 1890.05 904.078 805.692 802.364 792.424 859.524 739.406 691.146 787.974 680.504 1198.49 633.637
threshold=-2.4608415365219112 -1.5968321561813352 -1.6769025325775144 -0.57133969664573658 -0.53129842877387989 -0.52162006497383107 -0.57883545756340016 -0.14280929416418073 0.89478415250778209 0.11047465354204179 1.6654188036918642 0.69531184434890758 2.856203675270081 0.86204820871353161 0.19822473824024203 0.23727176338434222 0.013033793773502113 0.82119813561439525 0.47402445971965795 1.2409112453460696 -1.5233836174011228 1.6315463185310366 1.6902587413787844 0.071634970605373396 0.74469712376594555 -0.36552448570728296 2.9755042791366582 2.0514857769012456 -0.51698425412178028 1.6874600648880007 1.1304740905761721 0.25670841336250311 0.39516223967075353 -0.22875077277421949 0.065468162298202529 0.27569949626922613 0.64571097493171703 0.23268196731805804 1.4338148832321169
decision_type=2 2 2 2 2 2 2 2 2 2 2 2 2 2 2 2 2 2 2 2 2 2 2 2 2 2 2 2 2 2 2 2 2 2 2 2 2 2 2
left_child=-1 -2 -3 19 5 -5 -6 13 12 -10 11 18 14 21 15 16 17 23 -11 20 -4 24 -23 -9 25 26 27 38 -27 30 -22 -18 -33 -16 -30 -36 37 -35 -8
right_child=1 2 3 4 6 -7 7 8 9 10 -12 -13 -14 -15 33 -17 31 -19 -20 -21 29 22 -24 -25 -26 28 -28 -29 34 -31 -32 32 -34 36 35 -37 -38 -39 -40
leaf_value=0.71170984344700217 -0.45499249996883534 0.66571953408420093 -0.45753568725453486 1.5065829677321017 0.67949505969281165 0.066900719267626613 -0.014278160232797633 -0.19453814084242499 2.4537109451634542 -0.4914273495259493 1.5980426104231316 -0.8044338898225265 -0.52008146406574685 -0.51421154022216797 -0.35969612471985096 0.62234946558108695 -0.34618235853585333 0.65032989525794982 0.083634140590826675 -0.52601069331169137 -0.064644138616046926 -0.76630094289779671 -0.06039924815554043 0.2603160369023681 0.30236134864389896 -0.4749906731688458 -0.33167021682858472 0.45808072402363731 -0.29444454230575101 -0.35821103904057638 0.20171844023047014 -0.21019136884877848 0.11395362919339767 -0.12534271354841836 -0.15570564568042755 0.23771592855453491 -0.32087814098596579 0.31496783481910828 -0.27590477454165618
leaf_weight=26 35 32 27 20 31 24 648 42 21 23 22 22 22 20 33 26 33 25 24 20 491 20 58 20 20 23 25 21 36 22 30 43 39 68 35 20 25 20 24
leaf_count=26 35 32 27 20 31 24 648 42 21 23 22 22 22 20 33 26 33 25 24 20 491 20 58 20 20 23 25 21 36 22 30 43 39 68 35 20 25 20 24
internal_value=7.30916e-10 -0.00844952 -0.00119708 -0.0112495 0.0212396 0.721302 0.000552734 -0.0138829 0.0779351 0.532962 0.0897119 -0.391205 -0.0507593 -0.0629814 -0.0231521 0.0590219 -0.0134856 0.152804 -0.197779 -0.0956662 -0.0805664 -0.0532776 -0.2414 -0.047811 -0.0360551 -0.0441901 -0.0202591 -0.00902492 -0.194914 -0.061822 -0.0493066 -0.139287 -0.0560248 -0.151479 -0.124125 -0.0126433 -0.0906717 -0.0252721 -0.023622
internal_weight=2216 2190 2155 2123 1533 44 1489 1458 508 112 91 69 396 950 374 228 202 87 47 590 570 930 78 62 852 832 718 693 114 543 521 115 82 146 91 55 113 88 672
internal_count=2216 2190 2155 2123 1533 44 1489 1458 508 112 91 69 396 950 374 228 202 87 47 590 570 930 78 62 852 832 718 693 114 543 521 115 82 146 91 55 113 88 672
is_linear=0
shrinkage=0.05


Tree=167
num_leaves=40
num_cat=0
split_feature=18 16 16 33 30 12 20 25 30 6 5 27 8 27 10 8 8 11 11 3 27 13 12 4 22 5 28 6 3 15 5 5 29 30 15 30 29 8 7
split_gain=5102.22 20510.4 3144.88 1957.25 5602.78 2151.33 2161.27 5976.45 2781.11 1464.5 2429.77 1530.77 17281.8 3432.92 5263.85 1672.48 1569.74 4381.75 1643.05 1587.85 1323.66 1059.91 3552.67 1240.36 1011.19 854.714 771.179 759.112 743.805 701.876 664.057 1004.77 984.966 1170.53 1241.26 2952.08 1120.97 1025.96 889.996
threshold=-1.642467141151428 -1.5978951454162595 -1.5581622719764707 -0.04738738760352134 -1.3757219314575193 -1.3265537619590757 -1.0631096959114072 -1.020934462547302 1.0098809599876406 2.9755042791366582 3.179359078407288 0.16876037418842318 1.3023713231086733 0.20596565306186679 1.0000000180025095e-35 0.96793350577354442 1.1994026899337771 1.1975004673004153 1.6160847544670107 -0.37885349988937372 -1.1536921858787534 -0.58716601133346547 -0.6477123200893401 -0.85276097059249867 -1.0993114113807676 -0.46159771084785456 -1.2078976035118101 1.232403099536896 -0.2038466930389404 -1.1271014213562009 -0.51618477702140797 -0.57732227444648732 0.063669886440038695 -0.093415722250938402 -0.24508886784315106 0.15367031842470172 -0.070885017514228807 0.15395923703908923 -0.05792040936648845
decision_type=2 2 2 2 2 2 2 2 2 2 2 2 2 2 2 2 2 2 2 2 2 2 2 2 2 2 2 2 2 2 2 2 2 2 2 2 2 2 2
left_child=-1 -2 -3 4 -4 -6 24 -8 9 10 11 16 13 14 -13 -15 17 20 19 -18 -9 22 23 -22 25 26 -7 30 -27 -28 31 -23 33 -32 35 -35 -36 38 -34
right_child=1 2 3 -5 5 6 7 8 -10 -11 -12 12 -14 15 -16 -17 18 -19 -20 -21 21 27 -24 -25 -26 28 29 -29 -30 -31 32 -33 37 34 36 -37 -38 -39 -40
leaf_value=-0.63695607550682565 1.5641088656016759 -0.5422996236218347 0.81855592557362145 -0.43909201955795291 0.48959654115817763 -0.22513002692056552 0.82905017083341426 -0.37543914605464257 0.4620639599859715 -0.28668072685275392 0.54707412719726567 -0.11648423805832864 1.4972641992568971 -0.0051892842377530288 1.0306698819994926 -0.44843510890548882 -0.13891044061731647 0.69388446538221271 -0.052008942517538348 -0.6087028916393008 0.21878012704849242 -0.015660583766680929 0.70541527661539272 -0.24234132677316667 -0.45706135332584386 -0.058335314045955503 0.23398889917362897 -0.30528697614316591 -0.33757886494460859 -0.10693551109244044 -0.21081393625467057 0.25002403399419215 -0.1923393435654093 0.70425248529229856 -0.0985033808540553 -0.086177022699956543 0.2331517430022359 -0.37793557306994563 0.15245377813224439
leaf_weight=31 21 27 21 25 22 28 22 28 32 46 20 20 20 652 20 22 37 21 97 35 25 233 21 35 25 41 36 27 57 26 62 42 61 21 125 27 32 46 27
leaf_count=31 21 27 21 25 22 28 22 28 32 46 20 20 20 652 20 22 37 21 97 35 25 233 21 35 25 41 36 27 57 26 62 42 61 21 125 27 32 46 27
internal_value=-6.12105e-10 0.0090369 -0.0060539 0.000721311 0.00592743 -0.00223383 -0.00746354 0.00984837 2.15266e-05 -0.00818344 -0.000887958 -0.00720088 0.0476567 0.00705144 0.457093 -0.0196572 -0.047386 -0.0191976 -0.186326 -0.367282 -0.0376394 -0.0255751 0.145695 -0.0502074 -0.158313 -0.118586 -0.00733737 -0.0453089 -0.220752 0.0910206 -0.0349251 0.0249167 -0.0759638 -0.0204495 0.0371242 0.259636 -0.0309049 -0.186578 -0.0865505
internal_weight=2216 2185 2164 2137 2112 2091 2069 1856 1834 1802 1756 1736 734 714 40 674 1002 833 169 72 812 784 81 60 213 188 90 703 98 62 676 275 401 267 205 48 157 134 88
internal_count=2216 2185 2164 2137 2112 2091 2069 1856 1834 1802 1756 1736 734 714 40 674 1002 833 169 72 812 784 81 60 213 188 90 703 98 62 676 275 401 267 205 48 157 134 88
is_linear=0
shrinkage=0.05


Tree=168
num_leaves=40
num_cat=0
split_feature=28 4 16 23 3 31 29 30 15 24 23 23 30 5 28 30 21 30 18 4 4 6 31 31 30 27 18 4 28 0 31 5 29 29 9 5 7 9 31
split_gain=5129.06 13765.5 6088.02 2266.62 2015.35 35742 65212.9 7692.24 6441.34 3736.22 3380.44 9615.26 3010.33 2324.94 2280.35 1925.63 1617.51 1462.16 1405.27 1004.05 2709.85 1272.48 966.365 835.741 946.907 720.77 616.613 817.183 2006.09 1237.96 2949.64 1058.11 2039.56 1055.68 654.45 537.977 647.835 579.829 526.545
threshold=-1.5452485680580137 0.2291599586606026 -1.5581622719764707 -1.369966387748718 -0.27481402456760401 -0.57379686832427967 -0.0043747618328779927 1.0098809599876406 1.8629074692726137 1.5304850935935976 0.89250150322914135 0.82500630617141735 -1.0270565152168272 2.941359400749207 -1.399449288845062 1.0098809599876406 -1.6905580163002012 -0.72523421049118031 1.757795035839081 2.0376890897750859 1.8163871169090273 2.5032929182052617 -0.85590088367462147 1.2981519699096682 0.23093944787979129 -1.1976896524429319 0.96812066435813915 -0.39355930685997004 0.58061459660530101 0.41779297590255743 0.54671311378479015 -0.36989144980907435 0.029149958863854412 -0.66447523236274708 0.52843922376632702 2.057049155235291 -0.6964474320411681 0.45686323940753942 0.23567993193864825
decision_type=2 2 2 2 2 2 2 2 2 2 2 2 2 2 2 2 2 2 2 2 2 2 2 2 2 2 2 2 2 2 2 2 2 2 2 2 2 2 2
left_child=1 -1 3 16 14 6 -6 8 9 10 11 12 -7 26 -4 17 -2 -16 19 20 21 25 -20 24 -12 -19 27 28 31 38 -31 32 -14 -32 -28 36 -35 -38 -29
right_child=2 -3 4 -5 5 7 -8 -9 -10 -11 23 -13 13 -15 15 -17 -18 18 22 -21 -22 -23 -24 -25 -26 -27 34 29 -30 30 33 -33 -34 35 -36 -37 37 -39 -40
leaf_value=-0.25381834894418714 -0.54663894403104984 1.5060766557417811 0.48916403393261138 -0.88239689443422409 -0.30748998839408159 -0.63713838934898381 3.5583382993936539 -0.97942034274339673 0.648999965426169 0.56213132303070146 -0.44666802314696491 1.0791989159584046 -0.02864187060751849 -0.53301315960429962 -0.36794511251377338 -0.50225645329641266 0.062195391841232774 -0.24915172289305879 0.0151802895963192 -0.27965040819985526 0.47772561718842815 -0.38076753318309786 -0.41230311019298355 -0.58405509814620016 -0.031671920525176187 -0.003975970758751367 0.32410138239120617 -0.12280513582801499 0.52055174532261761 0.59383866898715498 0.29464425021274526 -0.064626972840761576 0.60110544562339785 0.12081530704613655 -0.042407583055042088 0.18047743529081345 -0.16063740126322956 0.10291267940774561 -0.35889373615384107
leaf_weight=25 24 20 20 23 24 20 20 20 38 27 27 20 36 21 33 23 20 31 20 35 28 24 39 25 28 908 29 111 22 20 22 127 20 31 21 20 160 24 30
leaf_count=25 24 20 20 23 24 20 20 20 38 27 27 20 36 21 33 23 20 31 20 35 28 24 39 25 28 908 29 111 22 20 22 127 20 31 21 20 160 24 30
internal_value=-9.78104e-10 0.528357 -0.0109517 -0.480158 0.00398977 0.0582876 1.4497 -0.00981285 0.0122488 -0.0165224 -0.0357161 -0.0020772 -0.032365 -0.0149364 -0.0401126 -0.0493901 -0.269896 -0.0400735 -0.0301014 -0.0164559 -0.00716043 -0.0212589 -0.267393 -0.344353 -0.235397 -0.0120702 0.00122943 -0.012329 0.0694415 -0.0524318 0.00895917 0.0152097 0.196268 -0.0365567 0.170168 -0.0675628 -0.0906363 -0.126261 -0.173037
internal_weight=2216 45 2171 67 2104 943 44 899 879 841 814 734 714 694 1161 1141 44 1118 1085 1026 991 963 59 80 55 939 673 623 205 418 277 183 56 257 50 235 215 184 141
internal_count=2216 45 2171 67 2104 943 44 899 879 841 814 734 714 694 1161 1141 44 1118 1085 1026 991 963 59 80 55 939 673 623 205 418 277 183 56 257 50 235 215 184 141
is_linear=0
shrinkage=0.05


Tree=169
num_leaves=40
num_cat=0
split_feature=30 28 22 7 30 21 20 17 8 8 10 3 3 27 14 6 6 30 15 22 22 27 30 33 20 15 33 33 15 33 4 27 29 4 4 29 3 33 11
split_gain=5307.73 2755.7 5216.72 2164 7004.39 7015.68 1831.42 5787.92 15162.9 1679.58 3768.55 3034 1697.63 1435.46 1223.71 1152.39 1741.96 1103.62 1247.44 1097.07 1637.45 1043.35 930.803 886.906 837.219 4027.25 863.816 3019.2 962.679 907.623 788.902 788.387 776.792 743.742 1808.92 3734.08 873.774 2990.44 684.095
threshold=-2.4608415365219112 -1.5968321561813352 -1.6769025325775144 -0.66309869289398182 1.0098809599876406 -1.0192036628723142 2.2636622190475468 1.8931055068969729 1.3023713231086733 1.1994026899337771 1.2484056949615481 2.5976400375366215 0.92474040389060985 -0.46763706207275385 0.92901721596717846 2.9755042791366582 1.7964332699775698 0.80684712529182445 -1.5233836174011228 -0.25100468099117274 -0.47977708280086512 -0.25334399938583368 0.18768508732318881 -0.04748625494539737 -0.56072029471397389 -0.60947853326797474 -0.047472350299358361 -0.047474030405282967 0.11496356129646303 -0.047460375353693955 -1.0347204208374021 -1.1536921858787534 -0.35419803857803339 -0.43843443691730494 -0.54970017075538624 -0.057934071868658059 -0.42983973026275629 -0.047486646100878709 1.7405065298080447
decision_type=2 2 2 2 2 2 2 2 2 2 2 2 2 2 2 2 2 2 2 2 2 2 2 2 2 2 2 2 2 2 2 2 2 2 2 2 2 2 2
left_child=-1 -2 -3 17 5 -5 7 9 -9 10 11 13 21 14 31 16 24 18 -4 20 -20 23 -8 38 25 -15 27 30 29 32 -26 -7 -28 34 36 -36 37 -32 -11
right_child=1 2 3 4 -6 6 22 8 -10 12 -12 -13 -14 15 -16 -17 -18 -19 19 -21 -22 -23 -24 -25 26 -27 28 -29 -30 -31 33 -33 -34 -35 35 -37 -38 -39 -40
leaf_value=0.71019057310544531 -0.44853403195738795 0.63236001655459406 -0.40444845602448498 0.9358468544483185 0.88421886167691466 -0.36692318333820867 -0.56280577949115207 -0.34955524440322605 1.5741040738672019 -0.33463974566413812 0.68520579487085342 0.55063644039134185 -0.5417463278541198 -0.12800310670565337 -0.4230998206755211 -0.36407408811151987 0.46979430800392513 -0.37919587892564866 -0.067314678475812947 -0.3075512296906332 0.28104511512493768 -0.41432376042717983 -0.11126373386383058 0.17538384914398195 -0.12225872821192135 0.69519908751050641 -0.57281093567609787 0.58555394676716432 0.018633997373366625 0.022926951379611576 0.0055215323376937731 -0.054024222820485406 -0.19956036044851594 -0.029372535991746732 -0.016315863805788536 0.88507654961198579 -0.16533300565912368 0.63816884731252987 0.0039488145283290317
leaf_weight=26 35 32 28 20 23 22 21 21 20 26 20 24 26 39 29 20 21 33 382 41 37 21 25 35 106 24 20 23 89 29 169 237 46 296 27 20 47 21 35
leaf_count=26 35 32 28 20 23 22 21 21 20 26 20 24 26 39 29 20 21 33 382 41 37 21 25 35 106 24 20 23 89 29 169 237 46 296 27 20 47 21 35
internal_value=1.22456e-09 -0.00843149 -0.00128365 -0.0108346 0.0179534 0.00533524 -0.00660205 0.00284727 0.588815 -0.0134738 0.00404567 -0.00636167 -0.176295 -0.0167647 -0.11509 0.0116382 0.0193293 -0.0993535 -0.0804297 -0.0607068 -0.0365526 -0.0950837 -0.317402 -0.0252499 0.00943415 0.185598 -0.00299396 0.0220579 -0.0995255 -0.210222 0.00316522 -0.0806025 -0.312667 0.0260875 0.083891 0.367255 0.0276963 0.0754457 -0.140368
internal_weight=2216 2190 2155 2123 1602 1579 1559 1513 41 1472 1329 1309 143 1285 288 997 977 521 488 460 419 117 46 96 956 63 893 709 184 95 686 259 66 580 284 47 237 190 61
internal_count=2216 2190 2155 2123 1602 1579 1559 1513 41 1472 1329 1309 143 1285 288 997 977 521 488 460 419 117 46 96 956 63 893 709 184 95 686 259 66 580 284 47 237 190 61
is_linear=0
shrinkage=0.05


Tree=170
num_leaves=40
num_cat=0
split_feature=29 21 15 5 3 13 14 10 23 27 28 3 3 0 3 27 30 23 15 6 0 31 30 29 4 25 27 27 5 7 20 25 20 26 20 22 33 27 33
split_gain=4970.23 3865.51 4690.21 2072.5 1964.89 1341.63 11397.4 2212.33 19053.3 1513.32 3171.37 1211.56 1077.1 7292.02 4147.79 7566.07 3957.11 1171.86 1063.75 998.497 913.266 885.683 795.707 762.651 614.228 555.996 474.321 1461.24 741.705 1859.39 1344.97 1714.54 686.125 1599.54 2355.46 797.128 553.973 696.104 672.28
threshold=3.2934920787811284 -1.6710991859436033 -1.5332865118980405 3.5429087877273564 2.6286451816558842 1.5881919264793398 1.4663060307502749 1.1447533965110781 1.0580972433090212 -1.2386001944541929 -1.2250468134880064 -0.4353517591953277 -0.16595152020454404 -0.59852421283721913 -0.27481402456760401 0.18121211230754855 0.9120679795742036 0.80070456862449657 1.6015743613243105 2.7452282905578618 -0.45704109966754908 0.85001984238624584 0.9120679795742036 -0.15099124610424039 0.20948866754770282 1.1647860407829287 0.80317771434783947 0.68280437588691723 -0.36989144980907435 -0.53461477160453785 -0.76859977841377247 -0.6484004259109496 -0.37290494143962855 -0.21898110210895536 -0.19615168869495389 0.77010071277618419 -0.047457639127969735 1.0928829908370974 -0.047441797330975526
decision_type=2 2 2 2 2 2 2 2 2 2 2 2 2 2 2 2 2 2 2 2 2 2 2 2 2 2 2 2 2 2 2 2 2 2 2 2 2 2 2
left_child=1 20 -3 4 5 6 7 8 9 23 -11 24 14 -14 19 -16 17 26 -9 21 -1 22 -12 -4 -7 -19 27 28 29 -15 -30 -32 -33 34 -34 -35 37 -28 -38
right_child=-2 2 3 -5 -6 11 -8 18 -10 10 12 -13 13 16 15 -17 -18 25 -20 -21 -22 -23 -24 -25 -26 -27 36 -29 30 -31 31 32 33 35 -36 -37 38 -39 -40
leaf_value=-0.23012298528105021 0.71562887107332551 0.6444505102932454 -0.13776572453525832 0.49964626148343094 -0.48179969770664521 0.078939739666705921 1.0859448978987833 -0.16032420980258727 1.3724417251348495 0.4378635930422789 0.00032230989999091465 -0.36416864997396869 -0.96107976003126672 0.46392200820404911 1.2103696065768599 -0.083177644816728735 -0.72956597998738293 -0.099779895221193626 -0.57315035030245787 0.34258926674723628 -0.69210394491320082 -0.34361191689968112 -0.2975705582810485 -0.49380780912580946 -0.22890972082431499 -0.42653263243644135 -0.37961908011482315 0.42309805710207338 -0.25565666313875807 -0.0026403857234083578 0.46032317191362382 -0.2026548739089522 -0.06223433536031972 -0.078159294170277421 0.67018584538073778 0.24011233889243822 0.26744969725608825 -0.057190899621754734 -0.11813717144183243
leaf_weight=20 24 28 53 20 22 43 24 71 25 39 884 48 22 29 20 26 20 30 20 20 23 20 23 21 26 23 26 22 55 81 20 43 23 186 21 22 20 47 26
leaf_count=20 24 28 53 20 22 43 24 71 25 39 884 48 22 29 20 26 20 30 20 20 23 20 23 21 26 23 26 22 55 81 20 43 23 186 21 22 20 47 26
internal_value=5.88896e-10 -0.00783535 0.00155689 -0.00693015 -0.0117524 -0.00677835 0.00303015 -0.0103806 0.00147726 -0.017334 -0.00795824 -0.171259 -0.0181321 -0.0648782 0.0155741 0.479234 -0.0364684 -0.0159017 -0.251055 -0.00694789 -0.477229 -0.0144891 -0.00723175 -0.238805 -0.0370615 -0.241578 0.00335898 0.0246346 0.00637169 0.120362 -0.0275175 0.0123164 -0.018057 0.0134419 0.28733 -0.0444959 -0.0863919 -0.172028 0.0495093
internal_weight=2216 2192 2149 2121 2101 2079 1962 1938 1847 1822 1748 117 1709 716 993 46 694 674 91 947 43 927 907 74 69 53 621 502 480 110 370 315 295 252 44 208 119 73 46
internal_count=2216 2192 2149 2121 2101 2079 1962 1938 1847 1822 1748 117 1709 716 993 46 694 674 91 947 43 927 907 74 69 53 621 502 480 110 370 315 295 252 44 208 119 73 46
is_linear=0
shrinkage=0.05


Tree=171
num_leaves=40
num_cat=0
split_feature=28 9 7 30 30 30 11 7 27 28 5 5 4 18 20 28 18 4 5 29 29 3 5 6 27 15 29 29 29 3 33 3 24 23 14 30 30 7 8
split_gain=4929.18 13070.1 6008.81 4686.93 2320.92 1980.7 1879.73 9533.52 2879.14 27528.6 3640.14 12468.2 2284.02 1913.65 1558.77 1434.54 1410.92 2017.13 1393.71 1134.88 764.846 710.37 656.057 783.76 654.019 633.143 504.21 728.824 837.225 716.94 904.931 776.823 518.129 548.259 2584.53 817.865 2522.62 3052.43 2160.62
threshold=-1.5452485680580137 -0.67128363251686085 -1.3164669871330259 -2.4608415365219112 -1.3757219314575193 1.2409112453460696 1.6160847544670107 1.6315463185310366 -0.61005219817161549 -0.22967116534709928 -0.32185484468936915 -0.39390975236892695 2.1268247365951543 1.7937170863151553 1.0000000180025095e-35 2.3325667381286626 -0.50812536478042591 -0.79682075977325428 -0.13407536596059796 -0.45463125407695765 1.3590816259384157 -0.2038466930389404 2.941359400749207 2.872025847434998 -1.0741553902626035 0.11977639794349672 1.0929369330406191 0.46461574733257299 0.42881171405315405 -0.053644008934497826 -0.047477118670940392 0.37629395723342901 1.3269267678260805 -0.63389897346496571 -0.61012694239616383 0.11389412730932237 0.13834507763385775 0.11392801254987718 -0.50033003091812123
decision_type=2 2 2 2 2 2 2 2 2 2 2 2 2 2 2 2 2 2 2 2 2 2 2 2 2 2 2 2 2 2 2 2 2 2 2 2 2 2 2
left_child=1 -1 3 -2 -4 6 7 8 9 10 11 25 13 20 16 -15 17 -12 19 -8 22 -19 23 26 -5 -6 27 28 32 30 -29 -31 33 -10 -35 -36 37 -37 -38
right_child=2 -3 4 24 5 -7 18 -9 12 -11 14 -13 -14 15 -16 -17 -18 21 -20 -21 -22 -23 -24 -25 -26 -27 -28 29 -30 31 -32 -33 -34 34 35 36 38 -39 -40
leaf_value=1.4706648713350297 -1.0707865826446903 -0.24420430193841458 0.49332407539089518 -0.37403443728884067 -0.075089997214797366 0.49397904814220966 -0.40711480528116228 0.97555542302131659 -0.07170463231050235 1.5203952778130772 -0.6772401198035195 1.1631824599802494 -0.51013310170173642 -0.63628875694491649 -0.60314930464056404 -0.087697487496412721 0.1314274369767218 0.1362983347242698 -0.46147211372024483 0.031661106007439752 -0.31804006866046364 -0.23535685340563456 -0.29162601828575135 0.22359535945313316 -0.004908594923714797 0.22565741494297981 0.21132509370024005 -0.11400251024099717 0.28659145937611663 -0.4998311769217253 0.21923443291474276 -0.13411888113280512 -0.24669692879137783 0.46749450380603474 -0.055246080695796645 0.028660345554351808 0.51017070990055802 0.85739168912172325 -0.022385144429538109
leaf_weight=20 22 25 24 24 140 20 20 25 256 32 21 25 25 22 22 26 33 20 36 56 21 36 21 35 24 20 24 83 24 20 27 53 23 30 417 25 20 20 399
leaf_count=20 22 25 24 24 140 20 20 25 256 32 21 25 25 22 22 26 33 20 36 56 21 36 21 35 24 20 24 83 24 20 27 53 23 30 417 25 20 20 399
internal_value=4.98695e-10 0.51796 -0.0107362 -0.466456 0.00444729 -0.00120175 -0.00601634 0.0054533 -0.00717824 0.122727 -0.0183627 0.124757 -0.0360368 -0.0283703 -0.218948 -0.339135 -0.142107 -0.259337 -0.205199 -0.0838062 -0.0184126 -0.102623 -0.0141525 -0.0101505 -0.189472 -0.0374966 -0.0159078 -0.0198115 -0.00578988 -0.11283 -0.032208 -0.234314 -0.0116866 -0.00705491 0.0111123 -0.00442853 0.0412416 0.396985 0.00303518
internal_weight=2216 45 2171 70 2101 2077 2057 1945 1920 349 317 185 1571 1546 132 48 110 77 112 76 1498 56 1477 1456 48 160 1421 1397 1214 183 110 73 1190 1167 911 881 464 45 419
internal_count=2216 45 2171 70 2101 2077 2057 1945 1920 349 317 185 1571 1546 132 48 110 77 112 76 1498 56 1477 1456 48 160 1421 1397 1214 183 110 73 1190 1167 911 881 464 45 419
is_linear=0
shrinkage=0.05


Tree=172
num_leaves=40
num_cat=0
split_feature=30 28 22 9 9 5 5 23 28 28 8 21 14 22 11 9 30 33 28 30 8 4 24 6 16 4 15 30 30 15 16 33 3 18 15 33 0 24 30
split_gain=5371.4 2657.68 5003.68 1993.32 15687.6 3071.07 10100.1 38203.8 6386.37 36691.7 2589.45 2129.57 1820.31 1714.37 1542.4 4965.95 1704.02 1480.89 1346.26 1933.05 2737.39 1348.82 1223.63 863.38 972.02 924.729 850.686 871.465 840.436 1702.66 2066.92 804.577 1514.83 800.95 738.326 721.849 702.977 621.662 630.392
threshold=-2.4608415365219112 -1.5968321561813352 -1.6769025325775144 -0.46824894845485682 -0.4233239740133285 -0.14280929416418073 0.11047465354204179 0.94117367267608654 -0.091142848134040819 -0.16141038388013837 1.2154778838157656 0.10278645157814027 -0.3557222038507461 0.43905407190322882 0.10718392953276636 0.13319364935159686 0.78961768746376049 -0.047470374032855027 -0.45635624229907984 0.098575331270694747 -0.63483852148056019 0.53467968106269848 -0.65919202566146839 1.5763595104217532 1.9792343378067019 -0.30196486413478846 -1.5233836174011228 0.77898994088172924 0.075719121843576445 0.10653854534029962 0.4841600507497788 -0.047486165538430207 -0.30099613964557642 -0.791244477033615 0.66003376245498668 -0.047485729679465287 -0.88292127847671498 -0.90465015172958363 -0.29523576796054835
decision_type=2 2 2 2 2 2 2 2 2 2 2 2 2 2 2 2 2 2 2 2 2 2 2 2 2 2 2 2 2 2 2 2 2 2 2 2 2 2 2
left_child=-1 -2 -3 12 -5 14 7 13 9 11 28 17 18 -7 15 34 23 -8 22 36 21 -21 26 24 31 -26 -4 -28 29 -10 -31 32 -16 -24 -6 -33 -20 -38 -39
right_child=1 2 3 4 5 6 8 -9 10 -11 -12 -13 -14 -15 16 -17 -18 -19 19 20 -22 -23 33 -25 25 -27 27 -29 -30 30 -32 35 -34 -35 -36 -37 37 38 -40
leaf_value=0.71443776534153869 -0.44068622682775777 0.61910792840644724 -0.35099896905677663 1.0685420036741666 -0.057011774886948197 -0.074585420554115753 -0.12783975599911707 2.4970854605734352 -0.38444910481572153 2.1227011268789115 -0.56716711819171906 -0.52705832521617413 -0.47508210353553298 0.39923020893973965 -0.073839862912766716 0.77213158370660884 -0.54963049760886606 0.36218854415984381 0.15708742304926826 -0.104960811301543 0.56561389213258573 0.35594467886469583 -0.5841234647801945 -0.29568444731387683 -0.067702570855617525 -0.54851673156023029 -0.046016548326348557 -0.3856353542208672 -0.18201461886646533 0.55123415731248404 -0.051675322245467795 0.28003636948440386 -0.49357570496698222 -0.17563277057238991 0.14950879531411024 -0.014946003763283212 0.06008172056948146 -0.4502482105127496 -0.1358786762942775
leaf_weight=26 35 32 28 35 258 60 58 20 20 22 35 25 28 28 206 21 21 21 21 57 33 22 21 47 20 20 340 20 134 21 44 23 24 28 52 211 24 23 52
leaf_count=26 35 32 28 35 258 60 58 20 20 22 35 25 28 28 206 21 21 21 21 57 33 22 21 47 20 20 340 20 134 21 44 23 24 28 52 211 24 23 52
internal_value=-1.15442e-09 -0.00848191 -0.00146235 -0.0108162 0.0230557 -0.00325057 0.0978108 0.524491 -0.0234562 0.267573 -0.167825 -0.124858 -0.0801151 0.0761741 -0.0578662 0.0280368 -0.107576 0.00242093 -0.0635844 0.0337615 0.183154 0.0233926 -0.115265 -0.090728 -0.071615 -0.30811 -0.0855317 -0.0648843 -0.104003 0.0189791 0.143111 -0.0512276 -0.117638 -0.3507 -0.0223696 0.014048 -0.105672 -0.161408 -0.232285
internal_weight=2216 2190 2155 2123 1426 1391 488 108 380 126 254 104 697 88 903 331 572 79 669 232 112 79 437 551 504 40 388 360 219 85 65 464 230 49 310 234 120 99 75
internal_count=2216 2190 2155 2123 1426 1391 488 108 380 126 254 104 697 88 903 331 572 79 669 232 112 79 437 551 504 40 388 360 219 85 65 464 230 49 310 234 120 99 75
is_linear=0
shrinkage=0.05


Tree=173
num_leaves=40
num_cat=0
split_feature=15 20 11 9 30 22 30 27 27 4 30 29 15 7 30 24 15 31 29 19 26 2 7 28 14 29 29 27 17 30 19 7 7 25 30 5 27 6 3
split_gain=4874.57 7037.41 1718.68 4872.69 15310.3 2056.39 1760.32 5811.05 26227.5 8432.82 7219.18 16717.4 6114.7 4090.56 3479.15 2994.79 2636.23 1453.05 1181.16 1133.35 2483.44 1368.92 1789.01 1399.67 1231 1201.09 2640.86 1035.93 1010.95 825.029 1056.85 827.173 1300.8 1232.58 1061.96 713.056 727.826 634.098 697.281
threshold=-1.584319472312927 -1.6251678466796873 -1.2946693301200864 -1.2051863074302671 -0.26025116443634028 -1.5647881627082822 0.11983910948038103 -0.58386245369911183 -0.62518873810768116 -1.0359498858451841 0.15367031842470172 -0.38030593097209925 0.68544885516166698 2.1604351997375493 1.0098809599876406 0.93824729323387157 1.8629074692726137 2.4671766757965092 0.04523908160626889 -1.0293264985084531 -0.81897351145744313 1.0000000180025095e-35 0.36879800260066992 -0.59432670474052418 -0.76226675510406483 0.20255824923515323 0.50772047042846691 1.3749015927314761 1.4263440370559695 1.0000000180025095e-35 -0.050829095765948289 -0.42979031801223749 -0.3312095701694488 -0.70977589488029469 -0.031917804852128022 -0.13407536596059796 0.4921539723873139 -0.39847506582736963 -0.094295192509889589
decision_type=2 2 2 2 2 2 2 2 2 2 2 2 2 2 2 2 2 2 2 2 2 2 2 2 2 2 2 2 2 2 2 2 2 2 2 2 2 2 2
left_child=-1 -2 5 4 -4 -3 13 8 9 -8 11 -9 15 16 17 -11 19 28 -13 20 37 29 23 24 -23 27 -27 -25 -12 31 -31 33 -33 -21 -34 36 -30 38 -5
right_child=1 2 3 6 -6 -7 7 10 -10 12 14 18 -14 -15 -16 -17 -18 -19 -20 21 -22 22 -24 25 -26 26 -28 -29 35 30 -32 32 34 -35 -36 -37 -38 -39 -40
leaf_value=0.55405147335468197 -0.86138457159201298 -0.029334141034632923 1.5716019868850708 -0.040062187798321248 -0.18158575602327331 -0.66609396359750206 0.74020242666204772 1.636333428394227 1.9083513135259804 -0.07450955443430779 -0.014235949683332303 -0.16611849907282239 0.58234388354633537 0.62290717715566812 -0.60089203495532273 -0.61247645020484931 -0.58403404603401821 -0.44138396771057792 0.24532922307650248 0.062038007804325647 -0.59578846323079071 0.00072344303840682616 0.39226498578985536 -0.19817809137300804 0.54210653244739493 0.45861001205941049 -0.25351452537528846 0.19475093185901643 -0.25284744172885615 -0.013715696318253671 -0.2590987875244834 0.35902890786528591 -0.058406561591083143 -0.32029998630004108 0.24723691949620843 -0.46289727687835697 0.11031224402514371 0.031038984486968409 -0.38508131526134637
leaf_weight=39 24 32 20 32 33 21 39 21 22 86 580 37 28 22 30 37 24 23 33 35 29 21 36 104 21 30 23 20 37 73 110 24 254 53 32 20 22 62 27
leaf_count=39 24 32 20 32 33 21 39 21 22 86 580 37 28 22 30 37 24 23 33 35 29 21 36 104 21 30 23 20 37 73 110 24 254 53 32 20 22 62 27
internal_value=-1.19677e-09 -0.00992559 -0.000434176 0.0066628 0.479995 -0.281635 -0.00559249 0.041161 0.273999 0.0847583 -0.0203106 0.399038 -0.0845286 -0.0515758 -0.0739071 -0.236337 -0.0662675 -0.050726 0.0278497 -0.0536647 -0.180218 -0.0309578 0.0656193 0.0119242 0.271415 -0.0496499 0.149575 -0.134802 -0.0370915 -0.0733454 -0.161214 -0.0329436 0.00546132 -0.168234 -0.0242087 -0.204892 -0.117432 -0.0806179 -0.197952
internal_weight=2216 2177 2153 2100 53 53 2047 1015 212 190 803 91 151 1032 712 123 1010 682 70 986 150 836 255 219 42 177 53 124 659 581 183 398 310 88 286 79 59 121 59
internal_count=2216 2177 2153 2100 53 53 2047 1015 212 190 803 91 151 1032 712 123 1010 682 70 986 150 836 255 219 42 177 53 124 659 581 183 398 310 88 286 79 59 121 59
is_linear=0
shrinkage=0.05


Tree=174
num_leaves=40
num_cat=0
split_feature=9 16 18 2 9 4 10 0 30 10 5 30 5 29 29 0 33 14 31 3 23 0 28 25 29 15 20 29 17 4 33 33 27 25 21 20 27 17 3
split_gain=4916.46 16110.9 2662.33 1887.18 3774.97 9562.42 5707.08 3472.95 2871.47 1537.49 2197.7 1803.53 1915.63 1396.1 3407.96 5146.78 1772.55 10835.1 5690.57 2296.46 2000.55 1984.68 1346.67 2150.1 1418.8 1614.13 3009.77 1441.75 1123.85 1097.16 1079.07 2338.45 1052.41 1047.61 3442.55 1036.89 1031.49 1026.92 1002.62
threshold=-1.4307110905647276 -1.5978951454162595 -1.5910865664482114 1.1408391594886782 -1.2051863074302671 -1.0187374949455259 -1.2903800606727598 2.7512800693511967 1.0098809599876406 -1.0846204757690427 -0.40919412672519678 0.26725822687149053 -0.20503853261470792 -0.79462745785713185 -0.70024633407592762 0.13285927474498752 -0.047483431175351136 1.4663060307502749 -0.65519377589225758 -0.18110958486795423 0.99978256225585949 -0.57419842481613148 -0.4313263595104217 -0.55981653928756703 -0.51274108886718739 -0.19662933796644208 -0.10507600754499434 -0.36237570643424982 1.543525278568268 0.42464339733123785 -0.04748056270182132 -0.047481402754783623 0.12327888980507852 -0.6484004259109496 -0.85240444540977467 0.10741564258933069 0.98880475759506237 -1.0193848609924314 0.90682631731033336
decision_type=2 2 2 2 2 2 2 2 2 2 2 2 2 2 2 2 2 2 2 2 2 2 2 2 2 2 2 2 2 2 2 2 2 2 2 2 2 2 2
left_child=-1 -2 -3 4 5 -4 -7 8 13 10 -5 33 -13 35 15 -15 19 18 -18 28 22 -21 -20 -24 -25 26 29 -27 37 -26 31 32 -29 34 -11 -6 -35 -16 -22
right_child=1 2 3 9 7 6 -8 -9 -10 11 -12 12 -14 14 16 -17 17 -19 20 21 38 -23 23 24 25 27 -28 30 -30 -31 -32 -33 -34 36 -36 -37 -38 -39 -40
leaf_value=-0.61526584088569514 1.3872458094642277 -0.5280542635552895 1.2726599553511257 -0.085308769531548034 -0.10850123907094476 0.57179808895147988 -0.56826682090759284 0.6460280983220964 0.44751693069934845 -0.072201394669565502 -0.72607104409000156 -0.073057001148868775 -0.69155389953936852 1.0254828819353132 -0.35021240589293567 -0.071230105343072322 0.81510771455331943 0.96870964258909231 -0.097610853362555927 -0.7507521663606167 -0.10326891058967227 -0.18117470637536967 0.52737275944514717 0.35693621686349314 -0.11548851072464301 -0.29071124507223861 0.73040057785809043 0.21152043156991052 -0.23822345937055256 0.25304869843853844 -0.052591309935344138 0.62460764691233639 -0.22198906115123204 -0.18697558189625851 0.66464529568734376 -0.52994604960083957 0.11901774817988986 -0.0016527743146223862 -0.58627272698689592
leaf_weight=32 21 24 21 32 54 21 23 21 35 51 23 31 21 20 22 23 21 30 246 20 21 65 22 30 46 51 20 28 63 36 272 20 28 80 23 20 42 535 22
leaf_count=32 21 24 21 32 54 21 23 21 35 51 23 31 21 20 22 23 21 30 246 20 21 65 22 30 46 51 20 28 63 36 272 20 28 80 23 20 42 535 22
internal_value=1.14961e-09 0.00901489 -0.004366 0.00150989 0.0205889 0.394823 -0.0241449 0.00685365 -0.000816445 -0.114098 -0.353264 -0.061057 -0.322835 -0.00996611 -0.000386278 0.438869 -0.012206 0.0345836 0.00211106 -0.0714729 -0.0181656 -0.315193 -0.000286318 0.0430081 0.0229403 0.00294055 0.180444 -0.0424363 -0.0380597 0.0463083 -0.00605116 0.160514 -0.00523431 0.00839423 0.156819 -0.222405 -0.0816336 -0.0154199 -0.350387
internal_weight=2216 2184 2163 2139 1836 65 44 1771 1750 303 55 248 52 1715 1641 43 1598 893 863 705 842 85 799 553 531 501 102 399 620 82 348 76 56 196 74 74 122 557 43
internal_count=2216 2184 2163 2139 1836 65 44 1771 1750 303 55 248 52 1715 1641 43 1598 893 863 705 842 85 799 553 531 501 102 399 620 82 348 76 56 196 74 74 122 557 43
is_linear=0
shrinkage=0.05


Tree=175
num_leaves=40
num_cat=0
split_feature=12 29 30 13 22 4 5 3 22 11 11 9 17 24 12 28 3 5 28 29 27 28 30 33 15 6 21 18 28 18 29 4 29 30 30 6 6 10 12
split_gain=4997.97 22215.5 10049.2 5384.23 2883.82 2692.9 1950.47 1806.53 1648.4 2954.6 14980 3427.91 3069.12 2115.58 1407.26 1373.1 8307.58 1348.12 1322.24 1304 10801.6 1274.97 1211.64 1186.92 1185.69 1162.59 1158.23 906.391 785.577 671.95 611.058 579.43 1009.52 835.308 791.218 694.457 1047.14 835.955 2804.98
threshold=-1.2811323404312132 2.3943476676940922 -2.4608415365219112 -1.2564845085144041 -1.6105053424835203 0.18121118843555453 3.5429087877273564 2.2545164823532109 2.3331806659698491 1.3433995842933657 1.2277661561965945 1.3067128062248232 1.8931055068969729 0.84042927622795116 0.47583286464214331 -1.2250468134880064 1.0000000180025095e-35 -0.47797383368015284 -1.3693305850028989 0.72183758020401012 -0.37243400514125818 0.28842267394065862 0.86204820871353161 -0.047462873160839074 1.6533120274543764 2.872025847434998 0.032131286337971694 1.3711248040199282 -0.80194941163063038 -1.5013355016708372 1.1304740905761721 -1.0347204208374021 0.40936382114887243 0.26361173391342169 0.17102012783288958 -0.23815640062093732 -0.28770944476127619 -0.40775510668754572 -0.36445645987987513
decision_type=2 2 2 2 2 2 2 2 2 2 2 2 2 2 2 2 2 2 2 2 2 2 2 2 2 2 2 2 2 2 2 2 2 2 2 2 2 2 2
left_child=2 3 -1 -2 -5 18 7 8 9 10 12 -11 13 15 26 16 -6 -15 -4 22 -21 -19 25 30 27 31 -9 28 -13 -20 -22 32 33 34 -17 36 37 -33 -39
right_child=1 -3 5 4 6 -7 -8 14 -10 11 -12 24 -14 17 -16 19 -18 21 29 20 23 -23 -24 -25 -26 -27 -28 -29 -30 -31 -32 35 -34 -35 -36 -37 -38 38 -40
leaf_value=-1.2267970268925033 0.77958888086405675 1.5988421998240732 -0.58250395894050599 -0.60426590561866766 -0.20591241871524188 0.37386433396798874 0.49041464641690258 -0.35387966135008769 0.34398449591227942 -0.83500526547431952 1.1415970672267199 0.093191126485665646 0.56946845396381363 -0.026722683402208181 -0.50835385223229723 -0.054866527704414261 1.0650571585819126 -0.58409834415201212 0.041752968728542332 1.1839848500632104 -0.077029541039875915 -0.17272921881328029 -0.36273426985740664 0.21823265392471247 -0.42517065522074698 0.3196722487990673 0.12375585064291955 0.24279920832169327 -0.27220405838207196 -0.30421115681529048 -0.3974961931506793 -0.0655134447062896 -0.36519338520693373 0.11278980290680601 -0.34171539500355719 -0.058231118512275741 0.37367383468718757 0.44769320495244935 0.015578805003419386
leaf_weight=24 22 22 20 20 36 24 20 22 35 20 29 24 23 65 30 121 20 31 32 21 51 48 25 27 25 26 30 22 38 25 21 220 29 57 30 372 21 41 447
leaf_count=24 22 22 20 20 36 24 20 22 35 20 29 24 23 65 30 121 20 31 32 21 51 48 25 27 25 26 30 22 38 25 21 220 29 57 30 372 21 41 447
internal_value=2.46107e-10 0.0183595 -0.307117 0.00155395 -0.00680793 -0.0885794 -0.000912934 -0.00580907 0.00398155 -0.0023148 0.0146053 -0.233294 -0.00426463 -0.011986 -0.23565 0.00488877 0.248005 -0.195382 -0.232718 -0.00413345 0.154 -0.334153 -0.0177951 -0.0644813 -0.122889 -0.0114729 -0.0783207 -0.0329236 -0.130761 -0.109986 -0.170499 -0.0179077 -0.0888266 -0.0502947 -0.111856 -0.00264181 0.0257247 0.0154042 0.0518835
internal_weight=2216 2091 125 2069 2047 101 2027 2007 1925 1890 1761 129 1732 1709 82 1565 56 144 77 1509 120 79 1389 99 109 1364 52 84 62 57 72 1338 237 208 151 1101 729 708 488
internal_count=2216 2091 125 2069 2047 101 2027 2007 1925 1890 1761 129 1732 1709 82 1565 56 144 77 1509 120 79 1389 99 109 1364 52 84 62 57 72 1338 237 208 151 1101 729 708 488
is_linear=0
shrinkage=0.05


Tree=176
num_leaves=40
num_cat=0
split_feature=30 6 15 28 29 29 30 30 20 17 8 31 29 28 29 6 0 7 23 9 12 30 30 30 14 28 9 0 0 29 6 28 27 30 20 5 7 30 2
split_gain=5657.33 2593.16 5169.05 2171.48 1602.41 6962.21 6146.55 4684.98 1512.38 5797.46 13045.2 1714.98 1337.68 4374.27 9274.41 1463.85 1389.84 9245 1566.45 2031.02 1348.88 1241.67 1574.02 801.81 760.107 1288.38 1097.27 643.986 1047.21 730.073 613.626 593.188 475.158 954.673 783.821 472.15 467.73 466.782 492.614
threshold=-2.4608415365219112 4.711318016052247 -1.5536757707595823 -1.399449288845062 0.7793947458267213 0.72183758020401012 1.0567454695701601 0.86204820871353161 2.2636622190475468 1.8931055068969729 1.3023713231086733 2.8130685091018681 -0.60456100106239308 -1.2250468134880064 -0.021138607524335381 2.872025847434998 1.4518179297447207 0.80658850073814403 1.0759197473526003 1.380291283130646 1.3267604112625124 0.9120679795742036 0.50115749239921581 0.18768508732318881 -0.69742432236671437 -0.11437208205461501 -1.1483162045478819 0.86638915538787853 0.63082250952720653 -0.79462745785713185 1.739593029022217 -0.027328914962708947 -0.47532317042350763 0.56768128275871288 0.21227244287729266 -0.53801956772804249 0.83773630857467662 0.41086067259311682 1.0000000180025095e-35
decision_type=2 2 2 2 2 2 2 2 2 2 2 2 2 2 2 2 2 2 2 2 2 2 2 2 2 2 2 2 2 2 2 2 2 2 2 2 2 2 2
left_child=-1 2 3 -2 5 6 7 8 9 11 -11 12 27 14 -14 16 18 31 30 20 -20 22 24 -10 26 -26 -6 28 29 -4 32 -18 33 34 37 -21 -31 38 -15
right_child=1 -3 4 -5 21 -7 -8 -9 23 10 -12 -13 13 15 -16 -17 17 -19 19 35 -22 -23 -24 -25 25 -27 -28 -29 -30 36 -32 -33 -34 -35 -36 -37 -38 -39 -40
leaf_value=0.7332064383305037 -0.87099250555038454 0.55802718080580238 -0.25840080466619891 -0.16556365177035334 -0.22825482797783778 0.87433480464893842 -0.87273367956280712 0.68835557240247736 -0.50085061057047409 -0.30103945139795546 1.5048709118738772 0.43212947032668381 0.022511908822521874 0.010511624747257036 1.3001995183527471 0.38164487574249506 -0.29801486787341891 1.1231228868663312 -0.24510787514651697 0.11444614210299082 -0.74596530377864845 -0.47152396050783302 0.30350868744509563 -0.086971548199653637 -0.58849969000919999 -0.074763894686475402 0.19559344041806004 -0.34625665384655196 0.23569525217726117 -0.11349257306506239 -0.26693842709064486 0.0054812752898188606 0.0037837177266109344 -0.40528552576899535 -0.32096593658561295 -0.14173147051620325 0.15170338659182839 0.21642072886228561 -0.17930978573048895
leaf_weight=26 24 20 71 20 37 23 20 25 22 20 20 22 49 133 20 23 21 20 41 35 20 26 21 25 23 26 26 30 21 60 24 69 984 20 23 37 23 20 46
leaf_count=26 24 20 71 20 37 23 20 25 22 20 20 22 49 133 20 23 21 20 41 35 20 26 21 25 23 26 26 30 21 60 24 69 984 20 23 37 23 20 46
internal_value=1.4936e-09 -0.00870473 -0.0139281 -0.550343 -0.00282635 0.00951524 -0.000716678 0.00834795 -0.000604232 0.00650408 0.601916 -0.00663966 -0.0120324 0.00351232 0.392856 -0.0142085 -0.0203067 0.150749 -0.033912 -0.197046 -0.409323 -0.155505 -0.0937268 -0.280702 -0.168209 -0.315905 -0.0533333 -0.132219 -0.095527 -0.140694 -0.0165544 -0.0653345 -0.011653 -0.0744203 -0.0446126 -0.0172007 -0.0400045 -0.0126723 -0.0382693
internal_weight=2216 2190 2170 44 2126 1967 1944 1924 1899 1852 40 1812 1790 1585 69 1516 1493 110 1383 133 61 159 133 47 112 49 63 205 175 154 1250 90 1226 242 222 72 83 199 179
internal_count=2216 2190 2170 44 2126 1967 1944 1924 1899 1852 40 1812 1790 1585 69 1516 1493 110 1383 133 61 159 133 47 112 49 63 205 175 154 1250 90 1226 242 222 72 83 199 179
is_linear=0
shrinkage=0.05


Tree=177
num_leaves=40
num_cat=0
split_feature=30 30 30 15 14 13 23 23 3 5 30 30 0 33 15 12 17 5 33 28 28 9 16 29 6 6 29 4 29 33 29 29 29 4 30 0 27 30 30
split_gain=5105.74 2533.78 5068.45 3704.85 1553.95 11218.5 3378.08 19525.6 2286.44 1964.78 1343.54 1439.59 1225.21 1143.23 1093.28 962.347 1153.22 813.22 949.331 1372.4 6133.6 868.127 786.915 737.118 599.935 676.63 516.425 444.59 1309.14 866.421 620.371 595.85 916.725 866.334 1220.53 586.092 520.046 488.588 936.444
threshold=-2.4608415365219112 -1.0270565152168272 -0.84001702070236195 -1.567071199417114 1.5510139465332033 1.4338148832321169 1.1383608579635622 1.0580972433090212 2.5976400375366215 0.33974029123783117 1.2409112453460696 0.9120679795742036 0.28274907171726232 -0.047489261254668229 1.8295560479164126 1.7161071300506594 1.8931055068969729 3.0898362398147587 -0.047405436635017388 -1.2388885617256162 -1.179234445095062 -1.2198464870452879 1.1332417726516726 -0.1960262060165405 2.872025847434998 1.739593029022217 -0.017847613431513306 -1.0347204208374021 0.40936382114887243 -0.047472553327679627 -0.88827767968177784 -0.46601891517639155 -0.4286902099847793 -0.10279305651783942 -0.13500295579433438 -0.54879942536354054 -0.40092711150646204 0.26361173391342169 0.17102012783288958
decision_type=2 2 2 2 2 2 2 2 2 2 2 2 2 2 2 2 2 2 2 2 2 2 2 2 2 2 2 2 2 2 2 2 2 2 2 2 2 2 2
left_child=-1 12 -3 -4 5 6 7 8 10 22 11 14 -2 -6 17 -15 23 18 19 26 -21 -22 -8 -17 25 27 -5 28 29 37 -29 33 -33 34 -32 -30 -35 38 -23
right_child=1 2 3 4 13 -7 9 -9 -10 -11 -12 -13 -14 15 -16 16 -18 -19 -20 20 21 24 -24 -25 -26 -27 -28 30 35 -31 31 32 -34 36 -36 -37 -38 -39 -40
leaf_value=0.69654614145939175 -0.14622890162467958 0.68025067269250206 -0.54307525958865888 -0.14016773183990658 0.11824547593240385 1.084393029411634 0.054908922562996544 1.4273986866076789 0.43235676221806429 -0.71042234379312275 0.34165106902901948 -0.35813653017244035 -0.67127327933907521 -0.55862559258937838 -0.33008693969912001 0.18205793941742743 -0.39740842942035565 -0.32639667630195618 0.25986343553346214 0.80968220829963689 -0.34012081824243068 -0.043881605158989818 -0.31903178589418535 -0.21405398422933142 0.20232182062710777 -0.21874090226796958 -0.43480801343917846 0.26192217255416128 -0.50119343269616368 0.2529245928503 0.33643390328582862 0.30114061446101581 0.0059307800124111035 -0.014903084131387564 -0.099730014077053883 -0.12721089657396079 -0.28401300420278103 0.070490215277230303 -0.39037389382719995
leaf_weight=26 25 27 32 58 27 24 24 24 29 23 26 31 20 20 27 24 33 20 33 23 20 104 34 23 33 39 20 23 22 26 23 27 1011 26 53 20 58 54 24
leaf_count=26 25 27 32 58 27 24 24 24 29 23 26 31 20 20 27 24 33 20 33 23 20 104 34 23 33 39 20 23 22 26 23 27 1011 26 53 20 58 54 24
internal_value=1.4989e-10 -0.0082695 -0.000479726 -0.00915759 -0.0009671 0.0100208 -0.0033047 0.010504 -0.00807824 -0.31937 -0.0151702 -0.0203969 -0.379582 -0.170458 -0.0143935 -0.248408 -0.170854 -0.00942916 -0.00569354 -0.01096 -0.000890002 -0.0128178 -0.164298 -0.0117841 -0.00857538 -0.0131844 -0.215717 -0.00773456 -0.0684825 -0.017068 0.00470359 -0.000234666 0.0136096 -0.0900497 0.032267 -0.323107 -0.200717 -0.0556384 -0.108849
internal_weight=2216 2190 2145 2118 2086 1959 1935 1854 1830 81 1801 1775 45 127 1744 100 80 1717 1697 1664 1586 1563 58 47 1543 1510 78 1471 250 208 1221 1198 1038 160 76 42 84 182 128
internal_count=2216 2190 2145 2118 2086 1959 1935 1854 1830 81 1801 1775 45 127 1744 100 80 1717 1697 1664 1586 1563 58 47 1543 1510 78 1471 250 208 1221 1198 1038 160 76 42 84 182 128
is_linear=0
shrinkage=0.05


Tree=178
num_leaves=40
num_cat=0
split_feature=28 4 7 30 30 30 11 8 11 11 9 5 27 29 33 24 30 29 15 6 6 24 15 4 14 3 27 4 3 5 3 27 3 5 16 15 25 25 30
split_gain=4848.48 12349.3 5697.41 4522.18 2017.77 1995.82 1809.44 8683.95 4138.93 18079.8 3296.7 2504.17 1482.7 11926 1475.98 1021.2 1212.4 927.846 687.962 825.433 2098.97 754.123 740.526 684.736 600.088 672.745 594.615 575.842 572.069 1466.73 997.313 474.555 435.893 421.849 404.508 3208.27 1308.7 1166.11 953.102
threshold=-1.5452485680580137 0.2291599586606026 -1.3164669871330259 -2.4608415365219112 -1.3757219314575193 1.2409112453460696 1.6160847544670107 1.4510754346847536 1.2277661561965945 1.3433995842933657 1.1875331997871401 3.179359078407288 -1.1976896524429319 -0.085064455866813646 -0.047483431175351136 0.87067350745201122 0.60025855898857128 -0.48264776170253748 -0.832698494195938 2.9755042791366582 2.1986874341964726 -0.58397009968757618 1.7172574996948244 -0.40523913502693171 1.8757705092430117 -0.52905616164207447 -1.0741553902626035 2.1176037788391118 0.2619194388389588 -0.37207493185997004 -0.094295192509889589 -0.25334399938583368 -0.23140682280063626 -0.1493597403168678 -0.63082122802734364 -0.58635970950126637 -0.58439117670059193 -0.53781428933143605 0.081497162580490126
decision_type=2 2 2 2 2 2 2 2 2 2 2 2 2 2 2 2 2 2 2 2 2 2 2 2 2 2 2 2 2 2 2 2 2 2 2 2 2 2 2
left_child=1 -1 3 -2 -4 6 7 8 10 -10 11 12 13 23 17 18 31 -8 21 20 22 28 27 -6 -19 -26 -5 34 30 -30 33 -17 -33 -14 35 38 -36 -38 -20
right_child=2 -3 4 26 5 -7 14 -9 9 -11 -12 -13 15 -15 -16 16 -18 24 19 -21 -22 -23 -24 -25 25 -27 -28 -29 29 -31 -32 32 -34 -35 36 -37 37 -39 -40
leaf_value=-0.22714800202846527 -1.0480164729058743 1.4397649138793351 0.45997002000610038 -0.35831094433863964 -0.42230782523751265 0.49593601126223802 -0.41500768795609472 0.82215709704905748 1.4784871628750926 -0.39868900210692965 -0.5909675740003586 0.49448369344075521 -0.10275592777695984 1.2414773259870708 -0.57922995885213213 -0.21158056120539823 -0.48838939052075148 0.20266890272498134 0.13093895067081407 -0.25873380025338022 0.49816196674392343 -0.34636164737435493 -0.27524338364601136 -0.051543701101433151 0.031452449249724547 -0.33753367151532854 -0.0063476971505830697 -0.26008485507752216 0.39634894335811793 -0.10366129041649402 -0.40913457350494964 0.14581465516073097 -0.15159478038549423 0.10206003198700567 -0.27337278472682969 0.62379525869112951 0.3232956490878548 -0.0037198535470284763 -0.15638778351487653
leaf_weight=25 22 20 24 24 20 20 20 32 23 29 25 24 133 20 21 43 24 20 54 31 21 26 25 33 30 21 24 21 22 44 24 28 22 31 44 23 28 1033 62
leaf_count=25 22 20 24 24 20 20 20 32 23 29 25 24 133 20 21 43 24 20 54 31 21 26 25 33 30 21 24 21 22 44 24 28 22 31 44 23 28 1033 62
internal_value=-6.1013e-11 0.513702 -0.0106479 -0.454402 0.00413687 -0.00113034 -0.00596326 0.00528988 -0.0083744 0.4316 -0.0206682 -0.0129026 -0.019623 0.201129 -0.201386 -0.0288898 -0.171552 -0.114191 -0.0185991 -0.00372503 0.00230492 -0.0898883 -0.00576717 -0.191455 -0.0294543 -0.120483 -0.182329 -0.000441552 -0.0636351 0.0630088 -0.108095 -0.0897875 0.0149545 -0.0640407 0.00394149 0.0843306 -0.0061708 0.00491015 -0.0226322
internal_weight=2216 45 2171 70 2101 2077 2057 1945 1913 52 1861 1836 1812 73 112 1739 117 91 1622 1342 1311 280 1290 53 71 51 48 1265 254 66 188 93 50 164 1244 139 1105 1061 116
internal_count=2216 45 2171 70 2101 2077 2057 1945 1913 52 1861 1836 1812 73 112 1739 117 91 1622 1342 1311 280 1290 53 71 51 48 1265 254 66 188 93 50 164 1244 139 1105 1061 116
is_linear=0
shrinkage=0.05


Tree=179
num_leaves=40
num_cat=0
split_feature=30 30 6 15 0 0 3 15 24 22 26 33 29 30 28 29 4 6 6 6 22 27 13 13 33 5 4 16 18 10 31 5 12 3 18 12 20 19 21
split_gain=5165.87 2526.31 3681.65 3419.8 1492.54 17160.4 3445.21 2205.14 19473.5 2179.59 10004 2331 13359.6 3273.51 1563.75 1451.21 1580.78 1439.25 1274.63 2279.72 1326.58 1069.05 1418.17 877.914 823.86 781.529 945.157 1339.35 1088.1 751.846 1024.67 696.828 651.539 650.625 588.373 561.997 504.534 2516.66 1127.04
threshold=-2.4608415365219112 -0.88363802433013905 4.6428182125091562 -1.567071199417114 -0.68312785029411305 -0.66076958179473866 -0.24449787288904187 1.8629074692726137 1.3891622424125674 0.58130306005477916 0.9546494483947755 -0.047483431175351136 0.094810806214809432 0.95535138249397289 0.15596146881580356 1.1304740905761721 2.1176037788391118 2.872025847434998 1.739593029022217 1.2630094289779665 -1.6105053424835203 -1.0741553902626035 1.6231963038444521 -0.93772524595260609 -0.047485062852501862 -0.15591018646955487 0.24022506177425387 1.2338263988494875 0.89618012309074413 1.1447533965110781 -0.74593421816825856 -0.21158897876739499 0.48531006276607519 0.53889870643615734 1.1738103032112124 1.5455594062805178 0.2236004322767258 0.18809021264314654 0.11068857461214067
decision_type=2 2 2 2 2 2 2 2 2 2 2 2 2 2 2 2 2 2 2 2 2 2 2 2 2 2 2 2 2 2 2 2 2 2 2 2 2 2 2
left_child=-1 23 3 -3 6 -6 21 9 -9 10 11 12 24 15 -11 16 17 18 19 20 -13 22 -5 -2 -7 33 27 28 -27 30 31 -23 -28 -16 -35 -31 37 38 -22
right_child=1 2 -4 4 5 7 -8 8 -10 14 -12 13 -14 -15 25 -17 -18 -19 -20 -21 36 29 -24 -25 -26 26 32 -29 -30 35 -32 -33 -34 34 -36 -37 -38 -39 -40
leaf_value=0.70063556707822361 -0.17882065392332153 -0.51843101242557166 0.67611221820116052 -0.56050953587347807 1.3290215508937837 -0.31524503129720688 -0.69145802940641143 1.5753014278411865 -0.34368022603866383 -0.48066032079082954 0.86164199024438859 -0.42148700848221782 1.3830743200611324 -0.65503905802965168 -0.070934048678193778 0.35276519395411016 -0.43788930350406607 0.37308324985206132 -0.29868302596494173 0.521153276283294 0.0055938610664235874 -0.0051397233361124318 0.021234366595745086 -0.56649972679822347 0.045704898062746885 -0.11925383000462145 -0.12094426222822884 -0.38042817356234249 0.36062820667312262 -0.34401118619988363 0.25350278321550124 -0.22565670810544339 -0.47015173943603739 -0.017421573338409265 0.34977808687835932 -0.011300471425056458 -0.097598803124767347 0.53558742555535654 -0.33765157353878023
leaf_weight=26 40 32 20 22 25 25 21 20 39 27 35 20 20 20 140 27 22 24 39 20 551 440 20 23 43 27 22 22 21 30 36 39 34 24 20 22 131 22 25
leaf_count=26 40 32 20 22 25 25 21 20 39 27 35 20 20 20 140 27 22 24 39 20 551 440 20 23 43 27 22 22 21 30 36 39 34 24 20 22 131 22 25
internal_value=1.00554e-09 -0.00831805 0.000924211 -0.00548479 0.00242571 0.0304259 -0.0617969 0.0075633 0.306822 -0.00540971 0.0308892 0.00148946 0.24711 -0.0225001 -0.115707 -0.00814053 -0.0195509 -0.00848907 -0.0198229 -0.00568045 -0.0197481 -0.0400845 -0.283489 -0.320354 -0.0869973 -0.0839204 -0.179857 -0.0573726 0.0906946 -0.0220546 -0.0037592 -0.0230941 -0.332963 -0.0182246 0.149487 -0.203249 -0.00872646 0.0107422 -0.00930394
internal_weight=2216 2190 2127 2107 2075 1445 630 1420 59 1361 1024 989 88 901 337 881 854 832 808 769 749 609 42 63 68 310 126 70 48 567 515 479 56 184 44 52 729 598 576
internal_count=2216 2190 2127 2107 2075 1445 630 1420 59 1361 1024 989 88 901 337 881 854 832 808 769 749 609 42 63 68 310 126 70 48 567 515 479 56 184 44 52 729 598 576
is_linear=0
shrinkage=0.05


Tree=180
num_leaves=40
num_cat=0
split_feature=15 20 33 4 30 30 10 30 33 29 29 21 22 15 0 7 28 13 5 23 9 4 0 23 6 29 22 0 24 28 24 3 26 10 29 3 28 5 15
split_gain=4908.2 5706.43 1873.79 4927.19 3998.31 3698.56 2205.75 1969.1 2037.83 1682.63 2501.48 5309.94 1827.54 3513.87 1801.04 7358.37 2087.52 5983.6 1720.03 1626.06 1872.18 1284.89 1279.44 1098 973.865 944.685 733.655 648.303 581.732 505.356 490.006 485.868 472.54 541.86 626.089 507.176 466.052 624.686 568.844
threshold=-1.584319472312927 -1.6251678466796873 -0.047460788860917084 2.1053092479705815 -0.95633739233016957 -1.3757219314575193 -1.2903800606727598 1.0098809599876406 -0.047462873160839074 -0.79462745785713185 -0.70024633407592762 0.13452491164207461 2.3331806659698491 1.8295560479164126 1.4518179297447207 0.80658850073814403 -1.2250468134880064 -0.43507608771324152 -0.38735930621623987 1.0759197473526003 1.380291283130646 1.8163871169090273 2.798500776290894 1.2781210541725161 2.2832190990448002 0.91963148117065441 -0.48569265007972712 1.3879626989364626 -0.067145887762308107 0.56415691971778881 0.63123145699501049 1.7308740615844729 -0.92388370633125294 -1.2211973071098325 -0.15099124610424039 0.40040905773639685 -1.0124403834342954 -0.41574457287788386 0.27601341903209692
decision_type=2 2 2 2 2 2 2 2 2 2 2 2 2 2 2 2 2 2 2 2 2 2 2 2 2 2 2 2 2 2 2 2 2 2 2 2 2 2 2
left_child=-1 -2 3 4 -3 -4 -7 8 9 28 11 -11 13 14 16 30 17 -12 -15 21 23 24 26 -21 25 36 32 -28 -6 -22 -16 -29 33 -8 -35 -36 37 -18 -38
right_child=1 2 5 -5 7 6 22 -9 -10 10 12 -13 -14 18 15 -17 19 -19 -20 20 29 -23 -24 -25 -26 -27 27 31 -30 -31 -32 -33 -34 34 35 -37 38 -39 -40
leaf_value=0.55595949571102099 -0.77668452461560566 0.71232532992959019 -0.7712655639648438 0.77958863107931053 -0.1629743071696298 0.28172083409168786 -0.33443677380681036 0.35751816940150766 0.42473732680082321 -0.12143127340078355 0.96227449476718907 0.97160901492461571 0.33868487978147138 -0.20155350110110115 0.054881430334515049 1.0502344290725887 -0.0024733815229300298 -0.18807160705327988 -0.78591369137167932 -0.21230995995657787 -0.10655019410631875 0.2700351802775493 -0.48626199080185456 -0.63668669682961931 -0.35114337354898456 -0.24846425271992173 0.25089549173911413 -0.23704891528772271 -0.48819633081555369 0.18177633321001418 -0.26300763406536798 0.055595404030503448 -0.29308438749853954 -0.17869382323292288 -0.060577406154738535 0.27162402474321423 0.027065640035384548 -0.33382406926155089 -0.047270553703604286
leaf_weight=39 24 20 20 21 44 39 20 38 27 25 20 20 36 34 27 20 33 26 20 35 55 39 22 27 22 42 24 23 20 21 22 37 43 46 27 20 709 25 404
leaf_count=39 24 20 20 21 44 39 20 38 27 25 20 20 36 34 27 20 33 26 20 35 55 39 22 27 22 42 24 23 20 21 22 37 43 46 27 20 709 25 404
internal_value=-4.94778e-10 -0.00995977 -0.00141291 0.0181124 0.0092825 -0.112847 -0.0690985 0.00143166 -0.00628728 -0.0130298 -0.00334218 0.364364 -0.0135752 -0.0215963 -0.0075787 0.242034 -0.0193916 0.312079 -0.417983 -0.0301902 -0.19322 -0.0125308 -0.12132 -0.397119 -0.021454 -0.0154744 -0.0878666 0.0312666 -0.264606 -0.026881 -0.0878443 -0.0565849 -0.152015 -0.0983342 -0.0475594 0.0807849 -0.00711784 -0.145297 8.28707e-05
internal_weight=2216 2177 2153 1832 1811 321 301 1791 1753 1726 1662 45 1617 1581 1527 69 1458 46 54 1412 138 1274 262 62 1235 1213 240 84 64 76 49 60 156 113 93 47 1171 58 1113
internal_count=2216 2177 2153 1832 1811 321 301 1791 1753 1726 1662 45 1617 1581 1527 69 1458 46 54 1412 138 1274 262 62 1235 1213 240 84 64 76 49 60 156 113 93 47 1171 58 1113
is_linear=0
shrinkage=0.05


Tree=181
num_leaves=40
num_cat=0
split_feature=18 16 15 9 30 33 6 30 28 4 26 21 23 23 5 0 3 7 4 17 27 27 4 5 29 27 4 2 18 18 10 8 8 30 18 15 29 11 29
split_gain=4548.5 18916.1 2891.38 9616.3 5425.93 2242.63 1719.73 3243.23 2779 3014.03 22943.7 7671.87 3099.24 7324.23 2259.65 2212.72 1345.28 1316.09 1313.97 1095.37 1002.81 1083.59 2715.06 1200.58 1268.51 2531.31 1232.3 1063.53 1282.8 4443.28 864.218 852.307 881.326 800.143 796.55 743.687 733.338 720.979 1262.3
threshold=-1.642467141151428 -1.5978951454162595 -1.3155183792114256 -1.2051863074302671 -1.1101645231246946 -0.047405436635017388 -0.13905031234025952 1.0098809599876406 -1.2250468134880064 0.55250677466392528 0.9546494483947755 0.99927017092704784 1.0759197473526003 0.99978256225585949 0.66617089509964 2.7011975049972539 -0.22589479386806485 -0.6722082495689391 -0.28413775563240046 1.4656423330307009 -0.4262572824954986 1.0000000180025095e-35 0.14555697888135913 -0.39172627031803126 0.28863383829593664 -0.15934929996728894 -0.97570654749870289 2.2576968073844914 0.13330585509538653 0.24587000161409381 -0.1929780766367912 0.46871942281723028 0.60440000891685497 -0.031917804852128022 -0.053483759984374039 0.94378104805946361 -0.25192262232303614 1.2277661561965945 -0.49694004654884333
decision_type=2 2 2 2 2 2 2 2 2 2 2 2 2 2 2 2 2 2 2 2 2 2 2 2 2 2 2 2 2 2 2 2 2 2 2 2 2 2 2
left_child=-1 -2 4 -4 -3 16 7 8 -5 12 15 -12 13 19 37 17 -6 -11 33 20 -10 22 23 24 25 26 -22 28 34 -30 -19 -31 -33 -14 -23 -35 -37 38 -8
right_child=1 2 3 6 5 -7 14 -9 9 10 11 -13 18 -15 -16 -17 -18 30 -20 -21 21 27 -24 -25 -26 -27 -28 -29 29 31 -32 32 -34 35 -36 36 -38 -39 -40
leaf_value=-0.60140121134538804 1.5019405523935954 -0.88772057837247853 1.0498646532947367 0.47395520665886581 -0.071348751577976585 0.32195169725627815 0.21496848579157485 0.52160642105154698 -0.097194726229551817 0.32568923400508032 1.9436626913398507 0.57534201102597382 -0.40232539301117259 0.94820273913443087 -0.50763399581114454 -0.55054755687713619 -0.45935481234919284 -0.22940332330763341 -0.47609707089357595 -0.34463799965381625 0.036768633909523486 -0.078512135630311536 0.53463849213439973 -0.06380876552158346 0.50727283737876205 -0.28654089764017482 0.57905276736075229 0.27869040109217169 0.74006428198800212 -0.070963739470861265 0.023180701618750944 0.41986966289579875 -0.011572203065814643 -0.29506967491828479 -0.32562091562308765 -0.20507152634007589 0.1686708289384842 -0.26240604626826752 -0.070446539593337354
leaf_weight=31 21 25 22 32 74 27 44 32 249 27 20 21 24 20 30 20 32 48 43 25 20 230 32 120 22 29 22 28 21 178 115 20 29 26 38 21 35 39 324
leaf_count=31 21 25 22 32 74 27 44 32 249 27 20 21 24 20 30 20 32 48 43 25 20 230 32 120 22 29 22 28 21 178 115 20 29 26 38 21 35 39 324
internal_value=5.28592e-10 0.00853247 -0.00595994 0.0102603 -0.211895 -0.0848606 -0.00126757 0.0234739 0.0129523 0.00300478 0.160926 1.24282 -0.0291692 0.00024598 -0.0888534 -0.0502996 -0.188483 0.00235806 -0.242972 -0.0175895 -0.00971263 0.0178958 0.105209 0.0406939 0.175536 0.0727443 0.320822 -0.0214273 -0.0377128 0.0442403 -0.0511999 -0.020131 0.164527 -0.148402 -0.11355 -0.0740833 0.0285174 -0.057985 -0.0363208
internal_weight=2216 2185 2164 2006 158 133 1984 1547 1515 1483 251 41 1232 1083 437 210 106 190 149 1063 1038 789 245 213 93 71 42 544 516 248 163 227 49 106 268 82 56 407 368
internal_count=2216 2185 2164 2006 158 133 1984 1547 1515 1483 251 41 1232 1083 437 210 106 190 149 1063 1038 789 245 213 93 71 42 544 516 248 163 227 49 106 268 82 56 407 368
is_linear=0
shrinkage=0.05


Tree=182
num_leaves=40
num_cat=0
split_feature=30 28 22 6 8 30 31 6 10 6 15 5 28 7 7 7 11 11 5 29 29 7 11 10 28 27 15 27 15 30 31 31 29 30 30 33 9 24 14
split_gain=4745.65 2344.49 5182.54 2127.56 2002.49 2317.37 1856.38 1805.08 1609.16 1452.36 1414.32 14037.4 1397.63 5116.62 1279.65 4978.97 1567.37 1553.2 1164.81 944.143 908.77 670.379 587.299 625.297 585.61 513.678 750.766 739.808 1174.79 835.912 804.457 3579.69 667.167 630.079 614.69 748.475 1413.82 872.362 1905.32
threshold=-2.4608415365219112 -1.5968321561813352 -1.6769025325775144 3.7202574014663701 -1.0783468484878538 1.0098809599876406 2.6957347393035893 2.872025847434998 -1.1261851787567136 1.367945194244385 1.8629074692726137 0.068988487124443068 -1.2250468134880064 -0.46969753503799433 1.2180948853492739 1.1032164096832278 1.1336319446563723 1.6160847544670107 -0.4987169057130813 1.0929369330406191 -0.10804389789700507 -1.172109007835388 -1.2816687226295469 -1.2211973071098325 0.17753227800130847 -0.39116537570953364 0.41219964623451238 -0.30422385036945337 -0.32069228589534754 0.78961768746376049 0.50143270194530498 0.42740285396575933 -0.39011573791503901 -0.31357385218143458 -0.24132506549358365 -0.047476824373006814 -0.6793454885482787 0.17024277150630954 0.22756779193878177
decision_type=2 2 2 2 2 2 2 2 2 2 2 2 2 2 2 2 2 2 2 2 2 2 2 2 2 2 2 2 2 2 2 2 2 2 2 2 2 2 2
left_child=-1 -2 -3 4 8 6 7 9 21 10 12 20 13 -6 15 16 19 18 -16 25 -12 22 -4 -24 -19 26 -14 28 -27 30 31 33 -32 -29 -35 37 -37 -36 -39
right_child=1 2 3 -5 5 -7 -8 -9 -10 -11 11 -13 14 -15 17 -17 -18 24 -20 -21 -22 -23 23 -25 -26 27 -28 29 -30 -31 32 -33 -34 34 35 36 -38 38 -40
leaf_value=0.67153441160917282 -0.41391235002449583 0.63018483575433493 -0.033454335386102853 -0.40923758407659605 0.69303712433782128 0.43232841361314062 0.38079495813290126 0.45759929383084891 -0.45793702634605205 -0.22559492018174485 -0.35936122489827022 1.3125020691326688 -0.0466854418735487 -0.28305174374580383 -0.095543216069539388 0.61233965586870909 -0.35364051741712238 -0.11713401139263185 -0.50995240993797786 0.32264044632514322 0.056690604984760286 0.10584398636813551 -0.41776759018500648 -0.075359552601973218 0.21184573279848942 0.43438982081413269 -0.32578032681575192 -0.15164333163361465 0.0051718633029271266 0.30340351107574648 -0.26046290833274932 0.63838031556118624 -0.052728869879994894 0.2273161711792151 -0.080829524433916555 -0.024347608064999804 0.36067463347786355 0.51621200907044107 0.00090660109216796937
leaf_weight=26 35 32 55 33 29 32 32 21 37 74 35 21 329 25 30 32 34 31 39 21 21 34 30 24 24 25 26 70 44 21 49 22 183 30 314 64 38 20 174
leaf_count=26 35 32 55 33 29 32 32 21 37 74 35 21 329 25 30 32 34 31 39 21 21 34 30 24 24 25 26 70 44 21 49 22 183 30 314 64 38 20 174
internal_value=-6.05696e-10 -0.00797256 -0.00137957 -0.0108991 -0.00460959 0.010415 0.00322581 -0.00331927 -0.164037 -0.00862299 0.000546586 0.21007 -0.009091 0.241144 -0.0174322 -0.00463825 -0.0181241 -0.171785 -0.329774 -0.0101468 -0.203342 -0.0879927 -0.148455 -0.265586 0.0264208 -0.0151067 -0.0671262 0.00241408 0.160686 -0.00867296 -0.0154713 0.0102428 -0.0966037 -0.00922062 0.00635686 -0.00450999 0.119092 -0.0293277 0.0540309
internal_weight=2216 2190 2155 2123 2090 1910 1878 1846 180 1825 1751 77 1674 54 1620 1496 1464 124 69 1430 56 143 109 54 55 1409 355 1054 69 985 964 732 232 710 640 610 102 508 194
internal_count=2216 2190 2155 2123 2090 1910 1878 1846 180 1825 1751 77 1674 54 1620 1496 1464 124 69 1430 56 143 109 54 55 1409 355 1054 69 985 964 732 232 710 640 610 102 508 194
is_linear=0
shrinkage=0.05


Tree=183
num_leaves=40
num_cat=0
split_feature=12 22 30 18 29 4 27 31 30 18 29 30 7 3 17 16 29 28 22 8 14 14 29 3 3 6 17 8 15 33 33 0 17 4 22 24 29 29 29
split_gain=4874.43 17487.2 5225.99 2621.05 4232.71 2001.52 1660.93 17590.5 11426.5 4185.18 6125.7 4104.36 3698.52 2323.2 2130.95 4954.89 1572.09 1278.69 921.545 906.19 866.176 968.854 709.969 1255.85 688.102 595.031 493.256 1035.46 416.542 452.158 407.543 1070.41 426.759 396.373 587.405 1896.15 510.651 598.593 1903.35
threshold=-1.3944663405418394 -1.6634678840637205 -2.4608415365219112 -1.4155634045600889 1.6874600648880007 0.58816099166870128 -0.58386245369911183 1.4600473046302798 0.73168373107910167 -1.0717446804046629 -0.06245355308055877 1.158700227737427 2.0837219953536992 2.6286451816558842 1.9977061748504641 1.840181350708008 -0.12860795110464093 -0.322158932685852 -1.3616196513175962 1.5056784152984621 1.3596132397651675 1.5510139465332033 0.071945838630199446 -0.55937233567237843 -0.49185001850128168 2.872025847434998 0.393465206027031 1.3476914763450625 -1.2476907372474668 -0.047432998195290559 -0.047486949712038033 -0.41572304069995875 -0.47595359385013575 -1.0347204208374021 -0.28413601219654078 -0.74793687462806691 -0.85986977815628041 -0.46601891517639155 -0.4286902099847793
decision_type=2 2 2 2 2 2 2 2 2 2 2 2 2 2 2 2 2 2 2 2 2 2 2 2 2 2 2 2 2 2 2 2 2 2 2 2 2 2 2
left_child=2 -2 -1 5 6 24 7 8 9 10 -5 12 13 14 15 18 -16 22 -8 -19 25 -22 26 -24 -3 28 27 30 -20 33 -11 -32 -33 34 35 -30 -35 -38 -39
right_child=1 3 -4 4 -6 -7 11 -9 -10 17 -12 -13 -14 -15 16 -17 -18 19 20 -21 21 -23 23 -25 -26 -27 -28 -29 29 -31 31 32 -34 36 -36 -37 37 38 -40
leaf_value=-1.0560740044933152 1.3014435286705313 -0.27287932826500189 -0.09665351957082749 -0.055619746028925436 0.68288020528043092 -0.68256134174086835 -0.34261835998012907 1.5370550751686096 1.1796711111068727 0.11297585368156433 1.0533348507992923 -0.70024927326224073 0.66304515961557631 -0.52003124032331549 -0.67929168501403181 0.77854380860924721 -0.10306505214037567 -0.48345757511754828 0.2138301470095203 -0.096077278485664955 -0.44166815609981613 0.029531484395265581 -0.04274507894673768 -0.54206696789711717 0.05052285122460333 0.21093716400209817 -0.21306904112470559 0.34782597623765471 -0.15606251608447308 -0.2465509879216552 -0.36344209290467777 -0.14469213598678191 0.088059683502824226 0.24290095506743953 -0.14947732820429585 0.31730058841845571 -0.10120938323751594 0.48385070832002736 0.0026954341067758226
leaf_weight=22 26 38 40 33 23 22 21 20 20 35 20 22 20 23 20 20 29 36 21 26 24 20 34 20 29 32 29 20 56 20 26 31 54 22 110 34 130 21 967
leaf_count=22 26 38 40 33 23 22 21 20 20 35 20 22 20 23 20 20 29 36 21 26 24 20 34 20 29 32 29 20 56 20 26 31 54 22 110 34 130 21 967
internal_value=-1.20748e-09 0.0125811 -0.437093 -0.00316624 0.00842709 -0.268771 0.000732436 0.0913875 0.0160923 -0.0478406 0.362854 -0.0219876 -0.0126028 -0.0212098 -0.0137936 -0.00318021 -0.33826 -0.11783 -0.0137583 -0.321008 -0.00901842 -0.227487 -0.0672399 -0.227679 -0.132899 -0.00221545 -0.0228105 0.0104274 -0.00715454 -0.0105668 -0.0357916 -0.0827002 0.00317373 -0.00704465 -0.0719689 0.0227635 0.00434557 -0.000348721 0.0129224
internal_weight=2216 2154 62 2128 2039 89 2016 404 384 364 53 1612 1590 1570 1547 1498 49 311 1478 62 1457 44 249 54 67 1413 195 166 1381 1360 146 111 85 1340 200 90 1140 1118 988
internal_count=2216 2154 62 2128 2039 89 2016 404 384 364 53 1612 1590 1570 1547 1498 49 311 1478 62 1457 44 249 54 67 1413 195 166 1381 1360 146 111 85 1340 200 90 1140 1118 988
is_linear=0
shrinkage=0.05


Tree=184
num_leaves=40
num_cat=0
split_feature=30 6 27 22 20 29 29 27 3 27 27 3 30 22 20 18 29 11 31 29 33 30 4 6 4 33 27 10 18 4 16 6 16 21 30 7 30 8 29
split_gain=4886.78 2298.56 4839.8 2786.13 1802.37 2082.2 3771.26 28549.5 61852.7 2924.47 13465.5 2567.86 2466.63 2421.56 1980.69 7593.81 1875.35 1405.26 1322.68 1303.81 1240.54 1107.83 1098.32 990.495 980.044 934.013 863.32 1112.85 2508.78 1351.77 1583.73 652.646 639.869 1305.44 2590.83 3549.55 731.186 717.738 673.418
threshold=-2.4608415365219112 4.711318016052247 -1.8494415283203123 -1.6634678840637205 -1.589679956436157 0.24387346208095553 -0.0043747618328779927 -0.61005219817161549 -0.1287453509867191 -0.59109649062156666 -0.50291630625724781 2.4729304313659672 1.158700227737427 2.3331806659698491 1.5960392355918886 1.4427022337913515 0.21100564301013949 0.25003199279308325 1.2160363197326662 -0.36237570643424982 -0.047489261254668229 -0.88363802433013905 1.5120968818664553 1.9975603222846987 -0.75194561481475819 -0.047489987686276429 0.34649854898452764 -0.31344148516654963 0.74090155959129345 -0.086195405572652803 -0.48711887001991266 0.46287341415882116 0.093140266835689559 -0.15535405278205869 0.13834507763385775 0.17572047561407092 0.54868322610855114 -0.21955074369907376 -0.051848068833351128
decision_type=2 2 2 2 2 2 2 2 2 2 2 2 2 2 2 2 2 2 2 2 2 2 2 2 2 2 2 2 2 2 2 2 2 2 2 2 2 2 2
left_child=-1 2 3 -2 -4 6 11 8 -8 17 -11 13 20 14 15 23 18 24 22 -16 -12 -22 31 25 -7 -6 -23 29 -29 -28 -31 -9 33 38 35 -35 37 -34 -27
right_child=1 -3 4 -5 5 9 7 16 -10 10 12 -13 -14 -15 19 -17 -18 -19 -20 -21 21 26 -24 -25 -26 32 27 28 -30 30 -32 -33 36 34 -36 -37 -38 -39 -40
leaf_value=0.68144699426797728 -0.79748061552643779 0.52547912646085027 0.47187590017914777 -0.11019559255961715 -0.34695110387452277 -0.46711453389902807 -0.071523386524880647 -0.077871687237782428 3.4326989537477495 1.2253823359310627 0.21721420661984561 -0.50125039735877963 -0.59345408974137781 0.47876887935400014 -0.63118589557707316 0.87590687684714796 0.34553044608328493 -0.71084662930149101 -0.3610272596590221 -0.13011637158389833 -0.46008556787855925 -0.15566425000241882 0.31772766875484115 0.2644040175296109 -0.01037122632066409 -0.043340875198365533 -0.24155297712895318 0.6292398846615106 -0.039373380865188358 0.39724947490418949 -0.13009865997093065 0.22098203808069231 -0.28934863221186857 0.934851610660553 -0.11525367803351826 0.10407432797882293 0.16292564361356199 -0.064382637483545418 0.18860709805260689
leaf_weight=26 30 20 20 29 23 23 34 211 20 20 34 27 24 25 20 24 32 23 32 37 20 185 22 29 24 393 69 20 47 24 35 20 39 20 43 36 32 390 34
leaf_count=26 30 20 20 29 23 23 34 211 20 20 34 27 24 25 20 24 32 23 32 37 20 185 22 29 24 393 69 20 47 24 35 20 39 20 43 36 32 390 34
internal_value=1.30445e-09 -0.00809024 -0.0130079 -0.459663 -0.000524449 -0.00504286 0.0246917 0.163625 1.22634 -0.0887663 -0.0445647 -0.0192881 -0.100021 -0.00792308 -0.0187867 -0.00338958 -0.0174043 -0.3906 -0.0581549 -0.30593 -0.0727343 -0.0973799 -0.0198469 -0.0237006 -0.233884 -0.0319729 -0.0782902 -0.00488396 0.160213 -0.0913017 0.0844158 -0.0519969 -0.024633 0.013056 0.176644 0.400781 -0.067636 -0.0848341 -0.0248719
internal_weight=2216 2190 2170 59 2111 2091 1543 371 54 548 478 1172 458 1145 1120 1063 317 70 285 57 434 400 253 1039 47 1010 380 195 67 128 59 231 987 526 99 56 461 429 427
internal_count=2216 2190 2170 59 2111 2091 1543 371 54 548 478 1172 458 1145 1120 1063 317 70 285 57 434 400 253 1039 47 1010 380 195 67 128 59 231 987 526 99 56 461 429 427
is_linear=0
shrinkage=0.05


Tree=185
num_leaves=40
num_cat=0
split_feature=28 20 7 30 30 30 11 7 12 15 11 13 5 5 27 29 33 33 30 7 8 8 19 25 29 6 6 13 33 29 29 27 21 18 16 13 21 25 17
split_gain=4645.7 11933.9 5687.59 4370.11 2232.04 1943.56 1754.44 8597.69 2767.13 15017.8 2160.81 10448.1 2670.29 1907.57 1562.61 9421.92 1502.81 1169.71 813.993 737.606 799.382 825.963 716.034 1692.41 776.857 646.169 1702.21 633.679 545.83 534.06 544.503 521.54 420.72 403.933 1296.12 3420.31 1123.72 1000.44 706.049
threshold=-1.5452485680580137 -1.5288347005844114 -1.3164669871330259 -2.4608415365219112 -1.3757219314575193 1.2409112453460696 1.6160847544670107 1.6315463185310366 1.2761033177375796 0.81930962204933178 0.84642362594604503 0.89478415250778209 3.179359078407288 -0.36989144980907435 -1.1976896524429319 -0.15099124610424039 -0.047483431175351136 -0.047478046268224709 0.9120679795742036 1.8037331700325014 2.1217476129531865 2.5810849666595463 -1.0293264985084531 -1.0693848729133604 1.1304740905761721 2.9755042791366582 2.2832190990448002 -1.2151780724525449 -0.047484496608376496 0.75466626882553112 0.1369530260562897 -1.0741553902626035 -1.2483482360839842 -0.59442287683486927 -0.50446477532386769 -0.57643339037895192 -0.44462768733501429 -0.69581073522567738 -0.69924047589302052
decision_type=2 2 2 2 2 2 2 2 2 2 2 2 2 2 2 2 2 2 2 2 2 2 2 2 2 2 2 2 2 2 2 2 2 2 2 2 2 2 2
left_child=1 -1 3 -2 -4 6 7 8 10 -10 11 12 14 -12 15 27 19 28 22 -8 -21 -22 23 29 25 26 33 -6 -15 30 32 -5 -16 37 35 -35 -36 -24 -39
right_child=2 -3 4 31 5 -7 16 -9 9 -11 13 -13 -14 17 18 -17 -18 -19 -20 20 21 -23 24 -25 -26 -27 -28 -29 -30 -31 -32 -33 -34 34 36 -37 -38 38 -40
leaf_value=1.4132001897692681 -1.0373426373032006 -0.22543895912170409 0.48377454901734995 -0.35114913453968866 -0.37890043370425702 0.48932470053434374 0.12743831519037485 0.92637983500957499 1.4401692607998848 -0.26040044837706799 -0.022460013532356635 1.1345175054110588 -0.5893371826410293 -0.41750194453276124 -0.18000890334015307 1.1351669830083846 -0.57965271699996224 -0.69764871313458399 -0.2850907997893436 -0.41945817637443544 0.17019487097859384 -0.27376988306641581 -0.00352492834942017 -0.52944131266503103 0.30816228514537219 -0.2209817634566742 0.44636646906534838 -0.0013057448901236059 -0.093515353936415468 -0.2445952790821421 0.14863130593529114 -0.021521901835997902 0.040260999322664449 0.65605953542722606 -0.22897164818915453 -0.050075301274340206 0.0033843334956779846 -0.018216226808726789 -0.35968154537059915
leaf_weight=20 22 25 24 24 20 20 24 25 20 37 74 20 20 26 46 20 21 21 28 25 20 22 173 21 20 34 21 25 26 29 39 24 41 27 55 47 965 24 41
leaf_count=20 22 25 24 24 20 20 24 25 20 37 74 20 20 26 46 20 21 21 28 25 20 22 173 21 20 34 21 25 26 29 39 24 41 27 55 47 965 24 41
internal_value=-1.02074e-09 0.502845 -0.0104229 -0.453795 0.00434917 -0.00119065 -0.00595988 0.00512093 -0.00687463 0.336291 -0.017374 -0.00161349 -0.0150113 -0.201355 -0.00815773 0.232195 -0.19839 -0.3827 -0.0178554 -0.110406 -0.195604 -0.0623581 -0.0131285 -0.108208 -0.00123516 -0.00569655 -0.000286578 -0.169126 -0.255509 -0.0511377 -0.00661181 -0.186336 -0.0762035 -0.00732841 0.00551418 0.207568 -0.00914467 -0.0663611 -0.233602
internal_weight=2216 45 2171 70 2101 2077 2057 1945 1920 57 1863 1716 1696 147 1676 65 112 73 1611 91 67 42 1583 176 1407 1387 1353 45 52 155 126 48 87 1332 1094 74 1020 238 65
internal_count=2216 45 2171 70 2101 2077 2057 1945 1920 57 1863 1716 1696 147 1676 65 112 73 1611 91 67 42 1583 176 1407 1387 1353 45 52 155 126 48 87 1332 1094 74 1020 238 65
is_linear=0
shrinkage=0.05


Tree=186
num_leaves=40
num_cat=0
split_feature=15 20 5 29 29 30 30 5 8 27 24 8 33 30 27 27 8 33 23 3 5 23 18 27 30 20 16 6 6 29 4 3 22 30 15 7 7 6 6
split_gain=5035.2 6373.41 1787.1 4318.66 5728.97 3643.3 3664.27 3067.68 9165.6 2187.79 1843.44 15935.7 1477.07 1335.91 1324.8 5335.71 1207.88 981.056 3217.27 1004.24 1118.9 730.759 1034.01 892.625 679.15 498.811 565.381 485.907 1200.02 476.564 442.139 427.201 410.449 387.431 350.828 663.985 993.849 969.011 1293.71
threshold=-1.584319472312927 -1.6251678466796873 0.93583095073699962 0.071945838630199446 -0.028919111937284466 1.0098809599876406 -1.3757219314575193 0.700014889240265 -0.039666689932346337 -0.43384085595607752 1.3891622424125674 1.4510754346847536 -0.047405436635017388 -0.031917804852128022 -1.2386001944541929 -1.1030309796333311 1.1794789433479311 -0.047481184825301163 0.90845298767089855 0.80898794531822216 1.4664171338081362 1.6492710113525393 1.5376403331756594 -0.30422385036945337 -0.61167719960212696 0.54025885462760936 -0.19213948398828504 3.2509608268737797 2.3458890914916997 0.14742621034383777 0.14555697888135913 -0.64549770951271046 0.066196504980325713 -0.011622950900346039 -0.832698494195938 -0.35899424552917475 -0.38151800632476801 -0.12739077210426328 -0.27604989707469935
decision_type=2 2 2 2 2 2 2 2 2 2 2 2 2 2 2 2 2 2 2 2 2 2 2 2 2 2 2 2 2 2 2 2 2 2 2 2 2 2 2
left_child=-1 -2 5 4 17 6 -3 10 -9 -5 11 12 14 -12 30 -16 24 -4 19 33 -21 23 -23 -15 29 26 -11 28 34 -17 -8 -24 -22 -19 -26 36 37 38 -36
right_child=1 2 3 9 -6 -7 7 8 -10 25 13 -13 -14 21 15 16 -18 18 -20 20 32 22 31 -25 27 -27 -28 -29 -30 -31 -32 -33 -34 -35 35 -37 -38 -39 -40
leaf_value=0.56310647175862238 -0.82038289209206905 0.66309669216473899 0.24044874222441154 -0.69402173561709279 0.83033828772604468 0.49479830031975719 -0.38276620799442757 -0.23176967358589173 1.2042876905202866 -0.28641973692839118 -0.54294121771712189 1.2560908344984056 0.35769588692257037 -0.51740161166304632 0.75955249463970009 -0.36676507125730101 -0.3194350858054617 -0.31744552074372767 -0.67238208841193803 0.43098628342151646 -0.18733150690793993 0.18359037439028425 -0.034220763668417933 -0.050665011405944829 -0.073494020102625832 -0.38018586275478206 0.072043243456970565 -0.2178489800808685 0.32901943432023895 -0.054316852241754532 -0.098868038722624396 -0.34240975420583381 0.12563489932905544 -0.036197555802452069 0.029373499338463362 -0.026847402722363058 0.36720361957947412 -0.13803770249852768 0.35147158580051885
leaf_weight=39 24 21 22 35 20 39 32 25 20 22 22 25 26 21 22 23 34 25 22 20 20 33 23 20 209 27 22 28 26 26 24 22 22 24 198 827 24 65 37
leaf_count=39 24 21 22 35 20 39 32 25 20 22 22 25 26 21 22 23 34 25 22 20 20 33 23 20 209 27 22 28 26 26 24 22 22 24 198 827 24 65 37
internal_value=7.19337e-10 -0.0100878 -0.00105525 -0.118632 0.0339224 0.0165938 0.00641929 -0.00119121 0.406478 -0.370491 -0.0115733 0.0034656 -0.0160944 -0.185 -0.022265 -0.0134601 -0.0248204 -0.068841 -0.120002 -0.0105209 0.123178 -0.118826 -0.028995 -0.289725 -0.0179736 -0.211004 -0.107188 -0.0116319 -0.00746588 -0.200976 -0.261096 -0.184891 -0.0233967 -0.179691 -0.0138987 -0.00307729 0.0575952 0.0328265 0.0800868
internal_weight=2216 2177 2153 281 175 1872 1833 1812 45 106 1767 1626 1601 141 1575 1519 1497 155 133 111 62 119 78 41 1463 71 44 1414 1386 49 56 45 42 49 1360 1151 324 300 235
internal_count=2216 2177 2153 281 175 1872 1833 1812 45 106 1767 1626 1601 141 1575 1519 1497 155 133 111 62 119 78 41 1463 71 44 1414 1386 49 56 45 42 49 1360 1151 324 300 235
is_linear=0
shrinkage=0.05


Tree=187
num_leaves=40
num_cat=0
split_feature=30 28 22 6 29 29 27 3 30 17 24 29 30 6 4 33 30 5 12 26 7 0 3 0 6 4 30 27 9 21 13 27 15 16 19 30 16 22 10
split_gain=4669.86 2338.44 4791.62 1881.61 1870.98 3398.26 24960.7 57494.7 2396.51 2122.22 21213.6 1665.74 1665.32 1281.01 1410.01 1256.22 1597.5 1162.47 1119.68 1430.97 2019.1 994.63 2371.07 895.882 1122.27 847.321 1322.61 894.736 893.879 811.047 806.065 646.835 645.95 2775.01 701.826 579.863 537.849 1102.91 2821.4
threshold=-2.4608415365219112 -1.5968321561813352 -1.6769025325775144 3.7202574014663701 0.24387346208095553 -0.0043747618328779927 -0.61005219817161549 -0.12116631492972373 1.2409112453460696 1.8931055068969729 1.3891622424125674 0.21100564301013949 0.95535138249397289 2.5032929182052617 2.0923999547958378 -0.047489261254668229 -1.0270565152168272 0.053704112768173225 0.91939166188240062 1.6058637499809267 1.5819175839424136 -0.65433043241500843 -0.58831045031547535 -0.018282575532793995 -0.20609266310930249 -0.39355930685997004 -0.26025116443634028 0.34649854898452764 -1.0193323493003843 -0.19473021477460858 2.2289044857025151 0.045181393623352058 -0.57336550951004017 -0.50446477532386769 -0.65598705410957325 0.58546778559684765 0.11696172505617143 -0.17629089951515195 -0.15423948317766187
decision_type=2 2 2 2 2 2 2 2 2 2 2 2 2 2 2 2 2 2 2 2 2 2 2 2 2 2 2 2 2 2 2 2 2 2 2 2 2 2 2
left_child=-1 -2 -3 4 5 9 7 -7 12 13 -11 17 15 14 18 31 -17 23 32 20 -20 22 -18 -8 -25 26 -23 -27 -29 -19 -12 -6 34 -34 -4 36 37 -35 -39
right_child=1 2 3 -5 8 6 11 -9 -10 10 30 -13 -14 -15 -16 16 21 29 19 -21 -22 25 -24 24 -26 27 -28 28 -30 -31 -32 -33 33 35 -36 -37 -38 38 -40
leaf_value=0.66615065840574417 -0.41332456761172837 0.60595379258738835 -0.043858691901989183 -0.38508523356056579 0.38399127887561924 -0.083495333812066488 -0.062315174259148003 3.2770989233255388 0.43976247182914191 1.5560228370484852 -0.63089959487319003 0.32571773304371165 -0.52097933551539544 0.36281196765601637 -0.44674061173129653 -0.5462356648081913 -0.05783754411984135 0.032479798048734666 -0.13352339059735338 0.078562777429077857 -0.6229457653782986 0.44373807664960624 -0.55257105421688824 0.44984594539485195 0.0032248939841221544 -0.18565369712887334 -0.01804842626055082 0.31016030173748732 -0.057280802377499641 -0.34649639888666572 -0.18199390172958374 -0.018138931104913353 0.4699045385234058 -0.041813823077115855 -0.27929954911405974 0.24431260390715168 -0.057920904601159395 0.67011396315964789 0.020977597853967123
leaf_weight=26 35 32 219 33 20 35 153 20 21 21 20 32 23 20 21 20 74 20 96 49 27 20 36 22 39 128 69 20 96 48 20 20 32 157 37 22 341 22 70
leaf_count=26 35 32 219 33 20 35 153 20 21 21 20 32 23 20 21 20 74 20 96 49 27 20 36 22 39 128 69 20 96 48 20 20 32 157 37 22 341 22 70
internal_value=7.22132e-10 -0.00790864 -0.00132416 -0.0104777 -0.00456281 0.0236043 0.155958 1.13854 -0.0840178 -0.0179958 0.269158 -0.01615 -0.104929 -0.0337338 -0.0409899 -0.085905 -0.10913 -0.0549435 -0.0330414 -0.149931 -0.240958 -0.0893963 -0.21975 0.00228112 0.164301 -0.0463363 0.0857238 -0.0945058 0.00607111 -0.235033 -0.406447 0.182926 -0.0107024 0.0160046 -0.0778873 -0.00772873 -0.0171269 0.0387396 0.176206
internal_weight=2216 2190 2155 2123 2090 1543 369 55 547 1174 61 314 526 1113 1093 503 463 282 1072 172 123 443 110 214 61 333 89 244 116 68 40 40 900 644 256 612 590 249 92
internal_count=2216 2190 2155 2123 2090 1543 369 55 547 1174 61 314 526 1113 1093 503 463 282 1072 172 123 443 110 214 61 333 89 244 116 68 40 40 900 644 256 612 590 249 92
is_linear=0
shrinkage=0.05


Tree=188
num_leaves=40
num_cat=0
split_feature=12 22 30 18 29 4 5 30 7 29 12 5 11 10 5 30 33 22 27 8 13 7 9 33 15 0 5 3 30 30 29 6 2 3 24 27 14 26 16
split_gain=4814 16082.1 5041.26 2561.58 3850.82 1916.88 1396.22 7126.12 4365.6 18919.2 5199.7 4914.24 3243.86 10681.1 2049.92 1912.07 1684.08 1303.9 1050.32 992.356 1243.14 1884.07 836.332 751.889 2287.05 844.397 775.651 583.586 562.138 1269.28 752.575 883.937 807.323 675.763 561.014 487.107 432.938 1974.34 2961.51
threshold=-1.3944663405418394 -1.6634678840637205 -2.4608415365219112 -1.4155634045600889 1.6874600648880007 0.58816099166870128 -0.35460707545280451 1.0098809599876406 1.6315463185310366 -0.32081046700477595 1.4253037571907046 -0.3327722549438476 0.84642362594604503 0.75358298420906078 3.0898362398147587 1.0098809599876406 -0.047478046268224709 1.1223883628845217 -1.1324552893638609 1.1315546631813052 1.7659478187561037 1.6315463185310366 1.3067128062248232 -0.047486113384366029 0.19653815776109698 -0.58135303854942311 -0.1373505890369415 -0.49185001850128168 0.51504388451576244 0.45650899410247808 0.2820964008569718 2.872025847434998 1.1408391594886782 1.3119601607322695 -0.69305011630058277 1.9580909013748171 -0.052951727062463753 -0.27762223780155176 -0.14921985566616056
decision_type=2 2 2 2 2 2 2 2 2 2 2 2 2 2 2 2 2 2 2 2 2 2 2 2 2 2 2 2 2 2 2 2 2 2 2 2 2 2 2
left_child=2 -2 -1 5 6 27 15 8 10 -10 11 -8 13 14 18 19 17 -14 -13 28 21 22 -21 24 -20 26 -25 -3 29 30 31 33 -32 35 -34 -5 37 -27 -39
right_child=1 3 -4 4 -6 -7 7 -9 9 -11 -12 12 16 -15 -16 -17 -18 -19 23 20 -22 -23 -24 25 -26 36 -28 -29 -30 -31 32 -33 34 -35 -36 -37 -38 38 -40
leaf_value=-1.042317837781527 1.2485019102692605 -0.26111630028799965 -0.10000718733295799 0.0041969474347999065 0.65217139066561414 -0.67012035833163708 0.71478347243233165 0.96048448046758073 1.6477103974670173 -0.43451306472222018 0.79547799877822412 -0.36397193785418169 -0.0049866303398802478 1.132058629244566 -0.52746026459194373 -0.50624235939411888 -0.66923722441379851 -0.49106485850431708 -0.16709218912503937 -0.34365116906166082 0.01734439459318916 -0.68986148124649416 0.05097622804600617 -0.46442207816988229 0.5624009884539104 -0.039179274726139253 -0.065036538916249428 0.03671410967563761 -0.10979492375549549 0.31978384465459858 -0.14957008774449329 0.32335017203636796 -0.08811473825148175 0.21568477763920219 0.27318699048324063 -0.23532171886075628 -0.062692517189996189 -0.10417190278946822 0.58572462648685497
leaf_weight=22 26 38 40 604 23 22 22 21 20 24 20 22 37 20 21 21 26 22 22 25 60 21 29 20 21 215 31 29 120 31 147 23 21 37 22 22 206 28 35
leaf_count=22 26 38 40 604 23 22 22 21 20 24 20 22 37 20 21 21 26 22 22 25 60 21 29 20 21 215 31 29 120 31 147 23 21 37 22 22 206 28 35
internal_value=2.1913e-10 0.0125029 -0.434375 -0.00259858 0.00886248 -0.265173 0.00152314 0.0511105 0.0275922 0.511952 -0.000157571 -0.0214312 -0.0437408 -0.00525384 -0.0418823 -0.0333934 -0.333978 -0.186236 -0.024887 -0.0248479 -0.152292 -0.288001 -0.131722 -0.0119807 0.189172 -0.0281481 -0.221658 -0.132205 -0.00809535 0.00535994 -0.00576693 0.0186228 -0.0938268 0.00805161 0.0967373 -0.00422064 -0.00775755 0.0329497 0.279104
internal_weight=2216 2154 62 2128 2039 89 2016 833 812 44 768 748 726 641 621 1183 85 59 600 1162 135 75 54 578 43 535 51 67 1027 907 876 686 190 663 43 626 484 278 63
internal_count=2216 2154 62 2128 2039 89 2016 833 812 44 768 748 726 641 621 1183 85 59 600 1162 135 75 54 578 43 535 51 67 1027 907 876 686 190 663 43 626 484 278 63
is_linear=0
shrinkage=0.05


Tree=189
num_leaves=40
num_cat=0
split_feature=30 21 22 29 23 6 3 5 30 5 9 30 24 8 30 8 15 27 7 7 15 4 3 4 29 30 27 29 3 15 6 17 29 16 29 7 5 9 6
split_gain=4807.03 2324.88 3548.49 1970.06 1988.84 1608.46 1864.68 1363.99 4311.41 3440.75 9075.98 2015.87 1644.82 14911.5 1368.55 1069.66 979.861 931.448 5779.97 744.319 861.581 822.146 658.518 2469.69 647.474 1132.19 623.118 1752.37 1223.14 687.676 686.941 615.199 586.583 671.773 555.471 554.848 662.927 529.281 518.58
threshold=-2.4608415365219112 -1.6710991859436033 -1.6503179669380186 1.3590816259384157 -1.0026875138282774 2.9755042791366582 2.5976400375366215 0.93583095073699962 1.0098809599876406 0.700014889240265 -0.09692582860589026 0.66947606205940258 1.3891622424125674 1.4510754346847536 -0.031917804852128022 1.1794789433479311 1.0086923837661745 -1.1976896524429319 -0.57883545756340016 1.4077270030975344 0.98048642277717601 -0.86259660124778736 -0.82257151603698719 1.8163871169090273 0.37714722752571112 0.45650899410247808 -0.55673480033874501 -0.08719931915402411 -0.25345492362976069 1.7172574996948244 1.5763595104217532 1.942263722419739 0.70453321933746349 -0.77888181805610646 -0.091077558696269975 -0.17776853591203687 2.0232050418853764 -0.51890775561332692 -0.35183690488338465
decision_type=2 2 2 2 2 2 2 2 2 2 2 2 2 2 2 2 2 2 2 2 2 2 2 2 2 2 2 2 2 2 2 2 2 2 2 2 2 2 2
left_child=-1 -2 -3 5 -5 6 7 8 9 12 -11 16 13 15 -14 17 34 18 -4 20 -16 -21 23 24 -19 38 27 -24 -29 30 32 -23 -28 -34 35 -9 -37 -7 -26
right_child=1 2 3 4 -6 37 -8 11 -10 10 -12 -13 14 -15 19 -17 -18 22 -20 21 -22 31 26 -25 25 -27 29 28 -30 -31 -32 -33 33 -35 -36 36 -38 -39 -40
leaf_value=0.6758634365521945 -0.46912381792510005 0.57833440166253314 0.81302780610593883 -0.031730773043015907 -0.64705442623235288 -0.063288760259747501 0.4182999855942196 0.22225269798655065 0.57280382413197972 -0.19938998711109163 1.2296292747557165 -0.59244563221931468 -0.54516448768831438 1.2439710152645906 -0.51143479928374291 -0.28142406054668956 -0.36285003089904788 -0.019125670438858274 -0.26996964838887966 0.23766971113889115 -0.057998308810320767 0.019663305344680946 0.012383406499729438 0.52555547604958219 0.25519503617659212 0.44822209991869477 0.010701730147164037 -0.087594316320286858 -0.53836022554075025 -0.3031843104532787 -0.23922895137220623 -0.33834000676870346 0.050688166096806535 -0.32872094703572141 -0.11965279197725265 -0.15920500259210424 0.15009460856517157 -0.38572616720838204 -0.039417028603917464
leaf_weight=26 27 26 22 29 24 20 27 32 34 25 20 20 21 24 20 36 25 437 28 23 22 30 85 24 20 21 629 27 34 21 32 20 20 28 92 41 30 35 59
leaf_count=26 27 26 22 29 24 20 27 32 34 25 20 20 21 24 20 36 25 437 28 23 22 30 85 24 20 21 629 27 34 21 32 20 20 28 92 41 30 35 59
internal_value=8.17723e-10 -0.00802395 -0.00226819 -0.00933215 -0.310368 -0.00167625 0.00555589 -1.05938e-05 0.0152211 0.00425009 0.43573 -0.111836 -0.00728679 0.00736906 -0.173997 -0.0121178 -0.0681445 -0.00559792 0.206549 -0.106219 -0.27392 -0.00973284 -0.0129795 0.0293162 0.00713788 0.12191 -0.0400661 -0.134361 -0.338841 -0.0212072 -0.0128552 -0.123538 -0.00215515 -0.170634 -0.0303617 0.0493934 -0.028515 -0.268476 0.0351683
internal_weight=2216 2190 2163 2137 53 2084 2029 2002 1762 1728 45 240 1683 1547 136 1523 220 1487 50 115 42 73 1437 561 537 100 876 146 61 730 709 50 677 48 195 103 71 55 79
internal_count=2216 2190 2163 2137 53 2084 2029 2002 1762 1728 45 240 1683 1547 136 1523 220 1487 50 115 42 73 1437 561 537 100 876 146 61 730 709 50 677 48 195 103 71 55 79
is_linear=0
shrinkage=0.05


Tree=190
num_leaves=40
num_cat=0
split_feature=12 29 30 13 27 4 5 3 5 30 15 5 24 13 30 27 28 8 13 7 22 16 9 3 28 7 19 25 21 0 30 5 21 16 29 5 15 30 6
split_gain=4764.22 19747.4 10006.4 4667.2 2773.59 2215.11 1704.35 1538.98 1212.87 6889.73 5230.1 4210.82 4078.28 2169.01 1821.05 1171.74 1022.56 944.608 1246.25 1737.98 937.743 994.412 745.896 682.976 667.685 1223.89 661.169 3436.66 2260.97 1240.86 788.047 604.672 2707.7 767.973 797.71 603.844 698.011 800.374 602.411
threshold=-1.2811323404312132 2.3943476676940922 -2.4608415365219112 -1.2564845085144041 -1.9917369484901426 0.1197384111583233 3.5429087877273564 2.6286451816558842 -0.35460707545280451 1.0098809599876406 1.8629074692726137 -0.3327722549438476 1.5304850935935976 0.88261732459068309 0.9120679795742036 -1.4676042199134824 -0.7546834647655486 1.1315546631813052 1.7659478187561037 1.6315463185310366 -1.0179220438003538 -0.79089617729187001 1.3067128062248232 0.40040905773639685 -0.59432670474052418 -0.30974212288856501 0.19644626975059512 0.26106895506381994 0.11792098730802537 -0.68849384784698475 0.38225501775741583 0.82119813561439525 -0.15535405278205869 -0.47886282205581659 0.12923164665699008 0.45000614225864416 -0.2206541299819946 0.22169938683509829 2.872025847434998
decision_type=2 2 2 2 2 2 2 2 2 2 2 2 2 2 2 2 2 2 2 2 2 2 2 2 2 2 2 2 2 2 2 2 2 2 2 2 2 2 2
left_child=2 3 -1 -2 -5 15 7 8 14 10 11 -10 13 16 17 -4 20 38 19 22 23 -22 -19 -13 25 -18 28 -28 31 -29 -31 33 -33 34 -26 36 -35 -38 -6
right_child=1 -3 5 4 6 -7 -8 -9 9 -11 -12 12 -14 -15 -16 -17 24 18 -20 -21 21 -23 -24 -25 26 -27 27 29 -30 30 -32 32 -34 35 -36 -37 37 -39 -40
leaf_value=-1.2175656096388898 0.72645889466459102 1.5080280931835826 -0.5473797484487295 -0.59163200229406365 -0.014351719757091527 0.31591719804474944 0.45936095416545869 -0.42039397087964148 0.68001990575682036 0.96374040216207502 0.6715144520998001 0.084729342679271402 0.55915835155495286 -0.28760047057961546 -0.46334761554996179 -0.10046995104713874 -0.024924329640688719 -0.33906555368254582 0.021239438715080421 -0.67035434302829566 -0.58150130425180702 -0.10047776665199887 0.037761742595968574 -0.25916642031039705 0.34898788286373023 0.49112807631492617 0.66964053723606332 0.35836722197986787 -0.54143280227753254 -0.10678684554824776 0.15161268404243811 -0.10457634201103992 0.58548984555971051 -0.24877020410801234 -0.0586756420135498 -0.37949159994721415 0.16802080065796252 -0.19200028398862254 0.19116496838427879
leaf_weight=24 22 22 20 20 982 26 20 22 22 20 30 42 29 82 24 55 27 24 60 21 21 22 29 22 20 20 21 21 22 132 38 44 21 38 30 20 38 26 37
leaf_count=24 22 22 20 20 982 26 20 22 22 20 30 42 29 82 24 55 27 24 60 21 21 22 29 22 20 20 21 21 22 132 38 44 21 38 30 20 38 26 37
internal_value=-1.64957e-12 0.017925 -0.299849 0.0020805 -0.00570471 -0.0817782 7.65151e-05 -0.00450031 0.00010909 0.0472806 0.0240202 -0.00160622 -0.0219809 -0.0458183 -0.0322737 -0.219646 -0.0140965 -0.0233008 -0.148101 -0.285404 -0.154814 -0.335396 -0.132877 -0.0334848 0.0149706 0.194672 -0.00296145 0.0625169 -0.0565576 -0.00423492 -0.049027 -0.0115481 0.118368 -0.0606444 0.10439 -0.128281 -0.0790244 0.0217622 -0.00688939
internal_weight=2216 2091 125 2069 2047 101 2027 2007 1985 808 788 758 736 707 1177 75 625 1153 134 74 107 43 53 64 518 47 471 212 259 191 170 237 65 172 50 122 102 64 1019
internal_count=2216 2091 125 2069 2047 101 2027 2007 1985 808 788 758 736 707 1177 75 625 1153 134 74 107 43 53 64 518 47 471 212 259 191 170 237 65 172 50 122 102 64 1019
is_linear=0
shrinkage=0.05


Tree=191
num_leaves=40
num_cat=0
split_feature=30 29 21 19 5 33 30 31 30 11 24 18 29 13 7 11 15 23 6 3 16 18 28 20 4 13 6 28 30 29 3 0 33 23 13 24 28 17 5
split_gain=5046.09 2498.98 2778.41 5347.08 1569.65 1560.93 12458 7954.21 4882.57 4397.95 4576.83 2774.02 6695.51 2080.61 7075.49 1608.44 1950.85 3410.37 1031.47 1002.85 1145.84 876.128 797.746 1440.7 3866.05 913.493 904.805 1115.59 3079.12 1099.54 1012.02 829.709 690.81 604.276 880.03 593.463 589.779 3579.97 907.883
threshold=-2.4608415365219112 2.6909836530685429 -1.6710991859436033 -1.5992504954338072 3.5429087877273564 -0.04748056270182132 1.0098809599876406 0.54671311378479015 1.158700227737427 1.4057140946388247 1.0651214122772219 -1.0717446804046629 -0.18841985613107678 0.90714541077613842 1.0559886097908022 0.39466437697410589 0.59002515673637401 0.013388273771852257 1.5763595104217532 -0.62551662325859059 1.8878852128982546 0.70724195241928112 0.27924722433090216 -0.10507600754499434 0.34226986765861517 0.0045669390819966802 -0.40138995647430414 -0.44768442213535303 0.098575331270694747 -0.82431119680404652 0.36389189958572393 0.91826033592224132 -0.047479555010795586 1.9635235071182253 1.374600410461426 1.0874307155609133 0.4660057276487351 0.393465206027031 -0.3808088600635528
decision_type=2 2 2 2 2 2 2 2 2 2 2 2 2 2 2 2 2 2 2 2 2 2 2 2 2 2 2 2 2 2 2 2 2 2 2 2 2 2 2
left_child=-1 2 -2 -4 5 6 7 11 9 10 15 12 -5 14 36 16 18 -18 22 33 21 -21 23 26 -25 -26 29 30 -29 -7 -28 -24 -17 34 35 -15 38 -38 -13
right_child=1 -3 3 4 -6 8 -8 -9 -10 -11 -12 13 -14 19 -16 32 17 -19 -20 20 -22 -23 31 24 25 -27 27 28 -30 -31 -32 -33 -34 -35 -36 -37 37 -39 -40
leaf_value=0.69246552426081442 -0.53758562173073488 -0.5156235162314261 0.79732027820178442 -0.19791793868289856 0.43639284700155256 0.28224145259175981 1.2703211045265199 0.99783702634274973 -0.80658771012510577 -0.75257134664626357 0.72733908355236054 0.00083987509598955519 1.0529663402587175 -0.15182386517524721 0.94255346454679967 -0.46720412265509365 -0.1559342170134187 0.56823976507058016 -0.20313863714225588 -0.42725766959289713 -0.54995067105801021 -0.067132678810964561 -0.24934774505567148 0.7709843363274228 -0.23889568090438842 0.20286828960207376 -0.080211760089510975 -0.072012331972227381 0.64318717083445298 -0.091384133403602102 0.29274687360633506 0.032906237333406543 -0.14922280668671059 0.11965647743028754 -0.31203700445200266 0.17454852312803271 0.49079852584086786 -0.029155715221547647 -0.15337377828614349
leaf_weight=26 24 24 21 23 20 21 20 20 21 21 20 320 20 30 20 20 29 37 80 24 27 57 66 22 25 22 105 34 27 316 22 43 117 34 38 26 39 219 136
leaf_count=26 24 24 21 23 20 21 20 20 21 21 20 320 20 30 20 20 29 37 80 24 27 57 66 22 25 22 105 34 27 316 22 43 117 34 38 26 39 219 136
internal_value=7.5017e-10 -0.00822105 -0.00259886 0.00339539 -0.00446526 -0.00866191 0.0343328 0.0104027 -0.0518618 -0.0364292 -0.0214799 -0.0090925 0.383889 -0.0265133 0.0150096 -0.0366689 -0.0110158 0.250042 -0.0330207 -0.155657 -0.267865 -0.173836 -0.0136616 0.00915468 0.223947 -0.0321125 -0.0190752 0.0688076 0.244551 -0.0681018 -0.0156048 -0.138 -0.195643 -0.0609808 -0.126318 -0.000293828 -0.010972 0.049442 -0.0451537
internal_weight=2216 2190 2166 2142 2121 2101 1053 1033 1048 1027 1006 1013 43 970 734 986 849 66 783 236 108 81 703 594 69 47 525 188 61 337 127 109 137 128 94 56 714 258 456
internal_count=2216 2190 2166 2142 2121 2101 1053 1033 1048 1027 1006 1013 43 970 734 986 849 66 783 236 108 81 703 594 69 47 525 188 61 337 127 109 137 128 94 56 714 258 456
is_linear=0
shrinkage=0.05


Tree=192
num_leaves=40
num_cat=0
split_feature=15 20 11 11 30 8 22 21 29 3 0 24 30 30 7 30 30 27 3 11 3 8 6 15 21 9 10 7 7 14 4 16 18 8 30 5 27 5 5
split_gain=4653.94 6360.99 2032.96 4492.32 10533.4 2136.76 1571.51 13185.7 5600.4 15529.4 4521.28 2402.9 6726.45 3204.58 2894 1758 1543.8 1479.62 5774.21 1432.45 1719.44 1113.91 964.52 930.349 1973.91 886.465 812.377 764.096 1349.55 780.074 2329.81 742.38 1075.36 740.272 737.18 820.747 713.76 698.184 705.693
threshold=-1.584319472312927 -1.6137911677360532 -1.2946693301200864 -1.1931517720222471 -0.35410177707672114 -1.0783468484878538 0.58130306005477916 0.55133631825447094 -0.54682469367980946 -0.31615421175956721 2.7512800693511967 0.036010738462209708 0.78961768746376049 0.6492697298526765 0.36879800260066992 0.86204820871353161 -0.5347447097301482 -1.1976896524429319 0.11722877249121667 0.92895847558975231 0.92474040389060985 -1.0384363532066343 1.3081901073455813 0.50460931658744823 0.48020079731941229 -0.56202164292335499 -1.1261851787567136 0.14599382877349856 0.066638432443141951 -0.10403063148260115 0.29309165477752691 0.093140266835689559 0.0089195785112679022 1.3476914763450625 0.44639869034290319 -0.36115752160549158 -0.54561036825180043 0.56573072075843822 1.3070229887962344
decision_type=2 2 2 2 2 2 2 2 2 2 2 2 2 2 2 2 2 2 2 2 2 2 2 2 2 2 2 2 2 2 2 2 2 2 2 2 2 2 2
left_child=-1 -2 16 4 -4 26 7 10 9 -8 11 12 14 23 17 19 -3 18 -7 -10 34 -19 27 24 33 -24 -5 28 29 31 -31 32 -23 37 35 -21 -25 -13 -39
right_child=1 2 3 5 -6 6 8 -9 15 -11 -12 13 -14 -15 -16 -17 -18 21 -20 20 -22 22 25 36 -26 -27 -28 -29 -30 30 -32 -33 -34 -35 -36 -37 -38 38 -40
leaf_value=0.54136769353197178 -0.70944665037095556 -0.65556849249638616 1.3700083628296853 -0.1089958390116226 -0.061133607394165471 -0.17613474408100394 -0.32197705617657418 1.0225459914527495 -0.0251208644197249 1.5162504141032696 0.75714123442769055 -0.038642588146747307 0.83835448359067632 -0.5715486828124885 0.58859026498076594 -0.5574798251901355 -0.084550940425231536 0.34256992827762262 0.9281985142827035 -0.097495785949286082 -0.50415961347721727 -0.012221510010015852 -0.028392609330610587 -0.48130789309740063 0.4565899133495987 -0.44979168192173047 -0.43639265598936217 -0.22517409185702736 0.37642571789522972 0.56387342907784677 -0.15584200424668582 -0.16077406795028551 0.36126553237438208 0.23822377368807796 0.06000038570724428 -0.37970993216884769 -0.11975897386843382 -0.46451015224059422 -0.095863605334478269
leaf_weight=39 32 20 20 40 36 29 27 33 317 20 20 234 26 33 22 21 29 22 20 80 37 530 26 20 20 24 36 37 24 22 23 81 20 20 40 38 43 21 34
leaf_count=39 32 20 20 40 36 29 27 33 317 20 20 234 26 33 22 21 29 22 20 80 37 530 26 20 20 24 36 37 24 22 23 81 20 20 40 38 43 21 34
internal_value=4.42462e-10 -0.00969836 0.000740771 0.00818335 0.449989 -0.00394464 0.00612165 0.0350753 -0.0629677 0.460247 0.010955 -0.000257428 0.0457554 -0.098346 0.0223377 -0.109105 -0.317619 0.00781845 0.274614 -0.0907145 -0.197346 -0.00834096 -0.0181504 -0.0585101 -0.0248029 -0.230664 -0.264079 -0.00373292 0.00797182 -0.00510938 0.196019 -0.0194529 0.00135984 -0.0559611 -0.125498 -0.188378 -0.234536 -0.0763199 -0.23662
internal_weight=2216 2177 2145 2096 56 2040 1964 1384 580 47 1351 1331 906 425 880 533 49 858 49 512 195 809 787 392 329 50 76 737 700 676 45 631 550 309 158 118 63 289 55
internal_count=2216 2177 2145 2096 56 2040 1964 1384 580 47 1351 1331 906 425 880 533 49 858 49 512 195 809 787 392 329 50 76 737 700 676 45 631 550 309 158 118 63 289 55
is_linear=0
shrinkage=0.05


Tree=193
num_leaves=40
num_cat=0
split_feature=12 11 30 29 12 4 28 18 28 24 27 27 0 7 11 13 24 3 30 29 15 11 8 15 24 27 30 30 29 29 7 24 29 6 29 3 30 30 29
split_gain=4539.9 39327.9 10086.1 3448.37 3506.55 2911.08 2362.86 1973.5 1488.39 7149.41 2075.6 12981.6 2949.59 2757.24 3516.01 8878.49 19784.3 2202.48 1579.11 1459.05 1100.62 1039.79 974.599 1109.84 884.547 860.183 9348.94 4847.26 831.801 813.715 809.319 876.43 676.472 568.083 478.277 454.918 440.964 542.935 392.534
threshold=-1.2547538876533506 -1.1931517720222471 -2.4608415365219112 1.6874600648880007 -1.1979180574417112 0.51193472743034374 -1.3693305850028989 -1.4034081101417539 -1.2250468134880064 -0.23522467166185376 -0.77732670307159413 -0.75597417354583729 0.63082250952720653 2.1604351997375493 1.0393704771995547 0.89478415250778209 0.96208506822586071 2.6286451816558842 0.5358838438987733 -0.49694004654884333 1.8295560479164126 1.6160847544670107 1.3023713231086733 0.91597193479537975 -1.3118473291397093 -0.58386245369911183 0.30412857234478002 1.0098809599876406 -0.57701632380485524 0.66201218962669384 1.7590475678443911 0.074897021055221571 0.063669886440038695 2.872025847434998 1.1304740905761721 -0.25345492362976069 -0.31357385218143458 -0.28542430698871607 0.24387346208095553
decision_type=2 2 2 2 2 2 2 2 2 2 2 2 2 2 2 2 2 2 2 2 2 2 2 2 2 2 2 2 2 2 2 2 2 2 2 2 2 2 2
left_child=2 -2 -1 4 -3 6 -4 28 9 -9 12 -12 18 14 15 17 -17 20 30 -16 25 22 23 -21 29 26 32 33 -6 -8 31 -10 -13 34 36 -23 -27 -38 -39
right_child=1 3 5 -5 7 -7 24 8 10 -11 11 13 -14 -15 19 16 -18 -19 -20 21 -22 35 -24 -25 -26 27 -28 -29 -30 -31 -32 -33 -34 -35 -36 -37 37 38 -40
leaf_value=-1.2075249811013542 2.2252788218855861 0.66298549193888912 -0.60436021158328423 -0.61148740260497392 -0.57805532045662411 0.4663032911717892 -0.094879733127626514 1.0137055835127831 -0.1183978684766348 -0.17766659180907643 1.1017297687353913 -0.0037071621208860164 -0.64733357429504401 0.55291916111653505 -0.62493802067779358 1.8924589076638221 -0.041774552840835012 -0.5199854044687181 -0.49223601907491688 -0.3965884699271276 -0.3726148245483637 -0.13180638156831265 -0.48644757731394334 0.03467730598790305 -0.33260638769716028 -0.093904883604467151 1.1096629995107652 -0.66070228857653479 -0.12203970540314912 0.30929769873386248 -0.25210106468626431 0.18059239284903336 -0.32014933110525212 0.2122469355701469 0.22489404613557074 0.20543169442564252 0.22214429681854592 0.016530232246027048 -0.052292462494493291
leaf_weight=24 20 20 26 23 20 20 33 20 43 34 27 57 27 22 21 20 39 21 20 26 20 20 33 35 20 126 20 28 20 20 28 57 24 32 23 20 28 822 277
leaf_count=24 20 20 26 23 20 20 33 20 43 34 27 57 27 22 21 20 39 21 20 26 20 20 33 35 20 126 20 28 20 20 28 57 24 32 23 20 28 822 277
internal_value=8.41994e-10 0.0187965 -0.272483 -0.00269872 0.00419889 -0.0839034 -0.195056 -0.0023562 0.00470352 0.263582 -0.00259265 0.0139066 -0.166737 -0.00322948 -0.0104607 0.0124281 0.613898 -0.0115818 -0.0790601 -0.237429 -0.00425413 -0.1767 -0.267557 -0.149141 -0.0492768 0.000872674 0.141568 -0.00976372 -0.350048 0.0576401 -0.0145013 0.0520266 -0.0974678 0.00417074 -0.00104747 0.0368127 -0.00519484 0.00472305 -0.000816343
internal_weight=2216 2073 143 2053 2030 119 99 2010 1970 54 1916 1741 175 1714 1692 1537 59 1478 148 155 1457 134 94 61 73 1437 101 1336 40 53 128 100 81 1308 1276 40 1253 1127 1099
internal_count=2216 2073 143 2053 2030 119 99 2010 1970 54 1916 1741 175 1714 1692 1537 59 1478 148 155 1457 134 94 61 73 1437 101 1336 40 53 128 100 81 1308 1276 40 1253 1127 1099
is_linear=0
shrinkage=0.05


Tree=194
num_leaves=40
num_cat=0
split_feature=30 30 6 18 24 11 7 27 20 27 30 30 5 5 29 0 33 8 6 29 31 0 13 15 20 6 10 21 9 9 5 9 8 27 27 33 9 27 30
split_gain=4957.68 2444.12 3656.85 3337.18 2136.87 1345.55 7941.59 3470.86 17829.8 5884.18 3539.02 2986.55 2878.31 12551.1 2053.58 2010.26 1677.27 1532.48 1166.29 949.23 875.057 783.813 660.626 576.752 518.072 428.383 397.05 851.417 411.221 803.878 1110.01 671.169 585.079 732.953 1596.99 3463.96 2089.58 827.389 1010.51
threshold=-2.4608415365219112 -0.95633739233016957 4.6428182125091562 -1.5910865664482114 -1.4537886977195738 1.6160847544670107 1.6315463185310366 -0.58386245369911183 0.39998349547386175 -0.61005219817161549 1.158700227737427 0.6492697298526765 -0.32403832674026484 -0.39390975236892695 -0.0086820246651768667 2.798500776290894 -0.047483431175351136 1.2154778838157656 2.872025847434998 -0.49694004654884333 0.2944366335868836 0.75119936466217052 1.8765745759010317 1.7172574996948244 -0.47440187633037562 -0.22066709399223325 -1.2105705142021177 -1.4578494429588316 0.53685480356216442 0.39516223967075353 -0.08385527133941649 0.45686323940753942 0.4481081515550614 1.0000000180025095e-35 -0.099173549562692628 -0.047479555010795586 0.24428016692399981 0.36348617076873785 -0.068619821220636354
decision_type=2 2 2 2 2 2 2 2 2 2 2 2 2 2 2 2 2 2 2 2 2 2 2 2 2 2 2 2 2 2 2 2 2 2 2 2 2 2 2
left_child=-1 20 3 4 -3 6 7 8 9 11 15 12 13 25 21 17 19 18 26 -7 -2 24 -21 -24 -14 -5 27 -9 29 32 31 -31 33 34 36 -36 -28 38 -35
right_child=1 2 -4 5 -6 16 -8 10 -10 -11 -12 -13 14 -15 -16 -17 -18 -19 -20 22 -22 -23 23 -25 -26 -27 28 -29 -30 30 -32 -33 -34 37 35 -37 -38 -39 -40
leaf_value=0.68637257539308993 -0.16698866736504339 -0.03100281098857522 0.67317327851429587 0.064550013727025152 -0.7128882862903454 -0.37979379057884222 0.89869768297672281 0.085582188800686895 1.2487652685606119 0.84095213792863355 -0.60930040220801651 -0.57203479849773908 -0.083139024488627922 1.235496410727501 -0.51583729884587226 -0.50686309018305375 -0.56574443521953766 -0.32777995810304822 0.34707076970649808 0.25406706620007757 -0.57403159964343775 -0.29114949081255043 0.050884646440253534 -0.27330470136974172 0.21425642856845151 -0.10229085711638133 -0.030826536303122095 -0.33891061167750092 -0.068236276635281964 0.24604990563931919 0.45342705321052801 -0.12788442703230041 -0.26695813526000295 -0.25538226285204296 -0.12008608712090388 0.64891219525597998 0.46686350359864859 0.0099079968844843248 -0.036936237926387956
leaf_weight=26 31 20 20 79 27 20 25 21 33 21 26 23 32 23 32 21 21 38 23 20 23 23 34 23 27 75 254 27 229 21 23 28 21 75 27 32 23 489 180
leaf_count=26 31 20 20 79 27 20 25 21 33 21 26 23 32 23 32 21 21 38 23 20 23 23 34 23 27 75 254 27 229 21 23 28 21 75 27 32 23 489 180
internal_value=1.19811e-09 -0.00814871 0.000249855 -0.00611048 -0.422724 0.00335344 0.0132698 0.0017767 0.139885 0.0306522 -0.0308446 -0.0235398 0.019812 0.146012 -0.176129 -0.0210274 -0.160603 -0.0142752 -0.00618754 -0.0728914 -0.340359 -0.0435605 0.00682352 -0.0799286 0.0529572 -0.0167037 -0.011791 -0.153195 -0.00694973 0.005015 0.166876 0.0323731 -0.00556995 -0.000487404 0.0608059 0.296998 0.0104979 -0.0281683 -0.101185
internal_weight=2216 2190 2136 2116 47 2069 1951 1926 368 335 1558 314 291 177 114 1532 118 1511 1473 97 54 82 77 57 59 154 1450 48 1402 1173 72 49 1101 1080 336 59 277 744 255
internal_count=2216 2190 2136 2116 47 2069 1951 1926 368 335 1558 314 291 177 114 1532 118 1511 1473 97 54 82 77 57 59 154 1450 48 1402 1173 72 49 1101 1080 336 59 277 744 255
is_linear=0
shrinkage=0.05


Tree=195
num_leaves=40
num_cat=0
split_feature=28 30 7 30 30 30 4 14 10 23 23 27 28 4 33 0 25 27 29 29 6 15 29 27 30 22 8 30 27 6 31 17 27 33 0 0 27 28 17
split_gain=4762.73 11470 4939.91 4082.1 1805.26 1585.19 1447.29 6224.7 18440.4 3607.3 17305 2579.28 9629.59 3628.04 1827.44 1778.57 1537.9 2317.1 1168.13 1287.66 1189.98 1038.03 968.098 1040.24 886.949 859.539 882.813 823.983 1070.33 1231.03 796.306 794.654 767.477 4237.88 898.776 1190.72 819.591 744.684 713.038
threshold=-1.5452485680580137 -0.18787831068038938 -1.3164669871330259 -2.4608415365219112 -1.3757219314575193 1.2409112453460696 0.55250677466392528 1.4663060307502749 1.7403540611267092 1.168053984642029 1.0580972433090212 -0.44540180265903467 -0.13057799637317655 0.73200729489326488 -0.047483224421739571 2.798500776290894 -1.5918665528297422 -1.1976896524429319 -0.52172148227691639 -0.41411091387271876 2.3750380277633671 1.8295560479164126 0.70453321933746349 -0.41882969439029688 -0.0406404361128807 -0.16780506819486615 -1.1882048845291135 -0.017276935279369351 0.60454520583152782 0.024183240719139579 0.75820124149322521 0.8474506437778474 -0.088992696255445466 -0.047474030405282967 -0.49048908054828638 -0.65433043241500843 -0.3254187256097793 -0.7005552053451537 1.4656423330307009
decision_type=2 2 2 2 2 2 2 2 2 2 2 2 2 2 2 2 2 2 2 2 2 2 2 2 2 2 2 2 2 2 2 2 2 2 2 2 2 2 2
left_child=1 -1 3 -2 -4 6 9 11 -9 10 16 12 13 -8 24 18 -6 -18 -13 -20 27 22 23 -19 -11 26 -24 -21 -29 -30 -15 -26 33 34 35 36 -25 -28 -33
right_child=2 -3 4 -5 5 -7 7 8 -10 14 -12 15 -14 30 -16 -17 17 21 19 20 -22 -23 25 32 31 -27 37 28 29 -31 -32 38 -34 -35 -36 -37 -38 -39 -40
leaf_value=1.4016249245405197 -0.9877471766688608 -0.20484898447990418 0.43437436800450091 -0.16526093312228721 -0.45348973217464633 0.44122271947562697 0.54820828624069695 1.7472097027301789 -0.35053944570774381 -0.43636478108578719 1.3256977955500284 -0.28862168839615254 1.2198443275690078 0.016434049956938802 -0.6917522631230808 -0.44631190512042784 0.38517403041615206 -0.095908030851753964 0.39020311548596337 -0.11313919868191769 -0.34511032778024675 -0.3735396744175391 -0.34995370917022228 0.28314968222833198 -0.35984236857405416 -0.35248742315918213 0.25497620533341947 -0.0043137259726976828 0.46691700450835694 0.0051161197566047863 -0.31462053523566103 0.12779436771045713 -0.011388750692875059 0.77256705363591516 -0.10549310206984863 0.46621079728007314 -0.073263063902656231 -0.11801493791863323 -0.17279968496332779
leaf_weight=20 22 25 24 48 21 20 24 20 22 29 24 36 20 34 21 26 34 284 21 87 25 22 20 23 27 40 23 137 31 27 39 34 654 21 78 20 54 32 47
leaf_count=20 22 25 24 48 21 20 24 20 22 29 24 36 20 34 21 26 34 284 21 87 25 22 20 23 27 40 23 137 31 27 39 34 654 21 78 20 54 32 47
internal_value=-1.44694e-09 0.509139 -0.0105533 -0.423757 0.00321356 -0.00176856 -0.00607572 0.063434 0.648389 -0.0313813 -0.00492542 0.0149762 0.220876 0.0149026 -0.257428 -0.0467936 -0.0290091 -0.0221784 -0.0182566 0.0114176 -0.0144928 -0.0330753 -0.0270783 -0.0130602 -0.190853 -0.16531 -0.0654813 0.0148173 0.0719055 0.251941 -0.160431 -0.124929 0.0146208 0.101408 0.0208685 0.122479 0.0331979 0.0379632 -0.0466244
internal_weight=2216 45 2171 70 2101 2077 2057 549 42 1508 1350 507 117 97 158 390 1326 1305 364 328 307 1271 1249 1134 137 115 75 282 195 58 73 108 850 196 175 97 77 55 81
internal_count=2216 45 2171 70 2101 2077 2057 549 42 1508 1350 507 117 97 158 390 1326 1305 364 328 307 1271 1249 1134 137 115 75 282 195 58 73 108 850 196 175 97 77 55 81
is_linear=0
shrinkage=0.05


Tree=196
num_leaves=40
num_cat=0
split_feature=15 20 18 15 29 28 5 30 9 12 14 24 0 12 5 33 0 3 5 8 29 16 33 25 10 9 14 9 5 8 29 3 20 30 29 30 6 6 3
split_gain=5017.86 5304.79 1928.2 7752.66 5374.48 1885.22 1725.5 7866.06 6544.68 18441.7 2718.86 8971.79 2012.49 1782.65 1509.92 1401.48 2384.74 1295.35 1270.83 1104.71 1007.19 836.498 758.868 626.087 762.731 2746.11 725.541 602.689 589.801 935.612 617.461 577.018 623.897 559.234 547.403 537.987 622.419 2016.23 534.685
threshold=-1.584319472312927 -1.6251678466796873 -1.2136644124984739 -1.1636229157447813 2.0162298083305363 -1.2250468134880064 -0.308753952383995 0.95535138249397289 1.2217946052551272 1.5995755791664126 0.92901721596717846 0.85250473022460949 0.34767746925354009 1.019953787326813 2.941359400749207 -0.04742735251784324 0.17274641245603564 -0.22589479386806485 -0.4048271626234054 -1.0899614691734312 -0.52772429585456837 1.0954753160476687 -0.047486113384366029 0.83879441022872936 -0.037270799279212945 -0.09692582860589026 -0.12254343926906584 0.44274401664733892 -0.36552448570728296 -0.28620357811450953 1.0458561778068545 1.2217007875442507 0.26493990421295172 0.50587067008018505 -0.075012195855379091 0.45650899410247808 3.2509608268737797 2.3458890914916997 0.76351371407508861
decision_type=2 2 2 2 2 2 2 2 2 2 2 2 2 2 2 2 2 2 2 2 2 2 2 2 2 2 2 2 2 2 2 2 2 2 2 2 2 2 2
left_child=-1 -2 4 -4 15 -5 13 8 10 -10 11 14 -12 19 21 17 -17 -3 20 -7 -15 22 -8 24 25 26 38 31 30 -30 33 32 -26 35 -19 36 37 -21 -24
right_child=1 2 3 5 -6 6 7 -9 9 -11 12 -13 -14 18 -16 16 -18 34 -20 28 -22 -23 23 -25 27 -27 -28 -29 29 -31 -32 -33 -34 -35 -36 -37 -38 -39 -40
leaf_value=0.56213572931786382 -0.74932066897551231 -0.038499313615041206 0.96925440473215918 0.35677110663539657 -0.90441991488138829 -0.33825552291595024 0.2281396782398224 0.96629136645275615 1.3928924922380717 -0.26037330248871365 -0.09537206879550858 1.0483726577460766 -0.73441639847376139 -0.46101568696044737 -0.44505947657993866 0.58922230452299118 -0.14328522002696992 -0.20256373385588328 -0.55848917691480549 -0.00316998675648505 -0.085667488249018792 -0.24276082372745955 -0.11135025773653572 0.26087200438603758 -0.39079697813838721 0.50441728059064461 0.22593738344999462 0.02293484842960249 -0.43958328843116762 0.019233403980731964 0.27549177937209607 -0.011885036279757817 -0.10388281487135426 -0.11324783100456633 -0.55674814030528075 0.26507932141423229 -0.24821803585315744 0.50572247851639984 0.042346688388320418
leaf_weight=39 24 101 21 37 21 26 35 23 31 37 28 20 22 21 21 20 25 24 21 726 120 37 147 20 40 27 26 57 20 25 20 36 36 106 20 20 24 20 92
leaf_count=39 24 101 21 37 21 26 35 23 31 37 28 20 22 21 21 20 25 24 21 726 120 37 147 20 40 27 26 57 20 25 20 36 36 106 20 20 24 20 92
internal_value=-3.35896e-10 -0.0100704 -0.00182982 0.0137672 -0.145381 0.00332196 -0.00361945 0.0562084 0.0268096 0.493321 -0.0224494 0.00735723 -0.376552 -0.0418905 -0.0289151 -0.0614874 0.182274 -0.137137 -0.195615 -0.0166591 -0.14157 -0.0131121 0.00335492 -0.0130016 -0.0248833 0.0240447 -0.0248989 -0.109422 -0.00795824 -0.184685 0.000723754 -0.176781 -0.25489 -0.00540946 -0.363557 0.00905999 0.00241014 0.0104732 -0.0521866
internal_weight=2216 2177 2153 1942 211 1921 1884 735 712 68 644 594 50 1149 574 190 45 145 162 987 141 553 516 481 461 292 265 169 961 45 916 112 76 896 44 790 770 746 239
internal_count=2216 2177 2153 1942 211 1921 1884 735 712 68 644 594 50 1149 574 190 45 145 162 987 141 553 516 481 461 292 265 169 961 45 916 112 76 896 44 790 770 746 239
is_linear=0
shrinkage=0.05


Tree=197
num_leaves=40
num_cat=0
split_feature=30 30 6 18 24 31 5 5 30 23 27 29 17 29 8 29 27 20 5 3 6 27 31 2 27 33 27 3 7 27 27 30 9 29 0 31 4 4 24
split_gain=4814.32 2351.84 3364.35 2845.2 1903.54 1271.18 1391.02 3890.07 3630.76 3087.83 2102.61 10307.4 2009.76 14875.4 1818.25 1555.91 1451 1494.19 1253.05 1143.74 1064.03 937.594 842.944 689.429 670.396 1005.99 582.827 889.931 688.976 542.419 505.214 501.716 501.091 534.018 479.29 747.019 520.098 636.148 483.17
threshold=-2.4608415365219112 -0.95633739233016957 4.6428182125091562 -1.5910865664482114 -1.4537886977195738 2.8130685091018681 0.73058363795280468 0.63996911048889171 1.0098809599876406 0.9649716615676881 -1.1976896524429319 -0.16954220086336133 1.8931055068969729 -0.3661032766103744 1.3476914763450625 0.36934134364128118 -0.55673480033874501 0.2236004322767258 0.93583095073699962 -0.37196347117424006 2.872025847434998 0.63007193803787243 0.2944366335868836 1.0000000180025095e-35 -0.29657208919525141 -0.047471266239881509 -0.44540180265903467 -0.27481402456760401 1.0434747934341433 -0.75093400478363026 -0.62518873810768116 0.065468162298202529 -1.2198464870452879 1.1304740905761721 0.58968329429626476 1.634161174297333 1.4715248346328738 0.88445979356765758 -0.65101107954978932
decision_type=2 2 2 2 2 2 2 2 2 2 2 2 2 2 2 2 2 2 2 2 2 2 2 2 2 2 2 2 2 2 2 2 2 2 2 2 2 2 2
left_child=-1 22 3 4 -3 6 7 8 10 15 11 -5 16 -14 -11 18 17 23 -8 -19 26 -15 -2 30 25 -20 27 -18 32 -25 -12 -30 -28 34 36 38 37 -34 -36
right_child=1 2 -4 5 -6 -7 9 -9 -10 14 12 -13 13 21 -16 -17 20 19 24 -21 -22 -23 -24 29 -26 -27 28 -29 31 -31 -32 -33 33 -35 35 -37 -38 -39 -40
leaf_value=0.67637556355733142 -0.16374898723536924 -0.020856271609663964 0.64565890848636631 -0.13925251661111479 -0.66443671164689244 0.36461719647049906 0.35919763445854191 0.67573932626030664 0.49669977035876872 -0.83076916677611212 0.023201037630751417 1.2203842280432582 1.4032586288731546 -0.36080085825400826 -0.16463047131896019 -0.28419494263827805 -0.011674058675167284 -0.15744855576439909 -0.062990267311825485 -0.57859618472201491 0.33332321326369829 0.073052874132990844 -0.56325327507827594 -0.35264848994556819 -0.096588518160971859 0.35482402390241624 -0.18169029616728061 0.30972213532243459 -0.36634229654851169 -0.056712429250280062 -0.20905061459967067 -0.073269519079476597 0.0096446311316362374 0.22480835497379303 0.063461784986050235 0.10545028653712228 0.24061020424832469 -0.19004013259407312 -0.18935050926751124
leaf_weight=26 31 20 20 46 27 24 25 22 37 21 143 20 20 33 20 50 56 38 34 28 23 20 23 32 105 25 41 35 23 30 28 40 792 25 23 39 23 42 106
leaf_count=26 31 20 20 46 27 24 25 22 37 21 143 20 20 33 20 50 56 38 34 28 23 20 23 32 105 25 41 35 23 30 28 40 792 25 23 39 23 42 106
internal_value=-3.88505e-10 -0.00803003 0.000208464 -0.0058922 -0.390573 0.00284631 -0.00139941 0.0150253 0.00668581 -0.104934 -0.00394169 0.272759 -0.0150772 0.241367 -0.505823 -0.0361618 -0.0270239 -0.126105 0.0294554 -0.336117 -0.00365998 -0.197082 -0.333908 -0.0666171 -0.0208101 0.11405 -0.00988538 0.11194 -0.019492 -0.209454 -0.0148285 -0.180264 -0.0102082 -0.00351225 -0.00908105 -0.0863034 0.00605706 -0.000411436 -0.144275
internal_weight=2216 2190 2136 2116 47 2069 2045 1765 1743 280 1706 66 1640 73 41 239 1567 299 189 66 1268 53 54 233 164 59 1245 91 1154 62 171 63 1091 1050 1025 168 857 834 129
internal_count=2216 2190 2136 2116 47 2069 2045 1765 1743 280 1706 66 1640 73 41 239 1567 299 189 66 1268 53 54 233 164 59 1245 91 1154 62 171 63 1091 1050 1025 168 857 834 129
is_linear=0
shrinkage=0.05


Tree=198
num_leaves=40
num_cat=0
split_feature=28 6 7 30 30 6 31 30 4 9 10 23 23 9 33 27 28 26 17 20 15 29 29 6 33 20 24 16 0 9 30 6 3 29 7 0 0 3 28
split_gain=4401.34 11041 4685.32 4239.27 1792.4 1337.86 1986.26 1227.94 1333.38 7250.12 16328.4 3131.67 16257.3 2668.65 1922.61 1338.65 4087.1 1203.9 1215.86 4600.58 1061.01 1046.72 1050.77 1019.49 986.572 3934.53 1341.4 1388.08 924.422 837.492 821.55 796.484 783.071 771.323 841.944 715.302 961.728 1858.62 697.032
threshold=-1.5452485680580137 1.112892806529999 -1.3164669871330259 -2.4608415365219112 -1.3757219314575193 2.9478129148483281 2.6957347393035893 1.2409112453460696 0.55250677466392528 1.2217946052551272 1.6993367671966555 1.1383608579635622 1.0408725142478945 -1.0603730678558347 -0.047483224421739571 -1.2386001944541929 -1.2250468134880064 0.97007769346237194 0.38609384000301367 0.42660297453403478 1.8295560479164126 0.45624069869518286 0.38735149800777441 0.7208407223224641 -0.047474030405282967 -0.14573188126087186 -0.70586934685707081 -0.7069265842437743 0.19599900394678119 -0.49795934557914728 -0.050173349678516381 1.739593029022217 -0.16595152020454404 -0.26292714476585383 0.17572047561407092 -1.0678688287734983 -0.65433043241500843 -0.61862659454345692 0.71703562140464794
decision_type=2 2 2 2 2 2 2 2 2 2 2 2 2 2 2 2 2 2 2 2 2 2 2 2 2 2 2 2 2 2 2 2 2 2 2 2 2 2 2
left_child=1 -1 3 -2 -4 6 7 8 11 13 -11 12 15 -10 30 23 -17 18 31 -20 21 22 24 -6 32 26 27 28 -26 -7 -13 33 -18 -15 -35 -23 37 -37 -34
right_child=2 -3 4 -5 5 29 -8 -9 9 10 -12 14 -14 17 -16 16 20 -19 19 -21 -22 35 -24 -25 25 -27 -28 -29 -30 -31 -32 -33 38 34 -36 36 -38 -39 -40
leaf_value=-0.21106685349345208 -0.98730557411909103 1.3650785195827486 0.43288541355480747 -0.14913414969729882 -0.51878124208499987 0.0056215944513678551 0.4156149036925415 0.38863164216279983 0.47008565303323602 1.6840121910685586 -0.26518349264833063 -0.41210862132055426 1.2346996184151908 -0.16877538886589882 -0.68290961072558454 0.61442109775543219 -0.0046440428512668688 -0.34268313795328142 0.81949835568666463 -0.0066750056240881721 -0.3836867837678819 0.14176972256529899 0.27670500804670156 -0.035424818396568296 0.10675431813882746 0.7198710761964322 -0.22806786261287262 0.38755763985837505 -0.28731194084340878 -0.40441860317280798 -0.10930372823329111 -0.36875446856021887 -0.15172423620740721 -0.024253911826483631 0.3030185453269793 -0.10660489187330793 -0.076252664565899464 -0.66864087916910653 0.058590728090125693
leaf_weight=25 22 20 24 48 24 20 29 20 29 21 22 28 26 78 21 25 580 28 20 107 21 21 32 20 46 22 44 30 22 33 112 20 201 135 23 38 106 24 49
leaf_count=25 22 20 24 48 24 20 29 20 29 21 22 28 26 78 21 25 580 28 20 107 21 21 32 20 46 22 44 30 22 33 112 20 201 135 23 38 106 24 49
internal_value=4.50416e-10 0.489442 -0.010145 -0.412559 0.00326238 -0.00170197 0.0047917 -0.00118017 -0.00512763 0.0670785 0.686749 -0.0285027 -0.00330864 0.00651972 -0.236784 -0.0279739 -0.0185145 -0.0261893 -0.00305138 0.123431 -0.0313166 -0.0252262 -0.00530786 -0.299074 -0.0143867 0.0976753 0.00127873 0.104251 -0.0207377 -0.249686 -0.169865 -0.0657985 -0.0365291 -0.0401243 0.023387 -0.133354 -0.167745 -0.324167 -0.110503
internal_weight=2216 45 2171 70 2101 2077 2024 1995 1975 483 43 1492 1331 440 161 1305 1261 411 383 127 1236 1215 1026 44 994 164 142 98 68 53 140 256 830 236 158 189 168 62 250
internal_count=2216 45 2171 70 2101 2077 2024 1995 1975 483 43 1492 1331 440 161 1305 1261 411 383 127 1236 1215 1026 44 994 164 142 98 68 53 140 256 830 236 158 189 168 62 250
is_linear=0
shrinkage=0.05


Tree=199
num_leaves=40
num_cat=0
split_feature=30 30 30 25 6 3 5 5 23 3 5 27 30 30 33 30 23 9 5 29 15 13 23 3 17 4 15 31 6 7 24 14 29 29 9 13 23 18 29
split_gain=4854.68 2297.7 3367.69 2227.76 1534.47 1687.9 1276.56 2544.77 11238.4 28075.8 5820.01 19611.5 3169.39 2223.58 1873.9 2138.94 1418.72 1110.67 1545.96 1221.92 1074.79 1246.21 4604.98 983.947 965.927 875.143 809.963 803.786 718.508 851.512 2859.27 739.962 708.31 655.689 627.118 619.987 619.588 647.139 542.993
threshold=-2.4608415365219112 -0.95633739233016957 -0.81057617068290699 -1.6367047429084776 2.9478129148483281 2.5976400375366215 0.93583095073699962 -0.35242359340190882 1.0580972433090212 -0.094295192509889589 -0.26945126056671137 -0.3425194770097732 0.75794383883476268 0.71564781665802013 -0.04742735251784324 1.0567454695701601 0.6718115806579591 0.39516223967075353 0.73058363795280468 0.35684481263160711 -0.81912797689437855 0.049839744344353683 0.024129589088261131 0.092424657195806517 -0.74541214108467091 -1.0371792912483213 0.83972367644310009 0.2944366335868836 0.7703937590122224 -0.5446835160255431 -0.61729776859283436 -0.79764407873153675 -0.53842404484748829 0.029149958863854412 -0.53088718652725209 -0.54903039336204518 -0.59993210434913624 -1.0404192209243772 -0.51274108886718739
decision_type=2 2 2 2 2 2 2 2 2 2 2 2 2 2 2 2 2 2 2 2 2 2 2 2 2 2 2 2 2 2 2 2 2 2 2 2 2 2 2
left_child=-1 27 -3 -4 5 6 7 14 10 -10 11 -9 16 26 15 20 17 18 19 36 25 22 24 -21 -22 33 32 -2 29 30 31 -26 -8 -5 -31 -6 37 -12 -23
right_child=1 2 3 4 35 -7 13 8 9 -11 12 -13 -14 -15 -16 -17 -18 -19 -20 23 21 38 -24 -25 28 -27 -28 -29 -30 34 -32 -33 -34 -35 -36 -37 -38 -39 -40
leaf_value=0.6792048612466226 -0.16400961702869787 0.55495026293728089 -0.4500437775892871 -0.10763285450637342 -0.029300075620412827 0.39889105381789031 0.21095699388533831 1.7651313969772311 -0.32952511128570355 1.6459317318893767 -0.1511326327406127 -0.098430739312122262 -0.60577769378821067 -0.61267620265483869 0.41027461588382724 -0.52439734759655865 -0.26522305394802242 0.28238590653571816 0.3685278535485268 0.36190180649360021 0.26764675643708974 -0.19196948241442444 0.77920121550560006 -0.023427272985714512 0.098484717913504161 -0.072867888051729932 -0.28960601664853819 -0.55412431203800705 -0.19837731399706432 -0.2597817149299842 0.54145741390605129 -0.25767628160119055 -0.062294324839998395 -0.48535369446984045 9.6156851414146788e-06 -0.37322894454394517 -0.14314924128073661 0.15450146281441979 -0.03839683277325498
leaf_weight=26 31 27 28 20 20 27 28 20 35 37 29 48 24 20 24 22 50 36 25 30 36 66 21 37 35 130 33 23 42 26 31 25 155 27 218 38 173 43 450
leaf_count=26 31 27 28 20 20 27 28 20 35 37 29 48 24 20 24 22 50 36 25 30 36 66 21 37 35 130 33 23 42 26 31 25 155 27 218 38 173 43 450
internal_value=-5.23764e-11 -0.00806362 7.95088e-05 -0.0070241 -0.00106324 0.00620667 0.000894811 0.0155372 0.100527 0.68564 0.018725 0.449676 -0.0468335 -0.108302 -0.0269941 -0.0361276 -0.0151204 0.0184054 -0.00979425 -0.0401085 -0.0265962 -0.00551988 0.0569232 0.149108 0.0201972 -0.139718 -0.061601 -0.33017 -0.00343193 0.021009 0.151541 -0.0499157 -0.0204854 -0.324621 -0.0276731 -0.254633 -0.0918535 0.0313988 -0.0580398
internal_weight=2216 2190 2136 2109 2081 2023 1996 1760 587 72 515 68 447 236 1173 1149 423 373 337 312 1127 950 434 67 413 177 216 54 377 335 91 60 183 47 244 58 245 72 516
internal_count=2216 2190 2136 2109 2081 2023 1996 1760 587 72 515 68 447 236 1173 1149 423 373 337 312 1127 950 434 67 413 177 216 54 377 335 91 60 183 47 244 58 245 72 516
is_linear=0
shrinkage=0.05


end of trees

feature_importances:
Column_30=887
Column_29=696
Column_5=536
Column_27=491
Column_3=340
Column_7=325
Column_4=318
Column_15=304
Column_33=303
Column_28=275
Column_6=266
Column_0=228
Column_18=212
Column_8=201
Column_16=194
Column_12=184
Column_22=178
Column_9=175
Column_11=170
Column_31=170
Column_20=165
Column_13=157
Column_24=152
Column_23=126
Column_10=121
Column_21=121
Column_14=109
Column_17=106
Column_19=92
Column_26=89
Column_25=66
Column_2=43

parameters:
[boosting: gbdt]
[objective: regression]
[metric: l2]
[tree_learner: serial]
[device_type: cpu]
[data_sample_strategy: bagging]
[data: ]
[valid: ]
[num_iterations: 200]
[learning_rate: 0.05]
[num_leaves: 40]
[num_threads: 10]
[seed: 42]
[deterministic: 0]
[force_col_wise: 0]
[force_row_wise: 0]
[histogram_pool_size: -1]
[max_depth: -1]
[min_data_in_leaf: 20]
[min_sum_hessian_in_leaf: 0.001]
[bagging_fraction: 1]
[pos_bagging_fraction: 1]
[neg_bagging_fraction: 1]
[bagging_freq: 0]
[bagging_seed: 400]
[bagging_by_query: 0]
[feature_fraction: 1]
[feature_fraction_bynode: 1]
[feature_fraction_seed: 30056]
[extra_trees: 0]
[extra_seed: 12879]
[early_stopping_round: 0]
[early_stopping_min_delta: 0]
[first_metric_only: 0]
[max_delta_step: 0]
[lambda_l1: 0]
[lambda_l2: 0]
[linear_lambda: 0]
[min_gain_to_split: 0]
[drop_rate: 0.1]
[max_drop: 50]
[skip_drop: 0.5]
[xgboost_dart_mode: 0]
[uniform_drop: 0]
[drop_seed: 17869]
[top_rate: 0.2]
[other_rate: 0.1]
[min_data_per_group: 100]
[max_cat_threshold: 32]
[cat_l2: 10]
[cat_smooth: 10]
[max_cat_to_onehot: 4]
[top_k: 20]
[monotone_constraints: ]
[monotone_constraints_method: basic]
[monotone_penalty: 0]
[feature_contri: ]
[forcedsplits_filename: ]
[refit_decay_rate: 0.9]
[cegb_tradeoff: 1]
[cegb_penalty_split: 0]
[cegb_penalty_feature_lazy: ]
[cegb_penalty_feature_coupled: ]
[path_smooth: 0]
[interaction_constraints: ]
[verbosity: -1]
[saved_feature_importance_type: 0]
[use_quantized_grad: 0]
[num_grad_quant_bins: 4]
[quant_train_renew_leaf: 0]
[stochastic_rounding: 1]
[linear_tree: 0]
[max_bin: 255]
[max_bin_by_feature: ]
[min_data_in_bin: 3]
[bin_construct_sample_cnt: 200000]
[data_random_seed: 175]
[is_enable_sparse: 1]
[enable_bundle: 1]
[use_missing: 1]
[zero_as_missing: 0]
[feature_pre_filter: 1]
[pre_partition: 0]
[two_round: 0]
[header: 0]
[label_column: ]
[weight_column: ]
[group_column: ]
[ignore_column: ]
[categorical_feature: ]
[forcedbins_filename: ]
[precise_float_parser: 0]
[parser_config_file: ]
[objective_seed: 16083]
[num_class: 1]
[is_unbalance: 0]
[scale_pos_weight: 1]
[sigmoid: 1]
[boost_from_average: 1]
[reg_sqrt: 0]
[alpha: 0.9]
[fair_c: 1]
[poisson_max_delta_step: 0.7]
[tweedie_variance_power: 1.5]
[lambdarank_truncation_level: 30]
[lambdarank_norm: 1]
[label_gain: ]
[lambdarank_position_bias_regularization: 0]
[eval_at: ]
[multi_error_top_k: 1]
[auc_mu_weights: ]
[num_machines: 1]
[local_listen_port: 12400]
[time_out: 120]
[machine_list_filename: ]
[machines: ]
[gpu_platform_id: -1]
[gpu_device_id: -1]
[gpu_use_dp: 0]
[num_gpu: 1]

end of parameters

pandas_categorical:null
