tree
version=v4
num_class=1
num_tree_per_iteration=1
label_index=0
max_feature_idx=33
objective=regression
feature_names=Column_0 Column_1 Column_2 Column_3 Column_4 Column_5 Column_6 Column_7 Column_8 Column_9 Column_10 Column_11 Column_12 Column_13 Column_14 Column_15 Column_16 Column_17 Column_18 Column_19 Column_20 Column_21 Column_22 Column_23 Column_24 Column_25 Column_26 Column_27 Column_28 Column_29 Column_30 Column_31 Column_32 Column_33
feature_infos=[-1.188603401184082:4.0718483924865723] none [-0.53444725275039673:3.9329833984375] [-0.82326054573059082:3.5891156196594238] [-1.0377939939498901:2.9542481899261475] [-0.58059751987457275:9.4590539932250977] [-0.44365578889846802:6.8523011207580566] [-1.4229185581207275:9.8601179122924805] [-1.4485790729522705:10.335232734680176] [-1.4608906507492065:9.9494686126708984] [-1.4688229560852051:9.5075178146362305] [-1.4722100496292114:9.0249414443969727] [-1.5129635334014893:8.5611228942871094] [-1.5496059656143188:8.7691020965576172] [-1.5690994262695312:9.0702915191650391] [-1.5936373472213745:6.0187854766845703] [-1.6235824823379517:5.1781258583068848] [-1.6393409967422485:5.5008244514465332] [-1.6501270532608032:5.5280404090881348] [-1.6558231115341187:5.223322868347168] [-1.6639143228530884:5.6407270431518555] [-1.7003723382949829:5.3194112777709961] [-1.7220749855041504:5.1186895370483398] [-1.520311713218689:9.1463584899902344] [-1.5729237794876099:8.3405513763427734] [-1.6844842433929443:5.080817699432373] [-1.5653058290481567:8.0560054779052734] [-2.4302282333374023:6.3123779296875] [-3.7695379257202148:4.5821213722229004] [-5.1359758377075195:12.468227386474609] [-8.9509449005126953:5.1044812202453613] [-1.1863399744033813:4.0981688499450684] none [-0.047490019351243973:17.5919189453125]
tree_sizes=3375 3503 3498 3519 3503 3507 3486 3530 3519 3523 3540 3506 3513 3531 3525 3544 3484 3542 3508 3526 3535 3540 3531 3535 3530 3525 3556 3520 3532 3512 3543 3521 3537 3550 3543 3547 3549 3523 3518 3531 3524 3555 3538 3550 3525 3556 3558 3551 3554 3544 3546 3562 3543 3504 3559 3523 3543 3544 3524 3550 3539 3520 3555 3551 3531 3547 3555 3532 3562 3555 3536 3545 3551 3547 3554 3553 3524 3540 3565 3541 3557 3539 3581 3549 3567 3565 3547 3537 3545 3564 3542 3561 3549 3543 3580 3551 3574 3556 3528 3549 3538 3588 3561 3538 3568 3547 3548 3556 3521 3559 3534 3543 3542 3551 3559 3569 3552 3543 3583 3542 3591 3543 3552 3565 3538 3562 3542 3563 3556 3548 3542 3555 3562 3549 3571 3579 3551 3581 3542 3571 3581 3574 3561 3531 3554 3564 3590 3564 3581 3544 3554 3561 3555 3566 3567 3556 3546 3552 3557 3555 3545 3581 3554 3535 3568 3552 3552 3541 3606 3532 3549 3580 3533 3562 3550 3565 3549 3569 3593 3545 3564 3562 3563 3546 3567 3579 3551 3587 3529 3563 3594 3543 3546 3592 3552 3547 3572 3542 3573 3558

Tree=0
num_leaves=40
num_cat=0
split_feature=29 30 8 5 22 13 16 5 19 25 20 30 20 14 15 33 4 28 33 6 0 33 33 3 27 9 9 28 21 0 2 28 27 25 3 8 20 8 27
split_gain=47358.2 21980.8 56584.8 14806.5 12499.1 27825.3 11389.1 46826.1 6178.71 17356.5 3641.24 8835.13 12686.5 16625.7 7773.11 11341.9 5763.49 19093.6 3975.52 2247.61 3624.94 15066.6 1833.29 1825.23 3164.37 1751.04 5539.01 2976 3419.94 1287.01 1222.57 1990.09 1069.05 956.513 1299.25 3737.36 1032.67 872.498 582.741
threshold=3.2934920787811284 1.0098809599876406 -0.41646523773670191 3.5429087877273564 -1.6769025325775144 -1.4798183441162107 1.840181350708008 -0.092589199542999254 0.64636781811714183 0.60072919726371776 -0.10971026122570036 -0.1422249302268028 0.16362944990396502 0.04401648789644242 -0.19662933796644208 -0.047479696571826928 -1.0322614908218382 -1.1560569405555723 -0.047471750527620309 -0.41887925565242762 -0.54879942536354054 -0.047486564144492142 -0.047488832846283906 1.4042866230010989 -0.31538064777851099 -0.34345617890357966 -0.3812731653451919 -0.44768442213535303 -0.5984395146369933 -0.51874992251396168 1.0000000180025095e-35 -0.11437208205461501 -0.099173549562692628 0.83879441022872936 0.13169784098863604 0.62838444113731395 1.2017085552215578 2.2620918750762944 -0.50291630625724781
decision_type=2 2 2 2 2 2 2 2 2 2 2 2 2 2 2 2 2 2 2 2 2 2 2 2 2 2 2 2 2 2 2 2 2 2 2 2 2 2 2
left_child=1 3 -3 4 5 -1 8 37 9 10 16 12 13 -12 15 -13 17 -6 22 20 21 32 -19 -22 -25 26 27 -18 -29 -14 -30 -32 -16 -10 38 36 -36 -8 -35
right_child=-2 2 -4 -5 6 -7 7 -9 33 -11 11 14 29 -15 19 -17 25 18 -20 -21 23 -23 -24 24 -26 -27 -28 28 30 -31 31 -33 -34 34 35 -37 -38 -39 -40
leaf_value=13.406928750788383 15.918607089653271 13.419413713282818 16.789848213677264 15.014557800774432 15.194616382711875 15.867535068427182 13.32465296759757 15.881341808345006 13.303869202877118 14.906363004803318 15.672473230446037 13.589367752258635 13.380318648448398 13.791255991059245 13.758231859688618 15.148345223252631 13.431450184584367 13.812882551710141 14.08099106352876 13.405307407990737 13.430492115035234 15.047964018793831 13.403077031609 14.269256457273817 13.457318018063562 13.380698001126905 14.346986995054511 14.104725963741069 13.454549451636687 13.860945895199633 13.365620754693605 13.997701129437507 13.377588344942343 13.618056340464893 14.222851270376843 13.377551939949999 13.726431262974597 13.713609501349444 13.373035699068149
leaf_weight=27 24 33 20 20 22 20 46 28 106 27 24 28 26 23 35 20 338 37 39 142 141 22 104 20 30 210 21 38 87 30 20 33 39 28 22 63 20 21 182
leaf_count=27 24 33 20 20 22 20 46 28 106 27 24 28 26 23 35 20 338 37 39 142 141 22 104 20 30 210 21 38 87 30 20 33 39 28 22 63 20 21 182
internal_value=13.7096 13.6854 14.6913 13.6605 13.6477 14.454 13.6294 14.1642 13.6037 13.6497 13.6275 13.7262 14.1462 14.7519 13.6355 14.2389 13.5672 13.8041 13.6342 13.568 13.6485 13.8992 13.5106 13.5225 13.7821 13.5031 13.551 13.5186 13.6841 13.6378 13.5699 13.7592 13.5576 13.4338 13.4775 13.6211 13.9865 13.4466 13.4057
internal_weight=2216 2192 53 2139 2119 47 2072 95 1977 1556 1529 580 103 47 477 48 949 202 180 429 287 96 141 191 50 747 537 516 178 56 140 53 74 421 315 105 42 67 210
internal_count=2216 2192 53 2139 2119 47 2072 95 1977 1556 1529 580 103 47 477 48 949 202 180 429 287 96 141 191 50 747 537 516 178 56 140 53 74 421 315 105 42 67 210
is_linear=0
shrinkage=1


Tree=1
num_leaves=40
num_cat=0
split_feature=29 30 7 5 22 8 16 29 25 25 19 20 30 20 14 25 4 28 0 6 29 30 16 22 9 9 28 30 4 33 16 25 7 10 16 3 0 16 28
split_gain=42740.8 19837.7 51480.6 13362.8 11280.4 25322.1 10278.7 44295.4 5716.22 19845.1 3268.95 3259.21 7997.63 11449.6 15004.7 6807.38 5201.55 17231.9 3758.42 3426.43 3620.63 10232.6 2393.15 5513.27 1580.31 4998.96 2685.84 3364.11 6288.66 1528.58 1210.68 2385.46 1293.61 1483.89 1188.36 972.392 1648.67 1856.71 1253.24
threshold=3.2934920787811284 1.0098809599876406 -0.38151800632476801 3.5429087877273564 -1.6769025325775144 -1.3820000290870664 1.840181350708008 -0.51274108886718739 0.61769112944602977 0.58964830636978161 1.933975398540497 -0.10971026122570036 -0.1422249302268028 0.16362944990396502 0.04401648789644242 -0.10563566163182257 -1.0322614908218382 -1.1560569405555723 0.0089050726965069788 -0.41887925565242762 0.10849614441394807 0.17288556694984439 0.030487563461065296 0.037196097895503051 -0.34345617890357966 -0.3812731653451919 -0.44768442213535303 0.091232988983392729 0.19350574910640719 -0.047488832846283906 0.2457770183682442 0.2435136288404465 0.51999107003211986 0.95806521177291881 0.44548352062702185 -0.18110958486795423 0.2691552489995957 1.1332417726516726 1.5862642526626589
decision_type=2 2 2 2 2 2 2 2 2 2 2 2 2 2 2 2 2 2 2 2 2 2 2 2 2 2 2 2 2 2 2 2 2 2 2 2 2 2 2
left_child=1 3 -3 4 5 -1 8 -8 9 11 -9 16 13 14 -13 -14 17 -6 29 20 22 -22 23 -17 25 26 -18 -28 -29 -19 -24 -32 -33 -34 -15 -10 37 -37 -38
right_child=-2 2 -4 -5 6 -7 7 10 35 -11 -12 12 15 34 -16 19 24 18 -20 -21 21 -23 30 -25 -26 -27 27 28 -30 -31 31 32 33 -35 -36 36 38 -39 -40
leaf_value=-0.29168121715386713 2.0985579278320077 -0.2805499503106782 2.9342790725827221 1.2397109460830689 1.4107665947892452 2.0556347037479283 2.458574255733263 0.38464767748401285 -0.32561234731479471 1.3707036703824997 -0.35247963467296567 1.8647306829690935 0.76755853010260544 -0.26050113125732455 0.077574287160583177 -0.32909833775325259 -0.26424122834471386 0.098119531773232127 0.41057980078639411 -0.31143025207912201 0.88104653841740377 -0.2471357983621684 -0.38539685184756917 0.81792668742127717 -0.3124558008213838 0.60551874751136425 -0.2297463401914277 -0.16898562864710887 0.70522626950146838 -0.27339460960843348 0.33545331312343479 -0.39023454945821029 0.28107902847585226 -0.30652501437474383 0.20768292572187341 0.26002341553669528 -0.35824985054011149 -0.30465377916892372 0.076826053261756899
leaf_weight=27 24 33 20 20 22 20 21 21 251 24 53 24 23 33 23 22 338 37 33 148 37 44 60 20 210 21 94 48 36 110 24 52 21 22 23 37 96 24 20
leaf_count=27 24 33 20 20 22 20 21 21 251 24 53 24 23 33 23 22 338 37 33 148 37 44 60 20 210 21 94 48 36 110 24 52 21 22 23 37 96 24 20
internal_value=-2.05812e-10 -0.0229769 0.932593 -0.046654 -0.0587952 0.707177 -0.0761701 0.431855 -0.100582 -0.0558913 -0.143295 -0.0783426 0.0154812 0.414737 0.990165 -0.0714603 -0.135289 0.0898169 -0.0716325 -0.114344 -0.017758 0.268207 -0.122569 0.217104 -0.196162 -0.150683 -0.181459 -0.0242658 0.205677 -0.179884 -0.202268 -0.109935 -0.222454 -0.0195556 -0.0682113 -0.262325 -0.172578 0.0378553 -0.283237
internal_weight=2216 2192 53 2139 2119 47 2072 95 1977 1549 74 1525 576 103 47 473 949 202 180 450 302 81 221 42 747 537 516 178 84 147 179 119 95 43 56 428 177 61 116
internal_count=2216 2192 53 2139 2119 47 2072 95 1977 1549 74 1525 576 103 47 473 949 202 180 450 302 81 221 42 747 537 516 178 84 147 179 119 95 43 56 428 177 61 116
is_linear=0
shrinkage=0.05


Tree=2
num_leaves=40
num_cat=0
split_feature=29 30 7 5 22 4 16 5 25 25 20 30 20 14 16 3 4 28 30 29 33 7 9 24 18 16 28 4 0 31 0 3 16 8 16 9 19 30 29
split_gain=38573.5 17903.5 46461.3 12059.9 10180.6 23342.8 9276.51 42515 5158.89 17910.2 2947.41 7474.08 10891.7 14899.3 6559.24 17190.4 4988.59 15407.6 3512.55 2500.76 6044.7 1725.16 6009.83 1511.92 2449.78 8968.42 1702.41 1635.63 3458.11 1234.5 1164.28 877.584 1521.22 2534.53 1444.38 802.484 698.43 1119.52 1618.93
threshold=3.2934920787811284 1.0098809599876406 -0.38151800632476801 3.5429087877273564 -1.6769025325775144 -0.30196486413478846 1.840181350708008 -0.092589199542999254 0.61769112944602977 0.58964830636978161 -0.10507600754499434 -0.1422249302268028 0.16362944990396502 0.04401648789644242 -0.10087344050407408 0.47482140362262731 -1.0322614908218382 -1.1560569405555723 -0.39357544481754297 0.10849614441394807 -0.047485150396823876 -0.81680750846862782 -0.51890775561332692 -0.28613379597663874 -0.59442287683486927 -0.50446477532386769 -0.35883493721485132 0.40312792360782629 0.75119936466217052 1.6654261946678164 -0.51874992251396168 -0.18110958486795423 0.86756554245948803 0.62838444113731395 1.0954753160476687 1.3660992383956911 0.44807650148868566 0.37854303419590002 -0.15099124610424039
decision_type=2 2 2 2 2 2 2 2 2 2 2 2 2 2 2 2 2 2 2 2 2 2 2 2 2 2 2 2 2 2 2 2 2 2 2 2 2 2 2
left_child=1 3 -3 4 5 -1 8 -8 9 10 16 12 13 -12 15 -13 17 -6 -19 29 -21 -20 -23 24 26 -26 -18 -27 -29 36 -14 -10 -33 34 -34 -35 37 -16 -39
right_child=-2 2 -4 -5 6 -7 7 -9 31 -11 11 14 30 -15 19 -17 23 18 21 20 -22 22 -24 -25 25 27 -28 28 -30 -31 -32 32 33 35 -36 -37 -38 38 -40
leaf_value=-0.28720951872463857 1.9936299759894611 -0.26652245413173331 2.7875651931762699 1.17772545337677 1.3402282649820503 1.966504662036896 -0.27352459313931748 2.0464670336605715 -0.30933172894100031 1.3021685570478441 1.8734103182087776 -0.2444366793665621 -0.3096950260492472 0.073695587852726813 -0.26207226593510285 1.5296070104295558 -0.24446318007801496 0.54940604539144611 -0.35958835628994729 0.595536307266189 -0.19797273843238752 0.51841304004192357 -0.280303295267125 -0.31245987786223062 0.69905260190292184 -0.303615945112995 0.1902717573568225 0.56232904955744745 -0.28645752536753816 0.12990284748375416 0.14744107012947402 -0.37390992584927329 0.47132675968683685 -0.35661174336484835 -0.07914365231990815 0.017083264589309696 -0.39487680617719889 -0.23875504577601397 0.35476679712533954
leaf_weight=27 24 33 20 20 22 20 67 28 251 24 23 36 26 23 169 22 365 21 57 36 72 35 72 184 37 90 24 20 30 24 30 58 26 51 22 20 60 27 20
leaf_count=27 24 33 20 20 22 20 67 28 251 24 23 36 26 23 169 22 365 21 57 36 72 35 72 184 37 90 24 20 30 24 30 58 26 51 22 20 60 27 20
internal_value=1.7762e-09 -0.0218281 0.885963 -0.0443213 -0.0558554 0.671818 -0.0723615 0.410262 -0.0955529 -0.0530967 -0.0744255 0.0158016 0.403476 0.973553 -0.0690543 0.428476 -0.127977 0.0893171 -0.0594399 -0.139782 0.0665303 -0.137402 -0.0190409 -0.18795 -0.147474 0.00673653 -0.217641 -0.176233 0.0530571 -0.214054 -0.0648007 -0.249208 -0.163949 -0.0616151 0.219028 -0.251346 -0.243963 -0.202043 0.0138074
internal_weight=2216 2192 53 2139 2119 47 2072 95 1977 1549 1525 568 102 46 466 58 957 207 185 408 108 164 107 750 566 177 389 140 50 300 56 428 177 119 48 71 276 216 47
internal_count=2216 2192 53 2139 2119 47 2072 95 1977 1549 1525 568 102 46 466 58 957 207 185 408 108 164 107 750 566 177 389 140 50 300 56 428 177 119 48 71 276 216 47
is_linear=0
shrinkage=0.05


Tree=3
num_leaves=40
num_cat=0
split_feature=30 30 27 22 3 16 5 19 25 20 30 20 30 15 33 4 28 33 6 0 33 7 11 17 33 27 4 33 21 15 16 30 8 10 29 25 19 30 2
split_gain=35507.1 14851.2 45862.8 13099.3 10502.5 8762.12 40911.1 5018.56 15854.6 3299.4 6177.98 9319.79 14259.5 6168.45 9760.12 4439.1 14051.5 3410.2 2192 2575.72 13042 1759.67 2439.95 1515.05 1509.6 1465.45 2570.73 4657.62 10785.2 1953.27 1075.11 954.348 812.928 911.77 785.896 743.751 756.729 1188.29 713.937
threshold=-2.4608415365219112 1.0098809599876406 -0.40951874852180475 -1.6769025325775144 2.6520712375640874 1.840181350708008 -0.092589199542999254 0.64636781811714183 0.60072919726371776 -0.10971026122570036 -0.1422249302268028 0.16362944990396502 -0.31357385218143458 -0.19662933796644208 -0.047479696571826928 -1.0322614908218382 -1.1560569405555723 -0.047471750527620309 -0.41887925565242762 -0.58135303854942311 -0.047487325966358178 0.38788214325904852 0.48748882114887243 0.20855872333049777 -0.047488832846283906 -0.38315139710903162 0.19350574910640719 -0.047459915280342095 -0.59028106927871693 -0.38555981218814844 0.44548352062702185 0.13509841263294223 -1.2275155186653135 -1.1261851787567136 0.68277603387832653 0.83879441022872936 0.94063663482666027 0.20162820070981982 1.0000000180025095e-35
decision_type=2 2 2 2 2 2 2 2 2 2 2 2 2 2 2 2 2 2 2 2 2 2 2 2 2 2 2 2 2 2 2 2 2 2 2 2 2 2 2
left_child=-1 3 -3 -2 5 7 -7 8 9 15 11 12 -11 14 -12 16 -5 24 19 20 31 -21 -23 -24 -18 32 -27 28 -28 -30 -13 -15 -17 -34 -29 -9 37 -37 -38
right_child=1 2 -4 4 -6 6 -8 35 -10 10 13 30 -14 18 -16 25 17 -19 -20 21 -22 22 23 -25 -26 26 27 34 29 -31 -32 -33 33 -35 -36 36 38 -39 -40
leaf_value=1.8368691690266132 0.94554653077414541 2.7017023709416392 -0.28456052467226983 1.273216869597408 1.0818861168622971 -0.25984836387545313 2.0454915587548856 -0.36061704023962932 1.1737965027873334 0.11061697923220122 -0.11802558771201543 -0.24445867053035536 1.8623793817701797 0.042703172083823911 1.3281608426198366 -0.53633375978469855 0.094422530161367882 0.34840249239634247 -0.27378296633316601 -0.25992138800692971 1.2154135763645173 0.52329899847507477 -0.43273845911026004 0.086772565295298906 -0.2774491291349897 -0.22335487868563805 1.2479467433961957 -0.29157978403445795 0.33779665458770025 -0.26306691508936253 0.20085825298143473 -0.33339053572570854 0.056057512232412898 -0.26492615605938141 0.062187361270189291 -0.24864808497605503 -0.27122605688516693 0.24638771346177568 -0.022671476839053812
leaf_weight=26 33 20 36 22 20 67 27 105 26 26 28 33 21 31 20 25 37 39 142 116 23 20 23 36 104 255 22 73 21 38 23 37 24 283 20 27 232 22 33
leaf_count=26 33 20 36 22 20 67 27 105 26 26 28 33 21 31 20 25 37 39 142 116 23 20 23 36 104 255 22 73 21 38 23 37 24 283 20 27 232 22 33
internal_value=-2.89907e-09 -0.0218076 0.781962 -0.0428999 -0.0584253 -0.0693845 0.402324 -0.0916999 -0.0506233 -0.0712685 0.0230548 0.374161 0.893319 -0.0529199 0.484552 -0.12798 0.0803831 -0.0654077 -0.113197 -0.0334658 0.186185 -0.13597 0.0460355 -0.115749 -0.179866 -0.183288 -0.12225 0.0259221 0.303111 -0.0492002 -0.0615606 -0.161936 -0.26216 -0.239833 -0.215501 -0.245419 -0.206897 -0.0263871 -0.240274
internal_weight=2216 2190 56 2134 2101 2081 94 1987 1568 1542 579 103 47 476 48 963 202 180 428 286 91 195 79 59 141 761 429 174 81 59 56 68 332 307 93 419 314 49 265
internal_count=2216 2190 56 2134 2101 2081 94 1987 1568 1542 579 103 47 476 48 963 202 180 428 286 91 195 79 59 141 761 429 174 81 59 56 68 332 307 93 419 314 49 265
is_linear=0
shrinkage=0.05


Tree=4
num_leaves=40
num_cat=0
split_feature=29 5 30 16 30 28 0 5 17 24 20 12 19 29 20 17 18 27 27 27 3 27 8 8 23 10 18 33 27 29 4 8 4 28 4 5 3 5 22
split_gain=33201 14930.8 37780.5 19800.5 45030.3 14994.2 9388.59 8403.49 39016.7 8093.24 3604.88 9636.02 7175.09 2952.31 2829.96 7943.48 10885 2168.5 3060.78 5829.94 2419.14 2146.09 2086.38 2577.51 5614.9 2179.74 2016.27 5457.54 2963.09 1914.73 1901.95 1720.37 1823.92 1605.24 1241.71 1633.54 2224.62 1476.83 1056.9
threshold=3.2934920787811284 -0.39390975236892695 1.0098809599876406 1.840181350708008 0.15867774188518527 -1.5452485680580137 2.7512800693511967 -0.34696488082408899 -0.88212335109710682 1.5304850935935976 -0.10507600754499434 -0.30952669680118555 -0.01446571573615074 -0.88827767968177784 0.42660297453403478 0.34540803730487829 0.36480028927326208 -0.40092711150646204 0.0077290176413953313 -0.099173549562692628 -0.78260931372642506 0.15120091289281848 -0.36703667044639582 -0.63483852148056019 -0.60770544409751881 -0.42161588370800013 0.55564904212951671 -0.047485981136560433 -0.41882969439029688 0.44335699081420904 0.42464339733123785 0.55667725205421459 -0.18270766735076902 -0.18352432548999784 -0.5085134208202361 -0.075121343135833726 -0.32442224025726313 0.24803403764963153 0.1402021870017052
decision_type=2 2 2 2 2 2 2 2 2 2 2 2 2 2 2 2 2 2 2 2 2 2 2 2 2 2 2 2 2 2 2 2 2 2 2 2 2 2 2
left_child=1 5 3 6 -5 -1 7 8 -3 10 13 -12 -13 -9 15 17 -17 38 19 20 -19 -10 23 29 -25 -26 27 -14 33 -20 -31 32 -28 -29 35 -15 -37 -38 -7
right_child=-2 2 -4 4 -6 14 -8 9 21 -11 11 12 26 34 -16 16 -18 18 22 -21 -22 -23 -24 24 25 -27 31 28 -30 30 -32 -33 -34 -35 -36 36 37 -39 -40
leaf_value=1.2170138303935527 1.8495907279352348 2.4096342536807063 2.0408536484241484 2.846059998869896 -0.46898626599993021 -0.2917561323603704 1.0709410167875744 0.26178817135446214 -0.23988971866115377 0.74165477634918309 0.97810841441154484 0.76174612681453047 0.79177796185016636 -0.28480206868190266 -0.27380870465089863 1.4039972686767579 -0.092143703876964522 -0.22751640588553115 -0.33529823387287699 0.76262808378253677 0.30795133748362141 0.32043674337863925 -0.39739917349573733 0.81954988674684004 -0.35698760872085894 0.28399832220304583 -0.29610633076647191 -0.026628069082895917 -0.21694602732007442 -0.19755322278999701 0.36288667768239979 -0.38784394963947411 0.21851642429828644 0.59927623741328717 -0.2992714866499106 -0.25421361599649706 0.015487095030645529 0.59724366781767457 0.049088729694485668
leaf_weight=20 24 20 25 20 21 252 21 34 54 31 25 26 20 73 389 20 31 66 106 28 31 25 74 22 36 21 36 21 114 41 24 83 33 20 225 35 24 20 25
leaf_count=20 24 20 25 20 21 252 21 34 54 31 25 26 20 73 389 20 31 66 106 28 31 25 74 22 36 21 36 21 114 41 24 83 33 20 225 35 24 20 25
internal_value=8.60864e-10 -0.020251 0.121437 0.0725226 1.14811 -0.140435 0.0256087 0.0017219 0.436864 -0.0508136 -0.0819498 0.0294929 -0.0376895 -0.184445 -0.163719 -0.108603 0.494578 -0.150976 -0.0831026 0.127072 -0.0563875 -0.0625712 -0.164188 -0.095158 0.141044 -0.120835 -0.101253 0.0144574 -0.085842 -0.204281 0.00937843 -0.234473 -0.0499824 0.278691 -0.224688 -0.114286 0.0432796 0.279922 -0.260994
internal_weight=2216 2192 1006 981 41 1186 940 919 99 820 789 378 353 411 1166 777 51 726 449 125 97 79 324 250 79 57 327 175 155 171 65 152 69 41 377 152 79 44 277
internal_count=2216 2192 1006 981 41 1186 940 919 99 820 789 378 353 411 1166 777 51 726 449 125 97 79 324 250 79 57 327 175 155 171 65 152 69 41 377 152 79 44 277
is_linear=0
shrinkage=0.05


Tree=5
num_leaves=40
num_cat=0
split_feature=30 5 30 16 15 28 5 5 15 24 8 20 17 18 12 20 22 7 31 27 29 30 29 27 33 2 6 11 7 9 15 10 7 19 7 22 8 19 18
split_gain=31259.1 11875.1 30874.2 18202.6 41626 12044.3 10065.1 7986.36 35420.3 8224.94 3554.97 2837.17 6955.87 9823.67 2283.02 3490.58 8154.9 3958.2 3362.39 2425.8 2421.34 2009.04 1853.14 1366.95 1732.61 2009.26 2490.33 3343.99 5980.55 2183.15 1658.84 1321.55 1221.21 1209.28 1180.14 876.295 1835.36 785.536 2881.88
threshold=-2.4608415365219112 -0.39390975236892695 1.0098809599876406 1.840181350708008 2.3530056476593022 -1.5452485680580137 3.5429087877273564 -0.34696488082408899 -0.88611090183258046 1.5304850935935976 -1.2546208500862119 0.42660297453403478 0.34540803730487829 0.36480028927326208 0.99506542086601268 -0.10507600754499434 -0.036472376435995095 -0.36946609616279596 -0.63345196843147267 -0.44540180265903467 -0.88827767968177784 0.30846130847930914 1.1304740905761721 -0.76310309767723072 -0.047429881989955895 2.2576968073844914 -0.23815640062093732 -0.67962107062339772 -0.55014747381210316 0.24428016692399981 -0.66484293341636647 -1.1949002742767332 -1.1414025425910947 -0.041346823796629899 -0.25313408672809595 0.77010071277618419 0.55667725205421459 -0.55122730135917652 -0.65026244521141041
decision_type=2 2 2 2 2 2 2 2 2 2 2 2 2 2 2 2 2 2 2 2 2 2 2 2 2 2 2 2 2 2 2 2 2 2 2 2 2 2 2
left_child=-1 5 3 6 -5 -2 7 8 -3 10 -9 12 22 -14 15 20 -17 -18 -19 -20 -12 -10 23 -7 25 26 27 -25 -29 33 -27 -22 -24 34 -30 -21 -37 38 -33
right_child=1 2 -4 4 -6 11 -8 9 21 -11 14 -13 13 -15 -16 16 17 18 19 35 31 -23 32 24 -26 30 -28 28 29 -31 -32 37 -34 -35 -36 36 -38 -39 -40
leaf_value=1.7234906324973474 1.0581163207689921 2.2946721671521666 1.7730373481909436 2.7232116144895553 -0.4640652117275057 -0.30562986999628 1.1243391263484956 -0.56936607546097517 -0.2174878679869468 0.75255862087011338 0.29861569617475786 -0.26011827240194074 1.3337973284721376 -0.087536519267145674 -0.38082054774794316 0.84644619409115096 0.65703646143277483 0.43656535936940105 0.27706050062004256 -0.24556421654147878 0.20963601382449271 0.3450202559205619 -0.080149353742599488 -0.29987848287557856 0.33616259694099426 -0.1190417953208089 -0.27364413468931165 0.73763468820473244 0.12728903232476649 0.34630913092539861 0.52493790909647942 -0.22005982356483506 0.47239207625389101 -0.42721861447057413 -0.30273640787711853 0.19527191481529138 -0.32996363557618241 -0.29256793363698275 0.36006204277276993
leaf_weight=26 21 20 27 20 21 122 20 37 57 30 28 389 20 31 54 31 21 31 34 148 20 22 20 85 20 20 256 29 39 26 20 149 20 31 27 39 29 151 25
leaf_count=26 21 20 27 20 21 122 20 37 57 30 28 389 20 31 54 31 21 31 34 148 20 22 20 85 20 20 256 29 39 26 20 149 20 31 27 39 29 151 25
internal_value=-4.51692e-09 -0.0204615 0.104925 0.0592926 1.0907 -0.128575 0.0145908 -0.0093778 0.415021 -0.0601825 -0.090775 -0.150152 -0.0943068 0.469849 -0.0674752 -0.0435083 0.0741572 -0.00511754 -0.0546024 -0.115507 -0.148555 -0.06084 -0.134547 -0.154142 -0.120722 -0.137866 -0.165518 -0.0487241 0.091724 -0.0605638 0.202948 -0.184848 0.196121 -0.169623 -0.0486305 -0.1773 -0.0287256 -0.209123 -0.136709
internal_weight=2216 2190 1014 987 41 1176 946 926 99 827 797 1155 766 51 760 706 333 302 281 250 373 79 715 675 553 533 493 237 152 123 40 345 40 97 66 216 68 325 174
internal_count=2216 2190 1014 987 41 1176 946 926 99 827 797 1155 766 51 760 706 333 302 281 250 373 79 715 675 553 533 493 237 152 123 40 345 40 97 66 216 68 325 174
is_linear=0
shrinkage=0.05


Tree=6
num_leaves=40
num_cat=0
split_feature=29 5 30 8 14 30 28 0 5 17 0 33 7 7 8 31 31 3 29 2 29 6 23 4 0 33 7 26 23 7 3 27 27 21 27 3 30 30 12
split_gain=28903.9 12304.5 31062.9 16328.2 38563.7 49247.7 12336 8696.8 8017.25 32102.3 3567.83 7159.26 3448.64 11447 8931.2 2824.26 5682.37 3307.26 5833.56 2384.1 2211.08 2104.92 1933.54 1887.04 3647.15 6424.21 2463.45 1496.78 1386.2 1171.82 1083.99 1051.05 3571.62 2471.99 1005.07 1355.68 3646.49 926.338 848.031
threshold=3.2934920787811284 -0.39390975236892695 1.0098809599876406 1.1794789433479311 1.5510139465332033 0.20421768724918368 -1.5452485680580137 2.7512800693511967 -0.34696488082408899 -0.88212335109710682 -0.7135351002216338 -0.047486646100878709 -0.42979031801223749 -0.30308943986892695 -0.35593426227569575 1.0000000180025095e-35 0.077737625688314452 -0.82257151603698719 -0.51274108886718739 2.2576968073844914 0.10052988305687906 -0.17402893304824826 0.89250150322914135 -0.17410147935152051 0.86638915538787853 -0.047475527971982949 0.4650395959615708 0.29478286206722265 0.49518230557441717 -0.71342185139656056 -0.35060435533523554 0.064031258225440993 -0.013289313763380049 0.12582121789455417 -0.40092711150646204 -0.75367119908332814 0.13834507763385775 0.3456332534551621 -1.2985735535621641
decision_type=2 2 2 2 2 2 2 2 2 2 2 2 2 2 2 2 2 2 2 2 2 2 2 2 2 2 2 2 2 2 2 2 2 2 2 2 2 2 2
left_child=1 6 3 7 5 -5 -1 8 9 -3 11 27 38 14 -14 19 -17 18 -18 31 -11 -20 23 30 25 28 -26 -10 -25 -19 -15 32 34 -34 -8 -36 -37 -6 -12
right_child=-2 2 -4 4 37 -7 15 -9 10 20 12 -13 13 22 -16 16 17 29 21 -21 -22 -23 -24 24 26 -27 -28 -29 -30 -31 -32 -33 33 -35 35 36 -38 -39 -40
leaf_value=1.1032573566585779 1.725749699274699 2.186979671120644 1.8501590587794781 3.0993021062678761 -0.50303455867937641 -0.12913162083852858 -0.2709170205052942 1.0035606571606228 -0.43314786767959595 -0.24809451150851181 -0.49353850841522218 0.7861021737842 0.0050597430694670903 0.13316391706466676 1.4466373709115117 0.7690215723855155 0.85045024833895944 0.075871352106332779 0.42903984010219576 0.19899941407557992 0.34066362251406135 -0.13481339211575688 -0.41366198354711137 -0.18594788008962165 -0.2962965245807872 0.86928052367835207 0.32045768022537235 0.14717586664482951 0.29304614629920411 -0.27612258149556029 -0.2622402373787302 -0.28059890385989766 0.67713261276483538 -0.099580935300106102 -0.20862896244819323 0.62460853278636941 -0.28953197399775188 -0.05750014752149582 -0.22796925962268608
leaf_weight=20 24 20 25 27 28 21 252 21 25 52 35 34 21 20 22 21 22 28 20 36 23 96 48 44 85 29 20 20 23 152 130 357 20 21 97 20 24 20 213
leaf_count=20 24 20 25 27 28 21 252 21 25 52 35 34 21 20 22 21 22 28 20 36 23 96 48 44 85 29 20 20 23 152 130 357 20 21 97 20 24 20 213
internal_value=-1.75138e-10 -0.0188951 0.10973 0.0653763 0.684734 1.68686 -0.127998 -0.00180825 -0.0262443 0.407094 -0.0797777 0.23851 -0.116219 -0.0324887 0.742611 -0.149118 -0.0275757 -0.0801812 0.103975 -0.19894 -0.067542 -0.0375973 -0.116021 -0.0753177 0.024833 0.247578 -0.17882 -0.175226 -0.0215171 -0.221368 -0.20952 -0.217051 -0.164777 0.279304 -0.211106 -0.10421 0.125986 -0.317395 -0.265449
internal_weight=2216 2192 1006 981 96 48 1186 885 864 95 769 79 690 442 43 1166 339 318 138 827 75 116 399 351 201 96 105 45 67 180 150 791 434 41 393 141 44 48 248
internal_count=2216 2192 1006 981 96 48 1186 885 864 95 769 79 690 442 43 1166 339 318 138 827 75 116 399 351 201 96 105 45 67 180 150 791 434 41 393 141 44 48 248
is_linear=0
shrinkage=0.05


Tree=7
num_leaves=40
num_cat=0
split_feature=30 31 30 22 8 27 7 0 4 4 27 20 17 23 13 10 0 5 10 23 3 13 8 19 14 24 23 26 5 33 20 29 21 30 0 5 7 8 7
split_gain=27523.7 9937.44 20277.1 11680.3 9541.87 30317 29331.4 13993 27057.1 9202.2 3196.19 3228.53 7360.72 4716.36 2375.37 7214.98 2572.05 7462.71 2849.45 9302.75 3906.18 2374.54 5841.44 2061.06 2052.31 2251.06 1471.72 5268.29 1404.55 1373.8 1216.34 1087.54 988.155 973.45 3390.65 922.387 1176.92 895.411 780.141
threshold=-2.4608415365219112 -0.74593421816825856 1.0098809599876406 -1.6769025325775144 1.1794789433479311 0.21318208426237109 1.1551225781440737 -0.66076958179473866 -0.81157422065734852 2.1403487920761113 -0.63516500592231739 0.41756792366504675 0.4809675812721253 0.37366540729999548 -0.95354408025741566 -0.8947840929031371 0.86638915538787853 0.82119813561439525 -0.2872625589370727 -0.3605304211378097 1.14246541261673 -0.57643339037895192 -0.65212738513946522 0.024090988561511043 0.061906732618808753 -0.067145887762308107 -0.35094870626926417 -0.47881220281124109 -0.010708616115152834 -0.047483759000897401 0.042302111163735397 -0.2366850674152374 1.9493653774261477 -0.22688804566860196 -1.0578523278236387 -0.54020306468009938 -1.0877574682235716 0.010229494888335468 -0.47793024778366083
decision_type=2 2 2 2 2 2 2 2 2 2 2 2 2 2 2 2 2 2 2 2 2 2 2 2 2 2 2 2 2 2 2 2 2 2 2 2 2 2 2
left_child=-1 24 3 -3 7 6 -6 8 -5 10 -9 12 13 14 35 -16 17 18 19 20 21 22 -17 -10 25 26 27 33 31 -20 -18 -8 -26 34 -2 36 -12 -31 -35
right_child=1 2 -4 4 5 -7 28 9 23 -11 11 -13 -14 -15 15 16 30 -19 29 -21 -22 -23 -24 -25 32 -27 -28 -29 -30 37 -32 -33 -34 38 -36 -37 -38 -39 -40
leaf_value=1.6172392441676213 0.51945097565650944 0.97955826693965542 1.2189660167632006 2.20073980152607 1.8550196238607168 2.1388398244267419 0.09595122205975809 -0.26682899086942186 -0.23737565269072852 0.95905548163822718 0.14435049852839224 -0.18321261832822991 0.9474880097806454 0.52351168726344366 0.87706056860360226 -0.22481635276588705 -0.3542971464494864 0.71053118143762861 0.16021056942641737 1.0621342571008774 0.5909880443343094 -0.34968989558622871 0.66805493831634521 0.4179017805308104 -0.33211934634686813 0.32370455485803112 -0.33577742789078646 0.51873030018421917 -0.44053376754124962 -0.38473898705876908 0.0039586682211269035 -0.31472032197884153 0.034295918345451357 -0.29362758396309802 -0.28858926898825005 -0.35330122375395151 -0.34237285483142604 -0.10453944165598264 0.042162223197519777
leaf_weight=26 20 31 36 20 20 21 38 226 30 21 27 353 20 37 22 62 84 35 20 21 21 71 26 20 230 27 81 31 45 81 33 28 20 128 37 80 23 44 20
leaf_count=26 20 31 36 20 20 21 38 226 30 21 27 353 20 37 22 62 84 35 20 21 21 71 26 20 230 27 81 31 45 81 33 28 20 128 37 80 23 44 20
internal_value=3.99679e-10 -0.0192001 0.0457772 0.0187037 -0.000777366 0.375171 0.0924454 -0.0422764 0.646451 -0.0791631 -0.0961169 -0.0597198 0.00193932 -0.0255876 -0.056844 -0.00905266 -0.0481982 0.0147706 -0.0556098 0.0662607 -0.0499246 -0.134573 0.0389865 0.0247353 -0.193786 -0.114556 -0.151884 -0.0887679 -0.225136 -0.224547 -0.253251 -0.0782731 -0.302806 -0.180634 -0.00506638 -0.248009 -0.0795422 -0.286109 -0.248251
internal_weight=2216 2190 1596 1560 1529 152 131 1377 70 1307 1286 1060 707 687 650 520 498 381 346 201 180 159 88 50 594 344 317 236 111 145 117 66 250 205 57 130 50 125 148
internal_count=2216 2190 1596 1560 1529 152 131 1377 70 1307 1286 1060 707 687 650 520 498 381 346 201 180 159 88 50 594 344 317 236 111 145 117 66 250 205 57 130 50 125 148
is_linear=0
shrinkage=0.05


Tree=8
num_leaves=40
num_cat=0
split_feature=29 5 30 16 30 28 0 5 15 24 10 12 24 31 31 3 29 5 3 0 24 2 30 10 6 30 0 33 33 25 27 27 7 3 9 7 11 17 18
split_gain=25099.3 10607.8 26288.1 14884.4 38848.9 11071.2 7244.11 6178.75 29025.6 7025.97 2742.34 10886.1 5854.26 2401.73 5110.56 2951.35 5123.81 2189.87 3733.92 8814.28 2740.01 2094.73 2046.64 1931.28 1895 1873.9 1331.41 1292.58 1815.77 1043.72 1270.25 2858.28 2175.28 1041.17 1429.04 1034.42 1002.26 4757.86 748.136
threshold=3.2934920787811284 -0.39390975236892695 1.0098809599876406 1.840181350708008 0.15867774188518527 -1.5452485680580137 2.7512800693511967 -0.34696488082408899 -0.88611090183258046 1.5304850935935976 -0.40775510668754572 -0.30952669680118555 -0.45309810340404505 1.0000000180025095e-35 0.077737625688314452 -0.82257151603698719 -0.51274108886718739 -0.096956163644790636 -0.42432770133018488 -0.80815526843070973 -0.26160989701747889 2.2576968073844914 -0.053987251594662659 0.43079948425292974 -0.17402893304824826 0.30846130847930914 -0.7135351002216338 -0.047481721267104142 -0.047483913600444787 -1.5918665528297422 0.064031258225440993 -0.013289313763380049 -0.11396056041121481 0.73319759964942943 -0.65864154696464527 -0.71342185139656056 0.4072359055280686 0.044704664498567588 0.96812066435813915
decision_type=2 2 2 2 2 2 2 2 2 2 2 2 2 2 2 2 2 2 2 2 2 2 2 2 2 2 2 2 2 2 2 2 2 2 2 2 2 2 2
left_child=1 5 3 6 -5 -1 7 8 -3 10 26 12 -12 21 -15 16 -16 -13 19 -19 -20 29 23 -22 -18 -10 -9 28 -24 -7 31 36 -33 -28 -35 -17 37 -31 -37
right_child=-2 2 -4 4 -6 13 -8 9 25 -11 11 17 -14 14 15 35 24 18 20 -21 22 -23 27 -25 -26 -27 33 -29 -30 30 -32 32 -34 34 -36 38 -38 -39 -40
leaf_value=1.047520795017481 1.6081661065419515 2.074021774530411 1.7029070234298709 2.5706788188219072 -0.5084404548009237 -0.49624791734787665 0.93856244938714173 0.10513950252171718 -0.20957370766422204 0.69268241649673834 0.19482832277814549 -0.28082819159584815 1.3901179033517839 0.72861914294106622 0.79683350080793558 0.069172713799136018 0.40731849722564228 -0.30205898426473143 0.46485391817986965 1.1823833785951139 -0.054636450787074867 0.18814653803904852 -0.2343116294592619 0.54712380111217507 -0.12768043590088685 0.33368715278126976 -0.29798854769416194 -0.24327822381537922 0.38288457420739264 -0.19226338860606498 -0.25975591152539135 0.63873811542987824 -0.089871887365976968 -0.24632491822920596 0.18413521109088776 -0.32558598822930407 -0.28104269206523896 0.52632633080849289 -0.069410287476095719
leaf_weight=20 24 20 25 20 21 29 21 33 57 31 21 99 20 21 22 28 20 20 22 20 40 36 26 20 96 22 183 181 22 202 355 20 21 51 31 114 138 26 38
leaf_count=20 24 20 25 20 21 29 21 33 57 31 21 99 20 21 22 28 20 20 22 20 40 36 26 20 96 22 183 181 22 202 355 20 21 51 31 114 138 26 38
internal_value=2.02178e-09 -0.0176077 0.10182 0.0610179 0.993569 -0.11891 0.0203428 -0.000639412 0.372483 -0.0456872 -0.0746979 -0.00207728 0.777896 -0.138917 -0.0268353 -0.0767238 0.0972419 -0.0731416 -0.0145633 0.440162 -0.0730489 -0.184861 -0.113996 0.14595 -0.0354392 -0.0582859 -0.194351 -0.182105 0.04857 -0.201838 -0.190633 -0.130342 0.265548 -0.231646 -0.08359 -0.210098 -0.17469 -0.110319 -0.261542
internal_weight=2216 2192 1006 981 41 1186 940 919 99 820 789 491 41 1166 339 318 138 450 351 40 311 827 289 60 116 79 298 229 48 791 762 407 41 265 82 180 366 228 152
internal_count=2216 2192 1006 981 41 1186 940 919 99 820 789 491 41 1166 339 318 138 450 351 40 311 827 289 60 116 79 298 229 48 791 762 407 41 265 82 180 366 228 152
is_linear=0
shrinkage=0.05


Tree=9
num_leaves=40
num_cat=0
split_feature=30 31 0 4 8 27 7 22 0 30 27 20 17 23 30 30 29 3 15 30 30 18 3 30 14 24 12 5 0 27 5 23 26 29 28 3 30 5 9
split_gain=24439.2 8528.95 18383.9 60616.2 10442.1 30872.1 23203.5 10567.6 8928.87 8065.56 3208.57 3203.5 7548.47 4175.4 2487.19 2531.81 4824.64 3627.01 5548.86 2689.77 4392.52 3915.99 2469.42 4489.3 1840.92 2156.58 1821.87 1524.37 1477.46 3772.18 1302.14 1274.41 4720.24 1249.99 1105.05 1031.53 1613.74 1531.12 1028.45
threshold=-2.4608415365219112 -0.74593421816825856 -0.66076958179473866 -0.81157422065734852 1.1794789433479311 0.11470322310924531 1.1702433824539187 -1.6769025325775144 2.9056415557861333 1.158700227737427 -0.63516500592231739 0.42660297453403478 0.49167969822883612 0.37366540729999548 0.50587067008018505 0.098575331270694747 -0.41597388684749598 -0.39263355731964106 -0.39499291777610773 -0.10887978971004485 -0.16419199109077451 0.13330585509538653 0.68772336840629589 -0.5347447097301482 0.054596081376075752 -0.067145887762308107 -0.18366180360317227 -0.010708616115152834 0.1054927632212639 0.48457282781600958 1.1476287245750429 -0.35094870626926417 -0.47881220281124109 -0.2366850674152374 0.4051686972379685 0.13169784098863604 0.05640011094510556 0.068988487124443068 0.60854214429855358
decision_type=2 2 2 2 2 2 2 2 2 2 2 2 2 2 2 2 2 2 2 2 2 2 2 2 2 2 2 2 2 2 2 2 2 2 2 2 2 2 2
left_child=-1 24 3 -3 7 6 -6 -4 9 10 -9 12 13 14 15 19 -17 18 -18 20 21 22 -12 -24 25 31 -20 33 -19 -30 35 32 -2 -8 -5 -13 37 -37 -38
right_child=1 2 4 34 5 -7 27 8 -10 -11 11 30 -14 -15 -16 16 17 28 26 -21 -22 -23 23 -25 -26 -27 -28 -29 29 -31 -32 -33 -34 -35 -36 36 38 -39 -40
leaf_value=1.5239277041875399 -0.16866367790439143 2.9498136072055154 0.85763451601378626 -0.22342329633079078 1.6217097324984415 2.2313617360964417 0.16999813712900505 -0.26327091865892233 0.9867476187646389 0.89435414984112693 -0.28628444836520756 -0.22537399761286783 0.96118390232324602 0.48564548355184106 -0.33291117965545453 0.70820850020852588 0.91898790907859818 -0.2803849873372487 -0.36802705012261872 -0.29724930066707705 0.59352606797107954 0.5754475766420365 0.71285527706146246 -0.24207370581279974 -0.28273022023448907 0.3332376388403086 0.30685593761503699 -0.43127461860692784 -0.15842741262056823 0.62974259823560719 -0.40935097792238562 -0.3115634709297691 0.49332471701406666 -0.30186386203765869 0.20994649923716985 -0.11983928620815276 -0.0058638026519697538 0.46710423237085347 -0.34524882813779323
leaf_weight=26 205 23 32 38 21 20 32 229 20 21 122 162 20 38 71 29 25 70 20 121 27 20 20 32 251 26 20 43 63 20 53 81 31 25 24 20 49 25 41
leaf_count=26 205 23 32 38 21 20 32 229 20 21 122 162 20 38 71 29 25 70 20 121 27 20 20 32 251 26 20 43 63 20 53 81 31 25 24 20 49 25 41
internal_value=1.60043e-09 -0.0180923 0.0421044 0.757581 0.00185591 0.411572 0.11078 -0.040312 -0.0617875 -0.0776985 -0.0934372 -0.0570216 0.0034385 -0.0240041 -0.0533475 -0.019648 0.102333 0.0217351 0.334635 -0.107746 -0.00399005 -0.0871495 -0.16331 0.125207 -0.179833 -0.104535 -0.0305856 -0.206515 -0.111196 0.0314931 -0.181051 -0.14044 -0.0817076 -0.0369589 -0.0556672 -0.140311 -0.0382349 0.20624 -0.160473
internal_weight=2216 2190 1596 85 1511 141 121 1370 1338 1318 1297 1068 718 698 660 589 247 218 65 342 221 194 174 52 594 343 40 100 153 83 350 317 236 57 62 297 135 45 90
internal_count=2216 2190 1596 85 1511 141 121 1370 1338 1318 1297 1068 718 698 660 589 247 218 65 342 221 194 174 52 594 343 40 100 153 83 350 317 236 57 62 297 135 45 90
is_linear=0
shrinkage=0.05


Tree=10
num_leaves=40
num_cat=0
split_feature=30 31 0 4 9 14 5 5 22 30 24 33 33 24 6 6 20 25 0 30 4 5 3 14 24 3 33 33 23 26 3 33 30 16 18 29 21 7 13
split_gain=22056.4 7697.38 16591.5 54706.1 9579.27 40979.2 41149.7 9648.33 11818.8 7297.27 2466.66 3182.54 4540.46 12167.7 3092.14 3170.11 3849.93 14365.1 12573.4 3241.52 2649.49 4571.44 2059.74 1661.43 1946.31 1464.46 1216.85 2640.05 1150.15 4260.02 1078.36 944.379 2125.47 916.93 1753.19 881.482 866.757 864.212 926.839
threshold=-2.4608415365219112 -0.74593421816825856 -0.66076958179473866 -0.81157422065734852 1.2217946052551272 1.5510139465332033 0.068988487124443068 3.5429087877273564 -1.6769025325775144 1.158700227737427 0.68737670779228222 -0.047458624467253678 -0.047462873160839074 -0.66599541902542103 2.7452282905578618 -0.23524151742458341 -0.10507600754499434 0.02248369995504618 0.05702005326747895 1.0000000180025095e-35 -0.5085134208202361 0.63996911048889171 -0.81981548666954029 0.054596081376075752 -0.067145887762308107 -0.26861298084259028 -0.04747705161571502 -0.047475412487983697 -0.35094870626926417 -0.47881220281124109 -0.45464384555816645 -0.047488616779446595 -0.16912008821964261 -1.4022930264472959 -1.3406347036361692 -0.2366850674152374 1.9493653774261477 0.94995784759521495 0.76722511649131786
decision_type=2 2 2 2 2 2 2 2 2 2 2 2 2 2 2 2 2 2 2 2 2 2 2 2 2 2 2 2 2 2 2 2 2 2 2 2 2 2 2
left_child=-1 23 3 -3 7 6 -6 8 -4 10 11 12 14 -14 15 16 22 18 -18 20 -19 -22 -10 24 28 -21 -17 -28 29 31 -5 32 -2 -13 -35 -7 -25 38 -12
right_child=1 2 4 30 5 35 -8 -9 9 -11 37 33 13 -15 -16 26 17 19 -20 25 21 -23 -24 36 -26 -27 27 -29 -30 -31 -32 -33 -34 34 -36 -37 -38 -39 -40
leaf_value=1.4477313280105593 0.42765905439853669 2.8023228581832806 0.92849665816252436 0.11852199796215959 -0.021629650110290166 -0.044217409626130133 2.9806611528247595 1.0270278354485831 0.31964160106752232 0.84963645253862663 -0.35766855076603266 -0.3829616182754117 1.1850745621654724 -0.2780084169904391 0.56735238254070286 -0.30218379483558239 0.14949335427511307 -0.23349016994237901 1.9012079200148584 0.25331064756494021 0.79302971538375411 -0.15963291808962823 -0.17722203496211608 -0.29593322980842551 0.31657576560974121 -0.20581153164984603 0.42328599350793028 -0.18596651947190024 -0.29598529666552986 0.46865848725841891 -0.3065645978450775 -0.22845112252470159 -0.20632227007777262 0.24778942802677983 -0.21609367015091388 -0.38229611165383282 0.047177762687206276 -0.41291148215532303 -0.070347200323724088
leaf_weight=26 20 23 30 37 21 31 25 21 23 21 46 62 27 30 20 140 21 20 20 20 34 20 224 231 26 132 21 116 81 31 25 146 39 23 178 51 20 62 72
leaf_count=26 20 23 30 37 21 31 25 21 23 21 46 62 27 30 20 140 21 20 20 20 34 20 224 231 26 132 21 116 81 31 25 146 39 23 178 51 20 62 72
internal_value=4.59142e-10 -0.0171877 0.0399992 0.719701 0.00176311 0.415582 1.61005 -0.0365368 -0.0529354 -0.0750397 -0.0898515 -0.0624907 -0.0163224 0.415031 -0.0466395 -0.0621639 0.0113175 0.142933 1.00399 -0.0132759 0.258116 0.440192 -0.130955 -0.170841 -0.0993081 -0.145401 -0.198516 -0.0925774 -0.133418 -0.0776222 -0.0528839 -0.16023 0.00858665 -0.214864 -0.163013 -0.254486 -0.268594 -0.261768 -0.182354
internal_weight=2216 2190 1596 85 1511 128 46 1383 1362 1332 1311 1131 868 57 811 791 514 267 41 226 74 54 247 594 343 152 277 137 317 236 62 205 59 263 201 82 251 180 118
internal_count=2216 2190 1596 85 1511 128 46 1383 1362 1332 1311 1131 868 57 811 791 514 267 41 226 74 54 247 594 343 152 277 137 317 236 62 205 59 263 201 82 251 180 118
is_linear=0
shrinkage=0.05


Tree=11
num_leaves=40
num_cat=0
split_feature=29 5 30 16 15 6 30 0 5 15 24 10 12 29 12 5 3 26 29 28 29 30 14 8 7 30 19 29 3 24 26 0 11 13 22 30 3 7 8
split_gain=21073.1 8496.23 21920.2 12269.8 36458.8 9940.36 22656.9 6305.08 5533.93 25435.9 6749.08 2511.3 9616.58 5358.37 2537.93 2187.8 3774.09 7007.99 3121.63 8001.2 2179.27 1749.21 1697.46 2497.06 6129.97 2870.32 2830.21 2304.54 2196.84 1396.02 1307.21 1196.22 1257.71 1145.12 2138.71 783.512 756.569 855.371 2571.84
threshold=3.2934920787811284 -0.39390975236892695 1.0098809599876406 1.840181350708008 2.3530056476593022 2.872025847434998 -0.031917804852128022 2.7512800693511967 -0.34696488082408899 -0.88611090183258046 1.5304850935935976 -0.40775510668754572 -0.30952669680118555 -0.39011573791503901 1.1007702946662905 -0.096956163644790636 -0.34371432662010187 0.063209962099790587 -0.2439976632595062 -0.095167335122823701 -1.1503453850746153 0.2988771945238114 -0.31360502541065211 -0.65212738513946522 -0.55014747381210316 -0.55049610137939442 -0.55675894021987904 0.55552455782890331 -0.82119348645210255 -0.66599541902542103 -0.3690733909606933 -0.7135351002216338 -1.2257563471794126 -0.66068968176841725 -0.5446152091026305 -0.078309994190931306 1.5014359951019289 0.059344327077269561 0.20037150382995608
decision_type=2 2 2 2 2 2 2 2 2 2 2 2 2 2 2 2 2 2 2 2 2 2 2 2 2 2 2 2 2 2 2 2 2 2 2 2 2 2 2
left_child=1 5 3 7 -5 20 -7 8 9 -3 11 31 13 -13 15 -14 17 -17 19 -18 -1 -11 23 25 26 -22 -25 -27 -29 -26 -31 -10 -33 34 -34 -21 37 -24 -39
right_child=-2 2 -4 4 -6 6 -8 -9 10 21 -12 12 14 -15 -16 16 18 -19 -20 35 22 -23 36 24 29 27 -28 28 -30 30 -32 32 33 -35 -36 -37 -38 38 -40
leaf_value=-0.5902745721431879 1.4735462923844658 1.9429483354091646 1.5527827758789063 2.4280111283063892 -0.55488721302577426 1.8893509663641455 -0.25591883566230539 0.87320182607287455 0.095295882225036627 -0.2039325679918485 0.67802633970014514 0.17066978315512341 -0.25207953339649575 1.3142156115174295 -0.45153816685080533 -0.18054505504667762 0.76905146289516146 1.1430853688716889 -0.16923418546343127 0.09158642139906685 0.30028546303510667 0.31396852446639023 -0.274615784213529 0.20652507394552233 0.29119150679219857 -0.29826679271885331 1.037612048713934 0.30325144823338535 -0.2837594492893134 -0.23767455269144963 0.19582391180606051 -0.46805610287595878 -0.17165219486324174 -0.34425663041031879 0.3831848040223122 -0.26083095491580338 0.067988291581471766 0.2082326166580121 -0.19081656101358813
leaf_weight=26 24 20 25 20 21 20 32 21 33 56 31 21 90 20 40 20 37 20 173 24 32 23 200 20 22 175 21 37 28 83 22 44 132 69 20 46 30 45 393
leaf_count=26 24 20 25 20 21 20 32 21 33 56 31 21 90 20 40 20 37 20 173 24 32 23 200 20 22 175 21 37 28 83 22 44 132 69 20 46 30 45 393
internal_value=-3.97945e-10 -0.0161337 0.0907487 0.0534899 0.900185 -0.106795 0.569185 0.0165596 -0.00301548 0.350101 -0.0456479 -0.0740812 -0.00458709 0.728497 -0.0713792 -0.0342905 0.0269626 0.48127 -0.0379384 0.174343 -0.137792 -0.0531512 -0.127174 -0.05092 0.100641 -0.144531 0.632204 -0.20384 0.0503852 -0.0709657 -0.146846 -0.188583 -0.223934 -0.175331 -0.0986473 -0.140002 -0.177401 -0.18894 -0.149818
internal_weight=2216 2192 1006 981 41 1186 52 940 919 99 820 789 491 41 450 410 320 40 280 107 1134 79 1108 440 168 272 41 240 65 127 105 298 265 221 152 70 668 638 438
internal_count=2216 2192 1006 981 41 1186 52 940 919 99 820 789 491 41 450 410 320 40 280 107 1134 79 1108 440 168 272 41 240 65 127 105 298 265 221 152 70 668 638 438
is_linear=0
shrinkage=0.05


Tree=12
num_leaves=40
num_cat=0
split_feature=30 22 5 13 22 29 5 27 30 0 4 20 33 29 31 4 3 28 20 2 5 10 5 15 7 3 27 29 27 27 10 5 6 7 3 5 11 28 18
split_gain=19782.8 6810.94 9098.16 22950.5 44759.7 38141.1 13766.5 40213.3 4496.38 3551.66 7194.73 5439.49 11788.7 6501.67 2465.86 8111.82 4097.97 4246.2 9552.52 2339.83 2152.86 2054.21 1969.9 2923.52 1761.29 1185.89 1065.79 885.979 859.216 2271.06 2196.95 834.449 757.746 756.19 698.528 910.403 629.005 4206.55 553.414
threshold=-2.4608415365219112 -1.6769025325775144 -0.35242359340190882 0.89478415250778209 0.64222413301467907 -0.3852009773254394 -0.26945126056671137 -0.3254187256097793 0.95535138249397289 0.86638915538787853 0.40312792360782629 -0.10507600754499434 -0.047475587576627724 0.23150058090686801 1.0000000180025095e-35 -1.0371792912483213 -0.82257151603698719 -0.22967116534709928 0.16362944990396502 2.2576968073844914 -0.086038753390312181 0.20781930536031726 -0.08385527133941649 0.59002515673637401 0.53242841362953197 1.14246541261673 0.47329057753086096 0.66201218962669384 0.064031258225440993 -0.013289313763380049 -0.32054285705089564 2.941359400749207 0.064991626888513579 -1.1554817557334898 0.023524343967437748 -0.41356109082698816 0.4072359055280686 -0.14348310977220533 0.96812066435813915
decision_type=2 2 2 2 2 2 2 2 2 2 2 2 2 2 2 2 2 2 2 2 2 2 2 2 2 2 2 2 2 2 2 2 2 2 2 2 2 2 2
left_child=-1 -2 14 6 -5 -6 7 -4 9 10 11 25 13 21 19 -16 17 -17 -19 28 -7 -13 -23 -24 31 27 -9 -8 29 33 -31 -11 -20 -3 35 -30 37 -35 -18
right_child=1 2 3 4 5 20 8 26 -10 24 -12 12 -14 -15 15 16 38 18 32 -21 -22 22 23 -25 -26 -27 -28 -29 34 30 -32 -33 -34 36 -36 -37 -38 -39 -40
leaf_value=1.3710839546643772 0.66578316934173931 -0.45129186985167591 2.4797113306465608 2.1442035660931942 2.1154595321416858 0.10886404928953752 -0.25520569093744544 -0.37198022879087012 -0.80461392232349938 -0.26107948234038697 0.83555230972170824 -0.39083858802138516 1.3231030809879305 0.63691526659897402 0.92614364949139683 -0.21019493718549873 -0.26066517819912216 1.0383614744991065 0.21035178330811588 0.22511965985360899 -0.455142009886913 -0.39898676246404652 -0.090176981190840402 0.663787177503109 0.19233890891075134 0.097084203639200756 0.11351248741149902 0.010728567516481555 -0.23478431922017728 0.59845225960016257 -0.11110263243317604 -0.59907357337928957 -0.15497915007174015 -0.18096955386011804 -0.48685338497161867 0.083975005398193997 -0.22917914105316575 0.42476797121943854 -0.047471625946070017
leaf_weight=26 36 22 21 38 20 23 204 26 21 140 25 48 20 35 22 57 153 32 22 38 64 20 36 20 20 35 20 37 336 20 24 21 40 218 25 24 156 33 38
leaf_count=26 36 22 21 38 20 23 204 26 21 140 25 48 20 35 22 57 153 32 22 38 64 20 36 20 20 35 20 37 336 20 24 21 40 218 25 24 156 33 38
internal_value=2.66856e-09 -0.0162777 -0.0276771 0.0943175 0.670095 0.146579 -0.017148 0.666757 -0.0843351 -0.0614518 0.00971923 -0.0356562 0.179014 0.0351033 -0.114235 -0.00449314 -0.0643587 0.130298 0.336767 -0.158818 -0.306037 -0.134763 0.0269689 0.179096 -0.250193 -0.174881 -0.160896 -0.214378 -0.175822 -0.13068 0.211422 -0.305166 -0.0253456 -0.165768 -0.231282 -0.213534 -0.150334 -0.101331 -0.21825
internal_weight=2216 2190 2154 894 145 107 749 67 682 661 480 455 179 159 1260 364 342 151 94 896 87 124 76 56 181 276 46 241 858 473 44 161 62 429 385 360 407 251 191
internal_count=2216 2190 2154 894 145 107 749 67 682 661 480 455 179 159 1260 364 342 151 94 896 87 124 76 56 181 276 46 241 858 473 44 161 62 429 385 360 407 251 191
is_linear=0
shrinkage=0.05


Tree=13
num_leaves=40
num_cat=0
split_feature=29 30 33 5 6 25 33 9 13 5 33 28 27 29 33 31 31 22 15 30 9 0 29 33 3 5 0 3 29 30 20 30 20 15 29 29 4 30 24
split_gain=18438.4 7285.94 44818.8 7386.16 6514.15 5092.24 4649.92 16488.1 31817.1 41293.5 4165.36 10507 4728.09 28752.1 3616.01 5233.26 9598.02 4876.18 7876.97 14125.3 4019.67 4313.47 1952.61 5543.44 1758.57 1590.15 1290.5 1086.01 1015.1 979.09 3621.25 993.689 1366.92 2182.22 963.625 1806.18 1270.58 1802.71 826.76
threshold=3.2934920787811284 1.0098809599876406 -0.04748056270182132 3.5429087877273564 4.6428182125091562 -1.6580014824867246 -0.047486646100878709 1.2217946052551272 1.5881919264793398 -0.28910261392593378 -0.047485981136560433 0.28842267394065862 -1.1976896524429319 -0.021138607524335381 -0.047476824373006814 0.97795489430427562 0.83366858959198009 -0.51586395502090443 -0.19662933796644208 0.098575331270694747 -0.29893273115158076 0.58968329429626476 0.37714722752571112 -0.047488832846283906 1.14246541261673 -0.36989144980907435 -0.68849384784698475 0.64087116718292247 -0.41597388684749598 -0.28542430698871607 -0.014160256832838057 0.12425576522946359 0.60198959708213817 0.77610352635383617 -0.10804389789700507 -0.04430867359042167 -0.50052195787429798 0.29402057826519018 0.040151594206690795
decision_type=2 2 2 2 2 2 2 2 2 2 2 2 2 2 2 2 2 2 2 2 2 2 2 2 2 2 2 2 2 2 2 2 2 2 2 2 2 2 2
left_child=1 3 -3 4 5 -1 22 10 9 -9 11 -8 13 -12 29 16 17 24 19 -19 -20 -22 25 -24 26 38 -16 -10 -28 30 -14 32 -31 -34 -33 -36 37 -37 -7
right_child=-2 2 -4 -5 -6 6 7 8 27 -11 12 -13 14 -15 15 -17 -18 18 20 -21 21 -23 23 -25 -26 -27 28 -29 -30 31 -32 34 33 -35 35 36 -38 -39 -40
leaf_value=-0.62840666142669888 1.3783544282118481 2.4317036944627763 -0.56791427976480036 0.92692622780799871 0.85963268131017689 -0.074455544334247808 -0.19673582538962364 -0.044007816500518299 -0.041314750909805298 2.9635246332008394 -0.19748024773981535 1.1080701972599385 -0.26813098779982991 1.9665681536495687 0.22580651236431942 -0.18465538057648848 0.92213291999968616 0.021643844795854471 -0.45084833660842599 1.4729896231492361 0.67255929410457616 -0.22119173429630423 0.61823128541665417 -0.33179855712634676 0.23337837829121522 -0.40736801502032161 0.051346236990915763 -0.51697494387626652 -0.23795223133195018 -0.34873252408519673 0.57099467754364019 -0.243661980232424 0.34302894345351631 -0.28374819786446853 0.35189397049986804 0.44255246718724567 -0.21300957599075654 -0.13468831994227673 -0.2236176934455418
leaf_weight=37 24 20 33 20 20 163 36 21 30 25 66 27 36 20 21 248 33 38 37 30 27 27 28 34 35 78 37 20 168 157 20 121 21 41 23 21 119 38 216
leaf_count=37 24 20 33 20 20 163 36 21 30 25 66 27 36 20 21 248 33 38 37 30 27 27 28 34 35 78 37 20 168 157 20 121 21 41 23 21 119 38 216
internal_value=-1.2659e-09 -0.0150915 0.564017 -0.0294406 -0.0384672 -0.0470246 -0.0365924 0.00695367 0.641511 1.59052 -0.0351455 0.362467 -0.0532449 0.305787 -0.0770328 -1.77484e-05 0.101064 0.0365517 0.254828 0.661943 -0.0493897 0.225684 -0.166056 0.0972472 -0.0964214 -0.201778 -0.147497 -0.231579 -0.185737 -0.167464 0.0315567 -0.188065 -0.270233 -0.0714527 -0.132181 -0.0650703 -0.118948 0.0707703 -0.159466
internal_weight=2216 2192 53 2139 2119 2099 2062 1543 96 46 1447 63 1384 86 1298 701 453 420 159 68 91 54 519 62 261 457 226 50 205 597 56 541 219 62 322 201 178 59 379
internal_count=2216 2192 53 2139 2119 2099 2062 1543 96 46 1447 63 1384 86 1298 701 453 420 159 68 91 54 519 62 261 457 226 50 205 597 56 541 219 62 322 201 178 59 379
is_linear=0
shrinkage=0.05


Tree=14
num_leaves=40
num_cat=0
split_feature=30 22 5 30 16 5 5 24 12 20 19 0 30 29 31 4 3 28 33 7 2 33 16 7 9 30 30 9 27 27 9 4 33 13 7 28 11 3 5
split_gain=17732.3 6176.94 7738.53 21679.3 12909.5 8436.85 6691.45 7817.58 3307.66 3108.6 7097.58 3565.25 2731.84 2324.2 2160.38 7219.57 3574.16 3764.43 7798.17 4591.57 2138.76 1977.5 2679.62 1399.77 1364.44 1192.27 1033.39 1785.3 1031.83 2302.8 1653.87 733.608 1285.39 1357.67 656.462 642.627 4006.81 642.051 816.504
threshold=-2.4608415365219112 -1.6769025325775144 -0.35242359340190882 1.0098809599876406 1.840181350708008 -0.32840529084205622 3.3049092292785649 1.5304850935935976 0.99506542086601268 -0.10507600754499434 1.0000000180025095e-35 -0.68849384784698475 -0.017276935279369351 -0.88827767968177784 1.0000000180025095e-35 -1.0371792912483213 -0.82257151603698719 -0.3497753888368606 -0.047476394101977341 -0.43521897494792933 2.2576968073844914 -0.047472244128584855 0.47510828077793127 -1.2646961808204649 -1.1894401311874387 0.83155819773674022 0.38225501775741583 0.37274707853794103 0.064031258225440993 -0.013289313763380049 -0.28858751058578486 -0.26139283180236811 -0.047473857179284089 -0.9107987880706786 0.83773630857467662 -0.14348310977220533 0.36079791188240057 0.023524343967437748 -0.41356109082698816
decision_type=2 2 2 2 2 2 2 2 2 2 2 2 2 2 2 2 2 2 2 2 2 2 2 2 2 2 2 2 2 2 2 2 2 2 2 2 2 2 2
left_child=-1 -2 14 4 5 -4 7 8 9 13 -11 -12 21 -7 20 -16 17 -17 34 -20 25 22 -13 -15 -25 28 -14 -28 29 35 -31 32 -26 -34 -19 -3 -37 38 -30
right_child=1 2 3 -5 -6 6 -8 -9 -10 10 11 12 26 23 15 16 -18 18 19 -21 -22 -23 -24 24 31 -27 27 -29 37 30 -32 -33 33 -35 -36 36 -38 -39 -40
leaf_value=1.2980864469821638 0.63412953449620146 -0.17842768977933371 0.9276852086186409 1.53790131855011 0.95833120990443887 0.31857100717420694 0.81701170206069951 0.77219878903457095 -0.47158831532299522 0.70503004585441786 0.54836235547065737 0.79675555442060741 -0.25228376200617253 -0.56646829301660717 0.87458762018518021 -0.22252914929905765 -0.20357290700429087 -0.20173009062806765 0.31429758611179537 1.3728638869524001 0.21924442562617755 -0.16025161345799765 0.037374917016579558 0.24571364291012288 -0.21164392552524808 -0.4737301294008891 -0.22254591615814154 0.36718694823128839 -0.21810084204912555 0.57930882751941681 -0.048921448669650341 -0.25623997247223801 -0.16247757232215787 0.32564274245423491 0.14494774653152986 0.50874631817524252 -0.19097784746942734 -0.45951307505369193 0.084209932635227844
leaf_weight=26 36 293 24 25 37 25 23 28 50 38 25 21 134 22 22 52 191 36 21 20 38 27 26 20 100 30 33 21 322 20 22 158 28 29 22 26 96 25 24
leaf_count=26 36 293 24 25 37 25 23 28 50 38 25 21 134 22 22 52 191 36 21 20 38 27 26 20 100 30 33 21 322 20 22 158 28 29 22 26 96 25 24
internal_value=1.84597e-09 -0.0154111 -0.0262669 0.0862436 0.0444813 0.00384132 -0.0235996 -0.048229 -0.078575 -0.0507806 0.0628859 -0.0221367 -0.0765736 -0.147486 -0.106096 -0.00337615 -0.0598534 0.121938 0.30287 0.830671 -0.147826 0.180768 0.376673 -0.180123 -0.154752 -0.164083 -0.177868 0.00679464 -0.152864 -0.102573 0.250236 -0.180178 -0.103631 0.0858643 -0.0702316 -0.138279 -0.0418563 -0.214812 -0.197131
internal_weight=2216 2190 2154 894 869 832 808 785 757 707 325 287 262 382 1260 364 342 151 99 41 896 74 47 357 335 858 188 54 828 457 42 315 157 57 58 415 122 371 346
internal_count=2216 2190 2154 894 869 832 808 785 757 707 325 287 262 382 1260 364 342 151 99 41 896 74 47 357 335 858 188 54 828 457 42 315 157 57 58 415 122 371 346
is_linear=0
shrinkage=0.05


Tree=15
num_leaves=40
num_cat=0
split_feature=29 22 19 5 30 16 5 5 24 11 20 22 7 3 4 27 4 31 4 3 27 22 21 2 29 4 33 5 27 27 3 5 21 28 27 16 29 29 29
split_gain=16131.7 6665.41 22621.7 7914.8 23417.5 11335.3 7410.61 6733.48 6866.22 3170.95 2033.17 6953.57 3420.82 2394.43 2204.5 3322.12 2158.97 1989.62 6471.8 3237.83 3355.47 4435.16 8796.54 1919.4 1918.17 1099.79 1370.43 1538.67 905.072 3915.73 772.093 1199.74 716.139 1017.83 684.503 1952.74 646.912 584.914 1476.56
threshold=3.2934920787811284 -1.6923955082893369 -1.5992504954338072 -0.35242359340190882 1.0098809599876406 1.840181350708008 -0.32840529084205622 3.3049092292785649 1.5304850935935976 1.0874515175819399 -0.10507600754499434 -0.036472376435995095 -0.36946609616279596 -0.35542738437652582 -0.18270766735076902 -0.41882969439029688 -0.027181534096598622 1.0000000180025095e-35 -1.0371792912483213 -0.82257151603698719 0.17511215806007388 -0.42892540991306299 0.39730425179004675 2.2576968073844914 -0.88827767968177784 -0.26139283180236811 -0.047474030405282967 0.31572198867797857 1.0000000180025095e-35 -0.036157628521323197 0.023524343967437748 -0.44194637238979334 -0.30153389275074 1.0000000180025095e-35 -0.17711103707551953 -0.046928744763135903 -0.31211493909358973 -0.46601891517639155 -0.60456100106239308
decision_type=2 2 2 2 2 2 2 2 2 2 2 2 2 2 2 2 2 2 2 2 2 2 2 2 2 2 2 2 2 2 2 2 2 2 2 2 2 2 2
left_child=1 -1 -3 17 5 6 -5 8 9 10 24 -12 -13 -14 -15 -16 -17 23 -19 20 32 -22 -23 28 -8 26 -26 -28 29 34 31 -30 -20 -34 37 -36 -11 38 -4
right_child=-2 2 3 4 -6 -7 7 -9 -10 36 11 12 13 14 15 16 -18 18 19 -21 21 22 -24 -25 25 -27 27 -29 30 -31 -32 -33 33 -35 35 -37 -38 -39 -40
leaf_value=-0.63049375031923149 1.2892574270566306 1.5933119349858977 -0.21222711431980135 0.88130096072951947 1.6711464622746346 0.91041468736287712 0.30264245897531511 0.85205556100065061 0.73358881728989744 -0.68523927075522284 0.79003105811003982 0.61211694419384011 0.30531736557420935 -0.32369775498050385 0.57511272430419924 0.38166911959648137 -0.17944546205263276 0.83085823045535523 -0.28693853123434659 -0.1917655059466602 -0.20212506055831911 1.3830575747891669 -0.047611541123617263 0.20828219581591456 -0.18542577178590003 -0.24291941999139902 -0.080471302267718828 0.38265665728470377 -0.21670271029298227 0.56170014093319576 -0.46607779522115989 0.094169706577325582 0.30563952876254918 -0.13708147189101658 -0.27015807307683509 0.34874159838259222 -0.28790152668952945 -0.19669698051975243 0.22698302023833797
leaf_weight=43 24 22 50 24 23 37 25 22 28 21 29 20 38 87 21 20 120 22 29 189 21 22 21 38 100 167 47 29 356 21 27 34 20 37 26 25 20 280 31
leaf_count=43 24 22 50 24 23 37 25 22 28 21 29 20 38 87 21 20 120 22 29 189 21 22 21 38 100 167 47 29 356 21 27 34 20 37 26 25 20 280 31
internal_value=1.04222e-09 -0.014116 -0.00178266 -0.0182811 0.0967566 0.0544046 0.0156853 -0.0104794 -0.0350594 -0.063987 -0.0390587 0.0500624 -0.0200654 -0.064274 -0.120905 -0.0113212 -0.0992862 -0.0991482 -0.000172972 -0.0541042 0.119349 0.393481 0.684359 -0.139385 -0.120188 -0.151006 -0.0637937 0.0962486 -0.154928 -0.104295 -0.207502 -0.189601 -0.0846563 0.0182592 -0.138242 0.0332241 -0.491416 -0.162465 -0.0441343
internal_weight=2216 2192 2149 2127 878 855 818 794 772 744 703 335 306 286 248 161 140 1249 361 339 150 64 43 888 368 343 176 76 850 433 417 390 86 57 412 51 41 361 81
internal_count=2216 2192 2149 2127 878 855 818 794 772 744 703 335 306 286 248 161 140 1249 361 339 150 64 43 888 368 343 176 76 850 433 417 390 86 57 412 51 41 361 81
is_linear=0
shrinkage=0.05


Tree=16
num_leaves=40
num_cat=0
split_feature=30 8 22 30 33 5 15 7 24 17 0 4 30 9 7 11 5 6 6 28 14 27 29 19 4 8 13 12 16 27 5 8 22 30 17 10 0 5 6
split_gain=16035.8 6162.96 23192.4 7776.85 43876.4 4999.11 21101.3 6294.54 30718.8 42419 4036.48 5263.86 10236 17028.4 3712.39 10419 36380.5 3693.84 6683.9 3185.95 3142.23 6292.11 2160.27 1993.29 2366.16 1837.22 5034.63 4842.01 1620.19 1781.42 1502.53 1418.15 1314.11 990.973 955.821 981.065 1925.06 666.352 828.919
threshold=-2.4608415365219112 -1.2785375714302061 -1.6634678840637205 1.0098809599876406 -0.047479992732405656 -0.096956163644790636 1.8629074692726137 1.1276233196258547 0.9187980890274049 0.72464904189109813 0.86638915538787853 0.1197384111583233 0.13834507763385775 -0.36709570884704584 -0.35899424552917475 -0.46645146608352656 -0.38735930621623987 2.2832190990448002 3.1649718284606938 -1.3693305850028989 0.15047965198755267 0.1107570491731167 1.1304740905761721 -0.58301496505737294 -1.0224258303642271 -0.63483852148056019 -0.57643339037895192 -0.6477123200893401 0.059406541287899024 -0.099173549562692628 2.941359400749207 1.2154778838157656 0.19179907441139224 -0.55049610137939442 2.0610371828079228 1.5151640772819521 -0.45704109966754908 -0.31312091648578638 -0.41887925565242762
decision_type=2 2 2 2 2 2 2 2 2 2 2 2 2 2 2 2 2 2 2 2 2 2 2 2 2 2 2 2 2 2 2 2 2 2 2 2 2 2 2
left_child=-1 19 -3 5 -5 14 7 8 10 -10 11 20 13 -13 15 22 28 34 -19 -2 23 32 25 24 -7 33 27 -27 29 -17 -12 -9 -22 -4 35 37 -37 38 -16
right_child=1 2 3 4 -6 6 -8 31 9 -11 30 12 -14 -15 17 16 -18 18 -20 -21 21 -23 -24 -25 -26 26 -28 -29 -30 -31 -32 -33 -34 -35 -36 36 -38 -39 -40
leaf_value=1.2344268505389875 -0.93759779359983364 1.6965531770884992 0.089064143691211947 2.3639801537990572 -0.83816432227259097 0.51897767364978786 1.5750219355458799 -0.10439923584461214 3.0536423921585083 -0.064213944164415213 -0.1703042981403691 -0.12097816120833159 -0.2458492888077613 1.8738792795202006 -0.093057764299361911 -0.11694135159254074 2.3930704492330555 0.97491024781018509 -0.28803104460239409 -0.2454658277332783 0.23425129532814026 0.93632698110912171 0.31014712127772248 -0.28053134665247942 -0.093972530578439295 -0.016294776598612469 -0.27879610075703204 0.93653078824281699 -0.38207085182269418 0.46793911171996072 -0.62322883818830765 -0.61795748137846229 -0.30048213038179611 -0.20532322219684165 -0.40261051960107763 -0.1930894847757913 0.37487036418914799 -0.29782951746013142 -0.20712423960661699
leaf_weight=26 23 20 32 20 23 20 23 20 20 24 143 20 31 23 302 30 20 20 22 60 20 23 33 105 74 30 53 24 21 23 21 41 27 268 41 37 25 91 337
leaf_count=26 23 20 32 20 23 20 23 20 20 24 143 20 31 23 302 30 20 20 22 60 20 23 33 105 74 30 53 24 21 23 21 41 27 268 41 37 25 91 337
internal_value=1.83363e-09 -0.0146553 0.00199222 -0.014247 0.651205 -0.0282462 0.088232 0.0323559 0.0857097 1.35299 -0.0242715 0.0732818 0.446734 0.946039 -0.08074 0.0231503 0.500982 -0.144143 0.31337 -0.437261 -0.0294523 0.258679 -0.0789318 -0.130805 0.0364424 -0.110479 0.0673991 0.407183 -0.0103936 0.136875 -0.228301 -0.449578 -0.072936 -0.173922 -0.167211 -0.155024 0.0359266 -0.171242 -0.153215
internal_weight=2216 2190 2107 2087 43 2044 635 612 551 44 507 343 74 43 1409 534 94 875 42 83 269 70 440 199 94 407 107 54 74 53 164 61 47 300 833 792 62 730 639
internal_count=2216 2190 2107 2087 43 2044 635 612 551 44 507 343 74 43 1409 534 94 875 42 83 269 70 440 199 94 407 107 54 74 53 164 61 47 300 833 792 62 730 639
is_linear=0
shrinkage=0.05


Tree=17
num_leaves=40
num_cat=0
split_feature=29 21 19 5 30 33 7 27 15 24 12 5 24 18 22 29 29 7 7 5 27 20 26 16 15 30 5 5 22 22 17 7 27 29 28 15 15 18 4
split_gain=14494.7 6516.76 19741.5 6888.99 5732.95 38206.6 3519.74 45806.7 4500.06 8075.63 2609.67 2130.62 2065.16 5487.73 20475.3 2231.73 11727.2 11290.2 18001 3220.11 2327.64 3045.25 15126.6 2063.77 1940.91 1639.02 2132.05 1587.36 1014.04 1613.67 2775.75 985.324 849.139 863.316 907.797 6555.6 1249.21 2870.78 3845.95
threshold=3.2934920787811284 -1.6710991859436033 -1.5992504954338072 3.5429087877273564 1.0098809599876406 -0.04748056270182132 1.6315463185310366 -0.058290904387831681 1.8295560479164126 1.5304850935935976 1.0842877030372622 -0.54893699288368214 -0.97461545467376698 -1.0022060871124265 -1.0179220438003538 -0.41597388684749598 -0.52172148227691639 0.41479589045047766 0.059344327077269561 0.47402445971965795 0.3867646604776383 0.13133033365011218 -0.41681288182735438 1.0116284489631655 -0.60947853326797474 0.3407531082630158 -0.36989144980907435 -0.39172627031803126 -1.2416166067123411 -1.4895985722541807 -1.3745294809341428 0.89212873578071605 0.21318208426237109 0.42881171405315405 -0.41530318558216089 -0.36572782695293421 0.053082352504134185 0.36480028927326208 -0.50052195787429798
decision_type=2 2 2 2 2 2 2 2 2 2 2 2 2 2 2 2 2 2 2 2 2 2 2 2 2 2 2 2 2 2 2 2 2 2 2 2 2 2 2
left_child=1 -1 -3 4 6 -6 8 11 9 10 12 -8 28 14 -14 16 19 18 -18 31 32 22 24 -23 -22 26 -25 -10 29 -4 -31 -15 33 34 -17 -36 -37 38 -38
right_child=-2 2 3 -5 5 -7 7 -9 27 -11 -12 -13 13 15 -16 20 17 -19 -20 -21 21 23 -24 25 -26 -27 -28 -29 -30 30 -32 -33 -34 -35 35 36 37 -39 -40
leaf_value=-0.62284651065981667 1.2220948626597723 1.4889098118651998 -0.25712566245609608 0.90699675440788274 2.1839099836349489 -0.67740412950515749 -0.016077837937257505 2.4071523229032756 -0.27852891374517375 0.74567195121198893 -0.33121021170078258 -0.48901405973093848 -0.10689640757110384 -0.30725136671215297 1.7658916902542114 -0.1632945494843846 0.29397044688463214 -0.21367399235566459 2.145659866219475 0.26137504271971873 0.28912229442170689 -0.19282557359193825 1.1647905104095118 0.025518174888566138 -0.13790277526252442 -0.23620451126586306 0.68360000014305111 -0.85814059915996743 -0.28902879112315449 0.57956547111272816 -0.11173750755359542 0.064000725178491508 -0.25290690552857192 -0.24661563082776042 0.76675484804436567 -0.23269112567918807 0.61204327274771309 -0.17012733819214165 -0.044242857671700997
leaf_weight=43 24 22 71 20 20 28 55 20 27 32 82 42 54 120 20 206 35 30 21 39 35 163 32 32 111 22 20 21 110 20 53 21 108 89 24 104 34 141 65
leaf_count=43 24 22 71 20 20 28 55 20 27 32 82 42 54 120 20 206 35 30 21 39 35 163 32 32 111 22 20 21 110 20 53 21 108 89 24 104 34 141 65
internal_value=-8.72022e-10 -0.0133806 -0.00118561 -0.016598 -0.0253649 0.51481 -0.0379576 0.228378 -0.0540035 -0.0418868 -0.0554217 -0.220854 -0.0427168 -0.0207445 0.399263 -0.0421498 0.0887409 0.569042 0.988354 -0.140736 -0.0715064 0.0239684 0.180255 -0.0934113 -0.0355338 0.125569 0.278627 -0.532109 -0.174724 -0.0874076 0.0776606 -0.251959 -0.122897 -0.101719 -0.0792521 -0.0322066 -0.0879481 -0.0252261 0.181148
internal_weight=2216 2192 2149 2127 2107 48 2059 117 1942 1894 1862 97 1780 1526 74 1452 266 86 56 180 1186 415 178 237 146 74 52 48 254 144 73 141 771 663 574 368 344 240 99
internal_count=2216 2192 2149 2127 2107 48 2059 117 1942 1894 1862 97 1780 1526 74 1452 266 86 56 180 1186 415 178 237 146 74 52 48 254 144 73 141 771 663 574 368 344 240 99
is_linear=0
shrinkage=0.05


Tree=18
num_leaves=40
num_cat=0
split_feature=30 8 22 3 31 27 7 5 13 5 30 23 28 30 20 17 0 30 2 19 22 28 30 6 27 14 28 20 27 27 17 10 33 28 17 17 5 18 9
split_gain=14523 5699.01 20409.2 6864.27 48541.4 82674.7 15021.7 39599.9 13325.5 9108.13 6192.04 3298.13 2892.19 2259.86 2015.38 11733 15228.5 1976.62 2200.15 3777.09 5632.57 2807.58 2396.54 1960.27 1562.49 2801.38 4470.4 3438.29 1185.43 4375.21 1688.7 3340.26 1254.29 1152.45 3341.02 9541.32 1885.47 1429 2641.13
threshold=-2.4608415365219112 -1.2785375714302061 -1.6634678840637205 -0.27481402456760401 -0.57379686832427967 -0.19872929900884626 1.6315463185310366 0.12139206379652025 1.4338148832321169 3.3049092292785649 0.95535138249397289 0.89250150322914135 -1.3693305850028989 1.0098809599876406 0.45322860777378088 0.35513137280941015 -0.72390931844711293 -0.058842945843935006 1.1408391594886782 0.20737794041633609 0.48771651089191442 -0.44768442213535303 -0.55049610137939442 0.7208407223224641 0.65905940532684337 -0.88961794972419728 0.5443481206893922 -0.22457061707973477 0.0077290176413953313 -0.070171184837818132 -0.067283444106578813 0.28419394791126257 -0.047486331313848489 -0.42508600652217859 -0.1020272634923458 -0.20419634878635404 0.30262109637260443 0.96812066435813915 0.52843922376632702
decision_type=2 2 2 2 2 2 2 2 2 2 2 2 2 2 2 2 2 2 2 2 2 2 2 2 2 2 2 2 2 2 2 2 2 2 2 2 2 2 2
left_child=-1 12 -3 13 5 -5 8 -8 9 10 11 17 -2 14 15 23 -17 18 19 22 -21 -20 -6 24 28 -26 27 -27 29 30 -4 -32 -33 -19 35 36 -35 -36 -39
right_child=1 2 3 4 6 -7 7 -9 -10 -11 -12 -13 -14 -15 -16 16 -18 33 21 20 -22 -23 -24 -25 25 26 -28 -29 -30 -31 31 32 -34 34 37 -37 -38 38 -40
leaf_value=1.1747607341179482 -0.89704732247020891 1.5916961607336999 -0.14472450148791841 4.0703388345241551 0.20536994636058808 -0.42149357710565838 2.5305850070714953 -0.6158361077308655 1.2414978861203418 0.98970672845840457 -0.95922988653182983 -0.38403254109621049 -0.23759522408246997 -0.608948412395659 -0.1817242086918299 -0.11425606478815493 1.7722299060225488 -0.22405931701660156 0.84017429731786253 1.0092095701467423 -0.044635041244328023 0.012416314227240426 -0.25190886164102516 -0.30534007840686378 -0.20273023431443354 0.20814149422304973 -0.28708821601996365 1.0544929849249978 -0.21310776026070521 0.65567946944917954 0.67659013509750376 -0.2711174872788516 0.23068648725748064 -0.26220559321863707 -0.18953613176672168 1.1804150109738112 0.29098778950671356 0.48753944803029303 -0.22154506491176013
leaf_weight=26 23 20 273 20 40 21 20 20 20 20 20 75 60 21 367 23 20 125 20 21 32 21 101 90 44 28 22 21 147 21 20 33 20 43 221 20 24 24 29
leaf_count=26 23 20 273 20 40 21 20 20 20 20 20 75 60 21 367 23 20 125 20 21 32 21 101 90 44 28 22 21 147 21 20 33 20 43 221 20 24 24 29
internal_value=5.84598e-11 -0.0139469 0.00206171 -0.013172 0.0872862 1.76964 0.0103033 0.957374 -0.0339524 -0.0644655 -0.0903031 -0.0684708 -0.420335 -0.0950235 -0.0854643 -0.0391028 0.763179 -0.0356453 0.0834098 0.0130777 0.372926 0.416201 -0.122184 -0.0870835 -0.0558545 0.11075 0.305019 0.570864 -0.0931298 -0.0450732 -0.0876044 0.126009 -0.0817575 -0.0932132 -0.0479063 0.222036 -0.0640468 -0.133618 0.0995498
internal_weight=2216 2190 2107 2087 937 41 896 40 856 836 816 796 83 1150 1129 762 43 721 235 194 53 41 141 719 629 115 71 49 514 367 346 73 53 486 361 87 67 274 53
internal_count=2216 2190 2107 2087 937 41 896 40 856 836 816 796 83 1150 1129 762 43 721 235 194 53 41 141 719 629 115 71 49 514 367 346 73 53 486 361 87 67 274 53
is_linear=0
shrinkage=0.05


Tree=19
num_leaves=40
num_cat=0
split_feature=30 22 3 31 5 7 5 13 5 30 30 23 15 30 5 5 29 4 29 29 6 31 29 7 33 30 29 5 17 29 18 0 8 29 29 5 29 14 7
split_gain=13107.1 5200.93 5986.63 43533.1 77212.8 13934 35738.9 12266.1 8410.86 5881.23 3021.3 2779.81 2363.54 2093.61 2363.61 3786.48 3557.73 4869.57 1944.09 6630.35 2048.73 2335.9 2948.24 7377.93 2711.29 1546.18 1439.46 1358.31 4716.86 1864.9 3074.5 1233.98 1699.75 1211.26 1796.47 1238.17 4291.05 1230.41 1090.32
threshold=-2.4608415365219112 -1.6769025325775144 -0.27481402456760401 -0.57379686832427967 -0.36989144980907435 1.6315463185310366 0.12139206379652025 1.4338148832321169 3.3049092292785649 1.0098809599876406 1.0567454695701601 0.89250150322914135 -1.3155183792114256 -0.058842945843935006 1.1148765087127688 0.51005190610885631 0.21774261444807055 -0.27614629268646235 -0.55690127611160267 -0.51274108886718739 -0.098241925239562974 1.0000000180025095e-35 -0.41597388684749598 0.44319847226142889 -0.047477118670940392 -0.26575618982315058 -0.11553847417235373 -0.11660750955343245 0.059342432767152793 -0.04430867359042167 0.25834965705871588 -1.1810910701751707 -0.18018630146980283 0.24387346208095553 0.15625484287738803 0.27423581480979925 -0.44043858349323267 0.44746088981628424 0.53242841362953197
decision_type=2 2 2 2 2 2 2 2 2 2 2 2 2 2 2 2 2 2 2 2 2 2 2 2 2 2 2 2 2 2 2 2 2 2 2 2 2 2 2
left_child=-1 -2 10 4 -4 7 -7 8 9 11 18 12 -5 14 15 16 25 -18 -3 -20 21 22 23 -21 -23 -14 -24 29 -29 30 -28 32 -31 34 35 37 -37 -15 -38
right_child=1 2 3 5 -6 6 -8 -9 -10 -11 -12 -13 13 33 -16 -17 17 -19 19 20 -22 24 26 -25 -26 -27 27 28 -30 31 -32 -33 -34 -35 -36 36 38 -39 -40
leaf_value=1.1160227537155152 0.58276959852212007 -0.25699473911909021 -0.35127289821596253 -0.39433256232220198 3.8965836217999463 2.4040557882189755 -0.58504430055618284 1.1794229537248613 0.94022144675254826 -0.94441251754760747 -0.66566862230715551 -0.36464683397820125 -0.32726694196462636 -0.21562111219152427 -0.2297759854516318 0.64941597695861553 1.0194927451014519 -0.036888831605513893 0.75872131834427525 0.87362693958329385 -0.20295564703356761 -0.06064266076480801 -0.196800926496562 -0.31840294459462171 0.74372864477336409 0.072545372472520464 0.69011358190327887 -0.19105416936799885 0.76000400293957115 0.4468862251124599 -0.17609864168223882 -0.14879253751607965 -0.1678572282680999 -0.21991599875017387 0.3033541383913585 0.63476132583618172 -0.18358659048246434 0.098370347601863056 0.21441310650923034
leaf_weight=26 36 147 23 46 20 20 20 20 20 20 23 76 42 156 43 35 20 24 24 27 260 22 214 25 20 57 20 32 22 22 21 289 23 121 35 25 79 39 22
leaf_count=26 36 147 23 46 20 20 20 20 20 20 23 76 42 156 43 35 20 24 24 27 260 22 214 25 20 57 20 32 22 22 21 289 23 121 35 25 79 39 22
internal_value=1.29183e-09 -0.0132496 -0.0232109 0.0694894 1.62447 -0.00318925 0.909506 -0.0446754 -0.0731428 -0.0972705 -0.0981651 -0.0766085 -0.0471852 -0.0243073 0.102912 0.183281 0.0691916 0.443285 -0.0869899 -0.0625132 -0.0822821 -0.0397107 -0.0615932 0.300536 0.322391 -0.097072 -0.0908789 -0.0380413 0.196414 -0.0718028 0.246444 -0.110869 0.132684 -0.0832497 -0.0367985 -0.0738868 0.048276 -0.152823 -0.0968936
internal_weight=2216 2190 2154 963 43 920 40 880 860 840 1191 820 744 698 221 178 143 44 1168 1021 997 737 695 52 42 99 643 429 54 375 41 334 45 477 356 321 126 195 101
internal_count=2216 2190 2154 963 43 920 40 880 860 840 1191 820 744 698 221 178 143 44 1168 1021 997 737 695 52 42 99 643 429 54 375 41 334 45 477 356 321 126 195 101
is_linear=0
shrinkage=0.05


Tree=20
num_leaves=40
num_cat=0
split_feature=29 22 19 5 30 16 0 5 24 11 4 4 33 0 4 20 12 30 30 3 3 6 7 3 13 14 30 29 29 30 14 7 17 22 22 15 29 29 3
split_gain=12761.6 7201.63 17116.1 6125.04 22098.8 9137.18 5628.42 5899.56 5095.35 2785.73 2329.81 6024.41 2467.27 2411.92 6766.6 3055.85 13121.5 1974.43 2438.27 1954.63 7205.19 2762.15 1220.36 1129.23 1127.66 2206.04 1762.06 1093.28 2640.96 6011.45 845.293 2731.56 2871.11 3791.28 3330.67 2673.31 951.47 919.157 750.842
threshold=3.2934920787811284 -1.6923955082893369 -1.5992504954338072 -0.35242359340190882 1.0098809599876406 1.840181350708008 2.7512800693511967 -0.32840529084205622 1.5304850935935976 1.1336319446563723 -0.86259660124778736 -0.79682075977325428 -0.047472042962908738 0.86638915538787853 0.40312792360782629 -0.10507600754499434 -0.14812283962965009 0.51504388451576244 0.46395739912986761 1.461473882198334 1.7308740615844729 2.872025847434998 0.59595096111297619 -0.053644008934497826 0.089657776057720198 0.21965948492288592 0.41877903044223791 -0.55690127611160267 -0.45463125407695765 -0.014886674005538223 -0.31360502541065211 -0.7240467071533202 0.037436202168464668 -0.27070200443267817 -0.5666460096836089 -0.73041802644729603 0.55552455782890331 0.91963148117065441 1.9651351571083071
decision_type=2 2 2 2 2 2 2 2 2 2 2 2 2 2 2 2 2 2 2 2 2 2 2 2 2 2 2 2 2 2 2 2 2 2 2 2 2 2 2
left_child=1 -1 -3 17 5 6 7 -5 9 10 12 -12 -9 14 15 -13 -17 18 19 21 -21 23 38 27 -18 -26 -27 -4 29 -29 31 36 33 34 35 -33 -30 -38 -15
right_child=-2 2 3 4 -6 -7 -8 8 -10 -11 11 13 -14 22 -16 16 24 -19 -20 20 -22 -23 -24 -25 25 26 -28 28 30 -31 -32 32 -34 -35 -36 -37 37 -39 -40
leaf_value=-0.65324689149856574 1.14670818845431 1.3877460777759554 -0.23707694393917197 0.76194832008332014 1.6165317265883736 0.81451420848434042 0.81919690143494384 -0.34937295220047238 0.61615902431437686 -0.47075025041898089 0.83854360442076414 -0.15156166459572443 0.14367719991680455 -0.30896220120411477 0.80792689495892445 1.1745610879017758 -0.35962600298225883 -0.24635746314670104 0.39982209940041818 0.98179674655199056 -0.16277083564041692 0.37434720459484283 0.15528869615948721 -0.24730752519347143 0.48098164654913406 -0.19285282601070192 0.33389862476149573 0.79939915786186866 -0.24912289651637934 -0.26579536600754811 -0.13618316177808287 0.0042132060636173594 -0.32322936986501399 0.83053092101345904 -0.25454264846112995 0.78368059389970524 0.26718835206258867 -0.17756323315776312 -0.055965372047773222
leaf_weight=43 24 22 103 24 23 37 21 100 29 39 21 188 34 103 27 26 24 165 28 20 44 31 23 122 21 77 20 27 106 26 401 22 26 23 36 22 21 26 41
leaf_count=43 24 22 103 24 23 37 21 100 29 39 21 188 34 103 27 26 24 165 28 20 44 31 23 122 21 77 20 27 106 26 401 22 26 23 36 22 21 26 41
internal_value=-1.51256e-09 -0.0125552 0.000264596 -0.0140864 0.0871122 0.0459699 0.0112069 -0.0100827 -0.0340526 -0.0593968 -0.0366411 0.00739104 -0.224271 -0.0243439 0.0447961 -0.0130818 0.141884 -0.0852252 -0.0606986 -0.0729094 0.194907 -0.0901879 -0.18291 -0.105173 -0.0471979 0.0163468 -0.0842443 -0.0845049 -0.0631531 0.276851 -0.089537 -0.0232069 0.146266 0.26478 0.102127 0.393947 -0.166096 0.0211556 -0.236928
internal_weight=2216 2192 2149 2127 878 855 818 797 773 744 705 571 134 550 383 356 168 1249 1084 1056 64 992 167 961 142 118 97 839 736 53 683 282 129 103 80 44 153 47 144
internal_count=2216 2192 2149 2127 878 855 818 797 773 744 705 571 134 550 383 356 168 1249 1084 1056 64 992 167 961 142 118 97 839 736 53 683 282 129 103 80 44 153 47 144
is_linear=0
shrinkage=0.05


Tree=21
num_leaves=40
num_cat=0
split_feature=30 8 22 30 33 15 15 0 28 7 8 5 5 5 29 29 30 28 15 5 29 3 0 29 4 33 29 4 17 29 5 33 29 29 9 4 27 27 27
split_gain=11925.5 5301.63 17571.4 6403.09 35898.8 5044.79 21542.5 4555.13 2704.19 2493.18 19082.5 2259.79 4377.66 8733.07 3289.53 10539 14001.4 8850.5 2281.68 2024.08 2010.82 2048.15 6931.33 2347.19 1919.52 2673.18 4789.7 2314.51 5310.88 2134.04 1892.11 1514.57 1523.9 3607.16 1880.05 1080.26 937.218 900.475 2635.45
threshold=-2.4608415365219112 -1.2785375714302061 -1.6634678840637205 1.0098809599876406 -0.047479992732405656 2.1951055526733403 1.8629074692726137 2.9056415557861333 -1.3693305850028989 1.1276233196258547 1.1794789433479311 1.4151052832603457 0.82119813561439525 0.98605105280876171 -0.52172148227691639 -0.46025393903255457 0.024300143122673038 -1.2250468134880064 -0.46841382980346674 -0.36334100365638727 -0.11553847417235373 1.461473882198334 0.33122178912162786 -0.091077558696269975 -0.64498296380043019 -0.047488832846283906 0.36456617712974554 -0.43843443691730494 -0.017686721868813034 -0.04430867359042167 -0.068570896983146654 -0.047476394101977341 0.23727176338434222 0.15625484287738803 -1.0740126967430113 0.8291342854499818 0.34649854898452764 0.26130121946334844 0.15120091289281848
decision_type=2 2 2 2 2 2 2 2 2 2 2 2 2 2 2 2 2 2 2 2 2 2 2 2 2 2 2 2 2 2 2 2 2 2 2 2 2 2 2
left_child=-1 8 -3 5 -5 6 7 9 -2 10 11 12 14 -14 -4 16 -16 -17 -15 -7 37 23 -23 -22 25 26 -25 28 -26 -29 -11 -31 33 35 -34 -33 -24 38 -19
right_child=1 2 3 4 -6 19 -8 -9 -10 30 -12 -13 13 18 15 17 -18 20 -20 -21 21 22 36 24 27 -27 -28 29 -30 31 -32 32 34 -35 -36 -37 -38 -39 -40
leaf_value=1.0645301580429078 -0.86555993190926062 1.4777876651287079 -0.23760996616523095 2.1417512893676758 -0.75469316399615749 -0.25025330413790309 1.2759729601442815 0.70052661697069807 -0.22790143491079409 -0.10172881812219864 1.4412270508029246 -0.23553298283232393 1.1802958924661984 0.48630889371037489 1.7219764502346515 0.82085979169812695 -0.052938228279352184 -0.14628722388066587 -0.14742836551235902 -0.86575218330730097 0.42470922344006024 1.0267673003673554 -0.25879859025108404 -0.16805688664317131 -0.11795172676807497 -0.26015238352903708 0.61064213147120816 0.36091245954235396 0.73420662139401294 -0.18230765949828287 -0.45106368071194425 0.20062701736505215 0.3351529768109322 0.75359622140725457 -0.20617144302821455 -0.25969607527554034 0.17979934508247036 -0.24777070993109596 0.42743923333896838
leaf_weight=26 23 20 192 20 23 34 32 21 60 113 22 137 22 20 20 29 25 222 49 22 26 20 29 67 41 202 28 30 33 175 59 26 20 21 81 25 21 158 22
leaf_count=26 23 20 192 20 23 34 32 21 60 113 22 137 22 20 20 29 25 222 49 22 26 20 29 67 41 202 28 30 33 175 59 26 20 21 81 25 21 158 22
internal_value=-2.0837e-09 -0.0126383 0.00280217 -0.0113328 0.59249 -0.0240355 -0.0108519 -0.0319042 -0.404602 -0.0398531 -0.0221257 -0.0406172 -0.0239692 0.312843 -0.0442269 -0.0161197 0.735913 -0.0426412 0.0362636 -0.492056 -0.0627227 -0.0189293 0.240085 -0.0423242 -0.0585363 -0.157282 0.0614544 0.00634718 0.262065 -0.0437139 -0.221559 -0.0785955 0.0263156 0.202075 -0.0989785 -0.0250216 -0.0745875 -0.154776 -0.0945578
internal_weight=2216 2190 2107 2087 43 2044 1988 1956 83 1935 1763 1741 1604 91 1513 1321 45 1276 69 56 1247 845 70 775 749 297 95 452 74 378 172 348 173 72 101 51 50 402 244
internal_count=2216 2190 2107 2087 43 2044 1988 1956 83 1935 1763 1741 1604 91 1513 1321 45 1276 69 56 1247 845 70 775 749 297 95 452 74 378 172 348 173 72 101 51 50 402 244
is_linear=0
shrinkage=0.05


Tree=22
num_leaves=40
num_cat=0
split_feature=29 21 19 5 30 16 5 0 24 11 4 33 29 33 30 33 30 33 15 22 3 26 3 29 6 28 25 30 26 4 4 5 21 29 30 6 29 30 26
split_gain=11464.8 6931.3 14938.4 5721.94 20020.6 8396.42 5072.69 5174.67 4757.38 2550.06 2039.79 5375.38 2149.26 2253.1 2507.44 2128.63 1981.71 1574.84 3721.33 6582.13 1609.67 1519.47 2109.69 6873.19 2881.93 1478.02 3607.01 6129.71 1140.45 1050.25 2874.5 924.14 855.759 824.364 2085.87 1002.16 813.875 808.229 785.868
threshold=3.2934920787811284 -1.6710991859436033 -1.5992504954338072 -0.35242359340190882 1.0098809599876406 1.840181350708008 -0.32840529084205622 2.7512800693511967 1.5304850935935976 1.1336319446563723 -0.86259660124778736 -0.047486113384366029 -0.88827767968177784 -0.047469610348343842 -0.30713127553462977 -0.047472042962908738 1.0567454695701601 -0.047475527971982949 -0.096796888858079896 -0.51586395502090443 0.8902902901172639 0.53544911742210399 1.461473882198334 0.04523908160626889 2.872025847434998 -0.4927853643894195 -0.52145424485206593 0.13276672363281253 0.45099233090877539 1.5120968818664553 1.9706838726997378 -0.41574457287788386 0.41067433357238775 -0.45463125407695765 -0.014886674005538223 0.44246922433376318 0.62293955683708202 0.50587067008018505 0.4362324327230454
decision_type=2 2 2 2 2 2 2 2 2 2 2 2 2 2 2 2 2 2 2 2 2 2 2 2 2 2 2 2 2 2 2 2 2 2 2 2 2 2 2
left_child=1 -1 -3 16 5 6 -5 8 9 10 15 -12 -13 14 -14 -8 21 37 19 -19 -20 22 24 -24 25 31 27 -27 29 33 -31 36 -22 34 -28 -35 -4 38 -16
right_child=-2 2 3 4 -6 -7 7 -9 -10 -11 11 12 13 -15 17 -17 -18 18 20 -21 32 -23 23 -25 -26 26 28 -29 -30 30 -32 -33 -34 35 -36 -37 -38 -39 -40
leaf_value=-0.64045212047044631 1.0868820607662202 1.2968872753056615 -0.16255510885961527 0.72876910633252312 1.5408115739407746 0.78265407085418703 -0.32456964975688607 0.76537845872697385 0.59818917736411092 -0.44814680085923425 0.72533469107747084 0.45970890088514849 0.48659177012741567 -0.18165808747381129 -0.049167674631603715 0.13339575329685913 -0.54131102199139802 -0.11292037151753903 -0.45929755181074139 1.169863042831421 -0.13999417168753489 -0.16477340225690812 -0.28677527125065144 0.88661312630089617 0.46048717755251212 -0.15027741919513105 0.39235675349831584 0.9362475700080396 0.30241453140974045 0.53839785056188705 -0.12313349032058166 -0.36317543939997754 0.31139495571454368 -0.17313179727077385 -0.26022660036881767 0.15653475582599641 0.083068357855081557 0.12653556253968015 -0.27226505135186019
leaf_weight=43 24 22 215 24 23 37 100 21 29 39 25 22 28 191 103 34 23 20 20 20 21 329 26 24 26 27 25 25 20 24 52 48 21 296 24 25 40 36 64
leaf_count=43 24 22 215 24 23 37 100 21 29 39 25 22 28 191 103 34 23 20 20 20 21 329 26 24 26 27 25 25 20 24 52 48 21 296 24 25 40 36 64
internal_value=-1.55786e-09 -0.0119002 0.000676719 -0.0127303 0.0850817 0.0459217 0.0125976 -0.00904987 -0.0300887 -0.054578 -0.0328061 0.0083944 -0.0244325 -0.0447591 0.0337626 -0.208369 -0.0814884 -0.00780864 0.152474 0.528471 -0.0901054 -0.072862 -0.0391509 0.276451 -0.0577815 -0.0741944 -0.0228853 0.37209 -0.0669598 -0.0835237 0.0857711 -0.161911 0.0857004 -0.118298 0.0727241 -0.147457 -0.124026 -0.0883446 -0.134666
internal_weight=2216 2192 2149 2127 878 855 818 794 773 744 705 571 546 524 333 134 1249 305 102 40 62 1226 897 50 847 821 518 52 466 446 76 303 42 370 49 321 255 203 167
internal_count=2216 2192 2149 2127 878 855 818 794 773 744 705 571 546 524 333 134 1249 305 102 40 62 1226 897 50 847 821 518 52 466 446 76 303 42 370 49 321 255 203 167
is_linear=0
shrinkage=0.05


Tree=23
num_leaves=40
num_cat=0
split_feature=30 14 14 7 18 18 30 22 28 28 30 5 15 17 17 3 3 5 5 18 5 5 9 5 7 28 21 20 15 33 4 30 9 19 21 9 25 29 18
split_gain=10860.1 4977.94 30177.6 8166.29 5143.69 80609.7 5234.04 5871.87 4346.78 9163.9 2827.5 2582.55 2532.87 2308.47 5549.89 2308.7 6410.99 2487.36 11313.7 2173.13 1479.22 1442.11 2127.79 2088.21 1749.34 1573.76 3609.69 1783.41 4376.27 1211.31 1371.87 1159.84 1005.38 1107.83 1817.61 901.967 865.531 833.807 2103.04
threshold=-2.4608415365219112 1.6449084281921389 1.4663060307502749 1.6315463185310366 0.38747429847717291 0.35629065334796911 1.3463437557220461 -1.6769025325775144 -1.3013150095939634 -1.2250468134880064 0.9120679795742036 -0.5096343159675597 1.8629074692726137 0.2459787651896477 0.28299388289451605 1.8135544657707217 1.4042866230010989 0.82119813561439525 1.3070229887962344 0.31813330948352819 0.78735414147377025 -0.56858834624290455 0.45686323940753942 -0.57732227444648732 -0.2457693740725517 -0.44768442213535303 -0.5984395146369933 -0.25958095490932459 -0.10600532591342925 -0.047474885359406464 2.0573604106903081 0.14941830188035968 -1.105413496494293 -0.0049952019471675149 -0.045233156532049172 -0.51203489303588856 -1.6087561249732969 0.063669886440038695 -0.74197369813919056
decision_type=2 2 2 2 2 2 2 2 2 2 2 2 2 2 2 2 2 2 2 2 2 2 2 2 2 2 2 2 2 2 2 2 2 2 2 2 2 2 2
left_child=-1 2 3 4 5 6 7 -2 36 -10 13 -3 20 15 -15 16 17 21 -19 -16 29 23 32 24 25 -11 -27 -28 -29 -6 31 -31 -23 34 35 37 -9 38 -34
right_child=1 11 -4 -5 12 -7 -8 8 9 10 -12 -13 -14 14 19 -17 -18 18 -20 -21 -22 22 -24 -25 -26 26 27 28 -30 30 -32 -33 33 -35 -36 -37 -38 -39 -40
leaf_value=1.0158695349326501 0.61985348770112703 -0.10091725547977709 1.5290284773800522 0.91844687047212015 -0.12899183503434627 2.8949057588974636 0.73805295879190624 -0.63956828614075978 0.73415618625126389 -0.10274448756058262 -0.60336120322994569 -0.58118626935915507 -0.56749709061213904 0.8671738186648682 -0.20012234314432684 -0.31518180863705791 0.58473175382361009 1.1343453707902327 -0.17941439852379917 0.3509879273672899 -0.33161958919523604 -0.41132162716653609 0.26992793315159225 0.37819698178048794 -0.20619808749229251 0.7483696819841863 -0.14463129965322361 0.69894156776092675 -0.15939779182557356 0.51422768027886101 -0.18265879904782331 -0.006395449638366699 -0.17388077158480886 -0.40471904103348894 0.3098936055194248 -0.24907714191199065 -0.29285136481953994 -0.18494571640894011 0.39722829999885079
leaf_weight=26 33 57 32 23 395 24 22 24 38 159 23 55 35 23 53 85 39 23 57 27 77 45 27 29 140 20 70 27 33 23 27 20 40 41 22 146 72 77 27
leaf_count=26 33 57 32 23 395 24 22 24 38 159 23 55 35 23 53 85 39 23 57 27 77 45 27 29 140 20 70 27 33 23 27 20 40 41 22 146 72 77 27
internal_value=-1.85571e-09 -0.0120606 0.00544029 -0.018389 -0.0290402 0.021323 -0.0271763 -0.0392013 -0.0551112 -0.0306074 -0.0541768 -0.336764 -0.155254 -0.0437378 0.182672 -0.0648039 -0.0439799 -0.0689237 0.198292 -0.0141226 -0.128633 -0.0925972 -0.159608 -0.0330165 -0.059576 0.00685477 0.12303 0.0268239 0.226855 -0.0950199 0.0966791 0.272077 -0.188747 -0.160374 -0.128264 -0.161504 -0.379531 -0.0727145 0.0562677
internal_weight=2216 2190 2078 2046 2023 1446 1422 1400 1367 1271 1233 112 577 1210 103 1107 1022 983 80 80 542 903 425 478 449 309 150 130 60 465 70 43 398 353 312 290 96 144 67
internal_count=2216 2190 2078 2046 2023 1446 1422 1400 1367 1271 1233 112 577 1210 103 1107 1022 983 80 80 542 903 425 478 449 309 150 130 60 465 70 43 398 353 312 290 96 144 67
is_linear=0
shrinkage=0.05


Tree=24
num_leaves=40
num_cat=0
split_feature=11 25 30 3 31 29 7 5 13 30 5 30 30 23 16 33 29 6 29 17 17 33 11 20 27 3 13 30 19 5 7 19 6 21 21 17 16 10 16
split_gain=10303.3 45527.6 7447.48 5303.7 40214.7 73844.2 11875.4 31813.3 10182.6 6561.03 5827.47 3381.38 2963.64 2421.16 1640.02 3029.99 4693.78 3699.86 3373.93 1676.48 4564.58 1629.68 1826.38 4842.58 16302.1 3396.58 8442.11 1553.12 3032.8 1495.52 1374.42 1323.28 1275.7 1819.74 5764.44 1614.53 1268.93 1179.53 1891.91
threshold=-1.3570068478584287 -1.6300981044769285 -1.3757219314575193 -0.27481402456760401 -0.57379686832427967 -0.028919111937284466 1.6315463185310366 0.12139206379652025 1.4338148832321169 1.0098809599876406 3.179359078407288 1.0567454695701601 -2.4608415365219112 0.89250150322914135 -0.86362808942794789 -0.047476824373006814 -0.39011573791503901 0.72375559806823742 0.18635816127061847 0.41241078078746801 0.34540803730487829 -0.04745486564934253 -0.16188473254442212 -0.10507600754499434 0.78191867470741283 0.90682631731033336 -0.56068944931030262 0.37854303419590002 -0.50549572706222523 -0.5096343159675597 0.19896804541349414 -1.606185734272003 -0.41887925565242762 0.022116190753877166 0.21414794772863391 -0.69924047589302052 0.043589595705270774 0.19961309432983401 0.043589595705270774
decision_type=2 2 2 2 2 2 2 2 2 2 2 2 2 2 2 2 2 2 2 2 2 2 2 2 2 2 2 2 2 2 2 2 2 2 2 2 2 2 2
left_child=12 -2 -3 11 5 -5 8 -8 9 10 13 14 -1 21 -4 19 -17 18 -18 20 27 22 23 25 -25 -6 -27 32 -29 -23 -24 -14 33 35 -35 -16 -30 -32 -39
right_child=1 2 3 4 6 -7 7 -9 -10 -11 -12 -13 31 -15 15 16 17 -19 -20 -21 -22 29 30 24 -26 26 -28 28 36 -31 37 -33 -34 34 -36 -37 -38 38 -40
leaf_value=-1.095296311378479 2.1841341565052672 0.86997135815521087 -0.20216414715664893 -0.46676398799532937 -0.15536543741933448 3.7784109403938055 2.2548508691787723 -0.56531263828277589 1.0782908103242517 -0.93593293144589385 0.76187160611152649 -0.700960076938976 -0.64652083705772057 -0.33342268354445698 0.25170863139629368 0.89072960853576666 -0.0067330500938826143 -0.3595804655126163 0.77920645868236371 -0.16182880467247396 0.63938174137473114 0.10882255325714747 -0.18375993217727182 1.4351149748294401 -0.23895806293144373 1.1294573771581053 -0.16514989364727894 0.67457376629114152 -0.20032064689368739 -0.29612529573471924 -0.31916564003280973 -0.084574593622237459 -0.20671253514976928 0.68033813911099594 -0.34011213207244873 -0.19163214579224586 0.24620585212340723 0.42978239316364814 -0.014762161426028632
leaf_weight=22 24 24 208 21 134 20 20 20 20 21 22 22 22 75 25 20 36 35 22 357 25 30 157 26 33 20 34 20 41 95 23 20 159 31 25 115 26 29 137
leaf_count=22 24 24 208 21 134 20 20 20 20 21 22 22 22 75 25 20 36 35 22 357 25 30 157 26 33 20 34 20 41 95 23 20 159 31 25 115 26 29 137
internal_value=-2.18122e-09 0.0185927 -0.00583071 -0.0158208 0.0727727 1.60405 0.00270295 0.844769 -0.0366459 -0.0633191 -0.0408345 -0.0869538 -0.625179 -0.0631038 -0.0751563 -0.0469625 0.195836 0.0463961 0.291382 -0.0802588 -0.0179023 -0.0348672 -0.000282277 0.103573 0.498769 -0.0204517 0.314334 -0.055079 0.134249 -0.198938 -0.0744215 -0.378927 -0.101478 -0.0161087 0.22478 -0.112464 -0.0270417 0.0164046 0.0628992
internal_weight=2216 2152 2128 2104 937 41 896 40 856 836 815 1167 64 793 1145 937 113 93 58 824 467 718 593 247 59 188 54 442 87 125 346 42 355 196 56 140 67 189 166
internal_count=2216 2152 2128 2104 937 41 896 40 856 836 815 1167 64 793 1145 937 113 93 58 824 467 718 593 247 59 188 54 442 87 125 346 42 355 196 56 140 67 189 166
is_linear=0
shrinkage=0.05


Tree=25
num_leaves=40
num_cat=0
split_feature=30 8 22 5 30 16 5 4 24 28 11 4 4 33 9 12 30 8 7 7 30 3 29 28 18 18 7 5 5 2 15 15 14 5 5 13 13 30 30
split_gain=10569.7 4927.94 13348.9 5420.02 19886.9 8014.18 4581.22 4704.52 4119.18 2621.7 2278.86 2049.12 5412.33 2084.26 2033.91 11316.3 1851.04 1579.13 3249.49 6649.01 1737.84 2000.52 1515.89 4508.89 12077.2 1328.27 1527.06 1319.63 3705.45 1243.84 2737.07 1120.24 1021.56 885.977 819.971 791.874 5211.51 894.389 1185.18
threshold=-2.4608415365219112 -1.2785375714302061 -1.6634678840637205 -0.35242359340190882 1.0098809599876406 1.840181350708008 -0.32840529084205622 1.949168384075165 1.5304850935935976 -1.3693305850028989 1.1336319446563723 -0.86259660124778736 -0.79682075977325428 -0.047472042962908738 -0.36709570884704584 -0.35531365871429438 0.56768128275871288 0.51849254965782177 0.32105529308319097 0.41479589045047766 0.46395739912986761 1.461473882198334 -0.2439976632595062 -0.10105438902974127 -0.18180479854345319 0.34971643984317785 0.3354522585868836 0.09737375378608705 -0.046736072748899453 2.2576968073844914 -0.60947853326797474 -1.2961794734001157 0.42345213890075689 2.0232050418853764 -0.43976289033889765 -0.57643339037895192 -0.62915724515914906 -0.13918532431125638 -0.0026904849801212545
decision_type=2 2 2 2 2 2 2 2 2 2 2 2 2 2 2 2 2 2 2 2 2 2 2 2 2 2 2 2 2 2 2 2 2 2 2 2 2 2 2
left_child=-1 9 -3 16 5 6 -5 8 10 -2 11 13 -13 -8 33 -16 17 18 20 -20 21 29 23 24 -17 -25 -27 28 -24 31 -31 -4 -21 -14 -11 36 -33 -37 -39
right_child=1 2 3 4 -6 -7 7 -9 -10 34 -12 12 14 -15 15 22 -18 -19 19 32 -22 -23 27 25 -26 26 -28 -29 -30 30 -32 35 -34 -35 -36 37 -38 38 -40
leaf_value=1.0021963706383339 -0.84366847691328639 1.2885893876105547 -0.35887962139788132 0.71020651498566512 1.5703433080153033 0.76718673061680154 -0.31748786785453564 0.7513038328289986 0.55899067906470135 -0.048617916441324988 -0.4204811165730159 0.82154171124100694 -0.10593894543239113 0.14612748231738806 1.1805561522642771 -0.28599951998108913 -0.2603601162472079 -0.15826694429736887 0.88599398223490555 -0.29701926484704017 0.31172695888146279 0.2819644962094332 -0.17243944456179938 -0.37661995755301581 1.4308035421371461 0.37611760700290858 -0.15263190212556058 -0.18103249075293082 0.65444877147674563 -0.18608590981364251 0.59866924867033955 -0.10044179787445401 0.1439778425570192 -0.42534719538688659 -0.42015827363701885 -0.26701470497407409 0.71478798010132527 0.12340475282860253 -0.13941391232775319
leaf_weight=26 23 20 42 23 22 37 100 20 29 33 39 20 165 32 21 21 124 283 29 24 31 38 42 27 20 22 36 146 20 25 20 180 29 25 27 95 22 53 225
leaf_count=26 23 20 42 23 22 37 100 20 29 33 39 20 165 32 21 21 124 283 29 24 31 38 42 27 20 22 36 146 20 25 20 180 29 25 27 95 22 53 225
internal_value=7.72439e-10 -0.0118982 0.0029881 -0.00933198 0.0862508 0.0476117 0.0146608 -0.00571822 -0.0255096 -0.389796 -0.0485402 -0.0277286 0.0137095 -0.205096 -0.0159357 0.0547286 -0.0772584 -0.0565425 -0.0211329 0.277326 -0.0546126 -0.0708362 -0.016057 0.120803 0.551465 -0.0869282 0.0479283 -0.0989626 0.0942987 -0.0910876 0.162694 -0.109597 -0.055719 -0.147966 -0.215811 -0.0913883 -0.0116544 -0.134569 -0.0893082
internal_weight=2216 2190 2107 2087 867 845 808 785 765 83 736 697 565 132 545 355 1220 1096 813 82 731 700 334 126 41 85 58 208 62 662 45 617 53 190 60 575 202 373 278
internal_count=2216 2190 2107 2087 867 845 808 785 765 83 736 697 565 132 545 355 1220 1096 813 82 731 700 334 126 41 85 58 208 62 662 45 617 53 190 60 575 202 373 278
is_linear=0
shrinkage=0.05


Tree=26
num_leaves=40
num_cat=0
split_feature=29 22 19 15 15 0 30 33 7 8 5 5 29 29 27 27 5 5 28 17 13 12 29 29 12 9 4 4 5 0 30 22 5 29 29 5 5 30 3
split_gain=10265.3 7454.16 12265.8 5060.78 18545 4435.24 3942.11 32020 2488.99 17444.6 2122.23 2111.02 2022.75 11516.5 10770.9 3547.73 1770.17 1737.98 1471.66 1072.26 1631.11 5135.53 1559.2 4511.5 959.885 2248.42 3046.86 3039.08 1401.42 3091.81 1428.91 1242.36 1228.28 1088.49 1372.09 1234.41 1017.58 959.015 1459.89
threshold=3.2934920787811284 -1.6923955082893369 -1.5992504954338072 2.1951055526733403 1.8629074692726137 2.9056415557861333 1.0098809599876406 -0.04748056270182132 1.1276233196258547 1.1794789433479311 2.941359400749207 -0.36334100365638727 -0.52172148227691639 -0.44785918295383448 -0.17711103707551953 -1.1777949333190916 -0.068570896983146654 0.82119813561439525 2.0312523841857915 -1.3745294809341428 -0.96280068159103382 -0.92192900180816639 0.45624069869518286 0.41948790848255163 -0.7122400403022765 -0.49795934557914728 -1.0298025608062742 0.14555697888135913 -0.08385527133941649 -0.50318855047225941 1.0000000180025095e-35 0.23100544512271884 0.053704112768173225 -0.11553847417235373 -0.08719931915402411 -0.36552448570728296 1.2699037194252016 0.38225501775741583 -0.32855626940727228
decision_type=2 2 2 2 2 2 2 2 2 2 2 2 2 2 2 2 2 2 2 2 2 2 2 2 2 2 2 2 2 2 2 2 2 2 2 2 2 2 2
left_child=1 -1 -3 4 5 6 8 -8 9 10 12 -5 17 14 -14 -15 -10 -4 19 -17 -21 -22 23 24 -23 26 -26 -28 33 -30 31 -31 -32 -27 -35 37 -34 38 -36
right_child=-2 2 3 11 -6 -7 7 -9 16 -11 -12 -13 13 15 -16 18 -18 -19 -20 20 21 22 -24 -25 25 28 27 -29 29 30 32 -33 36 34 35 -37 -38 -39 -40
leaf_value=-0.66308871258136837 1.0284552817543349 1.1763317479328677 -0.22042571069981587 -0.23244450749719847 1.1966517921537161 0.70645987930751986 1.9581423926353456 -0.64240306821362736 -0.10077613195223092 1.3817263913425535 -0.46677825035793447 -0.86102337837219245 0.022228128238930368 0.43495556276578173 1.3409592660268148 0.21462885286245081 -0.43866730923685487 0.18205839664705339 0.36699939143090021 -0.21973030155346002 0.52924724825118719 -0.20426222557756812 -0.19856080524147152 0.70624068677425389 0.73906136590987448 -0.19429480900879401 -0.22270177415261669 0.39851874977350238 0.50120404478042357 0.49472212904975532 0.23547921984092049 -0.014026609967861856 -0.25104179095069412 0.3507440140843392 -0.045273818795713003 -0.3122062456100545 0.034969289904541297 -0.19986104839481414 0.3056336432695389
leaf_weight=43 24 22 199 34 32 21 20 29 113 22 28 22 32 39 30 36 59 31 21 146 38 94 176 20 20 223 45 35 31 21 23 28 96 20 149 47 46 64 37
leaf_count=43 24 22 199 34 32 21 20 29 113 22 28 22 32 39 30 36 59 31 21 146 38 94 176 20 20 223 45 35 31 21 23 28 96 20 149 47 46 64 37
internal_value=1.81599e-10 -0.0112605 0.00178217 -0.0103664 0.00231589 -0.016428 -0.0239506 0.419044 -0.0349748 -0.0175829 -0.0349264 -0.479386 -0.0280049 -0.00705581 0.660324 -0.035494 -0.216681 -0.166178 -0.0484513 -0.0547054 -0.0618401 -0.042836 -0.0613374 -0.0371619 -0.0523488 -0.0362134 0.187078 0.0490822 -0.0646582 0.0345238 -0.0330794 0.204009 -0.103487 -0.109657 -0.0501176 -0.0771116 -0.15839 -0.0329138 0.0245304
internal_weight=2216 2192 2149 2127 2071 2039 2018 49 1969 1797 1775 56 1747 1517 62 1455 172 230 1416 1395 1359 1213 1175 999 979 885 100 80 785 245 214 49 165 540 317 297 142 250 186
internal_count=2216 2192 2149 2127 2071 2039 2018 49 1969 1797 1775 56 1747 1517 62 1455 172 230 1416 1395 1359 1213 1175 999 979 885 100 80 785 245 214 49 165 540 317 297 142 250 186
is_linear=0
shrinkage=0.05


Tree=27
num_leaves=40
num_cat=0
split_feature=30 27 28 30 6 17 5 8 33 5 5 33 7 2 27 27 30 27 11 29 20 10 33 9 8 2 16 11 7 31 27 31 5 5 5 5 11 13 24
split_gain=9640.04 4861.81 29791.2 10698.9 9290.36 8228.66 5867.26 4738.42 4680.4 2707.84 9573.98 10572.7 18419.4 5905.94 3001.5 13072.3 2012.53 1660.81 1398.15 1917.32 2329.93 13639.4 2367.21 2468.48 1958.62 1504.76 2821.07 1344.34 2418.29 1241.54 1534.85 1944.69 1485.11 2354.4 1079.68 1584.4 1485.33 1458.78 3631.13
threshold=-2.4608415365219112 0.25011114776134497 1.6180556416511538 1.0098809599876406 2.872025847434998 -1.578935921192169 3.179359078407288 0.96793350577354442 -0.04742735251784324 0.33974029123783117 1.1148765087127688 -0.04747741483151912 0.11392801254987718 1.0000000180025095e-35 -1.1777949333190916 -1.2807067036628721 1.0567454695701601 -0.37592837214469904 -1.0381709933280943 -0.21035738289356229 0.13133033365011218 -0.39035665988922114 -0.047473477199673646 -0.65864154696464527 -0.88515466451644886 1.0000000180025095e-35 0.83207497000694286 1.1336319446563723 0.67342033982276928 0.21232100576162341 -0.65585789084434498 0.021316821686923507 -0.08385527133941649 0.09737375378608705 -0.51618477702140797 -0.57732227444648732 0.37214694917202001 -0.60128822922706593 -0.86233195662498463
decision_type=2 2 2 2 2 2 2 2 2 2 2 2 2 2 2 2 2 2 2 2 2 2 2 2 2 2 2 2 2 2 2 2 2 2 2 2 2 2 2
left_child=-1 2 3 4 5 -2 8 16 9 14 11 17 13 -13 15 -7 18 -11 -3 -20 21 22 -21 24 -24 -22 -27 28 -12 30 -16 32 34 -34 35 37 -37 38 -32
right_child=1 7 -4 -5 -6 6 -8 -9 -10 10 27 12 -14 -15 29 -17 -18 -19 19 20 25 -23 23 -25 -26 26 -28 -29 -30 -31 31 -33 33 -35 -36 36 -38 -39 -40
leaf_value=0.95710554489722621 -0.6862873107113916 -0.2638134305251808 1.7542023986577988 0.93130986382884362 0.79604762209313262 -0.17687950300482602 0.82321469954081961 -0.64960594452344456 0.6721179498980443 -0.35460863464822373 -0.23298599498649672 -0.26052257251739502 1.9920664887065476 0.86274222648617904 -0.1925984957035673 1.3272830694913864 -0.56632965434165239 0.23361083583207801 -0.17889694284111946 -0.23487043170134228 -0.14994601383243675 1.1848565691047246 0.29265326261520386 0.61981468484515245 -0.23514400248726211 -0.1620139241351613 0.61549157738685611 -0.55053753512246273 0.35446964719078761 -0.2092721551776251 -0.16916041392832995 0.31660168491877044 0.47506436477415265 -0.17252968120574952 -0.1745370040735158 0.49964772336758101 -0.065723591901007156 -0.14007257277009177 0.68966015160083771
leaf_weight=26 46 82 25 31 35 52 21 39 24 30 86 25 23 22 178 20 21 20 186 75 199 27 32 21 39 28 20 21 22 187 32 39 32 25 181 26 21 177 20
leaf_count=26 46 82 25 31 35 52 21 39 24 30 86 25 23 22 178 20 21 20 186 75 199 27 32 21 39 28 20 21 22 187 32 39 32 25 181 26 21 177 20
internal_value=-1.5218e-09 -0.0113629 0.0434412 0.0128043 -0.0080555 -0.0292161 -0.00567617 -0.112633 -0.0194582 -0.0328544 0.114534 0.43599 0.83264 0.265261 -0.0699248 0.240943 -0.0839452 -0.119321 -0.0696574 -0.0442654 0.012518 0.142197 -0.0263766 0.143591 0.00273646 -0.0893353 0.161947 -0.184494 -0.113319 -0.0943066 -0.0648968 -0.0237921 -0.0496197 0.191032 -0.0796353 -0.017399 0.247035 -0.0716715 0.161155
internal_weight=2216 2190 1421 1396 1365 1330 1284 769 1263 1239 249 120 70 47 990 72 730 50 709 627 441 194 167 92 71 247 48 129 108 918 731 553 514 57 457 276 47 229 52
internal_count=2216 2190 1421 1396 1365 1330 1284 769 1263 1239 249 120 70 47 990 72 730 50 709 627 441 194 167 92 71 247 48 129 108 918 731 553 514 57 457 276 47 229 52
is_linear=0
shrinkage=0.05


Tree=28
num_leaves=40
num_cat=0
split_feature=9 30 22 28 27 5 13 22 5 5 30 5 27 5 33 27 7 30 30 3 0 29 25 30 30 22 17 33 3 8 9 8 8 13 27 25 16 18 3
split_gain=10127.7 33398.2 6510.66 5781.82 8746.48 6164.26 23640.8 56108.3 35601.2 9317.3 4568.68 2991.76 3034.49 2473.29 2236.44 2187.6 5677.93 2127.57 6108.44 2165.75 6708.4 1963.29 2716.08 1459.07 3000.87 1433.65 2065.73 4492.84 1267.17 1126.27 2975.06 957.792 5349.11 1867.93 880.792 851.353 765.961 678.246 618.71
threshold=-1.4307110905647276 -1.5035358667373655 -1.6769025325775144 -1.3013150095939634 -1.1976896524429319 -0.30438698828220362 0.89478415250778209 0.64222413301467907 0.11047465354204179 -0.26945126056671137 0.9120679795742036 2.941359400749207 0.78191867470741283 -0.36989144980907435 -0.04742735251784324 0.50214657187461864 -0.30974212288856501 -0.15280977636575696 -0.10449956357479094 -0.31615421175956721 -0.73285263776779164 -0.44785918295383448 0.011855377350002529 0.50587067008018505 0.46395739912986761 0.62839671969413768 0.49167969822883612 -0.047484707087278359 1.5014359951019289 0.37150499224662786 0.54812896251678478 -0.63483852148056019 -0.59926411509513844 -0.58716601133346547 -0.48385247588157648 -1.6087561249732969 0.27482405304908758 1.6068903207778933 0.36389189958572393
decision_type=2 2 2 2 2 2 2 2 2 2 2 2 2 2 2 2 2 2 2 2 2 2 2 2 2 2 2 2 2 2 2 2 2 2 2 2 2 2 2
left_child=-1 -2 -3 35 -5 13 9 -8 -9 -7 11 12 15 14 23 17 -17 38 -19 20 -20 22 -21 24 25 26 28 -28 31 -23 -31 -6 -33 -34 -15 -4 -36 -10 -11
right_child=1 2 3 4 5 6 7 8 37 10 -12 -13 -14 34 -16 16 -18 18 19 21 -22 29 -24 -25 -26 -27 27 -29 -30 30 -32 32 33 -35 36 -37 -38 -39 -40
leaf_value=-0.88306313939392567 1.9512409651821312 0.76477869738031323 -0.64715968111286992 0.95102286164959282 -0.15029484157575601 0.89011794439068559 2.7034090039453336 1.5213301370851697 -0.41148323374377055 -0.36598303156930045 -0.73504915827264394 -0.55612705074823821 -0.24521545327584679 -0.61024895550852476 0.46478804834187032 0.98130415450958974 -0.13392563056945803 0.8044250547885895 -0.2066163406922267 0.68565626084804543 1.0114098047465088 -0.17028935631880393 -0.13837057814002038 -0.21268782597525338 0.51821794749602024 -0.16090931722592361 -0.11620877015179601 0.84409059059052238 0.30248677277565006 0.55724478903270913 -0.20404189841426687 0.78042718470096595 0.2968511831453618 -0.090675307311383749 -0.38200293380098471 -0.30292981310588557 -0.027466401815414428 -0.76264902353286745 -0.092642825473337742
leaf_weight=32 22 27 23 24 201 27 28 32 44 37 24 26 109 22 20 21 25 26 26 20 20 169 20 152 23 256 29 21 25 21 33 20 34 364 39 82 25 20 47
leaf_count=32 22 27 23 24 201 27 28 32 44 37 24 26 109 22 20 21 25 26 26 20 20 169 20 152 23 256 29 21 25 21 33 20 34 364 39 82 25 20 47
internal_value=-1.80559e-09 0.0129387 -0.00678505 -0.0165425 0.00217074 -0.00918143 0.101283 0.73403 0.159628 -0.0192401 -0.0585874 -0.0315289 -0.0077666 -0.0787266 -0.0593032 0.0478935 0.375201 0.0119599 0.0683785 0.00644577 0.32296 -0.0489142 0.273643 -0.0686204 -0.0461144 -0.0597772 -0.022472 0.287117 -0.0465084 -0.106772 0.092014 -0.0606035 -0.0174745 -0.05757 -0.337329 -0.378333 -0.243512 -0.521223 -0.213043
internal_weight=2216 2184 2162 2135 2030 2006 775 124 96 651 624 600 574 1231 1145 465 46 419 335 309 46 263 40 1125 973 950 694 50 644 223 54 619 418 398 86 105 64 64 84
internal_count=2216 2184 2162 2135 2030 2006 775 124 96 651 624 600 574 1231 1145 465 46 419 335 309 46 263 40 1125 973 950 694 50 644 223 54 619 418 398 86 105 64 64 84
is_linear=0
shrinkage=0.05


Tree=29
num_leaves=40
num_cat=0
split_feature=28 30 16 11 7 26 5 20 20 3 30 27 29 30 3 4 19 20 5 5 15 16 18 4 4 26 8 17 27 22 23 4 5 28 11 5 8 15 18
split_gain=9379.86 32580.2 14442.7 5004.34 33794.3 10064.2 45572.2 5362.26 12504.9 5184.96 6632.98 4996.96 17829.7 4801.63 3898.24 5740.67 4563.97 19073.6 6194.56 2277.52 1978.07 1694.58 3469.43 1580.71 4072.27 2080.76 3663.19 2049.35 1843.14 3419.66 1457.42 1187.75 1183.28 1133.2 1042.48 1114.28 3177.69 1030.1 1005.2
threshold=-1.5452485680580137 -0.18787831068038938 -1.5581622719764707 1.6160847544670107 1.6315463185310366 1.294765889644623 -0.12315795570611952 0.41756792366504675 0.38520479202270513 1.8135544657707217 -1.3757219314575193 -1.1976896524429319 -0.085064455866813646 1.158700227737427 1.4042866230010989 -0.97570654749870289 0.20737794041633609 0.20388298481702807 0.47402445971965795 -0.13407536596059796 1.8629074692726137 0.1098291613161564 0.13330585509538653 0.12957405298948291 0.20948866754770282 -0.25226458907127375 -0.35593426227569575 0.02882575057446957 0.75755280256271373 -0.47977708280086512 -1.3537674546241758 1.8876955509185793 0.78735414147377025 -1.197591185569763 0.84642362594604503 -0.092589199542999254 0.46871942281723028 -1.2961794734001157 1.5376403331756594
decision_type=2 2 2 2 2 2 2 2 2 2 2 2 2 2 2 2 2 2 2 2 2 2 2 2 2 2 2 2 2 2 2 2 2 2 2 2 2 2 2
left_child=1 -1 30 4 5 7 -7 8 9 10 -4 12 -12 14 16 -16 21 -18 -19 38 32 22 23 27 -25 26 28 33 -26 -30 -2 -11 34 -13 35 -9 -37 -35 -5
right_child=2 -3 3 19 -6 6 -8 20 -10 31 11 13 -14 -15 15 -17 17 18 -20 -21 -22 -23 -24 24 25 -27 -28 -29 29 -31 -32 -33 -34 37 -36 36 -38 -39 -40
leaf_value=2.2186733850836755 -0.58537488876386212 -0.48882481074333195 0.90228981429880317 0.034988904510225564 1.8532377111911775 -0.25607725632131489 2.6028183323144916 -0.10580803936739501 1.1205007530175723 -0.24325392333169782 -0.20031131085227516 0.17128299805185487 1.6811032182723284 0.77255799084901811 1.0212326117537238 -0.14920891836285591 1.5946345115249807 -0.23577638526375477 0.75056229650974282 -0.64460394713613722 -0.55435367318127182 -0.27050982213087299 0.59334651515597392 0.71023562635694237 -0.11819545940368199 -0.2064634307400211 0.69178237535736775 0.34906965705255666 -0.13206668114662171 0.73342039035189721 -1.0949827229976654 -0.67199477106332783 -0.3142091484287301 -0.4746789162809199 -0.26967760578614391 -0.11401995129566243 0.61407833141698087 -0.12529864070813829 -0.32982944686238364
leaf_weight=20 47 25 22 35 25 46 20 285 26 84 34 31 20 20 22 20 22 78 20 36 29 89 21 21 102 91 22 24 25 21 20 20 74 22 73 47 22 514 41
leaf_count=20 47 25 22 35 25 46 20 285 26 84 34 31 20 20 22 20 22 78 20 36 29 89 21 21 102 91 22 24 25 21 20 20 74 22 73 47 22 514 41
internal_value=2.46258e-09 0.714508 -0.0148102 0.00820315 0.0264877 0.00327027 0.610255 -0.0178034 0.0344088 0.0134138 0.041833 0.0263038 0.496509 0.0045089 -0.0089068 0.46388 -0.0269095 0.264189 -0.0344828 -0.317001 -0.152865 -0.0624455 -0.0417321 -0.0570089 0.0403908 -0.0135047 0.0897849 -0.103484 0.000298813 0.263047 -0.737497 -0.325704 -0.129626 -0.12264 -0.0976369 -0.0621596 0.118127 -0.139639 -0.161821
internal_weight=2216 45 2171 2104 1992 1967 66 1901 1371 1345 1241 1219 54 1165 1145 42 1103 120 98 112 530 983 894 873 282 261 170 591 148 46 67 104 501 567 427 354 69 536 76
internal_count=2216 45 2171 2104 1992 1967 66 1901 1371 1345 1241 1219 54 1165 1145 42 1103 120 98 112 530 983 894 873 282 261 170 591 148 46 67 104 501 567 427 354 69 536 76
is_linear=0
shrinkage=0.05


Tree=30
num_leaves=40
num_cat=0
split_feature=30 14 14 7 18 18 30 22 28 28 30 5 4 5 17 17 27 31 24 13 11 33 3 3 7 5 5 10 29 5 2 0 24 23 6 17 30 18 6
split_gain=9208.04 4636.8 25115.5 6171.23 4069.36 70265.5 4661.12 4625.62 4372.32 7496.38 2743.88 2504.56 2382.33 2367.1 2138.19 4533.35 2629.6 1911.87 3489.76 12088.6 3428.75 4723.01 5323.88 2087.9 1332.21 1345.46 2470.01 1206.41 1438.37 1180.92 1143.66 1083.69 1024.42 2950.09 982.978 1403.63 3568.3 3198.19 1363.23
threshold=-2.4608415365219112 1.6449084281921389 1.4663060307502749 1.6315463185310366 0.38747429847717291 0.35629065334796911 1.3463437557220461 -1.6769025325775144 -1.3013150095939634 -1.2250468134880064 0.9120679795742036 0.78735414147377025 2.0376890897750859 -0.5096343159675597 0.2459787651896477 0.28299388289451605 -0.099173549562692628 1.0000000180025095e-35 -0.26160989701747889 -0.32651410996913904 -0.45887897908687586 -0.047460788860917084 0.40040905773639685 -0.060534039512276643 0.92996451258659374 -0.092589199542999254 0.082089379429817214 0.89332944154739391 0.013047336600720884 -0.5096343159675597 2.2576968073844914 -0.51874992251396168 0.63123145699501049 0.37366540729999548 -0.23815640062093732 -0.070303566753864274 0.21499668806791308 0.084746453911066069 -0.3897304087877273
decision_type=2 2 2 2 2 2 2 2 2 2 2 2 2 2 2 2 2 2 2 2 2 2 2 2 2 2 2 2 2 2 2 2 2 2 2 2 2 2 2
left_child=-1 2 3 4 5 6 7 -2 -9 -10 12 24 14 -3 17 -16 -17 23 19 20 21 22 -19 30 25 -6 -27 28 -13 -23 34 -25 33 -20 35 38 37 -37 -11
right_child=1 13 -4 -5 11 -7 -8 8 9 10 -12 27 -14 -15 15 16 -18 18 32 -21 -22 29 -24 31 -26 26 -28 -29 -30 -31 -32 -33 -34 -35 -36 36 -38 -39 -40
leaf_value=0.9354147489254292 0.5479041332661202 -0.098691046551654227 1.3957250489736908 0.79844451183858123 -0.099111433334573409 2.7024620518088343 0.6964371266690168 -0.37653729934051322 0.6651010323904063 -0.10480629345476332 -0.58891150125342873 -0.039843233987208342 -0.32292128256589608 -0.55849015497856525 0.83561078228733765 0.44831761708483103 -0.18838989299535752 0.13860775559179245 -0.17326674872591835 1.3541775217652321 -0.43880071845547913 0.21991492969682441 1.1849486870318653 -0.61391038268804554 -0.26196051159640776 0.5813572916117582 -0.047160681543216391 -0.71915500391097309 -0.52150254014038278 -0.14216986825003436 0.21909579594393036 -0.21171090266513595 -0.45178576040835616 0.48425938382744793 -0.16471490615089848 0.90746150868279596 -0.27228657523026834 0.023995940685272218 0.27553309955849098
leaf_weight=26 33 57 32 23 322 24 22 96 38 251 23 31 69 55 22 24 50 31 116 20 29 32 20 20 96 22 54 21 31 76 37 103 21 20 176 21 26 20 26
leaf_count=26 33 57 32 23 322 24 22 96 38 251 23 31 69 55 22 24 50 31 116 20 29 32 20 20 96 22 54 21 31 76 37 103 21 20 176 21 26 20 26
internal_value=-4.60408e-10 -0.0111054 0.00578516 -0.0159539 -0.025213 0.019583 -0.0256977 -0.0370455 -0.0511664 -0.0265908 -0.0479082 -0.137475 -0.0376246 -0.324485 -0.0203718 0.205454 0.0181098 -0.0411175 0.0511925 0.185512 0.061186 0.152379 0.548938 -0.0906663 -0.0947751 -0.054449 0.134779 -0.391614 -0.280673 -0.0348855 -0.0494949 -0.277109 -0.12676 -0.0765717 -0.0686061 -0.0194342 0.185928 0.476503 -0.0691066
internal_weight=2216 2190 2078 2046 2023 1446 1422 1400 1367 1271 1233 577 1210 112 1141 96 74 1045 365 208 188 159 51 680 494 398 76 83 62 108 557 123 157 136 520 344 67 41 277
internal_count=2216 2190 2078 2046 2023 1446 1422 1400 1367 1271 1233 577 1210 112 1141 96 74 1045 365 208 188 159 51 680 494 398 76 83 62 108 557 123 157 136 520 344 67 41 277
is_linear=0
shrinkage=0.05


Tree=31
num_leaves=40
num_cat=0
split_feature=11 25 28 28 30 5 13 22 27 5 30 30 4 5 27 4 3 27 7 29 33 33 7 22 29 15 2 7 7 6 17 20 25 4 3 17 0 27 0
split_gain=9571.95 37749.6 6095.21 14956.4 8418.63 5260.07 19364.9 40064.6 34857.7 9321.7 4107.4 3508.38 2470.18 2456.5 2249.84 2310.3 4804.3 3698.75 4633.3 2034.24 1621.34 5347.46 2131.68 3811.29 1578.49 5472.56 1317.78 1343.45 2801.34 1219.05 1076.38 1041.34 2212.17 1240.46 966.782 1363.82 963.26 923.614 869.401
threshold=-1.3570068478584287 -1.6300981044769285 -1.2761740088462827 -1.2250468134880064 -1.0270565152168272 -0.30438698828220362 0.89478415250778209 0.64222413301467907 0.21318208426237109 -0.26945126056671137 0.9120679795742036 -2.4608415365219112 1.8876955509185793 -0.36989144980907435 0.78191867470741283 -0.84661367535591114 -0.42983973026275629 0.48457282781600958 -0.19815319776535031 0.72183758020401012 -0.047472553327679627 -0.047471266239881509 -0.71342185139656056 -0.73735532164573658 -0.44785918295383448 -0.21280390769243238 2.2576968073844914 -0.6964474320411681 -0.55014747381210316 0.011066257953643801 0.38609384000301367 0.037093298509716995 0.22215435653924945 -0.46302354335784907 0.83654806017875682 -0.21646197885274884 0.97156241536140453 -1.0741553902626035 0.69897049665451061
decision_type=2 2 2 2 2 2 2 2 2 2 2 2 2 2 2 2 2 2 2 2 2 2 2 2 2 2 2 2 2 2 2 2 2 2 2 2 2 2 2
left_child=11 -2 19 -4 -5 13 9 -8 38 -7 12 -1 14 20 15 34 -17 24 -19 -3 26 -22 23 29 25 -18 27 -6 -29 -23 -24 33 -33 -26 -11 -36 -30 -13 -9
right_child=1 2 3 4 5 6 7 8 -10 10 -12 37 -14 -15 -16 16 17 18 -20 -21 21 22 30 -25 31 -27 -28 28 36 -31 -32 32 -34 -35 35 -37 -38 -39 -40
leaf_value=-1.1140837929465555 1.9898232944542542 -0.26186972797113034 1.3764115431904793 1.0229250343516469 -0.26322586231288458 0.9088347144998038 2.2214254698445721 -0.24310570505200602 1.9013564575802198 -0.34630299496153993 -0.69904599618166685 -0.58056932836771014 -0.57755292475223541 -0.33338918865081812 -0.22440996989607812 0.73218620574032822 0.81349231678506606 1.0294942909479141 -0.046760464608669283 -0.8166777956485749 0.82453429911817833 -0.17670211736478059 -0.3026643518964568 0.65939917178065688 0.16871772006801938 -0.17935198639120375 0.23618202819939582 0.3403241954552822 -0.08425734474022184 0.21330948255278848 0.019627233255993238 0.5155183279141784 -0.0676539665430613 -0.23352486177631049 0.27848624053876847 -0.30542829321697357 -0.41314513832330707 -0.11109303171661766 -0.6054554332494736
leaf_weight=22 24 95 20 20 105 26 31 49 22 48 24 20 20 84 102 27 23 20 20 20 21 51 63 27 23 35 31 39 695 33 44 20 87 115 20 20 23 22 25
leaf_count=22 24 95 20 20 105 26 31 49 22 48 24 20 20 84 102 27 23 20 20 20 21 51 63 27 23 35 31 39 695 33 44 20 87 115 20 20 23 22 25
internal_value=-1.90803e-10 0.0179207 -0.00431884 0.015907 0.00225412 -0.00809226 0.0953793 0.658626 0.153972 -0.018164 -0.0580679 -0.602582 -0.0315447 -0.0725067 -0.0120444 0.035251 0.0900171 0.0394673 0.491367 -0.358358 -0.0531479 0.0625194 -0.0108857 0.142623 -0.0201894 0.214362 -0.0841048 -0.0956233 -0.0723759 -0.0234833 -0.170133 -0.0757158 0.0413502 -0.166484 -0.195016 -0.013471 -0.0947927 -0.334653 -0.365521
internal_weight=2216 2152 2128 2013 1993 1973 757 127 96 630 604 64 580 1216 560 458 370 343 40 115 1132 239 218 111 303 58 893 862 757 84 107 245 107 138 88 40 718 42 74
internal_count=2216 2152 2128 2013 1993 1973 757 127 96 630 604 64 580 1216 560 458 370 343 40 115 1132 239 218 111 303 58 893 862 757 84 107 245 107 138 88 40 718 42 74
is_linear=0
shrinkage=0.05


Tree=32
num_leaves=40
num_cat=0
split_feature=30 29 15 15 29 27 18 5 5 6 30 18 12 15 16 27 31 31 5 6 5 30 5 33 33 5 15 8 12 30 30 5 7 0 4 29 27 3 22
split_gain=9163.03 4476.95 4439.15 16906.6 4548.85 30808.4 73293.3 14265.9 55386.3 10181.4 5612.02 4279.8 1912.87 2186.51 9784.47 1784 1773.88 2465.88 5573.09 7062.62 3316.41 6845.43 1709.87 1678.75 2067.28 1593.45 5119.26 2184.68 2680.86 1670.19 1444.62 1307.21 1220.51 1206.95 1184.76 1128.52 1105.85 1014.06 1013.5
threshold=-2.4608415365219112 2.6909836530685429 2.1951055526733403 1.8629074692726137 -0.0043747618328779927 -0.58386245369911183 0.30296924710273748 -0.21158897876739499 -0.4048271626234054 2.7452282905578618 1.0098809599876406 -1.6001324057579038 0.89923599362373363 -0.59217041730880726 -0.56093078851699818 -0.90070486068725575 0.59019663929939281 1.0000000180025095e-35 -0.37207493185997004 0.091225590556859984 -0.14280929416418073 0.065468162298202529 -0.36334100365638727 -0.047485232353210442 -0.047486685216426842 0.54171237349510204 -0.096796888858079896 -0.43965753912925715 -0.70535328984260548 0.56768128275871288 -0.078309994190931306 -0.26071733236312861 -0.18509795516729352 -1.1007801890373228 -0.57244509458541859 -0.41411091387271876 1.0000000180025095e-35 -0.30995318293571467 0.12176503613591196
decision_type=2 2 2 2 2 2 2 2 2 2 2 2 2 2 2 2 2 2 2 2 2 2 2 2 2 2 2 2 2 2 2 2 2 2 2 2 2 2 2
left_child=-1 2 3 4 9 6 7 8 15 11 16 -2 13 -13 -15 -6 17 20 19 -19 23 -22 -4 24 33 27 -27 28 -16 32 -28 -14 -29 36 -25 -33 -7 -23 -20
right_child=1 -3 22 -5 5 10 -8 -9 -10 -11 -12 12 31 14 25 -17 -18 18 38 -21 21 37 -24 34 -26 26 30 29 -30 -31 -32 35 -34 -35 -36 -37 -38 -39 -40
leaf_value=0.93312571048736581 -0.82563464641571049 -0.6902233850210906 -0.22068682689877117 1.1486344683915377 -0.37195220722092526 0.31320182146697212 3.5529275482147931 -0.39518032522000213 2.9765134098008277 0.76515649021736221 -0.6707847268240793 -0.18089141564813394 -0.12565093281086195 0.96002564558386805 -0.17601152447902638 0.18397592671455876 -0.16303692370826423 1.1888575696601318 -0.27412287145853043 0.053981180232146687 0.8717063622741863 0.15659739226102831 -0.78639773455533124 -0.38870677967866263 0.35963926212245823 0.68146271248658508 0.27568089364339476 -0.32039141330199367 0.55252097081393003 0.32633799016475679 -0.18027001549030697 -0.67927521169185645 -0.10270379301044474 -0.21026885788041083 -0.11542996546118243 -0.26216584640741347 -0.084497494081204591 -0.28277738735978974 0.14534737219413121
leaf_weight=26 20 24 34 32 27 29 20 47 20 35 35 262 110 25 23 31 172 26 36 29 29 24 22 60 34 30 23 78 28 20 71 24 369 77 117 50 44 29 24
leaf_count=26 20 24 34 32 27 29 20 47 20 35 35 262 110 25 23 31 172 26 36 29 29 24 22 60 34 30 23 78 28 20 71 24 369 77 117 50 44 29 24
internal_value=1.116e-09 -0.0110782 -0.00355305 0.00810815 -0.0094553 0.0743553 0.742592 0.292939 0.707575 -0.0747529 -0.052304 -0.100699 -0.0876722 -0.0585002 -0.0104245 -0.0748182 -0.0226509 0.0206223 0.226919 0.590468 -0.032931 0.254113 -0.44293 -0.0981322 0.00761954 -0.0482146 0.112785 -0.0867551 0.223967 -0.120688 -0.0687076 -0.234959 -0.14069 -0.0721716 -0.208066 -0.397445 0.0734926 -0.0838152 -0.106335
internal_weight=2216 2190 2166 2110 2078 910 145 125 78 1168 765 1133 1113 929 667 58 730 558 115 55 443 82 56 361 184 642 124 518 51 467 94 184 447 150 177 74 73 53 60
internal_count=2216 2190 2166 2110 2078 910 145 125 78 1168 765 1133 1113 929 667 58 730 558 115 55 443 82 56 361 184 642 124 518 51 467 94 184 447 150 177 74 73 53 60
is_linear=0
shrinkage=0.05


Tree=33
num_leaves=40
num_cat=0
split_feature=29 22 19 11 7 12 15 0 30 30 15 5 12 28 28 28 6 5 5 7 29 29 4 29 29 3 5 4 0 4 16 29 29 0 3 27 4 18 27
split_gain=8956.02 6979.65 10696.7 4169.05 29259.8 8209.17 38929 4041.63 3046.05 3825.04 2363.31 2311.91 2237.27 1948.76 14465.1 1191.43 1180.53 1097.67 13082.7 3195.38 1221.67 1197.15 2661.16 1223.49 1402.83 1459.26 5145.74 1896.61 2147.64 1892.16 4619.43 1688.52 1519.65 1027.49 1580.12 2346.36 1222.02 849.654 812.749
threshold=3.2934920787811284 -1.6923955082893369 -1.5992504954338072 1.6160847544670107 1.6315463185310366 1.2761033177375796 0.81930962204933178 2.9056415557861333 1.2409112453460696 0.95535138249397289 1.8295560479164126 -0.13407536596059796 1.1007702946662905 -1.2761740088462827 -1.2250468134880064 2.0312523841857915 2.872025847434998 0.82119813561439525 1.1148765087127688 0.76633998751640331 -0.55690127611160267 -0.46025393903255457 -0.10279305651783942 -0.11553847417235373 -0.091077558696269975 1.461473882198334 -0.36552448570728296 -0.64498296380043019 -1.1007801890373228 -0.43843443691730494 -0.018772717565298077 0.36456617712974554 -0.04430867359042167 -0.19822186976671216 -0.82257151603698719 0.60454520583152782 1.016626298427582 1.5376403331756594 0.26130121946334844
decision_type=2 2 2 2 2 2 2 2 2 2 2 2 2 2 2 2 2 2 2 2 2 2 2 2 2 2 2 2 2 2 2 2 2 2 2 2 2 2 2
left_child=1 -1 -3 4 5 7 -7 8 9 10 12 37 13 -4 -15 16 17 20 -19 -20 -16 22 -22 38 -25 27 -27 28 31 30 -29 -26 -31 -34 35 36 -35 -5 -23
right_child=-2 2 3 11 -6 6 -8 -9 -10 -11 -12 -13 -14 14 15 -17 -18 18 19 -21 21 23 -24 24 25 26 -28 29 -30 32 -32 -33 33 34 -36 -37 -38 -39 -40
leaf_value=-0.64125824556794286 0.9606327198135356 1.0989564131606711 -0.24701135467205729 0.035327775897206488 1.7077379467487337 2.3550618362426756 -0.38290560046160543 0.65877610274723608 0.49879954892855427 -0.66046572887897492 -0.46380165902955928 -0.60589031592011455 -0.38255491822280668 1.2945993748449145 -0.18958547301397755 0.35767267018556598 0.27014483166858555 1.0174121297174885 -0.18736888597374912 0.43518021504084275 0.48118992922279769 -0.063107920674139589 -0.13990264909608024 0.32887879291485095 -0.092905140716222023 0.76411516201496132 -0.15031493113841862 -0.097577666305005556 -0.23580189863964918 0.32043118250781094 0.71559479395228054 0.36403575877348587 -0.18741202904906087 0.27996408456847782 -0.10932598043084146 0.51733846020314 -0.19997356041438052 -0.29148650640665097 -0.21021950170884726
leaf_weight=43 24 22 91 37 25 20 37 21 26 25 32 40 44 21 145 20 32 31 146 24 34 243 35 29 62 25 40 40 200 29 31 30 103 21 125 31 36 43 153
leaf_count=43 24 22 91 37 25 20 37 21 26 25 32 40 44 21 145 20 32 31 146 24 34 243 35 29 62 25 40 40 200 29 31 30 103 21 125 31 36 43 153
internal_value=-9.35693e-10 -0.0105179 0.0021028 -0.00924218 0.00787458 -0.0135667 0.577785 -0.0310768 -0.0386855 -0.0461267 -0.0378383 -0.29552 -0.0303529 -0.0216321 -0.00946752 -0.0259152 -0.0305789 -0.0365449 0.0727773 -0.0994796 -0.0521071 -0.0363735 0.166143 -0.0480377 -0.0125316 -0.02534 0.201389 -0.0461555 -0.143834 0.0224071 0.257469 0.0560973 -0.0259681 -0.0577579 0.0049387 0.167246 -0.0231544 -0.140335 -0.119946
internal_weight=2216 2192 2149 2127 2007 1982 57 1925 1904 1878 1853 120 1821 1777 1686 1665 1645 1613 201 170 1412 1267 69 1198 802 773 65 708 292 416 71 92 345 316 213 88 57 80 396
internal_count=2216 2192 2149 2127 2007 1982 57 1925 1904 1878 1853 120 1821 1777 1686 1665 1645 1613 201 170 1412 1267 69 1198 802 773 65 708 292 416 71 92 345 316 213 88 57 80 396
is_linear=0
shrinkage=0.05


Tree=34
num_leaves=40
num_cat=0
split_feature=28 30 16 3 31 29 9 14 5 30 33 23 16 30 23 30 13 7 14 5 31 30 27 30 30 12 18 12 16 16 10 8 7 11 29 14 28 15 5
split_gain=8920.32 28107.3 13608.4 4471.32 67776.5 115233 10386.7 38977.2 4589.92 3289.77 3037.33 2805.71 2731.68 2427.07 1650.29 1496.41 2098.17 6396.03 2868.91 1669.24 1462.11 1473.41 2887.19 1794.51 2367.34 2407.02 4432.45 1643.11 1222.49 1164.59 2072.37 2285.46 4808.84 2306.4 1290.35 1157.77 1050.82 2747.02 6937.45
threshold=-1.5452485680580137 -0.18787831068038938 -1.5581622719764707 -0.27481402456760401 -0.57379686832427967 -0.0043747618328779927 1.2217946052551272 1.5510139465332033 3.179359078407288 0.95535138249397289 -0.047432998195290559 0.89250150322914135 -1.4210901260375974 1.0098809599876406 -1.3537674546241758 -0.34459145367145533 0.26049153506755834 0.32105529308319097 0.1564511060714722 -0.39609323441982264 2.8130685091018681 -0.55049610137939442 -0.094435125589370714 -0.31357385218143458 -0.10449956357479094 -0.37980751693248743 -0.65026244521141041 0.11038151755928995 0.53283116221427929 -0.86362808942794789 -0.30100373923778528 -0.63483852148056019 -0.55014747381210316 -0.34948767721652979 0.55552455782890331 -0.59157502651214589 -0.42508600652217859 -0.23138709366321561 0.30262109637260443
decision_type=2 2 2 2 2 2 2 2 2 2 2 2 2 2 2 2 2 2 2 2 2 2 2 2 2 2 2 2 2 2 2 2 2 2 2 2 2 2 2
left_child=1 -1 14 10 5 -5 8 -8 9 11 13 12 -6 15 -2 19 17 18 28 -4 21 22 -14 -23 25 26 -25 -27 29 -17 31 34 -33 35 -31 -34 -26 38 -38
right_child=2 -3 3 4 6 -7 7 -9 -10 -11 -12 -13 20 -15 -16 16 -18 -19 -20 -21 -22 23 -24 24 36 27 -28 -29 -30 30 -32 32 33 -35 -36 -37 37 -39 -40
leaf_value=2.0938891714811327 -0.55407112640269263 -0.42089758753776557 -0.13734472745710666 -0.33100447431206703 -0.59632825227010822 4.8078201019763949 1.7877860383902278 -0.44799081642519351 0.63859876757082734 -0.68077635047110652 0.52410804466767746 -0.40494850846854125 -0.16623816259882668 -0.58910817612301225 -1.096351303458214 -0.13954459357474533 -0.13055840295298646 0.7720869365941595 0.47866732403635981 -0.61408497582782395 -0.43891109704971315 -0.32636962488455623 0.60539818560635605 -0.041231648921966554 -0.17350586406642299 -0.25278302073992531 0.97653229055197355 0.31312006200137349 -0.27852374136219832 -0.16548057611299946 -0.11418255135225058 0.87147562985236837 0.27264213127394521 0.56173869559372014 0.28990626394748692 -0.14356343897906218 -0.092959425821900366 -0.065795887713549578 1.0124536122364753
leaf_weight=20 47 25 111 24 21 20 35 44 23 22 22 55 22 22 20 140 375 27 28 22 20 46 27 20 122 29 23 23 49 70 148 26 24 22 20 55 40 305 22
leaf_count=20 47 25 111 24 21 20 35 44 23 22 22 55 22 22 20 140 375 27 28 22 20 46 27 20 122 29 23 23 49 70 148 26 24 22 20 55 40 305 22
internal_value=8.07174e-10 0.696785 -0.0144428 0.00789593 0.088773 2.00482 -0.00500485 0.542543 -0.0577564 -0.077852 -0.0577949 -0.0607367 -0.0344428 -0.0690345 -0.715946 -0.0587913 -0.037515 0.0197777 -0.0151232 -0.216204 -0.0175621 -0.00515123 0.258949 -0.0256924 -0.0020089 0.226386 0.503154 -0.00247973 -0.0400801 -0.016944 0.0300808 0.128472 0.265071 0.108967 -0.0642835 -0.0171212 -0.0463801 -0.00412028 0.299284
internal_weight=2216 45 2171 2104 943 44 899 79 820 797 1161 775 720 1139 67 1117 984 609 582 133 699 679 49 630 584 95 43 52 554 505 365 217 127 101 90 79 489 367 62
internal_count=2216 45 2171 2104 943 44 899 79 820 797 1161 775 720 1139 67 1117 984 609 582 133 699 679 49 630 584 95 43 52 554 505 365 217 127 101 90 79 489 367 62
is_linear=0
shrinkage=0.05


Tree=35
num_leaves=40
num_cat=0
split_feature=30 29 22 33 33 27 30 24 14 7 15 3 12 27 14 6 5 24 4 6 30 30 29 28 15 30 30 29 30 9 22 31 27 3 29 27 27 8 33
split_gain=8693.76 4285.29 4005.13 4093.88 9136.7 19319.3 7723.77 3419.44 21504.6 5874.42 3465.28 2430.45 2285.83 2203.35 9044.02 1938.7 1587.77 1542.9 1510.13 1988.69 1837.98 7685.68 3087.51 10869.2 1550.02 1466.51 1796.23 1508.52 1189.72 2061.61 3727.26 943.574 957.281 926.03 1026.73 918.707 1462.51 887.923 828.866
threshold=-2.4608415365219112 2.6909836530685429 -1.6769025325775144 -0.047459915280342095 -0.047463884577155106 1.0000000180025095e-35 1.0098809599876406 1.6801680922508242 1.4663060307502749 1.6315463185310366 1.8295560479164126 -0.4353517591953277 1.1007702946662905 -1.1976896524429319 -0.41532169282436365 2.7452282905578618 -0.28255215287208552 -0.66599541902542103 -1.0347204208374021 -0.23815640062093732 0.13834507763385775 0.11983910948038103 0.18635816127061847 0.4660057276487351 -0.63112536072731007 0.28248156607151037 0.49311739206314092 -0.040798170492053025 -0.011622950900346039 0.24428016692399981 0.18278125673532489 2.8130685091018681 -0.90070486068725575 -0.81981548666954029 0.16402238607406619 0.36348617076873785 0.62084874510765087 -0.039666689932346337 -0.047435864806175225
decision_type=2 2 2 2 2 2 2 2 2 2 2 2 2 2 2 2 2 2 2 2 2 2 2 2 2 2 2 2 2 2 2 2 2 2 2 2 2 2 2
left_child=-1 2 -2 4 6 -6 7 8 9 10 12 -9 13 14 -4 18 -14 -7 25 20 21 22 28 24 -24 33 27 -27 29 35 -31 32 -5 -15 -35 -20 -37 -30 -34
right_child=1 -3 3 31 5 17 -8 11 -10 -11 -12 -13 16 15 -16 -17 -18 -19 19 -21 -22 -23 23 -25 -26 26 -28 -29 37 30 -32 -33 38 34 -36 36 -38 -39 -40
leaf_value=0.90891742706298828 0.55179977234802213 -0.67523977942764768 1.0318330606040749 -0.35209256636981784 1.7255388423800468 0.30505317243245933 0.71710536082585652 -0.092183339785015778 1.2586892370021705 0.78044139011339708 -0.52044379284252995 -0.57023815042946646 -0.11723258334171514 0.034297551651453151 -0.34201073961704975 0.46054048202931885 -0.58963981394110065 -0.22538439804238491 -0.20036046902338664 -0.10737975763988272 -0.048441513694104793 0.89121516203058171 0.25695762496728164 1.1432252784570058 -0.23655457940952079 -0.040739113613963131 -0.24075682076715654 0.57336913511157039 0.042765648278497881 0.83173084288835541 0.024097866356372833 -0.4930743424788766 -0.17573930540835703 -0.1945422188292637 -0.49108443468809126 0.41131278455257414 -0.13054584896925725 -0.28243833963687603 0.039544531963174312
leaf_weight=26 32 24 23 52 24 26 36 63 33 22 37 46 46 29 25 20 29 29 72 363 358 29 26 27 41 20 31 20 31 20 50 23 154 108 40 20 33 65 63
leaf_count=26 32 24 23 52 24 26 36 63 33 22 37 46 46 29 25 20 29 29 72 363 358 29 26 27 41 20 31 20 31 20 50 23 154 108 40 20 33 65 63
internal_value=4.92559e-11 -0.0107908 -0.00342848 -0.0117543 0.0158189 0.541876 -0.00775371 -0.0228637 -0.00460264 -0.0309046 -0.0423247 -0.293931 -0.0307321 -0.0168193 0.316289 -0.0282158 -0.299897 0.0253679 -0.0352838 -0.0108611 0.0345226 0.106265 0.0471384 0.296269 -0.0450424 -0.147057 0.0449175 0.266315 -0.0333366 0.037599 0.25485 -0.185692 -0.15941 -0.224064 -0.274689 -0.0840617 0.0739291 -0.177425 -0.113238
internal_weight=2216 2190 2166 2134 1842 79 1763 1727 1618 1585 1563 109 1526 1451 48 1403 75 55 1383 1135 772 414 385 94 67 248 71 40 291 195 70 292 269 177 148 125 53 96 217
internal_count=2216 2190 2166 2134 1842 79 1763 1727 1618 1585 1563 109 1526 1451 48 1403 75 55 1383 1135 772 414 385 94 67 248 71 40 291 195 70 292 269 177 148 125 53 96 217
is_linear=0
shrinkage=0.05


Tree=36
num_leaves=40
num_cat=0
split_feature=12 25 30 28 28 30 28 30 5 5 22 28 28 23 29 10 24 3 29 29 15 15 29 23 14 15 29 16 15 6 7 7 5 27 20 22 20 30 8
split_gain=8759.52 34876.6 5615.78 4113.53 10917.1 5584.91 31118.4 3978.61 3954.92 21620.8 34481.8 8197.45 78878.1 3555.47 3228.08 1910.19 1545.26 1468.54 1290.22 5301.57 1077.25 2966.91 1065.97 1049.37 972.235 946.813 1153.94 1226.95 1395.48 1290.24 1321.49 2629.22 1443.15 1248.32 2412.62 2506.82 3363.02 983.517 777.041
threshold=-1.3754690289497373 -1.6300981044769285 -1.3757219314575193 -1.2388885617256162 -1.197591185569763 1.0098809599876406 -0.13057799637317655 -2.4608415365219112 0.017676653340458873 0.11047465354204179 0.12176503613591196 -0.091142848134040819 -0.14348310977220533 0.89250150322914135 -0.48264776170253748 0.93551981449127208 0.92707434296607982 -0.81981548666954029 -0.52172148227691639 -0.46025393903255457 0.032859392464160926 0.22356823831796649 0.72183758020401012 1.9635235071182253 0.70011338591575634 -1.3155183792114256 1.1304740905761721 -1.2166458368301389 -0.832698494195938 2.5032929182052617 -0.35899424552917475 -0.38151800632476801 -0.092589199542999254 1.0067543983459475 -0.23517641425132749 -0.52671167254447926 -0.60003775358200062 -0.050173349678516381 -0.48218134045600886
decision_type=2 2 2 2 2 2 2 2 2 2 2 2 2 2 2 2 2 2 2 2 2 2 2 2 2 2 2 2 2 2 2 2 2 2 2 2 2 2 2
left_child=7 -2 -3 22 -5 8 -7 -1 15 10 -10 12 14 20 -11 18 -16 23 -6 -20 38 -22 -4 -17 -23 -21 27 -27 -29 30 31 33 -32 34 35 36 37 -30 -13
right_child=1 2 3 4 5 6 -8 -9 9 11 -12 13 -14 -15 16 17 -18 -19 19 25 21 24 -24 -25 -26 26 -28 28 29 -31 32 -33 -34 -35 -36 -37 -38 -39 -40
leaf_value=-1.1049887982281772 1.9546503116255221 0.79179110865913005 -0.23130478484596573 1.0653943329118192 -0.1843641985836609 1.9238581464404154 -0.79811783972240635 -0.29560320024587672 -0.12152308678627016 0.4008257241160782 2.6267788801874437 -0.025848058291843962 3.2203151036053899 -0.51297452352086059 -0.12689053826341945 -0.15517154867287541 -0.59152597288290665 -0.32539216547676952 0.55085059064321029 -0.38366841673851015 0.43378165408968927 -0.18291381772537277 -0.62610644726526177 0.24763596084984868 0.16951285864536961 0.34222449690103529 0.27459023348216355 -0.2153227206351411 0.29523293644189835 -0.31590451817273313 -0.0821609306956574 0.62352667108178139 0.29292001635939985 -0.12413859767680564 0.50659062310812941 -0.2423890130628239 0.75761448636651041 -0.13419632177799942 -0.4085568041230242
leaf_weight=22 23 22 92 24 137 21 21 49 25 27 21 21 20 61 121 61 21 113 39 20 30 106 21 22 24 20 29 117 20 38 511 20 27 88 31 55 20 40 36
leaf_count=22 23 22 92 24 137 21 21 49 25 27 21 21 20 61 121 61 21 113 39 20 30 106 21 22 24 20 29 117 20 38 511 20 27 88 31 55 20 40 36
internal_value=1.74772e-09 0.0180859 -0.00290417 -0.0112295 0.0054586 -0.00750037 0.56287 -0.546399 -0.0199707 0.0988843 1.13314 -0.0029906 0.251073 -0.175717 -0.100317 -0.0632752 -0.195604 -0.208096 -0.0398553 -0.0214389 -0.0809123 -0.0144194 -0.304675 -0.0484033 -0.11785 -0.0429826 -0.0362762 -0.04541 -0.0534273 -0.0311428 -0.0178166 0.0715633 -0.0633372 0.0281016 0.108807 0.0174644 0.196114 0.00894676 -0.267559
internal_weight=2216 2145 2122 2100 1987 1963 42 71 1921 513 46 467 189 278 169 1408 142 196 1212 1075 217 160 113 83 130 1036 1016 987 967 850 812 274 538 254 166 135 80 60 57
internal_count=2216 2145 2122 2100 1987 1963 42 71 1921 513 46 467 189 278 169 1408 142 196 1212 1075 217 160 113 83 130 1036 1016 987 967 850 812 274 538 254 166 135 80 60 57
is_linear=0
shrinkage=0.05


Tree=37
num_leaves=40
num_cat=0
split_feature=30 7 9 30 18 12 29 0 5 5 8 28 16 5 7 27 3 6 10 11 11 7 5 30 13 29 33 30 2 27 13 15 5 7 4 30 5 31 0
split_gain=8559.93 3978.72 12351.7 7551.93 5367.03 3796.29 5938.15 3450.09 3236.9 11223 10219.6 13546 4835.5 33517.5 2858.39 6817.22 4408.51 2934.01 2211.72 3728.99 2200.34 2564 1673.95 1925.73 1660.4 1263.54 1583.41 1446.58 1859.93 1252.41 1374.35 1653.64 1232.28 1001.94 997.923 1113.36 1121.7 954.252 2620.76
threshold=-2.4608415365219112 -1.0144957304000852 -1.0193323493003843 1.0098809599876406 -1.5910865664482114 -1.3265537619590757 0.32382850348949438 2.9056415557861333 1.1476287245750429 0.700014889240265 -0.267839565873146 0.026401240378618244 1.840181350708008 -0.19084589928388593 -0.35899424552917475 -1.0741553902626035 1.7170940041542055 2.2832190990448002 -0.32901512086391443 -0.25215573608875269 1.1336319446563723 0.76633998751640331 -0.56422135233879078 -0.33657166361808771 -1.4296321272850034 0.23150058090686801 -0.047487620264291756 -0.40183690190315241 2.2576968073844914 -0.67056098580360401 -0.13240631669759748 -0.35296703875064844 3.0898362398147587 1.5522703528404238 1.4715248346328738 0.40120925009250646 -0.46159771084785456 -0.74593421816825856 -0.62732163071632374
decision_type=2 2 2 2 2 2 2 2 2 2 2 2 2 2 2 2 2 2 2 2 2 2 2 2 2 2 2 2 2 2 2 2 2 2 2 2 2 2 2
left_child=-1 4 -3 7 24 6 -6 8 9 12 -11 -12 14 -14 15 -4 18 29 25 -20 21 32 23 -7 -2 27 -27 -17 34 -16 -31 -32 -10 37 35 36 -29 -33 -39
right_child=1 2 3 -5 5 22 -8 -9 20 10 11 -13 13 -15 17 16 -18 -19 19 -21 -22 -23 -24 -25 -26 26 -28 28 -30 30 31 33 -34 -35 -36 -37 -38 38 -40
leaf_value=0.90189409806178178 -0.37376868660035345 1.1921436550942335 0.84339673553521832 0.7503900116140193 -0.21523675633513412 0.39490935859226051 0.96277825713157661 0.6405565428733826 -0.16199718535836063 -0.24042406367219013 2.0320818671584129 0.31525050074344985 -0.21303470536367969 2.1319510507583619 -0.22084857835814509 -0.35247438131616665 0.7012449896894396 0.37152988296566591 0.81683597147464759 -0.083941618767049586 -0.618550563284329 0.33897464176019038 -0.32359263010249278 -0.17399525356058981 -0.96827354828516643 0.21844950318336487 -0.26519569228318607 -0.21084766533225774 0.47816218334165489 -0.20535104222924394 0.40247615605592729 -0.1424429311961187 -0.58274082422256468 -0.37623071819543841 0.32113523937406996 0.23623338480790457 0.061734343904715321 0.45455616548143585 -0.039384277748648264
leaf_weight=26 23 22 26 33 23 21 20 20 134 23 20 27 64 20 196 26 22 33 20 27 28 24 101 51 24 20 110 90 22 170 20 178 20 24 21 30 65 29 363
leaf_count=26 23 22 26 33 23 21 20 20 134 23 20 27 64 20 196 26 22 33 20 27 28 24 101 51 24 20 110 90 22 170 20 178 20 24 21 30 65 29 363
internal_value=-2.67345e-11 -0.0107074 0.0141901 0.000586475 -0.193132 -0.0877704 0.332677 -0.0126312 -0.0196851 0.00369969 0.623195 1.04582 -0.023816 0.345295 -0.044597 0.0560459 0.0108558 -0.0921863 -0.0243845 0.299368 -0.206536 -0.141725 -0.192275 -0.00806474 -0.677346 -0.0640105 -0.190789 0.000876056 0.0411704 -0.107801 -0.0795394 -0.0447056 -0.216639 -0.0597622 -0.00549862 -0.042576 -0.0965391 -0.0464372 -0.00284277
internal_weight=2216 2190 1927 1905 263 216 43 1872 1852 1646 70 47 1576 84 1492 479 453 1013 431 47 206 178 173 72 47 384 130 254 228 980 784 614 154 594 206 185 155 570 392
internal_count=2216 2190 1927 1905 263 216 43 1872 1852 1646 70 47 1576 84 1492 479 453 1013 431 47 206 178 173 72 47 384 130 254 228 980 784 614 154 594 206 185 155 570 392
is_linear=0
shrinkage=0.05


Tree=38
num_leaves=40
num_cat=0
split_feature=29 21 19 5 5 5 30 16 5 8 28 28 30 23 9 9 11 24 26 7 7 27 28 21 27 27 29 7 31 30 30 16 21 27 8 29 4 19 24
split_gain=8529.7 6405.77 9134.39 3824 3624.47 6556.96 19548.7 18412 9978.08 12997.5 9277.66 6782.5 2756.48 1711.8 2058.73 3794.84 1643.4 1254.86 1895.52 1253.55 5728.47 1108.82 1976.63 1044.55 1034.09 4528.86 4213.99 2052.96 3652.05 1273.71 1098.68 1387.59 2199.06 2509.22 5549.68 1854.95 1427.67 1348.47 742.268
threshold=3.2934920787811284 -1.6710991859436033 -1.5992504954338072 3.5429087877273564 1.1148765087127688 -0.35242359340190882 0.9120679795742036 1.840181350708008 0.700014889240265 -0.267839565873146 0.026401240378618244 -1.2250468134880064 1.0567454695701601 0.87629956007003795 0.39516223967075353 0.53685480356216442 1.1336319446563723 0.54888731241226207 0.46542567014694219 -0.36946609616279596 -0.45301729440689081 -0.59109649062156666 -1.0860183238983152 0.8560585379600526 -0.17711103707551953 1.0000000180025095e-35 -0.048883771523833268 0.32105529308319097 -0.51234492659568776 -0.30713127553462977 0.51504388451576244 0.093140266835689559 -0.70902392268180836 0.54337596893310558 -0.63483852148056019 -0.29497282207012171 1.8163871169090273 -0.45679832994937891 0.47758816182613378
decision_type=2 2 2 2 2 2 2 2 2 2 2 2 2 2 2 2 2 2 2 2 2 2 2 2 2 2 2 2 2 2 2 2 2 2 2 2 2 2 2
left_child=1 -1 -3 4 5 12 7 8 11 -10 -11 -7 17 14 19 -16 21 18 24 20 -13 22 -6 -15 -4 26 -26 29 -29 -27 31 32 -31 35 37 -34 -33 -35 -23
right_child=-2 2 3 -5 16 6 -8 -9 9 10 -12 13 -14 23 15 -17 -18 -19 -20 -21 -22 38 -24 -25 25 27 -28 28 -30 30 -32 36 33 34 -36 -37 -38 -39 -40
leaf_value=-0.61451840241288036 0.93748975420991576 1.0154203420335597 -0.10351634011261712 0.67945946633815768 -0.26260146186465311 0.66749794346190272 1.5693925510282103 1.3864615972225485 -0.22334906869921189 1.9304777940735223 0.42575469350530987 -0.11839818727303218 -0.60135609637136045 -0.6274799823760987 0.75023733859970454 -0.050704585701227191 -0.57114491462707517 -0.13345194434654833 0.41979016130790114 -0.19700806252237291 0.7850437811017037 -0.15842223963776575 0.43194326907396319 -0.19383962081699838 -0.049660497241550028 -0.25656122604483056 0.78702123303185489 -0.16079694589688664 0.78327619304880503 -0.15449015962020043 -0.26213511422924374 -0.18333367679018792 0.38889415971934799 0.40664937146008012 1.121460642144084 -0.19185022343458102 0.21703547084773028 -0.16062015525319362 -0.42259818385629089
leaf_weight=43 24 22 313 20 21 31 23 26 29 20 21 143 23 21 21 50 27 323 24 188 20 122 20 41 27 76 34 21 20 62 46 127 20 20 20 44 27 22 34
leaf_count=43 24 22 313 20 21 31 23 26 29 20 21 143 23 21 21 50 27 323 24 188 20 122 20 41 27 76 34 21 20 62 46 127 20 20 20 44 27 22 34
internal_value=-8.11818e-10 -0.0102645 0.00182621 -0.0086576 -0.0151893 0.0074289 0.138387 0.0845195 0.0266554 0.586761 1.15977 -0.0494755 -0.0590463 -0.0953974 -0.059355 0.186194 -0.205324 -0.0488724 -0.0186186 -0.109024 -0.00754641 -0.155186 0.0762008 -0.340718 -0.0305888 0.00974033 0.416687 -0.0394156 0.299727 -0.0693829 -0.0327191 -0.00186193 0.0892906 0.209246 0.435944 -0.0103676 -0.113139 0.109508 -0.215999
internal_weight=2216 2192 2149 2127 2107 1883 634 611 585 70 41 515 1249 484 422 71 224 1226 903 351 163 197 41 62 879 566 61 505 41 464 388 342 188 126 62 64 154 42 156
internal_count=2216 2192 2149 2127 2107 1883 634 611 585 70 41 515 1249 484 422 71 224 1226 903 351 163 197 41 62 879 566 61 505 41 464 388 342 188 126 62 64 154 42 156
is_linear=0
shrinkage=0.05


Tree=39
num_leaves=40
num_cat=0
split_feature=12 25 27 30 28 5 13 22 29 5 30 30 18 29 5 5 27 27 13 15 3 4 29 9 30 33 4 4 30 27 10 3 23 18 6 4 0 18 18
split_gain=8039.23 31282.2 5586.21 7069.3 7026.44 4017.24 17862.8 40459.2 32301.7 8009.12 3998.43 3974.38 2284.63 2265.46 2161.47 2090.17 1856.22 1770.67 4559.66 1755.87 1673.95 5616.46 1378.91 5486.09 1323.94 1692.72 3969.27 4883.82 3848.5 1442.15 943.006 753.136 747.184 1090.86 725.336 1223.29 3460 1382.18 3425.53
threshold=-1.3754690289497373 -1.6300981044769285 -1.2386001944541929 -1.0270565152168272 -1.2250468134880064 -0.30438698828220362 0.89478415250778209 0.64222413301467907 -0.34897872805595392 -0.26945126056671137 0.9120679795742036 -2.4608415365219112 1.8405267000198366 0.44335699081420904 -0.36989144980907435 2.941359400749207 0.78191867470741283 0.50214657187461864 -0.32651410996913904 1.0349448323249819 -0.42432770133018488 -0.84661367535591114 -0.44785918295383448 -0.065154720097780214 0.56768128275871288 -0.047476824373006814 1.949168384075165 1.7124981284141543 0.14941830188035968 -0.032259343191981309 0.38340307772159582 -0.82257151603698719 0.64952251315116893 0.023974369280040268 -0.41304950416088099 -0.54416760802268971 -0.44040656089782709 0.054797286167740829 -0.095215529203414903
decision_type=2 2 2 2 2 2 2 2 2 2 2 2 2 2 2 2 2 2 2 2 2 2 2 2 2 2 2 2 2 2 2 2 2 2 2 2 2 2 2
left_child=11 -2 13 -4 -5 14 9 -8 -9 -7 15 -1 19 -3 24 16 17 20 -19 -10 21 -11 23 -22 25 34 27 28 29 -27 -25 -31 33 -16 35 37 -37 38 -6
right_child=1 2 3 4 5 6 7 8 12 10 -12 -13 -14 -15 32 -17 -18 18 -20 -21 22 -23 -24 30 -26 26 -28 -29 -30 31 -32 -33 -34 -35 -36 36 -38 -39 -40
leaf_value=-1.081744601509788 1.8513877661331841 -0.24312532211789925 0.90770005421205002 0.82305171363628826 -0.044532310142577129 0.83747306391596799 2.3071919828653336 1.9349677997827532 -0.40259046477656213 -0.28037492114564649 -0.69120105393230924 -0.2727897552203159 -0.76706149805159807 -0.83203808784484856 -0.36117496270347726 -0.48942904124657316 -0.20553784690359059 -0.15201409086585047 0.84453370435671382 0.16706414098540945 0.77092845663428311 0.81302970399459218 -0.086111583603615954 -0.41235507244155523 -0.19872683669047908 0.23491782099008562 -0.15081128033774871 0.93320190622047949 0.61253132848069081 -0.035639898891144613 0.056070416352965613 -0.39010299931872977 -0.57212415516376491 0.08417586937546731 -0.11279304028397091 0.67370741522830468 -0.11574217936822347 -0.1609186129620005 0.61421694256689241
leaf_weight=22 23 89 22 26 139 26 28 20 31 23 24 49 21 20 44 24 102 24 22 24 24 24 293 21 121 38 108 22 32 47 22 22 20 20 366 23 35 152 23
leaf_count=22 23 89 22 26 139 26 28 20 31 23 24 49 21 20 44 24 102 24 22 24 24 24 293 21 121 38 108 22 32 47 22 22 20 20 366 23 35 152 23
internal_value=-8.54833e-10 0.0173264 -0.00255271 0.0163249 0.00647548 -0.00432909 0.0863707 0.634852 0.147086 -0.021756 -0.058804 -0.523452 -0.323409 -0.351183 -0.0606797 -0.0325906 -0.0128355 0.0305545 0.324596 -0.154014 -0.00267869 0.277959 -0.0393176 0.165319 -0.0424585 -0.0236815 0.0836928 0.241 0.131443 -0.0124342 -0.172696 -0.148657 -0.305365 -0.222003 -0.0628192 -0.0136514 0.197315 -0.0526198 0.0489938
internal_weight=2216 2145 2122 2013 1991 1965 753 124 96 629 603 71 76 109 1212 579 555 453 46 55 407 47 360 67 1128 1007 269 161 139 107 43 69 84 64 738 372 58 314 162
internal_count=2216 2145 2122 2013 1991 1965 753 124 96 629 603 71 76 109 1212 579 555 453 46 55 407 47 360 67 1128 1007 269 161 139 107 43 69 84 64 738 372 58 314 162
is_linear=0
shrinkage=0.05


Tree=40
num_leaves=40
num_cat=0
split_feature=30 29 22 19 15 15 29 27 3 29 30 27 21 7 5 5 29 5 9 12 5 0 14 18 30 3 12 5 5 29 2 28 30 30 0 0 33 27 27
split_gain=8650.1 4166.24 3714.23 8555.43 3467.04 15566.8 3852.33 27327.8 63502.5 93034.1 5615.4 2517.43 2059.1 8770.33 2917.12 9031.26 1895.27 1880.82 1763.63 6335.28 1657.5 1525.93 1521.2 3471.99 1334.65 1231.5 3180.48 1181.96 1217.09 1146.63 1116.36 3615.91 5155.64 2126.22 1451.28 1759.55 1840.18 2025.4 2632.25
threshold=-2.4608415365219112 2.6909836530685429 -1.6923955082893369 -1.5992504954338072 2.1951055526733403 1.8629074692726137 -0.0043747618328779927 -0.58386245369911183 -0.27481402456760401 0.16813444346189502 1.0567454695701601 -0.51698425412178028 0.18769143521785739 0.34387624263763433 0.82119813561439525 1.4151052832603457 -0.1202118545770645 -0.36334100365638727 -0.51890775561332692 -0.69325667619705189 1.8354256153106692 -1.0510554313659666 -0.325720265507698 -0.46504364907741541 0.54583135247230541 0.40040905773639685 0.99506542086601268 1.4151052832603457 -0.36989144980907435 -0.2475645914673805 1.0000000180025095e-35 0.4660057276487351 0.14941830188035968 -0.55049610137939442 -1.1810910701751707 -0.64681804180145253 -0.047485232353210442 0.29725579917430883 0.78191867470741283
decision_type=2 2 2 2 2 2 2 2 2 2 2 2 2 2 2 2 2 2 2 2 2 2 2 2 2 2 2 2 2 2 2 2 2 2 2 2 2 2 2
left_child=-1 2 -2 -4 5 6 11 8 -8 -10 20 25 13 14 16 -16 18 -6 19 -13 30 -20 23 -18 -14 27 29 28 -5 -27 34 33 -33 -32 -9 -36 -37 -38 -39
right_child=1 -3 3 4 17 -7 7 10 9 -11 -12 12 24 -15 15 -17 22 -19 21 -21 -22 -23 -24 -25 -26 26 -28 -29 -30 -31 31 32 -34 -35 35 36 37 38 -40
leaf_value=0.9066318832910979 -0.62206086764733004 -0.66591840088367471 1.0076762068839302 -0.088380438902253375 -0.16161884183392805 1.0982264934107662 -0.17396540185073756 0.35905425452316803 4.7627799445390702 0.4156474361312576 -0.71960719267527262 -0.14460619240999223 -0.13398465142585336 1.0498708895274571 1.178362741470337 -0.20274721281281832 -0.033128187862726359 -0.75493598851290622 0.1659555452113802 0.8219233964170729 -0.36799767595348937 -0.28310933224029011 -0.1431944737356389 0.84313847362995153 0.25956850803416709 -0.31175755452602472 -0.8339718683312336 0.24253071546554567 -0.33086076813956933 0.11301554429034394 0.45874957215218315 1.010027910898561 -0.087629182785749438 -0.077992515993843742 -0.21950844896018956 0.43764387084679168 -0.15215356661194177 0.3590335231337507 -0.0800314795087885
leaf_weight=26 24 24 21 184 34 32 77 21 20 32 30 88 340 21 20 29 26 22 22 21 33 135 24 20 23 47 24 20 72 24 21 23 20 152 133 22 169 59 81
leaf_count=26 24 24 21 184 34 32 77 21 20 32 30 88 340 21 20 29 26 22 22 21 33 135 24 20 23 47 24 20 72 24 21 23 20 152 133 22 169 59 81
internal_value=2.13798e-09 -0.0107637 -0.00350433 0.00342627 -0.00651679 0.00401042 -0.0132129 0.0645531 0.737682 2.08762 -0.0491035 -0.0741295 -0.0225211 0.0548422 0.000567957 0.360971 -0.0519908 -0.394708 -0.112909 0.0416059 -0.0216987 -0.220183 0.179497 0.347857 -0.109049 -0.181102 -0.336374 -0.127657 -0.156578 -0.168172 -0.00539644 0.0891525 0.49949 -0.0128389 -0.0475048 -0.0659051 -0.00418538 -0.0356425 0.105003
internal_weight=2216 2190 2166 2142 2121 2065 2033 893 129 52 764 1140 769 406 385 49 336 56 266 109 734 157 70 46 363 371 95 276 256 71 701 216 43 173 485 464 331 309 140
internal_count=2216 2190 2166 2142 2121 2065 2033 893 129 52 764 1140 769 406 385 49 336 56 266 109 734 157 70 46 363 371 95 276 256 71 701 216 43 173 485 464 331 309 140
is_linear=0
shrinkage=0.05


Tree=41
num_leaves=40
num_cat=0
split_feature=29 21 15 33 33 27 30 15 15 7 7 27 14 5 29 29 27 5 24 10 28 27 27 20 17 18 28 5 33 27 3 5 0 3 29 16 20 16 0
split_gain=7853.71 5698.51 7295.06 3832.32 8069.26 16035.7 6162.02 2945.8 14377.2 2777.06 14036.5 3348.86 9745.76 2361.78 2130.41 7699.99 8585.87 1697.44 1428.69 1353.27 1216.67 1429.42 1659.63 3730.8 11396.7 955.102 1508.34 950.826 1550.4 1129.91 906.236 2394.62 1951.4 1183.76 1313.52 1515.23 2892.57 1018.24 946.192
threshold=3.2934920787811284 -1.6710991859436033 -1.5332865118980405 -0.047459915280342095 -0.047463884577155106 1.0000000180025095e-35 1.0098809599876406 2.1951055526733403 1.8629074692726137 1.1276233196258547 1.0725600123405459 -1.1976896524429319 -0.41532169282436365 -0.068570896983146654 -0.52172148227691639 -0.44785918295383448 -0.17711103707551953 -0.36334100365638727 -0.66599541902542103 0.91592547297477733 1.7839784026145937 1.0399777889251711 0.54337596893310558 0.16362944990396502 -0.28945431113243097 0.3999361395835877 1.1369028091430666 -0.57513877749443043 -0.047429881989955895 0.10411616042256357 -0.31822121143341059 -0.12970840185880658 -0.6044267714023589 0.78211680054664623 0.16813444346189502 1.0000000180025095e-35 -0.23517641425132749 0.86756554245948803 1.4518179297447207
decision_type=2 2 2 2 2 2 2 2 2 2 2 2 2 2 2 2 2 2 2 2 2 2 2 2 2 2 2 2 2 2 2 2 2 2 2 2 2 2 2
left_child=1 -1 -3 4 6 -6 7 8 9 10 11 12 -4 -11 -13 16 -16 -9 -7 20 21 22 30 24 -24 -25 -27 28 -5 -29 31 -17 -32 37 35 36 -35 -34 -37
right_child=-2 2 3 27 5 18 -8 17 -10 13 -12 14 -14 -15 15 19 -18 -19 -20 -21 -22 -23 23 25 -26 26 -28 29 -30 -31 32 -33 33 34 -36 38 -38 -39 -40
leaf_value=-0.57977012077043222 0.89957460761070251 0.80333861538342066 1.2146960004605354 -0.16237206082234437 1.590312123958332 0.31399657961726191 0.6426791538794836 -0.15353789592490477 1.0433151327073575 -0.082996945125998645 1.2209579667319423 -0.21017444571362268 -0.31032617302103477 -0.47328850161323671 -0.040468228074411555 -0.032698400474170948 1.176940458613847 -0.71718918952074917 -0.2017871130129387 -0.27019836223654209 0.30781425604453455 -0.19597996533371687 -0.10038105501578405 -0.37841107930455892 1.284434274211526 0.30703761738538748 -0.21129872000892647 -0.37640850065482989 0.29922671914100646 -0.11982564777306214 -0.56019862131638964 0.37663537225662136 -0.20140331274639053 -0.028940589142882306 -0.20355340450742221 -0.16556970996912135 0.79323975875973707 0.14702460492650668 0.23758409734476699
leaf_weight=43 24 28 20 87 24 25 36 34 32 113 23 158 22 59 30 426 28 22 29 62 26 127 39 21 24 25 32 90 23 82 22 39 166 23 43 43 20 24 22
leaf_count=43 24 28 20 87 24 25 36 34 32 113 23 158 22 59 30 426 28 22 29 62 26 127 39 21 24 25 32 90 23 82 22 39 166 23 43 43 20 24 22
internal_value=-1.30218e-09 -0.00984936 0.00155436 -0.00903025 0.0172885 0.514943 -0.00475418 -0.0182658 -0.00629725 -0.026815 -0.0045007 -0.0240468 0.415875 -0.216876 -0.0372445 -0.0152454 0.547246 -0.374972 0.0370016 -0.0427999 -0.0302342 -0.0382536 -0.0175815 0.140988 0.427168 -0.0901571 0.0160418 -0.180662 -0.065856 -0.254084 -0.0445842 0.00163282 -0.103788 -0.0743421 0.0301571 0.123208 0.353469 -0.157391 -0.0291177
internal_weight=2216 2192 2149 2121 1839 78 1761 1725 1669 1637 1465 1442 42 172 1400 1242 58 56 54 1184 1122 1096 969 141 63 78 57 282 110 172 828 465 363 341 151 108 43 190 65
internal_count=2216 2192 2149 2121 1839 78 1761 1725 1669 1637 1465 1442 42 172 1400 1242 58 56 54 1184 1122 1096 969 141 63 78 57 282 110 172 828 465 363 341 151 108 43 190 65
is_linear=0
shrinkage=0.05


Tree=42
num_leaves=40
num_cat=0
split_feature=30 29 27 28 30 6 18 0 33 8 30 30 5 22 30 27 27 30 2 5 29 24 21 5 6 4 29 10 20 21 22 3 33 5 5 30 16 3 3
split_gain=7912.91 4133.91 3595.2 26847.4 10514.8 6720.09 6566.62 5150.78 4400.63 4317.25 2578.91 7398.74 10646.4 9523.11 2322.37 1964.48 3519.46 1837.68 1790.48 4818.44 1898.18 1450.02 1945.98 1689.2 1258.59 1286.59 1323.77 1550.89 5568.58 1378.96 4379.22 1100.73 1031.58 984.467 958.051 877.589 860.703 866.138 2055.78
threshold=-2.4608415365219112 2.6909836530685429 0.25011114776134497 1.6180556416511538 1.0098809599876406 2.872025847434998 -1.5910865664482114 2.4019546508789067 -0.04742735251784324 0.96793350577354442 0.11983910948038103 0.25889484584331518 0.700014889240265 -0.75373855233192433 0.13509841263294223 -0.058290904387831681 1.0000000180025095e-35 1.0567454695701601 1.0000000180025095e-35 0.88779434561729442 0.62293955683708202 0.93824729323387157 0.84819635748863231 1.3070229887962344 2.5266120433807377 -1.0347204208374021 0.16402238607406619 -0.32901512086391443 0.46179112792015081 -0.25839862227439875 -0.47977708280086512 0.13169784098863604 -0.04748850688338279 -0.35242359340190882 0.76551932096481334 -0.097559366375207887 0.4841600507497788 0.64087116718292247 1.3119601607322695
decision_type=2 2 2 2 2 2 2 2 2 2 2 2 2 2 2 2 2 2 2 2 2 2 2 2 2 2 2 2 2 2 2 2 2 2 2 2 2 2 2
left_child=-1 2 3 4 5 6 -2 8 10 17 18 12 13 -12 -15 21 -17 24 34 20 32 23 -23 33 25 -4 35 29 -29 30 -28 -18 -20 -13 36 -27 37 -8 -39
right_child=1 -3 9 -5 -6 -7 7 -9 -10 -11 11 15 -14 14 -16 16 31 -19 19 -21 -22 22 -24 -25 -26 26 27 28 -30 -31 -32 -33 -34 -35 -36 -37 -38 38 -40
leaf_value=0.86713854166177606 -0.66146313410538893 -0.66290263384580617 -0.20729829749713341 1.6682934550642969 1.0109536950404827 0.67962578570204124 -0.12391633629461621 0.70779372596740719 0.6535160923143849 -0.60286098076747019 1.0215961049000422 -0.027390615013428033 1.279372651129961 0.45233767516911033 -0.084311002617081021 0.63696939044942458 -0.16062227528422113 -0.52370769750504265 0.12664168805911624 0.72375779900361192 0.36377933729778639 -0.60591022457395294 -0.11980627182126045 0.36148093417286875 -0.36052919371474174 0.045975139134604 -0.11505568643803138 0.98192670810967686 0.045513234858389026 -0.22496614645306884 0.74487036228179937 0.22696390491552076 -0.21024277990683915 -0.25455075064559041 -0.3463715038422881 -0.12224015690026289 -0.26408279171485577 0.49380317058414225 -0.18047006783577113
leaf_weight=26 39 24 93 25 26 35 243 25 24 39 27 116 24 24 126 24 62 21 29 22 22 35 50 20 31 115 57 20 77 52 20 26 105 81 58 238 89 20 26
leaf_count=26 39 24 93 25 26 35 243 25 24 39 27 116 24 24 126 24 62 21 29 22 22 35 50 20 31 115 57 20 77 52 20 26 105 81 58 238 89 20 26
internal_value=1.05984e-09 -0.0102948 -0.00306368 0.0444409 0.0149806 -0.00417272 -0.022345 -0.00284143 -0.0170201 -0.0904149 -0.0301144 0.0422557 0.291149 0.157153 0.00155279 -0.0785839 0.100266 -0.0628107 -0.102602 0.0310277 -0.066665 -0.144912 -0.319967 -0.0763424 -0.0490428 -0.0346737 -0.00694641 0.08754 0.238588 -0.0260388 0.108302 -0.0461082 -0.137335 -0.120791 -0.157158 -0.0674391 -0.128125 -0.0862555 0.112692
internal_weight=2216 2190 2166 1403 1378 1352 1317 1278 1253 763 1229 615 201 177 150 414 112 724 614 178 156 302 85 217 703 672 579 226 97 129 77 88 134 197 436 353 378 289 46
internal_count=2216 2190 2166 1403 1378 1352 1317 1278 1253 763 1229 615 201 177 150 414 112 724 614 178 156 302 85 217 703 672 579 226 97 129 77 88 134 197 436 353 378 289 46
is_linear=0
shrinkage=0.05


Tree=43
num_leaves=40
num_cat=0
split_feature=9 30 22 27 27 30 0 5 5 33 28 28 23 24 29 15 27 27 7 0 19 20 27 14 16 30 8 18 8 15 15 29 10 3 15 16 30 33 7
split_gain=7563.06 23649.8 4561.62 5402.15 5318.14 3728.48 27420.8 3162.39 19516.7 31313.5 6909.32 66348.6 3688.01 3145.34 2530.99 2141.84 1466.45 1993.87 2687.56 4571.78 1783.95 20857.6 1372.46 1454.83 1236.77 1220.11 3206.19 1215.39 1206.62 1199.04 1094.08 957.035 943.868 905.323 883.196 2478.85 839.338 772.818 684.835
threshold=-1.4307110905647276 -1.5035358667373655 -1.6769025325775144 -1.2386001944541929 -1.1536921858787534 1.0098809599876406 -0.31233844161033625 0.017676653340458873 0.11047465354204179 -0.04748104698956012 -0.091142848134040819 -0.14348310977220533 0.89250150322914135 0.92707434296607982 -0.48264776170253748 1.8295560479164126 -0.17711103707551953 1.0000000180025095e-35 -0.35332137346267695 -0.4446993470191955 0.18809021264314654 0.2236004322767258 1.3749015927314761 -0.92985954880714405 -0.042052259668707841 0.061883460730314262 -0.63483852148056019 -1.5650190114974973 0.33830393850803381 1.6231278181076052 2.0906820297241215 -0.1233600191771984 -0.84244924783706654 1.5379531979560854 0.032859392464160926 0.32547760009765631 -0.014886674005538223 -0.047443609684705727 -0.18509795516729352
decision_type=2 2 2 2 2 2 2 2 2 2 2 2 2 2 2 2 2 2 2 2 2 2 2 2 2 2 2 2 2 2 2 2 2 2 2 2 2 2 2
left_child=-1 -2 -3 27 -5 7 -7 15 9 -9 11 13 34 14 -10 16 33 18 19 -18 22 -22 24 -24 25 -19 -27 -4 -20 38 -17 -14 37 -6 -12 -36 -37 -16 -23
right_child=1 2 3 4 5 6 -8 8 10 -11 12 -13 31 -15 32 30 17 20 28 -21 21 29 23 -25 -26 26 -28 -29 -30 -31 -32 -33 -34 -35 35 36 -38 -39 -40
leaf_value=-0.76310641523450617 1.6422555926171218 0.64041412991506086 -0.68352434039115906 0.71569999731504008 -0.088944781984713284 1.8327783185243609 -0.6297831892967225 2.5605622742325069 0.43892867763837179 -0.093780768394470221 -0.23748446352649155 2.9531613767147067 -0.6909519228068266 -0.64014392549341381 0.29824791383808075 -0.59764430038630967 0.0043608293585155325 -0.19988928000698955 -0.23102340554037404 1.0125535029891497 1.6213579046726228 -0.21299576057264438 -0.10375875679776073 0.35258764456356728 -0.38446885930730945 -0.17537313563799539 0.38484277224693542 -0.26939556592113373 0.20028838618274999 0.31299865506589414 -0.17961540761921141 -0.29351988051618849 -0.1848598002601001 -0.37636116696842792 0.35697789722018775 0.08906719160214481 -0.19751991265326402 -0.11626655053008686 -0.029367126116191907
leaf_weight=32 22 27 22 26 496 20 26 20 27 25 57 20 33 22 23 24 23 149 31 22 20 65 40 31 47 74 39 91 34 22 45 28 90 29 36 36 88 22 232
leaf_count=32 22 27 22 26 496 20 26 20 27 25 57 20 33 22 23 24 23 149 31 22 20 65 40 31 47 74 39 91 34 22 45 28 90 29 36 36 88 22 232
internal_value=1.15707e-09 0.011181 -0.00541638 -0.0135838 0.00521817 -0.00403661 0.440896 -0.0145324 0.0900979 1.08593 -0.0028737 0.218116 -0.165039 -0.0791719 -0.00299055 -0.0532817 -0.0394341 0.00197511 0.200223 0.497255 -0.0283549 0.0550302 -0.102743 0.0954911 -0.148292 -0.105925 0.0179757 -0.350022 -0.00541416 -0.0431722 -0.325017 -0.508524 -0.0913744 -0.104821 -0.0684827 -0.00827581 -0.114317 0.0955964 -0.0695552
internal_weight=2216 2184 2162 2135 2022 1996 46 1950 527 45 482 204 278 184 162 1423 1354 829 110 45 719 339 380 71 309 262 113 113 65 319 69 61 135 525 217 160 124 45 297
internal_count=2216 2184 2162 2135 2022 1996 46 1950 527 45 482 204 278 184 162 1423 1354 829 110 45 719 339 380 71 309 262 113 113 65 319 69 61 135 525 217 160 124 45 297
is_linear=0
shrinkage=0.05


Tree=44
num_leaves=40
num_cat=0
split_feature=27 16 23 6 4 5 3 31 29 9 14 33 5 30 6 29 11 7 16 18 31 4 18 30 19 16 7 7 5 29 29 19 17 9 8 11 28 28 15
split_gain=7382.85 8554.66 3768.53 3418.53 4618.97 5227.08 6263.26 56350.7 98506.6 19260.5 53508.9 3817.03 3648.88 3422.43 2963.38 1786.82 2170.52 1524.12 1517.5 1459.13 1295.13 1559.57 1196.08 1191.17 2112.11 3955.9 2278.85 2308.15 1190.96 1874.16 2063.27 1177.65 1132.01 1065.94 1539.99 2135.97 1108.79 7461.85 1403.61
threshold=-2.1934885978698726 -1.5581622719764707 -1.369966387748718 3.191205739974976 2.1403487920761113 1.1148765087127688 -0.27481402456760401 -0.57379686832427967 -0.0043747618328779927 1.2217946052551272 1.5510139465332033 -0.047435864806175225 0.82119813561439525 1.0098809599876406 2.2832190990448002 0.36934134364128118 1.1336319446563723 0.76633998751640331 -1.3099049925804136 -1.4155634045600889 0.5174245834350587 1.4715248346328738 1.757795035839081 -0.053987251594662659 0.19644626975059512 0.56619903445243847 -0.71342185139656056 -0.93392804265022267 -0.36770796775817866 0.04523908160626889 0.27578224241733557 1.5762847661972048 -0.33892536163330073 0.42773537337780004 0.32892888784408575 0.30383881926536566 0.5443481206893922 0.4051686972379685 -0.32069228589534754
decision_type=2 2 2 2 2 2 2 2 2 2 2 2 2 2 2 2 2 2 2 2 2 2 2 2 2 2 2 2 2 2 2 2 2 2 2 2 2 2 2
left_child=-1 2 -2 4 5 6 11 8 -8 12 -11 13 19 14 18 16 17 -7 -3 -9 21 22 31 24 26 -26 27 -21 29 -25 -31 33 -17 34 36 -36 37 38 -20
right_child=1 3 -4 -5 -6 15 7 9 -10 10 -12 -13 -14 -15 -16 32 -18 -19 20 23 -22 -23 -24 28 25 -27 -28 -29 -30 30 -32 -33 -34 -35 35 -37 -38 -39 -40
leaf_value=0.72042874429907122 -0.2462980618943339 -0.31039279504782624 -1.1616475392471661 -0.39762735016500722 0.75059540385291701 -0.14822524188559003 -0.27741247912247979 -0.4647592036620431 4.4738422799110413 2.7116149040559931 -0.3912142558531328 0.64358750343322757 0.45838614702224734 -0.67076910300688308 0.56214757472276689 -0.78153935719281442 -0.56490267912546799 0.27008707683819994 0.029412750750664053 -0.088826530840661791 -0.25579561927006583 0.39271050529046492 -0.27105900542438033 -0.13702897109712164 0.84821648620778611 -0.074451334889118495 -0.23485391921518992 0.6198603561520577 -0.16282778128583419 0.6232742910358039 -0.029033749247038804 0.35033237288395563 -0.2768591950237751 -0.13013001625435522 -0.086279902402311565 0.6202379480085296 -0.1584347909034573 0.9145372194322674 -0.16078783492122195
leaf_weight=35 23 54 22 52 21 134 24 23 20 24 33 20 34 22 20 20 27 26 321 27 64 22 50 72 21 26 72 20 276 22 27 21 25 198 20 23 114 22 139
leaf_count=35 23 54 22 52 21 134 24 23 20 24 33 20 34 22 20 20 27 26 321 27 64 22 50 72 21 26 72 20 276 22 27 21 25 198 20 23 114 22 139
internal_value=-8.08456e-10 -0.0115612 -0.693802 0.00281184 0.0128036 0.00529337 0.0336236 0.148365 1.88225 0.0356753 0.91524 -0.0409066 -0.045188 -0.0534661 -0.0407501 -0.218296 -0.150226 -0.0802495 -0.0522558 -0.0744056 -0.0382323 -0.0232602 -0.0333388 -0.0584586 0.0540134 0.337805 -0.0580722 0.212742 -0.105487 0.0253061 0.263839 -0.0194856 -0.501161 -0.0287642 0.00264493 0.291625 -0.0182043 0.0149622 -0.0280609
internal_weight=2216 2181 45 2136 2084 2063 1831 721 44 677 57 1110 620 1090 1068 232 187 160 1048 586 994 930 908 563 166 47 119 47 397 121 49 858 45 837 639 43 596 482 460
internal_count=2216 2181 45 2136 2084 2063 1831 721 44 677 57 1110 620 1090 1068 232 187 160 1048 586 994 930 908 563 166 47 119 47 397 121 49 858 45 837 639 43 596 482 460
is_linear=0
shrinkage=0.05


Tree=45
num_leaves=40
num_cat=0
split_feature=29 22 19 5 3 3 16 29 7 8 30 30 20 28 28 6 5 21 20 4 10 5 29 29 29 29 20 23 20 5 29 11 11 29 6 29 29 3 0
split_gain=7507.66 5502.39 7289.44 3401.68 2991.88 12526.4 3323.8 29245.7 3065.44 12894.8 2233.31 3831.66 2185.9 1652.67 7847.07 1525.14 1338.04 1897.15 1482.13 1271.46 1747.72 1876.84 2367.72 1353.89 1420.16 3439.2 8065.3 1249.83 1552.31 1173.03 1153.83 1146.4 1014.02 996.654 1209.77 1734.76 2059.76 1757.06 3464.2
threshold=3.2934920787811284 -1.6923955082893369 -1.5992504954338072 3.5429087877273564 1.8135544657707217 1.6654188036918642 1.840181350708008 -0.45463125407695765 0.73658686876297008 0.79218402504920971 1.2409112453460696 0.95535138249397289 1.9394960999488833 -1.3013150095939634 -1.2250468134880064 2.872025847434998 -0.54020306468009938 0.11792098730802537 0.6703871786594392 -0.97939488291740406 0.41865077614784246 -0.54020306468009938 0.23727176338434222 -0.85986977815628041 -0.52172148227691639 -0.41597388684749598 -0.10507600754499434 0.90845298767089855 -0.02666364703327417 -0.39172627031803126 0.48048157989978796 1.0874515175819399 0.67084914445877086 -0.33019988238811487 -0.23815640062093732 0.45624069869518286 0.34614671766757971 -0.60071250796318043 -0.72390931844711293
decision_type=2 2 2 2 2 2 2 2 2 2 2 2 2 2 2 2 2 2 2 2 2 2 2 2 2 2 2 2 2 2 2 2 2 2 2 2 2 2 2
left_child=1 -1 -3 4 5 6 8 -8 9 10 11 13 -9 -4 -15 19 -10 -18 31 20 21 22 -16 -21 -25 26 -26 28 -6 -14 -23 -19 33 -27 35 36 37 38 -35
right_child=-2 2 3 -5 27 -7 7 12 16 -11 -12 -13 29 14 15 -17 17 18 -20 23 -22 30 -24 24 25 32 -28 -29 -30 -31 -32 -33 -34 34 -36 -37 -38 -39 -40
leaf_value=-0.56965755844532062 0.87953301866849276 0.90703973445025365 -0.25994600962560915 0.64121901929378522 -0.31062607515502622 0.95537155253045702 1.9668442511558533 0.21077603167366413 -0.063045362472378963 1.2319778456574395 0.46267898182074235 -0.67846418917179108 -0.1734618639945984 0.79784834137807292 -0.14556918066658386 0.38388406498276673 0.15647126402367245 -0.32233113802614666 -0.23098290970184557 0.39730414634659178 0.31269323812289673 -0.19365795996958671 0.35958799440413713 -0.21464235067561077 -0.098433215253882933 -0.19337517919448707 1.0848781952634454 -0.49860190729941095 0.014342131945368361 -0.68036421650931955 -0.53894843330671049 -0.83880846933885056 -0.28023564174771309 0.059270719743995781 -0.067716947041240136 -0.1328314917890922 0.55773594323545694 -0.0026636151752808023 0.65238615180764881
leaf_weight=43 24 22 65 20 74 34 20 21 144 21 24 22 25 30 73 23 22 21 92 21 22 146 34 77 36 65 24 31 73 21 29 22 35 83 299 92 24 227 35
leaf_count=43 24 22 65 20 74 34 20 21 144 21 24 22 25 30 73 23 22 21 92 21 22 146 34 77 36 65 24 31 73 21 29 22 35 83 299 92 24 227 35
internal_value=-5.0067e-10 -0.00962992 0.00157584 -0.00778956 -0.0139501 0.00414891 -0.0129179 0.288954 -0.0274438 0.00165292 -0.0157339 -0.0235875 -0.211909 -0.0135824 -0.00193613 -0.0197752 -0.173121 -0.274082 -0.344246 -0.026798 -0.116529 -0.150015 0.0149481 -2.04761e-06 -0.00837058 0.00889347 0.374891 -0.21009 -0.149247 -0.404874 -0.250878 -0.586575 -0.0166413 -0.00545848 0.0106133 0.0614176 0.109848 0.0786909 0.235195
internal_weight=2216 2192 2149 2127 2107 1929 1895 87 1808 1507 1486 1462 67 1440 1375 1345 301 157 135 1322 304 282 107 1018 997 920 60 178 147 46 175 43 860 825 760 461 369 345 118
internal_count=2216 2192 2149 2127 2107 1929 1895 87 1808 1507 1486 1462 67 1440 1375 1345 301 157 135 1322 304 282 107 1018 997 920 60 178 147 46 175 43 860 825 760 461 369 345 118
is_linear=0
shrinkage=0.05


Tree=46
num_leaves=40
num_cat=0
split_feature=12 25 28 28 12 30 30 5 29 28 29 27 15 24 4 29 16 10 18 33 9 29 5 0 29 29 5 4 27 27 3 5 7 19 0 24 12 8 11
split_gain=7393.88 27237.7 4872.25 9033.99 6051.7 4305.46 4217.31 2667.18 3139.54 24758.1 5098.22 12512.2 2434.87 2813.79 9082.04 2228.63 2018.33 1721.96 1433.94 1310.56 1138.14 1678.3 1085.71 1084.75 1032.91 2773.15 928.325 861.685 851.879 913.247 1998.67 1150.49 918.957 2545.76 6978.78 1235.4 2219.8 1312.48 3119.74
threshold=-1.3754690289497373 -1.6300981044769285 -1.2388885617256162 -1.197591185569763 -1.2313437461853025 -2.4608415365219112 1.0098809599876406 3.3049092292785649 -0.44785918295383448 1.4740961194038393 -0.52172148227691639 -0.099173549562692628 1.8295560479164126 1.5304850935935976 0.65578106045722973 0.86485663056373607 0.19454724341630938 0.91592547297477733 1.5112497210502627 -0.047462873160839074 -1.105413496494293 1.1304740905761721 -0.35242359340190882 2.7512800693511967 0.46461574733257299 0.42881171405315405 -0.19084589928388593 -1.027343690395355 0.98880475759506237 -0.46036596596240992 1.3119601607322695 0.017676653340458873 -0.3312095701694488 -0.29271806776523585 0.0089050726965069788 0.084055770188570036 0.14132197201251986 0.30425074696540838 0.34234187006950384
decision_type=2 2 2 2 2 2 2 2 2 2 2 2 2 2 2 2 2 2 2 2 2 2 2 2 2 2 2 2 2 2 2 2 2 2 2 2 2 2 2
left_child=5 -2 15 -4 -5 -1 7 8 9 10 19 16 13 17 -15 -3 -12 18 20 -6 -10 23 -14 24 25 28 -19 -26 29 30 31 -22 33 -31 -35 -34 -37 -38 -39
right_child=1 2 3 4 6 -7 -8 -9 12 -11 11 -13 22 14 -16 -17 -18 26 -20 -21 21 -23 -24 -25 27 -27 -28 -29 -30 32 -32 -33 35 34 -36 36 37 38 -40
leaf_value=-1.083084162798795 1.7280103553896364 -0.21406308017013706 0.98101388153930513 0.63850435763597491 -0.15554306945577265 -0.24110862226510538 0.50766749748816853 0.55677493274211887 -0.28637296280506602 1.8226667290925982 0.27199964950913968 1.3023980210224788 -0.19910065276508637 -0.14497081706157097 1.165539410971105 -0.79129907250404363 -0.35519914534585229 -0.13550558303345422 0.37169083654880525 0.26895860701799396 -0.097598024670749087 0.39709805819121274 -0.61243569254875185 -0.37634536872307461 -0.38963338934606123 0.53703012771227143 -0.45294970660596284 -0.098105211983428156 -0.14590463873835793 0.0063783191703259941 0.32457272184547037 -0.40974561958699618 -0.12969587911661207 -0.04602459651051146 1.1376318001747132 0.46183521492140633 -0.17923017209758618 0.62516166567802434 -0.01269474975989769
leaf_weight=22 23 102 24 37 200 49 39 20 47 20 23 24 47 39 20 20 29 61 21 20 146 22 24 24 31 22 37 139 138 180 24 37 176 33 20 28 77 22 149
leaf_count=22 23 102 24 37 200 49 39 20 47 20 23 24 47 39 20 20 29 61 21 20 146 22 24 24 31 22 37 139 138 180 24 37 176 33 20 28 77 22 149
internal_value=-1.18538e-10 0.0166164 -0.00193311 0.0167792 0.00506782 -0.502002 -0.00701941 -0.017584 -0.0236942 0.120053 0.00501124 0.358063 -0.0527377 -0.0391331 0.29927 -0.308692 -0.0777843 -0.0530562 -0.0382168 -0.116952 -0.0447628 -0.0358072 -0.33882 -0.0434508 -0.0369128 -0.0184336 -0.255357 -0.151266 -0.0302979 -0.0124126 -0.104445 -0.16071 0.0153988 0.0960598 0.400638 -0.0261809 0.0398286 -0.00781728 0.0693686
internal_weight=2216 2145 2122 2000 1976 71 1939 1900 1880 316 296 76 1564 1493 59 122 52 1434 1336 220 1315 1268 71 1246 1222 1052 98 170 1030 892 207 183 685 233 53 452 276 248 171
internal_count=2216 2145 2122 2000 1976 71 1939 1900 1880 316 296 76 1564 1493 59 122 52 1434 1336 220 1315 1268 71 1246 1222 1052 98 170 1030 892 207 183 685 233 53 452 276 248 171
is_linear=0
shrinkage=0.05


Tree=47
num_leaves=40
num_cat=0
split_feature=30 7 9 30 27 6 3 6 4 17 16 7 7 26 5 15 18 12 5 5 7 7 3 20 20 18 29 15 16 0 24 24 25 24 4 3 9 23 30
split_gain=7814.81 3918.43 10529.3 5648.77 4684.6 3146.48 3895.58 3069.92 2614.01 2509.19 9104.75 28160.6 1680.64 7265.35 1568.08 1515.58 8457.16 1315.73 1081.33 10904.8 2982.03 1146.58 3453.18 1984.08 4784.7 1815.9 1751.64 2441.39 3100.31 1562.25 1248.25 1129.85 2195.09 1295.31 1078.65 860.778 801.216 762.533 768.662
threshold=-2.4608415365219112 -1.0144957304000852 -1.0193323493003843 1.0098809599876406 -1.8494415283203123 3.2509608268737797 2.6286451816558842 2.5266120433807377 0.70803293585777294 2.2854528427124028 1.840181350708008 1.6315463185310366 1.2180948853492739 1.4886433482170107 -0.068570896983146654 -1.1056836247444151 -1.0717446804046629 1.1007702946662905 0.82119813561439525 1.1148765087127688 0.76633998751640331 -0.35899424552917475 1.5014359951019289 0.042302111163735397 0.28144229948520666 -0.068276233971118913 0.063669886440038695 -0.57336550951004017 -0.45233635604381556 -1.1218864321708677 -0.014342243783175944 0.18497563898563388 0.60072919726371776 0.036010738462209708 -0.89702138304710377 -0.60071250796318043 -0.71817675232887257 -1.0090146660804746 -0.063162293285131441
decision_type=2 2 2 2 2 2 2 2 2 2 2 2 2 2 2 2 2 2 2 2 2 2 2 2 2 2 2 2 2 2 2 2 2 2 2 2 2 2 2
left_child=-1 4 -3 5 -2 6 7 9 37 10 12 -12 13 15 -14 36 -17 18 21 -20 -21 22 23 25 -25 26 27 34 -29 -28 35 32 33 -32 -18 -23 -4 38 -6
right_child=1 2 3 -5 8 -7 -8 -9 -10 -11 11 -13 14 -15 -16 16 17 -19 19 20 -22 30 -24 24 -26 -27 29 28 -30 -31 31 -33 -34 -35 -36 -37 -38 -39 -40
leaf_value=0.861746972340804 -0.77936012089252482 1.1020662339573557 -0.1379937285254168 0.65039561300566706 -0.048552558772014774 -0.42733615315095941 0.67761840678396679 0.60870413184165961 0.28278349936008457 -0.42168745769036786 -0.29392374716117048 2.0624494961329871 -0.070479067127135669 0.9357258333265781 -0.42818843126297002 0.88070472100606334 0.14562180043273681 -0.31559234208021408 1.039998023899702 -0.16033369364158717 0.48250824241411117 -0.063674633373320105 0.67228421002626426 0.89021632611751567 -0.11505044061562111 -0.49557834288903646 0.28834211409091948 0.82951965183019638 0.079994720365298366 -0.18286101757867698 0.34649554348804734 -0.070022512077055163 0.5079614229930135 -0.078858143143588688 -0.21203074710709707 -0.24300564216035936 -0.51477645039558417 -0.47082754912830538 -0.25694796481931753
leaf_weight=26 30 22 43 33 89 44 21 20 35 37 32 21 88 20 47 26 37 39 26 128 21 125 20 20 29 21 20 22 37 146 22 424 26 96 49 144 21 21 88
leaf_count=26 30 22 43 33 89 44 21 20 35 37 32 21 88 20 47 26 37 39 26 128 21 125 20 20 29 21 20 22 37 146 22 424 26 96 49 144 21 21 88
internal_value=-7.6542e-10 -0.0102308 0.0144774 0.00191731 -0.191268 -0.0095142 0.000542786 -0.00732583 -0.115547 -0.0142204 -0.00560538 0.639734 -0.0257603 -0.0111321 -0.195015 -0.023413 -0.0130979 -0.0291027 -0.0211953 0.0951423 -0.0697318 -0.0376405 0.0318785 -0.00173861 0.295263 -0.0455731 -0.0151869 0.111777 0.359479 -0.12609 -0.0709464 -0.0289261 0.09208 0.000445087 -0.058157 -0.159673 -0.261626 -0.185959 -0.152162
internal_weight=2216 2190 1927 1905 263 1872 1828 1807 233 1787 1750 53 1697 1562 135 1542 1478 1452 1413 175 149 1238 401 381 49 332 311 145 59 166 837 568 144 118 86 269 64 198 177
internal_count=2216 2190 1927 1905 263 1872 1828 1807 233 1787 1750 53 1697 1562 135 1542 1478 1452 1413 175 149 1238 401 381 49 332 311 145 59 166 837 568 144 118 86 269 64 198 177
is_linear=0
shrinkage=0.05


Tree=48
num_leaves=40
num_cat=0
split_feature=28 12 18 31 0 4 29 7 11 9 0 14 0 14 30 30 29 33 33 9 7 30 31 31 27 29 29 33 16 17 13 26 30 7 29 33 3 7 27
split_gain=7370.83 22467.5 11853.3 3300.66 21777.4 63374.6 5646.21 5326.34 4249.22 22854.3 4509.99 2762.32 2750.02 10669.4 4304.22 2719.74 2480.06 2655.11 1739.22 1624.5 2334.89 3546.31 1351.63 1291.6 1239.87 1247.11 5464.51 2025.47 3516.25 8820.77 2014.36 3911.88 1107.1 990.872 1219.17 2564.73 981.058 1479.46 976.454
threshold=-1.5452485680580137 -0.7838660180568694 -1.5910865664482114 -0.74593421816825856 -0.66076958179473866 -0.81157422065734852 1.6874600648880007 2.1604351997375493 1.2957069873809817 1.1875331997871401 2.9056415557861333 -1.4293871521949766 -0.57419842481613148 -0.095148753374814973 1.0098809599876406 0.9120679795742036 1.0929369330406191 -0.047405436635017388 -0.047481616958975785 0.54812896251678478 0.34387624263763433 -0.053987251594662659 -0.87925982475280751 -0.90836864709854115 -0.59109649062156666 0.24387346208095553 0.20255824923515323 -0.047459915280342095 -0.50446477532386769 -0.62855255603790272 -0.32651410996913904 -0.25226458907127375 0.3456332534551621 -1.1554817557334898 0.37714722752571112 -0.047488832846283906 0.092424657195806517 0.51999107003211986 -2.3019390106201167
decision_type=2 2 2 2 2 2 2 2 2 2 2 2 2 2 2 2 2 2 2 2 2 2 2 2 2 2 2 2 2 2 2 2 2 2 2 2 2 2 2
left_child=1 -1 11 15 5 -5 7 8 9 10 12 38 13 -6 16 22 17 19 32 20 24 -22 23 33 -14 26 27 28 29 -26 -30 -32 -10 -4 -35 -36 -23 -38 -2
right_child=2 -3 3 4 6 -7 -8 -9 18 -11 -12 -13 14 -15 -16 -17 -18 -19 -20 -21 21 36 -24 -25 25 -27 -28 -29 30 -31 31 -33 -34 34 35 -37 37 -39 -40
leaf_value=1.8824816616810858 -0.72003759384155286 -0.36589436304569245 -0.38251209252259954 3.0001827967663606 -0.26182548828423025 -0.032776167701746593 -0.76050167977809913 0.70841730347386112 -0.37797176565133755 1.5847332902576614 0.73936339914798743 -1.17070214509964 -0.19881357048372073 0.96307454220950606 -0.74514623426255733 -0.65272275663557511 0.48011486356457073 0.49826044446748236 -0.6266852162778378 -0.17161404747425058 0.74065800905227663 -0.13178304990228171 -0.23030304326421835 0.30727388744170847 -0.020350945325091827 -0.1166197358006944 0.77833997749763995 -0.21019617121666673 -0.23698333542322719 1.2506450614333153 0.56272197086364029 -0.040173993795316602 0.051821896536596891 -0.072125335841474361 0.55429881241917611 -0.13676565453923981 -0.083439301401376731 0.5247264163196087 -0.24699346289659541
leaf_weight=20 20 25 22 24 40 61 24 27 31 23 20 20 112 32 21 21 24 23 32 205 24 39 110 26 43 224 23 100 83 20 32 169 29 349 25 29 20 20 24
leaf_count=20 20 25 22 24 40 61 24 27 31 23 20 20 112 32 21 21 24 23 32 205 24 39 110 26 43 224 23 100 83 20 32 169 29 349 25 29 20 20 24
internal_value=-5.67997e-10 0.633384 -0.0131286 0.0072332 0.0458934 0.823589 -1.2184e-05 0.0128775 -0.000642744 0.0226488 -0.00555214 -0.683479 -0.0174328 0.282575 -0.0357073 -0.0940672 -0.0228751 -0.0334923 -0.329002 -0.044471 -0.0157974 0.208369 -0.073155 -0.0348262 -0.044444 -0.0195313 0.0267406 -0.0119323 0.0452043 0.38314 -0.0297603 0.0558094 -0.170238 -0.0557547 -0.0379168 0.183172 0.0466608 0.220644 -0.462014
internal_weight=2216 45 2171 2107 1525 85 1440 1416 1389 1297 1274 64 1254 72 1182 582 1161 1137 92 1114 909 103 561 451 806 694 470 447 347 63 284 201 60 425 403 54 79 40 44
internal_count=2216 45 2171 2107 1525 85 1440 1416 1389 1297 1274 64 1254 72 1182 582 1161 1137 92 1114 909 103 561 451 806 694 470 447 347 63 284 201 60 425 403 54 79 40 44
is_linear=0
shrinkage=0.05


Tree=49
num_leaves=40
num_cat=0
split_feature=30 15 18 27 28 30 8 7 7 0 33 27 29 5 4 9 12 30 30 10 27 27 29 5 3 12 26 12 10 3 29 19 4 27 27 27 5 27 20
split_gain=7494.43 3875.21 7456.68 3512.08 22671.5 8921.12 3539.81 3511.93 14447 5616.32 3459.86 3633.98 6461.23 2422.63 1950.74 6830.26 16359.9 2054.78 1595.5 1401.77 1340.44 1547.65 1613.84 3135.32 1326.72 1237.9 1136.73 6274.98 6871.02 1239.78 1229.07 1151.46 944.881 879.826 772.494 1058.69 714.393 1055.33 704.471
threshold=-2.4608415365219112 -1.584319472312927 -1.5910865664482114 0.25011114776134497 1.6180556416511538 1.0098809599876406 0.96793350577354442 1.1276233196258547 1.0725600123405459 2.4019546508789067 -0.04742735251784324 0.16876037418842318 -0.29497282207012171 0.700014889240265 -1.0322614908218382 -0.4233239740133285 -0.6477123200893401 -0.093415722250938402 1.0098809599876406 0.44268596172332769 -0.46763706207275385 1.0000000180025095e-35 -0.44785918295383448 -0.57513877749443043 -0.58831045031547535 0.99506542086601268 -0.4267969131469726 -0.30952669680118555 -0.42161588370800013 -0.82119348645210255 0.55552455782890331 -0.26520203053951258 0.58816099166870128 -0.043633546680212014 -0.14685618877410886 -0.19062446057796475 -0.54020306468009938 -0.61005219817161549 -0.97247073054313649
decision_type=2 2 2 2 2 2 2 2 2 2 2 2 2 2 2 2 2 2 2 2 2 2 2 2 2 2 2 2 2 2 2 2 2 2 2 2 2 2 2
left_child=-1 -2 -3 4 5 7 18 8 9 10 11 14 -13 32 15 16 17 -4 26 -17 25 22 23 -22 -14 -16 29 28 -28 30 31 -5 36 34 35 -24 -9 -38 -31
right_child=1 2 3 6 -6 -7 -8 13 -10 -11 -12 12 24 -15 20 19 -18 -19 -20 -21 21 -23 33 -25 -26 -27 27 -29 -30 38 -32 -33 -34 -35 -36 -37 37 -39 -40
leaf_value=0.84389792864139279 0.68278513915836814 -0.70153327844081792 0.35188809936797183 -0.20175588790631782 1.5360352950096132 0.93351054008190448 -0.55368956442062678 -0.054100501297840053 1.3633575257658959 0.81735259918939507 0.53060679692646551 1.083179383110255 0.28339020644242946 -0.58422808577032659 -0.13484214127196797 -0.27183613761328163 1.6442944553547674 -0.232359013487311 -0.47450314760208134 0.1197224748786539 -0.18845637014933997 -0.1614062861866645 -0.042741472583699536 0.59779976620338859 -0.21702366096002088 -0.53160093228022265 -0.054941038148743772 -0.064749919810543774 1.2241045049258643 -0.39843599566391541 0.31079033343837814 0.14471392088422649 0.11483620685689591 0.26569300889968872 -0.2047147064244953 0.31428308015068374 -0.47676622784799999 -0.063242637545422281 -0.15222740213206987
leaf_weight=26 20 39 27 65 25 26 39 56 20 21 29 20 26 34 308 80 21 34 23 32 21 148 154 32 27 21 21 326 21 35 26 38 34 25 58 24 36 27 171
leaf_count=26 20 39 27 65 25 26 39 56 20 21 29 20 26 34 308 80 21 34 23 32 21 148 154 32 27 21 21 326 21 35 26 38 34 25 58 24 36 27 171
internal_value=9.24929e-10 -0.0100189 -0.0164042 -0.00386544 0.0441705 0.0163579 -0.0896394 -0.00177589 0.0314936 0.00745274 -0.0081939 -0.0229625 0.317426 -0.20246 -0.0481893 0.0938927 0.440621 0.0262422 -0.064711 -0.159962 -0.0830362 -0.0281096 0.0347181 0.286264 0.0284624 -0.160167 -0.0513039 0.00935858 0.584582 -0.117942 0.00360888 -0.0739321 -0.117623 -0.0163621 -0.0462409 0.00539667 -0.18404 -0.299542 -0.194059
internal_weight=2216 2190 2170 2131 1366 1341 765 1315 1128 1108 1087 1058 73 187 985 194 82 61 726 112 791 462 314 53 53 329 703 368 42 335 129 103 153 261 236 178 119 63 206
internal_count=2216 2190 2170 2131 1366 1341 765 1315 1128 1108 1087 1058 73 187 985 194 82 61 726 112 791 462 314 53 53 329 703 368 42 335 129 103 153 261 236 178 119 63 206
is_linear=0
shrinkage=0.05


Tree=50
num_leaves=40
num_cat=0
split_feature=29 22 19 33 33 27 30 15 15 31 28 9 27 31 29 27 0 3 15 24 4 0 3 28 21 0 0 0 29 25 30 31 22 20 6 0 6 27 33
split_gain=6965.48 4627.1 6674.36 3261.72 6362.94 13751.7 4234.27 2725.35 11893.1 2069.25 10839.5 2721.01 3321.54 2088.98 4284.88 2300.25 3344.48 1883.45 1348.89 1141.65 1140.58 1492.7 1940.13 1556.4 4307.83 1355.7 1933.15 1710.11 1179.09 1177.15 1132.89 1031.09 1021.14 2537.54 2017.16 1513.18 994.826 953.69 894.7
threshold=3.2934920787811284 -1.6923955082893369 -1.5992504954338072 -0.047459915280342095 -0.047463884577155106 1.0000000180025095e-35 1.0098809599876406 2.1951055526733403 1.8629074692726137 1.4993981122970583 0.19103966653347018 0.53685480356216442 -1.1777949333190916 0.30665515363216406 -0.44785918295383448 0.39193329215049749 0.58968329429626476 0.34597781300544744 -0.38555981218814844 -0.66599541902542103 -0.97939488291740406 -0.32521679997444147 -0.2038466930389404 0.71703562140464794 0.48020079731941229 -0.10843108594417571 -0.93300378322601307 -0.65433043241500843 0.36456617712974554 0.83879441022872936 0.23403161019086841 2.8130685091018681 0.21679680049419406 -0.07049932703375815 -0.41887925565242762 -0.4446993470191955 0.33899080753326422 -0.58386245369911183 -0.047335436567664139
decision_type=2 2 2 2 2 2 2 2 2 2 2 2 2 2 2 2 2 2 2 2 2 2 2 2 2 2 2 2 2 2 2 2 2 2 2 2 2 2 2
left_child=1 38 -3 4 6 -6 7 8 9 11 -11 12 -4 20 -15 18 -17 -13 -16 -7 25 22 23 24 32 26 28 -28 -14 36 -9 -5 33 35 -35 -22 -23 -19 -1
right_child=-2 2 3 31 5 19 -8 30 -10 10 -12 17 13 14 15 16 -18 37 -20 -21 21 29 -24 -25 -26 -27 27 -29 -30 -31 -32 -33 -34 34 -36 -37 -38 -39 -40
leaf_value=-0.74566142479465769 0.84717911332845697 0.86742155152288358 0.4646495560282155 -0.1374093378367709 1.4539959884714335 0.26016448231843803 0.53338225417666973 -0.5746043602968085 0.95164904608391232 1.2263754574209453 -0.15908177454645436 -0.087131962756087131 -0.12429870308041574 0.62944353156619615 0.29219259666278957 0.77495745176618758 -0.087356102725733895 -0.55116841171469011 -0.15652892874210206 -0.19611679444025304 -0.066837264086628698 -0.20679866683173687 0.50541016838767316 -0.15524863066508415 0.76840814153353376 0.20110795025167794 -0.58889086319085882 -0.17008794307708741 0.19702646925642686 0.23923504466102241 -0.12453748186429342 -0.48662504579709931 -0.27841181838512424 0.65682857079165324 0.045222965921633523 0.35402216687798505 0.10776090896377961 -0.21845806459231035 -0.28939142919012478
leaf_weight=22 24 22 38 261 24 26 36 29 32 20 48 304 125 36 20 22 23 35 103 29 194 155 22 94 21 29 39 65 37 21 27 23 25 28 26 24 30 56 21
leaf_count=22 24 22 38 261 24 26 36 29 32 20 48 304 125 36 20 22 23 35 103 29 194 155 22 94 21 29 39 65 37 21 27 23 25 28 26 24 30 56 21
internal_value=3.41986e-10 -0.00927568 0.00100022 -0.00796135 0.0163442 0.455352 -0.00331654 -0.0144978 -0.00300604 -0.0216335 0.248406 -0.0333145 0.00479372 -0.0105483 0.134418 0.0283407 0.334219 -0.146868 -0.0835661 0.0195798 -0.0421772 -0.00468438 0.047924 0.0234952 0.0763314 -0.123518 -0.158909 -0.327139 -0.0509096 -0.11552 -0.357608 -0.165691 0.0273966 0.055504 0.362352 -0.0205041 -0.155789 -0.346424 -0.522832
internal_weight=2216 2192 2149 2127 1843 79 1764 1728 1672 1640 68 1572 1177 1139 204 168 45 395 123 55 935 640 434 412 318 295 266 104 162 206 56 284 297 272 54 218 185 91 43
internal_count=2216 2192 2149 2127 1843 79 1764 1728 1672 1640 68 1572 1177 1139 204 168 45 395 123 55 935 640 434 412 318 295 266 104 162 206 56 284 297 272 54 218 185 91 43
is_linear=0
shrinkage=0.05


Tree=51
num_leaves=40
num_cat=0
split_feature=27 18 14 11 7 12 15 10 5 5 30 5 27 29 3 29 29 29 30 5 18 5 30 27 17 9 29 29 29 4 30 30 11 4 2 22 28 5 22
split_gain=7083.94 7681.65 3715.41 3063.36 23828.4 6436.12 31016.6 2554.92 4858.92 2880.86 4559.4 4849.36 3697.37 14190.3 2138.95 1556.19 1382.21 5114.12 9570.11 1370.86 1249.86 1230.86 2245.21 903.494 1238.83 1199.14 1643.56 792.432 4901.09 819.363 760.841 3209.05 2793.89 3012.33 826.427 1643.73 2792.68 819.743 745.788
threshold=-2.1934885978698726 -1.5910865664482114 -1.4148615002632139 1.6160847544670107 1.6315463185310366 1.2761033177375796 0.81930962204933178 1.0361159443855288 3.3049092292785649 1.1148765087127688 -1.3757219314575193 0.82119813561439525 -1.1976896524429319 -0.15099124610424039 -0.42432770133018488 0.7793947458267213 -0.52172148227691639 -0.46025393903255457 0.034097772091627128 -0.13407536596059796 1.5376403331756594 0.56573072075843822 1.158700227737427 -0.90070486068725575 -1.3745294809341428 -1.105413496494293 1.0929369330406191 0.46461574733257299 0.42881171405315405 -1.027343690395355 0.098575331270694747 0.15367031842470172 0.3163351714611054 -0.70891466736793507 1.0000000180025095e-35 -0.23650609701871869 -0.41530318558216089 0.12139206379652025 -0.047170149162411683
decision_type=2 2 2 2 2 2 2 2 2 2 2 2 2 2 2 2 2 2 2 2 2 2 2 2 2 2 2 2 2 2 2 2 2 2 2 2 2 2 2
left_child=-1 2 -2 4 5 7 -7 8 9 10 -3 12 13 -12 -9 -11 -14 18 -18 20 -5 22 23 -19 -25 -26 27 28 30 -29 37 32 33 -32 35 36 -33 -27 -37
right_child=1 3 -4 19 -6 6 -8 14 -10 15 11 -13 16 -15 -16 -17 17 21 -20 -21 -22 -23 -24 24 25 26 -28 29 -30 -31 31 34 -34 -35 -36 38 -38 -39 -40
leaf_value=0.70569411096296142 -0.23259197636084125 0.72114156062545431 -1.1742032849788666 0.088938321616198579 1.550468849182129 2.1072465783357623 -0.33668406496982317 -0.0020471530966460704 0.76827653348445901 -0.1481957583634366 -0.18355608884340679 0.56236642677638982 -0.16430433254726445 1.4545609676837923 -0.54751015747102294 -0.60399137451535179 1.3233997581154109 -0.23234916662590371 -0.15752927015225093 -0.48260951876640323 -0.30744115854072018 -0.29547669326150139 0.47724182930859654 0.32500997352600103 -0.2465313217022502 -0.099498393729876025 0.39043758685390156 -0.36373745616405245 0.71002455561057387 -0.07488281749883445 0.037536907643079764 -0.046410073133859232 -0.11588763150458153 0.81976420907303693 -0.16826297030219753 -0.29649761703706562 0.56495157826331355 0.15665010441752042 -0.033695296023423124
leaf_weight=35 22 22 20 37 25 20 37 32 20 173 39 37 174 20 41 21 20 54 24 40 43 43 22 25 61 384 24 31 23 118 20 47 26 32 99 31 31 34 209
leaf_count=35 22 22 20 37 25 20 37 32 20 173 39 37 174 20 41 21 20 54 24 40 43 43 22 25 61 384 24 31 23 118 20 47 26 32 99 31 31 34 209
internal_value=5.97075e-11 -0.0113248 -0.680978 0.00182412 0.0164118 -0.00282161 0.520835 -0.0182312 -0.00686722 -0.0152744 0.00615495 -0.00350703 -0.0166669 0.371738 -0.308403 -0.197534 -0.031625 -0.0146249 0.51562 -0.243614 -0.124116 -0.0323804 -0.0234794 -0.0322992 -0.0232593 -0.0307009 -0.0188293 -0.0278822 -0.0108335 -0.13498 -0.0289931 0.0129506 0.307309 0.518908 -0.0421092 -0.00283496 0.196567 -0.0786633 -0.0676406
internal_weight=2216 2181 42 2139 2019 1994 57 1937 1864 1844 1650 1628 1591 59 73 194 1532 1358 44 120 80 1314 1271 1249 1195 1170 1109 1085 936 149 913 495 78 52 417 318 78 418 240
internal_count=2216 2181 42 2139 2019 1994 57 1937 1864 1844 1650 1628 1591 59 73 194 1532 1358 44 120 80 1314 1271 1249 1195 1170 1109 1085 936 149 913 495 78 52 417 318 78 418 240
is_linear=0
shrinkage=0.05


Tree=52
num_leaves=40
num_cat=0
split_feature=11 25 15 12 30 27 27 30 7 7 0 27 27 16 8 29 30 12 3 13 22 29 23 20 10 33 30 4 2 16 29 33 29 28 23 5 5 30 23
split_gain=6913.51 25119.7 5071.41 17127.8 4473.38 3395.44 23470.4 12505.7 3901.2 12615.1 5704.54 4107.14 4341.09 8797.42 2957.47 2731.47 2433.49 2203.24 1536.89 1315.08 9332.29 1145.03 1509.54 1888.83 7709.31 1814.32 2261.63 1024.12 997.507 2244.33 971.104 963.453 981.302 3163.9 829.715 814.361 752.927 986.483 647.545
threshold=-1.3570068478584287 -1.6300981044769285 -1.3155183792114256 -1.2229315042495725 -2.4608415365219112 0.25011114776134497 0.21318208426237109 0.95535138249397289 1.1276233196258547 1.0725600123405459 2.4019546508789067 -1.1976896524429319 0.16876037418842318 0.2641922682523728 0.96793350577354442 1.3590816259384157 1.0098809599876406 0.99506542086601268 0.95643454790115368 -0.58716601133346547 -0.73735532164573658 -0.21396912634372708 -0.96705266833305348 0.13133033365011218 -0.39035665988922114 -0.047472553327679627 0.08492045104503633 -0.15443019568920133 1.0000000180025095e-35 0.92965042591094982 -0.60456100106239308 -0.047465398907661431 -0.44785918295383448 -0.14348310977220533 -0.58958473801612843 -0.19084589928388593 -0.54020306468009938 0.40671519935131079 -0.20231812447309491
decision_type=2 2 2 2 2 2 2 2 2 2 2 2 2 2 2 2 2 2 2 2 2 2 2 2 2 2 2 2 2 2 2 2 2 2 2 2 2 2 2
left_child=4 -2 15 -4 -1 6 7 8 9 10 11 -5 17 -14 16 -3 21 19 36 20 -13 -7 -23 24 25 34 -27 -6 38 -30 -21 32 33 -32 -24 -19 -10 -38 -25
right_child=1 2 3 5 27 14 -8 -9 18 -11 -12 12 13 -15 -16 -17 -18 35 -20 30 -22 22 23 28 -26 26 -28 -29 29 -31 31 -33 -34 -35 -36 -37 37 -39 -40
leaf_value=-1.0896916129372336 1.6237849144885939 -0.20763984881524072 1.4720987353473902 0.56630094746748616 0.025837794352661481 -0.14613998105797249 1.3672435506726757 1.1459793021281561 -0.04277570765804161 1.2770849482715132 0.82366425593694059 -0.047230724557793063 -0.16114800148285355 1.233693931400776 -0.50774766779862923 -0.83383641810644249 -0.60373959571123126 -0.20476992651820183 -0.50790951711790899 -0.26486208045056892 1.0772596211660477 -0.22047384694656907 -0.045266869931441286 -0.29338411398836084 0.93727041471887529 -0.049016544818878176 0.53091487542822446 -0.46852187946438789 -0.13376313256549424 0.55472673773765568 -0.13848772206476756 -0.35746500107149282 -0.056061123338735946 0.61642606362052588 -0.41307063024976981 -0.61073938750085377 -0.35608650545279186 0.04939326673746109 -0.061007300981237925
leaf_weight=22 24 102 20 30 22 195 33 24 88 20 21 152 26 20 39 21 20 30 35 56 21 68 46 37 27 40 29 20 29 20 35 24 515 23 23 21 60 20 158
leaf_count=22 24 102 20 30 22 195 33 24 88 20 21 152 26 20 39 21 20 30 35 56 21 68 46 37 27 40 29 20 29 20 35 24 515 23 23 21 60 20 158
internal_value=-9.56749e-11 0.0152301 -0.00291147 0.0162066 -0.512113 0.00153765 0.051466 0.0159045 -0.00675367 0.0340385 0.00851394 -0.00944845 -0.0281619 0.445305 -0.0841124 -0.314551 -0.060237 -0.0529959 -0.206495 -0.0333036 0.0892681 -0.0440613 -0.00233105 0.0339372 0.164602 0.0134273 0.194723 -0.209572 -0.054422 0.147253 -0.0657767 -0.047102 -0.0341025 0.160875 -0.167868 -0.371934 -0.1437 -0.254717 -0.105099
internal_weight=2216 2152 2128 2005 64 1985 1254 1221 1197 994 974 953 923 46 731 123 692 877 203 826 173 672 477 409 165 138 69 42 244 49 653 597 573 58 69 51 168 80 195
internal_count=2216 2152 2128 2005 64 1985 1254 1221 1197 994 974 953 923 46 731 123 692 877 203 826 173 672 477 409 165 138 69 42 244 49 653 597 573 58 69 51 168 80 195
is_linear=0
shrinkage=0.05


Tree=53
num_leaves=40
num_cat=0
split_feature=30 29 30 22 6 5 16 29 27 22 8 5 28 4 24 14 12 4 0 4 30 3 29 2 7 3 10 15 5 0 29 12 4 28 2 6 3 6 6
split_gain=7233.2 3702.51 9854.99 5444.34 2821.32 4805.38 3410.29 18970.9 2741.22 2659.98 2714.04 2629.21 2426.86 13109.7 2331.95 6729.33 2388.58 1969.4 1416.73 3721.05 5295.68 1404.35 1374.36 1468.27 3725.64 1334.86 1315.18 1271.15 1184.72 3668.09 1652.64 2956.41 1172.62 1145.64 1011.8 2671.84 1601.82 1226.08 1473.72
threshold=-2.4608415365219112 0.79209810495376598 1.0098809599876406 -1.6769025325775144 -0.23815640062093732 3.0898362398147587 1.840181350708008 -0.3661032766103744 -0.051677344366908066 -0.23650609701871869 -1.139296233654022 2.2415534257888798 -1.2250468134880064 -0.93882286548614491 1.5304850935935976 1.8016489744186404 0.99506542086601268 -1.0347204208374021 0.86638915538787853 0.40312792360782629 0.10730672627687456 -0.7736523151397704 0.40936382114887243 1.0000000180025095e-35 -0.4242528080940246 -0.25758893787860865 0.46653482317924505 -1.4808486104011533 0.82119813561439525 0.44694815576076513 0.42881171405315405 -0.29847192764282221 -1.0322614908218382 0.27049931883811956 1.0000000180025095e-35 2.872025847434998 0.080022599548101439 -0.13030565530061719 -0.1827735900878906
decision_type=2 2 2 2 2 2 2 2 2 2 2 2 2 2 2 2 2 2 2 2 2 2 2 2 2 2 2 2 2 2 2 2 2 2 2 2 2 2 2
left_child=-1 2 3 -2 5 6 12 -8 21 10 -10 27 13 -5 16 -16 17 22 19 28 -21 -3 23 24 -14 -9 -26 -6 30 -30 32 -32 -19 -11 -29 36 37 38 -36
right_child=1 8 -4 4 11 -7 7 25 9 33 -12 -13 14 -15 15 -17 -18 18 -20 20 -22 -23 -24 -25 26 -27 -28 34 29 -31 31 -33 -34 -35 35 -37 -38 -39 -40
leaf_value=0.82905974938319282 0.74470129515975714 -0.14931977725028991 0.9408112951687404 1.3334621122200043 -0.41668545515448963 0.77853181475684763 1.6520302295684814 0.11457273989915849 -0.20048534912722454 -0.63941344410181056 0.47863110034696521 -0.65038973490397145 0.55296779378102379 -0.30846913235802809 0.99416110830026738 -0.20923511981964113 -0.27816453287843618 0.34205091340201244 -0.10912689519024665 1.0071784911677242 -0.054542372408120536 -0.60678703437248871 -0.43551303852688189 -0.25083506743659278 -0.23613533615001614 -0.42875843437818384 0.16932368677641665 -0.1107334838228799 0.56199760935786702 -0.20895358045344004 0.728144461058435 -0.062864662210146582 -0.039564024158293548 -0.1042415314912796 -0.14365638062357902 0.5619878838459651 0.33998717417319618 -0.20510028793298185 0.43217893177643418
leaf_weight=26 24 25 28 20 27 21 20 20 28 20 31 21 26 31 21 26 90 21 155 24 23 51 33 83 70 26 28 396 36 27 21 27 486 20 25 21 24 94 20
leaf_count=26 24 25 28 20 27 21 20 20 28 20 31 21 26 31 21 26 90 21 155 24 23 51 33 83 70 26 28 396 36 27 21 27 486 20 25 21 24 94 20
internal_value=4.25168e-10 -0.00984272 0.00931648 -0.00380977 -0.0129612 0.0281514 0.016159 0.366429 -0.230447 -0.0570619 0.156339 -0.100358 -0.00236489 0.335425 -0.016757 0.328453 -0.0308655 -0.00986843 0.0270024 0.0587318 0.487613 -0.456304 -0.135844 -0.0880703 0.020877 -0.192527 -0.12029 -0.0813291 0.0261146 0.23159 0.00279034 0.283202 -0.0237575 -0.371827 -0.0657177 0.031164 -0.0372243 -0.102354 0.11227
internal_weight=2216 2190 2015 1987 1963 1335 1314 66 175 99 59 628 1248 51 1197 47 1150 1060 820 665 47 76 240 207 124 46 98 607 618 63 555 48 507 40 580 184 163 139 45
internal_count=2216 2190 2015 1987 1963 1335 1314 66 175 99 59 628 1248 51 1197 47 1150 1060 820 665 47 76 240 207 124 46 98 607 618 63 555 48 507 40 580 184 163 139 45
is_linear=0
shrinkage=0.05


Tree=54
num_leaves=40
num_cat=0
split_feature=29 21 19 6 4 23 23 4 27 15 14 21 22 30 15 12 5 29 29 30 30 33 29 33 0 20 33 6 29 3 33 0 0 31 4 0 28 8 3
split_gain=7061.3 4999.16 5919.59 3082.71 4605.48 3802.24 38300.9 31957.6 2794.77 2514.63 2149.07 5054.73 21609.9 4868.47 4417.81 2239.91 2000.13 1559.75 2400.81 1464.34 5891.28 1242.52 1237.47 1185.7 3916.45 8771.04 1137.86 1133.56 1662.55 1060.63 1040.14 897.802 4965.98 1004.37 892.374 769.046 756.44 755.19 658.041
threshold=3.2934920787811284 -1.6710991859436033 -1.5992504954338072 -0.098241925239562974 2.0844084024429326 1.0580972433090212 1.1383608579635622 0.58816099166870128 -1.1976896524429319 1.8295560479164126 -0.9569198191165923 -0.55546247959136952 -0.5666460096836089 0.95535138249397289 -0.57336550951004017 -0.90136480331420887 -0.41356109082698816 0.45624069869518286 0.37714722752571112 -0.15280977636575696 -0.21799339354038236 -0.047483224421739571 0.25425025820732122 -0.047475527971982949 0.86638915538787853 -0.10507600754499434 -0.047480765730142586 0.7703937590122224 -0.23061903566122052 0.023524343967437748 -0.047335436567664139 -0.73285263776779164 -0.62732163071632374 -0.8221202790737151 -1.0322614908218382 -0.086251690983772264 -1.197591185569763 -0.41646523773670191 -0.75367119908332814
decision_type=2 2 2 2 2 2 2 2 2 2 2 2 2 2 2 2 2 2 2 2 2 2 2 2 2 2 2 2 2 2 2 2 2 2 2 2 2 2 2
left_child=1 30 -3 4 5 8 -7 21 -4 10 29 12 14 17 15 -12 19 18 23 20 27 -8 -18 26 25 37 31 28 -5 36 -1 33 -33 38 -17 -34 -10 -25 -13
right_child=-2 2 3 16 -6 6 7 -9 9 -11 11 13 -14 -15 -16 34 22 -19 -20 -21 -22 -23 -24 24 -26 -27 -28 -29 -30 -31 -32 32 35 -35 -36 -37 -38 -39 -40
leaf_value=-0.78340259113095023 0.85298634568850196 0.81730420928109782 0.44160306918801684 -0.242015710324049 0.77902462095022207 2.1882175981998446 -0.24120795432644995 1.5361458801797458 0.1531201342550608 -0.56694440018563041 0.40372084194551344 -0.099750250319225922 1.6763315697726995 -0.75831907501687179 0.56612518382923949 0.063563835425745882 -0.23371534213727838 -0.19892254413528876 0.52925664739949363 -0.13357921724783114 0.85542992308735855 -0.64664239449934524 -0.7004270634800196 0.14390201441943648 -0.082598367810123058 1.0225036528802687 -0.17023075271765112 -0.28756341668890745 0.394962757400104 -0.33774852524141946 -0.29144405240104315 0.61136719735073197 -0.088519558868987644 -0.33919400890027324 -0.21232902020907282 0.17209981085998671 -0.14728754590851842 -0.27619873026142949 0.078390824307262172
leaf_weight=22 24 22 33 20 20 22 134 28 26 21 23 144 23 23 35 42 49 110 21 297 20 22 20 20 118 31 142 41 21 63 21 35 148 31 97 35 108 23 81
leaf_count=22 24 22 33 20 20 22 134 28 26 21 23 144 23 23 35 42 49 110 21 297 20 22 20 20 118 31 142 41 21 63 21 35 148 31 97 35 108 23 81
internal_value=-8.37497e-11 -0.00933927 0.00134179 -0.00709788 0.0248728 0.0156703 0.216529 -0.0192169 -0.013204 -0.0239245 -0.0156551 0.00982715 0.226043 -0.0396192 0.0567194 -0.0533374 -0.12043 -0.0220153 0.00145857 -0.0774452 0.0860039 -0.298385 -0.368994 -0.012259 0.0962316 0.381393 -0.0460742 -0.101661 0.0842416 -0.168549 -0.543144 -0.00887963 0.0656901 -0.0723804 -0.128966 -0.0386743 -0.0889995 -0.080803 -0.0356195
internal_weight=2216 2192 2149 2127 1659 1639 206 184 1433 1400 1379 1182 220 962 197 162 468 939 829 399 102 156 69 808 192 74 616 82 41 197 43 474 218 256 139 183 134 43 225
internal_count=2216 2192 2149 2127 1659 1639 206 184 1433 1400 1379 1182 220 962 197 162 468 939 829 399 102 156 69 808 192 74 616 82 41 197 43 474 218 256 139 183 134 43 225
is_linear=0
shrinkage=0.05


Tree=55
num_leaves=40
num_cat=0
split_feature=12 25 28 28 12 30 5 30 7 24 23 13 5 30 29 13 4 0 9 12 15 16 7 22 3 3 8 4 28 6 6 29 15 7 8 33 4 16 15
split_gain=6636.09 22576.3 4880.67 7451.32 5078.29 4430.32 3629.1 16844.7 11547.2 8669.36 4289.13 9826.81 3060.66 2624.97 1963.36 1872.68 1532.42 4923.09 1075.19 6822.98 1752.46 5924.7 1029.08 1017.12 968.747 957.62 1121.09 925.657 900.915 812.236 3371.41 972.512 804.611 1319.11 5010.93 3849.48 736.702 710.145 695.468
threshold=-1.3754690289497373 -1.6300981044769285 -1.2388885617256162 -1.197591185569763 -1.2313437461853025 -2.4608415365219112 -0.30438698828220362 1.0098809599876406 1.6315463185310366 1.4063044190406802 0.94117367267608654 0.8507116734981538 3.0898362398147587 0.95535138249397289 0.44335699081420904 1.374600410461426 -0.86259660124778736 -0.70584386587142933 -0.36709570884704584 -0.35531365871429438 -0.069747839123010621 -0.14921985566616056 1.1276233196258547 0.77010071277618419 0.8902902901172639 -0.64549770951271046 2.0366030931472783 -0.17410147935152051 -0.33981266617774958 3.2509608268737797 2.2832190990448002 1.1304740905761721 -0.81912797689437855 -0.5446835160255431 -0.64500421285629261 -0.047483507543802254 -0.15443019568920133 0.64076015353202831 0.032859392464160926
decision_type=2 2 2 2 2 2 2 2 2 2 2 2 2 2 2 2 2 2 2 2 2 2 2 2 2 2 2 2 2 2 2 2 2 2 2 2 2 2 2
left_child=5 -2 14 -4 -5 -1 13 8 9 10 11 12 16 15 -3 29 24 -18 -19 -20 21 -21 -12 37 -8 26 -17 -25 -26 30 31 32 -6 34 -34 -36 -7 38 -22
right_child=1 2 3 4 6 36 7 -9 -10 -11 22 -13 -14 -15 -16 25 17 18 19 20 23 -23 -24 27 28 -27 -28 -29 -30 -31 -32 -33 33 -35 35 -37 -38 -39 -40
leaf_value=-1.0650299213149332 1.5738281281098077 -0.20123741956525729 0.89329070424040169 0.58720759946752243 -0.15968133706359589 -0.035928965829036853 -0.32343749030161711 1.5139914143085482 0.91596010881993506 0.97389785532246942 -0.28796025812625886 0.9732762271165849 -0.64680285811424254 -0.58709113701530125 -0.68441379200667152 -0.30515757529316723 0.78954147972166544 -0.127572018390508 0.90980627125217817 -0.11939431702097257 -0.36278116379095166 0.87148410244421537 -0.73841118585495724 -0.17188419356942178 0.21486363553188068 -0.45818149708211425 0.13937171624730463 0.26173330098390579 -0.2161754434859311 -0.28524340510368351 0.51020638469992019 0.2540404975414276 -0.1000630148859738 -0.053204474204374887 0.11984446126481761 1.0683208549022676 -0.42570991326462143 -0.39882555440641365 -0.060216333491539743
leaf_weight=22 23 95 24 37 132 27 59 20 36 22 32 25 20 23 27 37 20 139 21 48 23 22 21 20 22 37 23 32 27 30 29 28 86 727 23 20 22 26 109
leaf_count=22 23 95 24 37 132 27 59 20 36 22 32 25 20 23 27 37 20 139 21 48 23 22 21 20 22 37 23 32 27 30 29 28 86 727 23 20 22 26 109
internal_value=2.55651e-10 0.0157419 -0.00114594 0.0175825 0.00694639 -0.475583 -0.00412616 0.0825656 0.0430235 -0.00265344 -0.0349119 0.00239811 -0.0388807 -0.0581 -0.30817 -0.0477187 -0.017475 0.022319 -0.0125547 0.0405596 -0.024634 0.192025 -0.466441 -0.0968535 -0.186968 -0.258124 -0.134755 0.0949573 -0.0226477 -0.0287334 -0.0213694 -0.0365424 -0.0447775 -0.0270587 0.12029 0.560996 -0.210933 -0.159981 -0.112936
internal_weight=2216 2145 2122 2000 1976 71 1939 744 724 688 666 613 588 1195 122 1172 568 460 440 301 280 70 53 210 108 97 60 52 49 1075 1045 1016 988 856 129 43 49 158 132
internal_count=2216 2145 2122 2000 1976 71 1939 744 724 688 666 613 588 1195 122 1172 568 460 440 301 280 70 53 210 108 97 60 52 49 1075 1045 1016 988 856 129 43 49 158 132
is_linear=0
shrinkage=0.05


Tree=56
num_leaves=40
num_cat=0
split_feature=30 8 9 30 27 33 4 13 14 7 15 6 12 28 23 5 21 4 33 24 3 6 24 3 29 29 16 7 29 29 22 18 15 15 4 5 3 0 15
split_gain=7379.62 3503.29 7821.7 4359.66 3299.88 2831.01 5369.88 2827.1 26630 4932.04 3011.46 2756.13 2197.56 1871.49 8054.15 1505.63 1429.79 1554.81 1379.77 4242.56 1286.47 1282.79 1195.99 1391.39 1138.81 2671.5 6711.9 1155.15 1146.29 4056.58 958.885 1190 887.813 1187.1 4054.24 1073.7 3279.74 955.607 855.217
threshold=-2.4608415365219112 -1.0538179278373716 -1.0193323493003843 1.0098809599876406 -1.8494415283203123 -0.047459464520215981 2.1176037788391118 1.5881919264793398 1.4663060307502749 1.6315463185310366 1.8295560479164126 1.2630094289779665 1.1007702946662905 -1.2250468134880064 -0.38690677285194391 -0.28255215287208552 -1.1507155895233152 2.0690402984619145 -0.047462873160839074 -0.66599541902542103 -0.4353517591953277 2.872025847434998 -1.1506395936012266 -0.79087737202644337 -0.5066140592098235 -0.44785918295383448 0.02155470754951239 1.0725600123405459 0.48048157989978796 0.42881171405315405 -1.4895985722541807 -1.3406347036361692 -0.832698494195938 -0.32069228589534754 0.19350574910640719 0.85613384842872631 0.5092715620994569 -1.1068616509437559 0.59002515673637401
decision_type=2 2 2 2 2 2 2 2 2 2 2 2 2 2 2 2 2 2 2 2 2 2 2 2 2 2 2 2 2 2 2 2 2 2 2 2 2 2 2
left_child=-1 4 -3 5 -2 6 7 8 9 10 12 22 13 14 -4 -14 -7 -18 21 -20 -9 24 30 -24 27 26 -26 -15 29 32 -6 -32 -27 34 37 38 -37 -34 -35
right_child=1 2 3 -5 11 16 -8 20 -10 -11 -12 -13 15 18 -16 -17 17 -19 19 -21 -22 -23 23 -25 25 28 -28 -29 -30 -31 31 -33 33 35 -36 36 -38 -39 -40
leaf_value=0.83740900846628041 -0.70235922911337445 0.79978127662212628 0.99385068184188141 0.56895029897039595 -0.25317863084253717 -0.57775892997565481 0.80240783623996248 -0.10340808981231281 1.704406505563985 0.75180735133943111 -0.46529055688832255 0.40508270751346243 -0.092032921212640673 -0.18329872568668445 -0.39251621372997764 -0.55608276002879797 -0.066431792190781352 -0.49064318603939477 0.80190470248460777 -0.21563471626667752 -0.44160107707089563 0.38381103068590167 -0.067740065157413487 -0.6026528195027383 0.98014246011557793 -0.17691271840655187 -0.20338753938674925 0.21141015177681333 -0.14784232731565691 0.63108929404616365 0.2947883184552193 -0.13378442668396492 0.3106035969796635 -0.094978227610107602 0.58867570515722034 0.61584503294527537 -0.08325827589222029 -0.053102698078913282 0.031180946506781156
leaf_weight=26 28 31 22 33 61 23 21 70 23 21 37 22 44 158 20 29 108 27 20 21 47 20 20 31 23 77 25 21 146 25 25 46 21 401 36 25 51 129 202
leaf_count=26 28 31 22 33 61 23 21 70 23 21 37 22 44 158 20 29 108 27 20 21 47 20 20 31 23 77 25 21 146 25 25 46 21 401 36 25 51 129 202
internal_value=1.00737e-09 -0.00994184 0.0118789 -0.000802857 -0.193217 -0.0107352 0.00771688 -0.0020197 0.0153613 -0.00931976 -0.0196119 -0.123676 -0.0087345 0.0048055 0.333676 -0.276381 -0.213357 -0.151274 -0.00505357 0.280726 -0.239263 -0.013669 -0.187242 -0.392883 -0.0196015 -0.00150254 0.363721 -0.136992 -0.0172534 0.00246323 -0.10779 0.0171215 -0.0142201 0.000262415 0.112176 -0.0303944 0.14671 -0.00218382 -0.052716
internal_weight=2216 2190 1957 1926 233 1893 1735 1714 1597 1574 1553 205 1516 1443 42 73 158 135 1401 41 117 1360 183 51 1340 1161 48 179 1113 967 132 71 942 865 186 679 76 150 603
internal_count=2216 2190 1957 1926 233 1893 1735 1714 1597 1574 1553 205 1516 1443 42 73 158 135 1401 41 117 1360 183 51 1340 1161 48 179 1113 967 132 71 942 865 186 679 76 150 603
is_linear=0
shrinkage=0.05


Tree=57
num_leaves=40
num_cat=0
split_feature=30 15 18 11 7 12 15 15 4 13 8 20 30 30 7 7 13 18 30 29 7 5 29 33 31 33 7 7 22 19 21 15 11 27 29 27 20 16 3
split_gain=6660.11 3614.74 7954.25 2886.41 20179.4 6162.11 27209.6 2302.7 2496.26 2097.54 4015.25 9691.15 29579.7 4215.57 2242.3 6761.43 1945.18 1835.02 1778.59 1588.86 2098.39 4853.85 1521.2 1478.44 1463.82 2273.89 2560.39 1351.69 1289.05 1867.61 1433.95 1192.24 1137.49 1064.89 1045.11 1024.06 990.505 898.107 878.496
threshold=-2.4608415365219112 -1.584319472312927 -1.5910865664482114 1.6160847544670107 1.6315463185310366 1.2761033177375796 0.81930962204933178 -1.513170003890991 2.1403487920761113 0.26049153506755834 -0.53328651189804066 -0.66110864281654347 0.20162820070981982 1.0098809599876406 0.32105529308319097 0.41479589045047766 -0.58716601133346547 1.7937170863151553 -0.12640391290187833 -0.46601891517639155 1.0000000180025095e-35 0.76551932096481334 0.03774936497211457 -0.047483431175351136 0.63529732823371898 -0.047476824373006814 -0.33845660090446467 0.12111619114875795 0.43905407190322882 0.61592310667037975 0.12582121789455417 0.040961997583508498 1.1336319446563723 -0.87034079432487477 -0.45463125407695765 -0.30422385036945337 0.45322860777378088 1.0116284489631655 1.7308740615844729
decision_type=2 2 2 2 2 2 2 2 2 2 2 2 2 2 2 2 2 2 2 2 2 2 2 2 2 2 2 2 2 2 2 2 2 2 2 2 2 2 2
left_child=-1 -2 -3 4 5 7 -7 -4 9 10 13 12 18 33 16 -16 -13 27 -12 -18 24 22 -22 34 25 28 -27 36 30 -30 31 -21 -29 -9 -5 37 -11 -36 -35
right_child=1 2 3 23 -6 6 -8 8 -10 17 11 14 -14 -15 15 -17 19 -19 -20 20 21 -23 -24 -25 -26 26 -28 32 29 -31 -32 -33 -34 38 35 -37 -38 -39 -40
leaf_value=0.79553859233856206 0.6596715725678951 -0.72323021231553497 0.48725552260875704 -0.42533595490234871 1.4232384607195856 1.9920067638158798 -0.29702933305824125 -0.24956214683471434 0.51490278925214505 -0.60656810920685533 -0.23980486940953041 0.43255364348491032 2.2635178915970027 -0.73202877354621887 1.0310892644382659 -0.10376368250165667 -0.24165742520491282 -0.49525038023789725 0.3561578733048269 -0.11580704671883942 -0.075916014420680522 0.83802715889785606 0.35952381596521099 -0.62193525461923516 -0.22627715670293377 0.69652613777181382 -0.027693680931742376 -0.042683588156338645 0.52414752305263568 -0.086547328988390584 -0.40997331372329171 0.26053708529472352 -0.33521604706119335 -0.023714962163919693 -0.14630678386791893 -0.31911554479599002 -0.16983129451856824 0.29092681549179056 -0.28025438595149249
leaf_weight=26 20 39 22 27 25 20 37 71 21 20 31 24 20 25 21 35 75 30 21 133 78 23 27 21 93 23 26 432 21 31 35 25 36 457 23 25 37 24 36
leaf_count=26 20 39 22 27 25 20 37 71 21 20 31 24 20 25 21 35 75 30 21 133 78 23 27 21 93 23 26 432 21 31 35 25 36 457 23 25 37 24 36
internal_value=4.01402e-10 -0.00944475 -0.0156117 -0.00266141 0.0115534 -0.00621702 0.506141 -0.0213567 -0.0272243 -0.0332607 0.000788944 0.0781625 0.629385 -0.0966834 0.0189267 0.321806 -0.00869749 -0.114918 0.000872392 -0.0266467 0.00466556 0.180159 0.0360542 -0.240878 -0.0533787 0.00131367 0.312246 -0.0931852 -0.0608728 0.160079 -0.120404 -0.0562589 -0.0651861 -0.0685209 -0.160048 -0.0605653 -0.323072 0.0769614 -0.0424481
internal_weight=2216 2190 2170 2131 2011 1986 57 1929 1907 1886 1331 742 72 589 670 56 614 555 52 590 515 128 105 120 387 294 49 525 245 52 193 158 468 564 99 72 57 47 493
internal_count=2216 2190 2170 2131 2011 1986 57 1929 1907 1886 1331 742 72 589 670 56 614 555 52 590 515 128 105 120 387 294 49 525 245 52 193 158 468 564 99 72 57 47 493
is_linear=0
shrinkage=0.05


Tree=58
num_leaves=40
num_cat=0
split_feature=12 29 30 13 29 3 6 4 16 29 30 27 10 21 30 30 24 6 28 5 3 3 2 3 31 28 29 27 4 30 23 19 21 28 7 10 25 8 10
split_gain=6564.51 23407.6 8573.47 7446.81 3291.53 4406.55 3234.73 4105.71 3136.83 19157.7 2766.25 7988.34 32931.2 21423.2 8056.09 4203.44 2988.84 2268.63 2120.81 1981.76 1685.05 1840.38 2275.3 1612.73 1543.44 1529.45 1529.91 1400.09 1830.82 1272.64 932.983 1763.83 2904.63 923.257 884.469 4829.89 879.849 863.862 4293.51
threshold=-1.2811323404312132 2.3943476676940922 -2.4608415365219112 -1.2564845085144041 0.27167963981628424 -0.26861298084259028 -0.098241925239562974 2.0844084024429326 1.840181350708008 -0.3728205263614654 0.11983910948038103 -0.58386245369911183 -0.27589207887649531 0.55133631825447094 1.0567454695701601 0.13834507763385775 0.93824729323387157 -0.1594545096158981 0.33689612150192266 2.2415534257888798 -0.58831045031547535 -0.75367119908332814 1.0000000180025095e-35 -0.64549770951271046 0.021316821686923507 -1.179234445095062 -0.85986977815628041 0.36348617076873785 -0.63268843293189991 -0.5895777940750121 0.89250150322914135 0.19644626975059512 0.28048263490200048 -0.0080159991048276407 0.40063431859016424 0.48937314748764044 -1.6228620409965513 -0.39572170376777643 -0.57133969664573658
decision_type=2 2 2 2 2 2 2 2 2 2 2 2 2 2 2 2 2 2 2 2 2 2 2 2 2 2 2 2 2 2 2 2 2 2 2 2 2 2 2
left_child=2 3 -1 -2 36 -6 7 8 10 -10 20 12 -12 16 15 18 24 37 -13 34 21 27 -23 -11 -14 -22 -27 -5 -29 -28 31 33 -33 -31 -8 -36 -4 38 -17
right_child=1 -3 4 6 5 -7 19 -9 9 23 11 14 13 -15 -16 17 -18 -19 -20 -21 25 22 -24 -25 -26 26 29 28 -30 30 -32 32 -34 -35 35 -37 -38 -39 -40
leaf_value=-1.2014426350593568 0.91879302263259888 1.6433760469610039 -0.67955992460250858 -0.10247216545540141 0.57251702066924837 -0.40668293535709382 -0.14782752277158004 0.73876265406608588 1.6554366064071655 0.18673185646533966 2.2795426179468632 0.82350581542629264 -0.18658157308896384 1.3051625609646242 -0.95438500724055553 -0.10529210535978728 -0.63412349326857209 0.47935852272944013 0.11950023591518402 -0.61243449151515961 -0.53669833446090875 0.017887694807723165 0.67842915508557455 -0.38561926614493136 0.27463237620317021 0.30692876861208962 0.16557195123397944 -0.061067504400298712 0.44551332004127969 -0.16620914243743012 -0.38650376539677384 0.573248120546341 -0.089712683809430982 -0.43529115036129956 0.72130941357463607 -0.13280704709080357 -0.26161738590282552 -0.081573303098839645 0.48394666343147669
leaf_weight=24 22 22 20 196 27 20 304 20 20 20 20 23 60 30 22 110 29 22 20 20 22 32 22 32 26 21 33 42 31 157 40 20 95 40 20 96 34 359 43
leaf_count=24 22 22 20 196 27 20 304 20 20 20 20 23 60 30 22 110 29 22 20 20 22 32 22 32 26 21 33 42 31 157 40 20 95 40 20 96 34 359 43
internal_value=6.70833e-11 0.0210409 -0.351972 0.00379035 -0.150118 0.155836 -0.00604358 0.0268453 0.0178734 0.340327 0.00254887 0.0695347 0.377586 0.115247 -0.0153208 0.020484 -0.195166 -0.0178115 0.496061 -0.126163 -0.0655965 0.0206173 0.286997 -0.165484 -0.0471448 -0.13066 -0.108658 -0.0328568 0.154056 -0.131326 -0.15916 -0.130014 0.0255848 -0.220845 -0.103007 0.0144544 -0.416411 -0.0391743 0.0603109
internal_weight=2216 2091 125 2069 101 47 2047 1607 1587 72 1515 764 165 145 599 577 115 534 43 440 751 323 54 52 86 428 406 269 73 385 352 312 115 197 420 116 54 512 153
internal_count=2216 2091 125 2069 101 47 2047 1607 1587 72 1515 764 165 145 599 577 115 534 43 440 751 323 54 52 86 428 406 269 73 385 352 312 115 197 420 116 54 512 153
is_linear=0
shrinkage=0.05


Tree=59
num_leaves=40
num_cat=0
split_feature=30 29 6 18 11 7 12 29 5 17 13 12 20 6 30 18 29 29 13 8 13 13 12 29 15 15 18 18 20 21 25 17 0 5 8 7 33 3 28
split_gain=6817.65 3822.8 3568.1 5784.12 3049.76 18136.4 5760.87 26435.5 3071.48 2292.66 1955.78 3181.22 17197.4 2737.05 2494.81 1906.74 1885.34 3442.6 1870.84 1699.52 2122.24 1454.45 1350.34 1336.57 1307.5 6580.4 1215.03 1205.04 1008.43 2655.69 914.732 816.732 872.77 810.278 1366.12 1843.61 890.547 790.111 695.46
threshold=-2.4608415365219112 2.6909836530685429 4.711318016052247 -1.5910865664482114 1.6160847544670107 1.6315463185310366 1.2761033177375796 0.10052988305687906 3.3049092292785649 -1.5351219177246092 0.26049153506755834 -0.42351233959197992 -0.66110864281654347 1.6375721096992495 1.0567454695701601 1.7937170863151553 0.45624069869518286 0.36934134364128118 -1.4296321272850034 -0.28620357811450953 -0.4449912011623382 0.20815832167863849 1.7689762711524966 1.1304740905761721 -0.19662933796644208 -0.25301203131675715 -0.35709078609943384 1.757795035839081 0.010832263622432949 0.10278645157814027 -0.084074299782514558 0.60241582989692699 0.21424335986375811 -0.42011153697967524 -0.63483852148056019 -0.55014747381210316 -0.047435864806175225 -0.087405160069465623 1.7374840378761294
decision_type=2 2 2 2 2 2 2 2 2 2 2 2 2 2 2 2 2 2 2 2 2 2 2 2 2 2 2 2 2 2 2 2 2 2 2 2 2 2 2
left_child=-1 2 3 18 5 6 8 -8 9 -5 11 14 -13 16 19 26 17 21 -2 20 23 24 -6 33 25 -14 -12 -24 30 -30 -26 -31 -33 34 36 -36 -11 -18 -28
right_child=1 -3 -4 4 22 -7 7 -9 -10 10 15 12 13 -15 -16 -17 37 -19 -20 -21 -22 -23 27 -25 28 -27 38 -29 29 31 -32 32 -34 -35 35 -37 -38 -39 -40
leaf_value=0.80489216034228994 -0.23979854322969915 -0.63712601115306222 0.66214880019426348 0.49857403224422819 -0.56965540933609016 1.3557468943595887 -0.34117940493992399 1.9027773011830591 0.58711807954879036 -0.11711517246249988 -0.45628147593566348 1.1336713218205685 -0.040003296858511395 0.59705782264471052 -0.61784264534711841 -0.49378049572308857 -0.080894751033999707 0.68126966893672947 -0.90796732856807394 0.40284357587806885 -0.49909593937573615 0.30780248216500411 0.026674484733350413 0.2410428119333167 -0.081447052374734721 0.92805055508478773 -0.080125467696798458 -0.33145121398071448 0.43429461573732314 -0.16210885557585059 -0.39599360164843111 -0.067172851377144099 0.33570906698703767 -0.12969309822181768 0.45438194368034601 -0.0047801481289924059 0.19976606655120852 -0.39674516692757611 0.22084823206067083
leaf_weight=26 20 24 20 21 25 25 35 21 21 196 21 37 107 20 20 30 44 20 22 20 27 38 46 38 59 21 476 48 29 113 38 41 20 265 32 69 25 36 20
leaf_count=26 20 24 20 21 25 25 35 21 21 196 21 37 107 20 20 30 44 20 22 20 27 38 46 38 59 21 476 48 29 113 38 41 20 265 32 69 25 36 20
internal_value=4.87975e-10 -0.0095558 -0.00260211 -0.00879737 0.00280043 0.0175396 0.000470638 0.500304 -0.0142304 -0.0209368 -0.026796 0.00625396 0.0882161 0.0222061 -0.0675356 -0.106249 0.0018933 0.0389173 -0.589792 -0.0511574 -0.0650838 0.0113485 -0.243059 -0.0463345 -0.0149722 0.118818 -0.0837614 -0.156198 -0.072056 -0.00868799 -0.204671 -0.0825184 0.0649196 -0.0649382 -0.0116461 0.140697 -0.0812689 -0.223027 -0.0679894
internal_weight=2216 2190 2166 2146 2104 1985 1960 56 1904 1883 1862 1315 623 586 692 547 566 486 42 672 652 466 119 625 428 128 517 94 300 203 97 174 61 587 322 101 221 80 496
internal_count=2216 2190 2166 2146 2104 1985 1960 56 1904 1883 1862 1315 623 586 692 547 566 486 42 672 652 466 119 625 428 128 517 94 300 203 97 174 61 587 322 101 221 80 496
is_linear=0
shrinkage=0.05


Tree=60
num_leaves=40
num_cat=0
split_feature=30 29 6 18 11 7 27 20 27 30 26 29 27 4 15 13 5 7 27 5 5 10 7 6 18 5 29 5 29 12 3 3 5 5 30 3 5 0 33
split_gain=6152.92 3450.08 3220.21 5220.17 2752.41 16368.1 5414.15 38530.5 9920.12 5633.9 2938.77 3153.19 12798.6 2846.24 2443.74 1688.43 1312.49 1288.2 1149.79 1028.13 1915.4 6146.74 12839.8 1127.59 952.498 879.857 841.954 1174.59 1129.81 2243.74 1049.71 1048.47 3510.38 927.557 1948.19 3147.46 1825.12 911.123 901.163
threshold=-2.4608415365219112 2.6909836530685429 4.711318016052247 -1.5910865664482114 1.6160847544670107 1.6315463185310366 -0.58386245369911183 0.39998349547386175 -0.61005219817161549 1.0567454695701601 0.99737927317619335 -0.0043747618328779927 -1.1777949333190916 2.1403487920761113 1.8295560479164126 -1.4296321272850034 -0.13407536596059796 0.92996451258659374 -0.87034079432487477 1.3889035582542422 0.82119813561439525 0.077653814107179656 -0.34461495280265803 2.872025847434998 1.5376403331756594 -0.44194637238979334 -0.11553847417235373 0.41179519891738897 -0.04430867359042167 -0.27101349830627436 0.60917702317237865 1.461473882198334 -0.29346957802772516 -0.17556152492761609 0.19448923319578174 0.080022599548101439 -0.51618477702140797 -0.049763008952140801 -0.047487793490290635
decision_type=2 2 2 2 2 2 2 2 2 2 2 2 2 2 2 2 2 2 2 2 2 2 2 2 2 2 2 2 2 2 2 2 2 2 2 2 2 2 2
left_child=-1 2 3 15 5 6 7 8 10 13 11 17 -13 14 19 -2 24 -5 -14 20 23 22 -22 26 -6 -16 27 37 29 -28 -29 33 -33 36 35 -35 -30 -8 -38
right_child=1 -3 -4 4 16 -7 9 -9 -10 -11 -12 12 18 -15 25 -17 -18 -19 -20 -21 21 -23 -24 -25 -26 -27 28 30 31 -31 -32 32 -34 34 -36 -37 38 -39 -40
leaf_value=0.76464757919311532 -0.22780861653387549 -0.60526970873276398 0.62904137328267096 -0.15516363750001294 0.076996971952677185 1.2879595613479615 -0.041572211994189617 1.8022397844177307 1.0689413831347512 -0.71921438217163092 -0.63926326951594092 1.3506910604238511 -0.32340689262953304 -0.62000649729743607 -0.17439025328272867 -0.86256896758621393 -0.46426713434746492 0.26579759031534195 0.085934373558986754 -0.15621414512395859 -0.19353762539950284 -0.31639134282512327 1.5569018480181693 0.30285160605396544 -0.27160515220359316 -0.63777666687965395 0.53532207464178405 -0.051508579779924318 0.0056382828630093078 -0.013727187319677703 0.44898952122777702 0.72610626459121708 -0.14120182150633939 0.665125931998094 -0.10119950557127595 -0.024043080613419816 0.05004657313779548 -0.18914621938140941 -0.27232269477437843
leaf_weight=26 20 24 20 199 36 25 326 33 21 30 20 20 29 20 21 22 40 20 42 110 22 28 20 28 43 20 30 22 360 49 20 20 28 30 64 37 27 154 110
leaf_count=26 20 24 20 199 36 25 326 33 21 30 20 20 29 20 21 22 40 20 42 110 22 28 20 28 43 20 30 22 360 49 20 20 28 30 64 37 27 154 110
internal_value=3.00573e-10 -0.00907801 -0.00247201 -0.0083575 0.00266041 0.0166626 0.000447105 0.1688 0.0152284 -0.0405728 -0.0518261 -0.0139269 0.233453 -0.0274038 -0.0196371 -0.560302 -0.230906 -0.11672 -0.0812614 -0.00912354 0.00264371 0.257446 0.640005 -0.0110239 -0.112748 -0.400432 -0.017906 -0.0667327 0.0158523 0.194773 0.186824 -0.00505705 0.220177 -0.0222724 0.0960871 0.28454 -0.0534697 -0.0889189 -0.20879
internal_weight=2216 2190 2166 2146 2104 1985 1960 384 351 1576 330 310 91 1546 1526 42 119 219 71 1485 1375 70 42 1305 79 41 1277 522 755 79 42 676 48 628 131 67 497 480 137
internal_count=2216 2190 2166 2146 2104 1985 1960 384 351 1576 330 310 91 1546 1526 42 119 219 71 1485 1375 70 42 1305 79 41 1277 522 755 79 42 676 48 628 131 67 497 480 137
is_linear=0
shrinkage=0.05


Tree=61
num_leaves=40
num_cat=0
split_feature=10 17 28 28 30 5 30 7 24 11 13 5 5 8 12 4 4 33 10 26 0 26 15 33 7 20 3 0 29 4 30 31 0 29 15 12 3 3 2
split_gain=6357.72 22600.6 4689.15 5765.43 3940.23 3496.53 15526 10132.9 7068.22 3748.84 7178.66 2783.53 2861.41 2291.64 2239.42 2205.47 1525.29 3926.1 1060.75 3244.28 4961.4 1150.67 2002.65 1003.99 992.318 1231.52 984.864 1755.28 959.092 971.325 938.264 911.103 2723.19 7485.57 2354.8 3783.97 1268.26 1132.6 1005.95
threshold=-1.4419063925743101 -1.6167598962783811 -1.2388885617256162 -1.197591185569763 -1.0270565152168272 -0.30438698828220362 1.0098809599876406 1.6315463185310366 1.4063044190406802 0.96811065077781688 0.89478415250778209 -0.28255215287208552 -0.57513877749443043 -1.1999563574790952 0.99506542086601268 1.8876955509185793 -0.86259660124778736 -0.047485817223787301 -0.037270799279212945 -0.27762223780155176 0.60578125715255748 -0.71250838041305531 -0.54919627308845509 -0.047479122877120965 0.56310248374938976 0.25670841336250311 0.20955519378185275 0.86638915538787853 -0.21035738289356229 0.1197384111583233 0.56768128275871288 -0.062595646828412996 0.17274641245603564 0.04523908160626889 0.59002515673637401 0.47583286464214331 -0.18731062114238736 0.17648304253816607 2.2576968073844914
decision_type=2 2 2 2 2 2 2 2 2 2 2 2 2 2 2 2 2 2 2 2 2 2 2 2 2 2 2 2 2 2 2 2 2 2 2 2 2 2 2
left_child=-1 -2 11 -4 -5 14 7 8 9 10 15 12 -3 -13 30 16 -7 -18 19 21 -21 22 -19 -11 25 -20 -27 -28 -23 -30 31 36 33 -33 -34 -36 38 -38 -6
right_child=1 2 3 4 5 6 -8 -9 -10 23 -12 13 -14 -15 -16 -17 17 18 24 20 -22 28 -24 -25 -26 26 27 -29 29 -31 -32 32 34 -35 35 -37 37 -39 -40
leaf_value=-0.71101826198639406 1.6831729283928873 -0.2656688285025734 0.74085138760231162 0.68650342850458057 -0.033952391333542435 -0.1746529692700049 1.4570024234056473 0.86300920931001512 0.88472784540869975 -0.25919205669699047 0.8739489350629891 -0.84420905240944455 0.38133443176746368 -0.277171751005309 -0.226521349991331 -0.52947979370752973 0.69962594612013729 -0.043887499865200935 -0.3373883569917896 0.7667214138226377 -0.069297201952763968 -0.34208979152497793 0.52724241591989995 -0.71968064635992057 0.11651482267872147 -0.27819669922192891 0.36770253085664345 -0.15402529298474915 -0.20617089387510093 0.22267809082632481 -0.16660222668166555 -0.18092618336280186 -0.10992278966975089 0.89233962181024262 0.81245204411447058 -0.088020761683583262 -0.53135670941808955 -0.10603968020604582 0.27857720471090741
leaf_weight=31 20 54 27 21 555 111 20 36 22 29 23 28 25 49 164 21 21 66 55 36 35 42 20 20 46 30 28 38 31 23 109 33 168 32 20 28 23 49 27
leaf_count=31 20 54 27 21 555 111 20 36 22 29 23 28 25 49 164 21 21 66 55 36 35 42 20 20 46 30 28 38 31 23 109 33 168 32 20 28 23 49 27
internal_value=6.41923e-10 0.0100877 -0.00536808 0.015137 0.00525083 -0.00204458 0.0825194 0.0450165 0.00276721 -0.0259782 0.00698868 -0.269436 -0.060921 -0.483367 -0.0547571 -0.0260795 -0.00791552 0.0313793 0.000194445 0.0679343 0.3546 -0.0438967 0.0889334 -0.447147 -0.0868014 -0.148739 -0.0406582 0.0673138 -0.16289 -0.023513 -0.027775 -0.0115908 0.0637072 0.347451 -0.0216786 0.287176 -0.0439436 -0.241905 -0.0194536
internal_weight=2216 2185 2165 2009 1982 1961 753 733 697 675 626 156 79 77 1208 603 582 471 450 253 71 182 86 49 197 151 96 66 96 54 1044 935 281 65 216 48 654 72 582
internal_count=2216 2185 2165 2009 1982 1961 753 733 697 675 626 156 79 77 1208 603 582 471 450 253 71 182 86 49 197 151 96 66 96 54 1044 935 281 65 216 48 654 72 582
is_linear=0
shrinkage=0.05


Tree=62
num_leaves=40
num_cat=0
split_feature=29 30 30 30 30 30 18 14 14 8 10 12 27 29 31 27 3 11 27 6 5 18 26 16 3 30 3 0 30 0 5 29 0 30 30 29 29 0 29
split_gain=6227.4 4533.39 7342.6 4174.86 9409.71 6302.34 4210.28 2589.93 18682.4 3990.38 2727.84 7174.18 3951.18 12689.5 2448.08 1970.08 1580.28 1106.68 1064.07 994.164 908.234 886.393 859.625 815.428 796.839 711.465 1165.26 1457.98 937.245 4667.65 874.45 4012.33 1448.84 878.248 1833.2 1592.06 1870.25 2003.63 1409.62
threshold=3.2934920787811284 -0.95633739233016957 -0.81057617068290699 1.3463437557220461 1.0567454695701601 0.9120679795742036 -1.5910865664482114 1.5510139465332033 1.4366199374198916 1.4510754346847536 0.89332944154739391 0.89923599362373363 -1.1976896524429319 -0.15099124610424039 2.8130685091018681 -1.9179521799087522 -0.58831045031547535 1.7405065298080447 -0.79134586453437794 2.872025847434998 0.73058363795280468 1.757795035839081 0.93447214365005504 1.0954753160476687 -0.62551662325859059 -0.34459145367145533 0.37629395723342901 0.64155447483062755 -0.28542430698871607 -0.29337863624095911 0.28733672201633459 -0.44785918295383448 -0.46938288211822504 0.098575331270694747 0.15367031842470172 0.27167963981628424 0.029149958863854412 -0.38674673438072199 -0.13741957396268842
decision_type=2 2 2 2 2 2 2 2 2 2 2 2 2 2 2 2 2 2 2 2 2 2 2 2 2 2 2 2 2 2 2 2 2 2 2 2 2 2 2
left_child=1 15 -3 4 5 6 -4 8 9 10 11 12 13 -8 18 -1 22 -9 -14 25 -18 23 -12 -19 -23 26 -20 -28 29 -27 33 -32 -33 -30 35 36 37 -35 -36
right_child=-2 2 3 -5 -6 -7 7 17 -10 -11 16 -13 14 -15 -16 -17 20 21 19 -21 -22 24 -24 -25 -26 28 27 -29 30 -31 31 32 -34 34 38 -37 -38 -39 -40
leaf_value=-0.77988215287526452 0.80103809436162321 0.83889770461962776 -0.54755156429277529 0.69492001129048209 -0.99792777573068947 0.80337312022844953 -0.13361016873938916 -0.50576360363651207 1.4289872464926348 0.62252719002403323 0.22455699863758954 0.72352622081251716 -0.17805185763107748 1.415462277084589 -0.5373129523318747 -0.20949340526287152 -0.23914453895496474 -0.16046815500444464 -0.20428590973452576 0.28278919535464259 -0.58007320364316306 -0.081412719596516012 -0.16632500283706647 0.24903012819588188 -0.4940066726207733 0.79912894859910022 0.41430001109838488 -0.18943335279822349 -0.083084584648410481 -0.20097670427390507 0.57995547582121465 0.39483380526304246 -0.054259591453327718 0.44862036646476816 -0.15746889003896958 -0.16486050983270009 0.74015577267855415 -0.18901571549305862 0.028443915493918594
leaf_weight=24 24 26 36 21 24 24 39 27 23 25 22 34 97 20 23 41 56 31 106 29 30 22 39 20 25 20 20 20 435 28 34 20 176 28 146 21 20 22 338
leaf_count=24 24 26 36 21 24 24 39 27 23 25 22 34 97 20 23 41 56 31 106 29 30 22 39 20 25 20 20 20 435 28 34 20 176 28 146 21 20 22 338
internal_value=-9.2815e-10 -0.00877049 0.00379948 -0.00653491 -0.0136169 -0.0021269 -0.0116407 -0.00197495 0.0127465 -0.00487984 -0.0134839 0.00462983 -0.010256 0.391499 -0.0252298 -0.420098 -0.220005 -0.222326 -0.0176798 -0.00704684 -0.358073 -0.144236 -0.0253512 0.000119407 -0.300878 -0.0129082 -0.117514 0.112433 -0.0010508 0.215734 -0.00944247 0.0785455 -0.00843373 -0.0294793 0.0110742 0.216968 0.331516 0.16806 -0.0276372
internal_weight=2216 2192 2127 2101 2080 2056 2032 1996 1871 1848 1823 1676 1642 59 1583 65 147 125 1560 1463 86 98 61 51 47 1434 146 40 1288 48 1240 230 196 1010 575 91 70 50 484
internal_count=2216 2192 2127 2101 2080 2056 2032 1996 1871 1848 1823 1676 1642 59 1583 65 147 125 1560 1463 86 98 61 51 47 1434 146 40 1288 48 1240 230 196 1010 575 91 70 50 484
is_linear=0
shrinkage=0.05


Tree=63
num_leaves=40
num_cat=0
split_feature=30 29 22 27 27 5 13 22 27 5 30 8 4 30 30 28 7 7 12 3 4 29 29 6 3 6 0 30 13 11 33 33 30 33 18 3 27 30 30
split_gain=6180.04 3247.89 3071.97 3823.64 3449.4 3258.72 15501.9 35611.9 27487.6 7262.13 3960.36 2423.75 2085 1309.94 1485.2 1271.1 1197.53 3566.89 4333.26 1968.29 1087.91 973.457 2626.43 1144.31 1020.47 1494.94 1179.26 1014.69 921.218 2810.99 872.983 2309.08 887.68 977.383 843.565 934.874 1529.33 832.706 784.909
threshold=-2.4608415365219112 2.6909836530685429 -1.6769025325775144 -1.2386001944541929 -1.1536921858787534 -0.30438698828220362 0.89478415250778209 0.58130306005477916 0.21318208426237109 -0.26945126056671137 0.9120679795742036 1.1794789433479311 1.8876955509185793 0.51504388451576244 0.46395739912986761 1.5391963720321657 -0.42979031801223749 -0.30308943986892695 -0.37980751693248743 -0.42432770133018488 0.34226986765861517 0.24387346208095553 0.20255824923515323 2.2832190990448002 -0.82119348645210255 -0.36349645256996149 -0.59852421283721913 -0.043311089277267449 -0.19016536325216291 -0.097462251782417283 -0.047474713996052735 -0.047476997599005692 0.37854303419590002 -0.047480421140789979 0.96812066435813915 0.80898794531822216 -0.44540180265903467 -0.0406404361128807 0.41086067259311682
decision_type=2 2 2 2 2 2 2 2 2 2 2 2 2 2 2 2 2 2 2 2 2 2 2 2 2 2 2 2 2 2 2 2 2 2 2 2 2 2 2
left_child=-1 2 -2 -4 -5 11 9 -8 20 -7 12 13 15 14 21 16 -11 18 -18 -19 38 22 23 30 25 27 -26 -23 -21 -30 31 32 33 -6 35 -31 -37 -13 -9
right_child=1 -3 3 4 5 6 7 8 -10 10 -12 37 -14 -15 -16 -17 17 19 -20 28 -22 24 -24 -25 26 -27 -28 -29 29 34 -32 -33 -34 -35 -36 36 -38 -39 -40
leaf_value=0.76633054659916811 0.48357450568582866 -0.58755611901481941 -0.2970715314065191 0.57782214112006702 -0.0068295149811799282 0.80059088720725136 2.2793081264495849 -0.34967055304774219 1.7123786373571919 -0.092442063983492181 -0.68210562287519383 -0.49374882588463448 -0.52895777165889746 -0.16641142149578389 0.3571246162056923 -0.35841460943222048 1.026202378422022 0.37624000702053312 -0.014622099250555038 -0.21138968007018169 -0.58611509476018986 0.47560889227759273 0.46813093384106957 0.2918244642019272 -0.45877572513288922 -0.12725290752870519 -0.096796491199638693 -0.022017835080623629 0.5598881375221979 -0.19825667481911316 -0.13711424197725677 0.50696388638832357 0.21527369500775087 -0.22070047701258333 0.2520537316799164 0.35383933794039946 -0.098908534521857897 -0.18954308530906352 0.044534038719923605
leaf_weight=26 32 24 110 26 386 26 25 28 22 198 24 31 20 152 27 25 20 32 20 60 23 21 30 30 36 97 60 20 21 89 135 22 38 62 21 26 66 82 23
leaf_count=26 32 24 110 26 386 26 25 28 22 198 24 31 20 152 27 25 20 32 20 60 23 21 30 30 36 97 60 20 21 89 135 22 38 62 21 26 66 82 23
internal_value=-9.5822e-10 -0.00909799 -0.00268848 -0.00998015 0.00562265 -0.00182339 0.0789017 0.598412 0.160679 -0.0181057 -0.0523278 -0.052334 -0.0270524 -0.0299908 -0.00848053 -0.00968546 0.00607988 0.0610301 0.50579 0.00455268 -0.300637 -0.0190156 0.0103872 -0.0100174 -0.10735 -0.0202616 -0.232539 0.232864 -0.0374756 0.00931747 -0.0241002 0.00593304 -0.0167474 -0.0364277 -0.0479201 -0.0827237 0.029042 -0.272998 -0.171892
internal_weight=2216 2190 2166 2134 2024 1998 769 121 96 648 622 1229 598 1116 964 578 553 355 40 315 74 937 703 673 234 138 96 41 283 223 643 508 486 448 202 181 92 113 51
internal_count=2216 2190 2166 2134 2024 1998 769 121 96 648 622 1229 598 1116 964 578 553 355 40 315 74 937 703 673 234 138 96 41 283 223 643 508 486 448 202 181 92 113 51
is_linear=0
shrinkage=0.05


Tree=64
num_leaves=40
num_cat=0
split_feature=28 9 16 23 3 31 29 15 30 27 27 4 30 13 33 31 17 12 33 27 0 6 5 9 30 30 30 8 26 29 28 28 20 16 23 5 5 5 12
split_gain=6239.33 19742.6 9914.36 3142.49 3090.09 49170.6 82914.3 9632.11 4795.17 4412.45 7019.52 3896.6 3136.75 2689.23 2076.57 1673.67 1652.76 1714.98 1628.22 1463.89 1420.86 1577.76 1204.06 1056.17 1026.47 1274.04 1078.47 1916.33 2720.36 1010.39 1299.4 1192.86 3251.93 10415.4 905.946 886.583 951.382 1260.75 738.686
threshold=-1.5452485680580137 -0.67128363251686085 -1.5581622719764707 -1.3537674546241758 -0.27481402456760401 -0.57379686832427967 -0.0043747618328779927 1.8629074692726137 1.0098809599876406 -0.87034079432487477 -0.76310309767723072 2.1176037788391118 1.0098809599876406 0.88261732459068309 -0.047436958178877824 0.97795489430427562 -1.4076604247093198 1.0842877030372622 -0.047424484044313424 -2.3019390106201167 0.89286133646965038 0.95694646239280712 -0.4987169057130813 1.3660992383956911 -0.55049610137939442 -0.31357385218143458 -0.10449956357479094 -0.24031122028827664 -0.74568694829940785 0.24387346208095553 1.3235026001930239 0.27924722433090216 -0.10507600754499434 1.0000000180025095e-35 1.9635235071182253 0.88779434561729442 0.11047465354204179 -0.092589199542999254 0.11038151755928995
decision_type=2 2 2 2 2 2 2 2 2 2 2 2 2 2 2 2 2 2 2 2 2 2 2 2 2 2 2 2 2 2 2 2 2 2 2 2 2 2 2
left_child=1 -1 3 19 12 6 -6 8 9 15 -11 13 14 18 16 -7 -4 20 24 -2 21 35 34 -15 -12 -26 27 28 -27 30 31 32 -28 -34 -19 36 37 -18 -29
right_child=2 -3 4 -5 5 7 -8 -9 -10 10 11 -13 -14 23 -16 -17 17 22 -20 -21 -22 -23 -24 -25 25 26 29 38 -30 -31 -32 -33 33 -35 -36 -37 -38 -39 -40
leaf_value=1.7536459752917288 -0.71169222950935362 -0.35397783663868904 -0.39502115224798523 -1.135778433084488 -0.27515620042880379 -0.24759980919865932 4.0838808715343475 0.77338887339359841 -0.80519784778356562 0.8541061919803421 0.2974076605612232 0.64096409407528965 -0.62571926576935732 -0.4386870328688397 0.39732072816954722 -0.79036989271640778 -0.010135857270145245 -0.21483701694830271 -0.33840368267367871 -0.14730609005524054 0.4053894180059433 -0.24701920414054898 -0.4743848474275682 -0.032951804477235551 -0.26660868808990573 0.02615653917193413 -0.071744696527230936 -0.18935999438680451 0.85083220900967726 -0.13407207187265158 0.41631558282034736 -0.11468056084924699 1.3223918019421399 -0.016716662903298745 0.10230316016823054 0.30454298018113429 -0.27322860590436243 0.36554570071723153 0.20002250458512988
leaf_weight=20 20 25 33 20 24 49 20 38 20 24 31 22 23 53 27 20 769 76 34 27 20 71 31 23 41 20 122 29 20 119 21 119 20 53 32 23 33 23 21
leaf_count=20 20 25 33 20 24 49 20 38 20 24 31 22 23 53 27 20 769 76 34 27 20 71 31 23 41 20 122 29 20 119 21 119 20 53 32 23 33 23 21
internal_value=3.25238e-10 0.582744 -0.012079 -0.610846 0.00698822 0.0742229 1.70622 -0.0056526 -0.0400354 -0.0218389 0.0124006 -0.014606 -0.0476219 -0.0344717 -0.035938 -0.404924 -0.0464672 -0.0357972 -0.00156642 -0.38747 -0.0115331 -0.0206065 -0.199711 -0.315899 0.0170252 0.00216738 0.0224244 0.180542 0.438494 -0.00892056 0.0355362 0.0100701 0.0862 0.350162 -0.12087 -0.00164974 -0.010186 0.000774087 -0.0258193
internal_weight=2216 45 2171 67 2104 943 44 899 861 841 772 748 1161 726 1138 69 1111 1078 650 47 939 919 139 76 616 585 544 90 40 454 335 314 195 73 108 848 825 792 50
internal_count=2216 45 2171 67 2104 943 44 899 861 841 772 748 1161 726 1138 69 1111 1078 650 47 939 919 139 76 616 585 544 90 40 454 335 314 195 73 108 848 825 792 50
is_linear=0
shrinkage=0.05


Tree=65
num_leaves=40
num_cat=0
split_feature=27 17 12 13 11 29 6 4 5 30 5 28 27 16 5 28 6 27 11 7 3 7 7 14 30 27 30 33 5 3 30 30 33 14 5 6 21 0 29
split_gain=5948.04 5903.58 6853.79 6846.97 4816.63 3071.88 2763.81 3304.04 3002.73 5967.66 6858.82 11529.8 3685.03 3292.3 24000.6 3094.69 2702.75 1714.84 1670.25 1533.92 1404.94 957.371 962.841 705.997 659.601 1227.55 982.148 3869.39 678.503 1389.35 864.61 1064.23 1695.84 1560.99 961.243 1121.87 1787.85 815.878 774.091
threshold=-2.1934885978698726 -1.4076604247093198 -1.2313437461853025 -1.3370534777641294 -1.2257563471794126 0.32382850348949438 3.2509608268737797 2.1403487920761113 1.1476287245750429 1.0098809599876406 0.700014889240265 -0.10105438902974127 0.14619828760623935 1.840181350708008 -0.19084589928388593 -1.2250468134880064 2.2832190990448002 -0.67056098580360401 1.1336319446563723 0.76633998751640331 -0.45464384555816645 1.5522703528404238 1.2793195247650149 1.3596132397651675 -0.38427172601222986 -0.002907592104747891 -0.28542430698871607 -0.047479422762989991 0.41179519891738897 0.60917702317237865 0.098575331270694747 0.13509841263294223 -0.047485608607530587 -0.26434518396854395 -0.56422135233879078 -0.41887925565242762 0.038985718041658408 -0.51874992251396168 -0.16954220086336133
decision_type=2 2 2 2 2 2 2 2 2 2 2 2 2 2 2 2 2 2 2 2 2 2 2 2 2 2 2 2 2 2 2 2 2 2 2 2 2 2 2
left_child=-1 3 -3 5 -5 -2 7 8 9 10 13 -12 -13 15 -15 -4 17 20 19 -10 -17 22 23 24 25 -19 27 -26 30 -30 34 32 -32 -34 35 36 -28 -36 -33
right_child=1 2 6 4 -6 -7 -8 -9 18 -11 11 12 -14 14 -16 16 -18 21 -20 -21 -22 -23 -24 -25 26 -27 28 -29 29 -31 31 38 33 -35 37 -37 -38 -39 -40
leaf_value=0.64664518200925425 -0.23567892947258096 0.72597174283229948 0.425968323708386 -1.2342337176203728 -0.37525632055658925 0.45811424528559047 -0.3924101061145352 0.63208522269768386 -0.17804196453335122 0.69976232051849374 1.3565748777389528 -0.49212711691856392 0.46769430726766592 -0.18657240069982026 1.8053717693686488 -0.073546142440597359 0.44119029574353119 0.094675605940191365 -0.54343402131840035 0.25044650832811993 -0.33287194489046584 -0.33663617310424648 0.31788191788253334 -0.31098383904567789 0.72931433944475088 -0.25658427398237915 -0.080166555503502684 -0.14971282905147923 -0.076086792650704213 0.47071379284773562 0.58715377867221841 -0.10301344409210128 0.31839480102062229 -0.29193953536450862 -0.2727686231227025 -0.091610388125519499 0.41988263445144353 -0.059815713729370723 0.028901614432500024
leaf_weight=35 39 33 37 24 51 27 44 21 161 32 25 20 20 62 20 133 29 38 27 24 86 24 21 21 21 72 39 31 26 21 20 159 22 20 92 148 33 88 370
leaf_count=35 39 33 37 24 51 27 44 21 161 32 25 20 20 62 20 133 29 38 27 24 86 24 21 21 21 72 39 31 26 21 20 159 22 20 92 148 33 88 370
internal_value=4.88881e-11 -0.0103772 0.0112498 -0.323277 -0.650129 0.0481456 -0.00050203 0.00828246 0.00153691 0.0233014 0.010553 0.514242 -0.0122164 -0.00949582 0.299268 -0.0258199 -0.0368609 -0.0461966 -0.17607 -0.122454 -0.175382 -0.0238494 -0.0178052 -0.0235787 -0.0185491 -0.13524 -0.00677297 0.205279 -0.017396 0.168228 -0.0261996 0.0122224 0.208209 0.0277594 -0.082968 -0.0128578 0.149023 -0.168658 -0.0107477
internal_weight=2216 2181 2040 141 75 66 2007 1963 1942 1730 1698 65 40 1633 82 1551 1514 1485 212 185 219 1266 1242 1221 1200 110 1090 52 1038 47 991 591 62 42 400 220 72 180 529
internal_count=2216 2181 2040 141 75 66 2007 1963 1942 1730 1698 65 40 1633 82 1551 1514 1485 212 185 219 1266 1242 1221 1200 110 1090 52 1038 47 991 591 62 42 400 220 72 180 529
is_linear=0
shrinkage=0.05


Tree=66
num_leaves=40
num_cat=0
split_feature=29 21 19 6 5 5 5 8 30 16 5 14 10 7 14 7 27 3 12 33 29 27 7 29 17 23 29 27 10 12 30 3 27 9 12 24 10 9 3
split_gain=6052.26 4309.1 6489.78 2658.05 3235.19 2324.55 5706.71 15999.5 6937.64 3164.93 21562.8 1968.92 1901.48 1574.58 4332.38 1925.77 1788.57 5853.03 1061.3 1034.4 1021.31 823.668 683.753 651.967 1009.89 990.557 1653.56 849.974 1897.5 10974 1117.63 2421.34 863.334 805.281 5158.53 1032.1 802.528 1435.16 738.822
threshold=3.2934920787811284 -1.6710991859436033 -1.5992504954338072 3.191205739974976 3.3049092292785649 0.93583095073699962 0.700014889240265 -0.039666689932346337 1.0098809599876406 1.840181350708008 -0.19084589928388593 0.92901721596717846 0.62532278895378124 0.32105529308319097 0.11632414907217027 0.37754268944263464 -1.1976896524429319 -0.51665413379669178 0.67860659956932079 -0.047335436567664139 -0.53842404484748829 -0.91746291518211354 0.49783511459827429 -0.11553847417235373 -1.3745294809341428 -1.1272766590118406 1.1304740905761721 0.3867646604776383 -0.483574628829956 -0.29847192764282221 0.32324835658073431 -0.82257151603698719 -0.13236420601606366 -0.51890775561332692 -0.7122400403022765 -0.16323424130678174 -0.05400372110307216 0.10219231992959978 -0.38436552882194513
decision_type=2 2 2 2 2 2 2 2 2 2 2 2 2 2 2 2 2 2 2 2 2 2 2 2 2 2 2 2 2 2 2 2 2 2 2 2 2 2 2
left_child=1 19 -3 4 5 6 8 -8 9 12 -11 20 13 16 -15 -16 17 -4 -17 -1 -7 -18 -22 33 -25 38 27 30 -29 -30 32 -32 -27 34 -23 -35 -31 -38 -26
right_child=-2 2 3 -5 -6 11 7 -9 -10 10 -12 -13 -14 14 15 18 21 -19 -20 -21 22 23 -24 24 25 26 -28 28 29 36 31 -33 -34 35 -36 -37 37 -39 -40
leaf_value=-0.7438368158584292 0.78969356616338093 0.85562682422724645 -0.26797372807155956 -0.36064836087708296 0.61873079254513697 0.17182217627283067 -0.21918290938649859 1.6324268354289235 0.6772123900770739 -0.17673947335236143 1.7151032504718751 -0.50333186063696356 -0.14176754026712879 0.79060402058742263 0.42726251438811974 -0.10216616657519834 -0.24018286056816579 0.91386637883493682 0.26511250436306 -0.25323669371150792 -0.17820817381630538 -0.1323089250162536 0.10884015168994665 0.35088954139500861 -0.02847985761321109 -0.036159663919646007 0.38977152782457847 -0.081939763994508891 1.1828778427580129 -0.15917936012078571 0.41277479519801485 -0.10168592042543673 -0.22892411262151741 -0.20248996476855197 0.68241889458149674 0.0098586187243115079 0.38219399973750118 -0.13369000676487172 -0.42504947582880659
leaf_weight=22 24 22 22 52 21 31 28 20 37 61 20 34 308 22 27 109 48 20 24 21 153 102 24 20 23 130 27 123 23 53 35 66 105 171 24 86 26 28 24
leaf_count=22 24 22 22 52 21 31 28 20 37 61 20 34 308 22 27 109 48 20 24 21 153 102 24 20 23 130 27 123 23 53 35 66 105 171 24 86 26 28 24
internal_value=-1.58039e-10 -0.00864628 0.00127023 -0.00756655 0.00128176 -0.00503101 0.0144077 0.552321 -0.000229376 -0.0147432 0.290382 -0.150581 -0.0297585 -0.00397461 0.132725 0.0422667 -0.0254965 0.294807 -0.0358903 -0.504241 -0.0929192 -0.0375726 -0.139286 -0.0284495 0.000832026 -0.00972778 0.00715375 -0.0103856 0.0588333 0.192026 -0.0625058 0.0765925 -0.122288 -0.0806668 0.0228773 -0.131432 -0.0209606 0.114699 -0.230983
internal_weight=2216 2192 2149 2127 2075 2054 1812 48 1764 1727 81 242 1646 1338 182 160 1156 42 133 43 208 1114 177 1066 683 663 616 589 253 130 336 101 235 383 126 257 107 54 47
internal_count=2216 2192 2149 2127 2075 2054 1812 48 1764 1727 81 242 1646 1338 182 160 1156 42 133 43 208 1114 177 1066 683 663 616 589 253 130 336 101 235 383 126 257 107 54 47
is_linear=0
shrinkage=0.05


Tree=67
num_leaves=40
num_cat=0
split_feature=12 25 30 27 30 28 30 5 13 5 3 30 29 0 4 21 33 29 22 7 31 30 4 9 29 4 13 3 18 25 6 6 3 12 29 5 8 7 30
split_gain=5867.05 20607.5 4651.29 4328.83 5198.65 4359.04 3059.04 3072.11 14941.8 51196.6 32734.8 2032.44 2025.52 2017.16 1771.05 1754.59 4046.02 4845.53 1769.89 1504.87 1210.62 1419.91 1184.97 1051.5 1151.06 1016.51 987.828 903.648 866.305 2203.2 935.73 4053.53 813.84 657.488 640.419 560.547 553.641 641.264 518.021
threshold=-1.3944663405418394 -1.6300981044769285 -2.4608415365219112 -1.2386001944541929 -1.1101645231246946 -1.2250468134880064 1.2409112453460696 -0.1493597403168678 0.89478415250778209 0.12139206379652025 1.6654188036918642 0.9120679795742036 0.44335699081420904 0.86638915538787853 0.38960391283035284 -0.15535405278205869 -0.047475220635533326 0.23727176338434222 0.68110445141792308 0.92996451258659374 0.69531184434890758 0.40120925009250646 0.069945458322763457 -1.2198464870452879 1.1304740905761721 1.9227350354194643 -1.1782376766204832 2.0981127023696904 -0.59442287683486927 -0.52145424485206593 2.9755042791366582 2.1986874341964726 -0.15286046266555783 0.15150770545005801 0.30189555883407598 -0.36115752160549158 2.1217476129531865 1.6315463185310366 0.1754921153187752
decision_type=2 2 2 2 2 2 2 2 2 2 2 2 2 2 2 2 2 2 2 2 2 2 2 2 2 2 2 2 2 2 2 2 2 2 2 2 2 2 2
left_child=2 -2 -1 12 -5 -6 7 11 13 -10 20 19 -3 14 15 22 17 18 33 23 21 -11 -9 -7 26 27 -25 34 -28 -30 31 -31 35 -17 38 36 37 -21 -15
right_child=1 3 -4 4 5 6 -8 8 9 10 -12 -13 -14 25 -16 16 -18 -19 -20 32 -22 -23 -24 24 -26 -27 28 -29 29 30 -32 -33 -34 -35 -36 -37 -38 -39 -40
leaf_value=-1.0634921442378651 1.4707522173722587 -0.20303212956904054 -0.15836124576628208 0.81629571154713632 0.62562212369271686 -0.31986564130618655 0.61256675392389304 -0.041548138281621905 2.8328690748839152 -0.55026854729652408 1.8573943889141085 -0.54061984022458398 -0.74780675570170096 -0.22557994746848156 0.48470039247047336 -0.41618932662531738 0.79583353847265248 0.60058354611198117 0.19934558240347544 -0.050572629415825625 -0.75163629000837151 0.014956638216972351 -0.3964480858296156 0.3258329150080681 0.34318841533227401 -0.50451852619647986 -0.11154269166559044 0.10610873518568097 0.38420635180813928 -0.030774918799634718 -0.31631237033468029 0.69096196020022038 -0.3675827144363592 -0.1235966411108772 -0.42039559992651149 -0.36430851270910353 0.15482577103234474 -0.33576981491512725 0.014673261827713736
leaf_weight=22 24 91 40 20 28 29 20 147 21 25 20 21 21 57 21 32 20 30 32 73 22 20 28 20 22 20 243 33 35 713 26 20 43 48 24 20 21 27 37
leaf_count=22 24 91 40 20 28 29 20 147 21 25 20 21 21 57 21 32 20 30 32 73 22 20 28 20 22 20 243 33 35 713 26 20 43 48 24 20 21 27 37
internal_value=-6.11138e-10 0.0138028 -0.479537 -0.00261351 0.0141789 0.00614974 -0.00265495 -0.00896491 0.081137 0.617079 0.0822334 -0.0526777 -0.305177 -0.0282803 0.0391987 0.0114374 0.130016 0.0362385 -0.114925 -0.0447468 -0.447665 -0.299057 -0.0983321 -0.0227566 -0.0147713 -0.169552 -0.0222218 -0.125186 -0.0289345 -0.00365262 -0.0215381 -0.0110822 -0.177166 -0.240634 -0.18987 -0.119095 -0.078564 -0.127576 -0.131012
internal_weight=2216 2154 62 2130 2018 1998 1970 1950 637 108 87 1313 112 529 358 337 162 142 112 1292 67 45 175 1108 1079 171 1057 151 1037 794 759 733 184 80 118 141 121 100 94
internal_count=2216 2154 62 2130 2018 1998 1970 1950 637 108 87 1313 112 529 358 337 162 142 112 1292 67 45 175 1108 1079 171 1057 151 1037 794 759 733 184 80 118 141 121 100 94
is_linear=0
shrinkage=0.05


Tree=68
num_leaves=40
num_cat=0
split_feature=30 30 30 18 15 17 7 12 31 33 5 29 29 30 27 28 5 30 28 4 0 27 12 4 6 18 19 10 13 23 29 29 21 15 15 4 33 30 29
split_gain=6552.3 3297 5981.09 4483.23 2574.25 10670.1 2989.5 15946.3 3804.15 2283.24 2014.34 2001.1 7657.91 3747.3 3258.99 1792.54 1711.66 1475.98 1442.19 9217.47 1348.27 1111.95 1100.66 1058.75 1211.1 1142.42 4260.73 882.712 1143.06 850.925 815.913 4368.92 1060.48 949.234 5774.48 5900.66 898.201 1475.33 2073.58
threshold=-2.4608415365219112 -0.95633739233016957 -0.81057617068290699 -1.5910865664482114 2.1951055526733403 1.8931055068969729 1.1276233196258547 1.2761033177375796 2.9253710508346562 -0.047405436635017388 -0.068570896983146654 0.79209810495376598 0.73190146684646618 0.95535138249397289 0.4204875528812409 -1.4092527627944944 -0.35242359340190882 0.65969780087471019 -1.2250468134880064 -0.84661367535591114 -0.46187049150466913 -0.58386245369911183 1.1007702946662905 2.0844084024429326 2.7452282905578618 -0.59442287683486927 -0.56351080536842335 1.6993367671966555 1.4054045081138613 -1.0026875138282774 -0.48707868158817286 -0.44785918295383448 -0.55546247959136952 0.18927732855081561 0.26375301182270056 -0.34007798135280604 -0.047476394101977341 0.34928388893604284 -0.25859342515468592
decision_type=2 2 2 2 2 2 2 2 2 2 2 2 2 2 2 2 2 2 2 2 2 2 2 2 2 2 2 2 2 2 2 2 2 2 2 2 2 2 2
left_child=-1 29 -3 15 5 6 7 8 9 11 27 12 13 18 17 -4 -6 -13 19 -5 -16 -12 23 24 25 -20 -27 28 -8 -2 -28 -32 -33 36 35 -35 -34 38 -38
right_child=1 2 3 4 16 -7 10 -9 -10 -11 21 14 -14 -15 20 -17 -18 -19 22 -21 -22 -23 -24 -25 -26 26 30 -29 -30 -31 31 32 33 34 -36 -37 37 -39 -40
leaf_value=0.78907351860633268 -0.23687876001226182 0.73984882941952457 -0.81143012124559155 1.115206023156643 -0.11856530217187747 0.86406027550498643 -0.051992912868074337 1.1983716356967178 0.68143452882766731 0.47226593345403672 -0.60853908166692072 -0.2677288604654231 0.94433086191614479 -0.63680338064829511 -0.13418196087533779 -0.1801305534487421 -0.68955575710251216 -0.74736836837685638 -0.094777554869886094 -0.1793606290170415 0.43304460875689987 -0.15301098248788292 -0.36822614883157345 -0.26248086240233443 0.3150414459150413 0.71823439598083505 -0.11681031335733438 0.10757127923425287 -0.47658453388949457 -0.64402074501627971 0.71181251366030096 0.32676512716958922 -0.11395512929115328 1.1629840075969697 -0.019214448232176533 0.029325376451015475 -0.22368979702393213 -0.2389739769821366 0.26459127415702505
leaf_weight=26 33 27 23 20 35 36 51 28 20 24 37 53 21 24 22 22 21 23 318 44 20 21 22 41 29 21 133 40 23 21 22 24 289 22 411 24 30 36 79
leaf_count=26 33 27 23 20 35 36 51 28 20 24 37 53 21 24 22 22 21 23 318 44 20 21 22 41 29 21 133 40 23 21 22 24 289 22 411 24 30 36 79
internal_value=-5.27693e-10 -0.009368 0.00038648 -0.00908032 0.0016838 0.0110089 -0.00456407 0.0144661 -0.00424116 -0.0120685 -0.203717 -0.0187954 -0.0042287 -0.0167647 -0.217544 -0.502795 -0.332687 -0.412883 -0.00725615 0.225191 0.135926 -0.443606 -0.0171673 -0.0119453 -0.00480211 -0.0113851 0.0129217 -0.0816687 -0.183961 -0.395212 -0.000920835 0.0155288 -0.00121246 -0.0100469 0.0402458 0.57151 -0.0630048 0.0385445 0.130202
internal_weight=2216 2190 2136 2109 2064 2008 1972 1800 1772 1752 172 1728 1610 1589 118 45 56 76 1565 64 42 58 1501 1479 1438 1409 1091 114 74 54 1070 937 915 891 457 46 434 145 109
internal_count=2216 2190 2136 2109 2064 2008 1972 1800 1772 1752 172 1728 1610 1589 118 45 56 76 1565 64 42 58 1501 1479 1438 1409 1091 114 74 54 1070 937 915 891 457 46 434 145 109
is_linear=0
shrinkage=0.05


Tree=69
num_leaves=40
num_cat=0
split_feature=30 15 20 27 28 30 8 7 7 0 12 5 27 10 33 4 28 10 22 10 30 29 29 15 23 24 26 27 12 26 12 30 5 33 24 3 33 27 27
split_gain=5913.45 3233.86 6039.48 2609.34 19262.9 5876.08 3101.8 3059.18 10501.6 4477.28 2528.06 2090.32 1973.98 5835.89 2111.26 1713.03 5380.27 3104.6 4728.43 1924.71 1359.2 1223.19 1250.34 1158.79 2300.81 1100.05 1708.42 1079.2 1024.65 985.259 5369.17 949.836 742.342 736.239 1047.91 670.75 688.772 658.855 930.557
threshold=-2.4608415365219112 -1.584319472312927 -1.6137911677360532 0.25011114776134497 1.6180556416511538 1.0098809599876406 0.96793350577354442 1.1276233196258547 1.0725600123405459 2.4019546508789067 0.99506542086601268 -0.068570896983146654 0.16876037418842318 0.057604053989052779 -0.04742735251784324 -1.0322614908218382 -1.1324338912963865 -0.51517122983932484 -0.91419646143913258 0.44268596172332769 1.0567454695701601 1.29120808839798 0.90327534079551708 -0.59217041730880726 -0.45298252999782557 -0.38743789494037623 -0.25226458907127375 -0.56865572929382313 1.7161071300506594 -0.4267969131469726 -0.30952669680118555 0.14941830188035968 -0.19084589928388593 -0.04748104698956012 0.015332850161939861 0.042127428576350219 -0.047460375353693955 -0.21655220538377759 -0.094435125589370714
decision_type=2 2 2 2 2 2 2 2 2 2 2 2 2 2 2 2 2 2 2 2 2 2 2 2 2 2 2 2 2 2 2 2 2 2 2 2 2 2 2
left_child=-1 -2 -3 4 5 7 20 8 9 10 12 -9 14 31 15 16 -4 18 -18 -19 21 22 29 -17 -25 -26 -27 28 -13 35 -31 -14 -12 34 -28 -5 -37 -36 -39
right_child=1 2 3 6 -6 -7 -8 11 -10 -11 32 27 13 -15 -16 23 17 19 -20 -21 -22 -23 -24 24 25 26 33 -29 -30 30 -32 -33 -34 -35 37 36 -38 38 -40
leaf_value=0.74961986725146956 0.62398353919386862 -0.70762287993584916 0.88786539228633043 -0.055536465029971505 1.4117731077075006 0.75543903846007132 -0.51303350329399111 -0.074656702439108533 1.1628771407902241 0.73008384647823521 -0.19171713905469065 -0.8220469195218314 -0.19229384493082763 0.96422901458683485 0.39049432317260657 -0.14059608599283932 -0.046341051673516633 -0.23581534762228473 0.91922485147203725 0.26070875255763531 -0.46180225312709811 -0.39466539720694227 0.33932514434511013 0.51466931059956555 -0.38663621736424314 0.36915797461514122 0.31001147369721105 -0.13011275529861452 -0.32198472321033478 0.58242424766759615 -0.053351339803617684 0.2469503939151764 -0.57673695768628808 -0.10725420278508127 -0.099647594672583398 -0.357506925114633 -0.10034540403634309 0.38644907765090464 -0.011819360411979937
leaf_weight=26 20 31 20 194 25 26 39 126 20 21 31 21 32 21 32 264 32 89 21 25 20 24 22 20 21 27 28 20 20 37 324 20 21 210 105 46 60 20 55
leaf_count=26 20 31 20 194 25 26 39 126 20 21 31 21 32 21 32 264 32 89 21 25 20 24 22 20 21 27 28 20 20 37 324 20 21 210 105 46 60 20 55
internal_value=-3.60898e-10 -0.0088996 -0.0147326 -0.00469073 0.0365579 0.0110531 -0.0786259 -0.00358684 0.0272862 0.00691689 -0.00696474 -0.190972 0.0100147 0.260745 -0.00887423 -0.0225133 0.112878 0.0200656 0.336242 -0.126928 -0.055322 -0.0438233 -0.031495 -0.056271 -0.0104647 -0.0330027 -0.0163143 -0.431228 -0.578114 -0.043837 0.0118113 -0.0233538 -0.347206 -0.0412133 0.0254627 -0.1108 -0.211944 -0.0188004 0.0943856
internal_weight=2216 2190 2170 2139 1373 1348 766 1322 1135 1115 1094 187 1042 73 969 937 187 167 53 114 727 707 683 750 486 466 445 61 41 661 361 52 52 418 208 300 106 180 75
internal_count=2216 2190 2170 2139 1373 1348 766 1322 1135 1115 1094 187 1042 73 969 937 187 167 53 114 727 707 683 750 486 466 445 61 41 661 361 52 52 418 208 300 106 180 75
is_linear=0
shrinkage=0.05


Tree=70
num_leaves=40
num_cat=0
split_feature=12 11 30 24 17 27 31 30 18 30 7 29 18 12 26 31 5 24 5 20 28 29 29 14 20 27 29 28 3 6 29 29 30 30 5 29 29 3 5
split_gain=5971.1 21079.3 8760.21 4790.32 4019.62 2695.14 32350.4 22107.8 6947.18 6079.83 5484.08 24023.7 3001.67 2581.02 4106.19 2293.48 2113.26 1854.7 1821.56 1347.45 1791.89 850.262 4064.18 4772.73 10926.5 2071.94 855.423 894.091 791.27 682.494 669.289 932.37 699.697 625.188 617.469 589.69 569.577 568.217 637.427
threshold=-1.2811323404312132 -1.1931517720222471 -2.4608415365219112 -1.2445335388183592 -1.2405260205268858 -0.58386245369911183 1.4600473046302798 0.73168373107910167 -1.0717446804046629 1.0567454695701601 1.6315463185310366 -0.30403797328472132 1.7937170863151553 -1.3265537619590757 -1.4173050522804258 2.8130685091018681 -0.36552448570728296 -0.85445481538772572 -0.35242359340190882 0.23246715962886813 -0.7546834647655486 -0.41597388684749598 -0.52172148227691639 0.21965948492288592 -0.10507600754499434 -0.30422385036945337 1.1304740905761721 1.7839784026145937 -0.80879142880439747 2.3750380277633671 0.46461574733257299 0.42881171405315405 0.20421768724918368 0.78961768746376049 0.11047465354204179 -0.33019988238811487 -0.32081046700477595 -0.71233102679252613 -0.19084589928388593
decision_type=2 2 2 2 2 2 2 2 2 2 2 2 2 2 2 2 2 2 2 2 2 2 2 2 2 2 2 2 2 2 2 2 2 2 2 2 2 2 2
left_child=2 -2 -1 -3 17 6 7 8 -6 10 12 -12 15 14 -4 21 -10 28 -14 20 -18 22 25 24 -24 -7 27 29 -5 30 31 33 37 35 -30 -23 -21 -32 -39
right_child=1 3 13 4 5 9 -8 -9 16 -11 11 -13 18 -15 -16 -17 19 -19 -20 36 -22 26 23 -25 -26 -27 -28 -29 34 -31 32 -33 -34 -35 -36 -37 -38 38 -40
leaf_value=-1.1943585773309073 1.1869398506456299 0.74976320124807816 -0.21341723726605469 0.03468716175335905 0.6754795517240253 0.24346827958759509 2.0826041562855244 1.6318293258547785 -0.042074860640796567 -0.83008566148903062 1.7957640009266989 -0.40921427468458815 -0.13456572090508417 -0.55009163093787661 0.61273093442654325 -0.479728925271103 -0.41370217033794954 -0.72336075176363412 -0.70418474978208545 -0.72247828301929296 0.060162186269697396 -0.14911129030953632 0.015650072594483696 -0.18281783484495606 1.4641675245502723 -0.18632479156149884 0.23226101640611888 0.27878411451111668 -0.51451094883748083 -0.25673554684309402 -0.054372306140139708 0.31616549491882329 -0.015823816959010927 0.25568117994815109 -0.13989944180304356 -0.013489091460230222 -0.35422074755742439 -0.53155749912627726 -0.17464635358673747
leaf_weight=24 38 21 53 23 28 38 20 20 189 23 21 30 32 27 21 26 42 23 25 21 38 89 30 26 23 107 32 23 22 34 30 21 76 20 22 806 21 22 29
leaf_count=24 38 21 53 23 28 38 20 20 189 23 21 30 32 27 21 26 42 23 25 21 38 89 30 26 23 107 32 23 22 34 30 21 76 20 22 806 21 22 29
internal_value=-4.92433e-10 0.0200674 -0.335687 -0.00153087 -0.00929523 0.00584378 0.125462 0.0164286 -0.0788753 -0.0231614 -0.01111 0.498718 -0.0285722 -0.131646 0.0210302 -0.0144087 -0.146791 -0.335961 -0.384399 -0.309016 -0.188617 -0.0058039 0.083514 0.372052 0.644252 -0.0736894 -0.0227305 -0.0298259 -0.202973 -0.0361241 -0.0292615 -0.0132372 -0.124795 -0.0207973 -0.327205 -0.0269755 -0.53835 -0.227039 -0.328608
internal_weight=2216 2091 125 2053 2032 1942 379 359 339 1563 1540 51 1489 101 74 1432 311 90 57 122 80 1406 224 79 53 145 1182 1150 67 1127 1093 936 157 915 44 895 42 81 51
internal_count=2216 2091 125 2053 2032 1942 379 359 339 1563 1540 51 1489 101 74 1432 311 90 57 122 80 1406 224 79 53 145 1182 1150 67 1127 1093 936 157 915 44 895 42 81 51
is_linear=0
shrinkage=0.05


Tree=71
num_leaves=40
num_cat=0
split_feature=30 29 30 22 15 17 16 19 22 5 4 31 31 27 29 7 27 3 10 12 5 27 17 21 27 5 7 27 29 6 0 29 29 7 31 5 29 29 3
split_gain=6121.59 3284.09 8143.94 5158.62 2236.39 10051 2130.57 3060.41 3110.94 2023.08 1773.74 2044.6 8703.49 5533.93 1524.97 1448.05 1760.39 1560.3 1373.75 1332.47 1305.81 1098.51 980.558 2168.32 1191.87 1614.55 6237.04 1112.14 4936.39 5561.73 1248.58 952.119 917.819 879.967 868.397 842.505 809.145 1650.87 750.931
threshold=-2.4608415365219112 0.7793947458267213 1.0098809599876406 -1.6769025325775144 2.1951055526733403 1.8931055068969729 -1.2818565368652342 -0.73271086812019337 -0.9257678985595702 3.3049092292785649 2.0524426698684697 0.83366858959198009 0.9533381760120393 -0.77080711722373951 -0.79462745785713185 0.92996451258659374 -1.1976896524429319 -0.42983973026275629 0.95806521177291881 -1.3446981906890867 -0.35242359340190882 0.43099544942379003 -0.58790087699890126 -0.55546247959136952 1.0399777889251711 0.82119813561439525 0.17572047561407092 0.48457282781600958 0.16402238607406619 -0.22649686038494107 -0.90080788731575001 1.6874600648880007 0.62293955683708202 0.56310248374938976 2.4671766757965092 0.4893088191747666 0.1369530260562897 0.03774936497211457 0.78211680054664623
decision_type=2 2 2 2 2 2 2 2 2 2 2 2 2 2 2 2 2 2 2 2 2 2 2 2 2 2 2 2 2 2 2 2 2 2 2 2 2 2 2
left_child=-1 2 3 -2 5 9 19 8 -8 10 11 14 -13 -14 -5 16 -16 -17 33 -3 -6 -9 32 -24 25 27 -27 35 30 -30 -29 -21 38 -15 -12 36 37 -25 -18
right_child=1 6 -4 4 20 -7 7 21 -10 -11 34 12 13 18 15 17 22 -19 -20 31 -22 -23 23 24 -26 26 -28 28 29 -31 -32 -33 -34 -35 -36 -37 -38 -39 -40
leaf_value=0.76269787458273086 0.72604104392230517 -0.10996277738701216 0.85618821840201109 -0.2433533812684778 -0.13588339030742644 0.82519254701781186 -0.1814997944093886 -0.46923698249298174 0.66930372904647484 0.4696860790252686 -0.1566646421659891 0.96964969281797053 0.80426884561777112 -0.063863675750739188 0.32829549627808424 -0.029616410212798251 -0.13017922252384495 -0.32419648797964895 -0.4329398593824843 -0.37919217044344317 -0.63460795510382884 -0.075540498337324929 0.37943123630606213 -0.013571598155960488 -0.14852150710565704 0.96516759198158975 -0.24213113914365356 0.19664967613560813 0.97706386924817645 -0.091378991908970336 -0.20006620375001255 -0.83184821832747691 0.23498669472478687 0.29053455628454689 -0.52853730566799639 -0.31379363079369071 -0.11266468794232137 0.32780151147395375 0.14096833706966469
leaf_weight=26 24 22 28 82 35 36 21 37 22 21 73 27 20 141 39 108 290 77 23 26 21 34 39 309 119 20 23 28 29 21 68 21 21 20 20 25 152 40 28
leaf_count=26 24 22 28 82 35 36 21 37 22 21 73 27 20 141 39 108 290 77 23 26 21 34 39 309 119 20 23 28 29 21 68 21 21 20 20 25 152 40 28
internal_value=-3.81078e-10 -0.00905486 0.00943388 -0.00254647 -0.0114908 -0.00230741 -0.211825 -0.0790961 0.253795 -0.0182977 -0.0238611 -0.0125471 0.126036 0.0143807 -0.0336357 -0.0216602 -0.00235202 -0.152225 -0.0714767 -0.431116 -0.322905 -0.280706 -0.0129917 0.0150335 -0.00200669 0.0223783 0.319403 0.00337224 0.125463 0.528318 -0.0843574 -0.581443 -0.0851627 -0.0198391 -0.236637 -0.030516 -0.0163804 0.0255543 -0.106305
internal_weight=2216 2190 2007 1979 1955 1899 183 114 43 1863 1842 1749 231 204 1518 1436 1251 185 184 69 56 71 1212 873 834 715 43 672 146 50 96 47 339 161 93 526 501 349 318
internal_count=2216 2190 2007 1979 1955 1899 183 114 43 1863 1842 1749 231 204 1518 1436 1251 185 184 69 56 71 1212 873 834 715 43 672 146 50 96 47 339 161 93 526 501 349 318
is_linear=0
shrinkage=0.05


Tree=72
num_leaves=40
num_cat=0
split_feature=28 4 16 23 11 7 27 20 27 30 31 29 27 29 18 31 5 5 7 27 6 29 29 6 20 8 29 29 29 15 21 18 20 4 19 27 4 0 0
split_gain=5900.76 17827.2 9286.81 2958.41 2689.12 14646.3 4323.48 32301.6 8448.37 5163.97 4304.32 3456.06 3182.81 11500.2 2788.9 1932.98 1583.88 1447.68 1319.69 1288.49 1045.98 1026.8 945.468 782.975 1257.98 1108.13 914.365 813.805 1814.08 978.063 4604.8 878.434 4628.03 858.244 839.512 753.33 1236.71 733.214 1830.29
threshold=-1.5452485680580137 0.2291599586606026 -1.5581622719764707 -1.369966387748718 1.6160847544670107 1.6315463185310366 -0.58386245369911183 0.39998349547386175 -0.61005219817161549 1.0567454695701601 0.89619863033294689 1.6874600648880007 -1.1976896524429319 -0.085064455866813646 1.7937170863151553 2.8130685091018681 -0.13407536596059796 -0.22905685007572171 0.49783511459827429 -2.1934885978698726 2.872025847434998 -0.43391843140125269 -0.18148659914731977 0.83452126383781444 0.042302111163735397 0.13277116417884829 1.1304740905761721 0.45624069869518286 0.40936382114887243 -0.19662933796644208 -0.15535405278205869 -0.59442287683486927 -0.56072029471397389 -1.0347204208374021 -0.29271806776523585 -0.87034079432487477 -0.91423377394676197 -0.46187049150466913 -0.73285263776779164
decision_type=2 2 2 2 2 2 2 2 2 2 2 2 2 2 2 2 2 2 2 2 2 2 2 2 2 2 2 2 2 2 2 2 2 2 2 2 2 2 2
left_child=1 -1 3 19 5 6 7 8 10 11 12 14 13 -4 15 20 21 -16 35 -2 23 -6 -23 26 -25 -26 27 28 29 30 31 -8 -33 -31 -34 36 -14 38 -35
right_child=2 -3 4 -5 16 -7 9 -9 -10 -11 -12 -13 18 -15 17 -17 -18 -19 -20 -21 -22 22 -24 24 25 -27 -28 -29 -30 33 -32 32 34 37 -36 -37 -38 -39 -40
leaf_value=-0.32341197468340399 -0.63420362387384688 1.6793674867600203 -0.16881165504455567 -1.0507944582597071 -0.39969876280852729 1.2227120225429537 -0.058069130628241754 1.6516431359630646 0.98426900928219174 -0.68077099849780409 -0.5917885010892695 0.61859752422287351 -0.55379893755912779 1.3124436531495303 -0.16300017152846391 -0.44237096630609951 -0.5048805962420172 -0.71218091249465942 0.12361453143098662 -0.092498383120350219 0.30088101989693117 0.25581408196493338 -0.16446314947679641 -0.34449578805102243 0.26816934891976418 -0.172944744016443 0.29066305366846235 -0.10658342307382594 0.42825955712795261 -0.18064419701189291 0.62537211676438653 0.63538470091298227 -0.10394153475835183 -0.044893044569944765 0.20126618844906577 -0.056380606877307095 -0.11341385045512156 -0.062210273321511016 0.24624435462057592
leaf_weight=25 21 20 38 23 21 25 211 33 21 30 33 21 25 20 28 26 36 21 62 23 27 23 32 45 24 35 26 183 25 92 33 32 101 166 29 96 44 360 80
leaf_count=25 21 20 38 23 21 25 211 33 21 30 33 21 25 20 28 26 36 21 62 23 27 23 32 45 24 35 26 183 25 92 33 32 101 166 29 96 44 360 80
internal_value=9.66604e-10 0.566712 -0.0117467 -0.591254 0.00670721 0.0201107 0.00482595 0.158321 0.0129529 -0.0309734 -0.0511906 -0.0185173 0.0114049 0.341966 -0.0271827 -0.0150169 -0.231683 -0.398363 -0.0730556 -0.35104 -0.00745309 -0.102273 0.0112891 -0.0132263 -0.145378 0.0064915 -0.00295446 -0.0087731 0.00708101 -0.00245655 0.0592503 0.00916447 0.0967342 -0.0383491 -0.0358567 -0.146956 -0.272974 -0.0167465 0.0497858
internal_weight=2216 45 2171 67 2104 1992 1967 372 339 1595 318 1565 285 58 1544 1495 112 49 227 44 1469 76 55 1442 104 59 1338 1312 1129 1104 406 373 162 698 130 165 69 606 246
internal_count=2216 45 2171 67 2104 1992 1967 372 339 1595 318 1565 285 58 1544 1495 112 49 227 44 1469 76 55 1442 104 59 1338 1312 1129 1104 406 373 162 698 130 165 69 606 246
is_linear=0
shrinkage=0.05


Tree=73
num_leaves=40
num_cat=0
split_feature=30 6 18 24 27 28 30 7 7 3 33 12 8 5 28 28 27 10 30 29 30 29 29 10 16 3 27 16 19 13 22 19 15 28 33 0 21 15 18
split_gain=5869.62 3155.59 5546.88 2401.08 2216.77 17302.4 5090.3 2969.21 9388.13 4696.45 3198.07 2381.77 2371.53 1966.25 1847.4 7205.71 1886.39 5199.68 1182.48 1141.44 1090.92 993.673 2033.67 1826.27 2910.32 1213.51 1353.05 919.399 851.528 845.291 7147.48 888.433 841.222 5123.63 1006.56 774.616 736.196 701.545 900.402
threshold=-2.4608415365219112 4.711318016052247 -1.5910865664482114 -1.4537886977195738 0.25011114776134497 1.6180556416511538 1.0098809599876406 1.1276233196258547 1.0725600123405459 2.3868050575256352 -0.04742735251784324 0.99506542086601268 0.96793350577354442 0.700014889240265 -1.2388885617256162 -1.179234445095062 0.16876037418842318 0.057604053989052779 1.0567454695701601 1.29120808839798 0.77898994088172924 0.16402238607406619 0.21774261444807055 -0.31344148516654963 0.5603347420692445 -0.82257151603698719 1.356690049171448 0.72392645478248607 1.2423384189605715 -0.58716601133346547 -0.73735532164573658 -0.5152541697025298 -0.24508886784315106 -0.19005730003118512 -0.047487620264291756 -0.47671638429164881 -1.2483482360839842 1.6533120274543764 1.3711248040199282
decision_type=2 2 2 2 2 2 2 2 2 2 2 2 2 2 2 2 2 2 2 2 2 2 2 2 2 2 2 2 2 2 2 2 2 2 2 2 2 2 2
left_child=-1 2 3 -2 5 6 7 8 9 10 11 14 18 37 -4 -16 29 -18 19 20 21 -6 -23 25 -25 26 -24 -13 -26 30 36 -31 33 34 -33 -27 -17 38 -9
right_child=1 -3 4 -5 12 -7 -8 13 -10 -11 -12 27 -14 -15 15 16 17 -19 -20 -21 -22 22 23 24 28 35 -28 -29 -30 31 -32 32 -34 -35 -36 -37 -38 -39 -40
leaf_value=0.74683662011073193 -0.13550188722817794 0.61631050094962125 -0.23033558759424422 -0.8145279846092065 -0.085558854761415892 1.3395536184310914 0.70461298502408543 -0.11691306407983398 1.1023835799098014 0.76847358584404002 0.53252441585063937 -0.60394374806256534 -0.45528516888030268 -0.53064626120030878 0.89260825673523159 -0.28332367859504842 -0.030907372721270022 0.90391663398061484 -0.42914805820211771 -0.37104749965667727 0.33676615677773958 0.37778026632670514 -0.14904903541008632 0.66071697984906763 -0.19222086043127123 -0.49519928227300225 0.38187961474061016 -0.17546122325884719 0.21451752795414492 -0.17929506451265687 0.93776526947816219 0.24074730441595116 -0.060942082059506179 0.80112862611810365 -0.12284970070518877 -0.15391776161889237 0.0047890482335201197 -0.32665005604426067 0.24999138697981838
leaf_weight=26 23 20 81 30 412 25 26 102 20 20 27 21 38 34 23 27 51 21 20 25 20 38 30 22 31 23 20 31 22 112 21 24 403 21 92 60 124 30 20
leaf_count=26 23 20 81 30 412 25 26 102 20 20 27 21 38 34 23 27 51 21 20 25 20 38 30 22 31 23 20 31 22 112 21 24 403 21 92 60 124 30 20
internal_value=5.51837e-12 -0.00886655 -0.0146286 -0.519856 -0.00197996 0.0363495 0.0118716 -0.00193018 0.0288185 0.00928137 -0.00479077 -0.0185812 -0.0702779 -0.186918 -0.00142529 0.0187507 -0.00368091 0.24175 -0.0500424 -0.039257 -0.0270228 -0.0380803 0.0414367 -0.0200107 0.177284 -0.131267 0.0633224 -0.348502 -0.0233861 -0.0251263 0.0734719 -0.0511369 -0.0245559 0.0824778 -0.0476227 -0.24849 -0.0467278 -0.110032 -0.0567648
internal_weight=2216 2190 2170 53 2117 1356 1331 1305 1119 1099 1079 1052 761 186 1000 919 896 72 723 703 678 658 246 208 75 133 50 52 53 824 172 652 540 137 116 83 151 152 122
internal_count=2216 2190 2170 53 2117 1356 1331 1305 1119 1099 1079 1052 761 186 1000 919 896 72 723 703 678 658 246 208 75 133 50 52 53 824 172 652 540 137 116 83 151 152 122
is_linear=0
shrinkage=0.05


Tree=74
num_leaves=40
num_cat=0
split_feature=12 22 30 27 29 28 11 7 27 20 27 30 18 24 31 29 5 5 12 21 17 6 13 5 5 22 27 29 5 5 0 30 29 29 15 30 29 29 27
split_gain=5634.89 21915.4 5156.35 4166.41 4801.49 5824.08 2455.84 17999.4 4686.2 29166.3 8922.43 4759.39 2389.21 2062.06 1894.14 1884.38 1272.51 1234.72 1223.54 1171.3 973.693 893.559 710.082 683.815 1700.14 4928.2 1741.65 690.699 668.067 729.797 661.684 660.264 583.913 2396.25 656.16 944.641 711.923 1034.69 1257.83
threshold=-1.3754690289497373 -1.6634678840637205 -2.4608415365219112 -1.2386001944541929 2.0162298083305363 -1.2250468134880064 1.6160847544670107 1.6315463185310366 -0.58386245369911183 0.39998349547386175 -0.61005219817161549 1.0567454695701601 1.7937170863151553 0.92707434296607982 2.8130685091018681 0.071945838630199446 -0.22905685007572171 -0.13407536596059796 0.7672814428806306 -1.3680402636528013 1.942263722419739 2.872025847434998 1.2828783988952639 1.3889035582542422 0.82119813561439525 -0.10311869904398917 0.16876037418842318 1.1304740905761721 -0.428845465183258 -0.57513877749443043 -0.5294818878173827 0.19822473824024203 0.46461574733257299 0.42881171405315405 -1.1271014213562009 -0.31357385218143458 -0.60456100106239308 -0.41597388684749598 0.27792437374591833
decision_type=2 2 2 2 2 2 2 2 2 2 2 2 2 2 2 2 2 2 2 2 2 2 2 2 2 2 2 2 2 2 2 2 2 2 2 2 2 2 2
left_child=2 -2 -1 15 5 -5 7 8 9 10 13 12 14 18 19 -3 -14 20 28 -10 30 22 23 24 27 -26 -27 32 29 -7 -8 -30 33 34 -21 -36 -37 38 -38
right_child=1 3 -4 4 -6 6 17 -9 11 -11 -12 -13 16 -15 -16 -17 -18 -19 -20 21 -22 -23 -24 -25 25 26 -28 -29 31 -31 -32 -33 -34 -35 35 36 37 -39 -40
leaf_value=-1.074154992537065 1.5169415116310121 -0.18445858375433788 -0.15272750878820615 0.76416131532192233 0.76582929974510561 -0.068998783065265495 -0.15978589604298277 1.431006719307466 -0.37294705916534771 1.5766807476679485 1.0075598770380021 -0.68758651167154317 -0.1526234209271414 -0.56586942527265782 -0.44143652906417491 -0.66678595609135094 -0.66750901937484741 -0.48279835300786156 0.32580412834882738 0.25079589771187821 -0.35045098287087906 0.27959269906083745 -0.25144297612210115 -0.13215285175376468 0.84291025800225539 -0.361014527503563 0.26125962971286343 0.22750849679112434 -0.089706819607266064 0.25661794658834963 0.24206278592348102 -0.38190359853464984 -0.10690805597497322 0.51429668123071848 -0.172833985385004 -0.15563316831601337 0.31705720176750968 -0.0097847510779620686 -0.081203446008505376
leaf_weight=22 24 81 49 25 21 79 21 22 22 33 20 28 28 21 26 27 21 35 20 23 27 27 30 99 23 23 22 30 58 22 20 29 152 22 91 71 55 736 31
leaf_count=22 24 81 49 25 21 79 21 22 22 33 20 28 28 21 26 27 21 35 20 23 27 27 30 99 23 23 22 30 58 22 20 29 152 22 91 71 55 736 31
internal_value=-1.91271e-10 0.0145059 -0.43824 -0.00249483 0.0137371 0.00580844 -0.00383001 0.00930298 -0.0076772 0.179897 -0.00521882 -0.0415849 -0.029778 -0.0936711 -0.0184281 -0.30504 -0.373289 -0.241499 -0.0459972 -0.0108795 -0.1173 -0.00532866 -0.0107924 -0.00555322 0.00424612 0.247519 -0.0567916 -0.00941414 -0.0855506 0.00192763 0.0362379 -0.187106 -0.0154325 -0.00192007 -0.0131979 -0.0193685 -0.00372978 0.00939083 0.173498
internal_weight=2216 2145 71 2121 2013 1992 1967 1864 1842 282 249 1560 1532 229 1483 108 49 103 208 1457 68 1435 1408 1378 1279 68 45 1211 188 101 41 87 1181 1029 1007 984 893 822 86
internal_count=2216 2145 71 2121 2013 1992 1967 1864 1842 282 249 1560 1532 229 1483 108 49 103 208 1457 68 1435 1408 1378 1279 68 45 1211 188 101 41 87 1181 1029 1007 984 893 822 86
is_linear=0
shrinkage=0.05


Tree=75
num_leaves=40
num_cat=0
split_feature=30 15 27 6 4 5 30 5 8 27 29 16 5 20 11 6 13 15 29 7 30 13 6 15 6 21 27 30 11 5 10 10 29 29 31 0 20 30 28
split_gain=5968.72 3112.02 5925.37 2267.92 2705.03 2676.07 4742.31 6148.52 12081.6 3005.06 13220.7 2986.09 20169.6 2061.65 2027.87 1871.87 1498.2 1145.9 1104.45 1016.33 799.258 646.862 882.454 626.747 607.804 794.107 487.497 480.562 459.561 457.652 451.417 430.151 414.611 1275.53 651.8 2172.28 2543.51 2223.84 1427.59
threshold=-2.4608415365219112 -1.584319472312927 -1.9179521799087522 3.2509608268737797 2.1403487920761113 0.93583095073699962 1.0098809599876406 0.700014889240265 -0.039666689932346337 -1.1976896524429319 -0.077669773250818239 1.840181350708008 -0.19084589928388593 -1.6137911677360532 1.1336319446563723 2.2832190990448002 0.9618494212627412 0.91597193479537975 -0.53842404484748829 0.71246248483657848 -0.88363802433013905 0.54764944314956676 -0.4421983510255813 1.6231278181076052 1.3081901073455813 0.28048263490200048 -0.96167722344398487 0.31875561177730566 -0.48893012106418604 -0.54020306468009938 -0.19707467406988141 -0.047718908637762063 -0.5066140592098235 -0.46025393903255457 -0.078946899622678743 0.17274641245603564 -0.70294493436813343 0.28248156607151037 -0.11437208205461501
decision_type=2 2 2 2 2 2 2 2 2 2 2 2 2 2 2 2 2 2 2 2 2 2 2 2 2 2 2 2 2 2 2 2 2 2 2 2 2 2 2
left_child=-1 -2 13 4 5 6 7 9 -9 10 -4 15 -13 -3 18 16 20 27 -7 21 -11 22 30 -19 26 -26 -22 29 -5 -18 -20 -32 -28 -34 -35 36 -36 -38 -37
right_child=1 2 3 28 -6 14 -8 8 -10 11 -12 12 -14 -15 -16 -17 17 23 19 -21 24 -23 -24 -25 25 -27 32 -29 -30 -31 31 -33 33 34 35 38 37 -39 -40
leaf_value=0.7531143922072191 0.61190552383661279 -0.96390482306480407 -0.13580829495830196 -0.16984587363898754 0.5563902994109825 0.19184629400925979 0.57291739881038672 -0.13180634998358215 1.5027832258306444 -0.28212751795848212 1.3636648376427947 -0.18080892042412111 1.6526578205823901 -0.27654665547112622 -0.53970839599768317 0.35558073483407499 -0.086075333167206169 0.0086692831129767008 -0.1801824655259649 0.19327010996639729 -0.16985117024456969 -0.43649511520158168 -0.379385160561651 -0.31199519470334058 -0.39792742605010667 0.028667144048959016 -0.083821758561204246 -0.53554146181453355 -0.48864611031917432 -0.39875915724039079 0.20311756521463395 -0.082088707998777044 0.34789557938392346 -0.033150898568250993 0.71503067421524424 -0.16925457682570114 -0.12376740320426663 0.46735919828598321 0.072233847221298747
leaf_weight=26 20 20 49 20 22 28 38 26 20 30 21 60 20 24 30 30 22 64 60 20 49 22 32 20 24 20 162 22 26 25 20 39 26 734 23 102 41 26 153
leaf_count=26 20 20 49 20 22 28 38 26 20 30 21 60 20 24 30 30 22 64 60 20 49 22 32 20 24 20 162 22 26 25 20 39 26 734 23 102 41 26 153
internal_value=-1.15734e-09 -0.00894109 -0.0146632 -0.00277699 0.00490281 -0.000992586 0.0202572 0.00838543 0.578885 -0.00684555 0.314034 -0.0204339 0.277558 -0.588982 -0.153974 -0.0355892 -0.0431946 -0.191697 -0.101612 -0.144186 -0.0268487 -0.183198 -0.146294 -0.0676794 -0.0212175 -0.204021 -0.0151056 -0.342675 -0.350037 -0.252397 -0.0836139 0.0145914 -0.00912092 0.0018307 -0.00650822 0.0501751 0.261362 0.105625 -0.0243615
internal_weight=2216 2190 2170 2126 2080 2058 1807 1769 46 1723 70 1653 80 44 251 1573 1543 153 221 193 1390 173 151 84 1360 44 1316 69 46 47 119 59 1267 1105 1079 345 90 67 255
internal_count=2216 2190 2170 2126 2080 2058 1807 1769 46 1723 70 1653 80 44 251 1573 1543 153 221 193 1390 173 151 84 1360 44 1316 69 46 47 119 59 1267 1105 1079 345 90 67 255
is_linear=0
shrinkage=0.05


Tree=76
num_leaves=40
num_cat=0
split_feature=28 30 16 3 31 29 9 14 30 23 23 30 23 5 11 28 18 17 6 19 12 4 4 6 5 33 28 3 3 18 29 30 30 5 4 0 7 16 30
split_gain=5713.59 17202.8 8578.28 2768.57 42514 71984.4 8316.24 22040.5 4317.01 3273.98 11356.7 3253.24 2584.53 2455.62 2087.63 1943.99 1526.26 1582.76 1302.43 1096.92 1549.1 1127.39 4399.75 1821.33 926.495 970.405 2537.14 919.023 1262.66 1176 908.936 887.365 1700.4 1703.72 1513.09 1007.84 915.254 3936.28 2004.97
threshold=-1.5452485680580137 -0.18787831068038938 -1.5581622719764707 -0.27481402456760401 -0.57379686832427967 -0.0043747618328779927 1.2217946052551272 1.5510139465332033 1.0098809599876406 0.89250150322914135 0.82500630617141735 1.0098809599876406 -1.369966387748718 3.0898362398147587 -1.235800504684448 -1.399449288845062 1.757795035839081 -1.4076604247093198 -0.17402893304824826 1.5762847661972048 1.019953787326813 2.0167883634567265 1.8163871169090273 0.94237199425697338 0.88779434561729442 -0.047476824373006814 -0.44768442213535303 1.8135544657707217 1.7170940041542055 -0.043613327667117112 -0.039238667115569108 -0.10449956357479094 -0.1422249302268028 -0.1373505890369415 -0.27614629268646235 0.41779297590255743 0.11392801254987718 -0.10087344050407408 0.27967716753482824
decision_type=2 2 2 2 2 2 2 2 2 2 2 2 2 2 2 2 2 2 2 2 2 2 2 2 2 2 2 2 2 2 2 2 2 2 2 2 2 2 2
left_child=1 -1 12 11 5 -5 8 -8 9 10 13 15 18 14 -6 -4 17 -17 -2 20 21 22 23 24 25 -19 -27 28 31 -29 -9 32 33 34 -16 -35 -33 -38 -39
right_child=2 -3 3 4 6 -7 7 30 -10 -11 -12 -13 -14 -15 27 16 -18 19 -20 -21 -22 -23 -24 -25 -26 26 -28 29 -30 -31 -32 36 -34 35 -36 -37 37 38 -40
leaf_value=1.6506485417485237 -0.62868992884953823 -0.31674550455808642 0.45498360628262163 -0.25883587803691627 -0.49076817268910616 3.8027419376373288 1.4218853158610207 -0.042221395217854049 -0.77723487615585329 -0.38557976117266007 1.1416534493366877 -0.63424763122330541 -0.99804332593212974 -0.58423964917659765 0.57815430868755691 -0.34541394951704302 -0.28986174099273604 -0.022698096220943792 -0.084062303278757189 0.31725653189544878 -0.22147014328575398 -0.28330131134816577 0.65983563432097436 -0.26750055565283848 0.33557963978410482 -0.054185541054854791 0.47225805032696277 -0.28087931663270982 0.39344232509082017 0.017910991803459501 -0.49719841111273999 -0.09039328377088153 0.50665138243981034 -0.25304997283560426 -0.0082613938572731888 0.11945638862748942 0.70054833016225271 -0.23143647368701681 0.19750136993825437
leaf_weight=20 21 25 20 24 23 20 35 23 20 61 21 23 23 20 22 38 59 663 23 24 91 35 25 65 21 60 37 63 22 69 21 246 23 46 22 30 21 63 48
leaf_count=20 21 25 20 24 23 20 35 23 20 61 21 23 23 20 22 38 59 663 23 24 91 35 25 65 21 60 37 63 22 69 21 246 23 46 22 30 21 63 48
internal_value=7.70682e-10 0.557652 -0.0115589 0.00617708 0.0698179 1.58734 -0.00445442 0.48549 -0.0516564 -0.0335169 -0.00445628 -0.0455139 -0.568521 -0.0379776 -0.0223254 -0.0336151 -0.0423557 -0.0285664 -0.343998 -0.0167738 -0.0248147 -0.0050623 0.00611838 -0.0131995 0.00796511 -0.0010874 0.146623 -0.00636363 0.0224016 -0.124693 -0.25937 0.00673388 0.112825 0.037342 0.284946 -0.106008 -0.0334012 0.0728112 -0.0459498
internal_weight=2216 45 2171 2104 943 44 899 79 820 800 739 1161 67 718 698 1138 1118 1059 44 1021 997 906 871 846 781 760 97 675 543 132 44 521 143 120 44 76 378 132 111
internal_count=2216 45 2171 2104 943 44 899 79 820 800 739 1161 67 718 698 1138 1118 1059 44 1021 997 906 871 846 781 760 97 675 543 132 44 521 143 120 44 76 378 132 111
is_linear=0
shrinkage=0.05


Tree=77
num_leaves=40
num_cat=0
split_feature=30 6 27 30 30 30 4 14 4 13 9 27 28 4 33 31 29 6 29 27 27 5 5 29 14 20 24 22 0 31 27 27 2 33 3 30 14 27 12
split_gain=5649.26 3065.43 5102.4 3099.71 7198.36 5064.54 2323.34 9307.91 22269 4195.09 10106.4 3053.45 11510.2 4107.72 2686.22 2519.6 1512.72 2003.04 1314.8 2394.26 1791.12 2034.12 7569.67 1426.07 1265.09 1310.08 1298.41 1231.4 1136.84 1099.9 958.777 1653.84 1190.88 1155.76 1928.65 975.758 1416.21 947.927 871.92
threshold=-2.4608415365219112 4.711318016052247 -1.8494415283203123 1.3463437557220461 1.0567454695701601 0.9120679795742036 0.55250677466392528 1.4663060307502749 1.2772708535194399 0.97933045029640209 1.0898658037185671 -0.44540180265903467 -0.13057799637317655 0.73200729489326488 -0.047482103109359734 2.8130685091018681 -0.52172148227691639 2.2832190990448002 0.45624069869518286 -1.1976896524429319 -0.41882969439029688 0.82119813561439525 1.3070229887962344 0.38735149800777441 -0.69742432236671437 -0.4150202870368957 -0.82837805151939381 -1.6634678840637205 0.033946326933801181 -0.8663225769996642 -0.15934929996728894 -0.21655220538377759 2.2576968073844914 -0.047474030405282967 0.73319759964942943 0.3456332534551621 -0.42963191866874689 -0.30422385036945337 0.61806491017341625
decision_type=2 2 2 2 2 2 2 2 2 2 2 2 2 2 2 2 2 2 2 2 2 2 2 2 2 2 2 2 2 2 2 2 2 2 2 2 2 2 2
left_child=-1 2 27 4 5 6 9 11 -9 10 18 12 13 -8 29 16 -13 28 19 -4 -21 23 -23 30 26 -26 -20 -2 -18 -11 31 37 33 35 -35 -32 -37 -22 -15
right_child=1 -3 3 -5 -6 -7 7 8 -10 14 -12 15 -14 38 -16 -17 17 -19 24 20 21 22 -24 -25 25 -27 -28 -29 -30 -31 32 -33 -34 34 -36 36 -38 -39 -40
leaf_value=0.73268358707427983 -0.69757481644550967 0.6074828536808492 0.3893667361846096 0.60287535815011895 -0.8873038012048472 0.72425699333349869 0.56094492536324725 2.0086879605054855 -0.27257665773124801 -0.029295196356390843 1.1098807786032558 -0.32406677777568499 1.3363548755645753 -0.064784591413050333 -0.80071099519729616 -0.58047115944680716 0.26601243096013227 0.42987709431736559 -0.098819913080445049 -0.12574354488295278 0.17501109061287901 1.0474869424646551 -0.084204898344145893 0.33627499938632055 -0.55744619267406292 -0.15589299519069311 0.35104163587093357 -0.24066011519010724 -0.054252431380037949 -0.28456330872549301 -0.13466538579447107 0.52856101930141453 0.28057077129681907 -0.078227426556118751 0.39331302344799046 0.39754941913045272 -0.05667999377235388 -0.14173254157331858 -0.4522355774044991
leaf_weight=26 30 20 38 21 23 24 26 20 23 67 20 36 20 53 20 21 31 27 81 269 51 22 45 30 27 82 20 29 261 114 336 20 27 57 35 22 78 44 20
leaf_count=26 30 20 38 21 23 24 26 20 23 67 20 36 20 53 20 21 31 27 81 269 51 22 45 30 27 82 20 29 261 114 336 20 27 57 35 22 78 44 20
internal_value=1.67607e-09 -0.00869852 -0.0143776 -0.00155994 -0.00763322 0.00215509 -0.00632775 0.0828527 0.788477 -0.0382075 -0.00543339 0.0215561 0.242297 0.0212755 -0.250832 -0.0483062 -0.016826 0.017847 -0.0228059 -0.000432868 -0.0147305 0.0242036 0.287395 -0.000987592 -0.137228 -0.25536 -0.00973842 -0.47299 -0.0202517 -0.190072 -0.0160889 0.115309 -0.0433155 -0.0598779 0.101163 -0.093859 0.0432505 0.0283088 -0.170936
internal_weight=2216 2190 2170 2111 2090 2067 2043 538 43 1505 1304 495 119 99 201 376 355 319 1284 1074 1036 767 67 700 210 109 101 59 292 181 670 115 555 528 92 436 100 95 73
internal_count=2216 2190 2170 2111 2090 2067 2043 538 43 1505 1304 495 119 99 201 376 355 319 1284 1074 1036 767 67 700 210 109 101 59 292 181 670 115 555 528 92 436 100 95 73
is_linear=0
shrinkage=0.05


Tree=78
num_leaves=40
num_cat=0
split_feature=29 30 30 30 30 30 18 27 31 27 3 3 26 8 16 11 27 28 18 14 4 29 29 3 9 29 29 30 6 0 0 3 0 9 8 5 17 8 23
split_gain=5450.74 3957.62 5977.85 3394.83 6902.76 4629.57 3150.58 2151.54 2154.48 2146.26 1546.16 5752.09 2562.17 15523.5 1787.67 1577.57 1520.62 4828.33 1485.98 1325.8 1265.09 1591.32 1309.76 1175.39 1149.03 1068.25 2541.42 7200.67 1082.56 919.947 765.369 1464.81 722.904 685.401 1794.77 2354.21 1285.14 857.613 1180.83
threshold=3.2934920787811284 -0.95633739233016957 -0.81057617068290699 1.3463437557220461 1.0567454695701601 0.9120679795742036 -1.5910865664482114 -1.7440809607505796 2.9253710508346562 -1.9179521799087522 1.8135544657707217 1.6654188036918642 1.385194003582001 1.4510754346847536 1.9792343378067019 1.7405065298080447 -1.2386001944541929 -1.2250468134880064 1.757795035839081 0.97446539998054515 -1.0347204208374021 0.40936382114887243 -0.88827767968177784 1.14246541261673 -0.22797565907239911 -0.52172148227691639 -0.44785918295383448 0.13834507763385775 1.739593029022217 0.49434766173362737 -0.8233588933944701 0.17648304253816607 -0.66076958179473866 0.53685480356216442 0.37150499224662786 -0.52273520827293385 0.61687722802162182 0.099902346730232253 0.13657109439373019
decision_type=2 2 2 2 2 2 2 2 2 2 2 2 2 2 2 2 2 2 2 2 2 2 2 2 2 2 2 2 2 2 2 2 2 2 2 2 2 2 2
left_child=1 9 -3 4 5 6 -4 -8 10 -1 11 12 13 14 16 -14 -9 -18 -17 24 21 23 -22 30 -12 29 27 -27 33 -24 -19 -32 -23 34 37 -36 -35 38 -28
right_child=-2 2 3 -5 -6 -7 7 8 -10 -11 19 -13 15 -15 -16 18 17 20 -20 -21 22 32 25 -25 -26 26 28 -29 -30 -31 31 -33 -34 36 35 -37 -38 -39 -40
leaf_value=-0.76805323064327247 0.74942412922779722 0.75704222103724117 -0.47407252473963635 0.6267548805191403 -0.85522606273492185 0.68804410782953107 0.50130639345872974 -0.32530864364392054 0.49626874639874413 -0.17270577881576085 -0.2926574331087371 0.65399405405376898 -0.42805637041175815 1.1727617853454182 -0.46240216236222875 0.11248978811174469 0.64964303214635166 -0.0042926212001977299 -0.29394675818356603 -0.49952449876070021 0.38931793800809167 -0.57502627906699977 -0.045163875086499113 0.24264103206140653 0.019034064435339594 0.78633785988603322 0.014843054019545405 -0.36804142418232833 -0.22666182627664042 -0.33649890337139371 -0.58920839071273812 -0.096121444327176606 -0.16800587308127435 -0.2661322772258618 0.0087113914054793278 0.60474204053481428 0.025626184820489152 -0.11132704518162287 0.34113553329932922
leaf_weight=24 24 26 36 21 24 24 21 37 21 41 48 33 54 28 22 46 28 87 44 25 22 24 84 28 77 35 632 22 51 40 20 61 20 61 37 30 99 130 29
leaf_count=24 24 26 36 21 24 24 21 37 21 41 48 33 54 28 22 46 28 87 44 25 22 24 84 28 77 35 632 22 51 40 20 61 20 61 37 30 99 130 29
internal_value=4.18276e-11 -0.00820537 0.00353927 -0.00578537 -0.0121716 -0.00233049 -0.0104845 -0.00212321 -0.00747614 -0.392526 -0.01289 -6.48385e-05 -0.0122523 0.00563946 -0.014798 -0.214404 -0.00855364 -0.000943288 -0.0862125 -0.167134 -0.0129912 -0.118283 0.00687513 -0.057281 -0.100655 0.000144136 0.015483 0.340788 -0.00186251 -0.139143 -0.107268 -0.217871 -0.390017 0.00939954 0.0271163 0.275591 -0.0856067 0.00606982 0.0291585
internal_weight=2216 2192 2127 2101 2080 2056 2032 1996 1975 65 1954 1804 1771 1627 1599 144 1577 1540 90 150 1512 240 1272 196 125 1250 1126 57 1069 124 168 81 44 1018 858 67 160 791 661
internal_count=2216 2192 2127 2101 2080 2056 2032 1996 1975 65 1954 1804 1771 1627 1599 144 1577 1540 90 150 1512 240 1272 196 125 1250 1126 57 1069 124 168 81 44 1018 858 67 160 791 661
is_linear=0
shrinkage=0.05


Tree=79
num_leaves=40
num_cat=0
split_feature=27 15 12 29 13 29 6 30 31 28 7 16 16 24 13 5 31 29 17 4 2 13 30 30 29 8 0 3 12 12 9 4 4 29 30 33 3 17 20
split_gain=5849.34 5921.84 12715.6 9921.14 2604.98 3477.51 2228.12 3617.5 3331.15 2658.83 3237.88 3159.77 6938.4 2776.71 2721.43 1786.33 1453.19 1422.91 1382.54 1342.84 1307.69 1232.77 1021.56 2123.02 1005.05 4590.21 971.848 2330.93 945.553 3479.5 972.548 967.391 3273.93 1221.89 2860.16 1192.32 1847.63 2958.74 737.496
threshold=-2.1934885978698726 -1.3155183792114256 -1.2229315042495725 3.2934920787811284 -1.3370534777641294 0.32382850348949438 -0.13905031234025952 1.0098809599876406 2.7546710968017583 -1.2250468134880064 2.1604351997375493 1.9227706193923952 1.7381920218467715 1.5304850935935976 0.88261732459068309 1.4926189184188845 0.86960539221763622 1.1304740905761721 -1.4685845971107481 -0.97939488291740406 2.2576968073844914 -1.1782376766204832 0.28248156607151037 0.3456332534551621 -0.51274108886718739 0.22564029693603518 -0.8233588933944701 0.17648304253816607 -0.59154635667800892 -0.53883349895477284 -0.79221186041831959 0.16399881243705752 0.069945458322763457 0.23727176338434222 0.19822473824024203 -0.047485981136560433 -0.75367119908332814 0.36611448228359228 0.48825961351394659
decision_type=2 2 2 2 2 2 2 2 2 2 2 2 2 2 2 2 2 2 2 2 2 2 2 2 2 2 2 2 2 2 2 2 2 2 2 2 2 2 2
left_child=-1 3 -3 4 5 -2 7 8 9 -4 11 12 13 14 17 24 -16 19 21 22 28 -6 26 -24 25 -8 -11 -28 30 -30 -21 32 33 35 -35 36 -31 -38 -37
right_child=1 2 6 -5 18 -7 15 -9 -10 10 -12 -13 -14 -15 16 -17 -18 -19 -20 20 -22 -23 23 -25 -26 -27 27 -29 29 31 -32 -33 -34 34 -36 38 37 -39 -40
leaf_value=0.64125744653599615 -0.21183046466670929 1.2379373446816491 0.45997802492929624 -1.3087236552011401 -0.76931638171275463 0.52256493535306725 0.72574243530631066 0.54705703547506623 0.6432539322546551 -0.055044604827627901 0.51335544090097152 -0.44964703217148783 0.84387387993435059 0.40775204365582846 -0.16100629259490573 -0.50922487449646003 -0.58441214746236803 0.37125802016258241 -0.1290533867686294 0.032546715711868263 0.36575574863840038 -0.23780007019639016 0.48810405254009226 -0.086057265383609832 -0.10371530882769664 -0.23985928744077684 -0.74631440429016949 -0.15074151389948701 0.67235565951892307 -0.063549663327835709 -0.20978285508530067 -0.062257131941596724 0.67330628406433835 0.52579868049234957 -0.087876659746353447 -0.16795040902992089 0.70750684898633232 -0.021229515550658107 0.060608745485544208
leaf_weight=35 40 21 32 21 24 27 20 33 21 127 30 40 24 38 107 25 25 25 43 79 27 20 21 69 358 32 20 92 21 74 87 235 21 37 39 120 26 30 50
leaf_count=35 40 21 32 21 24 27 20 33 21 127 30 40 24 38 107 25 25 25 43 79 27 20 21 69 358 32 20 92 21 74 87 235 21 37 39 120 26 30 50
internal_value=1.72811e-10 -0.0102907 0.0140439 -0.289235 -0.150213 0.0841199 0.0010959 0.0291592 0.0178931 0.00911464 -0.000740302 -0.0114954 0.00107706 -0.0136873 -0.0257103 -0.0988997 -0.241197 -0.0020068 -0.330677 -0.0099486 0.0233846 -0.527718 -0.0956624 0.0479137 -0.0738798 0.131526 -0.149729 -0.257094 0.0120976 0.0391851 -0.0944573 0.0181462 0.06574 0.0318068 0.210886 -0.01356 0.100428 0.317112 -0.100727
internal_weight=2216 2181 2006 175 154 67 1985 1550 1517 1496 1464 1434 1394 1370 1332 435 132 1200 87 1175 846 44 329 90 410 52 239 112 819 653 166 632 397 376 76 300 130 56 170
internal_count=2216 2181 2006 175 154 67 1985 1550 1517 1496 1464 1434 1394 1370 1332 435 132 1200 87 1175 846 44 329 90 410 52 239 112 819 653 166 632 397 376 76 300 130 56 170
is_linear=0
shrinkage=0.05


Tree=80
num_leaves=40
num_cat=0
split_feature=29 30 30 30 30 30 18 4 14 10 13 9 9 5 33 27 0 31 29 27 29 33 20 3 3 6 22 33 3 31 3 3 2 3 22 21 33 21 15
split_gain=5664.16 3798.68 5413.05 2978.26 6612.94 4148.23 2894.29 2084.56 8294.31 20610.1 4026.73 9024.1 3812.43 3330.54 2251.8 2019.87 1476.09 3295.16 1266.56 2305.51 1313.45 1389.13 6424.46 1603.39 4434.76 1222.97 995.402 2595.84 961.486 956.099 936.82 909.855 971.301 1043.28 1287.22 4355.14 1282.09 866.562 1769.33
threshold=3.2934920787811284 -0.95633739233016957 -0.81057617068290699 1.3463437557220461 1.0567454695701601 0.9120679795742036 -1.5910865664482114 0.55250677466392528 1.4663060307502749 1.7403540611267092 0.97933045029640209 1.0898658037185671 -1.0740126967430113 2.5832682847976689 -0.047482103109359734 -1.9179521799087522 0.94580569863319408 0.83366858959198009 0.45624069869518286 -1.1976896524429319 0.38735149800777441 -0.047474030405282967 -0.10507600754499434 0.76351371407508861 1.8135544657707217 0.98318043351173412 -0.32428704202175135 -0.047476394101977341 -0.087405160069465623 -0.8663225769996642 0.2619194388389588 -0.1728415563702583 2.2576968073844914 -0.75367119908332814 0.68829804658889782 0.47067034244537359 -0.04748828895390033 0.83021616935729992 1.6533120274543764
decision_type=2 2 2 2 2 2 2 2 2 2 2 2 2 2 2 2 2 2 2 2 2 2 2 2 2 2 2 2 2 2 2 2 2 2 2 2 2 2 2
left_child=1 15 -3 4 5 6 -4 10 12 -10 11 18 -9 16 29 -1 17 25 19 -8 21 31 23 -23 -25 26 -14 -28 -20 -12 -30 32 33 -21 35 36 -35 -31 -39
right_child=-2 2 3 -5 -6 -7 7 8 9 -11 14 -13 13 -15 -16 -17 -18 -19 28 20 -22 22 -24 24 -26 -27 27 -29 30 37 -32 -33 -34 34 -36 -37 -38 38 -40
leaf_value=-0.74919023513793948 0.76395446310440707 0.72016613492025783 -0.45413191612395976 0.58673053298677713 -0.83687938898801806 0.65142006687819964 0.38677922712737012 0.62540211367607124 1.9255244889017196 -0.24775711745023729 -0.03457049498362328 1.0540668141841889 -0.11549808587878943 0.56551737381766243 -0.74364426314830778 -0.1716389589829416 -0.12532278784729065 0.60841097201531136 -0.052502350370271206 -0.078584425757073667 0.30535185202024878 -0.11113603900265052 0.90696364288980313 0.7672050004913693 -0.2603620926539103 -0.25904620046727361 3.8556408380036772e-05 0.61339743642703359 -0.57744417130947123 -0.52612272225893464 -0.16616812507311504 -0.1288828156878824 0.29827913840611781 0.35829362270111842 -0.18834557389724071 0.79966532588005068 -0.044093479654562159 0.0034248308259613664 -0.44474407300353058
leaf_weight=24 24 26 36 21 24 24 38 25 20 24 67 20 55 24 20 41 235 24 116 350 32 107 22 21 21 40 69 23 20 26 45 241 24 24 40 21 113 49 40
leaf_count=24 24 26 36 21 24 24 38 25 20 24 67 20 55 24 20 41 235 24 116 350 32 107 22 21 21 40 69 23 20 26 45 241 24 24 40 21 113 49 40
internal_value=-1.69394e-09 -0.00836447 0.00314191 -0.0057313 -0.0117129 -0.00208059 -0.00979911 -0.00178509 0.0822251 0.740098 -0.0328637 0.000484346 0.0237475 -0.00825535 -0.240051 -0.384889 -0.039131 0.0568646 -0.0165777 0.00440535 -0.00989603 -0.020148 0.109388 -0.00837487 0.253421 -0.0139221 0.0527783 0.153378 -0.138766 -0.184711 -0.292715 -0.0473936 -0.0130598 -0.0266951 0.0650284 0.129174 0.0263977 -0.272184 -0.197999
internal_weight=2216 2192 2127 2101 2080 2056 2032 1996 539 44 1457 1255 495 470 202 65 446 211 1235 1054 1016 984 171 149 42 187 147 92 181 182 65 813 572 548 198 158 137 115 89
internal_count=2216 2192 2127 2101 2080 2056 2032 1996 539 44 1457 1255 495 470 202 65 446 211 1235 1054 1016 984 171 149 42 187 147 92 181 182 65 813 572 548 198 158 137 115 89
is_linear=0
shrinkage=0.05


Tree=81
num_leaves=40
num_cat=0
split_feature=27 15 12 29 13 29 33 33 27 30 18 25 27 8 27 22 31 22 13 11 27 8 17 4 3 13 27 12 20 17 18 33 4 29 15 15 33 28 13
split_gain=5692.96 5504.23 11399.9 9591.41 2387.97 3130.35 2307.5 5683.41 11567.8 4820.89 2335.65 8983.31 1916.44 22397.2 3115.18 4687.29 2095.95 7810.55 2277.61 1883.41 1668.67 1547.46 1272.43 1243.02 1111.15 1099.02 977.169 1048.86 9062.41 940.387 1838.89 931.005 923.365 836.262 1305.12 2131.05 1932.59 4700.65 840.674
threshold=-2.1934885978698726 -1.3155183792114256 -1.2229315042495725 3.2934920787811284 -1.3370534777641294 0.32382850348949438 -0.047459915280342095 -0.047463884577155106 0.034452840685844428 1.0098809599876406 -1.0568026304244993 -1.1380925774574278 0.13492330908775332 1.3476914763450625 0.18121211230754855 0.38744238018989569 1.4993981122970583 0.65866887569427501 1.011401951313019 1.7909070849418642 -1.1536921858787534 0.96793350577354442 -1.4685845971107481 2.0690402984619145 0.70701545476913463 -1.1782376766204832 1.0399777889251711 -0.30952669680118555 -0.092555843293666826 0.60241582989692699 0.70724195241928112 -0.047471266239881509 0.12957405298948291 0.16813444346189502 0.26375301182270056 0.18927732855081561 -0.047476394101977341 -0.57690930366516102 -0.58716601133346547
decision_type=2 2 2 2 2 2 2 2 2 2 2 2 2 2 2 2 2 2 2 2 2 2 2 2 2 2 2 2 2 2 2 2 2 2 2 2 2 2 2
left_child=-1 3 -3 4 5 -2 7 9 -9 10 11 -4 16 14 15 -14 18 -18 20 24 -12 26 25 -8 -20 -6 27 28 32 -29 -31 33 -16 34 35 36 38 -38 -22
right_child=1 2 6 -5 22 -7 23 8 -10 -11 12 -13 13 -15 21 -17 17 -19 19 -21 31 -23 -24 -25 -26 -27 -28 29 -30 30 -32 -33 -34 -35 -36 -37 37 -39 -40
leaf_value=0.63262748795960633 -0.19881842855364085 1.1721550498689923 -0.094359175505116577 -1.2814851976576307 -0.73232010255257296 0.497956175715835 -0.10502124423162569 1.4764646432921291 0.057653942302453756 0.6186847579094672 -0.42935042436476112 1.1379583807041249 0.95912035405635843 1.6496443846396038 -0.10560462398719335 -0.11042219297516914 0.880250515460968 -0.33565449845045808 -0.28517200324532327 -0.042247245344635725 0.21110952022588916 -0.4165486963895651 -0.12174484896105389 -0.4413499830347119 -0.6713356878446497 -0.23046552002429965 -0.12710914066758405 -0.15198348170993004 1.0373176579890044 0.48677880555391317 -0.027958199336506312 -0.25381792081996452 0.26594903737306597 -0.11128482316032146 -0.098273117496234602 0.5645725645235784 -0.14904832279682159 0.83060260259856789 -0.049956427138125481
leaf_weight=35 40 21 50 21 24 27 164 20 51 31 27 21 20 21 102 21 25 28 98 77 36 26 43 33 23 20 159 110 23 20 131 43 20 163 157 21 25 24 215
leaf_count=35 40 21 50 21 24 27 164 20 51 31 27 21 20 21 102 21 25 28 98 77 36 26 43 33 23 20 159 110 23 20 131 43 20 163 157 21 25 24 215
internal_value=1.62358e-09 -0.0101522 0.0133087 -0.279081 -0.142389 0.0819713 0.00104882 0.0189429 0.457319 0.000815554 -0.010545 0.270129 -0.0228843 0.043225 -0.0101528 0.411306 -0.0677589 0.237886 -0.0855797 -0.235559 -0.0438134 -0.0393911 -0.315173 -0.161361 -0.358575 -0.504204 -0.0220352 0.0191145 0.126935 -0.0407859 0.0402189 -0.0285949 -0.0446942 -0.0134863 0.0198634 0.0776436 0.0435586 0.330781 -0.0125127
internal_weight=2216 2181 2006 175 154 67 1985 1788 71 1717 1686 71 1615 653 632 41 962 53 909 198 711 591 87 197 121 44 565 406 145 261 151 684 122 641 478 321 300 49 251
internal_count=2216 2181 2006 175 154 67 1985 1788 71 1717 1686 71 1615 653 632 41 962 53 909 198 711 591 87 197 121 44 565 406 145 261 151 684 122 641 478 321 300 49 251
is_linear=0
shrinkage=0.05


Tree=82
num_leaves=40
num_cat=0
split_feature=29 30 30 18 27 0 30 7 7 29 30 18 17 31 27 7 28 6 21 29 28 29 33 0 18 20 29 29 30 30 11 7 7 30 22 21 33 33 30
split_gain=5889.18 3723.36 6640.03 2880.35 2144.95 26666.3 16047.8 4976.17 4156.69 13154.2 4156.15 2665.97 7090.65 2067.85 1987.39 1469.07 1450.05 1076.56 1075.91 937.186 794.833 877.381 801.287 709.553 684.662 3552.47 856.942 1703.24 854.143 2450.21 2656.97 2945.43 2187.78 775.175 694.784 2094.24 720.787 728.023 670.359
threshold=3.2934920787811284 -0.88363802433013905 -0.7744469642639159 -1.5910865664482114 -0.58386245369911183 1.4892008900642397 0.75794383883476268 2.0837219953536992 -0.57883545756340016 -0.0043747618328779927 1.0567454695701601 1.8767962455749514 1.7536767125129702 2.7546710968017583 -1.9179521799087522 1.4905631542205813 -0.31295797228813166 2.872025847434998 0.8969155251979829 -0.18148659914731977 -0.98713001608848561 -0.11295622587203978 -0.047480942681431763 -0.16996102780103681 -0.74197369813919056 -0.70294493436813343 0.45624069869518286 0.38735149800777441 0.05640011094510556 0.15367031842470172 0.3163351714611054 1.0000000180025095e-35 -0.40624557435512537 0.20421768724918368 -0.62284919619560231 -0.48123708367347712 -0.047471266239881509 -0.047474229708313935 0.042605495080351836
decision_type=2 2 2 2 2 2 2 2 2 2 2 2 2 2 2 2 2 2 2 2 2 2 2 2 2 2 2 2 2 2 2 2 2 2 2 2 2 2 2
left_child=1 14 -3 -4 5 6 8 10 9 -5 11 12 13 15 -1 17 20 24 -18 -13 21 -10 23 -22 -6 -26 27 28 38 30 31 32 -30 -28 -31 -36 37 -37 -27
right_child=-2 2 3 4 7 -7 -8 -9 16 -11 -12 19 -14 -15 -16 -17 18 -19 -20 -21 22 -23 -24 -25 25 26 33 -29 29 34 -32 -33 -34 -35 35 36 -38 -39 -40
leaf_value=-0.73116187552611045 0.77898126890261965 0.79777187407016759 -0.43755867136152171 -0.18851981279358532 -0.092879847606691796 1.8835106372833252 1.3964541178941727 0.7589902007579804 -0.11679616844967794 1.1195024948246006 -0.61757347583770761 -0.62976354002952584 0.86074110334334175 -0.42152117307996378 -0.17763738821446895 -0.44074564278125766 -0.51102081134915356 0.33008119800816416 -0.075696044144305322 -0.21057092349976303 -0.0061009981143085859 -0.49485922533841364 -0.17510422739058229 0.32249509230256085 0.56767534221763971 -0.050231977717858325 -0.24083399701455277 0.36889141384632357 0.522715680926506 -0.31620447054505352 -0.11044764551851485 0.77678484607102538 -0.045204517652475559 -0.011953604519367219 0.48477106757462024 -0.027738347671280108 -0.18400556526710871 0.27646652804244137 -0.3475943687558174
leaf_weight=24 24 26 38 57 234 20 20 20 57 29 30 20 23 32 50 20 40 23 22 40 92 21 59 20 27 362 73 31 28 20 45 29 43 75 20 310 71 21 20
leaf_count=24 24 26 38 57 234 20 20 20 57 29 30 20 23 32 50 20 40 23 22 40 92 21 59 20 27 362 73 31 28 20 45 29 43 75 20 310 71 21 20
internal_value=1.56172e-09 -0.00852899 0.00365166 -0.00621791 0.00176211 0.100048 0.0145106 -0.0248001 -0.0551087 0.252557 -0.0346159 -0.0234552 -0.0104421 -0.0239443 -0.357159 -0.0151822 -0.140187 -0.00923862 -0.356551 -0.350302 -0.0863131 -0.218582 -0.0259798 0.0525769 -0.0147776 0.000776434 -0.0125566 0.00406248 -0.00760904 0.0302601 0.208613 0.35219 0.178764 -0.124847 -0.0282492 -0.014602 -0.0394465 -0.00843834 -0.0658007
internal_weight=2216 2192 2118 2092 2054 437 417 1617 397 86 1597 1567 1507 1484 74 1452 311 1432 62 60 249 78 171 112 1409 1175 1148 1000 969 587 145 100 71 148 442 422 402 331 382
internal_count=2216 2192 2118 2092 2054 437 417 1617 397 86 1597 1567 1507 1484 74 1452 311 1432 62 60 249 78 171 112 1409 1175 1148 1000 969 587 145 100 71 148 442 422 402 331 382
is_linear=0
shrinkage=0.05


Tree=83
num_leaves=40
num_cat=0
split_feature=27 18 29 7 30 18 25 33 31 6 3 17 16 16 16 7 12 13 27 20 18 6 21 29 4 30 3 29 4 27 27 18 17 29 29 9 21 15 33
split_gain=5488.6 5213.47 10610.7 9138.03 3335.91 2183.51 7703.57 2175.68 4505.84 2158.05 3154.83 1831.44 7075.21 2947.31 7076.76 1528.25 3329.84 1886.28 1476.82 1843.34 1267.83 1216.41 1180.36 1017.21 1321.56 1535.26 1012.32 952 909.988 863.587 759.573 718.952 4040.46 843.476 3365.63 710.54 570.502 1115.84 1460.22
threshold=-2.1934885978698726 -1.2136644124984739 3.2934920787811284 -1.1821424365043638 1.0098809599876406 -1.0568026304244993 -1.1199038624763487 -0.04742735251784324 0.0940888747572899 2.9755042791366582 2.5976400375366215 2.6455668210983281 2.2964339256286626 1.9792343378067019 1.840181350708008 1.5522703528404238 1.4253037571907046 1.6902587413787844 -0.47532317042350763 0.21227244287729266 -1.5464836359024046 2.1986874341964726 0.0089741712436079996 1.1304740905761721 -1.0347204208374021 0.30846130847930914 -0.2038466930389404 0.40936382114887243 -1.0322614908218382 -1.1536921858787534 -0.62518873810768116 -0.59442287683486927 -0.51040005683898915 -0.48707868158817286 -0.4286902099847793 -0.82169550657272328 -0.43617224693298334 -0.3743527084589004 -0.047477655112743371
decision_type=2 2 2 2 2 2 2 2 2 2 2 2 2 2 2 2 2 2 2 2 2 2 2 2 2 2 2 2 2 2 2 2 2 2 2 2 2 2 2
left_child=-1 2 7 -3 5 6 -5 20 -9 10 11 12 13 14 15 16 18 -17 19 22 -2 23 29 24 25 27 -22 -20 -26 -7 -21 35 -33 -34 -35 -30 -36 38 -38
right_child=1 3 -4 4 -6 9 -8 8 -10 -11 -12 -13 -14 -15 -16 17 -18 -19 21 30 26 -23 -24 -25 28 -27 -28 -29 31 -31 -32 32 33 34 36 -37 37 -39 -40
leaf_value=0.62116865579571046 -0.59780976399779318 1.080395935177803 -1.2766397465359081 -0.10220235152678057 0.49695228688857135 -0.36635987915630852 1.0437069359150799 0.59624726506216186 -0.24945489664872489 -0.34031410459048894 0.54277776703238489 -0.45530265517856772 0.86491880216028383 -0.60661778563544866 0.86043996551762469 -0.50413388609886167 0.51007865875959391 -0.02317017950910203 -0.16643590924258417 -0.57341550588607793 -0.083587911579954002 0.38038658432307698 0.18527571477177668 0.34148957786105932 0.3300487151877447 0.1149768753527579 -0.38894032365397407 -0.5355130744831903 0.010538396628490135 -0.069022488472580967 -0.20957820857875051 0.59165786718328794 -0.13837057806085795 0.55685745158365796 -0.22325310313275884 -0.22149854986068723 -0.030555082321166993 -0.010828569410313365 0.51545523479580879
leaf_weight=35 20 20 22 44 34 28 22 28 36 49 26 23 23 21 23 36 30 47 104 26 95 21 41 21 22 44 38 21 67 191 32 30 96 28 28 65 25 630 24
leaf_count=35 20 20 22 44 34 28 22 28 36 49 26 23 23 21 23 36 30 47 104 26 95 21 41 21 22 44 38 21 67 191 32 30 96 28 28 65 25 630 24
internal_value=6.58944e-10 -0.00996832 -0.230328 0.0171511 0.00608714 -0.00275259 0.279767 -0.12425 0.12054 -0.0129866 -0.0039403 -0.0120769 -0.00616381 -0.0179421 -0.0105837 -0.0226739 -0.0116473 -0.231781 -0.0217845 -0.1178 -0.226646 0.00312002 -0.0609426 -0.00345475 -0.00957285 -0.13903 -0.170831 -0.228441 0.0119821 -0.107038 -0.372678 0.00493535 0.0215936 0.00101371 0.019219 -0.103722 -0.0020736 0.0070472 0.236879
internal_weight=2216 2181 239 1942 1922 1888 66 217 64 1822 1773 1747 1724 1701 1680 1657 1574 83 1544 318 153 1226 260 1205 1184 169 133 125 1015 219 58 993 861 831 735 132 707 679 49
internal_count=2216 2181 239 1942 1922 1888 66 217 64 1822 1773 1747 1724 1701 1680 1657 1574 83 1544 318 153 1226 260 1205 1184 169 133 125 1015 219 58 993 861 831 735 132 707 679 49
is_linear=0
shrinkage=0.05


Tree=84
num_leaves=40
num_cat=0
split_feature=29 30 30 18 29 30 27 28 29 13 14 12 23 3 5 27 0 15 30 5 27 6 6 19 18 19 21 17 15 33 33 15 29 15 15 15 21 21 28
split_gain=6133.87 3448.11 5971.5 2752.27 2283.56 7663.6 2841.24 2319.36 16732.7 2269.87 18707.6 3189.33 13736.4 3488.1 2916.56 1933.44 1620.23 1589.65 1485.68 834.633 800.363 749.79 911.175 819.234 757.65 3432.48 690.227 920.912 941.913 2950.73 6332.48 1181.61 1084.43 966.578 1297.87 3069.24 1062.6 1508.73 1056.21
threshold=3.2934920787811284 -0.88363802433013905 -0.7744469642639159 -1.5910865664482114 0.79209810495376598 1.0098809599876406 0.4204875528812409 -1.2250468134880064 -0.085064455866813646 1.5881919264793398 1.4663060307502749 1.1007702946662905 1.0408725142478945 2.5976400375366215 0.30262109637260443 -1.9179521799087522 -0.0066562783904373637 1.8295560479164126 0.65969780087471019 2.856203675270081 -0.76310309767723072 2.7452282905578618 1.3081901073455813 0.22916152328252795 -0.59442287683486927 -0.56351080536842335 -0.55546247959136952 -0.44081726670265192 -0.096796888858079896 -0.047476824373006814 -0.047472350299358361 -0.14836528897285459 -0.2475645914673805 0.032859392464160926 0.2545489519834519 0.20969139039516452 0.10278645157814027 -0.062645299360156045 -0.091142848134040819
decision_type=2 2 2 2 2 2 2 2 2 2 2 2 2 2 2 2 2 2 2 2 2 2 2 2 2 2 2 2 2 2 2 2 2 2 2 2 2 2 2
left_child=1 15 -3 -4 5 7 18 8 -5 10 11 12 13 17 -13 -1 -8 19 -6 21 -11 22 24 -24 -9 -26 -27 -28 29 31 -31 -29 -32 -30 35 36 37 -35 -36
right_child=-2 2 3 4 6 -7 16 9 -10 20 -12 14 -14 -15 -16 -17 -18 -19 -20 -21 -22 -23 23 -25 25 26 27 28 33 30 32 -33 -34 34 38 -37 -38 -39 -40
leaf_value=-0.71309230526288347 0.79499995162089665 0.7561002784050429 -0.4279832785238365 -0.12022586643476696 -0.2549508744749156 0.85133578821464817 -0.14923589144434249 -0.07695465568412832 1.5249974279105665 -0.03531833996667582 1.4210665482541789 -0.12009224662971166 1.3047284254431726 0.54941033301530062 -0.72148801918540695 -0.16713215359300376 0.43999343872070312 -0.41150436355517467 -0.74111792932857168 -0.33021897588457383 -0.3303301787384274 0.21931806561701439 -0.3652924776077271 0.0052331916414774388 0.65918209761381152 0.2428895974797862 -0.20224278350842409 -0.096844662753726121 -0.17719243284638808 1.0830673783307982 -0.21723038632245292 0.24569861857641129 0.2326258799514255 -0.072973347372478917 -0.38344983336600391 0.52604133424659572 -0.15435719826611982 0.41639413578169687 -0.028655238404452901
leaf_weight=24 24 26 38 68 55 27 28 324 20 34 23 72 20 27 28 50 20 26 22 21 71 34 35 26 20 28 58 134 92 21 21 31 37 36 22 36 58 28 451
leaf_count=24 24 26 38 68 55 27 28 324 20 34 23 72 20 27 28 50 20 26 22 21 71 34 35 26 20 28 58 134 92 21 21 31 37 36 22 36 58 28 451
internal_value=2.29111e-10 -0.00870438 0.00301739 -0.00634215 0.00145841 0.0148788 -0.205645 0.00300481 0.253689 -0.00915625 0.00470733 -0.0146143 0.00265359 -0.0139757 -0.288483 -0.3442 0.0962763 -0.0238597 -0.393856 -0.0171982 -0.234803 -0.0127925 -0.0182052 -0.207364 -0.00994558 0.0102883 -0.00203638 -0.00872705 0.0028799 0.0878246 0.339111 -0.032488 0.0697469 -0.0257875 -0.00371259 0.120359 0.000649818 0.141125 -0.0451573
internal_weight=2216 2192 2118 2092 2054 1929 125 1902 88 1814 1709 1686 1586 1566 100 74 48 1539 77 1513 105 1492 1458 61 1397 1073 1053 1025 967 244 79 165 58 723 631 158 122 64 473
internal_count=2216 2192 2118 2092 2054 1929 125 1902 88 1814 1709 1686 1586 1566 100 74 48 1539 77 1513 105 1492 1458 61 1397 1073 1053 1025 967 244 79 165 58 723 631 158 122 64 473
is_linear=0
shrinkage=0.05


Tree=85
num_leaves=40
num_cat=0
split_feature=29 30 30 30 30 30 20 14 13 8 8 3 27 27 28 28 5 4 9 11 18 27 6 24 27 27 29 3 4 30 0 15 29 29 14 29 29 2 30
split_gain=5535.82 3111.92 5389.28 2574.7 7085.44 3504.81 2891.26 1919.35 14599.6 3551.72 2441.71 3063.77 1744.93 1720.9 1497.3 8633.59 1514.58 1099.63 1093.79 1077.69 1258.29 701.462 983.081 806.991 794.494 1939.46 1335.05 3513.18 1013.02 1127.35 867.802 681.815 651.863 2952.58 1460.13 715.152 2781.66 716.139 639.462
threshold=3.2934920787811284 -0.88363802433013905 -0.7744469642639159 1.3463437557220461 1.0567454695701601 0.9120679795742036 -1.6137911677360532 1.5510139465332033 1.4338148832321169 1.4510754346847536 1.1794789433479311 2.6286451816558842 -1.9179521799087522 -1.7440809607505796 -1.2388885617256162 -1.197591185569763 3.0898362398147587 -0.40523913502693171 -1.2198464870452879 1.7405065298080447 1.757795035839081 -0.46763706207275385 2.872025847434998 0.93824729323387157 1.0000000180025095e-35 -0.020698061212897297 -0.44785918295383448 0.47482140362262731 -1.0371792912483213 0.11389412730932237 -0.85877436399459828 1.0725123882293703 0.42881171405315405 0.49154929816722875 -0.67313215136528004 0.24387346208095553 0.20255824923515323 2.2576968073844914 -0.29523576796054835
decision_type=2 2 2 2 2 2 2 2 2 2 2 2 2 2 2 2 2 2 2 2 2 2 2 2 2 2 2 2 2 2 2 2 2 2 2 2 2 2 2
left_child=1 12 -3 4 5 6 -4 8 9 10 11 13 -1 -8 -15 -16 18 -12 -17 -9 31 23 24 -20 25 26 27 -23 29 30 -26 -21 35 -34 -35 36 37 -30 -28
right_child=-2 2 3 -5 -6 -7 7 19 -10 -11 17 -13 -14 14 15 16 -18 -19 21 20 -22 22 -24 -25 28 -27 38 -29 32 -31 -32 -33 33 34 -36 -37 -38 -39 -40
leaf_value=-0.67743769784768426 0.75524994730949402 0.7182952520939021 -0.51327751167118552 0.54482438280468892 -0.86572616100311284 0.59907283820211887 0.41104934824009737 -0.4710307821631432 1.2363052395482859 0.6125600965774578 -0.13146496221423151 0.61295459866523749 -0.15877554910350591 -0.26281360675722865 1.000886501123508 -0.30347803160548215 -0.45183631598949436 -0.57572804781106812 -0.053476275661678035 -0.089118983311158029 -0.30090064504679215 -0.036203484905835907 0.30685172069955757 -0.3741991412071955 -0.065378092726071688 0.54109599754214288 0.22464619649367201 0.75400512787428775 -0.041699638983714593 -0.0077048015555944947 -0.46982055155353414 0.28533000260591507 0.65772227302193642 0.29345581916899516 -0.12592243433560002 -0.16175457990569314 0.50130150994429223 0.23799544597665467 -0.03030800152265474
leaf_weight=24 24 26 28 21 24 24 24 27 24 23 30 20 50 59 21 32 20 26 297 31 47 39 27 21 21 20 27 22 493 58 36 20 20 29 73 82 26 24 276
leaf_count=24 24 26 28 21 24 24 24 27 24 23 30 20 50 59 21 32 20 26 297 31 47 39 27 21 21 20 27 22 493 58 36 20 20 29 73 82 26 24 276
internal_value=-5.69547e-10 -0.00826916 0.00286652 -0.00602505 -0.0116107 -0.00159662 -0.0087227 -0.00164123 0.0110385 -0.0048913 -0.0126814 -0.00237993 -0.32699 -0.0094244 -0.0152813 -0.00650457 -0.0193805 -0.33773 -0.0140514 -0.19133 -0.11427 -0.00823017 0.00836326 -0.0746561 0.00189521 0.0617149 0.0353753 0.24879 -0.024753 -0.162899 -0.320815 0.0577238 -0.0034856 0.102232 -0.00668744 -0.0241217 -0.00333737 -0.0287157 -0.00758931
internal_weight=2216 2192 2118 2092 2071 2047 2023 1995 1870 1846 1823 1767 74 1747 1723 1664 1643 56 1623 125 98 1591 1273 318 1246 384 364 61 862 115 57 51 747 122 102 625 543 517 303
internal_count=2216 2192 2118 2092 2071 2047 2023 1995 1870 1846 1823 1767 74 1747 1723 1664 1643 56 1623 125 98 1591 1273 318 1246 384 364 61 862 115 57 51 747 122 102 625 543 517 303
is_linear=0
shrinkage=0.05


Tree=86
num_leaves=40
num_cat=0
split_feature=30 29 22 33 33 27 30 23 5 5 26 8 28 7 8 15 4 6 5 11 5 7 33 27 6 30 28 7 29 26 21 22 29 16 18 9 22 21 19
split_gain=5657.27 3261.19 4466.6 2702.85 4929.98 10427.6 4050.24 1966.67 1790.04 7299.4 2623.54 15582.7 1426.53 6116.58 1248.78 1087.36 1048.19 1018 927.19 1084.15 810.94 838.895 790.044 788.789 740.225 744.287 827.896 769.735 1658.92 2934.1 1326.1 1884.86 1151.3 2197.96 4093.23 768.478 762.571 705.512 645.896
threshold=-2.4608415365219112 1.3590816259384157 -1.6769025325775144 -0.047459915280342095 -0.047463884577155106 1.0000000180025095e-35 1.0098809599876406 -1.0026875138282774 0.93583095073699962 0.700014889240265 1.385194003582001 1.4510754346847536 -1.2250468134880064 -0.57883545756340016 1.1794789433479311 0.72099879384040844 2.0844084024429326 2.7452282905578618 -0.16027715057134626 1.7909070849418642 1.2699037194252016 0.73658686876297008 -0.047461947426199906 -0.37592837214469904 1.19159471988678 -0.42359459400176996 -1.0515289902687071 -0.35899424552917475 0.45624069869518286 -0.29286170005798334 1.0000000180025095e-35 -0.30062720179557795 0.048317316919565208 -0.50446477532386769 -0.66343528032302845 -0.060960460454225533 -0.23074675351381299 0.28048263490200048 0.096158672124147429
decision_type=2 2 2 2 2 2 2 2 2 2 2 2 2 2 2 2 2 2 2 2 2 2 2 2 2 2 2 2 2 2 2 2 2 2 2 2 2 2 2
left_child=-1 2 -2 4 6 -6 8 -3 9 10 11 12 13 -4 17 20 38 24 19 23 -10 -22 -7 -12 25 -14 -27 28 29 30 31 32 33 34 -28 -29 -30 -26 -5
right_child=1 7 3 16 5 22 -8 -9 15 -11 18 -13 14 -15 -16 -17 -18 -19 -20 -21 21 -23 -24 -25 37 26 27 35 36 -31 -32 -33 -34 -35 -36 -37 -38 -39 -40
leaf_value=0.73320256196535549 0.64079862075547389 -0.14408326446054839 0.90106497451663015 -0.15049818112938243 1.2987486116264177 -0.1372805001634744 0.54705995962475285 -0.71934845199187603 -0.3315051215666312 0.69859773041428752 -0.53856342956423764 1.198121384917586 -0.17497800353585799 -0.32071073958206747 -0.32791677821766246 -0.37378425006147314 -0.45439162072367395 0.33753592399880294 -0.50128990734616918 -0.01967201281989378 -0.096625461826076758 0.26682846933603288 0.24948490994132083 -0.15105262849287227 -0.41441890347101124 -0.2078486807139901 0.081142305131150616 -0.10807914340016832 -0.0021905931307280315 0.62227865777633806 -0.25792286720264845 0.52156817007064826 -0.10760414907426546 -0.1934880884597078 0.89583387871583309 0.0066661467182346145 -0.31577127801649496 -0.030703764379024508 0.096816210150718687
leaf_weight=26 27 39 20 220 23 31 33 24 27 37 24 27 68 21 33 46 26 20 24 63 77 20 23 29 23 48 58 199 47 27 27 25 66 32 21 547 33 25 30
leaf_count=26 27 39 20 220 23 31 33 24 27 37 24 27 68 21 33 46 26 20 24 63 77 20 23 29 23 48 58 199 47 27 27 25 66 32 21 547 33 25 30
internal_value=-1.02726e-09 -0.00870469 0.00179612 -0.00641963 0.0156459 0.407191 -0.00161168 -0.363232 -0.0121754 0.00477961 -0.0122551 0.00885732 -0.0151055 0.275277 -0.0242707 -0.166166 -0.152244 -0.0163558 -0.218402 -0.159874 -0.089147 -0.0216865 0.0274529 -0.326529 -0.0220362 -0.0143221 -0.00465436 0.0043598 0.0671984 0.129305 0.0711815 0.115171 0.0577699 0.1561 0.297706 -0.0239429 -0.131543 -0.214567 -0.12082
internal_weight=2216 2190 2127 2100 1824 77 1747 63 1714 1544 1507 1367 1340 41 1299 170 276 1266 140 116 124 97 54 53 1246 1198 1130 1082 336 256 229 202 177 111 79 746 80 48 250
internal_count=2216 2190 2127 2100 1824 77 1747 63 1714 1544 1507 1367 1340 41 1299 170 276 1266 140 116 124 97 54 53 1246 1198 1130 1082 336 256 229 202 177 111 79 746 80 48 250
is_linear=0
shrinkage=0.05


Tree=87
num_leaves=40
num_cat=0
split_feature=28 9 16 3 31 29 15 30 24 23 23 30 0 14 11 28 27 12 13 11 3 27 18 26 30 0 6 2 5 5 5 30 30 27 27 26 3 16 28
split_gain=5463.39 16869.9 7008.47 2488.47 39334.7 63513.4 8527.3 4318.75 4825.35 3956.57 9962.66 3642.7 2440.7 2275.23 2120.1 1887.8 1764 1516.72 1703.01 1674.69 919.278 1658.76 863.225 1013.48 862.938 1180.2 1058.68 992.291 979.799 976.396 1033.54 737.629 2099.09 951.923 1590.37 4288.99 1857.21 1840.74 2102.49
threshold=-1.5452485680580137 -0.67128363251686085 -1.5581622719764707 -0.27481402456760401 -0.57379686832427967 -0.0043747618328779927 1.8629074692726137 1.0098809599876406 1.5304850935935976 0.89250150322914135 0.82500630617141735 1.0098809599876406 2.798500776290894 -1.3821143507957456 -1.2531625032424925 -1.399449288845062 -2.3019390106201167 -1.2084381580352781 1.374600410461426 1.7405065298080447 0.34597781300544744 -0.54561036825180043 0.96812066435813915 0.45099233090877539 -0.34459145367145533 0.89286133646965038 1.0254462957382204 2.2576968073844914 0.88779434561729442 0.16833692789077762 -0.092589199542999254 0.31340506672859197 0.28248156607151037 -0.48385247588157648 -0.032259343191981309 -0.71250838041305531 0.042127428576350219 -0.13545396178960797 -0.018958125263452526
decision_type=2 2 2 2 2 2 2 2 2 2 2 2 2 2 2 2 2 2 2 2 2 2 2 2 2 2 2 2 2 2 2 2 2 2 2 2 2 2 2
left_child=1 -1 13 11 5 -5 7 8 9 10 12 15 14 16 -6 -4 -2 -17 24 -20 -11 -22 31 -24 -19 26 27 28 29 30 -26 32 33 -16 35 -35 -36 -37 -39
right_child=2 -3 3 4 6 -7 -8 -9 -10 20 -12 -13 -14 -15 22 17 -18 18 19 -21 21 -23 23 -25 25 -27 -28 -29 -30 -31 -32 -33 -34 34 36 37 -38 38 -40
leaf_value=1.6276732376217844 -0.66549947602408277 -0.32058896470069886 0.44979780049994589 -0.20940912135411055 -0.52774650916457178 3.605712994337082 0.72662557383116921 -0.76488488137722022 0.63614821312604131 -0.11035254753154258 1.0937569707632064 -0.66725601482650509 -0.53338458687067036 -0.96139288961887359 -0.14739553815520862 -0.29880950798590983 -0.049369642195793303 -0.1397258120775223 -0.50534133808953419 -0.06445208480581642 -0.77936249203406849 -0.23782072730602755 0.47081982791423799 0.0047993382705109463 -0.0077816403146340127 0.38858792101964357 -0.21008537382419623 0.27134712239106501 0.33934470706042791 -0.31413915830850603 0.31956177592277529 -0.11560365348092971 0.48703302246603103 0.80937828218395058 0.26123775016607309 -0.24488720368180009 -0.10864494706924797 0.61879100412130361 -0.057585539147947673
leaf_weight=20 21 25 20 24 20 20 38 20 27 23 20 23 24 20 102 54 26 110 35 56 26 31 20 28 680 20 56 36 21 25 25 155 22 22 41 36 197 20 27
leaf_count=20 21 25 20 24 20 20 38 20 27 23 20 23 24 20 102 54 26 110 35 56 26 31 20 28 680 20 56 36 21 25 25 155 22 22 41 36 197 20 27
internal_value=-1.22207e-09 0.545305 -0.011303 0.00472824 0.0650638 1.52474 -0.00637735 -0.0387282 -0.0214594 -0.0432719 -0.00687921 -0.0442782 -0.0377094 -0.514731 -0.0204685 -0.0316873 -0.324662 -0.0403006 -0.0271808 -0.234025 -0.377175 -0.48484 -0.00532585 0.198975 -0.00783564 0.00897539 -3.08371e-05 0.0149159 0.00262355 -0.00706295 0.00382628 -0.0210918 0.0102772 -0.0132927 0.0265863 0.18868 -0.0449257 0.0241575 0.230234
internal_weight=2216 45 2171 2104 943 44 899 861 841 814 734 1161 714 67 690 1138 47 1118 1064 91 80 57 670 48 973 863 843 787 751 730 705 622 467 445 343 105 238 83 47
internal_count=2216 45 2171 2104 943 44 899 861 841 814 734 1161 714 67 690 1138 47 1118 1064 91 80 57 670 48 973 863 843 787 751 730 705 622 467 445 343 105 238 83 47
is_linear=0
shrinkage=0.05


Tree=88
num_leaves=40
num_cat=0
split_feature=30 6 28 30 30 30 4 26 5 23 23 0 9 21 19 19 15 7 21 24 27 7 30 33 15 15 16 23 12 33 14 3 20 21 3 3 28 16 11
split_gain=5416.05 2976.85 4381.02 2340.04 5578.13 3118.55 1954.11 7634.58 31633.5 3411.08 9157.75 3232.49 1853 1746.11 1508.55 6425.12 1494.55 1546.31 7671.22 3316.7 1356.61 1219.64 1306.35 1182.4 1048.34 1171.5 977.861 931.893 2389.67 1283.18 899.949 957.237 715.326 1127.79 700.09 1035 2280.31 4618.71 869.822
threshold=-2.4608415365219112 4.711318016052247 -1.449693977832794 1.3463437557220461 1.0567454695701601 0.9120679795742036 0.55250677466392528 0.9546494483947755 0.09737375378608705 1.1383608579635622 1.0408725142478945 2.798500776290894 -1.0603730678558347 -1.6335124373435972 0.20737794041633609 0.31333126127719885 1.8295560479164126 -0.66309869289398182 -0.95100951194763172 -0.70586934685707081 -1.0741553902626035 -0.5446835160255431 0.12251437827944757 -0.047484617680311196 1.8295560479164126 1.0349448323249819 0.11696172505617143 -0.39302773773670191 -0.36445645987987513 -0.047474030405282967 -0.69742432236671437 1.14246541261673 -0.29294894635677332 -0.19473021477460858 -0.1728415563702583 -0.61173656582832325 0.76957467198371898 0.30837866663932806 0.0121090654283762
decision_type=2 2 2 2 2 2 2 2 2 2 2 2 2 2 2 2 2 2 2 2 2 2 2 2 2 2 2 2 2 2 2 2 2 2 2 2 2 2 2
left_child=-1 2 13 4 5 6 9 11 -9 10 16 12 -8 -2 26 -16 17 30 -19 -20 -21 22 -22 24 25 -11 32 -23 -29 34 31 -4 -14 -34 35 -30 37 38 -37
right_child=1 -3 3 -5 -6 -7 7 8 -10 23 -12 -13 14 -15 15 -17 -18 18 19 20 21 27 -24 -25 -26 -27 -28 28 29 -31 -32 -33 33 -35 -36 36 -38 -39 -40
leaf_value=0.71740074524512654 -0.80343084260821351 0.59869643658399585 -0.099024717131850085 0.52372902291161683 -0.79867697141387251 0.56835334931189818 0.37021005219883391 -0.19395888063810626 1.8836761706109559 -0.27329560465046338 0.95930462658094862 -0.60847994600023547 -0.12995945713037382 -0.24563053274091257 0.92737413197755814 -0.0071994002497868265 -0.44466467830463358 0.96056940500580135 0.48567648380994799 -0.41269146434285431 -0.012563004441883253 -0.16623632885237163 0.53996674716472626 -0.55702520917963105 -0.42616724028119024 0.082137623124501929 -0.35934310993500829 0.51754904644829891 -0.046514463243832772 0.29541248142719273 -0.32186943166889254 0.23489534356023956 0.36034877730695453 -0.049603759857916069 -0.1084603565211151 -0.19482515830870556 -0.17860534984517742 0.90416418429442946 0.24493538723750549
leaf_weight=26 20 20 321 21 22 24 36 53 28 49 24 21 115 47 21 148 21 21 33 22 23 107 20 27 35 44 29 21 301 30 42 23 23 62 232 23 37 22 22
leaf_count=26 20 20 321 21 22 24 36 53 28 49 24 21 115 47 21 148 21 21 33 22 23 107 20 27 35 44 29 21 301 30 42 23 23 62 232 23 37 22 22
internal_value=-1.5186e-09 -0.00851709 -0.0141135 -0.00143276 -0.00672978 0.00172791 -0.00495137 0.076993 0.524236 -0.0342328 -0.00863664 -0.00262609 0.0266894 -0.412138 -0.0043828 0.108931 -0.0262222 -0.0194628 0.0159751 -0.00623822 -0.025114 -0.0149389 0.244428 -0.256342 -0.192916 -0.105134 -0.0880074 -0.0289676 -0.0076191 -0.0241536 -0.103375 -0.0766987 -0.0486637 0.0613246 -0.0392038 0.000469038 0.13645 0.310436 0.0201689
internal_weight=2216 2190 2170 2103 2082 2060 2036 536 81 1500 1345 455 434 67 398 169 1321 1300 914 893 860 838 43 155 128 93 229 795 688 667 386 344 200 85 637 405 104 67 45
internal_count=2216 2190 2170 2103 2082 2060 2036 536 81 1500 1345 455 434 67 398 169 1321 1300 914 893 860 838 43 155 128 93 229 795 688 667 386 344 200 85 637 405 104 67 45
is_linear=0
shrinkage=0.05


Tree=89
num_leaves=40
num_cat=0
split_feature=27 18 29 7 30 33 31 28 26 14 12 23 4 5 12 27 10 3 29 8 3 6 6 28 15 18 25 25 20 4 30 15 15 16 29 20 16 23 30
split_gain=5237.43 4793.53 10786.8 8274.36 3041.05 2210.64 3931.11 2113.82 1859.84 11901.9 2982.86 11730.5 3047.73 2594.91 1208.44 1161.53 1050.29 1007.03 905.865 840.103 861.898 832.335 2272.38 633.032 670.662 609.885 3149.85 734.294 1541.28 612.987 1022.43 987.162 2919.9 1150.58 1632.36 4449.6 1494.31 976.345 946.937
threshold=-2.1934885978698726 -1.2136644124984739 3.2934920787811284 -1.1821424365043638 1.0098809599876406 -0.04742735251784324 0.0940888747572899 -1.2250468134880064 1.6671715974807741 1.4663060307502749 1.1007702946662905 1.0408725142478945 2.1403487920761113 0.30262109637260443 0.88168898224830639 -1.9179521799087522 -1.0846204757690427 -0.2038466930389404 1.1304740905761721 1.8979430794715884 -0.82257151603698719 3.2509608268737797 2.3458890914916997 1.1692005991935732 0.53553313016891491 -0.65026244521141041 -0.6484004259109496 -0.58439117670059193 -0.56072029471397389 -0.95480579137802113 0.28248156607151037 0.27601341903209692 0.20969139039516452 0.099900886416435256 -0.44785918295383448 -0.19615168869495389 0.059406541287899024 -0.26752480864524836 0.39260098338127142
decision_type=2 2 2 2 2 2 2 2 2 2 2 2 2 2 2 2 2 2 2 2 2 2 2 2 2 2 2 2 2 2 2 2 2 2 2 2 2 2 2
left_child=-1 2 5 -3 7 15 -7 -5 9 10 11 12 14 -12 16 -2 -9 -17 21 -10 -21 22 25 24 -16 -18 -27 -28 -29 30 37 32 33 34 35 -31 -36 -30 -32
right_child=1 3 -4 4 -6 6 -8 8 19 -11 13 -13 -14 -15 23 17 18 -19 -20 20 -22 -23 -24 -25 -26 26 27 28 29 31 38 -33 -34 -35 36 -37 -38 -39 -40
leaf_value=0.60678956843912601 -0.55347073972225191 1.0280190452933311 -1.2759977519512178 0.37149973715076579 0.47440802095567486 0.57700232246092387 -0.21292561661038134 -0.34856836821721948 -0.39895998565480117 0.97261844700382616 -0.1220661743854483 1.2038929909467697 0.5988118423521519 -0.68933086991310122 -0.32675548063760457 -0.078764998277207621 -0.086349258786668215 -0.39499324573313488 0.3261416403949261 0.14519534673203122 -0.25418809956737926 -0.26897892769305937 0.48588447285735087 -0.46747053645551206 0.059391561409701477 0.57931472148908225 -0.26004014292667649 0.41911134187664301 -0.34527823456252615 -0.088829363435506833 0.33566188203251879 -0.05207089166879765 0.47479968315701149 -0.15353409563016612 -0.019535069750767745 0.83553689925566976 0.40836945717984979 -0.074258097092172612 -0.058718068169222939
leaf_weight=35 22 20 22 37 34 28 36 23 40 31 72 20 20 28 22 97 248 34 20 22 35 31 23 20 23 23 29 21 48 30 23 402 38 80 281 23 22 108 45
leaf_count=35 22 20 22 37 34 28 36 23 40 31 72 20 20 28 22 97 248 34 20 22 35 31 23 20 23 23 29 21 48 30 23 402 38 80 281 23 22 108 45
internal_value=2.26861e-09 -0.00973757 -0.221036 0.0162667 0.00573857 -0.114081 0.132668 -0.00270145 -0.0101814 0.00160482 -0.0158655 0.000464392 -0.0145503 -0.2809 -0.0222997 -0.217296 -0.0132598 -0.16084 -0.0081012 -0.223306 -0.10004 -0.0126333 -0.00713004 -0.233416 -0.129391 -0.0151099 -4.81703e-05 -0.0116354 -0.00520926 -0.0133099 -0.087122 0.00556439 0.0544449 0.0178085 0.0563125 0.312311 0.0115339 -0.157649 0.0746752
internal_weight=2216 2181 239 1942 1922 217 64 1888 1851 1754 1723 1623 1603 100 1583 153 1518 131 1495 97 57 1475 1444 65 45 1421 1173 1150 1121 1100 224 876 474 436 356 53 303 156 68
internal_count=2216 2181 239 1942 1922 217 64 1888 1851 1754 1723 1623 1603 100 1583 153 1518 131 1495 97 57 1475 1444 65 45 1421 1173 1150 1121 1100 224 876 474 436 356 53 303 156 68
is_linear=0
shrinkage=0.05


Tree=90
num_leaves=40
num_cat=0
split_feature=29 21 19 16 18 30 6 5 30 30 30 16 33 6 24 12 5 30 29 33 9 8 7 29 7 28 27 7 5 33 16 25 7 9 15 2 5 8 26
split_gain=5735.44 3378.83 6907.93 2490.34 6847.4 4968.28 2081.24 3052.26 1839.61 1664.4 8467.59 6458.01 17816.9 2937.29 1798.5 1731.68 1684.78 1372.46 1892.6 1030.05 953.13 1032.34 972.593 902.723 852.875 946.612 914.017 778.616 778.565 756.565 717.91 2322.98 730.318 1060.48 707.661 633.22 2154.01 1375.75 3987.75
threshold=3.2934920787811284 -1.6710991859436033 -1.5992504954338072 -1.043636620044708 -1.0568026304244993 1.0098809599876406 2.9755042791366582 3.179359078407288 0.86204820871353161 0.19448923319578174 0.18135225027799609 1.840181350708008 -0.047485608607530587 1.9975603222846987 0.85250473022460949 0.93859082460403453 -0.16027715057134626 0.11983910948038103 -0.41597388684749598 -0.047335436567664139 -0.7334308624267577 -1.1999563574790952 -1.1298979520797727 0.7793947458267213 -0.47793024778366083 0.3113053441047669 -0.27808374166488642 -1.2210434079170225 -0.41137760877609247 -0.047483431175351136 -0.60225436091423024 -0.53781428933143605 0.4650395959615708 0.46836832165718084 0.91597193479537975 1.0000000180025095e-35 0.82119813561439525 -0.60875913500785817 -0.77810052037239064
decision_type=2 2 2 2 2 2 2 2 2 2 2 2 2 2 2 2 2 2 2 2 2 2 2 2 2 2 2 2 2 2 2 2 2 2 2 2 2 2 2
left_child=1 19 -3 8 -5 6 7 9 20 10 11 13 -13 14 17 23 34 35 -19 -1 21 27 -23 30 -20 26 -26 -4 -16 -18 -11 -32 -33 -34 -17 -6 37 38 -37
right_child=-2 2 3 4 5 -7 -8 -9 -10 15 -12 12 -14 -15 28 16 29 18 24 -21 -22 22 -24 -25 25 -27 -28 -29 -30 -31 31 32 33 -35 -36 36 -38 -39 -40
leaf_value=-0.68635833344676289 0.76874670286973323 0.88181518702344475 -0.094670088529925464 0.90921041979676209 -0.065631731337875379 0.62886939808245634 -0.3343519651408618 0.61350587129592904 -0.6024093889054799 -0.18755625549250302 1.0028482363305309 -0.20746430687365996 1.6787779918738774 0.5672591054013798 -0.096658101804288368 -0.25899029317739847 -0.2425482880966417 0.5167652669328231 -0.24703297644853592 -0.19679208394317402 -0.37294824390161424 0.30230324631151945 -0.054664907774089701 0.23255303776822986 0.05537477752992085 -0.058330608011247259 0.52767086658626805 -0.42837895733015297 -0.36810899177193646 -0.60069385106364892 0.50923079013824457 -0.077832421894110979 0.31410749661736193 -0.039349680405760569 0.018169295693152263 -0.083442419327118184 0.43790317836763526 -0.12373061557337056 0.7130592473528603
leaf_weight=22 24 22 44 21 484 31 48 20 21 72 22 31 21 21 56 37 29 27 20 21 31 23 112 32 21 39 20 29 50 30 20 326 32 63 61 55 29 127 22
leaf_count=22 24 22 44 21 484 31 48 20 21 72 22 31 21 21 56 37 29 27 20 21 31 23 112 32 21 39 20 29 50 30 20 326 32 63 61 55 29 127 22
internal_value=-1.68113e-10 -0.00841693 0.000364167 -0.00875286 0.0114369 0.00122384 -0.00949628 -0.000671677 -0.153731 -0.0077029 0.0322974 0.0114253 0.554287 -0.0176466 -0.0305761 -0.0672475 -0.213561 -0.00619548 0.145302 -0.447268 -0.114307 -0.0757595 0.00615189 -0.0250985 0.0450073 0.118017 0.285763 -0.227239 -0.224701 -0.424656 -0.0411704 -0.0172706 -0.0422826 0.0797096 -0.0864726 -0.0330298 0.0346926 -0.0226266 0.144129
internal_weight=2216 2192 2149 2127 1867 1846 1815 1767 260 1747 1045 1023 52 971 950 702 157 844 127 43 239 208 135 545 100 80 41 73 106 59 513 441 421 95 98 717 233 204 77
internal_count=2216 2192 2149 2127 1867 1846 1815 1767 260 1747 1045 1023 52 971 950 702 157 844 127 43 239 208 135 545 100 80 41 73 106 59 513 441 421 95 98 717 233 204 77
is_linear=0
shrinkage=0.05


Tree=91
num_leaves=40
num_cat=0
split_feature=28 30 16 31 0 4 29 7 11 9 5 28 30 33 33 14 0 14 30 31 21 5 3 4 29 18 21 30 30 4 29 0 29 16 20 7 16 24 31
split_gain=5325.43 15502.2 6629.17 2211.26 19865.7 45023.5 4506.52 3112.34 3732.06 16852.3 2549.53 2592.41 2497.34 2171.13 1891.93 1754.19 1571.79 9829.28 3634.7 1210.97 1170.83 1620.37 1134.52 1122.22 990.815 904.949 4516.17 878.619 814.983 3107.61 1384.43 1318.36 1091.3 1804.88 6127.14 976.383 887.81 1478.18 909.983
threshold=-1.5452485680580137 -0.18787831068038938 -1.5581622719764707 -0.72616899013519276 -0.66076958179473866 -0.75194561481475819 1.6874600648880007 2.1604351997375493 1.3154855370521548 1.2217946052551272 3.3049092292785649 -1.4092527627944944 0.9120679795742036 -0.047481721267104142 -0.047398863360285752 0.94673392176628124 -0.57419842481613148 -0.095148753374814973 0.9120679795742036 -0.87925982475280751 -0.95100951194763172 -0.43976289033889765 -0.25345492362976069 2.0844084024429326 1.0929369330406191 -0.59442287683486927 -0.59028106927871693 -0.5895777940750121 -0.10887978971004485 1.841591000556946 -0.46025393903255457 -0.31841988861560816 0.24387346208095553 -0.10087344050407408 -0.10971026122570036 -0.38151800632476801 0.72392645478248607 0.18497563898563388 1.4600473046302798
decision_type=2 2 2 2 2 2 2 2 2 2 2 2 2 2 2 2 2 2 2 2 2 2 2 2 2 2 2 2 2 2 2 2 2 2 2 2 2 2 2
left_child=1 -1 14 12 5 -5 7 8 9 10 11 -6 19 -10 -2 16 17 -13 23 27 -21 -22 -16 24 25 -18 -27 -4 29 31 -30 -28 33 34 -32 -33 38 -38 -35
right_child=2 -3 3 4 6 -7 -8 -9 13 -11 -12 15 -14 -15 22 -17 18 -19 -20 20 21 -23 -24 -25 -26 26 28 -29 30 -31 32 35 -34 36 -36 -37 37 -39 -40
leaf_value=1.5759404544532298 -0.84515606328789739 -0.29167421835660939 -0.34289682075381278 2.8649281504924877 0.55008654860313988 0.041293823870364579 -0.71290674859827219 0.53992604767834695 -0.1412621648716075 1.3315140079086027 0.55434397399425517 -0.27959573350846773 -0.59989668157967657 -0.67426508670223173 -0.048012849349867215 -0.28079342353083786 -0.088338910377179961 0.94185623100825733 -0.60849893528681542 0.14484866190524329 -0.096902086200813461 -0.49904965347025637 -0.56833667650818831 -0.24163568070530894 0.3494054795056582 0.74418109655380249 0.29748237887397411 -0.0038751974469050767 -0.2274747992306948 0.6672703981399537 0.03340955418477088 -0.34183745813369754 -0.1208833796917602 -0.14290954605807407 1.010651192739606 0.014108124969615825 0.48350938022136686 0.001690326621517157 0.14856766737207319
leaf_weight=20 25 25 20 20 20 48 22 27 56 24 20 40 22 29 22 63 251 28 26 21 60 43 20 50 20 21 32 430 75 21 81 25 132 142 20 84 20 78 33
leaf_count=20 25 25 20 20 20 48 22 27 56 24 20 40 22 29 22 63 251 28 26 21 60 43 20 50 20 21 32 430 75 21 81 25 132 142 20 84 20 78 33
internal_value=1.79641e-10 0.538377 -0.0111594 0.00443202 0.0366568 0.871775 -0.00277935 0.00823814 -0.00208219 0.0188117 -0.00576309 -0.0146396 -0.0771031 -0.32311 -0.500775 -0.0237334 -0.00999738 0.223355 -0.02428 -0.0570657 -0.195415 -0.264789 -0.295786 -0.0102803 0.000896327 -0.00597085 0.0210899 -0.0189428 0.000652561 0.0998226 -0.026999 0.0153091 0.00271581 0.0463391 0.226923 -0.0675308 -0.0204703 0.100021 -0.0879453
internal_weight=2216 45 2171 2104 1508 68 1440 1418 1391 1306 1282 1262 596 85 67 1242 1179 68 1111 574 124 103 42 1085 1035 1015 764 450 743 162 581 141 506 374 101 109 273 98 175
internal_count=2216 45 2171 2104 1508 68 1440 1418 1391 1306 1282 1262 596 85 67 1242 1179 68 1111 574 124 103 42 1085 1035 1015 764 450 743 162 581 141 506 374 101 109 273 98 175
is_linear=0
shrinkage=0.05


Tree=92
num_leaves=40
num_cat=0
split_feature=29 30 30 27 27 0 30 7 30 5 5 16 16 27 31 28 29 8 7 29 29 28 4 9 12 20 6 4 29 29 7 7 13 14 0 6 30 30 2
split_gain=5432.8 2865.24 4829.74 2371.16 1870.61 22800.4 16661.5 4574.04 4095.36 3347.99 15975.4 2522.56 7094.91 1856.62 1664.89 1294.63 1130.08 971.808 1469.44 3707.86 13385.9 873.505 868.445 1101.81 1034.86 827.747 822.561 684.122 629.329 626.975 584.505 2418.03 616.978 1454.36 1761.62 819.503 1057.69 1862.62 755.524
threshold=3.2934920787811284 -0.88363802433013905 -0.7744469642639159 -2.0437217950820918 -0.58386245369911183 1.4892008900642397 0.80684712529182445 2.0837219953536992 1.0098809599876406 -0.34696488082408899 -0.39390975236892695 1.9227706193923952 1.7777344584465029 -1.9179521799087522 2.8130685091018681 -0.42508600652217859 -0.1233600191771984 0.55667725205421459 0.11392801254987718 -0.4077103585004806 -0.55690127611160267 -0.7546834647655486 -0.17410147935152051 0.44274401664733892 0.40934216976165777 0.42660297453403478 2.3750380277633671 -0.79682075977325428 -0.79462745785713185 0.20255824923515323 0.024409710429608825 1.0000000180025095e-35 -0.021656886674463745 -0.10403063148260115 -0.26833738386631006 -0.43053880333900446 0.51504388451576244 0.32324835658073431 1.0000000180025095e-35
decision_type=2 2 2 2 2 2 2 2 2 2 2 2 2 2 2 2 2 2 2 2 2 2 2 2 2 2 2 2 2 2 2 2 2 2 2 2 2 2 2
left_child=1 13 -3 -4 5 6 9 8 11 10 -5 12 14 -1 17 21 -13 18 26 20 -20 27 24 25 -21 -24 28 -11 -6 -26 31 32 33 35 -35 -30 37 38 -37
right_child=-2 2 3 4 7 -7 -8 -9 -10 15 -12 16 -14 -15 -16 -17 -18 -19 19 22 -22 -23 23 -25 29 -27 -28 -29 30 -31 -32 -33 -34 34 -36 36 -38 -39 -40
leaf_value=-0.67550850609938307 0.74818924615780524 0.67976554173689629 -0.51080092515634457 -0.077929477331885474 0.25238845007760186 1.7401749825477602 1.4221720677614211 0.72612193614244469 -0.54760099199576018 -0.48859620758078315 1.2314197817674051 -0.65787309348583234 0.90227273702621469 -0.14050517705082896 -0.4363009779093166 -0.49429483059290291 -0.18156188789642219 -0.10666202127693161 -0.24843992350193173 -0.21336480559360599 1.4488149526573364 0.034907605107873683 0.24538351967930794 0.43712253509597343 0.28423109372024952 -0.09430250628514493 -0.2932671966031194 -0.16264183677732946 -0.068450763041513374 -0.084955856560365028 -0.1701706951193046 0.51637511480422249 -0.13718383964489808 0.61506407782435424 -0.020313368986050288 -0.066872910182086784 -0.27484982570876249 0.49693531741698582 0.13377689556529124
leaf_weight=24 24 26 23 224 21 20 20 20 38 22 26 20 21 50 24 37 33 248 26 62 21 40 29 22 23 47 28 60 440 23 64 21 110 20 24 98 23 24 90
leaf_count=24 24 26 23 224 21 20 20 20 38 22 26 20 21 50 24 37 33 248 26 62 21 40 29 22 23 47 28 60 440 23 64 21 110 20 24 98 23 24 90
internal_value=-2.42182e-10 -0.00819185 0.00249335 -0.00592399 -0.000311533 0.0899943 0.0130628 -0.0253407 -0.034734 -0.0558423 0.0582428 -0.0222571 -0.010349 -0.31402 -0.0232287 -0.235222 -0.361302 -0.016457 0.00194005 0.109174 0.509908 -0.15665 0.0177442 0.125516 -0.080049 0.0353145 -0.0262325 -0.250093 -0.0182357 0.0996376 -0.0244536 -0.0134819 -0.0269041 -0.0100324 0.268495 -0.0281882 0.0471969 0.082136 0.0291828
internal_weight=2216 2192 2118 2092 2069 449 429 1620 1600 409 250 1562 1509 74 1488 159 53 1464 1216 253 47 122 206 98 108 76 963 82 935 46 914 850 829 719 44 675 235 212 188
internal_count=2216 2192 2118 2092 2069 449 429 1620 1600 409 250 1562 1509 74 1488 159 53 1464 1216 253 47 122 206 98 108 76 963 82 935 46 914 850 829 719 44 675 235 212 188
is_linear=0
shrinkage=0.05


Tree=93
num_leaves=40
num_cat=0
split_feature=27 15 12 29 6 30 4 28 7 9 9 13 15 5 33 17 17 30 15 29 4 27 24 7 29 0 31 15 27 31 33 19 10 27 28 22 10 6 8
split_gain=5542.04 4420.86 10324.9 9377.69 2113.37 2739.45 2794.66 2397.7 2686.88 2559.95 17221.9 2064.48 2708.94 1874.63 1353.88 1282.35 1213.12 1203.12 1024.06 1022.79 977.997 1156.87 1430.7 1355.54 999.455 843.508 1531.65 4552.24 1406.62 1210.89 2105.96 3643.79 1251.99 960.454 1272.43 2575.82 1202.68 2138.41 1000.99
threshold=-2.1934885978698726 -1.3155183792114256 -1.2229315042495725 3.2934920787811284 -0.13905031234025952 1.0098809599876406 2.0776464939117436 -1.2250468134880064 2.1604351997375493 1.260655999183655 1.1692987084388735 -1.3370534777641294 -1.5332865118980405 0.66617089509964 -0.047483431175351136 1.8310874700546267 -1.4685845971107481 0.2184015288949013 1.2955397963523867 1.1304740905761721 -1.0347204208374021 -0.47532317042350763 0.92707434296607982 0.89212873578071605 0.40936382114887243 0.86638915538787853 0.33342806994915014 -0.19662933796644208 0.39193329215049749 -0.31954388320446009 -0.047480842098593705 -0.64096108078956593 0.5412518084049226 -0.15071246773004529 0.33689612150192266 0.36685110628604894 0.37309220433235174 -0.43636856973171229 0.4481081515550614
decision_type=2 2 2 2 2 2 2 2 2 2 2 2 2 2 2 2 2 2 2 2 2 2 2 2 2 2 2 2 2 2 2 2 2 2 2 2 2 2 2
left_child=-1 3 -3 11 5 6 7 -4 9 10 15 12 -2 -6 17 19 -13 18 -11 20 24 22 23 -22 -9 26 29 -28 -29 30 33 -32 -31 36 -35 -36 37 -23 -37
right_child=1 2 4 -5 13 -7 -8 8 -10 14 -12 16 -14 -15 -16 -17 -18 -19 -20 -21 21 25 -24 -25 -26 -27 27 28 -30 32 31 -33 -34 34 35 38 -38 -39 -40
leaf_value=0.62418572430099761 0.51830012568583095 1.1138652892339798 0.43697947300970558 -1.2422042057627725 -0.070304265470367874 0.47735587322350703 0.58966215529612132 -0.062625144547241371 0.46778379564483963 -0.072583355009555817 1.3355950977342825 -0.461098622801629 -0.14478144389252331 -0.48641645167472547 -0.58777979353199838 -0.39454319328069687 -0.087658872496509971 0.05188747620896289 -0.56178511536639675 0.30713073617219927 -0.10541365659742985 0.58841335499478931 -0.49165898362795518 0.32200646989402321 -0.3439653244372961 -0.082093777585970737 0.69647356144019534 -0.1521158167316268 0.34697181157767776 -0.15305325468140307 -0.002809202835823481 0.89487531874328852 0.24625070211680039 -0.15291266315394925 0.45112133153847289 -0.11526510760933162 -0.070612570295731231 -0.074726339317858215 0.16656153926868802
leaf_weight=35 24 21 32 21 406 33 21 215 30 20 24 44 43 29 23 22 43 38 23 25 159 31 21 21 37 133 35 48 20 134 26 20 23 105 35 100 30 20 46
leaf_count=35 24 21 32 21 406 33 21 215 30 20 24 44 43 29 23 22 43 38 23 25 159 31 21 21 37 133 35 48 20 134 26 20 23 105 35 100 30 20 46
internal_value=5.1685e-10 -0.0100167 0.0110089 -0.251031 -0.000658595 0.0266724 0.0168685 0.00882797 -0.00053053 -0.0103279 0.00835318 -0.115871 0.0927403 -0.0980451 -0.24923 -0.0160372 -0.276525 -0.153099 -0.334249 -0.00955187 -0.0158402 0.00620482 -0.101112 -0.055548 -0.103933 0.0329674 0.0557061 0.23315 -0.00532534 0.0236417 0.0685741 0.387488 -0.0945565 0.0286012 -0.014445 0.0658816 0.180591 0.328359 -0.0264704
internal_weight=2216 2181 2006 175 1985 1550 1517 1496 1464 1434 1330 154 67 435 104 1306 87 81 43 1284 1259 1007 201 180 252 806 673 103 68 570 413 46 157 367 286 181 81 51 146
internal_count=2216 2181 2006 175 1985 1550 1517 1496 1464 1434 1330 154 67 435 104 1306 87 81 43 1284 1259 1007 201 180 252 806 673 103 68 570 413 46 157 367 286 181 81 51 146
is_linear=0
shrinkage=0.05


Tree=94
num_leaves=40
num_cat=0
split_feature=29 21 19 16 18 30 6 4 6 30 15 17 7 7 11 10 4 3 33 5 13 10 30 29 29 4 13 23 15 29 29 22 7 22 29 5 3 30 30
split_gain=5609.76 2968.02 6314.14 2155.01 5857.59 4563.82 1762.91 2672.95 1651.37 1579.27 1561.79 10003.3 1560.94 5767.31 1758.65 1438.14 1137.17 1015.07 887.331 860.983 789.193 2729.56 709.808 698.178 1639.19 714.12 607.38 3610.81 2399 1160.7 1595.46 639.588 588.837 582.417 752.814 582.712 592.945 514.659 568.313
threshold=3.2934920787811284 -1.6710991859436033 -1.5992504954338072 -1.043636620044708 -1.0568026304244993 1.0098809599876406 2.9755042791366582 2.1403487920761113 2.3458890914916997 0.65969780087471019 2.1951055526733403 1.8931055068969729 1.2180948853492739 1.1032164096832278 1.7909070849418642 0.95806521177291881 -1.0371792912483213 0.080022599548101439 -0.047335436567664139 -0.35242359340190882 -0.95354408025741566 -0.8947840929031371 -0.34459145367145533 0.48048157989978796 0.42881171405315405 -1.0371792912483213 -0.57643339037895192 -0.63389897346496571 -0.49049979448318476 -0.46601891517639155 -0.42408676445484156 -0.60907372832298268 1.6315463185310366 -0.76993945240974415 -0.12860795110464093 -0.55330395698547352 -0.0012797694944310931 -0.44709368050098414 -0.093415722250938402
decision_type=2 2 2 2 2 2 2 2 2 2 2 2 2 2 2 2 2 2 2 2 2 2 2 2 2 2 2 2 2 2 2 2 2 2 2 2 2 2 2
left_child=1 18 -3 9 -5 6 7 8 10 16 11 12 13 15 17 20 -4 32 -1 -12 -6 -22 -18 24 26 -25 27 33 -29 -28 -31 -32 -14 34 -23 -35 -37 -33 -39
right_child=-2 2 3 4 5 -7 -8 -9 -10 -11 19 -13 14 -15 -16 -17 22 -19 -20 -21 21 23 -24 25 -26 -27 29 28 -30 30 31 37 -34 35 -36 36 -38 38 -40
leaf_value=-0.64154230288483882 0.76027679915229485 0.84262201250954105 0.14686933083411977 0.84032510554506679 -0.1775739389800412 0.6020802654566304 -0.3087315801298246 0.57312083885073661 0.44351993873715401 -0.48487904074291388 -0.12377624854897007 0.84390159564859735 -0.08847214759964693 0.63594617306747869 0.048481756656467187 -0.23909281803141924 -0.26173326330328428 -0.57603157924281223 -0.18715510174986863 -0.53952720284461975 0.51457938480377197 0.298942833122882 -0.066695690375160085 -0.3713811252428138 0.38520045059698599 -0.068034178381335117 -0.14855308741614034 0.83778233044272798 0.099386684935201308 0.39292486733198168 -0.20266111823064939 0.24813560204580429 -0.41837954861777171 -0.28343690943879052 -0.091905776903565439 0.18733670517802239 -0.17792017602920532 -0.10263773448144396 0.012384576943683594
leaf_weight=22 24 22 39 21 68 31 48 20 20 30 33 34 38 34 51 73 81 27 21 20 25 22 110 23 27 124 158 22 22 25 42 20 21 37 28 20 25 132 576
leaf_count=22 24 22 39 21 68 31 48 20 20 30 33 34 38 34 51 73 81 27 21 20 25 22 110 23 27 124 158 22 22 25 42 20 21 37 28 20 25 132 576
internal_value=1.09034e-09 -0.0083242 -9.4208e-05 -0.0088106 0.00997068 0.000524606 -0.0097499 -0.00162815 -0.00820799 -0.143675 -0.0134394 -0.00497886 -0.0225776 -0.00785034 -0.184147 -0.022751 -0.0991696 -0.322102 -0.419632 -0.280663 -0.011438 -0.00293105 -0.149408 -0.0128603 0.000191254 -0.115497 -0.00901623 0.0763219 0.468585 -0.0247765 -0.000176853 -0.0129399 -0.205897 -0.0544322 0.0800676 -0.136444 -0.0155838 -0.00199444 -0.00906026
internal_weight=2216 2192 2149 2127 1867 1846 1815 1767 1747 260 1727 1674 1640 1503 137 1469 230 86 43 53 1396 1328 191 1303 1156 147 1129 176 44 953 795 770 59 132 50 82 45 728 708
internal_count=2216 2192 2149 2127 1867 1846 1815 1767 1747 260 1727 1674 1640 1503 137 1469 230 86 43 53 1396 1328 191 1303 1156 147 1129 176 44 953 795 770 59 132 50 82 45 728 708
is_linear=0
shrinkage=0.05


Tree=95
num_leaves=40
num_cat=0
split_feature=27 18 29 7 27 29 3 29 30 7 5 4 18 33 31 3 27 28 10 28 29 3 29 30 30 4 20 30 30 31 31 27 3 29 33 18 3 5 24
split_gain=5270.96 4169.12 10316.2 7427.1 2351.32 22845.7 51182.3 49404.9 4743.04 3935.36 22296.7 2069.05 1770.39 1761.76 3378.43 1493.6 1228.28 1187.34 1079.52 967.377 1049.87 957.592 671.669 612.07 1181.36 4401.08 1487.26 2073.12 1551.88 949.154 1785.27 857.057 728.528 705.817 659.97 2638.74 756.638 1444.12 2659.56
threshold=-2.1934885978698726 -1.2136644124984739 3.2934920787811284 -1.1821424365043638 -0.58386245369911183 -0.0043747618328779927 -0.27481402456760401 0.16813444346189502 1.0098809599876406 1.6315463185310366 -0.41792805492877955 2.1268247365951543 1.7937170863151553 -0.04742735251784324 0.0940888747572899 1.461473882198334 -1.9179521799087522 2.3325667381286626 -1.0846204757690427 -0.2714064866304397 -0.43391843140125269 -0.2038466930389404 1.1304740905761721 -0.31357385218143458 -0.10449956357479094 1.7844213247299197 0.13133033365011218 -0.13500295579433438 -0.27151162922382349 0.52946344017982494 0.42740285396575933 0.98880475759506237 -0.63654068112373341 -0.42408676445484156 -0.047476824373006814 -0.59442287683486927 -0.1935116499662399 -0.092589199542999254 0.12610423564910891
decision_type=2 2 2 2 2 2 2 2 2 2 2 2 2 2 2 2 2 2 2 2 2 2 2 2 2 2 2 2 2 2 2 2 2 2 2 2 2 2 2
left_child=-1 2 13 -3 5 15 -7 -8 9 11 -11 12 18 16 -15 19 -2 -14 -6 -5 -21 -18 23 -20 25 26 27 28 -25 30 31 34 -30 -31 36 -36 37 -26 -39
right_child=1 3 -4 4 8 6 7 -9 -10 10 -12 -13 17 14 -16 -17 21 -19 22 20 -22 -23 -24 24 29 -27 -28 -29 32 33 -32 -33 -34 -35 35 -37 -38 38 -40
leaf_value=0.60872868861470908 -0.54007049421356479 0.97303726788610223 -1.2385134908286008 -0.034495915018972784 -0.34687706216481395 -0.20155094046208821 3.8840679585933686 0.48617020100355152 -0.69213730524508998 -0.41900048430167863 1.7223078611493112 -0.47701242971420293 -0.54119753585411956 0.52996451311877801 -0.20233209257324539 -0.4772637914728235 -0.056280752444236554 -0.079556154012680069 -0.11020482444006392 -0.5397929579019547 -0.074482736874509736 -0.36464968174695972 0.28616790292318911 0.41418225842973461 0.0017663704201211815 0.81776792258024222 -0.12157342959060727 0.61899194106459621 0.13257828638728322 -0.30408861993087666 0.41072768004680127 -0.13612288602520353 -0.19487632986714654 -0.066205928792133772 -0.084281412155731872 0.51255328751379448 -0.10285594333377152 -0.077819264440664226 0.7278231067955494
leaf_weight=35 22 20 22 192 23 59 20 23 26 31 20 25 26 28 36 27 97 30 127 22 27 34 20 23 355 20 83 20 29 36 27 104 41 233 46 31 135 21 20
leaf_count=35 22 20 22 192 23 59 20 23 26 31 20 25 26 28 36 27 97 30 127 22 27 34 20 23 355 20 83 20 29 36 27 104 41 233 46 31 135 21 20
internal_value=1.62204e-10 -0.00976869 -0.206825 0.0144828 0.00450826 0.117773 0.754625 2.06659 -0.0224943 -0.0110849 0.420728 -0.0260154 -0.0182395 -0.10223 0.118048 -0.124611 -0.194372 -0.29389 -0.00716609 -0.0851025 -0.283398 -0.136315 -0.00146707 -0.00572517 0.00511544 0.11123 0.0391341 0.157176 0.0578606 -0.0176233 0.0116493 -0.00348428 -0.0592166 -0.0980415 0.0192039 0.156003 -0.000633208 0.0342155 0.315177
internal_weight=2216 2181 239 1942 1922 370 102 43 1552 1526 51 1475 1450 217 64 268 153 56 1394 241 49 131 1371 1351 1224 216 196 113 93 1008 739 712 70 269 608 77 531 396 41
internal_count=2216 2181 239 1942 1922 370 102 43 1552 1526 51 1475 1450 217 64 268 153 56 1394 241 49 131 1371 1351 1224 216 196 113 93 1008 739 712 70 269 608 77 531 396 41
is_linear=0
shrinkage=0.05


Tree=96
num_leaves=40
num_cat=0
split_feature=29 21 19 14 30 25 25 14 14 7 9 3 5 10 28 31 31 15 29 6 5 33 33 20 23 3 0 33 29 8 15 28 33 33 4 6 31 33 0
split_gain=5840.16 3036.08 5707.32 1964.6 2490.4 1989.71 9134.11 1791.18 13352.6 2916.53 2175.94 2810.04 1890 1372.51 1107.47 1034.24 4346.53 939.056 1299.73 881.116 870.232 841.966 1385.2 3118.61 2146.13 1058.72 1777.86 1666.97 926.412 1065.72 846.282 1114.87 819.118 714.015 611.093 610.198 1713.16 4084.64 1731.44
threshold=3.2934920787811284 -1.6710991859436033 -1.5992504954338072 -0.96354466676712025 1.0098809599876406 -1.0298155546188352 -1.1380925774574278 1.5510139465332033 1.4366199374198916 1.6315463185310366 1.1692987084388735 2.5976400375366215 -0.26071733236312861 -0.8947840929031371 -1.0124403834342954 0.97795489430427562 0.83366858959198009 1.6533120274543764 -0.057934071868658059 0.98318043351173412 -0.36334100365638727 -0.047467187047004693 -0.047474030405282967 -0.10507600754499434 -0.60770544409751881 -0.31822121143341059 -0.64681804180145253 -0.047476824373006814 0.40074308216571813 -0.17430286854505536 1.3166132569313052 0.65794172883033764 -0.047335436567664139 -0.047477655112743371 -0.21467351168394086 -0.23815640062093732 -0.72616899013519276 -0.047485150396823876 -0.88292127847671498
decision_type=2 2 2 2 2 2 2 2 2 2 2 2 2 2 2 2 2 2 2 2 2 2 2 2 2 2 2 2 2 2 2 2 2 2 2 2 2 2 2
left_child=1 32 -3 -4 5 6 -5 8 9 10 11 13 -12 -7 -15 16 19 18 -9 21 -19 22 25 24 -24 27 -27 35 30 -30 31 -28 -1 -21 -33 36 38 -38 -16
right_child=-2 2 3 4 -6 7 -8 17 -10 -11 12 -13 -14 14 15 -17 -18 20 -20 33 -22 -23 23 -25 -26 26 28 -29 29 -31 -32 34 -34 -35 -36 -37 37 -39 -40
leaf_value=-0.63770030059597715 0.77573274547855064 0.80102956660769209 -0.13062128320826513 -0.20135807506740094 0.44089411063627759 0.33130063584872654 1.0445946034820131 0.088969412360988237 1.2029802371626317 0.58961596429347995 -0.088931240538429268 0.49013094710452221 -0.65569215019543969 -0.28496601670407334 0.048761765893076119 -0.11349821924543774 0.57844804702326658 -0.19362277082034521 -0.35892682272195819 -0.023584242319238599 -0.60706975102424632 -0.23037276879335061 0.37001709214483319 0.68194178243478143 -0.21349933495279402 -0.51754057028076861 -0.1189977373298949 0.47584639817476271 0.43024189212592323 -0.079743723855132162 -0.3989728094288148 -0.0040400741781507219 -0.20112775223595755 -0.37151271241406603 0.32353432811796667 -0.053906101006292118 0.83663021041588359 0.032569490892014337 -0.26908444817744054
leaf_weight=22 24 22 285 38 33 28 24 46 23 20 38 28 24 39 268 224 32 35 25 29 20 39 26 24 40 22 194 20 20 21 20 35 21 30 24 224 22 56 51
leaf_count=22 24 22 285 38 33 28 24 46 23 20 38 28 24 39 268 224 32 35 25 29 20 39 26 24 40 22 194 20 20 21 20 35 21 30 24 224 22 56 51
internal_value=-2.83119e-10 -0.00849342 -0.000169612 -0.00845658 0.0104451 0.00259282 0.280946 -0.00728578 0.00682944 -0.0103868 -0.0179913 -0.00611764 -0.308323 -0.0154557 -0.0221058 -0.0148915 0.00356127 -0.188879 -0.0687405 -0.0122296 -0.343967 -0.00218641 0.00615405 0.193856 0.0163708 -0.0111369 -0.0830276 0.0265469 -0.052584 0.16903 -0.0858667 -0.0611152 -0.42449 -0.200497 0.129211 0.0120767 0.0493063 0.259356 -0.00205377
internal_weight=2216 2192 2149 2127 1842 1809 62 1747 1621 1598 1578 1516 62 1488 1460 1421 1197 126 71 1165 55 1106 1067 90 66 977 336 641 314 41 273 253 43 59 59 621 397 78 319
internal_count=2216 2192 2149 2127 1842 1809 62 1747 1621 1598 1578 1516 62 1488 1460 1421 1197 126 71 1165 55 1106 1067 90 66 977 336 641 314 41 273 253 43 59 59 621 397 78 319
is_linear=0
shrinkage=0.05


Tree=97
num_leaves=40
num_cat=0
split_feature=29 6 27 30 30 30 4 26 6 13 14 4 0 29 6 6 27 3 30 5 5 5 18 15 25 3 0 29 15 5 22 2 27 29 4 6 4 29 27
split_gain=5270.74 2889.63 5510.02 2870.42 6526.98 2746.72 1556.86 6549.78 25826.6 2776.88 7663.26 2714.07 2020.4 3451.96 1654.64 1618.04 3010.23 1169.33 1151.75 949.248 5700.06 959.038 808.51 1329.58 802.975 712.285 5717.04 1097.25 1936.24 2385.03 1019.81 897.751 983.701 1123.87 1193.66 1278.71 942.876 827.248 816.31
threshold=3.2934920787811284 4.711318016052247 -2.3019390106201167 1.3463437557220461 1.0567454695701601 0.9120679795742036 0.55250677466392528 0.9546494483947755 -0.43053880333900446 0.97933045029640209 0.92901721596717846 2.1403487920761113 0.082955636084079756 0.048317316919565208 2.872025847434998 0.038757665082812316 -1.1976896524429319 -0.6696127951145171 0.44639869034290319 0.82119813561439525 1.2087662220001223 0.45000614225864416 -0.42301701009273524 -0.35296703875064844 -1.6300981044769285 -0.16595152020454404 -0.6044267714023589 -0.10804389789700507 0.21530369669198993 -0.37207493185997004 0.71352300047874462 2.2576968073844914 0.0077290176413953313 0.33711639046669012 -0.55523273348808277 -0.21775221079587934 -0.61977913975715626 0.14262133836746219 -0.15934929996728894
decision_type=2 2 2 2 2 2 2 2 2 2 2 2 2 2 2 2 2 2 2 2 2 2 2 2 2 2 2 2 2 2 2 2 2 2 2 2 2 2 2
left_child=1 2 -1 4 5 6 9 11 -9 10 15 12 13 -8 22 16 -4 -11 -19 21 -21 25 -14 -24 -17 31 -27 -28 29 -29 -30 32 33 34 37 -36 -35 38 -18
right_child=-2 -3 3 -5 -6 -7 7 8 -10 17 -12 -13 14 -15 -16 24 19 18 -20 20 -22 -23 23 -25 -26 26 27 28 30 -31 -32 -33 -34 36 35 -37 -38 -39 -40
leaf_value=-0.75158809471130372 0.73694611961642909 0.59018544785678395 0.49273594632744794 0.5912209951877595 -0.83048183172941215 0.53060478505988917 -0.078867066965904092 1.5597314530475574 -0.24246063733194023 -0.069839799926954924 0.96424037754535685 -0.57784995242953296 -0.17664339780415361 0.66768990347782775 0.38595693798168851 -0.46109055339225702 0.056821842767110387 -0.40236593138339916 -0.028034018145667184 0.84266736934130848 -0.071245044092402648 -0.23608181552504592 0.38533175364136696 -0.038589704590773863 -0.12856517226935657 -0.83726722727651193 -0.12458069811158992 0.42061905935406685 0.6051873973437718 -0.12996562478055648 0.11242797835951759 0.27601806742529716 -0.058946909396121142 0.47651958231415065 0.43822687335552707 -0.023677471652626993 0.027025651112198831 -0.3100597540140152 -0.25243641118017529
leaf_weight=25 24 20 30 20 24 24 32 33 50 88 20 20 95 30 23 21 119 86 27 22 76 53 20 246 134 23 141 24 21 109 21 31 325 28 31 29 20 25 26
leaf_count=25 24 20 30 20 24 24 32 33 50 88 20 20 95 30 23 21 119 86 27 22 76 53 20 246 134 23 141 24 21 109 21 31 325 28 31 29 20 25 26
internal_value=1.41283e-09 -0.00806875 -0.0135775 -0.00498403 -0.0105901 -0.00123327 -0.00737281 0.0648589 0.474074 -0.0332912 -0.00709504 -0.00802702 0.0175256 0.28237 -0.0252358 -0.0219359 -0.0015628 -0.206499 -0.312924 -0.0147558 0.133919 -0.0289567 -0.0514337 -0.00671591 -0.173617 -0.0176745 -0.0761785 -0.0207828 0.0628487 -0.030612 0.358808 0.0136076 0.000117182 0.0691669 0.0232406 0.214973 0.28923 -0.0444297 0.00136864
internal_weight=2216 2192 2172 2147 2127 2103 2079 549 83 1530 1329 466 446 62 384 1309 1154 201 113 1124 98 1026 361 266 155 973 339 316 175 133 42 634 603 278 230 60 48 170 145
internal_count=2216 2192 2172 2147 2127 2103 2079 549 83 1530 1329 466 446 62 384 1309 1154 201 113 1124 98 1026 361 266 155 973 339 316 175 133 42 634 603 278 230 60 48 170 145
is_linear=0
shrinkage=0.05


Tree=98
num_leaves=40
num_cat=0
split_feature=27 16 14 5 5 23 14 5 5 27 29 29 9 29 5 30 5 8 6 14 9 9 7 12 11 27 15 23 10 23 13 27 27 30 30 0 6 7 29
split_gain=5520.22 4048.07 3342.78 2150.99 4101.66 11865.7 26696.6 32369.1 13158.1 9484.67 3282.31 6044.6 2538.52 3464.22 2099.38 1781.66 1440.11 1437.4 2165 1262.4 1258.64 3200.72 1232.77 2873.01 1039.48 1084.19 2053.57 1026.91 1009.32 909.459 1210.28 849.021 773.677 738.323 749.731 3545.79 975.162 793.368 712.815
threshold=-2.1934885978698726 -1.5581622719764707 -1.3821143507957456 0.93583095073699962 -0.44194637238979334 1.0580972433090212 1.5510139465332033 -0.12315795570611952 -0.428845465183258 -1.1976896524429319 0.063669886440038695 -0.03583832643926143 -1.105413496494293 0.75466626882553112 0.76551932096481334 0.9120679795742036 -0.15154322236776349 0.27343381941318518 -0.4421983510255813 0.72902238368988048 0.39516223967075353 0.52843922376632702 -0.36359903216361994 -0.42351233959197992 1.1336319446563723 -0.15071246773004529 -0.54919627308845509 -0.59993210434913624 -0.71670237183570851 1.2781210541725161 1.6231963038444521 -0.23639493435621259 -1.1536921858787534 -0.65878006815910328 -0.10449956357479094 0.91826033592224132 2.3750380277633671 -1.061317443847656 -0.06245355308055877
decision_type=2 2 2 2 2 2 2 2 2 2 2 2 2 2 2 2 2 2 2 2 2 2 2 2 2 2 2 2 2 2 2 2 2 2 2 2 2 2 2
left_child=-1 2 -2 4 15 8 7 -7 -6 -10 11 24 16 14 19 29 -11 18 -12 20 22 -22 23 27 25 26 -5 28 -14 32 -31 -23 -3 -34 35 37 38 -35 -36
right_child=1 3 -4 10 5 6 -8 -9 9 12 17 -13 13 -15 -16 -17 -18 -19 -20 -21 21 31 -24 -25 -26 -27 -28 -29 -30 30 -32 -33 33 34 36 -37 -38 -39 -40
leaf_value=0.62295546701976234 -0.076199353300035008 -0.24892139049513001 -0.94000288134529486 -0.21934086857751633 1.2696175253462225 -0.11755111128091814 -0.32319463980503577 2.4971332157480308 0.8999020334333182 -0.64410585188865666 -0.097133211928109336 0.7993820126567569 -0.056800144365647946 0.45227058569067408 0.4066454238891602 -0.4380377704543727 -0.13405740958968959 -0.70981127179481773 -0.66769003297971652 -0.28674094605126549 0.69488799691200265 0.1865935029834509 -0.14299725952313549 0.4963942788009133 -0.40119579110667108 -0.17792366505533025 0.40591556121563094 -0.27241125706583263 0.31800648064717008 -0.38546809590444336 -0.038557509585068782 -0.2432210883608571 -0.23451025186904839 0.30065757713534613 -0.070867828924791806 0.71329360067844394 -0.26713189212605359 -0.016683884479224365 0.038344583741963006
leaf_weight=35 24 35 21 24 21 20 39 29 28 25 60 21 82 38 25 28 31 22 23 56 20 20 236 28 25 69 29 40 23 41 65 27 35 22 278 20 40 188 323
leaf_count=35 24 35 21 24 21 20 39 29 28 25 60 21 82 38 25 28 31 22 23 56 20 20 236 28 25 69 29 40 23 41 65 27 35 22 278 20 40 188 323
internal_value=-1.32575e-10 -0.00999699 -0.479308 -0.00010983 0.0190973 0.105751 0.652969 1.42992 0.0369574 -0.00116614 -0.131183 0.00587955 -0.0399218 -0.00963133 -0.0411435 -0.0444214 -0.361758 -0.350483 -0.255239 -0.0621862 -0.035768 0.165114 -0.0686754 0.0327117 -0.107478 -0.0472899 0.122781 -0.056827 0.0253004 -0.0338949 -0.17274 -0.0603213 -0.0182546 -0.00934362 -0.000295595 0.0771468 -0.028083 0.0165614 -0.012173
internal_weight=2216 2181 45 2136 1863 788 88 49 700 679 273 168 651 595 557 1075 56 105 83 532 476 67 409 173 147 122 53 145 105 1047 106 47 941 906 871 230 641 210 601
internal_count=2216 2181 45 2136 1863 788 88 49 700 679 273 168 651 595 557 1075 56 105 83 532 476 67 409 173 147 122 53 145 105 1047 106 47 941 906 871 230 641 210 601
is_linear=0
shrinkage=0.05


Tree=99
num_leaves=40
num_cat=0
split_feature=15 16 13 5 30 30 5 30 29 29 16 29 28 29 8 6 23 7 7 3 12 4 27 11 13 29 5 30 3 30 30 28 33 27 6 20 21 17 23
split_gain=5147.61 5006.68 2430.14 1829.66 3820.83 3394.99 3943.37 9669.65 2912.96 5418.54 2265.5 16878.5 1906.94 13161 1334.64 1841.11 1281.84 1133.39 1071.95 1091.79 965.355 1142.75 1617.82 842.947 1506.12 821.019 770.707 685.28 664.433 658.238 2796.26 1364.72 1163.41 2260.4 791.85 740.129 3079.2 644.128 562.844
threshold=-1.584319472312927 -1.5581622719764707 -1.3370534777641294 0.93583095073699962 -1.3757219314575193 1.0098809599876406 0.700014889240265 0.05640011094510556 0.063669886440038695 -0.03583832643926143 1.840181350708008 -0.46025393903255457 -1.2250468134880064 -0.0043747618328779927 0.27343381941318518 -0.4421983510255813 0.82500630617141735 -1.172109007835388 1.1032164096832278 -0.4353517591953277 0.91939166188240062 0.40312792360782629 -0.11506231129169463 1.8815581202507021 1.4054045081138613 1.1304740905761721 1.4151052832603457 -0.65878006815910328 -0.74953719973564137 -0.18065495789051053 -0.19783873111009595 -0.86492326855659474 -0.04748022370040416 0.59398213028907787 2.3750380277633671 -0.60003775358200062 -0.55546247959136952 -0.68918251991271962 1.0000000180025095e-35
decision_type=2 2 2 2 2 2 2 2 2 2 2 2 2 2 2 2 2 2 2 2 2 2 2 2 2 2 2 2 2 2 2 2 2 2 2 2 2 2 2
left_child=-1 2 -2 4 -3 6 10 -8 9 20 12 -12 13 -6 15 -10 17 -14 -13 -20 21 26 -23 24 28 27 -5 -19 -18 30 31 -29 33 -33 35 37 -37 -31 -38
right_child=1 3 -4 8 5 -7 7 -9 14 -11 11 18 16 -15 -16 -17 23 25 19 -21 -22 22 -24 -25 -26 -27 -28 29 -30 34 -32 32 -34 -35 -36 36 38 -39 -40
leaf_value=0.56935736449101026 -0.17712948674505408 0.68891379010109677 -0.92909590545154763 -0.43264077972798121 -0.14588994752329129 0.48475008504213513 -0.25374034617258157 1.2125044371594083 -0.09227655169864496 0.75941291678519485 1.5103294253349304 0.11947019109907359 -0.25710580794451138 1.2938937505441053 -0.67432071404023608 -0.62700109857727182 0.035149174870229234 -0.23654020696001898 -0.055204351281835921 -0.57139198981225492 -0.34691950049131148 0.48744221162050966 -0.065671301346558783 0.085965271294116977 -0.43583491878940706 0.28634333435607995 -0.053397308330278143 0.31818504674780757 -0.19469290182630464 -0.057247735449561368 0.61754455828950527 -0.062224329029446218 -0.17182480424492697 0.51226623375778624 -0.24999628367490676 0.51928425278248536 -0.060747182591700227 -0.27697754765284205 0.024915256928339853
leaf_weight=39 22 21 21 21 65 37 23 22 60 21 20 23 48 21 22 22 51 34 21 20 31 20 39 32 47 23 37 31 82 162 21 67 87 23 38 28 355 42 417
leaf_count=39 22 21 21 21 65 37 23 22 60 21 20 23 48 21 22 22 51 34 21 20 31 20 39 32 47 23 37 31 82 162 21 67 87 23 38 28 355 42 417
internal_value=-1.84794e-10 -0.0101998 -0.544369 0.000563695 0.018296 0.0106422 0.000912913 0.46309 -0.120315 0.00780872 -0.0109176 0.242468 -0.0236322 0.205685 -0.328516 -0.235739 -0.0360512 -0.0184184 -0.153739 -0.307003 -0.0988378 -0.0331068 0.121825 -0.150498 -0.192536 -0.00979114 -0.19071 -0.0150104 -0.106558 -0.00908432 0.0676703 0.0121542 -0.0414444 0.0845899 -0.0259527 -0.0174729 0.00420546 -0.102486 -0.0144761
internal_weight=2216 2177 43 2134 1861 1840 1803 45 273 169 1758 84 1674 86 104 82 1588 1376 64 41 148 117 59 212 180 1328 58 1305 133 1271 229 208 177 90 1042 1004 800 204 772
internal_count=2216 2177 43 2134 1861 1840 1803 45 273 169 1758 84 1674 86 104 82 1588 1376 64 41 148 117 59 212 180 1328 58 1305 133 1271 229 208 177 90 1042 1004 800 204 772
is_linear=0
shrinkage=0.05


Tree=100
num_leaves=40
num_cat=0
split_feature=12 25 30 30 16 18 30 24 4 27 8 27 10 13 9 15 24 22 29 7 29 15 8 31 14 9 17 15 28 30 10 16 29 10 0 7 4 20 3
split_gain=5195.55 19891.4 4247.21 2785.63 2410.71 5532.03 4045.98 1818.93 1573.24 1592.15 19222.6 3688.57 5358.71 2340.5 3907.19 1888.38 1780.52 7355 2026.98 1623.21 1344.92 1092.55 1036.28 970.537 1541.87 952.852 885.337 1287.41 3502.63 795.404 793.807 774.36 734.848 1555.37 2507.04 1905.41 730.626 712.133 683.582
threshold=-1.3944663405418394 -1.6300981044769285 -2.4608415365219112 -1.3757219314575193 -1.043636620044708 -1.0568026304244993 1.0098809599876406 -0.82837805151939381 2.1403487920761113 0.16876037418842318 1.3476914763450625 0.20596565306186679 1.0000000180025095e-35 -0.58716601133346547 -0.6248013675212859 1.6533120274543764 1.5304850935935976 0.60860848426818859 -0.051848068833351128 1.5819175839424136 0.58843475580215465 2.0906820297241215 0.96793350577354442 1.2981519699096682 0.92901721596717846 -0.80254772305488575 -0.49061308801174158 -0.24508886784315106 -0.20765082538127896 0.65969780087471019 -1.0616104006767271 -0.45233635604381556 0.42881171405315405 -0.31344148516654963 1.0000000180025095e-35 -0.88038301467895497 -1.0371792912483213 0.065395638346672072 -0.12116631492972373
decision_type=2 2 2 2 2 2 2 2 2 2 2 2 2 2 2 2 2 2 2 2 2 2 2 2 2 2 2 2 2 2 2 2 2 2 2 2 2 2 2
left_child=2 -2 -1 -3 7 -6 8 29 9 13 11 12 -11 14 25 16 19 -18 -19 23 -9 -17 30 26 37 -7 38 28 31 36 -13 -28 -32 35 -35 -34 -5 -25 -15
right_child=1 3 -4 4 5 6 -8 20 -10 10 -12 22 -14 15 -16 21 17 18 -20 -21 -22 -23 -24 24 -26 -27 27 -29 -30 -31 32 -33 33 34 -36 -37 -38 -39 -40
leaf_value=-1.0092746192758735 1.4443998376528422 0.53249115869402885 -0.14435356652655174 0.15654544010758401 0.83716805711388587 0.2458151250900257 0.56749340117939062 -0.17368451711677371 0.42166605038302285 -0.097971055183249223 1.5327324587674369 -0.32693285908550029 1.0456107607483864 -0.083900033206824806 0.73865750407179198 -0.57357837598899319 0.99502877727150918 0.15805779799818995 -0.44511530617108708 -0.47774216270446779 -0.73956393312130664 -0.11212257269931876 -0.35088261843969426 -0.29733043693833883 -0.61382473178207875 -0.17798320750395458 0.25594633895417918 -0.061639538960474916 0.72620867222547536 -0.37854689197106794 -0.031396096715560332 -0.074675976148770237 0.33319662523766364 0.71841842823407864 -0.055062036588788034 -0.21058214905918859 -0.10709395417468433 0.048917678630713265 -0.32590543458859128
leaf_weight=22 24 24 40 32 20 21 31 21 21 21 21 20 20 83 24 29 20 30 26 25 21 23 24 27 20 36 23 462 20 22 546 77 24 22 20 49 147 33 45
leaf_count=22 24 24 40 32 20 21 31 21 21 21 21 20 20 83 24 29 20 30 26 25 21 23 24 27 20 36 23 462 20 22 546 77 24 22 20 49 147 33 45
internal_value=2.79061e-10 0.0129889 -0.451261 -0.00313963 -0.00924368 0.0100764 0.00110095 -0.157365 -0.00858899 -0.0136339 0.0408374 -0.00115969 0.459874 -0.0544341 0.203488 -0.0765885 -0.0594954 0.171965 -0.121987 -0.0810794 -0.456624 -0.369473 -0.0279716 -0.0685268 -0.233627 -0.021847 -0.049924 -0.0237398 0.122174 -0.0948328 -0.0165914 0.00136716 -0.00720138 0.107671 0.350094 -0.0318056 -0.0599629 -0.106894 -0.16898
internal_weight=2216 2154 62 2130 2106 1863 1843 243 1812 1791 767 746 41 1024 81 943 891 76 56 815 42 52 705 790 80 57 710 582 120 201 681 100 661 115 42 73 179 60 128
internal_count=2216 2154 62 2130 2106 1863 1843 243 1812 1791 767 746 41 1024 81 943 891 76 56 815 42 52 705 790 80 57 710 582 120 201 681 100 661 115 42 73 179 60 128
is_linear=0
shrinkage=0.05


Tree=101
num_leaves=40
num_cat=0
split_feature=30 29 30 22 30 16 31 17 19 16 16 17 30 7 7 11 3 12 7 4 6 30 8 7 30 24 11 12 17 15 16 29 29 15 15 4 28 31 5
split_gain=5348.79 3224.4 5992.88 4691.36 1705.28 2117.52 1655.31 1611.76 6386.83 2339.49 6099.88 1529.72 1308.65 1461.34 4860.65 1703.3 1423.95 838.915 966.232 787.713 821.186 788.588 895.777 7727.07 14979.7 1989.66 1148.17 1826.63 881.759 746.268 1623.87 727.206 3764.24 757.663 1847.93 1733.13 764.698 686.634 629.923
threshold=-2.4608415365219112 0.79209810495376598 1.0098809599876406 -1.6769025325775144 0.9120679795742036 -1.2818565368652342 2.9253710508346562 2.6455668210983281 2.2084614038467412 1.9792343378067019 1.840181350708008 -0.75296401977539051 -0.65878006815910328 1.2180948853492739 1.1032164096832278 1.1336319446563723 0.92474040389060985 1.7689762711524966 1.5819175839424136 2.0844084024429326 2.872025847434998 -0.55049610137939442 -0.63483852148056019 -0.55014747381210316 0.12251437827944757 -0.70586934685707081 -0.31712549924850458 -0.30952669680118555 -0.62855255603790272 -0.3122249543666839 -0.30314393341541285 -0.46601891517639155 -0.4077103585004806 0.17341786623001101 0.2545489519834519 0.10006712004542352 -0.077750571072101579 0.1950713321566582 -0.38299234211444849
decision_type=2 2 2 2 2 2 2 2 2 2 2 2 2 2 2 2 2 2 2 2 2 2 2 2 2 2 2 2 2 2 2 2 2 2 2 2 2 2 2
left_child=-1 2 3 -2 5 -3 7 8 9 10 12 -7 -5 14 15 19 17 18 -15 20 21 -14 37 24 -24 -25 38 -28 -29 30 -30 -31 -33 -34 35 -35 -36 -23 -27
right_child=1 4 -4 6 -6 11 -8 -9 -10 -11 -12 -13 13 16 -16 -17 -18 -19 -20 -21 -22 22 23 25 -26 26 27 28 29 31 -32 32 33 34 36 -37 -38 -39 -40
leaf_value=0.71293245829068708 0.69400335651977618 -0.38226791543254102 0.73580583770360264 -0.23428672202995846 -0.55072802747449567 0.26756724204335897 0.44323943950235845 -0.42118087864170478 0.81930992778228673 -0.4899541559700783 0.815276475250721 -0.15836934946336836 0.25833763405015425 -0.045896479097150625 0.60004577977639262 -0.3530283720129066 -0.52858521374671363 0.074220289510082124 -0.41391236589800928 -0.21622928873051045 0.25548205265114382 -0.042576137234899128 -0.0090882201532000006 0.41343394414736673 1.6814647454023364 -0.061984034083085143 0.39914456418267008 -0.31736859194934369 -0.0035696887266661588 -0.1547352532297373 0.5009349257431247 0.63621534827080639 -0.11094048188306774 0.66066942811012275 -0.30503482105939289 0.0024274562299251559 -0.0077615313652831201 -0.21349825833580996 -0.25155705687088464
leaf_weight=26 24 56 28 70 31 35 20 24 23 26 22 53 28 42 33 36 23 44 31 43 31 259 38 26 20 100 27 24 58 95 22 22 195 20 23 20 364 76 78
leaf_count=26 24 56 28 70 31 35 20 24 23 26 22 53 28 42 33 36 23 44 31 43 31 259 38 26 20 100 27 24 58 95 22 22 195 20 23 20 364 76 78
internal_value=-5.97942e-11 -0.00846404 0.00941541 -0.000820591 -0.214333 -0.141915 -0.00931564 -0.0139739 -0.00888121 -0.0189278 -0.0123788 0.0110372 -0.0222318 -0.0138832 -0.000631057 -0.0129814 -0.168934 -0.0982328 -0.202177 -0.0051792 0.000767824 -0.00451388 -0.00953081 0.0117238 0.573861 -0.0186337 -0.0293529 -0.00568044 -0.0186464 -0.0098926 0.135169 -0.0255962 -0.00654614 -0.0292805 0.00801157 0.331548 -0.0254289 -0.0813525 -0.145055
internal_weight=2216 2190 2015 1987 175 144 1963 1943 1919 1896 1870 88 1848 1778 1638 1605 140 117 73 1569 1526 1495 1467 1132 58 1074 1048 870 843 819 80 739 644 622 427 40 387 335 178
internal_count=2216 2190 2015 1987 175 144 1963 1943 1919 1896 1870 88 1848 1778 1638 1605 140 117 73 1569 1526 1495 1467 1132 58 1074 1048 870 843 819 80 739 644 622 427 40 387 335 178
is_linear=0
shrinkage=0.05


Tree=102
num_leaves=40
num_cat=0
split_feature=29 21 19 5 4 0 0 16 3 30 17 17 27 27 22 22 33 30 31 5 30 27 15 8 0 28 4 28 33 28 24 10 11 22 3 3 16 28 29
split_gain=5185.35 3068.8 4957.07 2006.1 1982.05 1819.79 21424.2 3940.57 3267.55 3327.24 2713.04 6429.2 1905.87 4109.41 1875.47 6791.46 5814.98 1589.18 1299.91 1295.37 1103.08 2091.61 3017.85 11722.7 1033.19 1011.12 1040.8 2577.48 833.737 830.428 812.912 1148.28 787.956 754.855 925.373 2144.03 2561.17 750.574 689.8
threshold=3.2934920787811284 -1.6710991859436033 -1.5992504954338072 3.5429087877273564 2.0524426698684697 -0.68312785029411305 -0.66076958179473866 2.2964339256286626 -0.24449787288904187 1.0098809599876406 1.942263722419739 1.7094566822052004 -0.79134586453437794 -0.75597417354583729 0.18278125673532489 0.12176503613591196 -0.047483431175351136 0.58546778559684765 2.4671766757965092 0.12139206379652025 0.098575331270694747 -0.099173549562692628 -0.23811689764261243 -0.65212738513946522 1.1622336506843569 0.24034354090690616 -0.4150747805833816 0.66762471199035656 -0.047335436567664139 -0.42508600652217859 0.015332850161939861 0.045762043446302421 1.0874515175819399 -0.054056769236922257 1.7308740615844729 0.76351371407508861 -0.58120349049568165 -0.018958125263452526 -0.79462745785713185
decision_type=2 2 2 2 2 2 2 2 2 2 2 2 2 2 2 2 2 2 2 2 2 2 2 2 2 2 2 2 2 2 2 2 2 2 2 2 2 2 2
left_child=1 28 -3 4 5 8 -7 10 9 38 11 12 24 -14 15 16 -15 20 -6 25 33 -22 23 29 -8 -16 27 -27 -1 -23 -28 -32 -21 34 35 37 -37 -18 -4
right_child=-2 2 3 -5 18 6 7 -9 -10 -11 -12 -13 13 14 19 -17 17 -19 -20 32 21 22 -24 -25 -26 26 30 -29 -30 -31 31 -33 -34 -35 -36 36 -38 -39 -40
leaf_value=-0.64134004856036464 0.73095176039884491 0.74704910858788276 -0.30325233921069994 0.49104494631290435 -0.12551454227205 1.4819947983138264 -0.1197305240330233 0.62648536112904551 -0.6837737413389342 -0.6840246802568436 -0.53393322179714842 0.85001732124523688 0.6739433850526162 0.7513399735093117 -0.26766194749404404 0.84625616365900402 -0.098234292675148369 -0.29185468365854406 -0.53795983732864261 -0.14556344007419436 -0.081856001193051808 -0.11219577448209749 -0.067246924477572342 1.4701706898212432 -0.49316244455320501 0.6063304400071502 -0.26713217943906786 -0.046088701341210347 -0.20088882616588047 0.29851169008761647 0.35328546535401117 -0.045843801151697089 -0.46585414707660677 -0.28769234498341878 -0.25560405547730625 0.70905440134758302 -0.037826108622054266 0.2126754902303219 -0.017998230723872827
leaf_weight=22 24 22 22 20 81 25 157 25 21 20 24 22 23 26 34 26 165 47 25 151 91 32 49 20 21 24 32 41 21 20 21 127 22 30 37 22 24 22 578
leaf_count=22 24 22 22 20 81 25 157 25 21 20 24 22 23 26 34 26 165 47 25 151 91 32 49 20 21 24 32 41 21 20 21 127 22 30 37 22 24 22 578
internal_value=2.78068e-10 -0.00800312 0.000365428 -0.00735768 -0.0120886 -0.000927037 0.0318083 0.00465124 -0.0703811 -0.0496049 -0.00721583 0.00261405 -0.0121351 0.0127214 -0.00158543 0.0555371 0.020394 -0.0136035 -0.222789 -0.0788019 0.0119391 0.0992424 0.23544 0.441436 -0.163787 -0.0121491 0.0233098 0.194805 -0.426236 0.0457686 -0.0386189 0.0107894 -0.186294 -0.0497552 -0.0233177 0.013569 0.319378 -0.0616567 -0.0284575
internal_weight=2216 2192 2149 2127 2107 2001 1360 1335 641 620 1310 1286 1264 1086 1063 611 585 559 106 452 512 212 121 72 178 279 245 65 43 52 180 148 173 300 270 233 46 187 600
internal_count=2216 2192 2149 2127 2107 2001 1360 1335 641 620 1310 1286 1264 1086 1063 611 585 559 106 452 512 212 121 72 178 279 245 65 43 52 180 148 173 300 270 233 46 187 600
is_linear=0
shrinkage=0.05


Tree=103
num_leaves=40
num_cat=0
split_feature=28 4 16 11 7 12 5 14 24 33 5 11 12 30 23 33 29 29 28 30 28 3 21 29 29 15 3 4 4 30 17 17 30 6 30 11 3 30 29
split_gain=4913.58 14580.7 6256.45 2296.69 11698.6 3609.1 18179.6 2045.65 7314.79 2480.18 2429.9 1713.99 6392.56 12675.5 1712.08 1576.15 1492.56 1720.67 7501.87 2627.47 1777.47 6398.48 1123.66 1022.68 934.391 921.042 892.737 870.557 891.657 904.354 1447.74 949.175 858.115 1371.21 1364.62 1551.36 2428.45 3011.89 974.836
threshold=-1.5452485680580137 0.2291599586606026 -1.5581622719764707 1.6160847544670107 1.6315463185310366 1.2761033177375796 -0.12315795570611952 0.92901721596717846 0.9187980890274049 -0.04747741483151912 3.179359078407288 -1.2946693301200864 -1.2313437461853025 -0.29523576796054835 -1.369966387748718 -0.047483431175351136 1.3590816259384157 0.75466626882553112 -0.64683470129966725 0.9120679795742036 -1.2250468134880064 -0.32442224025726313 -1.6905580163002012 0.58843475580215465 -0.45463125407695765 1.7172574996948244 -0.40090158581733698 2.0844084024429326 -1.0347204208374021 0.28248156607151037 -0.49783913791179651 -0.095331277698278413 0.19448923319578174 2.872025847434998 0.11983910948038103 0.3163351714611054 -0.46980190277099604 0.14941830188035968 0.42881171405315405
decision_type=2 2 2 2 2 2 2 2 2 2 2 2 2 2 2 2 2 2 2 2 2 2 2 2 2 2 2 2 2 2 2 2 2 2 2 2 2 2 2
left_child=1 -1 14 4 5 7 -7 8 10 -9 11 23 13 -13 22 24 17 19 -19 20 21 -14 -2 -4 -5 27 -20 28 29 -22 -31 -32 33 34 38 36 -36 -38 -30
right_child=2 -3 3 15 -6 6 -8 9 -10 -11 -12 12 16 -15 -16 -17 -18 18 26 -21 25 -23 -24 -25 -26 -27 -28 -29 32 30 31 -33 -34 -35 35 -37 37 -39 -40
leaf_value=-0.28786361523717646 -0.53429131247103212 1.5233931279554964 -0.074136642006818548 -0.38610219755768777 1.091606020450592 -0.26129816589323251 1.6097470309957864 -0.099886039895531922 0.8904386638947156 -0.69084727700630377 -0.54164926069123409 1.5335029023885729 -0.23076883834600448 -0.15527846193313599 -0.83595975054346994 -0.60633674824521666 -0.37062031413827623 0.92816050895131552 0.10217751514267277 -0.53432510074150441 -0.15140813945020948 0.96908909767866147 -0.02684113636612892 -0.5619484849983738 -0.027169558490894627 -0.31146259628809414 -0.25552576500358004 -0.23280648422795674 -0.013625788052116573 -0.27700931556700242 0.4825025349855423 0.020372155785560609 -0.043018840500825127 0.43511509478769517 0.025851266576749521 -0.10121457964520564 0.99362405680474775 0.16541000828146935 0.23899363687307373
leaf_weight=25 24 20 22 25 25 37 20 92 23 22 21 20 25 25 23 21 28 26 37 24 175 20 20 21 66 26 33 43 557 21 20 25 423 22 41 33 21 23 41
leaf_count=25 24 20 22 25 25 37 20 92 23 22 21 20 25 25 23 21 28 26 37 24 175 20 20 21 66 26 33 43 557 21 20 25 423 22 41 33 21 23 41
internal_value=-2.87434e-10 0.517139 -0.0107191 0.00442757 0.0168145 0.00315419 0.395209 -0.00854588 0.00449083 -0.213931 -0.00700201 -0.000593564 0.00725102 0.595291 -0.486371 -0.215882 -0.0086515 -0.00245644 0.202921 -0.0152592 -0.00704177 0.302501 -0.303632 -0.31237 -0.125777 -0.0165111 -0.066454 -0.011204 -0.0044074 -0.0919264 0.0657903 0.225763 0.0137598 0.0463036 0.0343569 0.189749 0.302711 0.560694 0.00369427
internal_weight=2216 45 2171 2104 1992 1967 57 1910 1796 114 1773 1752 1709 45 67 112 1664 1636 96 1540 1516 45 44 43 91 1471 70 1445 1402 241 66 45 1161 738 716 118 85 44 598
internal_count=2216 45 2171 2104 1992 1967 57 1910 1796 114 1773 1752 1709 45 67 112 1664 1636 96 1540 1516 45 44 43 91 1471 70 1445 1402 241 66 45 1161 738 716 118 85 44 598
is_linear=0
shrinkage=0.05


Tree=104
num_leaves=40
num_cat=0
split_feature=30 29 30 22 15 15 5 3 8 24 3 27 27 3 27 33 11 28 5 30 29 30 30 6 33 12 30 30 5 29 29 29 30 29 30 29 15 29 5
split_gain=5125.37 2942.91 5753.47 4377.28 1678.22 8062.47 1823.52 1513.88 1263.03 5354.31 1555.7 1326.05 3922.87 1318.68 1164.76 1144.17 1098.62 909.321 740.59 714.429 708.936 680.193 824.721 812.625 602.855 602.36 604.305 839.399 601.646 586.096 522.983 642.14 1504.3 2315.5 1452.97 751.162 464.4 476.843 461.667
threshold=-2.4608415365219112 0.79209810495376598 1.0098809599876406 -1.6769025325775144 2.1951055526733403 1.8629074692726137 3.3049092292785649 -0.82119348645210255 1.1994026899337771 1.4063044190406802 -0.15286046266555783 -1.2386001944541929 -1.1030309796333311 2.6286451816558842 -1.1030309796333311 -0.047462873160839074 -0.9180694818496703 -0.12105827406048773 -0.34696488082408899 0.22169938683509829 1.1902449131011965 -0.65878006815910328 -0.55049610137939442 2.872025847434998 -0.047448830679059022 1.019953787326813 -0.34459145367145533 -0.30713127553462977 -0.26071733236312861 -0.88827767968177784 -0.60456100106239308 -0.41597388684749598 0.15867774188518527 -0.46601891517639155 -0.014886674005538223 -0.49694004654884333 1.1937422156333926 0.14742621034383777 -0.37862537801265711
decision_type=2 2 2 2 2 2 2 2 2 2 2 2 2 2 2 2 2 2 2 2 2 2 2 2 2 2 2 2 2 2 2 2 2 2 2 2 2 2 2
left_child=-1 2 3 -2 5 6 8 16 9 11 -10 -5 -13 21 -9 17 -3 -16 -6 -12 -17 -14 -23 24 25 26 38 -28 -27 -29 -31 32 33 34 -32 -34 -33 -38 -24
right_child=1 7 -4 4 18 -7 -8 14 10 -11 19 12 13 -15 15 20 -18 -19 -20 -21 -22 22 23 -25 -26 28 27 29 -30 30 31 36 35 -35 -36 -37 37 -39 -40
leaf_value=0.69788387555342457 0.66992885097861299 0.27814442696778674 0.72052934659378876 -0.2233267105445266 -0.14369502656368746 0.7854462076735218 0.44836046922774547 -0.61407913973865413 -0.048457273074938939 0.80512499213218691 -0.57356156585738061 0.62621786613017327 -0.20881270724673603 -0.42126900449395183 -0.53018428019114905 -0.22153626913609714 -0.18116663058598836 -0.10755371227860451 -0.52317317396402363 -0.1814567845492136 0.18549596443772318 0.27202487318561624 -0.046938571996159029 0.23336902530581663 -0.16179943525002918 -0.026850042283535006 0.28533990739916382 0.24298010431230069 -0.39477709658443927 -0.13628877477388676 0.25881522970481052 -0.019272269692725597 0.073268205991813121 0.66035087711137275 -0.26451447504971709 -0.35488986879587175 0.23390812052262799 -0.069117560684680932 -0.29157249736289187
leaf_weight=26 24 23 28 75 36 32 21 24 98 20 26 24 43 20 35 23 30 20 20 21 20 26 54 33 69 25 26 24 20 73 36 969 21 23 21 20 37 20 30
leaf_count=26 24 23 28 75 36 32 21 24 98 20 26 24 43 20 35 23 30 20 20 21 20 26 54 33 69 25 26 24 20 73 36 969 21 23 21 20 37 20 30
internal_value=-8.95473e-10 -0.00828538 0.0087958 -0.00123366 -0.00943942 -0.00151709 -0.0149479 -0.204963 -0.0201958 -0.00817492 -0.161876 -0.0178055 -0.00825523 -0.0178322 -0.301892 -0.225438 0.018157 -0.3765 -0.279223 -0.398366 -0.032219 -0.0126929 -0.00717016 -0.0120063 -0.0175222 -0.0104064 -0.00442519 0.00416547 -0.190373 -0.00171116 -0.00652476 0.00173398 0.110673 0.236883 0.0660095 -0.135589 -0.0111136 0.127583 -0.134308
internal_weight=2216 2190 2015 1987 1963 1907 1875 175 1854 1709 145 1689 1614 1590 122 98 53 55 56 47 43 1570 1527 1501 1468 1399 1354 1270 45 1244 1220 1147 121 80 57 41 1026 57 84
internal_count=2216 2190 2015 1987 1963 1907 1875 175 1854 1709 145 1689 1614 1590 122 98 53 55 56 47 43 1570 1527 1501 1468 1399 1354 1270 45 1244 1220 1147 121 80 57 41 1026 57 84
is_linear=0
shrinkage=0.05


Tree=105
num_leaves=40
num_cat=0
split_feature=29 21 22 6 4 5 5 23 3 5 30 30 5 30 33 6 8 3 29 28 4 15 10 33 3 16 4 9 5 5 30 30 33 27 15 29 24 33 27
split_gain=4926.04 2856.01 4581.57 1992.81 2233.71 1745.93 2969.4 14027 32345.2 5057.67 3151.55 2787.96 2397.61 2370.19 1263.14 1209.27 1106.81 996.836 3037.55 929.691 851.997 787.772 780.16 768.214 762.817 685.606 1707.98 694.656 680.295 1807.87 677.641 875.755 973.59 824.973 667.161 663.725 644.157 607.473 575.159
threshold=3.2934920787811284 -1.6710991859436033 -1.6503179669380186 3.2509608268737797 2.1403487920761113 0.93583095073699962 -0.35242359340190882 1.0580972433090212 -0.094295192509889589 -0.32840529084205622 0.78961768746376049 1.0098809599876406 0.78735414147377025 0.73168373107910167 -0.047485608607530587 2.5557608604431157 1.1794789433479311 1.4042866230010989 0.04523908160626889 0.96372437477111828 -0.46302354335784907 -0.832698494195938 1.5550780892372134 -0.047358125448226922 -0.49185001850128168 -0.65469375252723683 0.2291599586606026 -0.61022239923477162 -0.17556152492761609 -0.13407536596059796 -0.26025116443634028 -0.017276935279369351 -0.04748238064348697 0.064031258225440993 0.70827737450599682 0.057194279506802566 -0.70586934685707081 -0.047486433759331696 0.15120091289281848
decision_type=2 2 2 2 2 2 2 2 2 2 2 2 2 2 2 2 2 2 2 2 2 2 2 2 2 2 2 2 2 2 2 2 2 2 2 2 2 2 2
left_child=1 23 -3 4 5 6 11 9 -9 -8 12 15 14 34 37 16 17 21 -19 22 -21 24 -18 -1 -4 26 27 -23 -16 -30 -31 33 -33 -32 -7 -26 -34 -11 -5
right_child=-2 2 3 38 -6 13 7 8 -10 10 -12 -13 -14 -15 28 -17 19 18 -20 20 -22 25 -24 -25 35 -27 -28 -29 29 30 31 32 36 -35 -36 -37 -38 -39 -40
leaf_value=-0.63790716439485551 0.71244046650826931 0.67319735607504849 -0.059743996087002427 -0.50494497373052272 0.50093327598138293 -0.041764014646570313 0.77326856539362954 -0.34475856542587285 1.7619799131625578 -0.1600543849915266 0.540877815335989 -0.53628983343089076 0.47657709859666375 -0.65091712310910221 -0.16757083473261447 0.3536242875669684 -0.26434004284717422 -0.13355424956039147 0.67943287814967335 -0.10494270343333484 -0.52074184228799181 -0.17164039825399718 0.080152547714256117 -0.21419937105282494 -0.10304392989386212 -0.016867697801508971 0.51260297894477846 0.1779423334532314 0.45571815038099883 -0.19749600533044565 0.3499740166962147 0.22203566826604032 0.11037557582403053 -0.0097585570286302017 -0.25431525499924373 -0.49143370972438299 -0.15023603786768105 -0.48253963732201122 -0.16169420368969442
leaf_weight=20 24 25 146 23 22 187 21 35 38 40 24 27 21 20 80 21 27 27 20 22 28 30 42 23 22 712 22 27 20 53 30 27 29 34 46 22 130 23 26
leaf_count=20 24 25 146 23 22 187 21 35 38 40 24 27 21 20 80 21 27 27 20 22 28 30 42 23 22 712 22 27 20 53 30 27 29 34 46 22 130 23 26
internal_value=-8.00513e-11 -0.00780044 0.000272758 -0.00764773 -0.000205298 -0.00557551 0.0117112 0.101967 0.7519 0.0127843 -0.0184685 -0.033983 -0.0460338 -0.128564 -0.0695849 -0.0223715 -0.0292555 -0.0125445 0.212398 -0.173616 -0.33779 -0.0233215 -0.0546489 -0.411273 -0.114743 -0.00136195 0.138386 -0.00604858 -0.0370372 -0.00470689 -0.035098 -0.000669602 -0.0555636 0.158866 -0.0837269 -0.297239 -0.102703 -0.277787 -0.322812
internal_weight=2216 2192 2149 2124 2075 2053 1800 605 73 532 511 1195 487 253 466 1168 1147 1028 47 119 50 981 69 43 190 791 79 57 403 323 303 250 186 64 233 44 159 63 49
internal_count=2216 2192 2149 2124 2075 2053 1800 605 73 532 511 1195 487 253 466 1168 1147 1028 47 119 50 981 69 43 190 791 79 57 403 323 303 250 186 64 233 44 159 63 49
is_linear=0
shrinkage=0.05


Tree=106
num_leaves=40
num_cat=0
split_feature=15 20 11 12 30 29 11 7 27 20 27 30 30 4 29 4 8 29 33 0 29 27 29 4 30 29 27 5 16 29 29 14 19 29 6 0 16 14 29
split_gain=4879.71 5447.59 2320.73 5434.34 12695 1872.73 1845.76 10651.7 3212.08 22256.7 7089.26 3379.19 2905.99 3591.81 5663.55 2014.02 1764.4 1739.37 1508.92 1333.34 921.303 819.503 778.944 762.061 970.506 922.071 708.294 693.41 663.941 707 2934.48 4062.84 8914.45 998.583 704.747 648.194 627.042 559.735 538.685
threshold=-1.584319472312927 -1.6137911677360532 -1.2946693301200864 -1.2313437461853025 -0.31357385218143458 1.3590816259384157 1.6160847544670107 1.6315463185310366 -0.58386245369911183 0.39998349547386175 -0.61005219817161549 1.0098809599876406 0.60025855898857128 -1.0359498858451841 -0.1409986540675163 2.1268247365951543 1.2336158156394961 0.7793947458267213 -0.047483431175351136 0.89286133646965038 -0.45463125407695765 -0.30422385036945337 1.0929369330406191 -1.0347204208374021 0.30846130847930914 0.42881171405315405 -1.0741553902626035 -0.36989144980907435 1.9792343378067019 -0.41597388684749598 -0.52172148227691639 0.21965948492288592 -0.16315869987010953 -0.85986977815628041 2.3750380277633671 -0.45704109966754908 1.0116284489631655 0.70011338591575634 -0.33747386932373041
decision_type=2 2 2 2 2 2 2 2 2 2 2 2 2 2 2 2 2 2 2 2 2 2 2 2 2 2 2 2 2 2 2 2 2 2 2 2 2 2 2
left_child=-1 -2 17 4 -4 6 7 8 9 10 12 15 13 14 -5 16 22 -3 20 26 -8 36 23 24 25 -10 35 -26 29 30 33 32 -32 -25 38 -15 -22 -28 -31
right_child=1 2 3 5 -6 -7 18 -9 11 -11 -12 -13 -14 19 -16 -17 -18 -19 -20 -21 21 -23 -24 28 27 -27 37 -29 -30 34 31 -33 -34 -35 -36 -37 -38 -39 -40
leaf_value=0.55434349484932732 -0.65749341659247884 -0.093025830221073386 1.4940444312989714 -0.082450311098779955 -0.16798246657406843 -0.37812746835477429 -0.35598586863941617 1.0388828511238097 -0.11012791261721151 1.371543792702935 0.92204923838376995 -0.55755592147509259 -0.60308871743353931 -0.40696792908012869 1.0037848160380409 -0.48576722015505258 -0.37015454089816879 -0.69913414336740975 -0.57352997944468542 -0.37683030444690413 -0.077031427389263871 -0.24479203927144411 0.29657704063824247 0.25657401920550249 0.25115208368876885 -0.45299411921397503 -0.013518976644340869 -0.12110218300738118 -0.28050996530131672 -0.12205617341445758 -0.0050548974424600608 -0.18755764765029945 1.4242438495159151 -0.11618512302865179 -0.20724099132764554 -0.072024129245143675 0.28830904842664801 0.27344861563295125 0.013556453561412999
leaf_weight=39 32 29 20 28 27 33 27 25 133 33 20 30 22 20 21 23 34 20 21 34 23 25 21 22 29 23 113 22 20 80 24 22 20 98 42 52 24 20 865
leaf_count=39 32 29 20 28 27 33 27 25 133 33 20 30 22 20 21 23 34 20 21 34 23 25 21 22 29 23 113 22 20 80 24 22 20 98 42 52 24 20 865
internal_value=9.89383e-10 -0.00993082 -0.000270212 0.00768169 0.539263 -0.00451173 0.001604 0.01364 -5.90834e-05 0.133469 0.00966179 -0.0322015 -0.0492019 -0.00689112 0.383079 -0.021538 -0.0141997 -0.340417 -0.188565 -0.0868432 -0.106906 -0.0135015 -0.00568283 -0.0102167 -0.0987764 -0.160679 -0.0387477 0.0905718 0.00514945 0.01002 0.0994397 0.367232 0.644626 -0.0478459 -0.00683109 -0.165064 0.109525 0.029634 0.00207602
internal_weight=2216 2177 2145 2096 47 2049 2016 1896 1871 363 330 1508 310 288 49 1478 1455 49 120 239 99 72 1421 1400 207 156 205 51 1193 1173 186 66 44 120 987 72 47 133 945
internal_count=2216 2177 2145 2096 47 2049 2016 1896 1871 363 330 1508 310 288 49 1478 1455 49 120 239 99 72 1421 1400 207 156 205 51 1193 1173 186 66 44 120 987 72 47 133 945
is_linear=0
shrinkage=0.05


Tree=107
num_leaves=40
num_cat=0
split_feature=12 25 30 28 28 30 5 30 7 24 23 26 4 30 29 13 13 7 3 3 0 29 0 16 15 6 6 9 11 7 28 14 9 9 12 13 33 26 23
split_gain=4772.49 17486.1 4386.06 2612.86 4402.63 3437.8 1888.92 11209.9 7520.79 4537.47 3721.99 5229.33 2113.2 1876.19 1793.9 1680.42 1200.39 1130.1 918.397 2400.67 889.664 886.176 856.875 620.271 578.022 751.992 2234.06 651.789 2370.78 639.724 570.157 1054.11 1654.23 2947.56 1983.45 584.757 748.217 697.732 565.651
threshold=-1.3944663405418394 -1.6300981044769285 -2.4608415365219112 -1.2388885617256162 -1.197591185569763 -1.0270565152168272 -0.30438698828220362 1.0098809599876406 1.6315463185310366 1.4063044190406802 0.9649716615676881 0.9546494483947755 1.9227350354194643 1.0098809599876406 0.10554993525147439 1.374600410461426 1.6231963038444521 -1.172109007835388 -0.62276062369346608 -0.42983973026275629 0.39972749352455145 1.0929369330406191 -0.58814996480941761 -1.2337882518768308 -0.81912797689437855 2.9755042791366582 2.2540702819824223 -0.49795934557914728 -0.52871868014335621 -0.53461477160453785 -0.7546834647655486 -0.052951727062463753 -0.36709570884704584 -0.26567928493022913 -0.15487755089998242 0.039785401895642288 -0.047479422762989991 0.42399521172046667 0.49518230557441717
decision_type=2 2 2 2 2 2 2 2 2 2 2 2 2 2 2 2 2 2 2 2 2 2 2 2 2 2 2 2 2 2 2 2 2 2 2 2 2 2 2
left_child=2 -2 -1 14 -5 -6 13 8 9 10 11 12 18 15 -3 17 -17 -7 -8 -20 -12 23 -21 -19 -25 26 27 28 -26 -29 -24 32 -32 -34 -35 -33 38 -38 -37
right_child=1 3 -4 4 5 6 7 -9 -10 -11 20 -13 -14 -15 -16 16 -18 21 19 22 -22 -23 30 24 25 -27 -28 29 -30 -31 31 35 33 34 -36 36 37 -39 -40
leaf_value=-0.99955983812158766 1.3545288513104121 -0.10253397476373483 -0.12061468657106161 0.68452002154663205 0.63954504955382585 -0.33548940525010784 -0.25554135925060995 1.2265860253572465 0.73133686424957389 0.69669422276995396 -0.26736161449391926 0.72084849017361807 -0.53707947373390208 -0.49983452937819745 -0.51479248021905488 -0.47818930221326428 -0.10693543886009138 0.2484159076755697 0.39651347461363512 -0.28986919900273972 -0.73332348376512524 0.32175180003046994 -0.16994143380969762 -0.12655556179846811 0.0074484794189895167 -0.24092090951673911 0.51170216671058111 -0.30287781279711501 0.59020899891853329 -0.022645005701352961 -0.03353559855797042 -0.28874505504413889 0.63310188903997189 -0.18372931739217357 0.38971208836883309 -0.29692550101562548 0.14619404881571729 -0.11085277836431157 -0.022273813308896245
leaf_weight=22 24 92 40 24 21 27 37 20 36 22 21 24 20 22 37 33 64 22 36 29 20 20 50 113 137 33 21 21 20 674 127 27 32 38 25 38 66 44 37
leaf_count=22 24 92 40 24 21 27 37 20 36 22 21 24 20 22 37 33 64 22 36 29 20 20 50 113 137 33 21 21 20 674 127 27 32 38 25 38 66 44 37
internal_value=-3.54667e-10 0.0124489 -0.432498 -0.00267314 0.0113876 0.00321607 -0.00361568 0.0587586 0.0267195 -0.00988405 -0.0330505 -0.00300929 -0.0316769 -0.0423218 -0.220779 -0.0338279 -0.233238 -0.0160496 -0.0144277 0.00182223 -0.49466 -0.00792063 -0.0258754 -0.0142544 -0.0199254 -0.00662604 0.00223047 -0.0103269 0.0816855 -0.0311125 -0.0100576 0.0083622 0.0845105 0.242319 0.0438268 -0.071378 -0.0396541 0.0433753 -0.161431
internal_weight=2216 2154 62 2130 2001 1977 1956 749 729 693 671 630 606 1207 129 1185 97 1088 586 549 41 1061 513 1041 1019 906 873 852 157 695 484 434 222 95 63 212 185 110 75
internal_count=2216 2154 62 2130 2001 1977 1956 749 729 693 671 630 606 1207 129 1185 97 1088 586 549 41 1061 513 1041 1019 906 873 852 157 695 484 434 222 95 63 212 185 110 75
is_linear=0
shrinkage=0.05


Tree=108
num_leaves=40
num_cat=0
split_feature=30 6 18 11 29 30 33 30 30 30 30 18 30 9 19 6 5 9 3 29 16 17 8 27 13 5 14 3 15 29 6 4 3 3 0 30 29 30 4
split_gain=4974.29 2766.28 4499.43 2111.73 1861.2 5610.06 2042.7 1647.49 1550.35 6073.28 2186.31 5200.18 5823.8 18222 3936.89 2333.17 1799.89 1783.78 1646.66 1440.49 1239.64 1236.33 1116.52 882.646 1348.27 1003.73 857.364 812.659 773.949 1496.81 683.878 678.025 630.191 929.303 3710 775.744 1154.17 2243.8 987.189
threshold=-2.4608415365219112 4.711318016052247 -1.5910865664482114 -1.2946693301200864 0.79209810495376598 1.0098809599876406 -0.047405436635017388 0.9120679795742036 0.3407531082630158 0.32485000789165502 0.11983910948038103 -1.0717446804046629 0.18768508732318881 1.2217946052551272 2.2084614038467412 2.872025847434998 2.2415534257888798 1.1024599671363833 -0.15286046266555783 -0.38030593097209925 -1.2818565368652342 -0.75296401977539051 1.0822968482971194 -0.62518873810768116 0.26934556663036352 -0.428845465183258 0.63678836822509777 1.4042866230010989 -0.20661827176809308 0.10052988305687906 1.5763595104217532 1.9227350354194643 1.5014359951019289 0.80898794531822216 0.86638915538787853 -0.42359459400176996 0.41948790848255163 -0.10449956357479094 0.10006712004542352
decision_type=2 2 2 2 2 2 2 2 2 2 2 2 2 2 2 2 2 2 2 2 2 2 2 2 2 2 2 2 2 2 2 2 2 2 2 2 2 2 2
left_child=-1 2 3 -2 5 6 8 20 9 10 14 -12 13 19 15 17 23 30 -19 -13 -6 -22 27 24 -10 -26 28 -14 -21 -30 32 -25 33 35 -35 38 -37 -38 -4
right_child=1 -3 4 -5 7 -7 -8 -9 16 -11 11 12 22 -15 -16 -17 -18 18 -20 26 21 -23 -24 31 25 -27 -28 -29 29 -31 -32 -33 -34 34 -36 36 37 -39 -40
leaf_value=0.68752095149113579 -0.22288633946216471 0.57718159962445503 -0.26470136309803372 -0.87399728626012818 -0.33883826482940366 0.72659028197328257 0.47991280557418414 -0.53345701579864213 0.037243811190128331 0.76338471795121832 0.84674138751896943 0.36221172917332201 -0.087240634945390583 1.6242469604719769 0.65857694994658234 0.47100597964156243 -0.54902302239090206 -0.11539962244033815 -0.58898780818643237 -0.13857940698106741 0.23671293360846382 -0.14620553480004364 -0.31561448074718745 -0.0085121746468185284 -0.15864328200166877 -0.63626353198831742 -0.24257543658216796 0.1903930409300712 -0.014617200123100747 0.47624981832504276 -0.25742385495986259 -0.23444181895135224 -0.15508697484619915 0.6035502020269633 -0.13600869068312785 -0.033264209728131038 0.59395021352578292 -0.098406286239624025 0.069789711851626635
leaf_weight=26 33 20 71 20 37 27 22 26 30 27 22 37 176 22 20 21 20 50 29 29 35 53 47 324 22 22 27 31 41 25 35 37 92 28 43 510 22 25 32
leaf_count=26 33 20 71 20 37 27 22 26 30 27 22 37 176 22 20 21 20 50 29 29 35 53 47 324 22 22 27 31 41 25 35 37 92 28 43 510 22 25 32
internal_value=-4.9591e-10 -0.00816235 -0.0135572 -0.468589 -0.00216532 0.0108275 0.000860711 -0.17133 -0.00463702 0.0204475 0.00646888 0.096753 0.0588226 0.275546 -0.0357191 -0.0502138 -0.0852382 -0.0618954 -0.289248 0.0889336 -0.0960077 0.00609158 -0.0956144 -0.0639148 -0.221225 -0.397453 0.0060541 -0.0456626 0.0767172 0.171317 -0.0409619 -0.0316684 -0.0317564 -0.0162346 0.155648 -0.034725 -0.0114147 0.225675 -0.160782
internal_weight=2216 2190 2170 53 2117 1966 1939 151 1917 1462 1435 457 435 181 978 958 455 937 79 159 125 88 254 435 74 44 122 207 95 66 858 361 823 731 71 660 557 47 103
internal_count=2216 2190 2170 53 2117 1966 1939 151 1917 1462 1435 457 435 181 978 958 455 937 79 159 125 88 254 435 74 44 122 207 95 66 858 361 823 731 71 660 557 47 103
is_linear=0
shrinkage=0.05


Tree=109
num_leaves=40
num_cat=0
split_feature=28 9 16 11 7 27 20 27 30 31 27 29 3 30 23 8 33 21 28 18 17 4 15 6 15 27 27 9 6 27 29 10 20 11 11 14 15 15 29
split_gain=4742.3 13772.1 5843.87 2142.18 9539.48 3084.04 20172.4 5782.48 3925.76 3073.35 2373.57 7326.3 2232.28 2825.85 1744.46 1673.67 1277.29 1240.78 1040.08 764.372 964.837 736.347 619.865 519.895 526.885 503.109 736.251 1578.32 849.476 522.823 606.006 598.446 4073.63 985.996 1774.58 727.807 582.519 5124.19 816.985
threshold=-1.5452485680580137 -0.67128363251686085 -1.5581622719764707 1.6160847544670107 1.6315463185310366 -0.58386245369911183 0.39998349547386175 -0.61005219817161549 1.0098809599876406 1.1102023720741274 -1.1976896524429319 -0.077669773250818239 2.6286451816558842 -1.0270565152168272 -1.369966387748718 1.2336158156394961 -0.047483431175351136 -1.6905580163002012 -0.94703248143196095 1.757795035839081 0.8607185184955598 -1.0322614908218382 1.7172574996948244 2.872025847434998 1.5760163068771365 1.61289519071579 1.3188517689704897 -0.51890775561332692 2.1578789949417119 1.0399777889251711 0.70453321933746349 -0.28055298328399653 -0.092555843293666826 -0.20600867271423337 -0.1707700043916702 -0.016570810694247481 -0.48069322109222407 -0.56291991472244252 0.20255824923515323
decision_type=2 2 2 2 2 2 2 2 2 2 2 2 2 2 2 2 2 2 2 2 2 2 2 2 2 2 2 2 2 2 2 2 2 2 2 2 2 2 2
left_child=1 -1 14 4 5 6 7 9 12 10 11 -4 13 -7 17 22 19 -2 21 20 -5 -12 23 24 25 26 28 -28 29 30 31 32 36 -33 -35 -36 37 38 -15
right_child=2 -3 3 16 -6 8 -8 -9 -10 -11 18 -13 -14 15 -16 -17 -18 -19 -20 -21 -22 -23 -24 -25 -26 -27 27 -29 -30 -31 -32 33 -34 34 35 -37 -38 -39 -40
leaf_value=1.4860018221475184 -0.52815441290537524 -0.27431849554181098 -0.10027578059583903 -0.23917936626821756 0.9866256737709046 0.56894254146942069 1.3134787286321323 0.82208101692653845 -0.53551960382107144 -0.57860920714835329 -0.4606857503950596 1.0717659942060711 -0.50334593381570736 -0.0756262726230401 -0.8231107656722485 -0.36191888276268458 -0.5601553357782818 0.0050854115188121796 0.02351351631342942 -0.28406985043769789 0.20688945678649129 -0.11825217187200508 -0.18983628663751817 0.19478663818956579 0.24257126273143861 -0.12273739406677045 0.52919659607112413 -0.056832430428928805 -0.31010159487309669 -0.1350527545638894 -0.11831593951615303 -0.22035679096742622 0.56370342129438711 0.37945517713824911 -0.14475527224386786 0.0092434068869395609 -0.089151563939836115 0.78215022276748314 0.13122752354299624
leaf_weight=20 24 25 40 22 25 21 33 21 37 24 20 20 23 166 23 34 21 20 141 42 27 73 45 33 21 92 20 27 23 71 92 53 37 30 91 489 101 22 67
leaf_count=20 24 25 40 22 25 21 33 21 37 24 20 20 23 166 23 34 21 20 141 42 27 73 45 33 21 92 20 27 23 71 92 53 37 30 91 489 101 22 67
internal_value=4.32836e-10 0.508046 -0.0105307 0.00410811 0.0160711 0.00373562 0.133375 0.0184975 -0.0265 -0.0345693 0.00984208 0.290405 -0.0144116 -0.00708554 -0.470232 -0.0150754 -0.208662 -0.285773 -0.0620971 -0.127548 0.00661366 -0.191894 -0.00710734 -0.00137716 -0.00599443 -0.00977421 -0.00171167 0.192542 -0.00906264 -0.00338266 0.0047607 0.0154833 0.0643723 -0.0134962 0.00447697 -0.0149185 0.0124755 0.0527278 -0.0161447
internal_weight=2216 45 2171 2104 1992 1967 372 339 1595 318 294 60 1558 1535 67 1514 112 44 234 91 49 93 1480 1435 1402 1381 1289 47 1242 1219 1148 1056 393 663 610 580 356 255 233
internal_count=2216 45 2171 2104 1992 1967 372 339 1595 318 294 60 1558 1535 67 1514 112 44 234 91 49 93 1480 1435 1402 1381 1289 47 1242 1219 1148 1056 393 663 610 580 356 255 233
is_linear=0
shrinkage=0.05


Tree=110
num_leaves=40
num_cat=0
split_feature=15 20 11 12 5 29 29 27 3 27 27 30 17 24 29 4 11 29 13 6 33 8 26 7 3 30 3 31 6 15 16 29 29 4 4 15 3 16 22
split_gain=4781.9 5032.84 1986.3 4838.92 12593.8 1785.42 4186.35 29127 79980.2 2718.22 9562.78 3211.31 2528.17 21519.5 2096.69 1727.17 1541.12 1475.45 1413.22 1422.9 1390.83 1222.31 1157.56 1859.63 1187.33 1015.46 875.695 1229.42 907.753 800.991 4604.27 773.936 915.474 739.71 1009.5 1453.95 876.027 695.88 1419.35
threshold=-1.584319472312927 -1.6137911677360532 -1.2946693301200864 -1.2313437461853025 -0.36552448570728296 0.24387346208095553 -0.0043747618328779927 -0.61005219817161549 -0.040552949532866471 -0.68579265475273121 -0.52088007330894459 1.0098809599876406 1.8931055068969729 1.3891622424125674 0.21100564301013949 2.0844084024429326 0.84642362594604503 0.7793947458267213 0.88261732459068309 2.872025847434998 -0.047488911077380173 2.2620918750762944 1.6058637499809267 1.5819175839424136 1.14246541261673 0.33584715425968176 0.95643454790115368 -0.010666945483535526 -0.20609266310930249 -0.57336550951004017 -0.54142406582832325 1.3590816259384157 1.0458561778068545 -0.82694241404533375 -0.43843443691730494 -0.11357397958636282 0.27569949626922613 0.099900886416435256 -0.17629089951515195
decision_type=2 2 2 2 2 2 2 2 2 2 2 2 2 2 2 2 2 2 2 2 2 2 2 2 2 2 2 2 2 2 2 2 2 2 2 2 2 2 2
left_child=-1 -2 17 4 -4 6 12 8 -8 25 -11 20 15 -14 16 18 26 -3 19 29 -12 -15 23 24 -20 -7 27 -9 -29 -5 -31 32 33 36 35 -35 -22 38 -32
right_child=1 2 3 5 -6 9 7 14 -10 10 11 -13 13 21 -16 -17 -18 -19 22 -21 31 -23 -24 -25 -26 -27 -28 28 -30 30 37 -33 -34 34 -36 -37 -38 -39 -40
leaf_value=0.54876005581269671 -0.63225414715707307 -0.087379728231964438 1.3809133963151412 -0.095971981328278944 -0.25936228775978093 -0.23655935514605408 -0.18912844252255229 -0.048382697155078258 3.754437798783183 1.0238854345679282 0.22938094267523601 -0.61221583405775692 1.5482808630574834 -0.65182175423417776 0.371100452542305 -0.422521550593705 -0.38318991137273389 -0.64561307862401007 -0.053927778594101528 0.40107693665084387 -0.41911506863201364 -0.11235224863603002 0.033125223381952805 -0.61856925395818863 -0.46925620545040481 -0.66934644385524422 -0.21903220719761318 0.48719948757262466 0.064134346134960649 0.759842444062233 -0.031565124227812415 -0.3830635964870453 0.22100282430648807 -0.14207940556641138 -0.10984589130178019 0.34778281723459564 -0.054624490381684154 -0.055075514263014137 0.21650036474068962
leaf_weight=39 32 29 22 228 25 33 36 150 20 20 38 28 22 21 31 29 33 20 79 21 34 21 55 26 22 23 45 21 32 20 171 21 25 28 197 33 32 367 87
leaf_count=39 32 29 22 228 25 33 36 150 20 20 38 28 22 21 31 29 33 20 79 21 34 21 55 26 22 23 45 21 32 20 171 21 25 28 197 33 32 367 87
internal_value=-3.57368e-10 -0.0098308 -0.000545226 0.00681143 0.508426 -0.00469462 0.0222435 0.169317 1.21929 -0.0855615 -0.0451887 -0.0942288 -0.0240551 0.281477 -0.0191395 -0.0417511 -0.0621909 -0.31523 -0.0314887 -0.00563419 -0.0586807 -0.382087 -0.158488 -0.24147 -0.144395 -0.414311 -0.0194773 0.024759 0.231764 -0.0154176 0.0130574 -0.0882654 -0.0705268 -0.0930214 -0.0548102 0.122928 -0.242392 -0.0108397 0.0520849
internal_weight=2216 2177 2145 2096 47 2049 1537 368 56 512 456 436 1169 64 312 1105 281 49 1076 894 408 42 182 127 101 56 248 203 53 873 645 370 349 324 258 61 66 625 258
internal_count=2216 2177 2145 2096 47 2049 1537 368 56 512 456 436 1169 64 312 1105 281 49 1076 894 408 42 182 127 101 56 248 203 53 873 645 370 349 324 258 61 66 625 258
is_linear=0
shrinkage=0.05


Tree=111
num_leaves=40
num_cat=0
split_feature=27 17 13 11 12 6 11 7 27 0 30 20 30 30 4 18 5 33 31 29 29 29 3 27 30 29 29 33 27 0 4 7 30 30 27 16 21 13 6
split_gain=4532.09 3559.29 5241.42 3579.69 3446.51 2561.13 1600.94 9020.2 3357.86 19170.2 18513.4 4266.84 3362.74 2478.93 6003.36 1890.44 1788.45 1320.87 1175.94 1108.8 838.852 677.295 733.63 667.158 638.037 906.718 2676.15 4816.52 1702.2 1065.99 640.02 750.805 634.325 587.412 570.324 511.618 500.543 810.416 574.772
threshold=-2.1934885978698726 -1.4076604247093198 -1.3370534777641294 -1.2257563471794126 -1.2313437461853025 0.54011785984039318 1.6160847544670107 1.6315463185310366 -0.58386245369911183 1.4164023995399477 0.65969780087471019 0.41756792366504675 1.0098809599876406 0.24774137139320376 -0.97939488291740406 1.7937170863151553 2.941359400749207 -0.047483431175351136 -0.58116391301155079 -0.1202118545770645 -0.45463125407695765 -0.1233600191771984 -0.67374685406684864 -0.30422385036945337 -0.31357385218143458 -0.41597388684749598 -0.52172148227691639 -0.047476824373006814 -0.30422385036945337 -0.64037886261939991 -0.97570654749870289 -0.34461495280265803 -0.43558418750762934 -0.27151162922382349 -0.90070486068725575 1.0116284489631655 1.5525901317596438 1.2828783988952639 2.3750380277633671
decision_type=2 2 2 2 2 2 2 2 2 2 2 2 2 2 2 2 2 2 2 2 2 2 2 2 2 2 2 2 2 2 2 2 2 2 2 2 2 2 2
left_child=-1 2 5 -4 -3 18 7 8 9 10 11 13 15 21 -15 16 24 20 -2 -17 -8 -6 -23 35 30 26 28 29 -26 -28 -10 -32 -33 -27 -16 -22 37 38 -35
right_child=1 4 3 -5 6 -7 17 -9 12 -11 -12 -13 -14 14 34 19 -18 -19 -20 -21 23 22 -24 -25 25 33 27 -29 -30 -31 31 32 -34 36 -36 -37 -38 -39 -40
leaf_value=0.56445338930402478 0.12038245097450589 0.51456372762719793 -1.0415375669797262 -0.30102506187178341 -0.020985113043886748 0.54532009288668637 -0.33895442441657742 0.95409733986854561 0.12769241235577142 1.6432542937994006 1.5168161346390843 -0.7096181314924489 -0.54023481570184229 0.98877402476966381 -0.23931423737889246 -0.61411177337169653 -0.47002264594747906 -0.53786194274822874 -0.38522443181794624 -0.13018391905673618 -0.06966410046038421 -0.044775463324604615 -0.37115642970634832 -0.22084224003553393 0.30037683477004373 0.23340863026678563 0.33221515983343131 0.96870996853844693 -0.13110726203303785 -0.16204135632142425 -0.24677388314157725 0.18207416246086361 -0.15182319359120094 -0.0086236103746347593 0.11102058589458466 0.26034228010103105 0.17798028807155788 -0.32302565547552975 -0.20442077089459279
leaf_weight=35 23 33 24 51 129 20 27 25 26 20 20 23 32 20 21 20 21 21 23 29 23 33 36 25 30 24 20 22 96 24 76 25 33 963 26 24 32 22 39
leaf_count=35 23 33 24 51 129 20 27 25 26 20 20 23 32 20 21 20 21 21 23 29 23 33 36 25 30 24 20 22 96 24 76 25 33 963 26 24 32 22 39
internal_value=1.4292e-09 -0.00905817 -0.252015 -0.537989 0.00773445 0.0729551 -0.000599066 0.0106622 -0.00200471 0.143202 0.0457962 -0.056358 -0.0330529 0.000340058 0.26323 -0.0222474 -0.0119463 -0.177683 -0.132421 -0.327705 -0.101282 -0.0886177 -0.215061 -0.0121544 -0.00522872 0.00660818 0.106729 0.36465 -0.028373 0.0626207 -0.099332 -0.143382 -0.00790192 -0.0111911 -0.045512 0.0988498 -0.0167501 -0.0228355 -0.0162445
internal_weight=2216 2181 141 75 2040 66 2007 1887 1862 328 308 288 1534 265 67 1502 1453 120 46 49 99 198 69 72 1432 1272 192 66 126 44 160 134 58 1080 47 47 1056 1024 1002
internal_count=2216 2181 141 75 2040 66 2007 1887 1862 328 308 288 1534 265 67 1502 1453 120 46 49 99 198 69 72 1432 1272 192 66 126 44 160 134 58 1080 47 47 1056 1024 1002
is_linear=0
shrinkage=0.05


Tree=112
num_leaves=40
num_cat=0
split_feature=29 21 22 27 30 29 27 29 27 10 29 30 17 5 9 18 33 29 4 0 4 0 29 6 29 27 30 4 3 3 6 4 4 30 30 4 15 15 21
split_gain=4858.5 2978.11 5188.95 2312.77 2111.46 2397.85 5552.69 3861.94 19610.3 38328.3 3209.26 3014.69 2156.41 18673.6 2121.67 1630.83 1373.96 1157.3 1147.32 1136.74 1242.46 1227.53 1113.21 1032.53 889.856 754.952 675.23 651.04 1329.96 1784.25 777.047 740.435 1536.73 631.416 785.129 605.881 550.836 4838.78 541.688
threshold=3.2934920787811284 -1.6905580163002012 -1.6769025325775144 -1.2386001944541929 1.2409112453460696 0.24387346208095553 -1.1536921858787534 0.029149958863854412 -0.61005219817161549 0.38340307772159582 0.21100564301013949 0.95535138249397289 1.8931055068969729 0.068988487124443068 1.1692987084388735 0.51528736948966991 -0.047488911077380173 -0.3661032766103744 2.0844084024429326 1.5677230954170229 0.55250677466392528 0.56464204192161571 -0.1960262060165405 2.7452282905578618 0.071945838630199446 1.0000000180025095e-35 0.13509841263294223 -0.80112382769584645 0.27569949626922613 -0.55937233567237843 2.2540702819824223 -0.43843443691730494 -0.54970017075538624 0.4863469004631043 0.6231253743171693 -0.28413775563240046 -0.57336550951004017 -0.5110393464565276 -1.6057115197181699
decision_type=2 2 2 2 2 2 2 2 2 2 2 2 2 2 2 2 2 2 2 2 2 2 2 2 2 2 2 2 2 2 2 2 2 2 2 2 2 2 2
left_child=1 -1 -3 24 5 6 -5 12 9 -9 19 16 14 35 18 -16 25 -17 23 20 26 -22 -19 36 38 -7 -10 28 29 -18 31 32 -29 -33 -35 -14 -8 -38 -4
right_child=-2 2 3 4 -6 11 7 8 10 -11 -12 -13 13 -15 15 17 27 22 -20 -21 21 -23 -24 -25 -26 -27 -28 30 -30 -31 -32 33 -34 34 -36 -37 37 -39 -40
leaf_value=-0.55034679216146465 0.70753978453576571 0.6873322818566252 -0.37729102569547568 0.83594020839248384 0.47832567432652351 0.42197290112264457 -0.087501047039622123 -0.19620486795902253 0.024892548008074802 2.7675023674964905 0.4944343799304578 -0.65600469034651054 -0.12542125327246531 1.5230089783668519 -0.65837065458297728 -0.36560873259336524 -0.15458969564901459 0.22604741087326638 -0.33425518258341724 -0.36492059862613679 0.51658185407519341 -0.0044486845628573342 -0.23663818549651366 0.34594873026013379 -0.51715299720791252 0.0098271201252937319 -0.17109208576819479 -0.03878017460045062 -0.0046288058617048799 -0.73451832816714335 -0.31174257508125802 -0.12970865139523979 0.47062347908504309 0.29490327665751631 -0.088436364119543753 -0.49688502471570084 0.70186874506374197 -0.020383124211765802 -0.091340558200296185
leaf_weight=25 24 27 22 21 23 20 214 24 91 20 31 23 21 20 20 39 36 26 28 25 20 26 26 20 22 25 85 57 45 21 29 183 20 22 34 23 24 687 67
leaf_count=25 24 27 22 21 23 20 214 24 91 20 31 23 21 20 20 39 36 26 28 25 20 26 26 20 22 25 85 57 45 21 29 183 20 22 34 23 24 687 67
internal_value=4.79945e-10 -0.00774679 -0.00148698 -0.0101777 0.00197996 -0.00348164 0.0286461 0.0171134 0.170136 1.15093 0.0149022 -0.0964962 -0.0258077 0.256218 -0.0424587 -0.249563 -0.0703404 -0.159715 -0.0188322 -0.045282 -0.00928664 0.222086 -0.00529539 -0.00948636 -0.232411 0.193003 -0.0697591 -0.0968514 -0.207828 -0.368248 -0.0640411 -0.041309 0.0935325 -0.0847517 0.0621614 -0.319595 -0.0171714 0.00399669 -0.162025
internal_weight=2216 2192 2167 2140 2029 2006 1491 1470 322 44 278 515 1148 64 1084 111 492 91 973 247 222 46 52 945 111 45 176 447 102 57 345 316 77 239 56 44 925 711 89
internal_count=2216 2192 2167 2140 2029 2006 1491 1470 322 44 278 515 1148 64 1084 111 492 91 973 247 222 46 52 945 111 45 176 447 102 57 345 316 77 239 56 44 925 711 89
is_linear=0
shrinkage=0.05


Tree=113
num_leaves=40
num_cat=0
split_feature=30 6 18 33 29 30 16 29 29 27 3 29 30 17 24 23 4 11 27 8 3 12 27 30 4 4 29 31 29 31 33 5 3 31 6 4 4 29 29
split_gain=4522.44 2437.59 4043.4 1943.63 1538.56 1915.07 1646.65 1846.18 4118.73 25478.9 65539.3 3093.74 2652.3 2394.66 20265.3 1591.23 1454.18 1298.04 1274.83 1117.77 958.688 1890.38 958.017 945.971 1051.41 4089.13 1426.66 3501.07 920.285 858.775 858.461 748.879 722.658 1104.16 843.907 664.399 869.839 1513.8 545.938
threshold=-2.4608415365219112 4.711318016052247 -1.5910865664482114 -0.047398863360285752 1.3590816259384157 1.2409112453460696 -1.5267844200134275 0.24387346208095553 -0.0043747618328779927 -0.61005219817161549 -0.12116631492972373 0.21100564301013949 0.95535138249397289 1.8931055068969729 1.3891622424125674 -1.0208426713943479 2.0923999547958378 0.84642362594604503 -0.51698425412178028 2.2620918750762944 0.40040905773639685 0.99506542086601268 -0.91746291518211354 0.58546778559684765 0.10006712004542352 0.20948866754770282 -0.51274108886718739 0.9533381760120393 1.0929369330406191 0.2944366335868836 -0.047488911077380173 0.78735414147377025 0.95643454790115368 0.021316821686923507 -0.20609266310930249 -0.75932234525680531 -0.43843443691730494 0.45624069869518286 -0.26292714476585383
decision_type=2 2 2 2 2 2 2 2 2 2 2 2 2 2 2 2 2 2 2 2 2 2 2 2 2 2 2 2 2 2 2 2 2 2 2 2 2 2 2
left_child=-1 2 3 -2 5 6 -4 8 13 10 -10 17 22 16 -15 -6 18 32 20 -16 29 38 -9 24 31 -26 27 -27 30 -8 -24 -20 33 -11 -35 -32 37 -37 -22
right_child=1 -3 4 -5 15 -7 7 12 9 11 -12 -13 -14 14 19 -17 -18 -19 23 -21 21 -23 28 -25 25 26 -28 -29 -30 -31 35 -33 -34 34 -36 36 -38 -39 -40
leaf_value=0.65555166831383349 -0.79001180296358864 0.54168638944625858 0.45095830515027047 -0.17908305197954177 -0.025350632205605506 0.49113498091697694 -0.095683883510739642 -0.38668702209199018 -0.16505044591887033 -0.045191252459439321 3.442092137336731 0.4697126546093533 -0.62665196602994744 1.5441960177251273 -0.61606101805255531 -0.62370479464530948 -0.4104053076567093 -0.35114292898074245 -0.033879461845396412 -0.10017659146161306 -0.22431669620176159 -0.65589532249353155 0.15857320737380248 0.30715099555253983 0.74257627477248511 0.62834613599947531 -0.046243370359476947 -0.19462991359954079 0.27440855985596063 0.1929792528522426 -0.19911830140597592 -0.27789496709318723 -0.19909918241202831 0.46601401113328483 0.055499542047900544 0.41749856501817706 -0.09395473226104184 -0.095033510379931518 0.083148424666036266
leaf_weight=26 23 20 20 30 25 20 231 22 34 154 20 31 22 21 21 20 26 33 418 21 42 22 39 25 21 28 195 24 21 29 99 34 45 21 31 25 221 34 22
leaf_count=26 23 20 20 30 25 20 231 22 34 154 20 31 22 21 21 20 26 33 418 21 42 22 39 25 21 28 195 24 21 29 99 34 45 21 31 25 221 34 22
internal_value=-1.11566e-10 -0.00778281 -0.012847 -0.444203 -0.00204785 0.00423386 -0.000511767 -0.00495537 0.0216576 0.167456 1.17093 -0.00456749 -0.0903042 -0.0239354 0.275986 -0.291286 -0.0408513 -0.0563375 -0.0320443 -0.358119 -0.111354 -0.256067 -0.0647084 0.00478919 -0.00570948 0.0727583 0.0158102 0.248511 -0.0485728 -0.0634868 -0.0647991 -0.0522346 -0.0175782 0.0220744 0.221284 -0.0877847 -0.0484203 0.122141 -0.118626
internal_weight=2216 2190 2170 53 2117 2072 2052 2032 1549 369 54 315 483 1180 63 45 1117 284 1091 42 346 86 461 745 720 268 247 52 439 260 418 452 251 206 52 379 280 59 64
internal_count=2216 2190 2170 53 2117 2072 2052 2032 1549 369 54 315 483 1180 63 45 1117 284 1091 42 346 86 461 745 720 268 247 52 439 260 418 452 251 206 52 379 280 59 64
is_linear=0
shrinkage=0.05


Tree=114
num_leaves=40
num_cat=0
split_feature=12 25 30 27 27 29 29 29 7 11 23 27 30 30 28 3 15 3 31 15 26 15 4 28 6 6 29 16 4 4 18 11 8 29 29 3 30 27 0
split_gain=4582.68 16734.5 4657.49 2455.86 10618.9 4897.42 5687.3 3207.22 2811.31 3890.49 7075 4075 27358.7 3108.72 1947.14 1651.15 1620.81 1543.4 1183.09 1082.47 962.709 873.02 535.846 815.786 498.714 990.265 481.543 443.734 423.717 440.144 416.123 987.52 705.453 463.945 923.569 762.152 465.657 733.475 711.403
threshold=-1.3944663405418394 -1.6300981044769285 -2.4608415365219112 -0.79134586453437794 -0.75597417354583729 1.0000000180025095e-35 -0.070885017514228807 1.6874600648880007 2.1604351997375493 1.0874515175819399 1.0149004459381106 -0.58386245369911183 0.33584715425968176 1.0567454695701601 0.17753227800130847 -0.82119348645210255 1.8295560479164126 2.6286451816558842 0.82270783185958873 1.6533120274543764 1.4886433482170107 1.0086923837661745 -0.91423377394676197 -0.77050936222076405 3.2509608268737797 2.3458890914916997 -0.3661032766103744 1.3142136931419375 -1.0009103715419767 0.47013325989246374 -1.3859288692474363 -1.0942646265029905 -1.0384363532066343 0.45624069869518286 0.38735149800777441 1.2458158731460574 -0.16912008821964261 0.36348617076873785 0.39972749352455145
decision_type=2 2 2 2 2 2 2 2 2 2 2 2 2 2 2 2 2 2 2 2 2 2 2 2 2 2 2 2 2 2 2 2 2 2 2 2 2 2 2
left_child=2 -2 -1 5 -5 6 18 8 9 10 11 12 28 16 -11 -7 17 24 22 21 -21 -16 26 -24 25 30 -3 -23 -6 -30 -13 -32 -33 34 36 -35 37 -34 -39
right_child=1 3 -4 4 7 15 -8 -9 -10 14 -12 13 -14 -15 19 -17 -18 -19 -20 20 -22 27 23 -25 -26 -27 -28 -29 29 -31 31 32 33 35 -36 -37 -38 38 -40
leaf_value=-1.0081551378423519 1.3251182983318965 -0.29689471357885527 -0.10242157060652973 0.88150042801563233 0.074445603959835502 -0.093476054498127528 0.76852291084471203 0.57629465473194919 0.55610371442003692 -0.68604956424754604 0.89980349642309276 0.22314314782619477 1.8686826012181965 -0.55672186657234479 -0.3062915409153158 -0.6109074710129665 -0.39902157621044254 -0.43344967008701396 -0.43427906223451318 -0.626275606751442 -0.18133012402442195 0.25340619333088399 -0.062054234640239625 0.25756379990623546 -0.22293146204948427 0.32076935259004435 -0.01104543787928728 -0.065481111562500402 -0.25112232423490949 0.030782674700021745 -0.21607753715857314 0.23038266901717042 -0.14714645129318038 -0.12137939548563391 0.25031395604784945 0.2006364126290594 0.015500759968655351 -0.054800569667265965 0.26976441276073454
leaf_weight=22 24 34 40 35 26 21 21 24 22 23 22 20 22 27 22 58 27 21 23 20 31 20 86 26 25 24 26 24 45 20 54 33 120 147 38 21 845 52 25
leaf_count=22 24 34 40 35 26 21 21 24 22 23 22 20 22 27 22 58 27 21 23 20 31 20 86 26 25 24 26 24 45 20 54 33 120 147 38 21 845 52 25
internal_value=6.72561e-10 0.0121988 -0.423811 -0.00259463 0.0189319 -0.136497 -0.0132919 0.00215978 -0.0055988 -0.0126441 0.00928746 -0.00301866 0.286387 -0.0251301 -0.265484 -0.473362 -0.0152452 -0.00797361 -0.0974873 -0.182808 -0.355819 -0.0491187 -0.0524512 0.0121428 -0.00160965 0.00240271 -0.173027 0.0794677 -0.0961458 -0.164382 -0.00323625 -0.00662771 0.00220156 -0.00383207 0.00819165 -0.0811274 -0.000638149 -0.0698634 0.0505777
internal_weight=2216 2154 62 2130 1835 295 216 1800 1776 1754 1614 1592 113 1479 140 79 1452 1425 195 117 51 66 172 112 1404 1379 60 44 91 65 1355 1335 1281 1248 1080 168 1042 197 77
internal_count=2216 2154 62 2130 1835 295 216 1800 1776 1754 1614 1592 113 1479 140 79 1452 1425 195 117 51 66 172 112 1404 1379 60 44 91 65 1355 1335 1281 1248 1080 168 1042 197 77
is_linear=0
shrinkage=0.05


Tree=115
num_leaves=40
num_cat=0
split_feature=30 29 6 20 31 5 30 5 8 16 29 28 29 30 27 5 6 28 29 3 10 15 16 9 7 8 3 7 15 30 29 29 30 27 27 9 9 5 5
split_gain=4641.43 2260.04 2204.93 3449.07 1524.17 1418.76 3131.46 3130.84 7928.33 1864.16 14971.7 1945.55 11087 1782.82 1730.45 1446.71 1021.46 1001.82 994.841 960.023 755.788 705.475 681.387 649.03 608.987 555.526 562.899 1149.34 644.565 619.308 512.585 1673.37 747.743 528.118 1669.68 677.135 1311.95 591.402 670.041
threshold=-2.4608415365219112 2.6909836530685429 4.711318016052247 -1.6137911677360532 2.8130685091018681 0.93583095073699962 1.0098809599876406 0.700014889240265 -0.039666689932346337 1.840181350708008 -0.46025393903255457 -1.2250468134880064 -0.0043747618328779927 0.68561020493507396 -0.55673480033874501 0.017676653340458873 2.872025847434998 -0.2714064866304397 -0.091077558696269975 -0.64549770951271046 -1.2105705142021177 0.72099879384040844 -1.1933746933937071 -1.105413496494293 1.4905631542205813 -1.0384363532066343 1.7170940041542055 -0.33845660090446467 0.18261754512786868 -0.61167719960212696 0.45624069869518286 0.40936382114887243 0.41877903044223791 1.0000000180025095e-35 -0.036157628521323197 0.39516223967075353 0.50188912451267254 -0.16027715057134626 -0.31312091648578638
decision_type=2 2 2 2 2 2 2 2 2 2 2 2 2 2 2 2 2 2 2 2 2 2 2 2 2 2 2 2 2 2 2 2 2 2 2 2 2 2 2
left_child=-1 2 3 -2 5 6 7 9 -9 11 -11 12 -5 21 15 17 20 -13 -19 -12 -16 -7 -22 -24 25 -25 29 -28 -29 -27 31 33 -32 34 -31 37 -37 38 -35
right_child=1 -3 -4 4 -6 13 -8 8 -10 10 19 14 -14 -15 16 -17 -18 18 -20 -21 22 -23 23 24 -26 26 27 28 -30 30 32 -33 -34 35 -36 36 -38 -39 -40
leaf_value=0.66411991852980401 -0.49269181965953773 -0.49042024364074072 0.52002425700426103 -0.10214783526222471 0.38895861122012138 -0.033559769195734813 0.45468999882443595 -0.166720695908253 1.1574319130182267 1.4150353777408602 0.053937244415283206 -0.052136267231620639 1.1824814446947791 -0.56831993393599989 -0.23683841169081832 -0.40301509801712304 0.32203164359797604 -0.081573680539925905 -0.5743095299601555 -0.3341244174715351 0.24093039587691978 -0.25619405433535575 -0.255429625235222 0.24628877673636784 -0.27425185959963572 -0.29263751022517681 0.44912810557521876 -0.22010590832680466 0.13220396879557017 0.010598453875930114 -0.1909521904456265 0.45388965919613844 0.066925632543418379 -0.052400877154855564 0.45269330260546314 0.42924056805315475 -0.012609019423169748 -0.17603782254614331 0.24564475566148758
leaf_weight=26 36 24 20 71 25 186 39 26 20 20 30 214 22 20 37 45 23 21 20 34 27 44 27 22 21 20 20 20 37 299 85 20 42 330 23 21 84 95 20
leaf_count=26 36 24 20 71 25 186 39 26 20 20 30 214 22 20 37 45 23 21 20 34 27 44 27 22 21 20 20 20 37 299 85 20 42 330 23 21 84 95 20
internal_value=2.94148e-10 -0.00788453 -0.00253787 -0.00740798 0.000871748 -0.00378157 0.0114422 0.00181713 0.408998 -0.0088859 0.220936 -0.0204735 0.201743 -0.115524 -0.0336116 -0.14164 -0.00815314 -0.0955153 -0.321933 -0.152221 -0.0142285 -0.0761507 -0.00743829 -0.0130926 -0.00744708 -0.00252362 -0.00742853 0.123013 0.00858647 -0.0170955 -0.0116874 0.00169348 -0.10567 -0.00867799 0.0421767 -0.0384511 0.0757609 -0.0654 -0.0353697
internal_weight=2216 2190 2166 2146 2110 2085 1835 1796 46 1750 84 1666 93 250 1573 300 1273 255 41 64 1250 230 1213 1186 1159 1138 1116 77 57 1039 1019 892 127 872 322 550 105 445 350
internal_count=2216 2190 2166 2146 2110 2085 1835 1796 46 1750 84 1666 93 250 1573 300 1273 255 41 64 1250 230 1213 1186 1159 1138 1116 77 57 1039 1019 892 127 872 322 550 105 445 350
is_linear=0
shrinkage=0.05


Tree=116
num_leaves=40
num_cat=0
split_feature=29 21 22 27 30 28 3 5 13 5 3 30 31 5 4 7 13 5 16 8 24 3 18 3 30 5 29 7 29 16 27 20 23 30 21 13 6 5 4
split_gain=4635.34 2713.73 4705.15 2062.58 1785.26 1959.56 7450.67 1661.48 9738.06 37979.1 22576.8 1757.42 1556.13 1443.28 1343.68 1321.77 1753.16 1172.42 979.832 988.223 1604.28 1573.51 974.456 1057.75 1064.51 957.786 927.742 870.812 1159.68 691.783 646.436 1489.28 607.477 581.805 555.552 546.586 479.298 467.883 449.112
threshold=3.2934920787811284 -1.6905580163002012 -1.6769025325775144 -1.2386001944541929 1.2409112453460696 -1.2250468134880064 -0.31822121143341059 -0.17556152492761609 0.89478415250778209 0.11047465354204179 1.6654188036918642 0.9120679795742036 0.69531184434890758 0.47402445971965795 1.9227350354194643 1.6315463185310366 1.7659478187561037 -0.14062581211328504 1.0954753160476687 -0.267839565873146 -0.26160989701747889 -0.42983973026275629 0.77069455385208141 0.83654806017875682 -0.043311089277267449 -0.28473563492298121 0.071945838630199446 -1.172109007835388 1.1304740905761721 -1.2337882518768308 -0.55673480033874501 0.42660297453403478 -1.0709155797958372 -0.3271189928054809 -1.6057115197181699 -0.66068968176841725 2.872025847434998 -0.31312091648578638 -0.55523273348808277
decision_type=2 2 2 2 2 2 2 2 2 2 2 2 2 2 2 2 2 2 2 2 2 2 2 2 2 2 2 2 2 2 2 2 2 2 2 2 2 2 2
left_child=1 -1 -3 26 5 6 -5 11 14 -10 12 15 13 -11 17 25 -17 -9 19 33 -21 -22 23 -23 -25 27 34 -7 29 -29 31 -31 -32 -19 -4 38 37 -34 -35
right_child=-2 2 3 4 -6 7 -8 8 9 10 -12 -13 -14 -15 -16 16 -18 18 -20 20 21 22 -24 24 -26 -27 -28 28 -30 30 32 -33 36 35 -36 -37 -38 -39 -40
leaf_value=-0.52552217340469365 0.69109948809879529 0.65433117338904634 -0.36587109132246542 -0.3190721421014695 0.43962180510811183 -0.26546683379194957 1.0293781101703645 0.34934670357477099 2.3962183708236333 -0.5249146378234677 1.4653071397117206 -0.49684684042419702 -0.75612208572300998 0.035225261683049409 -0.43426431447267533 -0.60570764930351917 -0.067031618626788261 -0.27428537042517415 -0.33711547186970714 0.35314198720294077 0.39134628189646681 -0.19898472389128682 0.24871798390150071 0.35146922554288595 -0.055794536096372582 -0.1945406167731657 -0.51047675252299418 0.24805484539270403 0.36320016057718374 -0.053542257697795928 -0.2434718496501446 -0.51133796393871311 -0.0070957327418330112 0.19359474275903454 -0.076284358272356786 -0.14258499868050381 0.19053682062555763 0.23197200241542998 -0.051152150238038235
leaf_weight=25 24 27 22 21 23 33 20 21 21 23 21 21 22 23 20 23 44 38 25 37 23 96 25 21 68 77 22 25 21 159 25 20 805 29 67 91 34 21 53
leaf_count=25 24 27 22 21 23 33 20 21 21 23 21 21 22 23 20 23 44 38 25 37 23 96 25 21 68 77 22 25 21 159 25 20 805 29 67 91 34 21 53
internal_value=1.88429e-10 -0.00756678 -0.00159129 -0.00986695 0.00161431 -0.00340771 0.338708 -0.010546 0.054326 0.483586 0.0322911 -0.0431308 -0.410258 -0.244845 -0.0319969 -0.0357275 -0.25195 -0.0167306 -0.0319236 -0.0160612 0.0472943 -0.00127379 -0.044275 -0.0838687 0.0403014 -0.023853 -0.219736 -0.0123543 -0.00482937 -0.0119264 -0.0180349 -0.104693 -0.000507567 -0.0971322 -0.147868 -0.0582199 0.00655535 -0.00101774 0.0354047
internal_weight=2216 2192 2167 2140 2029 2006 41 1965 657 110 89 1308 68 46 547 1287 67 527 506 481 270 233 210 185 89 1220 111 1143 1110 1089 1064 179 885 211 89 173 860 826 82
internal_count=2216 2192 2167 2140 2029 2006 41 1965 657 110 89 1308 68 46 547 1287 67 527 506 481 270 233 210 185 89 1220 111 1143 1110 1089 1064 179 885 211 89 173 860 826 82
is_linear=0
shrinkage=0.05


Tree=117
num_leaves=40
num_cat=0
split_feature=11 22 30 28 28 30 30 28 29 4 12 5 13 9 5 0 10 27 30 15 23 29 0 28 27 27 30 5 30 11 25 2 27 15 15 15 15 7 14
split_gain=4342.09 15750.1 4397.4 2396.67 3534.45 3071.4 2077.38 19344.2 1721.16 1677.89 6261.52 18650 2877.53 6393.92 1630.2 1345.37 1194.95 1073.09 1268.55 952.734 3457.99 1262.2 972.637 1741.11 913.222 889.834 1514.71 765.737 749.103 748.449 730.866 670.614 790.139 828.66 1647.86 782.599 2791.96 1198.02 947.029
threshold=-1.3570068478584287 -1.6634678840637205 -2.4608415365219112 -1.2388885617256162 -1.197591185569763 -1.0270565152168272 1.0098809599876406 -0.16141038388013837 0.10554993525147439 0.55250677466392528 0.89923599362373363 0.09737375378608705 0.97933045029640209 1.0898658037185671 -0.086038753390312181 2.798500776290894 -1.2211973071098325 -0.4262572824954986 -0.55049610137939442 0.59002515673637401 0.042625412344932563 -0.26970542967319483 0.41779297590255743 -0.22967116534709928 -0.61005219817161549 -0.30422385036945337 -0.063162293285131441 0.017676653340458873 0.40120925009250646 1.6160847544670107 1.7485190629959109 2.2576968073844914 1.0067543983459475 -0.53921172022819508 -0.46841382980346674 -0.25301203131675715 -0.17019593715667722 -0.36946609616279596 -0.016570810694247481
decision_type=2 2 2 2 2 2 2 2 2 2 2 2 2 2 2 2 2 2 2 2 2 2 2 2 2 2 2 2 2 2 2 2 2 2 2 2 2 2 2
left_child=2 -2 -1 8 -5 -6 9 -8 -3 12 15 30 13 16 24 19 -7 27 -19 21 -21 -11 23 -23 29 26 -20 -18 -16 -14 -12 32 33 -27 -35 -36 -37 -38 -39
right_child=1 3 -4 4 5 6 7 -9 -10 10 11 -13 14 -15 28 -17 17 18 25 20 -22 22 -24 -25 -26 31 -28 -29 -30 -31 -32 -33 -34 34 35 36 37 38 -40
leaf_value=-0.97850253256884501 1.2352356094580432 -0.099788022622629841 -0.10588921709429651 0.61355602027227485 0.61958356175571683 -0.3828124824425449 1.4700811833143235 -0.67845880055524921 -0.51237143466515211 -0.18140474029448039 0.047739869932974542 1.4352613941315682 -0.52477449150312516 0.87558396965265273 -0.58118709930115287 -0.37423959063986939 -0.059735524518272055 0.32186654902874468 0.52169721701315475 0.69952106313271967 -0.020369783613452878 -0.029967351506153747 -0.0303980252040284 0.49573909789323811 -0.030328011326491836 -0.1135059436952526 0.018561496427999095 -0.25870784421761833 -0.21588558729576027 -0.10263447310731172 -0.32908078797838908 0.19802363795392655 -0.12959502085637783 0.46122912352993373 -0.17430238670741138 0.60763297429308294 0.28419278253088981 -0.17628309987025498 0.019691216143871509
leaf_weight=22 26 91 42 24 20 23 20 22 35 96 31 31 21 20 36 24 208 31 21 22 69 36 161 28 88 132 52 63 23 21 22 34 155 21 52 20 34 81 258
leaf_count=22 26 91 42 24 20 23 20 22 35 96 31 31 21 20 36 24 208 31 21 22 69 36 161 28 88 132 52 63 23 21 22 34 155 21 52 20 34 81 258
internal_value=3.06856e-10 0.0120699 -0.40585 -0.00288886 0.010436 0.00311065 -0.00319275 0.344655 -0.214395 -0.0108258 0.0658238 0.46111 -0.0394182 -0.010968 -0.220807 -0.0103323 -0.0259309 -0.0188669 0.0076321 0.0108662 0.15367 -0.029617 0.0351457 0.200029 -0.12188 -0.00369496 0.163299 -0.105991 -0.438781 -0.313704 -0.108676 -0.0191849 -0.0289924 -0.00291652 0.0284092 0.00798403 0.0321034 0.00124385 -0.0271345
internal_weight=2216 2152 64 2126 2000 1976 1956 42 126 1914 520 84 1394 1205 189 436 1185 1162 891 412 91 321 225 64 130 860 73 271 59 42 53 787 753 598 466 445 393 373 339
internal_count=2216 2152 64 2126 2000 1976 1956 42 126 1914 520 84 1394 1205 189 436 1185 1162 891 412 91 321 225 64 130 860 73 271 59 42 53 787 753 598 466 445 393 373 339
is_linear=0
shrinkage=0.05


Tree=118
num_leaves=40
num_cat=0
split_feature=30 29 6 20 11 7 12 11 3 26 5 33 27 29 30 29 30 17 10 13 15 26 10 33 6 6 5 5 13 30 30 29 28 22 22 20 21 20 20
split_gain=4840.98 2305.51 2070.78 3692.41 1411.21 8586.03 2860.84 16403.1 2360.31 1888.69 1477.23 1424.19 1400.81 7402.2 1395.33 847.28 844.141 825.524 957.04 671.249 666.628 635.612 1553.57 1735.73 769.737 1516.32 730.709 4272.5 608.797 560.946 1064.68 551.96 531.455 556.271 1120.49 1113.85 1014.97 2988.54 1298.88
threshold=-2.4608415365219112 2.6909836530685429 4.711318016052247 -1.6137911677360532 1.6160847544670107 1.6315463185310366 1.2761033177375796 1.3154855370521548 2.5976400375366215 0.70163902640342724 -0.36989144980907435 -0.047483431175351136 -1.1976896524429319 -0.021138607524335381 1.2409112453460696 -0.49694004654884333 0.9120679795742036 0.20855872333049777 0.89332944154739391 1.8765745759010317 1.7172574996948244 -0.96746560931205738 -0.8947840929031371 -0.047464711591601365 2.9755042791366582 1.911571264266968 0.82119813561439525 1.1476287245750429 -1.0021973252296446 -0.31357385218143458 -0.27151162922382349 0.91963148117065441 -0.96137806773185719 -0.23650609701871869 -0.047170149162411683 -0.24724111706018445 0.051940530538558967 0.010832263622432949 0.085347376763820662
decision_type=2 2 2 2 2 2 2 2 2 2 2 2 2 2 2 2 2 2 2 2 2 2 2 2 2 2 2 2 2 2 2 2 2 2 2 2 2 2 2
left_child=-1 2 3 -2 5 6 8 -8 9 12 -11 15 13 -5 16 -6 21 -12 -19 -17 -21 28 23 -23 25 26 29 -28 31 -24 -31 -14 -32 35 -35 -34 37 -36 -38
right_child=1 -3 -4 4 11 -7 7 -9 -10 10 17 -13 14 -15 -16 19 -18 18 -20 20 -22 22 24 -25 -26 -27 27 -29 -30 30 32 -33 33 34 36 -37 38 -39 -40
leaf_value=0.67824568198277402 -0.5094827649390532 -0.49541774044434234 0.50376432955265049 -0.074621742749113151 -0.37632902741432189 0.93196455383300791 1.4155483513393188 -0.33662202463430518 0.43680045373480897 -0.040877652102687831 -0.57689675912261007 -0.5397289102985745 -0.020471334897872038 1.0384496117802338 0.38670470281080771 0.23823703728616238 -0.31496748237506206 -0.071854225832309257 -0.40772466396814899 0.03973450885287353 -0.30678511981083001 0.02418402096739522 -0.12588897700570209 0.63874234380200512 -0.2875611432517568 0.40971629348668187 0.73782335438511593 -0.018714936968030001 -0.31607119882336032 0.31808752678334717 -0.2227643586935536 -0.25110430215154927 0.011229252682099324 -0.18091593486698052 -0.066157040399749109 0.33280125349760059 -0.35150203506151834 0.66733183644357186 -0.0098291330090699569
leaf_weight=26 36 24 20 59 20 25 22 34 29 142 20 21 159 20 22 20 23 48 38 35 23 27 119 20 24 22 22 123 26 24 31 31 263 114 41 30 30 21 382
leaf_count=26 36 24 20 59 20 25 22 34 29 142 20 21 159 20 22 20 23 48 38 35 23 27 119 20 24 22 22 123 26 24 31 31 263 114 41 30 30 21 382
internal_value=4.47863e-10 -0.00805223 -0.00265206 -0.00737169 0.00119513 0.011192 -0.000516727 0.351731 -0.0108444 -0.0177459 -0.146311 -0.166063 0.00177899 0.207168 -0.0086623 -0.0859917 -0.0143399 -0.287552 -0.220262 -0.0115463 -0.0976784 -0.00975777 0.00350546 0.285698 -0.00713905 -0.00163158 -0.00917296 0.0960702 -0.0891529 -0.0236377 -0.0106378 -0.0581009 -0.0192884 -0.0121287 -0.0401746 0.0441547 -0.00632544 0.182283 -0.0347082
internal_weight=2216 2190 2166 2146 2110 1991 1966 56 1910 1881 248 119 1633 79 1554 98 1532 106 86 78 58 1509 1293 47 1246 1222 1200 145 216 1055 936 190 912 881 588 293 474 62 412
internal_count=2216 2190 2166 2146 2110 1991 1966 56 1910 1881 248 119 1633 79 1554 98 1532 106 86 78 58 1509 1293 47 1246 1222 1200 145 216 1055 936 190 912 881 588 293 474 62 412
is_linear=0
shrinkage=0.05


Tree=119
num_leaves=40
num_cat=0
split_feature=15 20 11 12 30 6 4 5 30 5 30 30 16 5 12 6 27 7 30 9 11 7 24 25 24 30 27 29 5 27 3 29 6 21 3 7 4 12 10
split_gain=4516.06 5347.07 1819.07 4196.5 11315.3 1518.07 2741.27 1582.03 4069.15 3033.75 6453.23 1907.25 1780.45 13887.9 1462.42 1721.04 1579.33 5670.05 1382.92 795.822 768.633 1010.96 1034.72 735.524 629.632 734.657 1070.9 1020.65 615.704 597.739 648.103 482.781 476.406 919.604 418.744 338.849 315.56 305.442 1096.95
threshold=-1.584319472312927 -1.6137911677360532 -1.2946693301200864 -1.2313437461853025 -0.31357385218143458 2.9755042791366582 2.1403487920761113 0.93583095073699962 1.0098809599876406 0.700014889240265 0.05640011094510556 0.73168373107910167 1.840181350708008 -0.19084589928388593 0.82898306846618663 2.2832190990448002 -1.1976896524429319 -0.56186982989311207 -0.5347447097301482 -0.51890775561332692 1.8413416147232058 1.6315463185310366 1.4897884726524355 1.0595519542694094 0.93824729323387157 -0.15280977636575696 -0.26530010998249048 -0.21396912634372708 -0.068570896983146654 -0.76310309767723072 -0.1287453509867191 -0.33747386932373041 1.3081901073455813 0.18769143521785739 0.8902902901172639 1.1551225781440737 -0.93021669983863819 0.67860659956932079 0.62532278895378124
decision_type=2 2 2 2 2 2 2 2 2 2 2 2 2 2 2 2 2 2 2 2 2 2 2 2 2 2 2 2 2 2 2 2 2 2 2 2 2 2 2
left_child=-1 -2 18 4 -4 6 7 8 9 12 -11 23 14 31 15 16 17 -5 -3 -7 21 22 28 24 25 34 27 -27 35 30 36 -14 37 -34 -9 -16 -18 -31 -39
right_child=1 2 3 5 -6 19 -8 11 -10 10 -12 -13 13 -15 20 -17 29 -19 -20 -21 -22 -23 -24 -25 -26 26 -28 -29 -30 32 -32 -33 33 -35 -36 -37 -38 38 -40
leaf_value=0.53328802159103839 -0.65111374305561187 -0.62098563417792318 1.3755980652570725 0.90743474438786509 -0.19351936518042179 -0.0075203923881053932 0.58598323613405234 -0.34261870411309331 0.57327510761097078 -0.20820042036828543 1.017182714288885 -0.57593746689103897 -0.35437794290482999 1.3652983642369509 -0.08773785741941538 0.44983008461339136 -0.21908100590109827 -0.24368006878572965 -0.080538667198912853 -0.40089439146427647 0.054698605422021408 -0.50273996564474976 -0.42693236114887095 -0.3340403205752373 -0.29934887042777109 0.47281113966651589 -0.065537840282408208 0.019550846351517572 -0.28679496109751718 -0.0068429143687920198 -0.32793519698704282 -0.054735646687629751 -0.41574904054403305 0.063730788528919224 -0.051118501382214687 0.10950993254329221 0.015255730147199595 0.40234408722746945 -0.035297586156262294
leaf_weight=39 32 20 20 20 27 20 20 22 32 21 22 21 20 20 64 21 20 23 29 36 41 22 26 25 22 23 82 27 28 1082 30 41 20 20 28 33 51 21 45
leaf_count=39 32 20 20 20 27 20 20 22 32 21 22 21 20 20 64 21 20 23 29 36 41 22 26 25 22 23 82 27 28 1082 30 41 20 20 28 33 51 21 45
internal_value=-1.34718e-10 -0.00955362 1.7439e-05 0.00705761 0.47419 -0.00365749 0.00355665 -0.00234732 0.0147073 0.00413709 0.41874 -0.119887 -0.00668082 0.221904 -0.0184966 0.000713442 -0.00636723 0.291722 -0.301129 -0.260404 -0.139951 -0.186082 -0.139946 -0.0780663 -0.046697 -0.0161566 0.0456699 0.228051 -0.0802532 -0.0163112 -0.133085 -0.152979 -0.00638347 -0.176009 -0.179379 -0.0206329 -0.0507546 -0.00047317 0.103952
internal_weight=2216 2177 2145 2096 47 2049 1993 1973 1723 1691 43 250 1648 81 1567 1353 1332 43 49 56 214 173 151 229 204 182 132 50 125 1289 101 61 1188 40 50 97 71 1148 66
internal_count=2216 2177 2145 2096 47 2049 1993 1973 1723 1691 43 250 1648 81 1567 1353 1332 43 49 56 214 173 151 229 204 182 132 50 125 1289 101 61 1188 40 50 97 71 1148 66
is_linear=0
shrinkage=0.05


Tree=120
num_leaves=40
num_cat=0
split_feature=29 30 30 18 27 33 31 15 22 11 11 16 24 33 7 7 29 30 27 6 6 24 5 16 3 18 5 30 3 12 33 33 29 30 31 22 20 10 14
split_gain=4307.3 2674.57 4791.98 2394.85 1789.73 1510.33 1488.37 1315.94 5922.22 2542.81 19405.9 2712.83 2372.93 2219.86 1267.72 9013.18 4134.03 2661.03 1305.1 1104.94 2519.62 1147.82 1041.71 758.785 767.666 700.563 665.127 875.526 665.054 862.651 567.133 1548.51 892.201 695.161 562.818 573.704 506.423 491.833 726.815
threshold=3.2934920787811284 -0.88363802433013905 -0.7744469642639159 -1.5910865664482114 -1.9179521799087522 -0.047405436635017388 2.9253710508346562 2.7634010314941411 2.3331806659698491 1.2957069873809817 1.1975004673004153 1.840181350708008 0.85250473022460949 -0.047482674941420548 -0.59727227687835682 -0.56186982989311207 0.75466626882553112 1.0098809599876406 -1.1536921858787534 2.9755042791366582 1.844528913497925 -0.70586934685707081 -0.40046019852161402 0.29826821386814123 0.60917702317237865 -1.256019592285156 -0.54020306468009938 -0.43558418750762934 -0.3340682834386825 -0.59154635667800892 -0.047473024576902383 -0.047474229708313935 -0.44043858349323267 -0.21799339354038236 1.0649219751358034 0.45603261888027197 0.042302111163735397 -0.83109101653099049 -0.91818028688430775
decision_type=2 2 2 2 2 2 2 2 2 2 2 2 2 2 2 2 2 2 2 2 2 2 2 2 2 2 2 2 2 2 2 2 2 2 2 2 2 2 2
left_child=1 4 -3 -4 -1 6 7 8 9 10 11 12 14 -11 17 -16 18 26 -17 20 21 -20 -14 -24 -25 -6 28 -28 29 37 31 -23 -32 -34 -35 36 -36 38 -5
right_child=-2 2 3 5 25 -7 -8 -9 -10 13 -12 -13 22 -15 15 16 -18 -19 19 -21 -22 30 23 24 -26 -27 27 -29 -30 -31 32 -33 33 34 35 -37 -38 -39 -40
leaf_value=-0.65768851538499196 0.66619664124834044 0.67764834532370932 -0.39866644071513102 -0.046363218052312735 0.040327836200594908 0.38817925316095359 0.4263617900013924 -0.37513209631045663 0.85338765896856794 -0.10508962015075417 1.516101991846448 0.50449497082829475 -0.07141451144590974 -0.56450990306980475 1.0265221599150789 -0.32213904713986047 0.52482119062663735 -0.58630413388212521 0.28349785055174975 -0.37113354712724689 0.55988761633634565 -0.0079736985418253671 -0.61542498908936982 -0.083087252619965329 -0.47476688846945764 -0.3351919428161953 -0.40615419088439508 -0.073752777956089186 0.28365466154757002 0.29908270418643951 -0.29210548899894534 0.43761854693293573 0.21220974117362254 -0.21015208062644186 -0.046223163418471817 -0.139671264554179 0.26895429718494418 -0.1683457928203177 0.27720434204453515
leaf_weight=24 24 26 38 100 27 25 20 24 20 116 21 25 60 34 22 33 37 24 33 20 20 776 20 29 22 23 22 199 21 20 43 20 24 52 26 43 25 57 21
leaf_count=24 24 26 38 100 27 25 20 24 20 116 21 25 60 34 22 33 37 24 33 20 20 776 20 29 22 23 22 199 21 20 43 20 24 52 26 43 25 57 21
internal_value=-1.39554e-09 -0.00729413 0.00302945 -0.00535492 -0.302771 0.00192153 -0.00283768 -0.00711045 -0.00266081 -0.0113738 0.00497756 -0.0127112 -0.0200205 -0.209225 -0.00364376 0.0240097 0.00486447 -0.0736117 -0.0123897 -0.00294263 0.00399128 -0.00667851 -0.224792 -0.354407 -0.252047 -0.132411 -0.0456467 -0.106843 0.016108 -0.0122681 -0.0161689 0.00322209 -0.0886348 -0.0371687 -0.0781624 -0.00514691 0.108276 -0.0472514 0.00979314
internal_weight=2216 2192 2118 2092 74 2054 2029 2009 1985 1965 1815 1794 1769 150 1638 1174 1152 464 1115 1082 1062 1042 131 71 51 50 440 221 219 198 1009 796 213 170 146 94 51 178 121
internal_count=2216 2192 2118 2092 74 2054 2029 2009 1985 1965 1815 1794 1769 150 1638 1174 1152 464 1115 1082 1062 1042 131 71 51 50 440 221 219 198 1009 796 213 170 146 94 51 178 121
is_linear=0
shrinkage=0.05


Tree=121
num_leaves=40
num_cat=0
split_feature=28 30 7 30 30 30 4 14 10 23 23 11 12 9 33 15 30 20 27 4 15 23 30 6 17 15 7 5 5 24 5 6 18 9 29 29 12 7 29
split_gain=4299.93 12076.5 5071.25 3646.69 2242.53 1657.43 1653.44 6025.74 18949.3 3555.73 21013.1 2377.1 6593.89 2237.63 2022.21 1713.27 1609.08 1639.23 2052.42 1368.59 1029.77 3160.5 849.533 751.486 689.38 799.8 779.596 649.707 4231.22 646.785 614.109 588.928 512.057 861.878 523.837 500.861 582.324 1117.8 501.19
threshold=-1.5452485680580137 -0.18787831068038938 -1.3164669871330259 -2.4608415365219112 -1.3757219314575193 1.2409112453460696 0.55250677466392528 1.4059720635414126 1.6993367671966555 1.1383608579635622 1.0408725142478945 1.1082034707069399 0.89923599362373363 -1.0603730678558347 -0.047483224421739571 1.8295560479164126 0.86204820871353161 -1.5837461352348325 -1.1976896524429319 2.1176037788391118 0.59002515673637401 0.042625412344932563 -0.050173349678516381 1.739593029022217 0.8474506437778474 1.6533120274543764 1.3743400573730471 0.82119813561439525 1.1760140061378481 -1.4537886977195738 0.4893088191747666 0.038757665082812316 -1.3859288692474363 -1.105413496494293 -0.79462745785713185 -0.26970542967319483 0.52147972583770763 0.17572047561407092 -0.53842404484748829
decision_type=2 2 2 2 2 2 2 2 2 2 2 2 2 2 2 2 2 2 2 2 2 2 2 2 2 2 2 2 2 2 2 2 2 2 2 2 2 2 2
left_child=1 -1 3 -2 -4 6 9 11 -9 10 15 12 13 -8 22 16 17 -6 -19 20 23 -22 -11 35 -24 26 -26 30 -29 -5 31 32 -20 -34 -35 38 37 -37 -15
right_child=2 -3 4 29 5 -7 7 8 -10 14 -12 -13 -14 19 -16 -17 -18 18 27 -21 21 -23 24 -25 25 -27 -28 28 -30 -31 -32 -33 33 34 -36 36 -38 -39 -40
leaf_value=1.3995463033020497 -0.96175194761969829 -0.24884973514080047 0.48447135848303635 -0.022500102497913219 -0.44690421142361381 0.45134007811546328 0.41186319325596188 1.7697642767801882 -0.29508191853761673 -0.43061871460771989 1.4012789161302723 -0.51541554166004067 0.90739631383191977 0.030723293079063296 -0.69947942156683318 -0.48211284154759987 -0.42410638254880911 0.3775528396677339 0.22987917448793138 -0.37958748289025745 0.62126015491783626 -0.033663669699536901 -0.33315719895321749 -0.24086357697167179 -0.15012283220887185 -0.22429666543329085 0.26174392137262553 0.7513764315843583 -0.055152405100478523 -0.39248073924155463 -0.21433239440123242 -0.14668844114665106 -0.22619223624157409 -0.19843195891806059 -0.0011448459132660138 0.010301145832118108 -0.22113061036382403 0.40888049077242616 -0.22473525243500869
leaf_weight=20 22 25 24 27 22 20 31 20 25 28 26 20 21 32 22 21 25 33 21 26 25 70 29 44 20 37 27 20 87 21 45 92 48 35 870 146 21 20 48
leaf_count=20 22 25 24 27 22 20 31 20 25 28 26 20 21 32 22 21 25 33 21 26 25 70 29 44 20 37 27 20 87 21 45 92 48 35 870 146 21 20 48
internal_value=-5.82289e-10 0.483771 -0.0100275 -0.428688 0.00392121 -0.00163161 -0.00603581 0.0682595 0.622628 -0.0330836 -0.00635565 0.0187624 0.0408358 0.0015318 -0.253631 -0.0341028 -0.0268546 -0.0190531 -0.0115289 -0.0279133 -0.00539227 0.138685 -0.184065 -0.0494029 -0.122973 -0.0504089 0.0864815 -0.0220705 0.0956006 -0.184367 -0.0334034 -0.0257657 -0.0143438 -0.0197255 -0.00877473 -0.0178514 0.0269403 0.0583228 -0.122552
internal_weight=2216 45 2171 70 2101 2077 2057 549 45 1508 1345 504 484 463 163 1319 1298 1273 1251 432 406 95 141 311 113 84 47 1218 107 48 1111 1066 974 953 905 267 187 166 80
internal_count=2216 45 2171 70 2101 2077 2057 549 45 1508 1345 504 484 463 163 1319 1298 1273 1251 432 406 95 141 311 113 84 47 1218 107 48 1111 1066 974 953 905 267 187 166 80
is_linear=0
shrinkage=0.05


Tree=122
num_leaves=40
num_cat=0
split_feature=30 30 30 28 30 30 30 5 3 3 26 8 9 27 5 18 7 14 33 15 14 22 5 5 5 4 9 31 22 6 14 5 22 33 21 22 22 28 3
split_gain=4751.72 2342.5 3280.75 2326.15 1866.46 4669.51 2641.9 1666.94 1330.85 3699.15 1571.95 12853.5 1639.26 2237.84 7862.99 1538.21 1310.01 3114.65 1334 1215.06 1080.66 1137.58 978.837 3137.52 920.813 851.603 1241.32 768.603 734.2 693.187 688.799 542.561 605.88 1780.21 832.932 939.997 816.107 627.357 1024.65
threshold=-2.4608415365219112 -0.95633739233016957 -0.81057617068290699 -1.449693977832794 1.3463437557220461 1.0567454695701601 0.9120679795742036 3.3049092292785649 1.7308740615844729 1.6123655438423159 1.385194003582001 1.4510754346847536 0.53685480356216442 -1.1976896524429319 -0.32185484468936915 1.7937170863151553 0.32105529308319097 0.10790948569774629 -0.047486646100878709 -1.5233836174011228 0.96544003486633312 -0.5666460096836089 0.82119813561439525 1.1760140061378481 -0.16027715057134626 -0.20975569635629651 0.44274401664733892 0.2944366335868836 1.3542641997337344 1.739593029022217 -0.57499706745147694 -0.57077184319496144 0.43905407190322882 -0.047480842098593705 0.051940530538558967 -0.047170149162411683 -0.23650609701871869 -1.0515289902687071 -0.1287453509867191
decision_type=2 2 2 2 2 2 2 2 2 2 2 2 2 2 2 2 2 2 2 2 2 2 2 2 2 2 2 2 2 2 2 2 2 2 2 2 2 2 2
left_child=-1 27 -3 19 5 6 7 8 9 10 11 12 13 14 -5 28 22 -18 -19 -4 21 -10 29 -24 -12 -20 -27 -2 -14 31 -31 -15 34 -34 35 36 37 38 -33
right_child=1 2 3 4 -6 -7 -8 -9 20 -11 24 -13 15 16 -16 -17 17 18 25 -21 -22 -23 23 -25 -26 26 -28 -29 -30 30 -32 32 33 -35 -36 -37 -38 -39 -40
leaf_value=0.67196374971133022 -0.17072561139300946 0.54790602505414021 -0.62801954206966215 0.96960026907920838 0.47070884931655166 -0.72758720889687545 0.52627984258191041 0.45270134449005134 -0.37740802767652054 0.62352873322864377 -0.092633805613891756 1.1149199132735912 -0.11485963053104187 0.01795036581714092 -0.29742765656361975 -0.49860801684359712 0.72574872642755517 -0.18876652805468974 0.44974338740110398 -0.14150145860586427 -0.42111942044326239 -0.019520917757600547 0.6636556784537706 -0.017509100147306104 -0.40005442183464768 -0.079648102508034821 0.3821192813867873 -0.5522067438001218 0.12603005346011473 -0.019541811295177625 -0.40245095019539195 0.055475732535123827 -0.086436604092950411 0.47860908448696143 -0.23839460855678604 0.27711493500641415 -0.25623704984175916 -0.0034605830310223008 -0.42910116836428647
leaf_weight=26 31 27 21 25 21 22 24 20 27 24 102 26 218 502 24 24 20 39 20 33 28 125 22 73 32 43 22 23 37 23 24 20 46 20 68 21 49 240 24
leaf_count=26 31 27 21 25 21 22 24 20 27 24 102 26 218 502 24 24 20 39 20 33 28 125 22 73 32 43 22 23 37 23 24 20 46 20 68 21 49 240 24
internal_value=5.02267e-10 -0.00797765 0.000244472 -0.00676684 0.00174535 -0.00309646 0.00482541 -0.00146982 -0.00608538 0.00696054 -0.00142814 0.012105 -0.00577105 0.0174235 0.349015 -0.115924 0.00468995 0.146734 0.0533446 -0.330703 -0.135675 -0.083093 -0.0133793 0.140234 -0.166048 0.164431 0.0766424 -0.333208 -0.079907 -0.0274519 -0.21507 -0.0185448 -0.0560869 0.0847894 -0.0781196 -0.0473324 -0.067793 -0.0352798 -0.208839
internal_weight=2216 2190 2136 2109 2055 2034 2012 1988 1968 1788 1764 1630 1604 1325 49 279 1276 144 124 54 180 152 1132 95 134 85 65 54 255 1037 47 990 488 66 422 354 333 284 44
internal_count=2216 2190 2136 2109 2055 2034 2012 1988 1968 1788 1764 1630 1604 1325 49 279 1276 144 124 54 180 152 1132 95 134 85 65 54 255 1037 47 990 488 66 422 354 333 284 44
is_linear=0
shrinkage=0.05


Tree=123
num_leaves=40
num_cat=0
split_feature=15 20 11 12 5 29 30 15 15 15 31 30 7 7 11 11 7 5 5 8 8 7 6 27 29 18 21 8 5 8 0 33 33 9 27 28 28 17 17
split_gain=4364.49 4552.84 1754.51 3760.45 10738.5 1516.46 1510.07 16642.3 1308.09 7017.94 1774.42 1297.37 1250.95 5234.78 1619.35 1311.79 1341.43 1097.2 794.728 1370.68 634.737 3735.45 957.918 3178.19 665.319 773.399 2156.98 997.663 1714.87 760.623 701.828 1132.44 1220.04 890.037 1279.04 704.874 2138.49 678.365 501.275
threshold=-1.584319472312927 -1.6137911677360532 -1.2946693301200864 -1.2313437461853025 -0.36552448570728296 1.3590816259384157 1.0098809599876406 0.010134457144886257 2.1951055526733403 1.8629074692726137 2.9253710508346562 -0.5347447097301482 1.1276233196258547 1.0725600123405459 1.1082034707069399 1.6160847544670107 1.5819175839424136 -0.34696488082408899 -0.47797383368015284 1.1634345054626467 0.15395923703908923 0.26829294860363012 -0.057433538138866418 -1.1777949333190916 1.0458561778068545 -0.59442287683486927 -0.59028106927871693 -0.060828614979982369 0.82119813561439525 -0.024163633584976193 -0.88292127847671498 -0.047482984140515321 -0.047480288892984383 -0.39131152629852289 1.0399777889251711 0.26274403929710394 0.051101092249155051 -0.69924047589302052 -0.39838144183158869
decision_type=2 2 2 2 2 2 2 2 2 2 2 2 2 2 2 2 2 2 2 2 2 2 2 2 2 2 2 2 2 2 2 2 2 2 2 2 2 2 2
left_child=-1 -2 11 4 -4 6 8 -8 9 10 12 -3 13 14 20 16 18 -10 -14 -20 21 22 23 -5 25 37 -27 30 29 -29 33 -32 -33 34 -28 36 -34 -25 -22
right_child=1 2 3 5 -6 -7 7 -9 17 -11 -12 -13 15 -15 -16 -17 -18 -19 19 -21 38 -23 -24 24 -26 26 27 28 -30 -31 31 32 35 -35 -36 -37 -38 -39 -40
leaf_value=0.52426241242732752 -0.60139030786231162 -0.60611966405063866 1.2542125861753117 0.63517070873862225 -0.26043026089668275 -0.33999275321310218 1.3257373576611282 -0.71401127651333818 -0.077686981691254514 0.73676567325601361 0.45851807549595835 -0.082656470191632886 0.023803154943567335 0.74726183958675563 -0.35376546409200221 0.017362719094253156 -0.59657648438992705 -0.53957823306322106 -0.013466708007312957 -0.57820987322113726 -0.29114693392600333 0.67617933068956648 -0.084728926625639328 -0.027664743014223253 0.27780749305434854 0.50361935844024019 0.55718624278903006 0.32662582863122225 0.51146847069263457 -0.016868232199585581 -0.24920819335513644 0.27661966653540732 -0.10429021720774473 -0.023922148105852747 -0.001513897663071042 -0.18305682420730593 0.39010081712541911 -0.23726902647834758 -0.041574464602939169
leaf_weight=39 32 20 22 21 25 33 20 20 36 32 20 29 33 23 34 73 23 20 21 22 21 21 243 240 23 24 20 20 25 83 63 32 89 68 21 70 29 46 480
leaf_count=39 32 20 22 21 25 33 20 20 36 32 20 29 33 23 34 73 23 20 21 22 21 21 243 240 23 24 20 20 25 83 63 32 89 68 21 70 29 46 480
internal_value=7.59999e-10 -0.00939193 -0.000560253 0.00635386 0.448551 -0.00378928 0.00171405 0.305863 -0.00444281 0.00250485 -0.00994025 -0.296315 -0.0149559 -0.00192563 -0.0122253 -0.14344 -0.262012 -0.242648 -0.160762 -0.302405 -0.00514025 0.0155052 0.00308433 0.0274992 0.012539 0.00518816 0.040184 0.0187947 0.139993 0.0498296 -0.0207805 -0.062301 -0.00877752 0.0870204 0.271023 -0.0573558 0.0172127 -0.0613773 -0.0520356
internal_weight=2216 2177 2145 2096 47 2049 2016 40 1976 1920 1888 49 1868 1696 1673 172 99 56 76 43 1639 1138 1117 874 853 830 544 520 128 103 392 283 220 109 41 188 118 286 501
internal_count=2216 2177 2145 2096 47 2049 2016 40 1976 1920 1888 49 1868 1696 1673 172 99 56 76 43 1639 1138 1117 874 853 830 544 520 128 103 392 283 220 109 41 188 118 286 501
is_linear=0
shrinkage=0.05


Tree=124
num_leaves=40
num_cat=0
split_feature=27 18 29 15 12 15 30 18 2 13 6 4 27 8 27 10 13 12 8 15 24 22 29 7 15 27 15 24 4 21 13 13 17 30 18 22 20 20 16
split_gain=4127.12 3479.58 10272.2 7254.97 1898.84 2007 1893.37 2100.58 6421.49 1413.6 1379.23 2508.88 1365.99 16174.9 2949.88 4096.17 1670.73 3351.01 1553.37 1059.85 1594.63 6478.75 2132.53 1480.66 1083.72 1043.99 965.5 856.619 820.878 627.091 602.169 1140.6 569.542 1286.84 1421.69 970.262 964.074 1767.39 644.85
threshold=-2.1934885978698726 -1.2136644124984739 3.2934920787811284 -1.1636229157447813 -1.3265537619590757 -1.5332865118980405 1.0098809599876406 -1.0717446804046629 1.0000000180025095e-35 -1.2825429439544676 2.9755042791366582 2.1403487920761113 0.16876037418842318 1.3023713231086733 0.20596565306186679 1.0000000180025095e-35 -0.58716601133346547 -0.6477123200893401 0.96793350577354442 1.6533120274543764 1.5304850935935976 0.68829804658889782 -0.051848068833351128 1.5819175839424136 2.0906820297241215 -0.094435125589370714 -0.88611090183258046 1.3465879559516909 -1.0322614908218382 -1.5771836042404173 -0.95354408025741566 -0.89930146932601918 -0.30087026953697199 -0.20492511987686154 0.1980681121349335 -0.25100468099117274 0.042302111163735397 0.14839695394039157 -0.56728133559226979
decision_type=2 2 2 2 2 2 2 2 2 2 2 2 2 2 2 2 2 2 2 2 2 2 2 2 2 2 2 2 2 2 2 2 2 2 2 2 2 2 2
left_child=-1 2 4 -3 5 -2 7 8 -5 -6 11 12 16 14 15 -14 17 28 30 20 23 -22 -23 26 -21 -11 -18 -28 -9 -7 -16 -32 38 34 -34 -35 -37 -38 -33
right_child=1 3 -4 6 9 29 -8 10 -10 25 -12 -13 13 -15 18 -17 19 -19 -20 24 21 22 -24 -25 -26 -27 27 -29 -30 -31 31 32 33 35 -36 36 37 -39 -40
leaf_value=0.53864505137716023 0.51732737571001053 0.93782036304473881 -1.2181561529636384 1.0087826045602559 -0.50910047084713983 -0.25692238538038165 0.35761944269006318 0.2661090502142906 -0.15580400686454157 -0.17321535701907817 -0.27388211151166841 0.55186790481209758 -0.074305934778281624 1.4429160881042482 -0.1452652466426004 0.92552386544644838 -0.39867720425439379 0.72733530282974246 -0.44660604596138004 -0.49908043465444019 0.90891603831024403 0.18855588241265372 -0.45183687072533829 -0.45511371779441839 -0.030133564363826405 0.22093690082430842 -0.045656006993753551 -0.35550869495567422 -0.11184443586012896 0.12948077938386374 0.35214065676150114 0.069768296275287869 0.47544735158483187 0.31422534464370638 -0.00013392441200487542 -0.23275873441741154 0.42993446222760467 -0.03399686403875922 -0.20242033411255655
leaf_weight=35 23 21 22 20 27 21 37 20 29 105 49 20 21 20 73 20 21 20 21 28 21 26 26 25 22 20 739 23 51 21 23 32 30 21 33 53 22 307 68
leaf_count=35 23 21 22 20 27 21 37 20 29 105 49 20 21 20 73 20 21 20 21 28 21 26 26 25 22 20 739 23 51 21 23 32 30 21 33 53 22 307 68
internal_value=-3.33039e-10 -0.00864401 -0.188668 0.0135114 -0.0842965 0.141881 0.00340706 -0.00354934 0.319537 -0.181017 -0.0121767 -0.00499668 -0.0113032 0.040236 0.0014879 0.413416 -0.0488229 0.155657 -0.0232398 -0.0688097 -0.0561006 0.167698 -0.13164 -0.07632 -0.292744 -0.110151 -0.0642257 -0.0550085 -0.00537867 -0.0637208 -0.00980979 0.0069784 -0.00704763 0.0161868 0.226333 -0.0166649 -0.0348552 -0.0029741 -0.11532
internal_weight=2216 2181 239 1942 217 65 1921 1884 49 152 1835 1786 1766 744 724 41 1022 91 683 931 881 73 52 808 50 125 783 762 71 42 662 589 566 466 63 403 382 329 100
internal_count=2216 2181 239 1942 217 65 1921 1884 49 152 1835 1786 1766 744 724 41 1022 91 683 931 881 73 52 808 50 125 783 762 71 42 662 589 566 466 63 403 382 329 100
is_linear=0
shrinkage=0.05


Tree=125
num_leaves=40
num_cat=0
split_feature=29 21 19 5 3 3 26 26 24 11 5 23 9 9 30 14 27 33 21 8 9 17 27 29 28 33 7 29 4 7 30 8 21 16 30 15 15 23 12
split_gain=4676.24 2715.31 4414.51 1818.2 1395.51 5039.05 2138.52 25581.3 2496.19 6440.02 1724.47 1447.62 1305.48 12058.7 2760.01 1225.68 1122.2 1074.37 2490.16 3470.96 2349.53 1154.55 934.59 1108.56 879.023 860.986 858.164 801.236 686.007 668.338 571.056 565.322 544.042 539.145 487.678 464.621 595.083 945.997 1233.9
threshold=3.2934920787811284 -1.6710991859436033 -1.5992504954338072 3.5429087877273564 1.7308740615844729 1.6123655438423159 1.385194003582001 1.294765889644623 0.84042927622795116 0.90610828995704662 -0.18866241723299024 1.49889612197876 -0.46824894845485682 -0.4233239740133285 1.158700227737427 0.96544003486633312 -0.036157628521323197 -0.047476394101977341 0.18769143521785739 0.031234527938067917 -0.26567928493022913 0.4551082998514176 -0.91746291518211354 -0.077669773250818239 -0.47271479666233057 -0.047358125448226922 -0.497776448726654 -0.79462745785713185 2.0524426698684697 -0.36946609616279596 0.61239939928054821 1.3819831013679507 0.38160808384418493 0.58070120215415966 -0.65878006815910328 0.067183863371610655 -0.13838364928960797 -0.50766867399215687 -0.59154635667800892
decision_type=2 2 2 2 2 2 2 2 2 2 2 2 2 2 2 2 2 2 2 2 2 2 2 2 2 2 2 2 2 2 2 2 2 2 2 2 2 2 2
left_child=1 25 -3 4 5 6 7 8 9 12 31 -8 14 -14 22 24 -13 26 19 20 -19 -20 23 -4 -6 -1 -15 -28 -26 -29 -31 -10 -32 -12 -24 36 37 38 -36
right_child=-2 2 3 -5 15 -7 11 -9 10 -11 33 16 13 17 -16 -17 -18 18 21 -21 -22 -23 34 -25 28 -27 27 29 -30 30 32 -33 -34 -35 35 -37 -38 -39 -40
leaf_value=-0.64093716889619834 0.69414171789734003 0.70490875515070828 -0.075868971760456386 0.46747008211910723 -0.28604494569505134 0.69276887992253666 -0.45126712135015395 1.7854306370019914 -0.028691703386139123 0.87520730417399184 -0.6488520070910454 -0.022617304007840025 0.94159003222627291 -0.35002670620701148 -0.60005319792291401 -0.43314526447405416 -0.43626536279916767 0.36431121285024443 -0.30890042029786857 0.64290771037340166 -0.1550612925314436 0.053129344692035597 -0.17912278785261998 -0.48668654647966225 0.033317823194473697 -0.19237423318883648 -0.28228014291360459 0.18698875010013583 -0.28668452142970641 -0.012748763739139935 -0.39260504692792897 -0.32589784160256391 -0.039509763118500518 -0.31370736444989844 -0.0094076116829911721 -0.18428956830140317 0.26996428214368368 -0.28907737864388361 0.3144690265209647
leaf_weight=20 24 22 52 20 41 26 39 20 80 21 20 91 35 21 23 30 20 38 40 37 51 49 43 24 103 23 29 39 20 545 20 20 24 30 363 33 21 27 32
leaf_count=20 24 22 52 20 41 26 39 20 80 21 20 91 35 21 23 30 20 38 40 37 51 49 43 24 103 23 29 39 20 545 20 20 24 30 363 33 21 27 32
internal_value=-5.88446e-10 -0.00760009 0.00027173 -0.00701648 -0.0115204 0.0014379 -0.00808759 0.00755418 -0.0131549 0.00549749 -0.20801 -0.189219 -0.00631617 0.0311786 -0.062619 -0.1393 -0.0971485 -0.00450384 0.0928865 0.235899 0.0666933 -0.109581 -0.0418442 -0.205601 -0.0855475 -0.401008 -0.0353872 -0.0253303 -0.0187151 -0.0134647 -0.0267375 -0.0881329 -0.200008 -0.447765 -0.0178644 -0.00329695 0.0101856 -0.00274181 0.0168305
internal_weight=2216 2192 2149 2127 2107 1913 1887 1737 1717 1567 150 150 1546 928 618 194 111 893 215 126 89 89 595 76 164 43 678 657 123 628 589 100 44 50 519 476 443 422 395
internal_count=2216 2192 2149 2127 2107 1913 1887 1737 1717 1567 150 150 1546 928 618 194 111 893 215 126 89 89 595 76 164 43 678 657 123 628 589 100 44 50 519 476 443 422 395
is_linear=0
shrinkage=0.05


Tree=126
num_leaves=40
num_cat=0
split_feature=29 21 22 27 27 5 13 22 29 5 30 4 8 4 27 28 29 30 29 7 29 9 8 9 12 0 3 16 16 3 22 16 21 30 29 30 24 13 24
split_gain=4220.31 2507.18 4441.37 1969.73 1692.07 1512.65 8671.63 20065.6 18902.5 6110.34 2953.57 1593.77 1544.63 1472.23 1307.43 1227.76 1137.57 993.952 903.033 740.534 902.653 748.138 700.738 663.158 2853.65 667.221 2360.04 717.787 3471.08 929.598 959.677 574.145 552.979 547.479 571.61 477.404 544.808 438.291 422.176
threshold=3.2934920787811284 -1.6905580163002012 -1.6769025325775144 -1.2386001944541929 -1.1536921858787534 -0.30438698828220362 0.89478415250778209 0.58130306005477916 -0.34897872805595392 -0.26945126056671137 0.9120679795742036 1.8876955509185793 1.1794789433479311 0.34226986765861517 -0.002907592104747891 1.5391963720321657 -0.51274108886718739 1.0567454695701601 0.071945838630199446 -1.172109007835388 1.1304740905761721 -1.2995207905769346 1.5056784152984621 -0.36709570884704584 -0.36445645987987513 -0.74215367436408985 -0.34026932716369623 -0.093586150556802736 -0.18731635808944699 2.1546109914779668 0.77010071277618419 -1.2337882518768308 -1.6057115197181699 -0.16912008821964261 0.66201218962669384 0.14601807296276095 0.40642943978309637 -0.12699656933546064 -0.70586934685707081
decision_type=2 2 2 2 2 2 2 2 2 2 2 2 2 2 2 2 2 2 2 2 2 2 2 2 2 2 2 2 2 2 2 2 2 2 2 2 2 2 2
left_child=1 -1 -3 18 -5 12 9 -8 -9 -7 11 15 17 14 -10 23 -14 19 32 21 31 -6 -18 33 -25 -26 -27 28 37 30 35 -21 -4 -11 38 -29 -37 -28 -35
right_child=-2 2 3 4 5 6 7 8 13 10 -12 -13 16 -15 -16 -17 22 -19 -20 20 -22 -23 -24 24 25 26 27 29 -30 -31 -32 -33 -34 34 -36 36 -38 -39 -40
leaf_value=-0.50507407045364383 0.6594347093254328 0.63579419422549788 -0.36120075664737006 0.40246968458478272 0.025585271987975357 0.72996036662505226 1.70183584690094 1.4792028833925723 0.089902240822486809 -0.18354476390109548 -0.59627079319519305 -0.46938907682895659 -0.48399082450517295 -0.58245729570803439 -0.42242168165743355 -0.3581233841180802 -0.30487137082964183 -0.36936343252658843 -0.50145046826113349 0.22044776729666271 0.31215264721011576 -0.3662803871364429 -0.0074919215475137413 0.57012413553893571 -0.26805637813217581 0.52145551749166441 -0.27135955271395773 -0.2496098884776847 0.67595515549182894 0.25593315362930297 0.13871697079051623 -0.017538266007603703 -0.072285459893964121 0.027877260061601801 0.20475515900552274 0.029114002048810747 -0.27721460280673849 0.029286931455135348 -0.15347012251615524
leaf_weight=25 24 27 22 26 21 26 25 20 33 69 24 20 29 23 20 25 32 20 22 26 22 29 52 24 21 22 22 73 20 20 33 1003 67 69 25 47 21 27 60
leaf_count=25 24 27 22 26 21 26 25 20 33 69 24 20 29 23 20 25 32 20 22 26 22 29 52 24 21 22 22 73 20 20 33 1003 67 69 25 47 21 27 60
internal_value=5.23869e-11 -0.00722009 -0.0014765 -0.00951683 0.00170302 -0.00349914 0.0515428 0.440097 0.11152 -0.0210114 -0.0524025 -0.030575 -0.0378 -0.248397 -0.103428 -0.0153911 -0.213993 -0.0200392 -0.214608 -0.0136937 -0.00474965 -0.201697 -0.120779 0.000103116 0.0451134 0.00393605 0.0239776 -0.0176365 0.120869 -0.0668987 -0.104006 -0.011525 -0.143703 -0.066504 -0.0140636 -0.160813 -0.0654875 -0.105697 -0.0564704
internal_weight=2216 2192 2167 2140 2029 2003 769 121 96 648 622 598 1234 76 53 578 113 1121 111 1101 1051 50 84 553 330 306 285 263 69 194 174 1029 89 223 154 141 68 49 129
internal_count=2216 2192 2167 2140 2029 2003 769 121 96 648 622 598 1234 76 53 578 113 1121 111 1101 1051 50 84 553 330 306 285 263 69 194 174 1029 89 223 154 141 68 49 129
is_linear=0
shrinkage=0.05


Tree=127
num_leaves=40
num_cat=0
split_feature=30 29 18 18 5 3 3 26 26 26 13 5 33 6 16 16 30 30 12 18 14 4 11 7 7 6 5 5 27 29 0 33 27 29 28 21 29 0 0
split_gain=4161.65 2247.26 2195.81 2983.16 1515.49 1329.59 4453.75 2034.68 22474 2511.11 5749.92 1962.34 1463.82 2388.94 1391.24 6342.81 2619.86 1791.97 1335.66 1444.38 1170.04 795.908 834.603 1578.14 4095.32 1030.73 779.005 4090.47 746.646 1278.44 1283.25 888.91 781.553 1154.88 744.391 733.715 676.493 1182.56 1001.68
threshold=-2.4608415365219112 2.6909836530685429 -1.6281260251998899 -1.5910865664482114 3.5429087877273564 1.7308740615844729 1.6123655438423159 1.385194003582001 1.294765889644623 0.83371827006340038 0.81179574131965648 -0.18866241723299024 -0.04742735251784324 0.011066257953643801 -1.043636620044708 -0.99494946002960194 0.95535138249397289 0.75794383883476268 1.6425112485885622 1.1555999517440798 0.96544003486633312 -0.97939488291740406 0.39466437697410589 0.32105529308319097 0.41479589045047766 0.71501097083091747 0.82119813561439525 1.2087662220001223 0.60454520583152782 0.42881171405315405 -0.51874992251396168 -0.047488352283835404 0.96878236532211315 -0.11295622587203978 -0.47271479666233057 0.69755277037620556 0.15625484287738803 -1.0049080252647398 -0.45704109966754908
decision_type=2 2 2 2 2 2 2 2 2 2 2 2 2 2 2 2 2 2 2 2 2 2 2 2 2 2 2 2 2 2 2 2 2 2 2 2 2 2 2
left_child=-1 2 -2 -4 5 6 7 8 9 10 12 -11 14 -14 17 -16 21 -5 19 -9 34 36 23 25 -25 26 28 -28 31 32 -31 -23 33 -30 -7 -13 -17 -38 -39
right_child=1 -3 3 4 -6 20 -8 18 -10 11 -12 35 13 -15 15 16 -18 -19 -20 -21 -22 22 -24 24 -26 -27 27 -29 29 30 -32 -33 -34 -35 -36 -37 37 38 -40
leaf_value=0.62885922285226681 0.50665943963187077 -0.48863556150657433 -0.56143442541360855 -0.077978108499117738 0.43234321996569636 -0.2645838449150324 0.65761424429141568 -0.65663489317893986 1.68037904009223 -0.075477690261969765 0.85615823734551677 -0.66186953501208967 -0.090976289783914893 0.65458863201466477 0.89722551390528682 -0.030084084422659065 0.55363468955315298 -0.57645188212394716 -0.069271686536316976 -0.12920976648176161 -0.41699178484578936 0.26229553855955601 -0.088446312487620679 0.70491717105110485 -0.036852111925884168 -0.15630419320729844 0.79664056420326235 -0.02570137177263537 -0.065529043599963185 0.069827723232182601 0.62320845697075133 -0.052404565943162076 -0.055968810718220019 0.41545495204627514 -0.0162808996837253 -0.27756734011625805 -0.032391154603101317 -0.65070629753172404 -0.15028647530823946
leaf_weight=26 21 24 24 183 20 40 26 25 20 108 20 23 21 22 20 177 21 20 98 27 30 24 173 30 49 83 20 62 24 22 20 345 104 26 123 27 48 20 20
leaf_count=26 21 24 24 183 20 40 26 25 20 108 20 23 21 22 20 177 21 20 98 27 30 24 173 30 49 83 20 62 24 22 20 345 104 26 123 27 48 20 20
internal_value=1.10867e-09 -0.00746591 -0.00213439 -0.00711559 -0.000843237 -0.00496686 0.00768359 -0.00129526 0.0140043 -0.00546268 0.0138461 -0.195373 0.00286417 0.290476 -0.00543045 0.013744 -0.000191077 -0.127089 -0.177954 -0.38278 -0.130029 -0.00951773 0.0112331 0.032549 0.244832 0.00957582 0.0308556 0.17487 0.00995446 0.0888202 0.333342 -0.0319363 0.0221323 0.184583 -0.0772141 -0.454346 -0.0864133 -0.199712 -0.400496
internal_weight=2216 2190 2166 2145 2121 2101 1908 1882 1732 1712 1554 158 1534 43 1491 1288 1268 203 150 52 193 1247 982 809 79 730 647 82 565 196 42 369 154 50 163 50 265 88 40
internal_count=2216 2190 2166 2145 2121 2101 1908 1882 1732 1712 1554 158 1534 43 1491 1288 1268 203 150 52 193 1247 982 809 79 730 647 82 565 196 42 369 154 50 163 50 265 88 40
is_linear=0
shrinkage=0.05


Tree=128
num_leaves=40
num_cat=0
split_feature=9 16 18 5 5 30 12 2 30 24 11 13 30 7 27 5 15 30 29 5 27 0 15 20 19 6 5 12 7 5 7 8 10 5 19 18 16 0 14
split_gain=4260.76 16207.2 2826.07 1560.34 20429.6 4710.13 3208.24 11449.2 3019.98 3108.07 4036.16 7300.25 2113.17 1489.69 1508.92 1478.75 815.161 836.995 1935.63 3529.12 1227.77 1053.57 756.662 2839.69 5165.05 1021.38 1145 737.972 1090.47 857.093 697.611 776.631 739.186 734.145 838.743 713.145 595.096 557.621 532.722
threshold=-1.4307110905647276 -1.5978951454162595 -1.5910865664482114 0.11047465354204179 0.068988487124443068 1.0098809599876406 -1.2313437461853025 1.0000000180025095e-35 0.73168373107910167 1.5304850935935976 0.99067720770835888 0.89478415250778209 -0.95633739233016957 0.92996451258659374 -1.1976896524429319 3.0898362398147587 1.0349448323249819 -0.12640391290187833 -0.44785918295383448 1.1760140061378481 0.3867646604776383 -0.46938288211822504 0.22356823831796649 0.16362944990396502 0.13768917322158816 1.3081901073455813 -0.36989144980907435 1.7689762711524966 1.6315463185310366 -0.4048271626234054 -0.21534539014101026 0.020558199845254425 -0.066238295286893831 -0.096956163644790636 0.35461199283599859 0.47624233365058904 0.14345847070217135 0.84778705239295971 -0.73929405212402333
decision_type=2 2 2 2 2 2 2 2 2 2 2 2 2 2 2 2 2 2 2 2 2 2 2 2 2 2 2 2 2 2 2 2 2 2 2 2 2 2 2
left_child=-1 -2 -3 4 5 6 7 -4 9 10 11 12 -5 14 -8 16 17 20 19 -19 -14 -20 25 24 -24 26 36 28 29 -15 -25 32 -32 34 -33 -36 -16 -12 -28
right_child=1 2 3 8 -6 -7 13 -9 -10 -11 37 -13 15 27 22 -17 -18 18 21 -21 -22 -23 23 30 -26 -27 38 -29 -30 -31 31 33 -34 -35 35 -37 -38 -39 -40
leaf_value=-0.57276933491230009 1.3907381415367128 -0.54458015188574793 1.1683152543604374 -0.55957172328295812 1.5752554118101088 0.59639236800598372 0.31336589729463737 -0.23265494240181789 -0.50800566206107278 0.47193921531683636 -0.36421221811324361 0.90699443988502026 -0.24413152217217116 -0.056134136103921463 0.029800575054425169 -0.43428910426471545 -0.30335151888430123 0.83702396273612978 0.33080639705061915 -0.091024706761042282 0.11607155667410957 -0.050908594180339398 -0.10839061233259382 -0.18142021265204833 1.0143370167911054 -0.23378291072384005 -0.00096211230657139771 -0.012107638434939822 -0.5246861097605332 -0.34143283739686014 0.048803628513846425 0.25306500761459272 0.44392530769109728 0.28602092612534763 -0.32168559982724815 -0.028487036603180717 -0.16604830395607723 -0.73758237957954409 -0.1778188873802358
leaf_weight=32 21 24 25 21 21 33 37 35 37 28 20 20 69 81 507 23 24 20 20 21 36 188 21 46 20 62 61 71 23 39 29 24 20 20 23 211 42 20 141
leaf_count=32 21 24 25 21 21 33 37 35 37 28 20 20 69 81 507 23 24 20 20 21 36 188 21 46 20 62 61 71 23 39 29 24 20 20 23 211 42 20 141
internal_value=2.11292e-11 0.00839222 -0.00502861 0.00102526 0.0260573 0.00534877 -0.00733292 0.351083 -0.0718286 -0.0401844 -0.0699343 -0.0264082 -0.0706453 -0.0218829 -0.0012285 -0.0450407 -0.0213563 -0.00223793 0.0476878 0.361682 -0.120633 -0.0142052 -0.010715 0.0443079 0.439281 -0.0387341 -0.0226315 -0.143879 -0.209304 -0.148856 0.000892565 0.026539 0.210078 -0.00581135 -0.028434 -0.0573057 0.0148176 -0.550897 -0.124412
internal_weight=2216 2184 2163 2139 1592 1571 1538 60 547 510 482 442 422 1478 1264 401 378 354 249 41 105 208 1227 414 41 813 751 214 143 120 373 327 49 278 258 234 549 40 202
internal_count=2216 2184 2163 2139 1592 1571 1538 60 547 510 482 442 422 1478 1264 401 378 354 249 41 105 208 1227 414 41 813 751 214 143 120 373 327 49 278 258 234 549 40 202
is_linear=0
shrinkage=0.05


Tree=129
num_leaves=40
num_cat=0
split_feature=30 29 29 30 30 22 29 30 30 15 15 5 24 17 7 27 3 23 10 23 7 29 29 28 8 29 30 5 11 4 24 5 33 14 16 3 33 31 23
split_gain=4021.77 2252.91 4872.13 5947.89 3224.76 2817.5 1606.92 1603.43 5150.6 2025.42 14749.5 2006.71 1782.83 5156.02 1923.16 1123.72 1107.99 960.095 2483.25 6821.43 1945.84 3484.37 1458.53 2489.26 1188.77 958.014 1389.62 931.618 880.941 807.998 785.74 742.557 673.19 740.269 1250.92 690.489 1112.35 649.642 640.833
threshold=-2.4608415365219112 0.79209810495376598 0.73190146684646618 1.0567454695701601 0.86204820871353161 -1.6769025325775144 -0.9346151053905486 0.3407531082630158 0.32485000789165502 2.1951055526733403 1.8629074692726137 2.16840672492981 1.5304850935935976 0.77016082406044017 1.4905631542205813 -0.56865572929382313 -0.82119348645210255 0.14397680759429934 -0.40775510668754572 -0.41973105072975153 0.10770492255687715 -0.44785918295383448 0.21100564301013949 0.4660057276487351 -0.24923866242170331 2.6909836530685429 0.9120679795742036 -0.3327722549438476 -0.9180694818496703 -0.20975569635629651 -0.41054642200469965 -0.39390975236892695 -0.047471266239881509 -0.43961028754711146 -0.68875065445899952 0.11722877249121667 -0.047481721267104142 2.26161801815033 -0.48578862845897669
decision_type=2 2 2 2 2 2 2 2 2 2 2 2 2 2 2 2 2 2 2 2 2 2 2 2 2 2 2 2 2 2 2 2 2 2 2 2 2 2 2
left_child=-1 2 3 4 5 -2 -7 8 9 10 12 15 14 -14 17 27 28 18 30 -20 22 -22 24 -24 29 26 31 -9 -3 -21 38 -18 33 34 -17 -35 -37 -19 -8
right_child=1 16 -4 -5 -6 6 7 11 -10 -11 -12 -13 13 -15 -16 32 25 37 19 20 21 -23 23 -25 -26 -27 -28 -29 -30 -31 -32 -33 -34 35 -36 36 -38 -39 -40
leaf_value=0.61820035347571745 0.53913402520120146 0.24426794337189717 0.71575031963487468 -0.83795702060063693 0.57224736562371248 -0.25433196141606285 -0.043085907501724696 -0.095856924440998303 0.71201528512217394 -0.34524614638403844 1.3089786872267724 -0.57106244564056396 0.87089642384512855 -0.1441873469614777 -0.41029030990240911 -0.055065174471764337 -0.31811122106654305 -0.045303269690680673 0.98354009762406358 0.010172237191469438 0.74209148069577557 -0.01624385461662755 -0.013046205516268568 0.61997027170658114 -0.10558801242427546 -0.57876389801502226 -0.57399200797080996 -0.44574862966934847 -0.16703030422329904 0.41780065186321735 -0.34300437700890363 -0.00081419441159124727 -0.15722774021765765 -0.078304877999744962 0.49745944648981094 0.4271622441709042 -0.011610814492003275 -0.33048521592503505 0.24656989976763724
leaf_weight=26 24 23 24 21 25 63 422 52 27 38 22 20 22 29 29 21 28 407 22 31 28 33 41 25 168 20 20 30 30 20 21 54 68 149 20 20 52 21 20
leaf_count=26 24 23 24 21 25 63 422 52 27 38 22 20 22 29 29 21 28 407 22 31 28 33 41 25 168 20 20 30 30 20 21 54 68 149 20 20 52 21 20
internal_value=2.49011e-10 -0.00733936 0.00760582 -0.000930322 0.0079923 0.000739662 -0.00598676 0.00243398 0.0279995 0.0147983 0.024851 -0.0819557 0.00375252 0.293692 -0.007728 -0.0582127 -0.179423 0.00154468 0.0328801 0.12983 0.0755475 0.331844 0.020691 0.226733 -0.0414038 -0.262346 -0.200303 -0.223866 0.0114576 0.170027 -0.044177 -0.10916 -0.0170503 0.0193316 0.214459 -0.0168685 0.110271 -0.0592958 -0.0299793
internal_weight=2216 2190 2015 1991 1970 1945 1921 1858 1426 1399 1361 432 1339 51 1288 412 175 1259 831 368 346 61 285 66 219 122 102 82 53 51 463 82 330 262 41 221 72 428 442
internal_count=2216 2190 2015 1991 1970 1945 1921 1858 1426 1399 1361 432 1339 51 1288 412 175 1259 831 368 346 61 285 66 219 122 102 82 53 51 463 82 330 262 41 221 72 428 442
is_linear=0
shrinkage=0.05


Tree=130
num_leaves=40
num_cat=0
split_feature=12 30 30 26 18 3 31 27 9 14 30 23 12 3 30 5 29 5 8 18 0 27 4 6 5 5 29 30 30 15 17 29 20 20 17 18 4 27 31
split_gain=4233.59 14213.4 4534.96 2838.77 3742.24 1488.68 10811.7 50800.9 6231.86 15050.5 3445.34 3078.71 7434.2 2366.19 2082.24 1346.65 1225.73 1005.22 918.713 986.172 1027.93 758.843 687.175 668.085 600.249 1015.71 552.523 465.78 569.554 544.315 2734.1 961.4 786.811 3165.69 879.937 617.896 1073.21 456.504 795.069
threshold=-1.3944663405418394 -1.3757219314575193 -2.4608415365219112 -1.354209244251251 -1.5650190114974973 -0.32855626940727228 -0.57379686832427967 -0.4262572824954986 1.2217946052551272 1.5510139465332033 1.0098809599876406 0.89250150322914135 0.81116449832916271 -0.18110958486795423 1.0098809599876406 2.941359400749207 -0.039238667115569108 -0.010708616115152834 -1.1999563574790952 1.757795035839081 0.89286133646965038 -0.70996409654617298 0.24022506177425387 1.739593029022217 0.88779434561729442 0.082089379429817214 -0.16418681293725965 -0.55049610137939442 -0.31357385218143458 -0.23138709366321561 -0.20419634878635404 -0.46601891517639155 0.042302111163735397 0.14228869229555133 -0.012656976934522389 0.94052267074584972 -0.17410147935152051 0.60454520583152782 -0.22449100762605664
decision_type=2 2 2 2 2 2 2 2 2 2 2 2 2 2 2 2 2 2 2 2 2 2 2 2 2 2 2 2 2 2 2 2 2 2 2 2 2 2 2
left_child=2 -2 -1 -3 -5 14 7 -7 10 -10 11 12 15 -9 18 21 -11 -13 -6 20 23 26 -19 24 25 37 -8 -23 -29 30 31 -30 34 -34 -31 -35 -37 -20 -39
right_child=1 3 -4 4 5 6 8 13 9 16 -12 17 -14 -15 -16 -17 -18 22 19 -21 -22 27 -24 -25 -26 -27 -28 28 29 32 -32 -33 33 35 -36 36 -38 38 -40
leaf_value=-0.98395581570538604 1.1736963293300224 0.42581074091262727 -0.090215244460850955 -0.67435825892857149 -0.33281041735410694 2.7569226424396041 -0.053862441861285616 0.069109516065906401 1.1965973468763489 0.058245553386708109 -0.66054551001976847 -0.073029546514153484 0.929330157949811 -0.67289751065628867 -0.51403271581815646 -0.41021343550898814 -0.46482327899762566 -0.30146576747120846 -0.030033035092607692 -0.22126018331065531 0.32383218461816965 0.18395651885691811 -0.7059569063640776 -0.21684846211047401 0.20703933263818422 -0.311409191633093 -0.34810341062645117 -0.18160229363413746 0.33752596406266094 -0.061419171568654153 0.62838038495276127 -0.030823621695801134 0.61973044231534002 -0.076919869397869295 -0.40764961129426958 -0.1789052623510361 0.2802340395109994 0.0054059290145705274 0.25560340680181981
leaf_weight=22 26 38 40 21 25 20 39 22 35 24 22 20 21 21 23 22 21 21 675 61 22 34 21 42 30 29 27 43 20 69 20 155 20 191 25 20 35 154 40
leaf_count=22 26 38 40 21 25 20 39 22 35 24 22 20 21 21 23 22 21 21 675 61 22 34 21 42 30 29 27 43 20 69 20 155 20 191 25 20 35 154 40
internal_value=-9.93187e-10 0.011725 -0.407349 -0.00247202 -0.010259 -0.00351849 0.0417136 0.675048 -0.00237483 0.418969 -0.0432324 -0.0263197 0.00199964 -0.293266 -0.0432866 -0.0250475 -0.185853 -0.364782 -0.0332429 -0.0261306 -0.0141317 -0.0129076 -0.503711 -0.0217969 -0.0129691 -0.0203191 -0.174234 0.00393976 -0.00629531 0.00728703 0.0745665 0.0112735 -0.029156 0.0147857 -0.153502 -0.0343968 0.113274 -0.0106049 0.056993
internal_weight=2216 2154 62 2128 2090 2069 968 63 905 80 825 803 741 43 1101 720 45 62 1078 1053 992 698 42 970 928 898 66 632 598 555 195 175 360 266 94 246 55 869 194
internal_count=2216 2154 62 2128 2090 2069 968 63 905 80 825 803 741 43 1101 720 45 62 1078 1053 992 698 42 970 928 898 66 632 598 555 195 175 360 266 94 246 55 869 194
is_linear=0
shrinkage=0.05


Tree=131
num_leaves=40
num_cat=0
split_feature=28 9 7 30 30 30 4 14 10 23 23 27 28 4 33 15 27 28 30 0 12 29 6 30 9 0 6 27 27 33 3 0 27 4 29 2 21 14 4
split_gain=4119.81 12214.2 5033.88 3309.58 1883.34 1666.37 1559.5 5956.15 15239.6 3090.92 17810.1 2124.94 8017.27 3208.26 1750.22 1551.66 1293.24 3863.51 1241.9 1212.1 987.701 920.326 1044.13 822.12 792.208 672.447 668.891 619.133 934.065 2278.78 733.047 1307.49 870.064 671.017 765.228 723.859 632.598 756.835 585.708
threshold=-1.5452485680580137 -0.67128363251686085 -1.3164669871330259 -2.4608415365219112 -1.3757219314575193 1.2409112453460696 0.55250677466392528 1.4663060307502749 1.7403540611267092 1.1383608579635622 1.0408725142478945 -0.44540180265903467 -0.13057799637317655 0.73200729489326488 -0.047483224421739571 1.8295560479164126 -1.2386001944541929 -1.2250468134880064 0.86204820871353161 2.798500776290894 0.61806491017341625 -0.52172148227691639 2.6913030147552495 -0.050173349678516381 -1.2198464870452879 0.033946326933801181 0.83452126383781444 -0.4262572824954986 0.0077290176413953313 -0.047474030405282967 -0.16595152020454404 -0.64037886261939991 -0.3254187256097793 0.27280563116073614 1.0178496241569521 2.2576968073844914 0.11792098730802537 0.50810313224792492 -1.0371792912483213
decision_type=2 2 2 2 2 2 2 2 2 2 2 2 2 2 2 2 2 2 2 2 2 2 2 2 2 2 2 2 2 2 2 2 2 2 2 2 2 2 2
left_child=1 -1 3 -2 -4 6 9 11 -9 10 15 12 13 -8 23 16 26 -18 24 21 -15 -13 25 -11 -19 -23 -6 36 29 30 31 32 -29 34 35 38 37 -26 -30
right_child=2 -3 4 -5 5 -7 7 8 -10 14 -12 19 -14 20 -16 -17 17 18 -20 -21 -22 22 -24 -25 27 -27 -28 28 33 -31 -32 -33 -34 -35 -36 -37 -38 -39 -40
leaf_value=1.3945129033923149 -0.93475803353569731 -0.26325608539581297 0.44446891099214558 -0.19417527799184126 -0.45242347442186798 0.45318522810935974 0.51978150134285295 1.637845346182585 -0.269177082688971 -0.41514312808534931 1.2891458357755956 -0.25315816203753155 1.1177266741544007 -0.033622319354974436 -0.65210090794346554 -0.45867390405564079 0.59958487367630009 -0.28386954345873427 -0.37708718210458758 -0.36655137470135324 -0.44599633293692026 0.21532690564791365 0.36324445039033892 -0.11250128689164346 -0.081700660512762868 -0.033840570298673441 -0.07302086404746487 0.28094244968631993 -0.12228891043551267 0.43675114029111006 -0.086930677766213202 0.36515522748779727 -0.06659008750961308 -0.19321258306902434 -0.30799595394304824 0.25198818555584662 -0.26655151523076576 0.19488479005438941 0.012355247979008017
leaf_weight=20 22 25 24 48 26 20 24 20 22 28 26 36 20 53 22 21 25 28 25 26 20 30 20 113 212 278 21 23 100 39 91 34 83 56 21 27 39 28 420
leaf_count=20 22 25 24 48 26 20 24 20 22 28 26 36 20 53 22 21 25 28 25 26 20 30 20 113 212 278 21 23 100 39 91 34 83 56 21 27 39 28 420
internal_value=-1.90907e-09 0.47353 -0.00981523 -0.42693 0.00408198 -0.00100675 -0.00542281 0.0667311 0.638929 -0.0316911 -0.00677118 0.0193301 0.206217 0.0182768 -0.237318 -0.0323162 -0.0254182 -0.0157445 -0.028292 -0.0367359 -0.146602 -0.0131777 0.0131616 -0.1726 -0.0210315 -0.00957101 -0.282903 -0.0147575 0.00553552 0.0832318 0.0235467 0.095357 0.00881792 -0.0280831 -0.0118027 -0.000431455 -0.0797823 -0.0494324 -0.0135379
internal_weight=2216 45 2171 70 2101 2077 2057 549 42 1508 1345 507 117 97 163 1319 1298 1251 1226 390 73 364 328 141 1201 308 47 1173 894 270 231 140 106 624 568 547 279 240 520
internal_count=2216 45 2171 70 2101 2077 2057 549 42 1508 1345 507 117 97 163 1319 1298 1251 1226 390 73 364 328 141 1201 308 47 1173 894 270 231 140 106 624 568 547 279 240 520
is_linear=0
shrinkage=0.05


Tree=132
num_leaves=40
num_cat=0
split_feature=30 30 6 18 0 0 3 9 27 8 14 26 11 3 30 10 24 0 14 30 4 6 22 20 29 4 27 31 3 0 4 27 13 15 20 0 30 18 26
split_gain=4503.7 2238.26 3146.09 2885.15 1402.76 15928.9 2542.78 1989.32 16739.8 3882.08 3453.32 7804.77 2254.86 2107.18 1764.79 1495.31 1361.56 1297.2 7038.79 2565.24 1133.45 979.719 687.852 1807.94 681.819 785.654 928.996 653.808 610.463 587.268 585.431 583.532 561.305 558.324 3139.93 829.545 818.223 724.213 591.368
threshold=-2.4608415365219112 -0.95633739233016957 4.6428182125091562 -1.5910865664482114 -0.68312785029411305 -0.66076958179473866 -0.24449787288904187 1.2217946052551272 0.11470322310924531 1.3476914763450625 0.92901721596717846 0.91091963648796093 1.6160847544670107 0.57817187905311596 0.95535138249397289 -1.2736026644706724 -1.4537886977195738 -0.57419842481613148 -0.095148753374814973 0.9120679795742036 2.1176037788391118 2.872025847434998 -0.79357695579528797 -0.70294493436813343 -0.46025393903255457 -0.47900646924972529 -0.40092711150646204 0.2944366335868836 1.5014359951019289 0.22068253904581073 0.27280563116073614 -1.0741553902626035 1.6231963038444521 -0.19662933796644208 -0.10507600754499434 -0.36528280377387995 -0.30386248230934138 0.67158690094947826 0.16503345966339114
decision_type=2 2 2 2 2 2 2 2 2 2 2 2 2 2 2 2 2 2 2 2 2 2 2 2 2 2 2 2 2 2 2 2 2 2 2 2 2 2 2
left_child=-1 27 3 16 6 -6 14 10 9 -9 11 15 -11 29 31 -7 -3 18 -17 20 21 22 28 -24 25 -25 -27 -2 -19 -12 -28 32 -5 34 35 -26 -35 -38 -39
right_child=1 2 -4 4 5 7 -8 8 -10 12 13 -13 -14 -15 -16 17 -18 19 -20 -21 -22 -23 23 24 33 26 30 -29 -30 -31 -32 -33 -34 36 -36 -37 37 38 -40
leaf_value=0.65419222804216248 -0.17582034290798251 -0.080316584389656789 0.62443323418498042 -0.38637958495389846 1.2815911912918092 0.40307627069679175 -0.59977243102732158 0.53886505568569365 1.5247178435325623 -0.67065622270107272 -0.26219634847207501 0.99076979547739041 -0.062431526120053607 -0.65702336831639219 -0.4799467249350115 -0.23371764362240449 -0.62461831445667759 -0.062800483109540492 0.80535281635820866 -0.47446691062181223 -0.32693078907738843 0.28198159840600245 0.33870597194689211 0.10546344295144082 0.29434495788553489 0.063233245857830703 -0.46184198632836343 -0.52766196209451433 -0.32093094769451352 0.081167281325906518 -0.16933040000125765 -0.010301351049279964 -0.016264507099986076 0.22461786484345794 0.67550197571516035 -0.02771488450759766 -0.082792637025663918 0.26685062144641525 0.0054700733051387543
leaf_weight=26 31 20 20 21 25 22 21 22 20 20 33 20 64 30 22 39 27 151 28 31 28 29 39 32 23 29 26 23 27 20 50 550 20 32 20 153 286 27 109
leaf_count=26 31 20 20 21 25 22 21 22 20 20 33 20 64 30 22 39 27 151 28 31 28 29 39 32 23 29 26 23 27 20 50 550 20 32 20 153 286 27 109
internal_value=-8.32968e-10 -0.00776667 0.000270438 -0.00562902 0.00317062 0.0305359 -0.0587682 0.00835411 0.197942 -0.0523935 -0.0102503 0.011306 -0.207247 -0.322167 -0.0402346 -0.00528105 -0.393001 -0.0130324 0.200521 -0.0261351 -0.0130358 -0.00452754 -0.0128032 0.00640871 -0.0100584 -0.111429 -0.17753 -0.325679 -0.101955 -0.132625 -0.2694 -0.0238663 -0.205836 0.0113075 0.0818347 0.0143725 -0.0191403 -0.0376244 0.0573618
internal_weight=2216 2190 2136 2116 2069 1435 634 1410 126 106 1284 1201 84 83 613 1181 47 1159 67 1092 1061 1033 1004 826 787 137 105 54 178 53 76 591 41 650 196 176 454 422 136
internal_count=2216 2190 2136 2116 2069 1435 634 1410 126 106 1284 1201 84 83 613 1181 47 1159 67 1092 1061 1033 1004 826 787 137 105 54 178 53 76 591 41 650 196 176 454 422 136
is_linear=0
shrinkage=0.05


Tree=133
num_leaves=40
num_cat=0
split_feature=15 20 26 13 29 30 3 15 7 14 23 23 18 18 4 0 17 5 12 3 3 0 22 27 6 19 12 5 5 12 5 15 17 29 33 22 16 24 16
split_gain=4129.16 4469.57 1627.25 8139.17 3318.98 2835.43 1451.06 6288.35 6478.05 4790.02 3569.59 7224.3 1207.69 1172.5 1153.64 1147.8 1141.23 1045.92 1034.23 982.459 921.588 1179.14 823.88 806.194 610.413 524.532 711.366 523.872 573.736 467.678 500.715 465.988 2897.61 1121.41 1003.67 998.079 967.019 922.48 1571.93
threshold=-1.584319472312927 -1.6251678466796873 -0.96746560931205738 -0.93772524595260609 1.4697428941726687 1.0098809599876406 -0.094295192509889589 -0.97403162717819203 1.6315463185310366 1.4366199374198916 0.89250150322914135 0.82500630617141735 -1.5755656361579893 1.757795035839081 2.0923999547958378 -0.5294818878173827 -0.99682492017745961 -0.086038753390312181 1.1007702946662905 -0.64549770951271046 -0.15286046266555783 0.91826033592224132 -1.1250971555709837 -0.68579265475273121 2.3298573493957524 1.5762847661972048 0.95524463057518016 0.88779434561729442 0.11047465354204179 1.8330342769622805 -0.32403832674026484 -0.23138709366321561 -0.21646197885274884 -0.36237570643424982 -0.04748022370040416 0.43905407190322882 1.0369948744773867 -0.70586934685707081 -0.7069265842437743
decision_type=2 2 2 2 2 2 2 2 2 2 2 2 2 2 2 2 2 2 2 2 2 2 2 2 2 2 2 2 2 2 2 2 2 2 2 2 2 2 2
left_child=-1 -2 4 -4 12 6 13 -8 9 10 11 14 -3 16 15 -9 22 -12 -19 -15 21 24 -5 -17 25 26 27 28 -18 30 -28 32 37 -33 35 -35 -36 38 -25
right_child=1 2 3 5 -6 -7 7 8 -10 -11 17 -13 -14 19 -16 23 20 18 -20 -21 -22 -23 -24 31 -26 -27 29 -29 -30 -31 -32 33 -34 34 36 -37 -38 -39 -40
leaf_value=0.50993301125649271 -0.68769822965065641 0.30225133888113004 0.79395604302372902 -0.063329607248306274 -0.68753572339596958 0.45398424212985183 0.84322040459762015 -0.38519839614629747 0.70425341300892108 0.74898872248828408 -0.064824987053871158 0.93806117823347446 -0.092526321296393876 -0.12116013405763584 -0.36097938683629038 -0.20140613476435343 0.00076684339834657113 -0.29533876116419661 -0.74996397779746493 -0.54092417955398564 -0.33907079689882025 0.35875908420199443 -0.49604821327057752 -0.11339737152059873 -0.27451440458712367 0.21695271323745452 -0.12673560069764364 0.25017197698354726 -0.20672737834709032 0.049943735163945423 -0.41133697330951691 -0.18010737870807772 0.6230677922340957 0.022601683031428944 -0.044427099903417838 0.50451148666796231 0.31370714542766415 -0.094501597496924841 0.49837776961780733
leaf_weight=39 24 21 33 22 23 34 24 20 33 20 20 20 250 46 25 45 692 29 22 20 22 21 22 21 23 24 68 20 35 26 20 77 22 22 184 21 21 84 21
leaf_count=39 24 21 33 22 23 34 24 20 33 20 20 20 250 46 25 45 692 29 22 20 22 21 22 21 23 24 68 20 35 26 20 77 22 22 184 21 21 84 21
internal_value=-7.08452e-10 -0.00913523 -0.00157112 0.0157154 -0.110876 0.00165084 -0.00693137 0.047274 0.0202546 -0.0132349 -0.0365445 0.00422026 -0.0619347 -0.0442774 -0.0289535 -0.0135248 -0.0307402 -0.371275 -0.491452 -0.248361 -0.019222 -0.0116476 -0.279689 0.000825566 -0.0202143 -0.0136053 -0.020032 -0.00227759 -0.00922256 -0.13637 -0.191418 0.0200654 0.0936077 -0.0134247 0.0383276 0.257953 -0.00774018 0.00116233 0.19249
internal_weight=2216 2177 2153 1859 294 1826 1792 731 707 674 654 583 271 1061 563 538 995 71 51 66 951 929 44 518 908 885 861 747 727 114 88 473 148 325 248 43 205 126 42
internal_count=2216 2177 2153 1859 294 1826 1792 731 707 674 654 583 271 1061 563 538 995 71 51 66 951 929 44 518 908 885 861 747 727 114 88 473 148 325 248 43 205 126 42
is_linear=0
shrinkage=0.05


Tree=134
num_leaves=40
num_cat=0
split_feature=29 21 19 5 15 21 11 11 8 24 33 8 30 5 5 25 19 17 19 33 10 8 27 10 27 4 4 6 33 20 29 29 29 33 15 25 24 30 9
split_gain=3993.92 2597.66 4311.23 1659.27 1194.49 6512.03 2020.3 19836.9 3006.92 2016.72 1757.38 1059.73 1587.68 980.348 943.985 820.568 7357.79 1324.02 771.639 737.903 712.966 830.47 1169.21 812.483 626.116 730.606 3747.54 1080.79 863.695 2825.66 748.727 812.268 1431.83 812.975 2093.66 5749.28 985.463 739.93 707.995
threshold=3.2934920787811284 -1.6710991859436033 -1.5992504954338072 3.5429087877273564 2.1951055526733403 2.080769538879395 1.3154855370521548 1.2277661561965945 1.2336158156394961 0.84042927622795116 -0.047482674941420548 -1.0783468484878538 1.0098809599876406 -0.40046019852161402 -0.35242359340190882 -1.0298155546188352 -1.0923523902893064 -0.99682492017745961 0.48060745000839239 -0.047335436567664139 -1.1261851787567136 -1.1999563574790952 0.48457282781600958 -1.2736026644706724 -0.47532317042350763 1.949168384075165 1.8163871169090273 0.98318043351173412 -0.047462873160839074 -0.70294493436813343 -0.60456100106239308 0.45624069869518286 0.38735149800777441 -0.047476824373006814 -0.19662933796644208 -0.35311838984489435 -0.70586934685707081 0.41877903044223791 0.24428016692399981
decision_type=2 2 2 2 2 2 2 2 2 2 2 2 2 2 2 2 2 2 2 2 2 2 2 2 2 2 2 2 2 2 2 2 2 2 2 2 2 2 2
left_child=1 19 -3 4 5 6 7 8 9 11 -8 20 15 -11 -6 16 -13 -17 -15 -1 21 23 -23 -4 -19 26 27 28 30 -30 -26 32 33 38 35 36 -35 -33 -32
right_child=-2 2 3 -5 14 -7 10 -9 -10 13 -12 12 -14 18 -16 17 -18 24 -20 -21 -22 22 -24 -25 25 -27 -28 -29 29 -31 31 37 -34 34 -36 -37 -38 -39 -40
leaf_value=-0.59417868265035478 0.64150421942273783 0.6970212422988632 -0.023091790951946949 0.4467480155825615 -0.084195009810583935 0.89314794629812244 -0.10968436851010968 1.5274040714615869 0.59197670079767706 -0.07113345121937012 -0.5662862063558014 -0.047868693965153961 0.43470756667000909 -0.57590312429744273 -0.51480585411190993 -0.41795438099652532 0.97422927334195097 -0.080106395521915591 -0.22367681911382534 -0.1798137882635707 -0.33883811876629344 0.36803709594976336 -0.16613850101828576 -0.32765521552504562 -0.16334698312209861 -0.11219114541440554 0.63816010765731335 -0.21602044179319191 0.64239520876384948 -0.023177083194828953 -0.050616562911502183 -0.18227630318525961 0.40127918502459164 0.22252614294489226 -0.023825036532410953 1.0443414122611283 -0.2305796331912279 0.09980457741767168 0.076515271841191959
leaf_weight=22 24 22 47 20 35 20 96 21 20 67 27 109 21 23 20 20 21 249 48 21 33 21 20 41 62 115 24 52 23 52 338 85 26 30 107 20 20 32 162
leaf_count=22 24 22 47 20 35 20 96 21 20 67 27 109 21 23 20 20 21 249 48 21 33 21 20 41 62 115 24 52 23 52 338 85 26 30 107 20 20 32 162
internal_value=-6.24506e-10 -0.00702377 0.000675625 -0.00652682 -0.0108294 -0.00466597 -0.0135027 -0.000847616 -0.0178462 -0.0243753 -0.209914 -0.00970226 0.00287622 -0.20832 -0.240781 -0.00298575 0.117239 -0.0140156 -0.337778 -0.391814 -0.13145 -0.0783967 0.107464 -0.164991 -0.00823263 0.00735671 0.0206655 0.00597784 0.0180404 0.180932 0.00418914 0.0168565 0.037158 0.023174 0.115264 0.327872 0.0412838 -0.105126 -0.00942585
internal_weight=2216 2192 2149 2127 2107 2052 2032 1909 1888 1868 123 1730 1568 138 55 1547 130 1417 71 43 162 129 41 88 1397 1148 1033 1009 957 75 882 820 703 677 177 70 50 117 500
internal_count=2216 2192 2149 2127 2107 2052 2032 1909 1888 1868 123 1730 1568 138 55 1547 130 1417 71 43 162 129 41 88 1397 1148 1033 1009 957 75 882 820 703 677 177 70 50 117 500
is_linear=0
shrinkage=0.05


Tree=135
num_leaves=40
num_cat=0
split_feature=30 28 22 8 30 6 3 6 6 21 21 16 18 19 30 23 33 7 27 15 20 29 12 11 14 24 28 19 5 16 19 29 3 8 31 20 22 15 5
split_gain=3955.27 2153.08 4318.56 1773.15 3254.25 1540.19 2219.32 1378.4 1297.02 1153.21 5461.87 1735.32 4767.13 1113.99 6278.31 1033.56 1003.93 6123.3 1375.8 1105.99 4316.36 1221.86 1038.41 620.116 1327.03 642.176 582.972 2361.38 1085.03 572.747 1925.9 1452.53 561.13 540.434 893.452 611.038 724.403 535.992 530.837
threshold=-2.4608415365219112 -1.5968321561813352 -1.6769025325775144 -1.0538179278373716 1.0098809599876406 3.7202574014663701 2.5976400375366215 2.872025847434998 1.3081901073455813 2.3017901182174687 2.080769538879395 1.8878852128982546 1.7019748687744143 -1.0584476590156553 0.093663375824689879 -1.0520218610763548 -0.04747741483151912 0.92996451258659374 -0.62518873810768116 -0.19662933796644208 -0.25958095490932459 0.55552455782890331 0.89923599362373363 1.7405065298080447 1.4663060307502749 0.9187980890274049 0.4660057276487351 0.24622192233800891 -0.36989144980907435 -0.77186661958694447 -0.59974551200866688 -0.012016487307846544 0.83654806017875682 -0.267839565873146 0.50143270194530498 0.037093298509716995 0.16421953588724139 0.46003477275371557 -0.092589199542999254
decision_type=2 2 2 2 2 2 2 2 2 2 2 2 2 2 2 2 2 2 2 2 2 2 2 2 2 2 2 2 2 2 2 2 2 2 2 2 2 2 2
left_child=-1 -2 -3 15 5 6 7 8 9 10 11 12 13 14 -5 32 22 18 -18 20 21 29 26 24 25 -24 28 -28 37 -20 31 -31 -4 -21 -35 -36 -37 -15 -29
right_child=1 2 3 4 -6 -7 -8 -9 -10 -11 -12 -13 -14 16 -16 -17 17 -19 19 33 -22 -23 23 -25 -26 -27 27 38 -30 30 -32 -33 -34 34 35 36 -38 -39 -40
leaf_value=0.61306811594046084 -0.39629499231066023 0.5755619911942631 -0.1460098977268047 -0.069232258621889808 0.50513203360605985 -0.36491547648249001 0.44407836454255245 0.38893842515958982 -0.2035328656798456 -0.28833507330649916 0.80711973281133753 -0.39460376671382358 0.76958937823772433 0.014236559497134949 0.94381346493959439 -0.49203769549727439 -0.3123296973994002 0.8577218798243188 -0.18115951525555418 -0.18129193513043995 0.70002532281257501 0.35496928812935952 -0.33148511120178292 0.017906193643115288 -0.54688623910364897 -0.069401664859370188 0.56136301985941828 -0.035956310268603096 -0.14429205098732295 0.61204133614897727 -0.11988027176341497 0.0094372862577438363 0.12341085113584996 0.27815450690686705 -0.30067396405197327 0.26638038240373135 -0.063256505828816451 -0.25177663683891299 0.14331178346685333
leaf_weight=26 35 32 159 65 32 29 28 22 82 34 21 28 20 356 20 20 32 22 44 58 27 24 31 43 23 95 20 217 199 20 74 20 22 24 21 20 100 20 51
leaf_count=26 35 32 159 65 32 29 28 22 82 34 21 28 20 356 20 20 32 22 44 58 27 24 31 43 23 95 20 217 199 20 74 20 22 24 21 20 100 20 51
internal_value=9.11234e-10 -0.00727843 -0.000960299 -0.00965023 0.00512688 -0.00333882 0.00229564 -0.00445281 -0.00923173 -1.67495e-05 0.00576663 -0.00428619 0.00235348 -0.00708362 0.169131 -0.150952 -0.0168035 0.0426569 0.00401162 0.0274443 0.110083 0.0225642 -0.0441947 -0.149363 -0.197635 -0.133883 -0.020797 0.0372696 -0.0498808 -0.0279278 0.0312143 0.310739 -0.113263 -0.0500064 -0.0038575 -0.0518595 -0.00831702 8.69214e-05 -0.00184186
internal_weight=2216 2190 2155 2123 1922 1890 1861 1833 1811 1729 1695 1674 1646 1626 85 201 1541 486 464 432 209 182 1055 192 149 126 863 288 575 158 114 40 181 223 165 141 120 376 268
internal_count=2216 2190 2155 2123 1922 1890 1861 1833 1811 1729 1695 1674 1646 1626 85 201 1541 486 464 432 209 182 1055 192 149 126 863 288 575 158 114 40 181 223 165 141 120 376 268
is_linear=0
shrinkage=0.05


Tree=136
num_leaves=40
num_cat=0
split_feature=12 29 30 13 27 4 5 3 3 26 26 24 11 5 11 14 0 17 28 3 30 6 29 27 30 27 22 18 3 6 4 8 27 8 33 28 27 5 5
split_gain=4056.71 16416.3 7829.05 4731.49 1797.16 1794.26 1472.85 1206.31 3941.91 1826.24 19488.6 2326.73 5117.62 1636.85 1126.79 1051.01 986.899 986.872 946.614 4723.57 957.256 1038.03 1043.62 7110.35 1126.57 1045.2 798.345 711.444 516.574 476.999 431.687 427.492 427.471 476.283 427.118 410.285 362.916 513.47 3220.08
threshold=-1.2811323404312132 2.3943476676940922 -2.4608415365219112 -1.2564845085144041 -1.9917369484901426 0.18121118843555453 3.5429087877273564 1.7308740615844729 1.6123655438423159 1.385194003582001 1.294765889644623 0.84042927622795116 0.90610828995704662 -0.18866241723299024 1.7405065298080447 0.96544003486633312 -0.64037886261939991 1.0420023798942568 -1.2250468134880064 -0.10531924664974211 -0.65878006815910328 2.872025847434998 0.72183758020401012 -0.24655509740114209 0.86204820871353161 0.82099193334579479 -0.5666460096836089 1.757795035839081 -0.64549770951271046 1.739593029022217 2.0524426698684697 -1.3067089319229124 -1.0505043268203733 0.85997202992439281 -0.047486081719398492 0.28842267394065862 0.96878236532211315 0.82119813561439525 1.3070229887962344
decision_type=2 2 2 2 2 2 2 2 2 2 2 2 2 2 2 2 2 2 2 2 2 2 2 2 2 2 2 2 2 2 2 2 2 2 2 2 2 2 2
left_child=2 3 -1 -2 -5 16 7 8 9 10 11 12 18 34 17 26 -4 -11 19 -6 -20 22 24 -24 29 -25 -9 -16 -29 32 -28 -18 -22 36 -13 -15 37 -34 -39
right_child=1 -3 5 4 6 -7 -8 15 -10 14 -12 13 -14 35 27 -17 31 -19 20 -21 21 -23 23 25 -26 -27 30 28 -30 -31 -32 -33 33 -35 -36 -37 -38 38 -40
leaf_value=-1.0884449193874994 0.73144466115839102 1.3751662539148874 0.0052412036693457401 -0.47739108338952063 -0.16474763285368682 0.29368001483380796 0.42586249053478248 -0.30679552425940831 0.6307013239860535 -0.61378161027317957 1.5650062496960164 -0.15537611599715928 0.78868673167058401 -0.59487511231785728 0.080109945328339288 -0.39679963151613873 -0.21420407180363932 -0.1866861173000775 -0.23752412623617541 0.81478012401610622 -0.23352023981511594 0.33513844985028973 0.9942397055029869 -0.20708172438511008 -0.35526491689185302 0.17310291582654264 0.018204932236959313 -0.026301014872098512 -0.36519774302192359 -0.20621468464533491 -0.2343262768536806 -0.52720081984996792 0.006234278655486987 -0.17689389415286683 0.058652950561529887 -0.30468063822080355 -0.057375494952445254 0.62744577142099545 -0.050252271157044628
leaf_weight=24 22 22 33 20 32 24 20 30 25 21 20 63 21 21 46 30 24 38 43 20 20 23 20 48 24 29 110 22 23 30 20 20 845 37 37 29 191 24 65
leaf_count=24 22 22 33 20 32 24 20 30 25 21 20 63 21 21 46 30 24 38 43 20 20 23 20 48 24 29 110 22 23 30 20 20 845 37 37 29 191 24 65
internal_value=-1.26821e-09 0.0165406 -0.27669 0.00209408 -0.00574457 -0.0837984 -0.00109093 -0.00534557 0.00718948 -0.00150907 0.0137469 -0.00538088 0.0137356 -0.192978 -0.168511 -0.12522 -0.201454 -0.338703 0.00251995 0.211994 -0.00526607 0.00209905 -0.00364732 0.154277 -0.016041 -0.0638953 -0.0742991 -0.0581661 -0.199515 -0.00932374 -0.020646 -0.356475 -0.00432651 -0.000381693 -0.0761854 -0.426562 0.0054236 0.0182658 0.132498
internal_weight=2216 2091 125 2069 2047 101 2027 2007 1817 1792 1642 1622 1472 150 150 190 77 59 1451 52 1399 1356 1333 97 1236 77 160 91 45 1212 130 44 1182 1162 100 50 1125 934 89
internal_count=2216 2091 125 2069 2047 101 2027 2007 1817 1792 1642 1622 1472 150 150 190 77 59 1451 52 1399 1356 1333 97 1236 77 160 91 45 1212 130 44 1182 1162 100 50 1125 934 89
is_linear=0
shrinkage=0.05


Tree=137
num_leaves=40
num_cat=0
split_feature=30 29 6 20 27 28 30 8 8 11 3 3 11 17 27 29 27 27 5 30 12 26 12 10 24 26 21 27 27 0 33 5 30 29 3 25 30 30 33
split_gain=4141.85 2343.33 1913.76 3133.9 1524.16 13135.8 4106.75 2406.64 2117.48 3770.71 2840.95 2551.66 1640.23 3335.67 1346.88 7553.03 983.077 887.877 1128.34 778.13 736.296 598.376 2546.11 615.107 575.764 575.886 697.407 718.098 2286.87 3039.52 844.717 1355.39 743.107 993.59 527.339 475.654 470.544 446.617 620.094
threshold=-2.4608415365219112 2.6909836530685429 4.711318016052247 -1.6137911677360532 0.25011114776134497 1.6180556416511538 1.0098809599876406 0.96793350577354442 1.1994026899337771 1.2636781334877016 2.3868050575256352 0.92474040389060985 0.37214694917202001 0.4809675812721253 -1.1976896524429319 -0.1409986540675163 -0.25334399938583368 -0.46763706207275385 0.09737375378608705 1.0098809599876406 0.35378600656986242 -0.41681288182735438 -0.30952669680118555 -0.19707467406988141 0.28792753815650945 0.19170516729354861 0.11068857461214067 -0.099173549562692628 1.0000000180025095e-35 -0.4446993470191955 -0.047487620264291756 -0.57513877749443043 -0.068619821220636354 -0.30403797328472132 0.042127428576350219 0.19646914303302768 0.50587067008018505 -0.40183690190315241 -0.047470171004533761
decision_type=2 2 2 2 2 2 2 2 2 2 2 2 2 2 2 2 2 2 2 2 2 2 2 2 2 2 2 2 2 2 2 2 2 2 2 2 2 2 2
left_child=-1 2 3 -2 5 6 8 19 9 10 12 16 13 14 15 -5 36 18 -14 21 24 34 -23 -24 25 26 27 30 29 -29 31 -16 -30 -34 37 -28 -10 -6 -39
right_child=1 -3 -4 4 7 -7 -8 -9 11 -11 -12 -13 17 -15 20 -17 -18 -19 -20 -21 -22 22 23 -25 -26 -27 35 28 32 -31 -32 -33 33 -35 -36 -37 -38 38 -40
leaf_value=0.62736150530668411 -0.46912204287946224 -0.49879487479726481 0.48483376741409306 -0.097345702751324731 -0.19175291410514286 1.1686130237579346 0.65987882316112523 -0.44325413115714724 -0.070727367392299997 0.70433364063501358 0.57428913847966634 -0.61305347968030866 -0.093197063207626343 0.67528762958943844 -0.038242162768404156 1.0261740903059642 -0.40413169860839848 -0.027857397113149836 -0.41323479360767773 -0.30902327285706999 0.26682445615530015 0.40663423069605709 -0.18004919731713556 0.0048664766588840348 -0.21998032110352672 0.19786427138639351 -0.36685628545555204 0.0064965775719395399 -0.22714602928893274 0.77983556129038334 -0.064665569700688749 0.43078611462066574 0.35770557269454006 -0.044581340750058492 -0.16064304483793024 -0.038065690073100011 0.19610727868974209 -0.058388615619413199 0.14011490525383699
leaf_weight=26 36 24 20 52 35 25 24 38 95 20 22 27 80 20 43 21 20 176 42 25 25 38 54 269 31 35 22 27 34 24 336 24 20 66 114 22 20 127 57
leaf_count=26 36 24 20 52 35 25 24 38 95 20 22 27 80 20 43 21 20 176 42 25 25 38 54 269 31 35 22 27 34 24 336 24 20 66 114 22 20 127 57
internal_value=-3.33778e-10 -0.00744813 -0.00200384 -0.00654101 0.00135137 0.0331379 0.0117622 -0.0554613 -0.000166293 0.0238312 0.011701 -0.169334 0.00044923 0.0376667 0.0213592 0.225859 -0.0805895 -0.0997132 -0.203374 -0.034966 0.000303595 -0.0250936 0.0194973 -0.0260482 -0.00943766 0.000557469 -0.0106169 0.00408896 0.0899429 0.370421 -0.0323404 0.129768 -0.0292602 0.0489738 -0.0734338 -0.202461 -0.0243213 -0.0280372 0.00310432
internal_weight=2216 2190 2166 2146 2110 1353 1328 757 1304 1142 1122 162 1100 802 782 73 135 298 122 719 709 694 361 323 684 653 618 574 171 51 403 67 120 86 333 44 115 219 184
internal_count=2216 2190 2166 2146 2110 1353 1328 757 1304 1142 1122 162 1100 802 782 73 135 298 122 719 709 694 361 323 684 653 618 574 171 51 403 67 120 86 333 44 115 219 184
is_linear=0
shrinkage=0.05


Tree=138
num_leaves=40
num_cat=0
split_feature=27 18 29 7 30 28 13 29 22 0 30 30 5 7 15 27 3 6 27 4 15 28 33 33 9 8 24 3 29 17 28 28 7 3 30 27 3 21 21
split_gain=3793.15 3104.09 10621.3 6431.74 2181.66 1451.23 1407.15 2829.21 1317.05 1288.33 1071.36 4347.07 16538 3725.56 2740.33 1289.04 1348.13 1193.37 967.292 927.023 849.151 2812.66 797.01 1817.22 727.335 622.128 1199.67 572.791 553.355 552.856 537.935 1026.96 771.627 664.343 1349.51 780.214 1400.3 599.575 577.089
threshold=-2.1934885978698726 -1.2136644124984739 3.2934920787811284 -1.1821424365043638 1.0098809599876406 -1.2250468134880064 -1.3370534777641294 0.32382850348949438 -1.6105053424835203 2.9056415557861333 0.18768508732318881 0.13509841263294223 0.068988487124443068 2.1604351997375493 1.8629074692726137 -0.65585789084434498 -0.3340682834386825 2.872025847434998 0.18816866725683215 -0.072671391069889055 -0.46841382980346674 -0.42508600652217859 -0.047485981136560433 -0.047486646100878709 1.1576012372970583 -1.1999563574790952 -1.1955017447471616 0.062797524034976973 -0.11295622587203978 1.8310874700546267 0.56415691971778881 0.67427051067352306 -0.23761315643787381 0.47482140362262731 -0.50479614734649647 -0.29657208919525141 0.95643454790115368 -0.0067854186054319135 0.75930988788604747
decision_type=2 2 2 2 2 2 2 2 2 2 2 2 2 2 2 2 2 2 2 2 2 2 2 2 2 2 2 2 2 2 2 2 2 2 2 2 2 2 2
left_child=-1 2 6 -3 5 -5 7 -2 -8 10 11 13 18 14 17 16 -12 22 -13 -20 21 -17 23 -7 30 -10 -27 -28 -18 -22 33 -32 -33 37 -35 36 -36 -24 -34
right_child=1 3 -4 4 -6 9 8 -9 25 -11 15 12 -14 -15 -16 20 28 -19 19 -21 29 -23 24 -25 -26 26 27 -29 -30 -31 31 32 38 34 35 -37 -38 -39 -40
leaf_value=0.51639109969139108 -0.14430188116465889 0.90465260203927755 -1.2251545312729748 0.30626410741258314 0.40031813545262118 -0.0055429053236628724 -0.5082622703002847 0.50152892129761839 -0.30316962046282636 0.37941138943036401 -0.060356818741095858 -0.13816112498087543 1.3179377491399646 0.65512225690297787 -0.54068470505567701 -0.069052588567137724 -0.2374536718862752 0.35244134884505046 -0.064477268294431275 0.41693282775580887 -0.046160504917109699 0.48762391926720738 -0.076460698299703353 0.39132794864249953 -0.3084005152673594 0.23305536960412204 -0.052147618201043869 -0.36839286617579914 -0.57039276458896127 -0.25199824316161024 0.37301927090622489 -0.25417299041381253 0.29196221325546506 0.38117489836045676 0.43819377882406113 -0.13209456013021423 -0.076393080798861313 -0.23961185244719188 -0.018825561458529053
leaf_weight=35 43 20 22 37 34 229 23 28 28 21 61 63 30 20 26 78 24 21 20 20 480 32 226 33 28 29 45 21 26 35 20 26 20 21 20 98 39 75 59
leaf_count=35 43 20 22 37 34 229 23 28 28 21 61 63 30 20 26 78 24 21 20 20 480 32 226 33 28 29 45 21 26 35 20 26 20 21 20 98 39 75 59
internal_value=1.13431e-10 -0.00828688 -0.178321 0.012639 0.00335687 -0.0037918 -0.07219 0.110392 -0.16098 -0.00998957 -0.0144581 0.0169211 0.284835 -0.0201576 -0.03451 -0.0611005 -0.218116 -0.0201269 -0.0160683 0.176228 -0.0332146 0.0928897 -0.0288785 0.0444446 -0.0592751 -0.0960409 -0.0349925 -0.152771 -0.410582 -0.0601495 -0.0477262 0.0446434 -0.0179044 -0.071831 0.0047413 -0.0456097 0.0980431 -0.117113 0.0598549
internal_weight=2216 2181 239 1942 1922 1888 217 71 146 1851 1830 1094 133 961 941 736 111 915 103 40 625 110 894 262 632 123 95 66 50 515 604 125 105 479 178 157 59 301 79
internal_count=2216 2181 239 1942 1922 1888 217 71 146 1851 1830 1094 133 961 941 736 111 915 103 40 625 110 894 262 632 123 95 66 50 515 604 125 105 479 178 157 59 301 79
is_linear=0
shrinkage=0.05


Tree=139
num_leaves=40
num_cat=0
split_feature=29 21 19 6 4 7 30 18 6 30 20 16 27 7 7 27 12 3 24 15 24 8 33 26 7 14 2 16 29 29 26 30 33 23 13 27 8 5 24
split_gain=3989.94 2610.41 3956.2 1528.55 2177.59 1255.64 6555.46 4096.46 1834.28 1699.18 1056.37 5318.09 12568.3 980.272 3936.83 1179.08 1203.25 1040.97 723.749 3182.44 853.494 1120.69 666.814 651.544 1122.17 648.466 600.895 528.919 525.517 727.621 521.098 490.99 1419.08 508.861 589.695 468.649 463.769 441.936 427.941
threshold=3.2934920787811284 -1.6710991859436033 -1.5992504954338072 2.9755042791366582 2.1403487920761113 -0.66309869289398182 1.0098809599876406 -1.0717446804046629 2.2540702819824223 1.0098809599876406 2.2636622190475468 1.840181350708008 0.31322589516639715 1.2180948853492739 1.1032164096832278 -1.1536921858787534 0.99506542086601268 0.86135217547416698 -0.70586934685707081 -0.56291991472244252 -0.65101107954978932 -0.59926411509513844 -0.047335436567664139 1.6058637499809267 1.6315463185310366 -0.56611913442611683 1.1408391594886782 0.72392645478248607 -0.46601891517639155 -0.42408676445484156 -0.5431385040283202 -0.30713127553462977 -0.047480765730142586 -0.47538365423679346 -0.39906629920005793 -0.91746291518211354 -0.33529070019721979 -0.308753952383995 -0.57040518522262562
decision_type=2 2 2 2 2 2 2 2 2 2 2 2 2 2 2 2 2 2 2 2 2 2 2 2 2 2 2 2 2 2 2 2 2 2 2 2 2 2 2
left_child=1 22 -3 4 5 9 7 -7 10 35 11 13 -13 14 15 -9 18 23 19 -17 -20 -22 -1 24 -15 -5 28 -18 37 -30 -31 32 -32 -33 -35 -4 -28 -23 -37
right_child=-2 2 3 25 -6 6 -8 8 -10 -11 -12 12 -14 17 -16 16 27 -19 20 -21 21 26 -24 -25 -26 -27 36 -29 29 30 31 33 -34 34 -36 38 -38 -39 -40
leaf_value=-0.58512365912849251 0.64118435698328546 0.66775567314841533 -0.18315341180811329 -0.028910101354122166 0.50745779251058898 0.62695203358307483 0.83741838050385331 -0.38518862797116693 0.46965445533394812 -0.47624592250585557 -0.24826773195729956 1.4207733804271336 -0.27107026816710184 -0.03930305107718423 0.53928693656343973 -0.17313275745621437 -0.42548674825070942 -0.45660901809441506 -0.29548775800145588 0.64755677732505967 0.34762294461781329 -0.024138981769127505 -0.19122409208544666 0.054336062058846051 -0.48011528621004385 -0.38064926415681843 -0.31458515168096013 -0.12285202573485939 0.28458268617590271 0.25105534245570504 -0.051640614303382674 -0.24932356964458122 0.45545229938897225 0.2012318800796162 -0.01522762411523379 -0.017338527851935591 -0.064167114128940744 -0.21308508765484607 -0.20284732755492715
leaf_weight=22 24 22 60 20 21 26 24 22 20 25 46 21 23 42 32 27 22 23 26 21 22 84 21 47 22 38 26 42 24 21 37 22 22 33 676 363 64 49 34
leaf_count=22 24 22 60 20 21 26 24 22 20 25 46 21 23 42 32 27 22 23 26 21 22 84 21 47 22 38 26 42 24 21 37 22 22 33 676 363 64 49 34
internal_value=4.49365e-10 -0.00702027 0.000698 -0.00620151 0.00089524 -0.004299 0.0174213 0.00465865 -0.00601392 -0.0748673 -0.0123731 -0.00488957 0.536401 -0.021829 -0.00827832 -0.022409 -0.0158564 -0.150459 -0.00415301 0.185919 -0.0124021 -0.00558703 -0.392754 -0.0870222 -0.190832 -0.25936 -0.0129317 -0.226883 -0.00144193 0.0132611 0.0052319 -0.00130265 0.137445 -0.0125011 -0.00515264 -0.0529101 -0.13651 -0.0937507 -0.0332259
internal_weight=2216 2192 2149 2127 2069 2048 1566 1542 1516 482 1496 1450 44 1406 1272 1240 1218 134 1154 48 1106 1080 43 111 64 58 1058 64 968 835 811 790 59 731 709 457 90 133 397
internal_count=2216 2192 2149 2127 2069 2048 1566 1542 1516 482 1496 1450 44 1406 1272 1240 1218 134 1154 48 1106 1080 43 111 64 58 1058 64 968 835 811 790 59 731 709 457 90 133 397
is_linear=0
shrinkage=0.05


Tree=140
num_leaves=40
num_cat=0
split_feature=30 29 30 22 6 5 6 22 18 16 3 29 30 8 10 3 8 12 11 12 22 13 8 17 5 16 17 3 20 17 19 19 20 10 15 33 19 19 21
split_gain=3726.19 2206.55 4510.76 2849.65 1610.68 2046.4 1549.63 1171.86 2010.23 4178.52 1037.68 944.93 1356.18 900.172 4547.6 1381.58 860.977 856.283 708.848 678.352 4825.85 2217.41 1063.47 1059.78 672.26 623.132 607.313 1330.63 2065.13 703.535 940.64 677.735 2352.56 608.048 972.073 1321.02 794.039 1086.58 578.06
threshold=-2.4608415365219112 0.7793947458267213 1.0098809599876406 -1.6769025325775144 3.7202574014663701 3.3049092292785649 2.872025847434998 2.3331806659698491 1.8405267000198366 1.7381920218467715 -0.82119348645210255 2.6909836530685429 0.9120679795742036 1.1994026899337771 1.2258832454681399 -0.15286046266555783 1.2154778838157656 0.97913464903831493 -0.9180694818496703 -0.6477123200893401 -0.91419646143913258 -0.60128822922706593 -0.59926411509513844 -0.39838144183158869 -0.39390975236892695 0.72392645478248607 -0.13913081586360929 0.47482140362262731 -0.23963004350662229 0.059342432767152793 0.024090988561511043 0.20737794041633609 0.21227244287729266 -0.19707467406988141 0.27601341903209692 -0.047485817223787301 0.53583940863609325 0.58571070432662975 0.11068857461214067
decision_type=2 2 2 2 2 2 2 2 2 2 2 2 2 2 2 2 2 2 2 2 2 2 2 2 2 2 2 2 2 2 2 2 2 2 2 2 2 2 2
left_child=-1 2 3 -2 5 6 7 8 9 13 18 12 24 14 17 -15 -10 19 -3 -5 -21 -22 -23 -24 -12 -19 27 -25 -29 38 -31 -32 -33 -34 35 -35 -36 -38 -28
right_child=1 10 -4 4 -6 -7 -8 -9 16 -11 11 -13 -14 15 -16 -17 -18 25 -20 20 21 22 23 26 -26 -27 29 28 -30 30 31 32 33 34 36 -37 37 -39 -40
leaf_value=0.59504938744581659 0.54068985643486189 0.22106387485628542 0.63827099235661866 -0.064431699311647272 -0.35382802590276258 0.50160204470157621 0.39241041677693528 0.27060340278678469 -0.11081697298930243 0.66122177700896789 -0.30144615595539415 -0.56622323334217073 -0.56438483119010929 -0.031459143411281497 0.72390802424578438 -0.38416980558597463 -0.51039070657321384 -0.38159736521818022 -0.14528828378646605 0.77998483493924153 0.39407195567208181 0.33641349474589033 -0.14198514549940264 -0.0030024815031706735 -0.010744856790465824 -0.047807468332607177 -0.066169821229158793 -0.005620597379112786 0.69638719171285635 0.3404899036884308 -0.14066202317431839 0.54494622293859718 -0.17730330564033164 0.52400141499936581 -0.13652416606330209 0.044539476419780774 0.36080930165269159 -0.0061419968267159217 -0.30666445018723609
leaf_weight=26 24 23 28 416 33 20 24 36 26 23 30 20 20 86 21 41 28 27 31 20 34 21 159 108 59 29 114 22 20 20 83 20 48 20 108 51 22 243 32
leaf_count=26 24 23 28 416 33 20 24 36 26 23 30 20 20 86 21 41 28 27 31 20 34 21 159 108 59 29 114 22 20 20 83 20 48 20 108 51 22 243 32
internal_value=2.07278e-10 -0.00706451 0.00809052 -0.000825625 -0.00747339 -0.00152661 -0.00681713 -0.0119191 -0.0174407 -0.0083633 -0.173273 -0.250306 -0.19234 -0.0170888 -0.00714605 -0.145326 -0.318003 -0.0166403 0.0107506 -0.00974872 0.0101186 -0.00356788 -0.01596 -0.0228757 -0.108734 -0.208742 -0.0020871 0.0898655 0.328669 -0.0202118 0.00321211 -0.00812496 0.0133605 -0.00824863 0.0100275 0.179599 -0.0222502 0.0243219 -0.118881
internal_weight=2216 2190 2007 1979 1955 1922 1902 1878 1842 1788 183 129 109 1765 1638 127 54 1617 54 1561 1145 1125 1091 1070 89 56 911 150 42 761 615 595 512 492 444 71 373 265 146
internal_count=2216 2190 2007 1979 1955 1922 1902 1878 1842 1788 183 129 109 1765 1638 127 54 1617 54 1561 1145 1125 1091 1070 89 56 911 150 42 761 615 595 512 492 444 71 373 265 146
is_linear=0
shrinkage=0.05


Tree=141
num_leaves=40
num_cat=0
split_feature=12 25 30 33 12 4 29 29 30 33 16 3 0 14 31 13 11 28 24 6 5 5 0 29 29 22 20 3 31 25 20 3 5 17 0 7 29 30 3
split_gain=3956.66 13362.4 4410.33 2177.87 4304.21 3809.13 1656.67 1523.74 2395.17 1408.44 2147.65 1108.7 1450.94 15826.8 2938.74 1952.39 6126.62 1702.1 1281.37 758.04 701.231 1606.43 677.784 646.271 1966.57 484.658 1921.2 1005.26 1479.22 873.143 1067.96 696.46 1085.36 608.25 603.685 463.263 462.589 481.314 472.754
threshold=-1.3944663405418394 -1.6300981044769285 -2.4608415365219112 -0.047459915280342095 -1.2313437461853025 2.1053092479705815 1.6874600648880007 1.3590816259384157 1.0098809599876406 -0.047462873160839074 -0.60225436091423024 2.2689856290817265 0.84778705239295971 1.4059720635414126 0.97795489430427562 0.90714541077613842 0.86738887429237377 -1.2250468134880064 0.93824729323387157 1.1405842304229739 -0.086038753390312181 0.47402445971965795 2.798500776290894 -0.5066140592098235 -0.44785918295383448 0.43905407190322882 0.45322860777378088 -0.42983973026275629 -0.64908450841903675 0.029295501299202446 -0.10507600754499434 -0.61862659454345692 -0.30438698828220362 0.086179636418819441 0.14126598089933398 0.64227843284606945 -0.15985984355211255 0.46835884451866155 0.14685590565204623
decision_type=2 2 2 2 2 2 2 2 2 2 2 2 2 2 2 2 2 2 2 2 2 2 2 2 2 2 2 2 2 2 2 2 2 2 2 2 2 2 2
left_child=2 -2 -1 4 -3 7 22 8 9 11 -11 12 15 14 -14 16 17 -6 35 23 -17 -22 36 -19 -25 27 -27 31 -29 30 34 33 -33 -26 -30 -16 -5 38 -38
right_child=1 3 -4 6 5 -7 -8 -9 -10 10 -12 -13 13 -15 18 20 -18 19 -20 -21 21 -23 -24 24 25 26 -28 28 29 -31 -32 32 -34 -35 -36 -37 37 -39 -40
leaf_value=-0.96242868141694504 1.1845386666556201 0.68305881557365256 -0.081055204905569556 -0.16464313237758524 0.33546036652156286 0.64846587670238121 -0.57014648086857045 -0.39482219895968834 0.43492418583482506 0.6580489228665829 -0.074694013241678486 -0.34591256181399027 0.50813320307504561 1.4561101590842009 -0.11666569218283432 -0.09613182016092213 0.83359469159252275 -0.10755893601406669 -0.48696753851005009 -0.21087678774278992 -0.50331813124184677 -0.0062988171482394485 -0.36354121015491814 0.36722742824090854 0.028891609406492869 0.4753474589126806 0.0057984840365568717 -0.39342721979084772 0.011475824544915057 -0.21919106268102218 0.30024152863025666 -0.020275267124176027 0.46731596702621103 -0.129026792989439 -0.20175361491819013 0.12851571029424666 -0.10259669303894044 -0.23100894203652508 0.094355272879012131
leaf_weight=22 24 24 40 88 35 23 20 24 32 20 20 24 21 20 84 193 22 148 21 49 37 29 22 36 293 24 236 38 113 63 25 25 21 77 47 25 50 23 78
leaf_count=22 24 24 40 88 35 23 20 24 32 20 20 24 21 20 84 193 22 148 21 49 37 29 22 36 293 24 236 38 113 63 25 25 21 77 47 25 50 23 78
internal_value=-7.65562e-10 0.011335 -0.393801 -0.00188417 0.0178256 0.00907729 -0.131576 0.000916395 0.0062582 -0.00159822 0.291677 -0.00847456 -0.00365975 0.134384 -0.0406791 -0.0192822 0.00656831 -0.00822403 -0.129333 -0.0182901 -0.144243 -0.284931 -0.0979687 -0.0100556 0.00440382 -0.00917377 0.0491415 -0.030772 -0.102933 -0.058422 -0.00367359 0.0188388 0.202321 -0.00397249 -0.0511603 -0.0604314 -0.0735227 -0.0204194 0.0174209
internal_weight=2216 2154 62 2130 1849 1825 281 1802 1778 1746 40 1706 1682 171 151 1511 1252 1230 130 1195 259 66 261 1146 998 962 260 702 286 248 185 416 46 370 160 109 239 151 128
internal_count=2216 2154 62 2130 1849 1825 281 1802 1778 1746 40 1706 1682 171 151 1511 1252 1230 130 1195 259 66 261 1146 998 962 260 702 286 248 185 416 46 370 160 109 239 151 128
is_linear=0
shrinkage=0.05


Tree=142
num_leaves=40
num_cat=0
split_feature=29 21 19 6 0 23 23 4 14 27 33 5 30 13 23 30 27 27 29 6 33 33 29 13 11 12 22 30 30 7 21 12 15 7 7 4 14 27 5
split_gain=3879.8 2562.2 3215.57 1356.25 3117.85 3034.96 17935.7 19409.2 2137.81 2152.56 1668.79 1477.64 1392.23 1028.13 816.956 769.588 855.695 1992.99 1739.28 875.46 1301.92 687.583 677.626 663.898 549.626 1093.51 893.374 556.393 2510.61 824.416 1026.51 1406.17 1033.32 523.21 1659.22 767.328 1313.13 1070.36 504.518
threshold=3.2934920787811284 -1.6710991859436033 -1.5992504954338072 -0.4392834603786468 2.7512800693511967 1.0580972433090212 1.1383608579635622 0.55250677466392528 0.72902238368988048 -1.1976896524429319 -0.047483224421739571 -0.41356109082698816 1.0567454695701601 -0.11228935420513152 1.2781210541725161 0.50587067008018505 -0.099173549562692628 0.014414219185709955 -0.51274108886718739 -0.1040716953575611 -0.047476824373006814 -0.047335436567664139 -0.9346151053905486 1.6231963038444521 -0.31712549924850458 -0.29847192764282221 -0.11134137585759162 0.13834507763385775 0.11743224784731866 0.37754268944263464 0.48020079731941229 0.1965630501508713 -0.3122249543666839 -0.25313408672809595 -0.34461495280265803 -0.89702138304710377 -0.76226675510406483 -0.051677344366908066 -0.41574457287788386
decision_type=2 2 2 2 2 2 2 2 2 2 2 2 2 2 2 2 2 2 2 2 2 2 2 2 2 2 2 2 2 2 2 2 2 2 2 2 2 2 2
left_child=1 21 -3 4 5 8 -7 10 9 -4 -8 14 22 -13 15 16 -5 -18 -19 20 -20 -1 -11 -16 26 -26 33 28 29 30 32 -32 -27 34 35 36 -24 -38 -10
right_child=-2 2 3 11 -6 6 7 -9 38 12 -12 13 -14 -15 23 -17 17 18 19 -21 -22 -23 24 -25 25 27 -28 -29 -30 -31 31 -33 -34 -35 -36 -37 37 -39 -40
leaf_value=-0.58442102006890562 0.63227288660903769 0.60210970044136047 0.4889502227306366 -0.06944165041121389 0.6308968895957584 1.6209404597152024 -0.13602328954563878 1.4607231368869544 -0.033369743398257663 -0.27761968892553579 -0.62718153411433819 -0.13690165585435149 0.39279970361597161 -0.50236070057446214 -0.36035478306002916 -0.15162238696674735 0.51627673533829777 0.36377907807336141 0.017105099825444177 -0.084651822358959142 0.45829604297876358 -0.18443411205496107 -0.047439271642589105 -0.059579518272779713 0.39510573849081992 0.2808709080629051 -0.22151618932877654 -0.032497943531961941 0.61003663918003448 -0.13835002511347597 0.57026990001851863 -0.0090081965923309339 -0.088521877093574952 -0.24594205843851619 0.44240579733625057 -0.098111475520966843 0.043092136772779316 0.5061422660946846 -0.27773120667525503
leaf_weight=22 24 22 23 224 21 20 98 20 28 23 21 67 22 27 32 88 22 34 102 177 20 21 102 43 20 25 61 256 20 57 22 20 78 23 20 175 26 24 86
leaf_count=22 24 22 23 224 21 20 98 20 28 23 21 67 22 27 32 88 22 34 102 177 20 21 102 43 20 25 61 256 20 57 22 20 78 23 20 175 26 24 86
internal_value=-7.85378e-10 -0.0069227 0.000723978 -0.00549628 0.0266326 0.0166408 0.220957 0.0195206 -0.0125997 0.0108535 -0.222698 -0.0551116 -0.000436283 -0.241874 -0.0314517 -0.0138589 0.0070793 0.0553629 0.0249122 -0.0136212 0.0894315 -0.389079 -0.00952367 -0.18791 -0.0028862 0.0328921 -0.0442263 0.0177367 0.075665 0.0227569 0.0860886 0.294423 0.00113657 -0.0149974 0.000310121 -0.0267294 0.055454 0.265356 -0.217713
internal_weight=2216 2192 2149 2127 1291 1270 159 139 1111 997 119 836 974 94 742 667 579 355 333 299 122 43 952 75 929 498 431 478 222 202 145 42 103 370 347 327 152 50 114
internal_count=2216 2192 2149 2127 1291 1270 159 139 1111 997 119 836 974 94 742 667 579 355 333 299 122 43 952 75 929 498 431 478 222 202 145 42 103 370 347 327 152 50 114
is_linear=0
shrinkage=0.05


Tree=143
num_leaves=40
num_cat=0
split_feature=30 30 30 18 29 29 27 27 27 22 21 4 28 33 8 17 0 30 20 30 4 12 24 31 30 29 30 21 28 28 3 27 31 7 12 8 4 28 26
split_gain=3891.49 2218.14 3104.25 2468.01 1303.85 4249.55 1634.16 1462.19 15433.8 3518.98 16972 4399.23 12977 2936.46 1813.1 1456.62 1354.06 1316 1674.27 1404.13 4664.6 1211.83 1209.17 1014.53 899.833 883.891 845.518 804.478 1254.64 1690.87 854.835 728.533 707.688 697.279 781.514 678.806 670.921 884.581 610.596
threshold=-2.4608415365219112 -0.95633739233016957 -0.81057617068290699 -1.5910865664482114 0.7793947458267213 0.72183758020401012 0.4204875528812409 0.25011114776134497 0.21318208426237109 0.58130306005477916 0.53240445256233226 1.8600328564643862 -0.17140911519527433 -0.047436958178877824 0.96793350577354442 0.393465206027031 -0.0066562783904373637 0.52722483873367321 0.34888623654842382 0.25510999560356146 -1.0322614908218382 0.97913464903831493 -1.4537886977195738 0.69531184434890758 0.83155819773674022 0.071945838630199446 0.65969780087471019 0.14182383567094806 -0.14348310977220533 -0.027328914962708947 -0.65996679663658131 -0.76310309767723072 0.2944366335868836 0.94995784759521495 1.7161071300506594 0.46871942281723028 0.19350574910640719 -0.41530318558216089 0.70163902640342724
decision_type=2 2 2 2 2 2 2 2 2 2 2 2 2 2 2 2 2 2 2 2 2 2 2 2 2 2 2 2 2 2 2 2 2 2 2 2 2 2 2
left_child=-1 32 -3 22 5 7 26 8 9 10 11 13 -13 15 24 17 -8 18 19 27 -21 -17 -4 33 -9 -25 -6 28 -5 -30 -29 -19 -2 35 -35 -11 -22 -38 -37
right_child=1 2 3 4 6 -7 16 14 -10 23 -12 12 -14 -15 -16 21 -18 31 -20 20 36 -23 -24 25 -26 -27 -28 30 29 -31 -32 -33 -34 34 -36 38 37 -39 -40
leaf_value=0.60810475578674916 -0.16778802448703398 0.53350753041881105 -0.082576937973499298 -0.037375556474339364 -0.18229325929987095 0.68807443924572165 -0.1328248491510749 -0.023757851056488932 1.1569930353264015 -0.18362368004662652 1.4305797257206656 -0.29252276679743894 1.4489323825389147 0.58243499701576573 -0.38565533463007368 -0.09681552757132561 0.39830259546637536 -0.44614306837320328 0.46540018706804231 0.67054147698888278 -0.10411939111757368 -0.55367861659753892 -0.60417388391494753 -0.16543481022429962 -0.36452926639467481 -0.5189243708005441 -0.53181905249754591 -0.016928465962409971 0.54273222270219224 -0.051301808595657354 -0.4346949378649394 -0.097207888366224682 -0.53384027532909228 -0.26847138663064946 -0.031054134926561158 0.34061336472630499 -0.11310252334390368 0.31000768328706424 0.0074204937322065239
leaf_weight=26 31 27 20 395 62 23 30 617 30 28 22 23 20 21 39 47 20 21 21 33 68 21 25 48 20 28 24 25 23 25 24 52 23 73 66 20 21 30 44
leaf_count=26 31 27 20 395 62 23 30 617 30 28 22 23 20 21 39 47 20 21 21 33 68 21 25 48 20 28 24 25 23 25 24 52 23 73 66 20 21 30 44
internal_value=-1.15339e-09 -0.00721951 0.000781381 -0.00603873 0.00194778 0.0125025 -0.14768 0.00434595 0.0368338 0.00880649 0.0590588 0.0243766 0.517456 -0.00126115 -0.0547185 -0.0164691 0.0796261 0.00393425 0.0260561 0.0117296 0.144558 -0.237906 -0.372353 -0.137203 -0.0344571 -0.295668 -0.279835 -0.0293068 -0.008043 0.233339 -0.221549 -0.197587 -0.323699 -0.0850679 -0.155741 0.0217098 -0.00130287 0.135786 0.111543
internal_weight=2216 2190 2136 2109 2064 1928 136 1905 1229 1199 892 870 43 827 676 806 50 738 665 644 152 68 45 307 637 76 86 492 443 48 49 73 54 231 139 92 119 51 64
internal_count=2216 2190 2136 2109 2064 1928 136 1905 1229 1199 892 870 43 827 676 806 50 738 665 644 152 68 45 307 637 76 86 492 443 48 49 73 54 231 139 92 119 51 64
is_linear=0
shrinkage=0.05


Tree=144
num_leaves=40
num_cat=0
split_feature=12 29 30 13 27 29 3 5 4 22 11 12 8 10 13 11 9 4 30 17 18 7 7 12 11 7 29 30 21 9 18 10 12 6 9 31 10 12 11
split_gain=3840.43 15634.6 7581.64 4033.12 1861.47 1797.03 2062.59 1279.66 1222.12 1298.67 1869.12 7272.37 3243.58 1855.53 1543.46 1730.01 19173.5 3202.24 1445.66 1287.46 1131.76 994.449 1096.58 2220.53 925.84 905.452 1032.13 852.764 3320.27 876.287 812.147 800.04 828.025 824.386 1271.39 780.369 746.615 713.759 625.621
threshold=-1.2811323404312132 2.3943476676940922 -2.4608415365219112 -1.2564845085144041 -1.9917369484901426 0.27167963981628424 -0.26861298084259028 3.5429087877273564 2.0524426698684697 2.3331806659698491 1.4390780925750735 1.2761033177375796 1.3023713231086733 1.5550780892372134 0.26049153506755834 -0.4000240415334701 -0.4233239740133285 1.8600328564643862 0.80684712529182445 -0.37533284723758692 1.7937170863151553 -0.497776448726654 -0.3312095701694488 -0.29847192764282221 -0.45887897908687586 -0.064328864216804491 0.16813444346189502 0.2988771945238114 -0.62700664997100819 -0.40581667423248285 1.757795035839081 -0.16252391040325162 0.083669725805521025 -0.43636856973171229 0.24428016692399981 2.4671766757965092 -0.51517122983932484 -0.80681398510932911 0.048919921740889556
decision_type=2 2 2 2 2 2 2 2 2 2 2 2 2 2 2 2 2 2 2 2 2 2 2 2 2 2 2 2 2 2 2 2 2 2 2 2 2 2 2
left_child=2 3 -1 -2 -5 -4 -7 8 9 10 11 12 14 -12 15 18 -17 21 24 -16 -21 -18 23 -23 27 38 31 29 37 36 -15 -27 -33 34 -34 -10 -6 -29 -24
right_child=1 -3 5 4 7 6 -8 -9 35 -11 13 -13 -14 30 19 16 17 -19 -20 20 -22 22 25 -25 -26 26 -28 28 -30 -31 -32 32 33 -35 -36 -37 -38 -39 -40
leaf_value=-1.0680385606984297 0.67537202618338854 1.3419777361845429 -0.27615497945635409 -0.48525311127305032 -0.026845876674018394 0.43174857654505311 -0.23818062882870439 0.39746385663747791 -0.094323546642178235 0.31089176198138913 -0.59835211491698159 0.70537633687459145 0.61447821344648101 -0.0037633812365432586 -0.45826143033125188 1.4661723537991445 -0.33193364587019791 0.59985879374587014 -0.42661548793396875 -0.049540520336171227 -0.40179442167282109 0.62630502012159139 -0.067550714741491033 -0.0009509058885796125 -0.23090401491036219 0.30763709314167498 0.30853725894121453 0.032699425862067276 0.53806422437174306 0.28225619203987579 -0.33839421847462658 -0.10929794237017632 -0.048506352626558009 -0.13385139069120799 0.40527705934011576 -0.41484198267757899 -0.24877392693999267 -0.32628969773650174 -0.3470018772448859
leaf_weight=24 22 22 54 20 388 27 20 20 79 34 23 37 21 66 22 24 22 23 23 457 24 21 155 43 49 20 32 45 33 21 25 120 29 28 33 25 42 20 23
leaf_count=24 22 22 54 20 388 27 20 20 79 34 23 37 21 66 22 24 22 23 23 457 24 21 155 43 49 20 32 45 33 21 25 120 29 28 33 25 42 20 23
internal_value=1.03439e-09 0.0160936 -0.269214 0.00199526 -0.00524182 -0.0793938 0.146672 -0.000505641 -0.00447146 0.00464971 -0.000921307 0.0118225 -0.00311438 -0.197108 -0.010757 0.0201929 0.0828486 0.0223755 -0.0376199 -0.0842243 -0.0671166 -0.00287572 0.0114879 0.204867 -0.0226586 -0.01664 0.0424802 -0.004072 0.12961 -0.0331205 -0.0956949 0.00546352 -0.0233149 0.0913291 0.193024 -0.171371 -0.0485226 -0.0777588 -0.10366
internal_weight=2216 2091 125 2069 2047 101 47 2027 2007 1903 1869 1755 1718 114 1697 1194 573 549 621 503 481 526 504 64 598 440 262 549 98 451 91 230 210 90 62 104 430 65 178
internal_count=2216 2091 125 2069 2047 101 47 2027 2007 1903 1869 1755 1718 114 1697 1194 573 549 621 503 481 526 504 64 598 440 262 549 98 451 91 230 210 90 62 104 430 65 178
is_linear=0
shrinkage=0.05


Tree=145
num_leaves=40
num_cat=0
split_feature=30 29 6 20 27 28 30 8 11 3 3 8 26 17 27 29 30 27 17 23 13 15 33 0 4 30 17 13 17 29 15 9 27 30 9 20 18 0 7
split_gain=4069.17 2146.8 1866.92 3163.41 1291.63 11244.2 3228.01 1879.43 3322.78 2392.13 2261.5 1664.48 1312.74 5045.34 1490.71 8644.94 1026.66 895.872 634.907 592.346 561.428 4484.51 773.49 1353.08 711.683 1782.51 665.704 557.109 994.815 612.401 550.069 541.585 525.641 510.723 481.007 978.48 2976.28 1121.53 607.247
threshold=-2.4608415365219112 2.6909836530685429 4.711318016052247 -1.6137911677360532 0.25011114776134497 1.6180556416511538 1.0098809599876406 1.1994026899337771 1.2636781334877016 2.3868050575256352 0.92474040389060985 0.96793350577354442 0.24659895896911624 0.37747199833393102 -1.1976896524429319 -0.15985984355211255 1.0098809599876406 -0.25334399938583368 -0.39838144183158869 0.99978256225585949 -0.57643339037895192 -0.64103844761848439 -0.047473477199673646 0.39972749352455145 -1.0187374949455259 -0.050173349678516381 0.044704664498567588 -0.95354408025741566 -0.74541214108467091 -0.36237570643424982 -0.17019593715667722 -0.7009388506412505 0.16085347533226016 0.50587067008018505 -0.65864154696464527 0.13133033365011218 0.043499024584889419 0.16255104541778567 -0.18509795516729352
decision_type=2 2 2 2 2 2 2 2 2 2 2 2 2 2 2 2 2 2 2 2 2 2 2 2 2 2 2 2 2 2 2 2 2 2 2 2 2 2 2
left_child=-1 2 3 -2 5 6 7 8 9 12 17 16 13 14 15 -5 27 33 -14 32 21 24 23 26 25 -16 -22 -6 -29 30 -30 -26 -20 -9 -31 36 37 -36 -37
right_child=1 -3 -4 4 11 -7 -8 10 -10 -11 -12 -13 18 -15 20 -17 -18 -19 19 -21 22 -23 -24 -25 31 -27 -28 28 29 34 -32 -33 -34 -35 35 38 -38 -39 -40
leaf_value=0.62183220168718933 -0.47140623753269512 -0.47767372305194544 0.47867232814431193 -0.11079332927862805 -0.12315800406767624 1.0810816724300385 0.58536916623512913 -0.070275404725811993 0.66160025507211684 0.5276463614268736 -0.57691963966246007 -0.37352603752362101 -0.34950087341479957 0.80381112112885433 0.39675600710324943 1.115742404460907 -0.34877318358421328 -0.38450209648348393 -0.020310204638861146 -0.2462874634485496 -0.063387139347195628 0.76997903235256671 -0.17551799915816593 0.37122660035436805 -0.019094762668554855 -0.10390954233240338 0.17882170520897489 0.33516531246049064 -0.34755771823904735 -0.10366189649853952 -0.065250374956522139 -0.23856212625632414 -0.28524430438876153 0.20771810248494149 -0.1337896828312013 -0.12203050117228138 0.69691158930460617 0.26494669437023072 0.035712442006051691
leaf_weight=26 36 24 20 51 115 25 24 95 20 22 27 38 20 21 32 20 25 20 293 38 250 20 87 22 117 40 32 21 22 78 80 37 20 20 45 89 21 29 194
leaf_count=26 36 24 20 51 115 25 24 95 20 22 27 38 20 21 32 20 25 20 293 38 250 20 87 22 117 40 32 21 22 78 80 37 20 20 45 89 21 29 194
internal_value=-1.15491e-09 -0.00738248 -0.0021715 -0.0066528 0.00127664 0.0305381 0.0107613 0.000185729 0.0227941 0.0114072 -0.159189 -0.051023 0.0010824 0.0400485 0.0173945 0.23471 -0.0339783 -0.0756433 -0.0754844 -0.0598709 -0.00682742 0.0523516 -0.0440603 -0.00643916 -0.0111552 0.118608 -0.0359024 -0.0226384 -0.00267339 -0.0153878 -0.12614 -0.0718239 -0.0372389 -0.0219287 0.00938582 0.0327131 0.171559 0.0224719 -0.0138958
internal_weight=2216 2190 2166 2146 2110 1353 1328 1304 1142 1122 162 757 1100 729 708 71 719 135 371 351 637 246 391 304 226 72 282 694 579 558 102 154 313 115 456 378 95 74 283
internal_count=2216 2190 2166 2146 2110 1353 1328 1304 1142 1122 162 757 1100 729 708 71 719 135 371 351 637 246 391 304 226 72 282 694 579 558 102 154 313 115 456 378 95 74 283
is_linear=0
shrinkage=0.05


Tree=146
num_leaves=40
num_cat=0
split_feature=15 20 11 9 30 33 4 30 30 13 14 7 10 3 5 33 19 28 5 30 27 29 17 6 4 15 29 29 3 20 6 33 15 20 15 14 29 24 21
split_gain=3854.59 4345.81 1655.62 3425.02 9690.65 1338.84 3357.26 1411.05 1191.07 1078.76 12024.8 2023.58 1749.72 1355.82 1085.43 1029.94 2216.66 1194.3 1027.41 746.148 720.16 697.971 605.127 535.135 509.98 408.323 399.76 963.008 490.432 565.868 451.033 405.73 976.98 4565.29 617.464 531.455 534.015 431.983 411.625
threshold=-1.584319472312927 -1.6137911677360532 -1.2946693301200864 -1.2051863074302671 -0.26025116443634028 -0.047459915280342095 2.1053092479705815 1.0098809599876406 -0.5347447097301482 1.5881919264793398 1.4663060307502749 1.6315463185310366 0.97683763504028331 0.11722877249121667 0.73058363795280468 -0.047462873160839074 -0.65598705410957325 -1.2250468134880064 2.941359400749207 -0.81057617068290699 -0.002907592104747891 -0.057934071868658059 0.60909369587898265 2.872025847434998 -0.60502564907073964 1.7172574996948244 0.45624069869518286 0.41948790848255163 -0.087405160069465623 0.12480547279119493 0.94237199425697338 -0.047476824373006814 -0.061277598142623894 -0.25958095490932459 0.46832557022571569 -0.75197574496269215 -0.20206198841333387 -0.33116236329078669 0.44877117872238165
decision_type=2 2 2 2 2 2 2 2 2 2 2 2 2 2 2 2 2 2 2 2 2 2 2 2 2 2 2 2 2 2 2 2 2 2 2 2 2 2 2
left_child=-1 -2 8 4 -4 6 7 9 -3 10 11 12 15 22 -15 17 -17 -5 24 -19 21 -11 -14 25 -7 26 27 30 -28 -30 31 38 33 35 -34 36 -33 -37 -21
right_child=1 2 3 5 -6 18 -8 -9 -10 20 -12 -13 13 14 -16 16 -18 19 -20 23 -22 -23 -24 -25 -26 -27 28 -29 29 -31 -32 32 34 -35 -36 37 -38 -39 -40
leaf_value=0.49268673857053119 -0.58720849864184854 -0.58433793246746057 1.2706276172399522 0.26587839199182317 -0.13237411286681891 -0.32507484704256062 0.61087744433594793 0.32686296574997181 -0.082778621773267613 -0.0074781786515444957 1.1425364774206412 0.47882191403990704 0.17827466759830712 -0.19385423239320518 -0.65623573064804086 0.62516188307665299 -0.10214587978341363 -0.3104438206979207 -0.46037926658987999 -0.040958027458008459 -0.41505898577826361 -0.30733776357438836 -0.14288983483544804 0.24661002827808265 -0.059433314732629507 -0.19041043976321817 -0.023704365044022388 0.34479077465832236 -0.33988908676547003 -0.0058625604070368272 -0.14102495638974782 0.30765125603330407 -0.11939059084915854 0.68136502552417022 0.10703127242676501 -0.18154805788563358 -0.012354008690454067 0.088799866221167825 0.037095709612434045
leaf_weight=39 32 20 20 39 32 20 23 33 29 69 23 21 20 30 22 20 22 21 20 539 21 27 55 20 187 32 115 20 32 21 58 22 91 31 45 45 32 22 246
leaf_count=39 32 20 20 39 32 20 23 33 29 69 23 21 20 30 22 20 22 21 20 539 21 27 55 20 187 32 115 20 32 21 58 22 91 31 45 45 32 22 246
internal_value=-5.85229e-12 -0.00882627 -0.000197721 0.00651872 0.407242 -0.00367581 0.0106273 0.00293176 -0.287497 -0.0031385 0.00730137 -0.00880622 -0.0152063 -0.193278 -0.389477 0.000146717 0.244191 -0.00701601 -0.118163 -0.0146618 -0.149832 -0.0918137 -0.057246 -0.0101312 -0.0850992 -0.0139319 -0.00965043 0.000865898 -0.0816998 -0.207539 -0.00521589 0.00212515 0.0528858 0.139995 -0.0444716 0.00129697 0.118019 -0.0927771 -0.0164979
internal_weight=2216 2177 2145 2096 52 2044 1817 1794 49 1761 1644 1621 1600 127 52 1473 42 1431 227 1392 117 96 75 1371 207 1351 1319 1151 168 53 1131 1073 288 152 136 121 54 67 785
internal_count=2216 2177 2145 2096 52 2044 1817 1794 49 1761 1644 1621 1600 127 52 1473 42 1431 227 1392 117 96 75 1371 207 1351 1319 1151 168 53 1131 1073 288 152 136 121 54 67 785
is_linear=0
shrinkage=0.05


Tree=147
num_leaves=40
num_cat=0
split_feature=18 16 15 16 29 18 33 27 31 30 18 30 7 5 31 18 5 29 18 28 6 6 28 3 30 4 8 29 0 27 27 29 8 15 27 16 9 9 27
split_gain=3607.63 16899.5 2777.53 7506.54 5567.69 2046.59 1839.48 1413.7 14889.4 10330.7 4883.23 3601.3 3015.64 14999.7 1514.31 1346.24 1038.44 1146.87 1132.13 977.585 438.057 820.312 436.246 408.853 363.449 833.712 512.81 341.918 306.271 289.433 918.331 1362.21 639.032 1421.74 2397.29 584.564 545.978 1016.58 723.384
threshold=-1.642467141151428 -1.5978951454162595 -1.2326657772064207 -1.2166458368301389 2.0162298083305363 -1.5910865664482114 -0.04742735251784324 -0.58386245369911183 1.4600473046302798 0.73168373107910167 -1.0717446804046629 1.0098809599876406 1.5819175839424136 -0.38517582416534418 2.8130685091018681 1.7937170863151553 -0.36552448570728296 -0.0086820246651768667 0.41117008030414587 2.3325667381286626 3.2509608268737797 2.3458890914916997 -0.7546834647655486 -0.2038466930389404 0.73168373107910167 -0.75194561481475819 1.2336158156394961 0.66201218962669384 -0.45704109966754908 1.0000000180025095e-35 -0.051677344366908066 -0.048883771523833268 -0.25821840763092035 -0.24508886784315106 -0.37592837214469904 -0.63082122802734364 0.39516223967075353 0.50188912451267254 0.16876037418842318
decision_type=2 2 2 2 2 2 2 2 2 2 2 2 2 2 2 2 2 2 2 2 2 2 2 2 2 2 2 2 2 2 2 2 2 2 2 2 2 2 2
left_child=-1 -2 4 -4 5 -3 23 8 9 10 -5 12 14 -14 15 20 -12 18 22 -17 21 24 -18 27 26 -26 29 28 -7 30 32 -32 35 34 -34 -9 38 -38 -31
right_child=1 2 3 7 -6 6 -8 11 -10 -11 16 -13 13 -15 -16 19 17 -19 -20 -21 -22 -23 -24 -25 25 -27 -28 -29 -30 36 31 -33 33 -35 -36 -37 37 -39 -40
leaf_value=-0.53560031964894272 1.4191600907061783 -0.54537896432659838 0.95237402163800733 0.66751318463886333 -0.95303739139011923 -0.22936505556106568 0.28935021873031347 -0.014124439718822638 1.4166453713178635 1.1177926084399223 -0.029671409264320825 -0.56139661719401679 -0.28035966657540379 1.4452959191799164 -0.39984075458218848 -0.48015751655285177 -0.14661701747005987 -0.51156599898464405 -0.37445484383991273 -0.057933523120551278 -0.23768494587391614 0.28777285764614741 0.11656139850383625 -0.26868628140758066 0.35765884566036138 -0.035139854976109101 -0.22815737851240017 0.076237639331997467 -0.0052335327422177351 -0.1559112718376594 -0.038838173076510434 0.54473040506243708 0.015016126568828312 -0.011929224901995576 0.69075783633050469 -0.24549312437219278 0.38014848767356441 0.0040459722033416743 -0.019757765749456709
leaf_weight=31 21 22 21 22 21 35 35 78 20 20 188 30 34 20 26 26 31 26 33 29 20 24 32 34 22 35 27 29 27 117 20 20 35 235 21 42 22 98 587
leaf_count=31 21 22 21 22 21 35 35 78 20 20 188 30 34 20 26 26 31 26 33 29 20 24 32 34 22 35 27 29 27 117 20 20 35 235 21 42 22 98 587
internal_value=2.23651e-10 0.00759891 -0.00609924 0.0121263 -0.18216 -0.0932121 -0.0310392 0.00194834 0.0895778 0.0141762 -0.0523067 -0.0188413 -0.00825829 0.358772 -0.0216138 -0.0148691 -0.103391 -0.216991 -0.13721 -0.25753 -0.00535632 -0.00199654 -0.0129391 -0.120748 -0.00711388 0.116467 -0.0125241 -0.0654746 -0.131759 -0.00795774 0.0242429 0.252946 0.00198466 0.042021 0.268419 -0.0951035 -0.0255821 0.0729981 -0.0423856
internal_weight=2216 2185 2164 1961 203 182 160 1940 372 352 332 1568 1538 54 1484 1458 310 122 96 55 1403 1383 63 125 1359 57 1302 91 62 1275 451 40 411 291 56 120 824 120 704
internal_count=2216 2185 2164 1961 203 182 160 1940 372 352 332 1568 1538 54 1484 1458 310 122 96 55 1403 1383 63 125 1359 57 1302 91 62 1275 451 40 411 291 56 120 824 120 704
is_linear=0
shrinkage=0.05


Tree=148
num_leaves=40
num_cat=0
split_feature=30 30 30 28 30 30 30 31 15 13 14 11 10 5 27 29 13 27 29 9 6 6 29 29 31 31 33 29 29 20 22 16 3 0 4 27 20 24 29
split_gain=3711.68 2047.79 3190.5 2063.62 1808.58 4529.96 2258.21 1246.89 1073.13 982.529 9984.38 1825.76 4761.61 1581.32 1246.46 5547.7 738.255 719.764 622.25 512.609 401.114 543.331 390.35 333.532 428.671 1213.95 1449.77 582.769 783.353 705.647 808.543 474.21 469.267 3176.85 856.84 844.372 722.628 589.966 498.449
threshold=-2.4608415365219112 -0.88363802433013905 -0.7744469642639159 -1.449693977832794 1.3463437557220461 1.0567454695701601 0.9120679795742036 2.9253710508346562 -1.5233836174011228 1.5881919264793398 1.4663060307502749 1.0874515175819399 1.0664635300636294 0.19999741762876513 -1.1976896524429319 -0.077669773250818239 -0.93772524595260609 -0.002907592104747891 -0.057934071868658059 1.0102975368499758 3.2509608268737797 2.2832190990448002 -0.9346151053905486 -0.77106696367263783 0.52946344017982494 0.42740285396575933 -0.047474885359406464 -0.26970542967319483 -0.081971365958452211 0.037093298509716995 0.41682322323322302 0.43896833062171942 -0.16595152020454404 -0.6044267714023589 -0.39355930685997004 0.54337596893310558 0.57737088203430187 -0.70586934685707081 -0.48707868158817286
decision_type=2 2 2 2 2 2 2 2 2 2 2 2 2 2 2 2 2 2 2 2 2 2 2 2 2 2 2 2 2 2 2 2 2 2 2 2 2 2 2
left_child=-1 16 -3 8 5 6 7 9 -4 10 11 12 14 -13 15 -5 -2 18 -11 20 21 22 -16 -24 25 32 -27 31 29 -29 -31 -26 38 -34 35 37 -36 -35 -25
right_child=1 2 3 4 -6 -7 -8 -9 -10 17 -12 13 -14 -15 19 -17 -18 -19 -20 -21 -22 -23 23 24 27 26 -28 28 -30 30 -32 -33 33 34 36 -37 -38 -39 -40
leaf_value=0.5938897334612333 -0.15819613769650462 0.54133214773955174 -0.60270727455616002 -0.14733376704357767 0.46392805037044343 -0.71604991501027893 0.48744369025031731 0.39230017773807052 -0.13855324337879818 -0.0071104987790541994 1.0172032000021622 -0.076816226925813802 0.73355849251489758 -0.50072170147023198 -0.20491591869638515 0.87015563923688166 -0.5137043305713197 -0.42228962555527688 -0.30629300285751621 -0.26635521084070207 -0.21900043528041113 0.19858936244441616 0.16144019077931132 -0.10898471274715547 -0.25042031429952288 -0.028042219769919205 0.55948175606096073 -0.11739974547000159 -0.074895851791811158 0.47218302279710778 0.052739478978845816 -0.019537376442125866 -0.63925847295163718 0.2180929626027743 -0.16040112416057484 0.32132852486231261 0.10823369406862185 -0.047080762731902148 0.02470979327531822
leaf_weight=26 40 27 20 37 21 22 24 20 33 63 24 66 22 33 26 21 23 20 24 20 23 31 28 77 61 21 21 21 185 20 27 35 22 27 115 27 32 94 737
leaf_count=26 40 27 20 37 21 22 24 20 33 63 24 66 22 33 26 21 23 20 24 20 23 31 28 77 61 21 21 21 185 20 27 35 22 27 115 27 32 94 737
internal_value=5.90051e-10 -0.00705075 0.00127029 -0.00567336 0.00230208 -0.00248279 0.00535078 -0.000492774 -0.313706 -0.00450086 0.00400599 -0.00928911 0.00266121 -0.218118 -0.00675315 0.221068 -0.287985 -0.15182 -0.0896436 -0.0147614 -0.0116744 -0.00870703 -0.0127846 -0.00956171 -0.0127076 0.00176639 0.26572 -0.0613552 -0.0215553 0.123562 0.231226 -0.166244 -0.00803559 -0.0596453 -0.0164199 0.0685053 -0.101923 0.0120902 0.012063
internal_weight=2216 2190 2127 2100 2047 2026 2004 1980 53 1960 1853 1829 1730 99 1708 58 63 107 87 1650 1630 1607 1576 1550 1522 1173 42 349 253 68 47 96 1131 317 295 148 147 121 814
internal_count=2216 2190 2127 2100 2047 2026 2004 1980 53 1960 1853 1829 1730 99 1708 58 63 107 87 1650 1630 1607 1576 1550 1522 1173 42 349 253 68 47 96 1131 317 295 148 147 121 814
is_linear=0
shrinkage=0.05


Tree=149
num_leaves=40
num_cat=0
split_feature=12 11 30 24 16 16 30 4 26 29 6 5 28 30 30 16 33 6 12 17 14 3 3 13 24 5 30 0 7 22 21 9 7 0 31 15 19 29 20
split_gain=3702.09 29220.7 7706.6 3253.71 2700.83 4019.32 2888.78 2074.84 1844.99 1476.34 1375.94 2121.49 1253.25 1124.28 4951.79 3274.7 12080 1798.43 1069.87 1020.03 986.948 1371.07 707.924 697.627 679.768 650.887 633.87 1269.87 2493.12 610.785 3533.21 506.735 623.41 448.367 422.132 417.899 683.939 2878.62 3247.83
threshold=-1.2547538876533506 -1.1931517720222471 -2.4608415365219112 -1.2445335388183592 -1.043636620044708 -0.99494946002960194 1.0098809599876406 0.51193472743034374 -0.82753142714500416 0.58843475580215465 2.9755042791366582 3.179359078407288 -1.3693305850028989 0.19448923319578174 0.18135225027799609 1.840181350708008 -0.047485608607530587 1.9975603222846987 0.93859082460403453 -1.4685845971107481 0.92901721596717846 0.92474040389060985 -0.49874004721641535 1.5602356195449831 -1.3911155462265012 -0.41137760877609247 0.11983910948038103 0.53459253907203685 0.11392801254987718 -0.63569137454032887 -0.54421627521514881 1.260655999183655 0.92996451258659374 -0.0066562783904373637 -0.14507064223289487 0.80621910095214855 0.18809021264314654 0.094810806214809432 0.48094770312309271
decision_type=2 2 2 2 2 2 2 2 2 2 2 2 2 2 2 2 2 2 2 2 2 2 2 2 2 2 2 2 2 2 2 2 2 2 2 2 2 2 2
left_child=2 -2 -1 -3 8 -6 10 12 19 -10 11 13 -4 14 15 17 -17 18 26 -5 29 31 24 25 -14 -20 35 28 -28 33 -31 32 -22 -15 -21 36 -7 -38 -39
right_child=1 3 7 4 5 6 -8 -9 9 -11 -12 -13 22 20 -16 16 -18 -19 23 34 21 -23 -24 -25 -26 -27 27 -29 -30 30 -32 -33 -34 -35 -36 -37 37 38 -40
leaf_value=-1.0633968790372215 1.9189067901670933 0.61762533890349536 -0.47314690062059805 -0.38910571300983432 0.65233457932869598 -0.038702312767472179 0.47964737617200426 0.3832873195409775 -0.19557186697017065 -0.78167876345770704 -0.27709594970447537 0.51194068908691415 -0.0077625971464883722 -0.083583490295266669 0.76908038156953729 -0.22978147950864611 1.3233736509368534 0.44783021126474654 -0.12203909182413059 0.045648203312885022 -0.065939532725938735 -0.47893712740905325 0.10735650714486838 0.024679499618442999 -0.41506547812372452 -0.44383131235837942 0.031934454374234471 -0.16274092924945496 0.59982839008724242 0.58714302157362297 -0.035282300041555512 -0.0053907300220496623 -0.43143625378608708 -0.3607181696593762 -0.16473556730504102 -0.12858383347862401 -0.047676692816509512 0.89349176418036225 0.059246922603675305
leaf_weight=24 20 21 26 25 24 473 31 20 22 21 46 20 21 54 22 31 21 21 33 64 28 29 32 28 20 30 68 34 27 24 456 67 20 20 38 80 127 20 28
leaf_count=24 20 21 26 25 24 473 31 20 22 21 46 20 21 54 22 31 21 21 33 64 28 29 32 28 20 30 68 34 27 24 456 67 20 20 38 80 127 20 28
internal_value=-4.91666e-10 0.0169737 -0.24606 -0.00155461 -0.00795362 0.00946412 0.00106973 -0.0812184 -0.198729 -0.48181 -0.00714051 -8.88674e-05 -0.175058 -0.00597088 0.0268986 0.0109064 0.397454 -0.00983709 -0.0199753 -0.102883 -0.0550868 -0.171704 -0.0688893 -0.18298 -0.206447 -0.275273 -0.00266671 0.0994862 0.193336 -0.0247747 -0.00416103 -0.0942279 -0.21823 -0.158485 -0.0327301 -0.020768 -0.00745738 0.0769932 0.406849
internal_weight=2216 2073 143 2053 2032 1862 1838 119 170 43 1807 1761 99 1741 1043 1021 52 969 948 127 698 144 73 91 41 63 857 129 95 554 480 115 48 74 102 728 648 175 48
internal_count=2216 2073 143 2053 2032 1862 1838 119 170 43 1807 1761 99 1741 1043 1021 52 969 948 127 698 144 73 91 41 63 857 129 95 554 480 115 48 74 102 728 648 175 48
is_linear=0
shrinkage=0.05


Tree=150
num_leaves=40
num_cat=0
split_feature=30 29 30 22 6 3 6 6 15 16 17 16 5 30 16 30 7 12 14 24 23 30 18 22 27 29 28 4 30 5 30 3 3 3 5 29 30 0 0
split_gain=3863.25 2086.74 3701.84 2662.01 1256.68 1678.18 1006.33 1281.74 1021.94 4985.75 1839.45 4176.8 960.554 1317.09 1091.07 774.514 690.181 2285.39 1328.6 963.569 568.37 555.15 710.644 5489.2 1308.23 416.803 416.521 316.657 662.113 564.174 484.557 700.778 1264.39 1019.94 2004.63 866.459 684.495 740.406 2722.4
threshold=-2.4608415365219112 0.7793947458267213 1.0098809599876406 -1.6769025325775144 3.8310228586196904 2.5976400375366215 2.872025847434998 1.5763595104217532 2.7634010314941411 2.2964339256286626 1.942263722419739 1.7777344584465029 -0.57513877749443043 0.95535138249397289 -1.2818565368652342 0.20421768724918368 1.5819175839424136 1.4253037571907046 1.5510139465332033 1.3269267678260805 -1.2721390724182127 -0.65878006815910328 -1.0717446804046629 -1.1590883731842039 -1.1536921858787534 0.1369530260562897 -0.33981266617774958 -1.0347204208374021 0.27967716753482824 -0.36770796775817866 0.19448923319578174 0.92474040389060985 0.78211680054664623 0.5092715620994569 0.82119813561439525 0.41948790848255163 0.11983910948038103 -0.40034055709838862 -0.73285263776779164
decision_type=2 2 2 2 2 2 2 2 2 2 2 2 2 2 2 2 2 2 2 2 2 2 2 2 2 2 2 2 2 2 2 2 2 2 2 2 2 2 2
left_child=-1 2 3 -2 5 6 7 8 9 10 11 16 15 14 20 -3 17 19 -18 21 -14 -5 23 25 -24 -23 -16 28 -26 -30 31 32 33 34 35 36 -29 38 -38
right_child=1 12 -4 4 -6 -7 -8 -9 -10 -11 -12 -13 13 -15 26 -17 18 -19 -20 -21 -22 22 24 -25 27 -27 -28 30 29 -31 -32 -33 -34 -35 -36 -37 37 -39 -40
leaf_value=0.60589466152282867 0.52285056045899791 -0.13182408707398993 0.57842993385025432 -0.15762683236497943 -0.32277093747810975 0.38239241588328565 0.30758401140570646 -0.21861789663218789 -0.32756164260208609 0.78588862851262098 -0.41755046281549668 0.65337098178764186 -0.18735828693956136 -0.62847094535827641 0.1437727874588399 0.22896736104573523 -0.43969961602792695 0.42823881968855865 0.0021431386966825178 -0.3084027934957434 -0.56430989556014544 -0.074813256326776295 -0.37830109882634133 0.87303669132292283 -0.11941572416822116 0.1326154213963133 -0.14656482468048732 -0.012619144765807217 0.18848310443572702 -0.1106965374488097 -0.035764212584681918 -0.08139755924110828 0.44443386793136597 -0.2488817384016925 0.47529191617612487 0.28871709252557448 -0.044078925672558049 -0.056445891846870558 0.68318422467828821
leaf_weight=26 24 51 28 59 31 28 25 72 24 20 27 24 20 20 21 21 27 30 46 27 20 91 24 20 150 33 30 380 40 26 447 115 20 29 27 31 31 29 22
leaf_count=26 24 51 28 59 31 28 25 72 24 20 27 24 20 20 21 21 27 30 46 27 20 91 24 20 150 33 30 380 40 26 447 115 20 29 27 31 31 29 22
internal_value=-1.03526e-09 -0.00719327 0.00754457 -0.000532637 -0.0069578 -0.00186934 -0.00754409 -0.0117548 -0.00347565 0.000906353 -0.00803931 -0.0016407 -0.168826 -0.261086 -0.180342 -0.0265932 -0.0108662 -0.00413411 -0.161278 -0.012236 -0.375834 -0.00715567 -0.00129573 0.104368 -0.0123939 -0.0196105 -0.027014 -0.00587442 -0.0613479 0.0706245 0.00471998 0.0311768 0.053929 0.039703 0.0557971 0.0328228 0.0156524 0.146667 0.257804
internal_weight=2216 2190 2007 1979 1955 1924 1896 1871 1799 1775 1755 1728 183 111 91 72 1704 1631 73 1601 40 1574 1515 144 1371 124 51 1347 216 66 1131 684 569 549 520 493 462 82 53
internal_count=2216 2190 2007 1979 1955 1924 1896 1871 1799 1775 1755 1728 183 111 91 72 1704 1631 73 1601 40 1574 1515 144 1371 124 51 1347 216 66 1131 684 569 549 520 493 462 82 53
is_linear=0
shrinkage=0.05


Tree=151
num_leaves=40
num_cat=0
split_feature=28 4 7 30 30 11 7 27 29 22 10 2 30 20 31 8 33 16 3 7 6 29 6 24 15 16 29 10 18 29 8 29 29 33 15 0 5 33 20
split_gain=3852.86 11340.9 4668.42 3202.85 1968.23 1326.84 8256.04 2880.11 16804.9 29577.4 8780.38 19765.8 2937.7 1668.37 1505.24 1547.19 1105.23 825.85 738.338 627.527 582.036 559.339 532.56 511.867 469.068 455.266 492.785 439.479 716.955 482.469 394.689 297.897 291.976 323.101 496.604 2848.87 622.8 755.125 1013.97
threshold=-1.5452485680580137 0.2291599586606026 -1.3164669871330259 -2.4608415365219112 -1.3757219314575193 1.6160847544670107 1.6315463185310366 -0.58386245369911183 -0.0043747618328779927 0.1402021870017052 -0.34796234965324396 1.0000000180025095e-35 1.0098809599876406 0.23246715962886813 2.8130685091018681 1.2336158156394961 -0.047483431175351136 -1.5267844200134275 -0.46980190277099604 0.92996451258659374 2.872025847434998 -0.48264776170253748 2.3298573493957524 -1.4537886977195738 1.7172574996948244 1.9792343378067019 -0.1960262060165405 -1.0846204757690427 -1.3212270736694334 1.1304740905761721 0.70654883980751049 -0.08719931915402411 0.57625490427017223 -0.047462342306971543 -0.19662933796644208 0.31923775374889379 -0.048919554799795144 -0.047476824373006814 -0.60003775358200062
decision_type=2 2 2 2 2 2 2 2 2 2 2 2 2 2 2 2 2 2 2 2 2 2 2 2 2 2 2 2 2 2 2 2 2 2 2 2 2 2 2
left_child=1 -1 3 -2 -4 6 7 8 13 10 11 -10 14 17 15 20 21 -6 -12 31 22 -7 24 -5 27 26 -23 28 -9 32 -26 -19 33 34 35 36 37 -29 -39
right_child=2 -3 4 23 5 16 -8 12 9 -11 18 -13 -14 -15 -16 -17 -18 19 -20 -21 -22 25 -24 -25 30 -27 -28 29 -30 -31 -32 -33 -34 -35 -36 -37 -38 38 -40
leaf_value=-0.2520264482498169 -0.91075219511985783 1.3453790926933289 0.45409298092126849 -0.038211589168619227 -0.36690049469470981 -0.32681060835719111 0.91105897551774984 0.059297238630907884 1.8405146552757785 2.3685663357377051 -0.019798423005984382 -0.21440273806452753 -0.48601531463009978 -0.46299055280356571 -0.39993718885458435 -0.34969230708392229 -0.4956656074949673 -0.03712743231142529 -0.4043816183693707 0.20994726740755143 0.21725455357560089 0.23434745394413103 -0.26912709802389145 -0.36734940059749144 -0.0098687105767783674 -0.21036435158356379 -0.087182298817564383 -0.003493391642462736 -0.2357601112648845 0.24677229315042495 -0.30668544191867114 -0.22618967120846115 -0.081864871208866444 -0.06897903351648528 -0.0071917889811328219 0.48009154884195004 -0.1528061235491979 0.046327157446316311 0.49261533821001652
leaf_weight=25 22 20 24 27 20 20 25 35 22 20 26 25 35 29 26 34 21 158 24 24 28 22 20 21 21 23 26 177 50 20 24 24 102 127 730 37 47 35 20
leaf_count=25 22 20 24 27 20 20 25 35 22 20 26 25 35 29 26 34 21 158 24 24 28 22 20 21 21 23 26 177 50 20 24 24 102 127 730 37 47 35 20
internal_value=-1.00696e-09 0.457932 -0.0094919 -0.41118 0.00389133 -0.00131081 0.00823008 -0.00340431 0.121672 0.617801 0.256818 0.747473 -0.033078 -0.105963 -0.022737 -0.0162292 -0.168702 -0.0601503 -0.204398 -0.0303687 -0.00853218 -0.0932493 -0.0129073 -0.182209 -0.00931122 -0.0274574 0.0601855 -0.00413101 -0.114266 0.00309792 -0.168171 -0.0620587 -0.000724419 0.00633127 0.0154751 0.0678384 0.0131668 0.0467906 0.208614
internal_weight=2216 45 2171 70 2101 2077 1965 1940 372 117 97 47 1568 255 1533 1507 112 226 50 206 1473 91 1445 48 1425 71 48 1380 85 1295 45 182 1275 1173 1046 316 279 232 55
internal_count=2216 45 2171 70 2101 2077 1965 1940 372 117 97 47 1568 255 1533 1507 112 226 50 206 1473 91 1445 48 1425 71 48 1380 85 1295 45 182 1275 1173 1046 316 279 232 55
is_linear=0
shrinkage=0.05


Tree=152
num_leaves=40
num_cat=0
split_feature=15 20 21 18 29 30 21 6 5 31 14 31 13 13 12 30 27 29 29 5 27 25 27 28 10 14 20 22 20 9 3 5 28 11 29 30 29 4 27
split_gain=3911.15 4250.66 1761.8 23048.2 3741.52 2087.3 1278.88 1233.34 1895.76 1070.96 13361.5 3574.86 1706.07 5706.83 1252.96 959.171 949.984 897.124 1430.98 826.814 980.724 461.028 439.681 481.375 714.671 1422.68 432.934 679.28 569.6 417.268 376.117 347.943 345.23 350.469 342.574 892.087 402.598 536.049 678.727
threshold=-1.584319472312927 -1.6137911677360532 -1.056096017360687 -1.0568026304244993 1.6874600648880007 1.0098809599876406 -1.6194236874580381 2.9755042791366582 3.179359078407288 0.83366858959198009 1.4366199374198916 0.9533381760120393 0.90714541077613842 0.8507116734981538 0.93859082460403453 0.63923692703247081 -1.1536921858787534 -0.5066140592098235 -0.44785918295383448 -0.086038753390312181 -0.036157628521323197 0.95225039124488842 0.2687711119651795 1.4740961194038393 1.5550780892372134 1.3596132397651675 0.042302111163735397 0.46201211214065557 -0.092555843293666826 -0.7009388506412505 1.3491663336753847 -0.42447850108146662 0.33689612150192266 0.069042704999446883 -0.34416979551315302 0.11983910948038103 -0.31589841842651362 0.55250677466392528 0.60454520583152782
decision_type=2 2 2 2 2 2 2 2 2 2 2 2 2 2 2 2 2 2 2 2 2 2 2 2 2 2 2 2 2 2 2 2 2 2 2 2 2 2 2
left_child=-1 -2 4 -4 6 7 -3 8 9 12 11 -11 13 16 26 29 -5 31 -19 22 21 -21 23 24 25 -14 28 -28 30 -8 -13 -18 33 -33 35 -20 -36 -38 -39
right_child=1 2 3 5 -6 -7 15 -9 -10 10 -12 14 19 -15 -16 -17 17 18 34 20 -22 -23 -24 -25 -26 -27 27 -29 -30 -31 -32 32 -34 -35 36 -37 37 38 -40
leaf_value=0.4962887541987957 -0.58090585996396837 0.32197582095861438 1.7052461020648479 -0.35609414875507356 -0.71509483183423683 0.39905624659731986 -0.039248830850440154 -0.25574809893661615 0.48258729577064519 0.50125126798947661 1.2954155607592492 0.062815752450157622 -0.043234734881227303 0.79834476167505442 -0.42028764362136528 -0.42573322147130971 -0.046144874142231174 0.3224794773118837 -0.23161045523342111 -0.31744101264260038 -0.57797806461652124 0.014248778223991393 0.10088968523419822 -0.3325591530488885 0.047473357235854968 -0.48717107148124622 0.16568761271785717 -0.071279353780459756 -0.35900445252656943 -0.26939147504215893 -0.16907830253605627 -0.22975985228138815 -0.37098247451441635 0.034017351096263158 0.17503525952205939 0.096185599224908019 -0.015698914118273868 0.018186593683142412 0.28428260028362273
leaf_weight=39 32 20 20 20 24 32 188 49 20 30 21 34 59 22 24 20 74 35 51 22 21 20 26 23 59 26 49 79 20 22 36 34 21 20 34 35 744 76 35
leaf_count=39 32 20 20 20 24 32 188 49 20 30 21 34 59 22 24 20 74 35 51 22 21 20 26 23 59 26 49 79 20 22 36 34 21 20 34 35 744 76 35
internal_value=8.69357e-10 -0.00889079 -0.000357236 0.0169837 -0.118769 -0.0012579 -0.0615222 -0.00830026 -0.00145001 -0.00698187 0.0802417 -0.0135769 -0.0245224 0.000457356 -0.0773986 -0.0948698 -0.0144311 -0.0085353 0.00836082 -0.141712 -0.298988 -0.159493 -0.0903736 -0.120151 -0.0862248 -0.179027 -0.0396493 0.0194346 -0.12368 -0.063359 -0.056444 -0.123066 -0.198962 -0.132065 -0.00291524 -0.0982051 0.0063029 -0.000406924 0.102091
internal_weight=2216 2177 2145 1871 274 1851 250 1819 1770 1750 293 272 1457 1201 242 230 1179 1159 1010 256 63 42 193 167 144 85 218 128 90 210 70 149 75 54 975 86 889 855 111
internal_count=2216 2177 2145 1871 274 1851 250 1819 1770 1750 293 272 1457 1201 242 230 1179 1159 1010 256 63 42 193 167 144 85 218 128 90 210 70 149 75 54 975 86 889 855 111
is_linear=0
shrinkage=0.05


Tree=153
num_leaves=40
num_cat=0
split_feature=30 6 18 33 29 29 33 29 29 27 3 30 17 24 29 4 24 30 30 5 6 29 21 12 29 15 3 27 15 16 16 0 5 5 16 17 17 16 20
split_gain=3731.9 1977.19 3081.39 2036.06 1334.99 3487.21 1488 1566.31 3180.51 19408.4 53026.8 2163.55 1894.13 16043.8 1612.35 1514.5 1137.46 1053.44 1059.19 901.99 887.589 704.148 638.921 633.243 969.771 678.433 955.623 627.982 606.662 2711.96 566.156 551.007 1543.68 678.129 498.799 889.948 886.427 842.966 1667.57
threshold=-2.4608415365219112 4.711318016052247 -1.5910865664482114 -0.047398863360285752 0.7793947458267213 0.72183758020401012 -0.047405436635017388 0.24387346208095553 -0.0043747618328779927 -0.61005219817161549 -0.12116631492972373 0.9120679795742036 1.8931055068969729 1.3891622424125674 0.21100564301013949 2.0923999547958378 2.2618991136550908 0.9120679795742036 0.50115749239921581 0.053704112768173225 2.6913030147552495 1.6874600648880007 -0.19473021477460858 0.89923599362373363 -0.53842404484748829 0.73461303114891063 0.70701545476913463 -0.61703410744667042 -0.57336550951004017 -0.54142406582832325 1.1638185381889345 -0.30554153025150294 -0.16464411467313764 -0.37862537801265711 0.099900886416435256 0.044704664498567588 -0.023909518495202061 -0.13545396178960797 -0.14573188126087186
decision_type=2 2 2 2 2 2 2 2 2 2 2 2 2 2 2 2 2 2 2 2 2 2 2 2 2 2 2 2 2 2 2 2 2 2 2 2 2 2 2
left_child=-1 2 3 -2 5 6 7 8 12 10 -10 27 15 -14 19 20 -15 18 21 -11 23 -6 -21 28 -25 26 -26 -9 -4 -30 -27 32 33 -29 35 36 37 -31 -39
right_child=1 -3 4 -5 17 -7 -8 11 9 14 -12 -13 13 16 -16 -17 -18 -19 -20 22 -22 -23 -24 24 25 30 -28 31 29 34 -32 -33 -34 -35 -36 -37 -38 38 -40
leaf_value=0.59550480200694167 -0.74212781035381825 0.48779601685702806 -0.082122006249384927 -0.11684162658949693 -0.085507019846648963 0.60810939191530156 0.4307188423536718 -0.28077776278218919 -0.16005363455840521 0.0079070311143166483 3.0673244225978853 -0.5892649819453557 1.374082045002641 -0.57874354762690405 0.33228742862120275 -0.42089593574404721 -0.058335856118771651 -0.43261970419150136 0.24122484610194253 0.03653332225978375 0.2946171434152694 -0.40671071704654466 -0.29983292820009716 -0.40814815479516986 -0.067985916258219412 0.19843776548902195 -0.46874624235289436 0.0022462606069541748 0.5825173482298851 -0.020667623207615369 -0.073380532526885575 -0.10694100545549934 0.35286636308863245 -0.31233113152640213 -0.046948708436041507 0.29075168392155321 -0.27175754392147067 -0.0047105054474539231 0.54782834673639058
leaf_weight=26 23 20 252 30 91 24 20 31 35 216 20 21 21 21 32 25 21 26 21 20 21 21 48 25 51 30 21 93 20 145 53 165 29 21 362 32 25 36 22
leaf_count=26 23 20 252 30 91 24 20 31 35 216 20 21 21 21 32 25 21 26 21 20 21 21 48 25 51 30 21 93 20 145 53 165 29 21 362 32 25 36 22
internal_value=-2.54464e-10 -0.00706992 -0.0116309 -0.388192 -0.00220352 0.00911113 0.00167786 -0.00280533 0.0189649 0.146697 1.01354 -0.0967802 -0.0210929 0.245668 -0.00417784 -0.0360982 -0.31854 -0.141537 -0.0846342 -0.0420894 -0.0273129 -0.145733 -0.200902 -0.0336076 -0.119171 -0.0725612 -0.184874 -0.0662723 -0.0163802 0.00942503 0.024867 -0.0446824 0.0271544 -0.0557022 -0.00900237 0.0438306 0.00917501 0.0437726 0.204873
internal_weight=2216 2190 2170 53 2117 1958 1934 1914 1554 371 55 360 1183 63 316 1120 42 159 133 284 1095 112 68 1074 180 155 72 339 894 642 83 308 143 114 622 260 228 203 58
internal_count=2216 2190 2170 53 2117 1958 1934 1914 1554 371 55 360 1183 63 316 1120 42 159 133 284 1095 112 68 1074 180 155 72 339 894 642 83 308 143 114 622 260 228 203 58
is_linear=0
shrinkage=0.05


Tree=154
num_leaves=40
num_cat=0
split_feature=28 20 7 30 30 30 29 29 27 3 22 25 25 4 5 30 4 5 20 22 27 33 33 30 8 31 31 5 5 3 2 9 12 33 5 0 7 24 19
split_gain=3654.62 11134.4 4320.99 3382.61 1740.6 1348.84 1363.59 1782.37 15358.6 41411.7 2021.94 1731.14 5692.71 1412.98 1393.54 1360.19 1334.68 1083.9 803.668 4084.49 778.545 728.656 2817.58 694.521 826.082 727.321 4636.34 926.255 1273.97 662.291 536.318 532.627 1533.6 773.484 510.719 802.913 475.332 440.296 354.868
threshold=-1.5452485680580137 -1.5288347005844114 -1.3164669871330259 -2.4608415365219112 -1.3757219314575193 1.2409112453460696 0.45624069869518286 -0.0043747618328779927 -0.61005219817161549 1.0000000180025095e-35 2.3331806659698491 1.6707471013069155 1.5501758456230166 -0.30196486413478846 1.8616274595260622 0.9120679795742036 2.0923999547958378 -0.41792805492877955 0.42660297453403478 0.35531395673751837 -0.55673480033874501 -0.047462873160839074 -0.04745486564934253 0.58546778559684765 1.2336158156394961 0.83366858959198009 1.0649219751358034 0.88779434561729442 0.63996911048889171 1.461473882198334 1.0000000180025095e-35 -0.51203489303588856 -0.7122400403022765 -0.047475527971982949 -0.47797383368015284 -0.65433043241500843 -0.34461495280265803 -1.4537886977195738 0.096158672124147429
decision_type=2 2 2 2 2 2 2 2 2 2 2 2 2 2 2 2 2 2 2 2 2 2 2 2 2 2 2 2 2 2 2 2 2 2 2 2 2 2 2
left_child=1 -1 3 -2 -4 6 7 10 9 13 11 12 16 -9 18 21 20 -13 19 -10 29 34 -23 24 25 27 -27 28 31 -6 -20 32 -22 36 -8 -36 -33 -5 -28
right_child=2 -3 4 37 5 -7 15 8 14 -11 -12 17 -14 -15 -16 -17 -18 -19 30 -21 23 22 -24 -25 -26 26 38 -29 -30 -31 -32 33 -34 -35 35 -37 -38 -39 -40
leaf_value=1.3253253498673441 -0.90909666039726966 -0.25746994775533677 0.42700045257806779 -0.026836252874798246 -0.069362062215162765 0.40737318456172944 -0.046287073116749532 -0.25649294516664339 -0.0038569426544092819 2.4132043001651766 0.42065288496017461 -0.1315372697512309 0.81506205998361114 0.27611107230186466 -0.38165299400687219 -0.49358100720814302 -0.4217082165858963 -0.60673365265131007 -0.11727469017622388 0.66396772663295278 -0.025191349100909734 0.5316579524766315 -0.14946895209806307 0.26450482194001473 -0.31058202324943113 0.76876608431339266 -0.14239218004402662 -0.26533539782504778 0.38487030982971193 -0.30905116656795145 0.11030292419656632 -0.18589910574789559 0.40184241406343602 -0.27118636016837427 -0.40300804138293167 -0.10066173369245185 -0.0067618279660584786 -0.3320974273341043 0.045842545840048023
leaf_weight=20 22 25 24 27 290 20 100 33 272 25 25 30 20 20 25 21 22 20 157 25 95 22 49 24 22 22 42 37 20 32 31 42 27 36 34 62 313 21 62
leaf_count=20 22 25 24 27 290 20 100 33 272 25 25 30 20 20 25 21 22 20 157 25 95 22 49 24 22 22 42 37 20 32 31 42 27 36 34 62 313 21 62
internal_value=7.9279e-10 0.445995 -0.00924448 -0.395696 0.00363113 -0.00126096 -0.00523407 0.0111918 0.0823199 0.735744 -0.0242217 -0.0338427 -0.0208331 -0.0555103 -0.0176156 -0.106127 -0.0362271 -0.321616 0.00114921 0.0523573 -0.0282566 -0.0756536 0.0615845 -8.14403e-05 -0.00892555 0.000609569 0.109322 -0.0234217 -0.00662842 -0.0931821 -0.0797486 -0.0218915 0.0693161 -0.0503502 -0.125367 -0.207743 -0.0279555 -0.160388 -0.0301753
internal_weight=2216 45 2171 70 2101 2077 2057 1769 588 78 1181 1156 1106 53 510 288 1086 50 485 297 1064 267 71 742 718 696 126 570 533 322 188 513 122 391 196 96 355 48 104
internal_count=2216 45 2171 70 2101 2077 2057 1769 588 78 1181 1156 1106 53 510 288 1086 50 485 297 1064 267 71 742 718 696 126 570 533 322 188 513 122 391 196 96 355 48 104
is_linear=0
shrinkage=0.05


Tree=155
num_leaves=40
num_cat=0
split_feature=30 30 30 25 29 29 30 30 27 30 3 5 15 15 8 11 3 27 7 30 0 27 20 13 33 14 16 3 33 6 6 3 29 0 28 9 10 21 28
split_gain=3778.09 2004.12 2900.48 1848.85 1198.48 4120.84 6214.34 2659.74 1780.43 1368.62 4128.34 1937.34 1639.36 9822.01 1481.31 3947.26 1764.03 1522.98 6075.68 1309.66 1045.42 827.757 686.958 662.442 527.847 601.017 936.862 508.925 881.531 507.388 852.958 447.956 415.484 349.105 338.7 329.808 301.019 411.565 469.661
threshold=-2.4608415365219112 -0.88363802433013905 -0.7744469642639159 -1.6367047429084776 0.79209810495376598 0.73190146684646618 1.0567454695701601 0.86204820871353161 0.4204875528812409 0.3407531082630158 2.5976400375366215 2.16840672492981 2.1951055526733403 1.8629074692726137 1.1994026899337771 1.1082034707069399 -0.15286046266555783 -1.1976896524429319 -0.56186982989311207 0.78961768746376049 -0.0066562783904373637 -0.56865572929382313 0.41756792366504675 -0.93772524595260609 -0.047471266239881509 -0.43961028754711146 -0.67826673388481129 0.11722877249121667 -0.047481721267104142 3.2509608268737797 2.3750380277633671 -0.81981548666954029 -0.0086820246651768667 0.17274641245603564 -0.36886328458786005 1.8097587227821352 0.95806521177291881 1.339504659175873 1.2505256533622744
decision_type=2 2 2 2 2 2 2 2 2 2 2 2 2 2 2 2 2 2 2 2 2 2 2 2 2 2 2 2 2 2 2 2 2 2 2 2 2 2 2
left_child=-1 23 -3 -4 5 6 7 9 19 10 12 21 13 14 15 17 31 18 -5 -6 -10 22 32 33 25 26 -23 -27 -29 30 36 35 -11 -2 -26 -16 37 38 -19
right_child=1 2 3 4 8 -7 -8 -9 20 11 -12 -13 -14 -15 16 -17 -18 29 -20 -21 -22 24 -24 -25 34 27 -28 28 -30 -31 -32 -33 -34 -35 -36 -37 -38 -39 -40
leaf_value=0.59917921515611505 -0.01437935672700405 0.5160488109483764 -0.42451665802643856 0.74384113636709026 -0.17317939979482944 0.69019404588775202 -0.85342221572285615 0.52376082587242123 -0.097048703900405348 0.012993286166872299 0.67837246793011829 -0.55384718239307407 -0.30261002760380507 1.0287536049882571 -0.25383251976966859 0.67274813664996103 -0.4671649418771267 0.0044635086274978008 -0.26300546216039827 -0.63423779368400579 0.37625705093145373 -0.034260093082081187 -0.40416654600546914 -0.49885177664134811 0.03410721607506275 -0.068180353316359674 0.43857121387496589 0.37581871584057813 -0.014786729889993484 -0.25080903552472594 0.32687925383448602 0.1166700080037117 -0.26429977904666557 -0.3098046986758709 -0.21079708659090102 0.018576916344463828 -0.1615420410184768 0.19089279978403026 -0.14558766286142849
leaf_weight=26 20 27 26 31 67 22 21 25 28 35 24 20 39 24 25 23 34 1006 29 20 20 22 26 23 20 149 20 20 52 20 20 30 22 20 48 20 29 28 55
leaf_count=26 20 27 26 31 67 22 21 25 28 35 24 20 39 24 25 23 34 1006 29 20 20 22 26 23 20 149 20 20 52 20 20 30 22 20 48 20 29 28 55
internal_value=-3.09362e-10 -0.00711354 0.00111829 -0.00550224 -0.000249408 0.00977964 0.00197103 0.0114453 -0.144296 0.00459984 0.0281011 -0.0732141 0.0170561 0.0261296 0.00830518 0.0238274 -0.16842 0.0115735 0.257199 -0.27917 0.100162 -0.0499951 -0.191183 -0.285036 -0.0145916 0.0175144 0.190898 -0.0154362 0.0937148 -0.00115315 0.00323447 -0.032989 -0.0940321 -0.162092 -0.138766 -0.132762 -0.00255523 0.00167857 -0.00331483
internal_weight=2216 2190 2127 2100 2074 1939 1917 1896 135 1871 1437 434 1413 1374 1350 1241 109 1218 60 87 48 414 83 63 331 263 42 221 72 1158 1138 75 57 40 68 45 1118 1089 1061
internal_count=2216 2190 2127 2100 2074 1939 1917 1896 135 1871 1437 434 1413 1374 1350 1241 109 1218 60 87 48 414 83 63 331 263 42 221 72 1158 1138 75 57 40 68 45 1118 1089 1061
is_linear=0
shrinkage=0.05


Tree=156
num_leaves=40
num_cat=0
split_feature=29 30 30 30 30 25 30 27 31 22 18 17 7 7 3 26 27 5 15 26 7 24 6 6 3 0 4 27 33 11 13 16 20 4 3 0 23 10 29
split_gain=3663.86 2120 2999.11 1894.45 4148.43 2139.18 1959.8 1678.88 1130.69 922.402 1627.13 4527.14 813.957 3636.84 1213.97 1195.94 1002.06 4299 672.616 550.688 768.194 482.279 430.363 482.13 343.781 2806.95 453.349 446.365 930.224 440.31 1797.48 648.914 1036.73 567.828 1368.83 1010.25 462.136 1015.97 859.726
threshold=3.2934920787811284 -0.88363802433013905 -0.7744469642639159 1.3463437557220461 1.0567454695701601 -1.6367047429084776 0.9120679795742036 -1.9179521799087522 2.9253710508346562 2.3331806659698491 1.8405267000198366 1.7536767125129702 1.2180948853492739 1.1032164096832278 0.92474040389060985 1.3244962692260744 -1.1976896524429319 -0.32840529084205622 1.7542692422866824 1.6058637499809267 1.6315463185310366 -1.1411579251289365 2.872025847434998 2.3298573493957524 -0.16595152020454404 -0.6044267714023589 2.0167883634567265 -0.63516500592231739 -0.047477569431066506 -0.16188473254442212 -0.24041456729173658 0.093140266835689559 -0.14573188126087186 0.40312792360782629 1.2217007875442507 0.19599900394678119 0.36565770208835607 0.57539084553718578 -0.03583832643926143
decision_type=2 2 2 2 2 2 2 2 2 2 2 2 2 2 2 2 2 2 2 2 2 2 2 2 2 2 2 2 2 2 2 2 2 2 2 2 2 2 2
left_child=1 7 -3 4 5 -4 8 -1 9 10 11 12 13 15 19 16 17 -7 -12 20 -14 -9 23 24 26 -26 -18 28 -27 30 31 32 33 35 -35 -29 -31 38 -38
right_child=-2 2 3 -5 -6 6 -8 21 -10 -11 18 -13 14 -15 -16 -17 22 -19 -20 -21 -22 -23 -24 -25 25 27 -28 29 -30 36 -32 -33 -34 34 -36 -37 37 -39 -40
leaf_value=-0.61354327412943055 0.6144252319354564 0.53616447471655337 -0.48078361522892249 0.46834156144232986 -0.66250461184730136 0.6021969906636514 0.45328922482828304 0.07039390788836912 0.37282382093369959 0.23573913948658187 -0.046622724011540412 0.72799334625403089 -0.038367227553611716 0.52698560622520751 -0.47831549289680669 -0.36914294193620267 0.012611648800686515 -0.19963276577847344 -0.41010722446122339 0.061667316171283626 -0.40874196894112091 -0.24244014296148506 0.17358669765914481 -0.2555575918583643 -0.58453475496043328 0.044872161034833304 -0.1734990769011133 0.046583804504738917 -0.32778094268458735 -0.10697119392966277 0.37196525233132505 -0.21380583814838353 0.364075043797493 0.43254658565634774 -0.14543153591454031 -0.21828592122221988 0.44287033066153525 -0.10765897743403913 0.031926554441452031
leaf_weight=24 24 26 23 21 24 32 24 22 20 39 20 21 42 32 21 23 870 35 35 49 21 28 30 21 23 33 34 90 34 162 35 34 20 21 20 60 20 68 35
leaf_count=24 24 26 23 21 24 32 24 22 20 39 20 21 42 32 21 23 870 35 35 49 21 28 30 21 23 33 34 90 34 162 35 34 20 21 20 60 20 68 35
internal_value=-6.24041e-10 -0.00672728 0.00246388 -0.00416911 -0.00896039 -0.00129792 0.00415078 -0.269793 -0.00123888 -0.00501729 -0.00985475 -0.00203704 -0.0102572 -0.00110381 -0.129458 -0.0110443 -0.006133 0.183331 -0.277931 -0.0640474 -0.161825 -0.104793 -0.0140175 -0.0175796 -0.014374 -0.0419576 0.00561191 -0.022212 -0.144235 -0.00774192 0.0367897 -0.0110925 0.0215722 -0.014292 0.150606 -0.0593641 -0.0514923 0.0215774 0.181361
internal_weight=2216 2192 2118 2092 2071 2047 2024 74 2000 1980 1941 1886 1865 1732 133 1700 1677 67 55 112 63 50 1610 1580 1559 655 904 632 67 565 280 245 211 191 41 150 285 123 55
internal_count=2216 2192 2118 2092 2071 2047 2024 74 2000 1980 1941 1886 1865 1732 133 1700 1677 67 55 112 63 50 1610 1580 1559 655 904 632 67 565 280 245 211 191 41 150 285 123 55
is_linear=0
shrinkage=0.05


Tree=157
num_leaves=40
num_cat=0
split_feature=27 18 29 15 13 29 27 0 30 25 7 5 30 3 17 17 29 5 5 13 0 17 14 8 13 12 6 6 29 13 11 22 30 28 15 15 29 30 21
split_gain=3739.22 3123.48 9280.08 5702.35 1650.01 2352.73 1504.1 12163.6 8483.82 5260.42 2804.54 13479.8 2650.39 1492.05 1306.56 1219.55 1081.36 1647.46 1079.92 955.798 800.552 544.778 870.97 580.2 523.769 1320.48 616.936 1336.06 442.884 373.495 356.469 312.384 301.697 531.694 424.569 1598.55 2285.84 627.315 761.084
threshold=-2.1934885978698726 -1.2136644124984739 3.2934920787811284 -1.1636229157447813 -1.3370534777641294 0.32382850348949438 -0.58386245369911183 1.4164023995399477 0.68561020493507396 -1.0298155546188352 1.5819175839424136 -0.38517582416534418 1.0098809599876406 2.6286451816558842 1.7914411425590517 -1.4685845971107481 -0.0086820246651768667 -0.3808088600635528 -0.39172627031803126 -1.1782376766204832 0.21424335986375811 0.38609384000301367 1.5510139465332033 1.3023713231086733 -0.95354408025741566 -0.92192900180816639 2.9755042791366582 2.2540702819824223 0.58843475580215465 -1.0021973252296446 -1.0942646265029905 -0.25100468099117274 0.73168373107910167 0.5095762610435487 0.28690831363201147 0.20969139039516452 0.10554993525147439 0.49311739206314092 0.11068857461214067
decision_type=2 2 2 2 2 2 2 2 2 2 2 2 2 2 2 2 2 2 2 2 2 2 2 2 2 2 2 2 2 2 2 2 2 2 2 2 2 2 2
left_child=-1 2 4 -3 5 -2 7 8 9 -5 12 -12 13 14 24 19 21 -18 -16 -6 -17 23 -23 31 29 -26 27 28 32 30 -8 -11 34 -34 35 37 -37 38 -27
right_child=1 3 -4 6 15 -7 10 -9 -10 16 11 -13 -14 -15 18 20 17 -19 -20 -21 -22 22 -24 -25 25 26 -28 -29 -30 -31 -32 -33 33 -35 -36 36 -38 -39 -40
leaf_value=0.51270721239703043 -0.11413515237874763 0.83222059749421617 -1.1573021871376443 0.74527609162032604 -0.60849065060416863 0.47480567315859457 -0.20420054223003059 1.2634842880425001 0.99737705348857819 0.033190145877994258 -0.26940252465360309 1.3664883714169265 -0.50362848726839859 -0.42963796197013421 -0.065975448605604475 0.003222493052482605 -0.064725617821826495 -0.55237816962702524 -0.51514185893794762 -0.14047681465744974 -0.31428373831289785 -0.39256661891937261 -0.019819433086862168 0.26274221801199021 0.34302870535424779 0.047717970961650071 -0.23207593089419196 0.40657536149024964 -0.10792468939475792 -0.29050344261138339 0.013131700773481969 -0.11957349718582851 -0.039142446894021264 0.3210777235776186 -0.035975667710549067 0.00090240876262004562 0.71190275309607387 -0.18501428693714667 -0.11148357907229144
leaf_weight=35 43 21 22 20 24 28 29 21 21 88 34 20 29 22 32 75 43 29 23 20 27 25 42 20 28 408 29 20 97 23 54 54 21 20 490 26 20 41 92
leaf_count=35 43 21 22 20 24 28 29 21 21 88 34 20 29 22 32 75 43 29 23 20 27 25 42 20 28 408 29 20 97 23 54 54 21 20 490 26 20 41 92
internal_value=6.54027e-10 -0.00822776 -0.178792 0.0127634 -0.0795877 0.118123 0.00380521 0.0954641 0.0237436 -0.0399521 -0.0175505 0.336483 -0.0302618 -0.0209549 -0.014767 -0.175735 -0.0921267 -0.261141 -0.253809 -0.395757 -0.0808233 -0.0389868 -0.158904 0.0106087 -0.00536267 0.00340346 -0.00411988 0.00123293 -0.00543937 -0.11221 -0.0628037 -0.0249031 0.00345247 0.136575 -0.00161532 0.0270671 0.310033 0.00300713 0.0184249
internal_weight=2216 2181 239 1942 217 71 1921 363 342 321 1558 54 1504 1475 1453 146 301 72 55 44 102 229 67 162 1398 1292 1264 1235 1215 106 83 142 1118 41 1077 587 46 541 500
internal_count=2216 2181 239 1942 217 71 1921 363 342 321 1558 54 1504 1475 1453 146 301 72 55 44 102 229 67 162 1398 1292 1264 1235 1215 106 83 142 1118 41 1077 587 46 541 500
is_linear=0
shrinkage=0.05


Tree=158
num_leaves=40
num_cat=0
split_feature=29 21 22 16 19 30 6 4 29 17 33 31 11 11 3 15 27 29 28 29 7 5 27 28 7 29 29 8 7 15 29 30 27 5 27 6 22 29 17
split_gain=3900.35 2142.55 3856.62 1781.12 2934.07 2922.67 1172.55 1785.01 1174.04 9500.62 2771.18 4536.98 1151.61 4046.39 1527.15 982.286 965.734 1198.57 863.127 782.626 764.302 688.186 670.037 630.393 608.421 545.505 511.265 409.634 907.465 724.629 398.904 1047.54 1035.92 377.25 355.636 336.176 1026.74 407.602 333.743
threshold=3.2934920787811284 -1.6905580163002012 -1.6769025325775144 -1.043636620044708 -1.0584476590156553 1.0098809599876406 2.9755042791366582 2.1403487920761113 -0.44785918295383448 1.8931055068969729 -0.047474030405282967 1.0250321030616762 1.3433995842933657 1.2277661561965945 0.90682631731033336 0.50460931658744823 -0.91746291518211354 -0.077669773250818239 -1.0641618371009824 -0.49694004654884333 0.89212873578071605 -0.41137760877609247 1.0000000180025095e-35 -0.88334164023399342 1.0434747934341433 -0.21035738289356229 -0.057934071868658059 -1.1999563574790952 -1.0877574682235716 -1.4089726209640501 -0.36237570643424982 0.11983910948038103 0.050183769315481193 -0.1056900918483734 0.29725579917430883 1.3081901073455813 0.35531395673751837 1.1304740905761721 -0.012656976934522389
decision_type=2 2 2 2 2 2 2 2 2 2 2 2 2 2 2 2 2 2 2 2 2 2 2 2 2 2 2 2 2 2 2 2 2 2 2 2 2 2 2
left_child=1 -1 -3 16 -5 6 7 8 9 10 15 -12 13 18 22 19 17 33 -10 20 -6 -17 26 27 30 -26 -14 29 -29 -18 31 38 -33 -4 -8 37 -37 -32 -20
right_child=-2 2 3 4 5 -7 34 -9 12 -11 11 -13 14 -15 -16 21 23 -19 24 -21 -22 -23 -24 -25 25 -27 -28 28 -30 -31 35 32 -34 -35 -36 36 -38 -39 -40
leaf_value=-0.46717029201984411 0.63394508790224791 0.59220765012281917 -0.23912185797324548 0.58232983259314841 -0.10412697484434555 0.48286692259773134 -0.40490503751096274 0.46955577746033672 -0.33990797443049298 1.1101090593352205 0.77295097797177736 -0.10510001942034691 0.062775241680167335 0.67766709874073672 -0.5496177077293396 -0.072086821570992471 0.05249383973352837 -0.50328933023847644 -0.15016662253599083 0.28577705423037209 0.22168450706892392 -0.3692182192676946 -0.34526183545589451 -0.26751864669394904 -0.0066138091683387761 -0.36018343598892294 -0.22317562035538932 0.32048709914088253 -0.047990852052515208 -0.29009073040094874 -0.00057703574329715629 -0.16898602162088669 0.33382020510733129 -0.0074856123887002473 -0.13055699037525942 -0.32439826500826868 0.12294385433197022 0.22722692087292673 -0.41040462661873217
leaf_weight=25 24 27 39 22 99 31 21 20 21 21 28 31 54 21 22 40 33 32 28 21 22 38 20 29 20 24 22 24 55 29 1079 21 20 32 27 29 23 20 22
leaf_count=25 24 27 39 22 99 31 21 20 21 21 28 31 54 21 22 40 33 32 28 21 22 38 20 29 20 24 22 24 55 29 1079 21 20 32 27 29 23 20 22
internal_value=8.65873e-10 -0.006941 -0.00163148 -0.00912385 0.00831907 0.0014745 -0.00675217 -0.000124792 -0.00550487 0.0845095 0.00731387 0.311602 -0.0241801 -0.0108792 -0.173871 -0.0742907 -0.128413 -0.249229 -0.0219423 0.00401272 -0.0448885 -0.216843 -0.0877629 -0.0552128 -0.01675 -0.19947 -0.02 -0.0115471 0.0639518 -0.107747 -0.0102768 -0.111054 0.0762853 -0.134722 -0.250584 -0.00230923 -0.126535 0.00356862 -0.264671
internal_weight=2216 2192 2167 2140 1867 1845 1814 1766 1746 300 279 59 1446 1328 118 220 273 103 1307 142 121 78 96 170 1286 44 76 141 79 62 1242 91 41 71 48 1151 52 1099 50
internal_count=2216 2192 2167 2140 1867 1845 1814 1766 1746 300 279 59 1446 1328 118 220 273 103 1307 142 121 78 96 170 1286 44 76 141 79 62 1242 91 41 71 48 1151 52 1099 50
is_linear=0
shrinkage=0.05


Tree=159
num_leaves=40
num_cat=0
split_feature=15 20 21 18 29 30 12 5 6 4 15 17 6 5 7 7 11 11 27 13 13 26 5 6 33 22 19 27 10 31 31 29 29 23 0 13 4 29 22
split_gain=3689.69 3747.6 1820.77 20319.7 3357 2118.52 1135.08 2004.77 1096.74 1621.8 1035.17 5187.41 1035.12 736.894 712.62 3252.93 969.616 940.38 846.545 802.5 552.302 607.928 485.491 392.995 614.283 569.366 368.435 331.507 322.131 305.168 913.175 581.228 1046.62 347.564 312.533 311.12 309.697 769.623 1244.56
threshold=-1.584319472312927 -1.6251678466796873 -1.056096017360687 -1.0568026304244993 2.0162298083305363 1.0098809599876406 -1.3265537619590757 -0.42447850108146662 2.9755042791366582 2.1403487920761113 2.1951055526733403 1.8931055068969729 2.2832190990448002 -0.35242359340190882 1.2180948853492739 1.1032164096832278 1.1336319446563723 1.7405065298080447 -1.1536921858787534 1.4338148832321169 -1.2825429439544676 -0.91640719771385182 -0.010708616115152834 -0.14196520298719403 -0.047466970980167382 -1.469295799732208 -1.2594140768051145 0.29725579917430883 1.9728446602821352 0.86960539221763622 0.77221661806106578 -0.5066140592098235 -0.44785918295383448 0.6718115806579591 -0.53842517733573902 -0.048472605645656579 0.55250677466392528 0.029149958863854412 -0.46897278726100916
decision_type=2 2 2 2 2 2 2 2 2 2 2 2 2 2 2 2 2 2 2 2 2 2 2 2 2 2 2 2 2 2 2 2 2 2 2 2 2 2 2
left_child=-1 -2 4 -4 6 8 7 -3 9 10 11 12 14 -12 15 16 18 19 -5 22 -8 23 -16 24 -22 -25 -26 -10 -19 30 31 34 -33 -31 -20 -36 -34 -38 -39
right_child=1 2 3 5 -6 -7 20 -9 27 -11 13 -13 -14 -15 17 -17 -18 28 29 -21 21 -23 -24 25 26 -27 -28 -29 -30 33 -32 32 36 -35 35 -37 37 38 -40
leaf_value=0.48203352769980068 -0.62998145769039793 -0.13646707543386863 1.6013284802436829 -0.32739744817926769 -0.7445374149328563 0.40231036031618717 -0.34664921276271343 0.52938758708536626 -0.38549867169084878 0.44607801742851738 -0.079196088535316067 0.59385557323694227 0.32787838171828881 -0.46382207185029983 -0.037547108796066965 0.47607235377106599 -0.2786389376435961 0.19347667656838896 -0.0181716966877381 -0.50923535667359832 0.022241834968328475 -0.26567762266844513 -0.32718812745550407 -0.075350373264016779 -0.3464292260152953 0.26650479961896228 -0.079456061396437391 -0.12402913987084672 -0.058070067056853858 -0.037100836737797814 0.3144932991784552 0.27771871498652867 -0.010653975892941659 -0.22262276508684817 -0.26052621504114498 -0.049704721119875714 -0.070750896734934232 -0.14333412289619446 0.32759093819780555
leaf_weight=39 24 26 20 21 20 32 24 20 22 20 33 36 22 20 39 34 35 20 60 20 50 40 23 29 28 21 24 27 35 195 23 35 880 29 42 30 51 20 47
leaf_count=39 24 26 20 21 20 32 24 20 22 20 33 36 22 20 39 34 35 20 60 20 50 40 23 29 28 21 24 27 35 195 23 35 880 29 42 30 51 20 47
internal_value=6.6103e-10 -0.00863542 -0.00170913 0.0161419 -0.120146 -0.000985987 -0.0724829 0.153035 -0.00808081 -0.00162104 -0.0067376 5.84066e-05 -0.0128114 -0.224338 -0.0173844 -0.00742724 -0.0186255 -0.12655 -0.0122748 -0.233834 -0.12051 -0.0922424 -0.144995 -0.0466015 -0.102891 0.0682288 -0.223211 -0.241424 0.0334015 -0.00758815 0.00250526 -0.00365416 0.00897043 -0.0611193 -0.102451 -0.172684 -0.000454612 0.0756084 0.187016
internal_weight=2216 2177 2153 1871 282 1851 262 46 1819 1770 1750 1697 1661 53 1639 1502 1468 137 1433 82 216 192 62 152 102 50 52 49 55 1412 1188 1165 1033 224 132 72 998 118 67
internal_count=2216 2177 2153 1871 282 1851 262 46 1819 1770 1750 1697 1661 53 1639 1502 1468 137 1433 82 216 192 62 152 102 50 52 49 55 1412 1188 1165 1033 224 132 72 998 118 67
is_linear=0
shrinkage=0.05


Tree=160
num_leaves=40
num_cat=0
split_feature=29 21 22 6 13 4 23 23 27 3 3 27 0 30 30 33 4 22 8 33 27 26 27 26 12 17 30 22 26 23 6 6 18 9 24 24 33 27 14
split_gain=3482.44 2132.33 3728.91 1611.89 2709.25 16736.1 5300.71 12710.9 2166.94 1311.83 4083.48 8053.77 2013.52 1411.1 1257.08 1206.62 1099.39 976.166 938.644 1022.5 1159.7 1143.03 1325.34 888.679 1527.8 1056.44 1279.21 736.611 695.435 3063.24 692.708 616.648 561.274 546.503 519.538 742.92 2170.11 2490.48 1112.17
threshold=3.2934920787811284 -1.6905580163002012 -1.6769025325775144 -0.4392834603786468 0.89478415250778209 0.58816099166870128 1.1383608579635622 1.0408725142478945 -1.1976896524429319 -0.16595152020454404 -0.27481402456760401 0.32900458574295049 -0.61802062392234791 0.86204820871353161 0.9120679795742036 -0.047483224421739571 2.1268247365951543 -1.6105053424835203 0.95140758156776439 -0.047462342306971543 1.0000000180025095e-35 -0.69132441282272328 0.16085347533226016 -0.4267969131469726 -0.30952669680118555 -0.16467360407114026 0.13509841263294223 0.77010071277618419 -0.083055350929498659 -0.10121124610304831 1.3081901073455813 2.3750380277633671 1.1009592413902285 -0.56202164292335499 0.70385780930519115 -0.024916724301874634 -0.047486646100878709 -0.21655220538377759 0.11632414907217027
decision_type=2 2 2 2 2 2 2 2 2 2 2 2 2 2 2 2 2 2 2 2 2 2 2 2 2 2 2 2 2 2 2 2 2 2 2 2 2 2 2
left_child=1 -1 -3 4 8 6 7 -6 -4 10 34 -12 -11 18 16 -8 17 -5 19 21 -21 22 -14 -23 -25 26 -26 -27 29 30 -19 -30 -29 -32 35 -10 38 -38 -37
right_child=-2 2 3 14 5 -7 15 -9 9 12 11 -13 13 -15 -16 -17 -18 28 -20 20 -22 23 -24 24 25 27 -28 32 31 -31 33 -33 -34 -35 -36 36 37 -39 -40
leaf_value=-0.4656894140839577 0.59902079965298372 0.58266240855058038 0.47371903431156409 -0.31330514089204375 -0.14127149579369211 1.2063447890912786 -0.1234070762352809 1.309186083920624 -0.036759784446644878 -0.55817333191633223 1.2397230848483742 -0.17923501260578634 0.50901850322261455 -0.46069806333631275 -0.42679140268136628 -0.53315874744545333 -0.40916626435660181 0.014240845992374341 -0.36973903380334378 -0.39450858552008872 -0.054227998958606471 -0.195174274132244 -0.034887975086236284 0.38062162953946327 -0.03383394507691264 -0.1047993003093713 0.43833119307573026 0.29345079892436449 -0.057989043001096197 0.61860285654664038 -0.066752883259739201 -0.27008859435292448 -0.06407720730418251 -0.38431060016155244 -0.24781548134982587 0.29272059819528035 0.012384600937366486 0.79199734662570775 -0.12215391127126558
leaf_weight=25 24 27 23 32 44 34 98 23 252 20 20 20 24 20 23 22 21 303 20 34 95 56 21 27 32 185 26 23 349 20 42 38 21 20 20 21 20 21 70
leaf_count=25 24 27 23 32 44 34 98 23 252 20 20 20 24 20 23 22 21 303 20 34 95 56 21 27 32 185 26 23 349 20 42 38 21 20 20 21 20 21 70
internal_value=2.02325e-10 -0.00655862 -0.00126177 -0.00862904 0.0265268 0.185917 0.00038475 0.356647 -0.00636323 -0.0168994 0.0483468 0.530244 -0.0648618 -0.0479676 -0.062192 -0.198528 -0.0520274 -0.0426991 -0.0333318 -0.0209638 -0.143914 0.0172545 0.255195 -0.0116843 0.0210401 -0.0127881 0.177826 -0.061066 -0.0314823 0.0160966 -0.0169174 -0.0788154 0.122812 -0.169191 0.000634207 0.0135743 0.109667 0.411698 -0.0264136
internal_weight=2216 2192 2167 2140 1292 221 187 67 1071 1048 444 40 604 584 848 120 825 804 564 544 129 415 45 370 314 287 58 229 772 385 365 387 44 62 404 384 132 41 91
internal_count=2216 2192 2167 2140 1292 221 187 67 1071 1048 444 40 604 584 848 120 825 804 564 544 129 415 45 370 314 287 58 229 772 385 365 387 44 62 404 384 132 41 91
is_linear=0
shrinkage=0.05


Tree=161
num_leaves=40
num_cat=0
split_feature=30 6 27 22 30 30 30 30 14 14 11 23 3 0 27 7 15 6 6 24 33 30 7 28 16 15 16 15 17 16 20 15 2 30 26 26 8 26 12
split_gain=3494.4 1972.62 2880.28 1499.75 1466.55 3817.87 1718.37 985.805 1084.04 9219.76 1962.87 4950.67 2129.24 1796.31 1505.34 6125.85 1221.53 1075.77 1041.81 1032.11 652.892 606.164 595.252 537.935 500.868 419.309 522.853 2211.16 606.986 868.497 1248.97 524.891 1037.78 755.3 492.347 2757.96 589.431 1019.92 563.583
threshold=-2.4608415365219112 4.711318016052247 -1.8494415283203123 -1.6634678840637205 1.3463437557220461 1.0567454695701601 0.9120679795742036 -0.65878006815910328 1.5888023972511294 1.4663060307502749 1.0874515175819399 1.0408725142478945 2.5976400375366215 0.67857974767684948 -1.1976896524429319 -0.56186982989311207 1.8295560479164126 2.872025847434998 2.3298573493957524 -0.66599541902542103 -0.047482984140515321 -0.55049610137939442 -1.0036913752555845 1.6180556416511538 1.1102374196052553 -0.832698494195938 -0.63082122802734364 -0.59217041730880726 -0.57772862911224354 -0.50446477532386769 -0.49013903737068171 -0.74974083900451649 1.0000000180025095e-35 0.0099871689453721064 -0.27762223780155176 -0.25226458907127375 -0.3808585107326507 -0.4267969131469726 -0.27101349830627436
decision_type=2 2 2 2 2 2 2 2 2 2 2 2 2 2 2 2 2 2 2 2 2 2 2 2 2 2 2 2 2 2 2 2 2 2 2 2 2 2 2
left_child=-1 2 3 -2 5 6 7 19 9 10 11 12 14 24 15 -9 17 18 21 22 23 -16 -4 -10 -12 -23 27 31 -28 30 -30 32 -27 -33 36 -36 37 -31 -37
right_child=1 -3 4 -5 -6 -7 -8 8 20 -11 13 -13 -14 -15 16 -17 -18 -19 -20 -21 -22 25 -24 -25 -26 26 28 -29 29 34 -32 33 -34 -35 35 38 -38 -39 -40
leaf_value=0.57624487320964157 -0.60381694515546169 0.48745222804136579 -0.18531330224031059 -0.099567106725840737 0.41398924546582361 -0.64658399943424305 0.42180145333210634 0.79892528085754477 -0.021250606321690371 1.007940843053486 0.036079812417360572 0.79516257673501967 0.46188280957937239 -0.59189196278651557 0.2199799870108736 -0.30883481154839199 -0.35130667273814864 0.31318021516960404 -0.36965591311454776 -0.4301846752946194 -0.40473911494016646 -0.070830213915190246 0.11685343062105989 -0.29506865205864113 -0.22072637625611746 0.34986623674631123 -0.21191773031734759 0.54068595572658207 0.49382685093830037 -0.065614495106496432 -0.024614184407087472 0.13868205447991688 -0.13780733928084374 -0.23675175423960426 0.58597922876477238 0.24107282662933527 -0.17304038764572049 0.30972879032293954 -0.015557742164681485
leaf_weight=26 30 20 39 29 21 23 24 26 71 23 37 20 25 24 29 24 26 26 20 26 20 244 28 24 39 24 36 23 21 131 26 21 20 37 20 22 94 21 776
leaf_count=26 30 20 39 29 21 23 24 26 71 23 37 20 25 24 29 24 26 26 20 26 20 244 28 24 39 24 36 23 21 131 26 21 20 37 20 22 94 21 776
internal_value=5.20801e-10 -0.00684126 -0.011397 -0.355965 -0.00176668 -0.00594413 0.00118442 -0.00375675 0.00382825 0.0131609 0.000534037 0.0131112 0.00386714 -0.214788 -0.00300172 0.2672 -0.0113568 -0.00580133 -0.0111007 -0.162797 -0.145089 -0.00645921 -0.0590347 -0.0904257 -0.0957023 -0.0107908 0.000726158 0.0978314 -0.00985637 -0.00330893 0.20703 -0.00202793 0.128196 -0.100819 -0.0126002 0.00605181 -0.0746219 -0.0137579 -0.00848271
internal_weight=2216 2190 2170 59 2111 2090 2067 2043 1950 1835 1812 1712 1692 100 1667 50 1617 1591 1565 93 115 1545 67 95 76 1516 1272 125 1147 1111 47 102 44 58 1064 818 246 152 798
internal_count=2216 2190 2170 59 2111 2090 2067 2043 1950 1835 1812 1712 1692 100 1667 50 1617 1591 1565 93 115 1545 67 95 76 1516 1272 125 1147 1111 47 102 44 58 1064 818 246 152 798
is_linear=0
shrinkage=0.05


Tree=162
num_leaves=40
num_cat=0
split_feature=9 16 21 20 29 30 18 12 5 20 22 16 17 3 24 4 12 3 17 30 12 6 6 14 24 9 3 0 5 5 5 30 30 27 11 27 15 7 5
split_gain=3483.27 13550.9 2276.39 18639.2 2308.3 2156.23 1368.46 1251.36 1160.59 897.246 4072.3 1707 2748.87 948.323 13471.5 1866.52 1126.31 1321.66 831.647 830.582 697.239 665.302 883.799 657.152 618.21 578.195 793.904 484.494 450.093 2376.15 482.246 542.511 759.803 475.609 363.307 431.333 476.088 357.497 349.216
threshold=-1.4307110905647276 -1.5978951454162595 -1.056096017360687 -1.0417166352272031 2.0162298083305363 1.0098809599876406 -1.5910865664482114 -1.3265537619590757 -0.57513877749443043 2.2636622190475468 2.079553604125977 1.8878852128982546 1.7536767125129702 1.6654188036918642 0.9187980890274049 2.0573604106903081 0.91939166188240062 0.90682631731033336 -0.99682492017745961 0.63923692703247081 1.7689762711524966 2.9755042791366582 2.1986874341964726 1.4663060307502749 0.9187980890274049 -0.49795934557914728 1.8135544657707217 -0.45704109966754908 0.82119813561439525 1.1476287245750429 0.082089379429817214 -0.31357385218143458 -0.27151162922382349 -0.5767020285129546 -1.235800504684448 -0.90070486068725575 -1.2591415047645567 0.49783511459827429 -0.34696488082408899
decision_type=2 2 2 2 2 2 2 2 2 2 2 2 2 2 2 2 2 2 2 2 2 2 2 2 2 2 2 2 2 2 2 2 2 2 2 2 2 2 2
left_child=-1 -2 4 -4 6 9 -3 8 -8 10 11 12 13 16 15 25 18 20 -5 34 23 22 28 24 -18 -15 -27 -26 30 -30 31 -20 -33 -32 -9 -36 -37 -31 -11
right_child=1 2 3 5 -6 -7 7 19 -10 38 -12 -13 -14 14 -16 -17 17 -19 21 -21 -22 -23 -24 -25 27 26 -28 -29 29 37 33 32 -34 -35 35 36 -38 -39 -40
leaf_value=-0.51788125392049555 1.2715841310364862 -0.47338880165056746 1.533801548955962 -0.29264820535480979 -0.63953450173139581 0.40604603150859475 -0.075105621367692943 -0.26484236790920085 0.46354892276227472 -0.1073046734822648 0.7072278904356063 -0.39072229129679759 0.57886995054781443 0.17993808307219297 1.1759109851717948 -0.52301373621448877 -0.3138971901498735 -0.48230707123875621 -0.10410439159481898 -0.41744054168462752 0.093831112420345419 -0.26226894259452821 0.33320928245782855 -0.37298791956901556 -0.12639246071670571 -0.33024905506860125 0.0051866120826243693 0.11318038859301144 0.58760891973972329 -0.04995881798623622 -0.2993853727976481 0.29168380188445248 0.0063353408680786559 -0.056528805962039366 -0.14489301396533846 0.20467772293090822 -0.049995280305544537 0.1844767500460148 -0.38085892349481587
leaf_weight=32 21 22 20 25 21 32 20 23 20 28 20 29 20 32 25 20 24 24 109 20 41 24 20 25 51 22 89 36 20 87 24 24 834 126 72 25 69 20 20
leaf_count=32 21 22 20 25 21 32 20 23 20 28 20 29 20 32 25 20 24 24 109 20 41 24 20 25 51 22 89 36 20 87 24 24 834 126 72 25 69 20 20
internal_value=-8.65413e-10 0.007588 -0.0046838 0.0155799 -0.134524 -0.000824405 -0.0953908 -0.0619934 0.194222 -0.0079821 -0.00220087 -0.010304 -0.00389742 -0.0107454 0.0951683 -0.0705897 -0.0238972 -0.13412 -0.00702388 -0.11103 -0.0869078 -0.00147993 0.00347176 -0.141395 -0.0892347 -0.00731365 -0.0612961 -0.0272589 -0.00182948 0.0873645 -0.0119706 0.000968673 0.0143171 -0.0953859 -0.0786053 -0.0528014 0.0177369 -0.00613909 -0.221286
internal_weight=2216 2184 2163 1871 292 1851 271 249 40 1819 1771 1751 1722 1702 188 163 1514 201 1313 209 177 1288 1264 136 111 143 111 87 1244 127 1117 967 858 150 189 166 94 107 48
internal_count=2216 2184 2163 1871 292 1851 271 249 40 1819 1771 1751 1722 1702 188 163 1514 201 1313 209 177 1288 1264 136 111 143 111 87 1244 127 1117 967 858 150 189 166 94 107 48
is_linear=0
shrinkage=0.05


Tree=163
num_leaves=40
num_cat=0
split_feature=28 6 7 30 30 30 29 3 0 15 11 26 29 4 30 18 3 0 10 27 31 33 33 22 3 27 27 30 28 21 14 17 11 13 16 20 11 11 16
split_gain=3470.5 9968.1 4149.02 3073.6 1553.43 1408.98 1217.92 1568.83 14784.1 5159.07 2226.61 5587.18 16705.1 1756.54 1306.96 1171.58 1169.31 1119.8 930.391 786.841 763.946 687.732 2396.63 576.182 573.582 677.574 954.605 628.433 553.973 1628.87 618.415 538.524 511.543 3217.59 531.353 942.395 670.96 1076.73 573.23
threshold=-1.5452485680580137 1.112892806529999 -1.3164669871330259 -2.4608415365219112 -1.3757219314575193 1.2409112453460696 0.45624069869518286 -0.094295192509889589 -0.58135303854942311 1.8629074692726137 1.3154855370521548 0.9546494483947755 -0.0086820246651768667 2.0991619825363164 0.9120679795742036 1.757795035839081 -0.15286046266555783 0.89286133646965038 -1.2564901709556577 -0.63516500592231739 -0.85590088367462147 -0.047462873160839074 -0.04745486564934253 -0.62284919619560231 -0.75918322801589955 -0.38315139710903162 -0.15071246773004529 0.15367031842470172 0.4660057276487351 0.62624451518058788 -0.45802585780620569 -0.12718012183904645 -0.1707700043916702 -0.24041456729173658 0.1098291613161564 -0.15640169382095334 -0.46645146608352656 -0.58524808287620533 -1.0655335187911985
decision_type=2 2 2 2 2 2 2 2 2 2 2 2 2 2 2 2 2 2 2 2 2 2 2 2 2 2 2 2 2 2 2 2 2 2 2 2 2 2 2
left_child=1 -1 3 -2 -4 6 7 15 -9 10 11 13 -13 19 21 16 17 18 -6 23 -17 -8 -23 -10 -20 -26 27 -27 30 -30 -28 -25 33 34 35 36 37 38 -21
right_child=2 -3 4 -5 5 -7 14 8 9 -11 -12 12 -14 -15 -16 20 -18 -19 24 32 -22 22 -24 31 25 26 28 -29 29 -31 -32 -33 -34 -35 -36 -37 -38 -39 -40
leaf_value=-0.2309875750541687 -0.87708105593919761 1.2666181689500808 0.40356713657577831 -0.16338910309229204 0.32263069624081253 0.41663096606731415 -0.11885191061182365 1.4081677329540252 -0.28465246080588075 0.63912875223340415 -0.40182740977316195 -0.40118604841686434 1.617935203630477 -0.45840486071326519 -0.4802227004652932 0.0096944218873977681 -0.35994393033906819 0.34600149365988647 -0.049271966583744095 0.23097249407786877 -0.36877591595053677 0.49631282991983677 -0.13187585761960671 0.13262850064039231 -0.060866124423798823 0.49627799058244348 0.040387451894422798 0.10946152208461649 0.45721487297490243 -0.037083743035793308 -0.26740466701984406 -0.21546314828097823 -0.027411738634633132 0.68196583908051256 -0.17309364580339004 0.34977984596853673 -0.18933893297525015 0.38736032659099218 -0.069468994366077633
leaf_weight=25 22 20 24 48 20 20 196 20 39 33 33 21 20 22 21 20 24 22 630 20 40 22 49 25 116 21 47 21 25 50 25 20 249 20 31 23 34 21 77
leaf_count=25 22 20 24 48 20 20 196 20 39 33 33 21 20 22 21 20 24 22 630 20 40 22 49 25 116 21 47 21 25 50 25 20 249 20 31 23 34 21 77
internal_value=7.92877e-10 0.434615 -0.0090086 -0.387692 0.00360818 -0.0010134 -0.00507411 0.0104495 0.068091 0.0291352 -0.00159726 0.0196368 0.583751 -0.0201716 -0.100426 -0.0280143 -0.0151509 -0.00668102 -0.0148056 -0.00292449 -0.242619 -0.0705543 0.0627742 -0.143988 -0.0220235 0.0342601 0.0926445 0.30287 0.0325801 0.127682 -0.0664848 -0.0220789 0.0220215 0.0764855 0.017701 0.051499 0.00636435 0.0627534 -0.0075223
internal_weight=2216 45 2171 70 2101 2077 2057 1769 708 688 655 622 41 581 288 1061 1001 977 955 559 60 267 71 84 935 305 189 42 147 75 72 45 475 226 206 175 152 118 97
internal_count=2216 45 2171 70 2101 2077 2057 1769 708 688 655 622 41 581 288 1061 1001 977 955 559 60 267 71 84 935 305 189 42 147 75 72 45 475 226 206 175 152 118 97
is_linear=0
shrinkage=0.05


Tree=164
num_leaves=40
num_cat=0
split_feature=30 28 22 16 28 30 24 6 4 29 22 33 7 8 5 23 19 20 20 17 7 7 31 29 29 8 18 33 12 17 33 33 29 0 22 25 28 17 28
split_gain=3778.59 1898.14 3840.98 1837.42 3372.54 2506.02 2019.77 1025.11 1586.59 1032.37 9233.89 2869.26 1132.54 3798.2 1318.4 863.482 648.245 594.476 543.544 522.235 936.768 600.699 443.695 1422.63 686.193 586.492 569.872 556.894 1042.05 1112.25 491.689 510.414 485.344 466.18 464.688 651.663 449.537 1639.82 2419.53
threshold=-2.4608415365219112 -1.5968321561813352 -1.6769025325775144 -1.043636620044708 -1.2250468134880064 1.0098809599876406 -0.81174758076667775 2.9755042791366582 2.1403487920761113 -0.49694004654884333 1.4917302131652834 -0.047471635043621056 1.1276233196258547 1.1794789433479311 -0.13407536596059796 1.1995105743408205 -1.0293264985084531 -1.589679956436157 1.2315383553504946 0.49167969822883612 0.83773630857467662 0.94995784759521495 0.52946344017982494 -0.44785918295383448 -0.39011573791503901 0.75757864117622387 0.96812066435813915 -0.047472553327679627 -0.59154635667800892 -0.75296401977539051 -0.047474713996052735 -0.047476824373006814 -0.06245355308055877 -0.03849444538354873 -0.11874374747276305 0.21532672643661502 0.44649717211723333 0.393465206027031 0.58985432982444774
decision_type=2 2 2 2 2 2 2 2 2 2 2 2 2 2 2 2 2 2 2 2 2 2 2 2 2 2 2 2 2 2 2 2 2 2 2 2 2 2 2
left_child=-1 -2 -3 6 -5 7 17 8 9 10 11 19 13 15 -14 16 -11 -4 -16 20 -6 -21 23 -18 -24 26 32 30 29 -29 31 36 34 -31 -26 -36 -25 38 -38
right_child=1 2 3 4 5 -7 -8 -9 -10 12 -12 -13 14 -15 18 -17 22 -19 -20 21 -22 -23 24 27 25 -27 -28 28 -30 33 -32 -33 -34 -35 35 -37 37 -39 -40
leaf_value=0.59921887173102462 -0.3723739759916706 0.54252857335377491 -0.34299086779356003 0.59706067400208374 -0.10404253480619914 0.44622150419219847 -0.51179462983723611 -0.24018417230361833 0.44171386729925877 -0.25020795496446746 1.1187081794440747 0.39815820745519692 -0.046722905492090218 0.6767553985118866 -0.19011765848845244 -0.32809340886094351 0.3819409660100937 -0.057939517940394585 -0.52009185552597048 -0.059359421965976558 0.21565656850735349 -0.38771546007348945 -0.31586280766253672 -0.045666558893698875 -0.11815687668323518 -0.26886596512794497 0.22230706874119199 0.27260322590668995 0.42358150680859885 0.06097286719342937 -0.23678417156140008 0.17176189240264267 -0.089610275333142211 -0.23822609921296439 0.36993502464145422 0.013968475783864657 0.72042435847222808 -0.017968674859847409 -0.0110726857987734
leaf_weight=26 35 32 20 24 97 31 31 46 20 28 20 37 99 20 24 22 25 214 26 30 30 26 24 482 25 25 23 30 21 23 24 38 157 30 20 36 20 249 26
leaf_count=26 35 32 20 24 97 31 31 46 20 28 20 37 99 20 24 22 25 214 26 30 30 26 24 482 25 25 23 30 21 23 24 38 157 30 20 36 20 249 26
internal_value=2.33461e-10 -0.00711401 -0.00118172 -0.00937707 0.00818999 0.000483935 -0.132545 -0.00717988 -0.0010796 -0.00617797 0.0900925 -0.003418 -0.0216121 -0.00715323 -0.152421 -0.0174531 -0.0122202 -0.0823029 -0.361704 -0.084611 -0.0285231 -0.21181 -0.0070061 0.00966598 -0.059066 -0.0375166 -0.0153567 -0.000203447 0.108932 0.0293216 -0.0137315 -0.00716311 -0.0383242 -0.108385 0.061082 0.141099 -0.0159136 0.0326997 0.30697
internal_weight=2216 2190 2155 2123 1858 1834 265 1803 1757 1737 240 220 1497 1348 149 1328 1306 234 50 183 127 56 1278 968 310 286 261 943 104 83 839 815 238 53 81 56 777 295 46
internal_count=2216 2190 2155 2123 1858 1834 265 1803 1757 1737 240 220 1497 1348 149 1328 1306 234 50 183 127 56 1278 968 310 286 261 943 104 83 839 815 238 53 81 56 777 295 46
is_linear=0
shrinkage=0.05


Tree=165
num_leaves=40
num_cat=0
split_feature=30 6 18 33 27 28 30 21 25 4 28 17 8 12 17 12 29 29 30 27 29 29 28 30 29 21 30 5 29 27 16 30 17 12 27 15 27 33 33
split_gain=3410.18 1782.43 2876.6 1824.56 1228.33 9766.28 2801.35 1558.9 6359.05 3013.26 11898 1583 1503.51 1349.64 1236.1 1304.46 1155.55 3808.35 4842.43 1222.8 964.368 874.504 1386.91 847.383 829.762 688.486 667.495 898.758 1244.16 583.047 1468.67 795.531 772.353 562.721 1414.29 544.868 540.818 534.441 465.622
threshold=-2.4608415365219112 4.711318016052247 -1.5910865664482114 -0.047398863360285752 0.25011114776134497 1.6180556416511538 1.0098809599876406 0.62624451518058788 0.58964830636978161 1.8600328564643862 -0.11437208205461501 0.393465206027031 0.96793350577354442 0.99506542086601268 0.35513137280941015 -1.3265537619590757 0.094810806214809432 -0.0043747618328779927 0.20974023640155795 -1.1324552893638609 1.29120808839798 -0.048883771523833268 0.5568208396434785 1.0098809599876406 -0.35419803857803339 1.1611820459365847 -0.29523576796054835 0.82119813561439525 -0.4077103585004806 -0.036157628521323197 -0.50446477532386769 0.0032033097231760625 -0.032348794862627976 -0.92192900180816639 -0.14685618877410886 0.98048642277717601 -0.40951874852180475 -0.047474885359406464 -0.047486165538430207
decision_type=2 2 2 2 2 2 2 2 2 2 2 2 2 2 2 2 2 2 2 2 2 2 2 2 2 2 2 2 2 2 2 2 2 2 2 2 2 2 2
left_child=-1 2 3 -2 5 6 7 8 9 11 -11 14 20 -13 15 -4 17 26 -19 -18 23 24 -23 -6 25 -9 36 29 -29 31 -31 32 -28 34 -21 -26 -17 -33 -37
right_child=1 -3 4 -5 12 -7 -8 21 -10 10 -12 13 -14 -15 -16 16 19 18 -20 33 -22 22 -24 -25 35 -27 27 28 -30 30 -32 37 -34 -35 -36 38 -38 -39 -40
leaf_value=0.5692579559981823 -0.70997099280357368 0.46310185765847561 0.36188064391414326 -0.11805155971397957 -0.015603099016610673 1.0056443516016007 0.52206732298319158 -0.0092433665852461547 0.90834129437804223 -0.26970737719073379 1.2930192483322962 -0.09875864189118147 -0.35937472586581287 -0.55658269663426008 0.36977735310792925 -0.048232311605882483 -0.4677812431752682 -0.011386199749034384 1.0524066492542625 -0.12924463998886845 -0.32989503840605416 -0.50830312679211298 -0.10965978480409831 -0.33812043212708975 -0.080704139858883417 -0.32757585571345055 0.0027573580486840378 0.44330743875886713 -0.028042581437953878 0.40593047085459588 -0.094796056556515407 -0.056538172470541992 0.35289399492598716 -0.096609162304807331 0.40219081966649917 0.046675502431803739 -0.30448430637861124 -0.27707135108384223 0.35582098190983141
leaf_weight=26 23 20 24 30 675 25 26 35 20 29 21 60 38 22 23 71 20 23 20 31 27 30 80 21 35 33 63 28 28 27 32 164 21 232 21 29 29 33 21
leaf_count=26 23 20 24 30 675 25 26 35 20 29 21 60 38 22 23 71 20 23 20 31 27 30 80 21 35 33 63 28 28 27 32 164 21 232 21 29 29 33 21
internal_value=-3.14377e-10 -0.00675831 -0.0110888 -0.374922 -0.0019801 0.0265517 0.00816157 -0.00207716 0.0253777 0.00809852 0.386638 -0.0113737 -0.05282 -0.221589 0.00799454 -0.00160293 -0.0119512 0.0320123 0.483401 -0.0898998 -0.0367079 -0.110853 -0.218381 -0.0253342 -0.0335447 -0.163728 -0.00712016 0.0220276 0.207632 -0.00854258 0.13435 -0.0385449 0.0902915 -0.0632884 0.0853735 0.0706022 -0.122545 -0.0934803 0.176517
internal_weight=2216 2190 2170 53 2117 1356 1331 1305 1042 1022 50 972 761 82 890 867 843 539 43 304 723 263 110 696 153 68 496 396 56 340 59 281 84 284 52 85 100 197 50
internal_count=2216 2190 2170 53 2117 1356 1331 1305 1042 1022 50 972 761 82 890 867 843 539 43 304 723 263 110 696 153 68 496 396 56 340 59 281 84 284 52 85 100 197 50
is_linear=0
shrinkage=0.05


Tree=166
num_leaves=40
num_cat=0
split_feature=28 12 7 30 6 30 29 4 5 33 9 4 12 27 24 12 15 30 14 11 30 27 29 27 30 6 27 27 16 22 10 15 7 27 9 12 7 19 11
split_gain=3456.56 9753.18 4127.29 3272.43 1432.06 3339.54 4244.8 2410.58 1998.05 2533.94 1988.89 12062.2 2967.78 2416.52 1203.04 1058.21 1030.29 918.426 916.047 899.865 777.289 711.305 1256.13 864.981 833.527 767.372 702.224 505.978 1705.1 990.591 639.678 445.243 439.651 423.204 402.276 1132.38 1627.15 654.816 643.584
threshold=-1.5452485680580137 -0.7838660180568694 -1.3164669871330259 -2.4608415365219112 -0.43636856973171229 1.0098809599876406 1.29120808839798 2.0776464939117436 -0.3808088600635528 -0.047429881989955895 1.2217946052551272 0.44861778616905218 1.3774641752243044 -1.1976896524429319 -0.91190326213836659 -1.2313437461853025 1.7172574996948244 0.86204820871353161 0.98698854446411144 1.6160847544670107 -0.65878006815910328 -0.013289313763380049 -0.51274108886718739 0.045181393623352058 -0.29523576796054835 1.5763595104217532 -0.30422385036945337 0.6442432999610902 0.093140266835689559 -0.42892540991306299 -0.1929780766367912 1.8295560479164126 -0.57883545756340016 -0.33317387104034418 -0.40581667423248285 -0.36445645987987513 -0.30308943986892695 -0.041346823796629899 -0.222337931394577
decision_type=2 2 2 2 2 2 2 2 2 2 2 2 2 2 2 2 2 2 2 2 2 2 2 2 2 2 2 2 2 2 2 2 2 2 2 2 2 2 2
left_child=1 -1 3 -2 5 6 7 10 9 17 13 12 -12 -4 15 -10 18 21 20 -14 -15 25 -23 -24 -25 33 -20 32 29 -29 -30 -21 -26 -6 37 36 -36 -22 -37
right_child=2 -3 4 -5 8 -7 -8 -9 14 -11 11 -13 19 16 -16 -17 -18 -19 26 31 34 22 23 24 27 -27 -28 28 30 -31 -32 -33 -34 -35 35 38 -38 -39 -40
leaf_value=1.2567260646820069 -0.89165085378018305 -0.22464672714471817 0.50117296847430148 -0.15523686143763674 -0.011440202358203966 0.5866596846668809 0.71308510818264703 0.55688512116670619 -0.35010307530562085 0.51956653807844433 0.48352003727446907 1.3176108265388757 -0.45409114548847795 -0.24936901969468278 -0.49770180213316861 0.11942845061421395 -0.33910706593440132 -0.36346578214849745 -0.42613887637853626 0.060955266840755945 -0.026055751012912676 0.30771540171494161 0.30043438591417815 -0.24145747290515321 -0.24775682171949975 -0.28045985252531463 -0.024982748776674273 0.065809296332299705 -0.21792578144943239 0.54226534819851324 0.062159108750997706 -0.22173801270815044 -0.023086789390767245 -0.15030412679681412 0.51323483477312104 -0.14278747403751249 -0.046565230742096904 -0.27881331443786622 0.019695025121381014
leaf_weight=20 22 25 22 48 185 27 22 20 24 21 22 20 21 33 36 24 26 21 24 30 302 34 21 41 26 43 20 20 36 24 47 26 134 78 27 69 25 28 522
leaf_count=20 22 25 22 48 185 27 22 20 24 21 22 20 21 33 36 24 26 21 24 30 302 34 21 41 26 43 20 20 36 24 47 26 134 78 27 69 25 28 522
internal_value=5.65928e-10 0.433741 -0.00899049 -0.386681 0.00359321 0.0364553 0.0246558 0.0124122 -0.0482604 -0.0217219 0.00346437 0.197624 -0.0286364 -0.0175784 -0.279208 -0.115337 -0.0281848 -0.0377319 -0.0204858 -0.174967 -0.0107188 -0.0278038 0.017606 -0.0106568 -0.0305743 -0.0846403 -0.243795 -0.000448094 0.0740685 0.325694 -0.0593235 -0.0702952 -0.0595957 -0.0526242 -0.0026248 0.020407 0.2441 -0.0475018 0.000724987
internal_weight=2216 45 2171 70 2101 1286 1259 1237 815 731 1217 119 99 1098 84 48 1076 710 1050 77 1006 689 383 349 328 306 44 287 127 44 83 56 160 263 973 643 52 330 591
internal_count=2216 45 2171 70 2101 1286 1259 1237 815 731 1217 119 99 1098 84 48 1076 710 1050 77 1006 689 383 349 328 306 44 287 127 44 83 56 160 263 973 643 52 330 591
is_linear=0
shrinkage=0.05


Tree=167
num_leaves=40
num_cat=0
split_feature=15 20 20 18 29 5 30 9 11 30 14 13 4 4 18 20 8 30 8 5 8 3 3 10 9 16 28 4 0 9 5 29 16 12 4 4 3 6 31
split_gain=3504.93 3717.4 1483.01 8540.79 3469.03 1505.62 7362.05 5121.1 14076.2 2315.1 2076.16 7043.5 1365.88 1236.37 1041.94 1020.79 1005.35 649.203 614.007 588.874 1011.38 564.131 1472.74 525.528 1150.63 672.387 593.029 624.747 580.48 554.836 1000.68 520.01 529.307 451.974 401.858 3177.53 469.539 406.012 583.505
threshold=-1.584319472312927 -1.6251678466796873 -1.1401053667068479 -1.0717446804046629 2.0162298083305363 -0.308753952383995 0.95535138249397289 1.2217946052551272 1.6160847544670107 0.9120679795742036 0.92901721596717846 0.8507116734981538 0.2291599586606026 1.8163871169090273 -1.5755656361579893 1.3027682304382326 1.1794789433479311 -0.0406404361128807 1.5056784152984621 -0.36552448570728296 -0.32342845201492304 -0.62276062369346608 -0.42983973026275629 -0.037270799279212945 -0.09692582860589026 0.22195098549127582 0.26274403929710394 0.40312792360782629 -0.086251690983772264 0.44274401664733892 0.63996911048889171 -0.41411091387271876 -0.28162352740764612 -0.92880499362945546 1.9227350354194643 1.7844213247299197 1.4042866230010989 0.98318043351173412 0.33342806994915014
decision_type=2 2 2 2 2 2 2 2 2 2 2 2 2 2 2 2 2 2 2 2 2 2 2 2 2 2 2 2 2 2 2 2 2 2 2 2 2 2 2
left_child=-1 -2 4 -4 14 9 7 10 -9 16 11 13 -12 21 -3 -10 19 -18 -19 34 -21 -7 -23 24 25 26 27 31 -25 -30 -31 -24 -33 -16 35 36 37 38 -5
right_child=1 2 3 5 -6 6 -8 8 15 -11 12 -13 -14 -15 33 -17 17 18 -20 20 -22 22 23 28 -26 -27 -28 -29 29 30 -32 32 -34 -35 -36 -37 -38 -39 -40
leaf_value=0.46980915151727509 -0.62725457075672852 0.27566141691058876 0.74570424003669855 -0.0083331369860845557 -0.73165044358798437 -0.19910545887218581 0.95499981167641568 1.2530036245783172 0.069973536716266119 -0.55789965036369515 -0.1192929705604911 0.92991994707030257 -0.64602294132113469 -0.34881433594439715 -0.05976525690140469 -0.42358290731906889 -0.33143185149682197 -0.28941126421387137 -0.0081655271567296298 -0.45312818080186851 0.0058965311587477727 0.33958260459429213 -0.2343086795560245 -0.20744656839613188 0.35449475435912614 0.26675224687371935 -0.26386792150636518 0.1904451985870089 -0.092337141031085868 0.32957283854484559 -0.1012010985719306 -0.04980310453101993 0.2172501197570692 -0.25499054295424789 -0.083899567154730903 0.63383427008986482 0.2233843031254682 -0.13690854274367883 0.25923829224138034
leaf_weight=39 24 21 39 685 21 36 22 30 22 21 32 20 20 28 168 20 38 27 69 20 30 31 29 59 25 21 24 35 101 26 28 96 23 36 128 20 22 59 21
leaf_count=39 24 21 39 685 21 36 22 30 22 21 32 20 20 28 168 20 38 27 69 20 30 31 29 59 25 21 24 35 101 26 28 96 23 36 128 20 22 59 21
internal_value=-8.39607e-10 -0.00841643 -0.00151809 0.0133862 -0.117057 -0.00190306 0.0542697 0.0262017 0.425804 -0.0377748 -0.019179 0.00786658 -0.321881 -0.0249467 -0.0596948 -0.165053 -0.0280138 -0.156507 -0.0872659 -0.0105335 -0.177713 -0.00796489 0.0058525 -0.0163009 0.0324807 -0.00282784 -0.0301765 0.000471503 -0.0739726 -0.0231664 0.106209 -0.0444547 0.00181222 -0.0942168 -0.00159337 0.0114614 -0.00435495 -0.0109043 -0.000374213
internal_weight=2216 2177 2153 1907 246 1868 728 706 72 1140 634 582 52 562 225 42 1119 134 96 985 50 534 498 467 253 228 207 183 214 155 54 148 119 204 935 807 787 765 706
internal_count=2216 2177 2153 1907 246 1868 728 706 72 1140 634 582 52 562 225 42 1119 134 96 985 50 534 498 467 253 228 207 183 214 155 54 148 119 204 935 807 787 765 706
is_linear=0
shrinkage=0.05


Tree=168
num_leaves=40
num_cat=0
split_feature=30 28 22 16 19 30 14 13 14 7 11 13 5 4 7 20 3 27 6 6 7 30 4 6 3 28 15 13 12 13 29 33 0 33 33 29 29 15 22
split_gain=3371.28 1699.23 3751.44 1695.17 3105.23 1951.9 1840.8 1033.38 8274.12 2116.07 1642.94 7486.97 1788.57 1347.38 941.8 550.691 530.597 523.405 483.008 1044.36 470.974 415.071 626.418 352.36 566.741 309.032 314.412 294.92 1273.16 337.133 275.337 374.949 522.641 490.942 534.479 358.018 2380.68 366.788 325.259
threshold=-2.4608415365219112 -1.5968321561813352 -1.6769025325775144 -1.043636620044708 -1.0584476590156553 1.0098809599876406 -0.84280133247375477 1.5881919264793398 1.4663060307502749 1.6315463185310366 0.84642362594604503 0.89478415250778209 -0.086038753390312181 2.1176037788391118 1.1276233196258547 -1.589679956436157 0.90682631731033336 -0.036157628521323197 2.9755042791366582 2.2832190990448002 0.9067816734313966 0.65969780087471019 -1.0371792912483213 0.7208407223224641 -0.27825903892517084 -1.0641618371009824 1.7172574996948244 -0.95354408025741566 -0.92192900180816639 -1.0140691399574278 -0.88827767968177784 -0.047466970980167382 1.1060696840286257 -0.047468002885580056 -0.04746978543698787 -0.48707868158817286 -0.44785918295383448 1.1937422156333926 -0.23650609701871869
decision_type=2 2 2 2 2 2 2 2 2 2 2 2 2 2 2 2 2 2 2 2 2 2 2 2 2 2 2 2 2 2 2 2 2 2 2 2 2 2 2
left_child=-1 -2 -3 6 -5 7 15 8 9 10 11 13 -12 18 20 -4 17 -9 19 25 -14 22 -17 24 -24 -6 27 29 -29 -27 -30 33 -33 34 35 -32 -37 38 -38
right_child=1 2 3 4 5 -7 -8 16 -10 -11 12 -13 14 -15 -16 21 -18 -19 -20 -21 -22 -23 23 -25 -26 26 -28 28 30 -31 31 32 -34 -35 -36 36 37 -39 -40
leaf_value=0.56600222679284906 -0.35231148898601533 0.5362282692920417 -0.32680393546819686 0.6122270625262034 -0.1835133324066798 0.3941450203618696 -0.46532677438642295 -0.038900657575315155 0.92546542609731353 0.48918847409742217 -0.034220086279753092 0.96235507234931006 -0.37479638606309895 -0.36839460380948508 -0.61133519634604461 0.16313326052256993 -0.38697588138282302 -0.32847852140665057 -0.18347640048674738 0.35826719194650652 -0.05056164761384329 -0.25266468913658807 -0.041249219304594548 0.065165243339207438 -0.28202601792556903 -0.025729330191793649 -0.18577475418215214 0.38317008600993591 0.16711711077174796 -0.26750881521119957 -0.072571078669279809 -0.2160538342404873 -0.014843675523128326 0.25195552229881291 -0.19311219841680105 0.55877500146627435 0.046918276034697309 0.15885834631166962 -0.021018418371514011
leaf_weight=26 35 32 20 21 24 31 35 71 24 21 111 20 24 26 24 35 20 20 37 20 21 23 81 36 35 46 23 22 24 21 120 47 103 20 34 20 255 38 570
leaf_count=26 35 32 20 21 24 31 35 71 24 21 111 20 24 26 24 35 20 20 37 20 21 23 81 36 35 46 23 22 24 21 120 47 103 20 34 20 255 38 570
internal_value=7.74845e-10 -0.00671966 -0.0011068 -0.00920606 0.00766729 0.000756157 -0.127511 -0.00599636 0.00368236 -0.00955689 -0.0159046 0.00155432 -0.158485 -0.0116981 -0.358391 -0.0761037 -0.153793 -0.102544 -0.00518538 -0.000429243 -0.223487 -0.0522275 -0.0275748 -0.0714878 -0.113897 -0.00567718 -0.00249917 0.000694269 0.00615935 -0.101511 -0.000578451 -0.00391291 -0.0778895 0.00658519 0.00185288 0.00846186 0.0194743 0.00697599 -1.98037e-05
internal_weight=2216 2190 2155 2123 1858 1837 265 1806 1695 1671 1650 1470 180 1450 69 230 111 91 1424 1387 45 210 187 152 116 1367 1343 1320 1253 67 1231 1207 150 1057 1037 1003 883 863 825
internal_count=2216 2190 2155 2123 1858 1837 265 1806 1695 1671 1650 1470 180 1450 69 230 111 91 1424 1387 45 210 187 152 116 1367 1343 1320 1253 67 1231 1207 150 1057 1037 1003 883 863 825
is_linear=0
shrinkage=0.05


Tree=169
num_leaves=40
num_cat=0
split_feature=18 16 21 18 30 5 30 9 11 30 14 24 11 26 0 4 28 8 20 27 8 17 3 30 8 28 33 16 29 4 0 21 5 8 33 11 10 6 31
split_gain=3441.39 13792.5 2124.78 16709.7 2771.3 1408.94 7262.1 4737.84 12900.4 2187.7 1932.77 6529.59 1260.67 1590.38 1174.79 1067.22 984.852 927.708 851.728 842.095 868.067 699.081 666.838 637.15 581.717 543.316 1703.78 3050.54 749.144 880.324 1859.82 674.225 532.13 919.318 501.48 419.292 3668.89 589.318 1450.39
threshold=-1.642467141151428 -1.5978951454162595 -1.056096017360687 -1.0568026304244993 -1.1101645231246946 -0.308753952383995 0.95535138249397289 1.2217946052551272 1.6160847544670107 0.9120679795742036 0.92901721596717846 0.85250473022460949 -1.2816687226295469 -1.4173050522804258 0.34767746925354009 1.8163871169090273 1.5391963720321657 1.1794789433479311 1.3027682304382326 -0.90070486068725575 -1.1999563574790952 -1.2675908207893369 -0.40779161453247065 -0.0406404361128807 1.5056784152984621 0.4660057276487351 -0.047480288892984383 0.92965042591094982 -0.08719931915402411 0.1197384111583233 0.89286133646965038 0.032131286337971694 -0.36552448570728296 -0.32342845201492304 -0.047458374872803681 0.10718392953276636 0.092988241463899626 -0.048688882961869233 1.0000000180025095e-35
decision_type=2 2 2 2 2 2 2 2 2 2 2 2 2 2 2 2 2 2 2 2 2 2 2 2 2 2 2 2 2 2 2 2 2 2 2 2 2 2 2
left_child=-1 -2 4 -4 -3 9 7 10 -9 17 11 15 13 -6 -12 16 25 32 -10 22 -21 -22 -14 -19 -25 28 27 -27 29 31 -31 -7 35 -34 -30 36 37 38 -5
right_child=1 2 3 5 12 6 -8 8 18 -11 14 -13 19 -15 -16 -17 -18 23 -20 20 21 -23 -24 24 -26 26 -28 -29 34 30 -32 -33 33 -35 -36 -37 -38 -39 -40
leaf_value=-0.52311507703796511 1.2826400228909085 -0.60321886113046541 1.4521436095982789 0.0059074593032142379 -0.1018774770696958 0.031651936421791711 0.96972423536436902 1.2023495648304623 0.059492134641517293 -0.54143550892670944 -0.09799968194344949 0.89627861753106119 -0.13997581592377495 0.45075219286524731 -0.57650630402824155 -0.32401981715645112 -0.3074295811928236 -0.32289361429253693 -0.39134396970272067 -0.27729962657394935 0.2864876909554005 -0.046683127120942684 -0.42338266628129145 -0.27776298026243845 -0.0040123523793358738 0.74679929319283245 -0.051001047290546803 -0.067548131521629251 -0.12348444183220769 0.478845969863957 -0.017994616956760488 -0.23872088511143963 -0.43069656416773799 0.0069385332365830736 0.11691638669371605 -0.04313230696762127 0.69126209527254101 -0.071688411915981839 0.34451309415910925
leaf_weight=31 21 28 20 328 30 90 21 30 22 21 29 20 51 23 23 28 26 38 20 32 20 74 35 27 69 23 71 23 164 31 48 31 20 30 25 356 20 182 35
leaf_count=31 21 28 20 328 30 90 21 30 22 21 29 20 51 23 23 28 26 38 20 32 20 74 35 27 69 23 71 23 164 31 48 31 20 30 25 356 20 182 35
internal_value=5.12889e-10 0.00742177 -0.00495327 0.014653 -0.130153 -0.00087901 0.0534853 0.0261543 0.41045 -0.0358827 -0.0176263 0.00855487 -0.0801682 0.137943 -0.309647 -0.0231496 -0.00731428 -0.0262749 -0.155192 -0.134696 -0.0523681 0.0242043 -0.255316 -0.1496 -0.0810047 0.00810667 0.102579 0.339626 -0.0203078 0.0471441 0.176968 -0.0376171 -0.00925574 -0.168116 -0.0916854 -0.000631428 0.0261479 0.00174003 0.0385554
internal_weight=2216 2185 2164 1871 293 1851 725 704 72 1126 632 580 265 53 52 560 532 1105 42 212 126 94 86 134 96 506 117 46 389 200 79 121 971 50 189 921 565 545 363
internal_count=2216 2185 2164 1871 293 1851 725 704 72 1126 632 580 265 53 52 560 532 1105 42 212 126 94 86 134 96 506 117 46 389 200 79 121 971 50 189 921 565 545 363
is_linear=0
shrinkage=0.05


Tree=170
num_leaves=40
num_cat=0
split_feature=28 4 7 30 30 11 7 27 31 30 30 20 30 3 8 3 33 4 30 27 29 29 6 6 13 3 27 29 29 29 15 27 29 14 8 27 27 29 12
split_gain=3481.03 9444.14 4056.47 2982.94 1479.06 1158.36 7359.56 2580.92 13482.3 10035.7 3009.04 2672.95 1723.64 4849.12 1339.71 1368.33 1311.67 965.334 1611.34 773.99 743.445 646.126 550.468 587.01 529.506 439.318 410.5 355.008 466.59 344.246 357.834 325.419 345.958 321.615 537.42 296.042 440.406 351.877 1179.07
threshold=-1.5452485680580137 0.2291599586606026 -1.3164669871330259 -2.4608415365219112 -1.3757219314575193 1.6160847544670107 1.6315463185310366 -0.58386245369911183 1.4257276058197024 0.65969780087471019 1.0098809599876406 0.41756792366504675 0.25510999560356146 -0.042619958519935601 1.2154778838157656 2.6286451816558842 -0.047483431175351136 0.67729654908180248 -0.043311089277267449 -0.036157628521323197 -0.08719931915402411 -0.48264776170253748 2.872025847434998 2.3298573493957524 -1.2151780724525449 -0.55937233567237843 -1.0741553902626035 1.3590816259384157 1.0929369330406191 0.70453321933746349 1.7172574996948244 0.050183769315481193 0.81186863780021679 1.8757705092430117 2.1217476129531865 1.0399777889251711 1.1864601373672488 0.38735149800777441 -0.28987129032611841
decision_type=2 2 2 2 2 2 2 2 2 2 2 2 2 2 2 2 2 2 2 2 2 2 2 2 2 2 2 2 2 2 2 2 2 2 2 2 2 2 2
left_child=1 -1 3 -2 -4 6 7 8 9 11 14 12 17 -14 15 22 21 20 -19 -16 24 -7 23 27 -6 -22 -5 28 29 30 35 -31 -33 -23 -35 37 -37 -9 -39
right_child=2 -3 4 26 5 16 -8 10 -10 -11 -12 -13 13 -15 19 -17 -18 18 -20 -21 25 33 -24 -25 -26 -27 -28 -29 -30 31 -32 32 -34 34 -36 36 -38 38 -40
leaf_value=-0.21259951826930049 -0.86557584851980218 1.2451152129471303 0.39372017011046412 -0.30870801489800215 -0.26567551568150521 -0.32628971032798293 0.8602623471021652 0.00287430192053393 1.3780838586390018 1.1034540560983477 -0.48962005227804184 -0.54367364645004279 -0.029990818604826931 0.89120150431059297 -0.086373581439256664 -0.4138552645842235 -0.5136518931105023 0.49288159650517632 -0.1342095239886216 -0.52625705659389499 -0.10249130836417597 0.16538377635180951 0.19452600775455886 -0.28100473292171957 0.013251367838759171 -0.36659466563723986 -0.016268615009418379 -0.21227432446820393 0.23461270034313203 -0.2688602744885113 -0.14612590612045356 -0.1756119106609661 0.077675251829038783 -0.2651863240060352 0.064606826603412632 -0.22487279360648246 -0.020905004047295631 0.32637970270337285 -0.024354687190669425
leaf_weight=25 22 20 24 24 20 20 25 969 20 21 35 23 50 20 20 21 21 20 21 20 31 20 33 20 114 32 24 21 20 23 42 26 28 21 30 32 153 37 68
leaf_count=25 22 20 24 24 20 20 25 969 20 21 35 23 50 20 20 21 21 20 21 20 31 20 33 20 114 32 24 21 20 23 42 26 28 21 30 32 153 37 68
internal_value=-6.19843e-10 0.435274 -0.00902226 -0.383459 0.00345302 -0.00105657 0.00785803 -0.00312657 0.115275 0.0435246 -0.0312167 -0.0237217 0.0151059 0.233207 -0.0207509 -0.0131002 -0.15746 -0.0490415 0.171689 -0.306315 -0.0949803 -0.0752618 -0.00738287 -0.0120132 -0.0283795 -0.236639 -0.162488 -0.00822188 -0.00515672 -0.00863668 -0.00255692 -0.111361 -0.0442778 -0.00454975 -0.0711904 0.00223251 -0.0561859 0.0122953 0.0992374
internal_weight=2216 45 2171 70 2101 2077 1965 1940 372 352 1568 331 308 70 1533 1493 112 238 41 40 197 91 1472 1439 134 63 48 1419 1398 1378 1301 77 54 71 51 1259 185 1074 105
internal_count=2216 45 2171 70 2101 2077 1965 1940 372 352 1568 331 308 70 1533 1493 112 238 41 40 197 91 1472 1439 134 63 48 1419 1398 1378 1301 77 54 71 51 1259 185 1074 105
is_linear=0
shrinkage=0.05


Tree=171
num_leaves=40
num_cat=0
split_feature=30 30 30 25 29 29 30 30 27 30 7 31 22 18 16 0 33 8 11 3 14 27 10 22 13 27 6 8 9 29 8 4 0 29 29 27 18 15 29
split_gain=3611.73 1685.02 3155.64 2278.98 1143.13 3098.26 4949.53 2022.84 1342.15 1609.94 1185.46 967.298 972.9 1631 3047.95 915.375 829.107 629.839 2716.37 1344.5 776.969 947 678.677 5215.46 2367.8 1006.03 573.035 525.181 482.766 479.752 429.622 429.21 457.836 390.968 833.79 399.01 459.803 425.086 383.29
threshold=-2.4608415365219112 -1.0270565152168272 -0.84001702070236195 -1.6367047429084776 0.7793947458267213 0.72183758020401012 1.0567454695701601 0.86204820871353161 0.54337596893310558 0.95535138249397289 -1.2210434079170225 2.9253710508346562 2.3331806659698491 1.8767962455749514 1.7777344584465029 0.28274907171726232 -0.047471363097429269 1.1994026899337771 1.1975004673004153 0.92474040389060985 0.92901721596717846 -0.58386245369911183 -0.57133969664573658 -0.96981996297836293 -0.60128822922706593 -1.1324552893638609 2.7452282905578618 1.2154778838157656 -0.61575543880462635 -0.52772429585456837 -0.63483852148056019 0.053962534293532378 -1.1594483256340025 -0.46601891517639155 -0.4286902099847793 -0.30422385036945337 0.31813330948352819 0.59002515673637401 -0.1960262060165405
decision_type=2 2 2 2 2 2 2 2 2 2 2 2 2 2 2 2 2 2 2 2 2 2 2 2 2 2 2 2 2 2 2 2 2 2 2 2 2 2 2
left_child=-1 15 -3 -4 5 6 7 10 9 -6 -5 12 13 14 17 -2 -10 18 20 29 22 -22 28 -24 -25 -26 33 -15 30 -19 31 32 -12 35 -35 -27 -37 -38 -31
right_child=1 2 3 4 8 -7 -8 -9 16 -11 11 -13 -14 27 -16 -17 -18 19 -20 -21 21 -23 23 24 25 26 -28 -29 -30 38 -32 -33 -34 34 -36 36 37 -39 -40
leaf_value=0.58583891623868389 -0.1080552296638489 0.53652942017824568 -0.44764737151402595 0.31086331927968613 -0.1377733992704426 0.58574246343063274 -0.7805011995136738 0.45698974913358692 -0.099447647273540496 -0.63750855028629305 -0.23282285219227727 0.34490937683731321 0.24232512612421162 -0.10655929297208787 0.56950688935492344 -0.56188281320966782 0.3324655795097351 -0.24196607302874329 0.56377052551224116 -0.47135585797103974 -0.44444019956175573 -0.042668596485799015 0.81858487783465539 0.48478799651563165 -0.35876017175614838 0.015925879957420487 0.26429660685360429 -0.44460577677797392 -0.2331053405896657 0.10120155468583109 0.16336663191517195 -0.14066416268309981 0.0076703092234615749 0.31160671087828551 -0.00023499457748372578 -0.26301307046222827 0.13920051469467581 -0.14829830899317231 -0.10946637901820636
leaf_weight=26 25 27 29 31 83 23 20 25 25 20 22 20 39 20 23 20 20 24 21 22 22 44 20 25 20 70 20 27 36 50 24 102 197 22 835 43 20 36 38
leaf_count=26 25 27 29 31 83 23 20 25 25 20 22 20 39 20 23 20 20 24 21 22 22 44 20 25 20 70 20 27 36 50 24 102 197 22 835 43 20 36 38
internal_value=-1.43134e-10 -0.00695517 -0.000602692 -0.00744999 -0.00133906 0.00887426 0.00195666 0.0102017 -0.135285 -0.234809 0.0042382 -0.000922156 -0.00471833 -0.010122 -0.00225342 -0.309756 0.0925138 -0.0099303 -0.00109812 -0.114005 -0.00871189 -0.176592 -0.00128553 0.0184624 0.00379475 -0.00748558 -0.000769044 -0.300756 -0.0588708 -0.043811 -0.0406898 -0.0559464 -0.0164888 -0.00593602 0.00777028 -0.0754407 -0.140043 -0.0456202 0.0102313
internal_weight=2216 2190 2145 2118 2089 1941 1918 1898 148 103 1873 1842 1822 1783 1736 45 45 1713 1579 134 1558 66 1492 1111 1091 1066 1046 47 381 112 345 321 219 1026 857 169 99 56 88
internal_count=2216 2190 2145 2118 2089 1941 1918 1898 148 103 1873 1842 1822 1783 1736 45 45 1713 1579 134 1558 66 1492 1111 1091 1066 1046 47 381 112 345 321 219 1026 857 169 99 56 88
is_linear=0
shrinkage=0.05


Tree=172
num_leaves=40
num_cat=0
split_feature=15 20 5 23 23 3 31 27 9 5 5 29 8 5 30 28 30 33 29 28 27 18 14 31 12 5 6 3 3 27 30 0 6 4 30 29 33 14 26
split_gain=3261.55 3725.97 1330.61 3391.25 7368.43 3137.22 17612 27745.8 10946.2 25439 6218.79 2455.41 1961.36 1320.79 1243.5 1431.12 1180.6 1002.82 864.804 825.492 806.857 810.568 663.81 634.697 629.925 612.721 569.454 550.112 873.301 683.934 565.361 549.395 539.548 478.046 1094.28 443.751 412.775 409.181 662.263
threshold=-1.584319472312927 -1.6251678466796873 0.73058363795280468 0.95278280973434459 0.80070456862449657 -0.32855626940727228 -0.57379686832427967 -0.4262572824954986 1.2217946052551272 0.068988487124443068 -0.4048271626234054 0.33711639046669012 1.3476914763450625 0.93583095073699962 1.0567454695701601 -1.4231314063072202 0.80684712529182445 -0.047453153878450387 1.29120808839798 -1.1200296878814695 -1.1976896524429319 1.757795035839081 0.72902238368988048 -0.85590088367462147 0.67860659956932079 0.082089379429817214 2.7452282905578618 2.2689856290817265 0.86135217547416698 -0.15071246773004529 -0.073169756680726991 0.13285927474498752 1.739593029022217 -0.39355930685997004 -0.30713127553462977 0.90327534079551708 -0.047477118670940392 0.04401648789644242 0.33132968842983251
decision_type=2 2 2 2 2 2 2 2 2 2 2 2 2 2 2 2 2 2 2 2 2 2 2 2 2 2 2 2 2 2 2 2 2 2 2 2 2 2 2
left_child=-1 -2 5 4 11 14 7 -7 16 -10 -9 13 -5 -4 15 -3 19 -13 20 31 -17 25 24 -23 33 26 32 28 30 -30 -15 -8 35 34 -21 -22 -35 -38 -39
right_child=1 2 3 12 -6 6 8 10 9 -11 -12 17 -14 27 -16 18 -18 -19 -20 22 21 23 -24 -25 -26 -27 -28 -29 29 -31 -32 -33 -34 36 -36 -37 37 38 -40
leaf_value=0.45320448044400952 -0.62767002756396939 0.35915540633318216 0.32817257237434388 -0.80493065752089032 0.89566748894751069 2.4278565539419654 -0.43331819029524921 0.87258423812687402 -0.15715726281915393 2.0126055893234231 -0.29067073199484084 -0.21605254698817325 -0.15133263401009822 -0.32553831109633813 -0.42891470849514007 -0.26470444372130769 -0.4220491776615381 -0.6230019624034564 -0.31885755934097149 0.36363411724567413 -0.010960707588394557 0.022901458144187928 -0.16332461421631955 -0.32508337748678112 0.28049508064985273 -0.24715480144929003 0.25839445754885676 -0.28302150772263607 0.33980611115694048 -0.0057702420688256987 -0.041750061981104036 -0.078490141158302634 -0.24037975941598419 -0.16775290630757811 0.0079290176788344973 0.20282349395751953 -0.06030306295041115 0.24053438143695105 -0.084715357281524573
leaf_weight=39 24 23 25 24 20 20 20 20 35 22 27 41 22 26 20 36 20 24 27 25 835 20 66 38 20 27 20 24 22 41 54 24 25 57 160 25 155 34 29
leaf_count=39 24 23 25 24 20 20 20 20 35 22 27 41 22 26 20 36 20 24 27 25 835 20 66 38 20 27 20 24 22 41 54 24 25 57 160 25 155 34 29
internal_value=4.0179e-10 -0.00811896 -0.00121268 -0.0947742 -0.0287523 0.0153012 0.0952983 0.86807 0.0176735 0.680295 0.204331 -0.100692 -0.49234 -0.0107685 -0.0382735 -0.0310125 -0.0442436 -0.366311 -0.0395347 -0.0314366 -0.0321841 -0.0237288 -0.0146474 -0.205089 0.00579569 -0.0124425 -0.00544001 -0.0615082 -0.0243311 0.114907 -0.133981 -0.239776 -0.0114024 -0.00614776 0.0559973 -0.00474605 -0.0479544 -0.016631 0.0908162
internal_weight=2216 2177 2153 323 277 1830 734 67 667 57 47 257 46 192 1096 1076 610 65 1053 590 1026 990 546 58 480 932 905 167 143 63 80 44 885 460 185 860 275 218 63
internal_count=2216 2177 2153 323 277 1830 734 67 667 57 47 257 46 192 1096 1076 610 65 1053 590 1026 990 546 58 480 932 905 167 143 63 80 44 885 460 185 860 275 218 63
is_linear=0
shrinkage=0.05


Tree=173
num_leaves=40
num_cat=0
split_feature=29 21 19 5 33 30 31 11 24 30 13 7 3 11 10 7 11 5 27 3 22 20 26 30 15 30 7 10 14 33 28 28 18 29 9 15 28 3 22
split_gain=3277.92 2110.59 3599.85 1077.38 1140.7 8047.43 6013.52 2982.96 3945.34 2223.26 1930.01 4771.17 2905.74 5668.51 1283 1353.11 1009.51 728.688 839.938 697.136 579.451 1085.72 1659.17 824.876 1176.15 1873.88 960.232 1673.52 639.961 552.608 496.605 446.722 650.977 422.765 511.968 419.694 402.683 392.395 372.453
threshold=3.2934920787811284 -1.6710991859436033 -1.5992504954338072 3.5429087877273564 -0.04748056270182132 1.0098809599876406 0.54671311378479015 1.4057140946388247 1.0651214122772219 1.0567454695701601 0.90714541077613842 1.0559886097908022 0.023524343967437748 0.092834148555994048 0.44268596172332769 0.40063431859016424 0.47236324846744543 -0.086038753390312181 -0.036157628521323197 -0.16595152020454404 -0.79357695579528797 -0.70294493436813343 -0.71250838041305531 0.098575331270694747 -0.23811689764261243 0.22692493349313739 -0.56898739933967579 -0.28055298328399653 0.15047965198755267 -0.047335436567664139 -0.96137806773185719 0.051101092249155051 1.0105893611907961 0.73190146684646618 -0.71817675232887257 0.81930962204933178 -0.86492326855659474 0.042127428576350219 -0.59783563017845143
decision_type=2 2 2 2 2 2 2 2 2 2 2 2 2 2 2 2 2 2 2 2 2 2 2 2 2 2 2 2 2 2 2 2 2 2 2 2 2 2 2
left_child=1 29 -3 4 5 6 10 8 9 14 11 12 19 -14 15 20 -15 -12 -19 30 33 22 -22 28 25 -25 -27 -28 38 -1 -4 -16 -33 34 -6 -26 -32 -35 -23
right_child=-2 2 3 -5 7 -7 -8 -9 -10 -11 17 -13 13 16 31 -17 -18 18 -20 -21 21 23 -24 24 35 26 27 -29 -30 -31 36 32 -34 37 -36 -37 -38 -39 -40
leaf_value=-0.52833132838661023 0.5811639289061229 0.6368833598088135 -0.14845718814060091 0.35924424637109043 -0.019887139242408532 1.0206989660859109 0.86666049584746363 -0.63622093739963725 0.66114710658788689 -0.52351448945701129 -0.085663284315053601 0.79141978649422529 1.0261538796126843 -0.19268508888781072 -0.33096984707823907 0.28066462910658607 0.24444926083087923 -0.14577364683151248 -0.55196051299571991 -0.24364325246390175 0.52147440944487855 -0.32054745427199771 -0.079667677662589337 0.59787409816469461 -0.064558670413385658 -0.1494051052678016 0.55015314720571051 -0.075221660376890848 0.12997345040584435 -0.16974645784634743 0.22304156770929695 -0.015862609216800102 -0.30533644025844914 -0.096514201452655185 -0.20994394597682087 0.17335794028781712 -0.0052092852773497145 -0.36908784845600962 -0.098033219485854112
leaf_weight=22 24 22 60 20 182 20 20 21 20 24 181 20 20 25 38 37 28 35 20 34 24 21 22 21 158 31 20 23 29 21 20 52 31 31 44 21 571 23 180
leaf_count=22 24 22 60 20 182 20 20 21 20 24 181 20 20 25 38 37 28 35 20 34 24 21 22 21 158 31 20 23 29 21 20 52 31 31 44 21 571 23 180
internal_value=5.46311e-10 -0.00636311 0.000577027 -0.00600442 -0.00947142 0.0273006 0.0080859 -0.0462783 -0.0342737 -0.0480172 -0.00884851 0.0291439 0.00903108 0.308911 -0.0364666 -0.015181 0.0382538 -0.134095 -0.293478 -0.022927 -0.0283693 0.00143902 0.233972 -0.0197842 0.0388212 0.181019 0.0627217 0.21565 -0.0896011 -0.353208 -0.0113995 -0.188985 -0.123979 -0.0869213 -0.0568893 -0.0366467 0.00251494 -0.21261 -0.121281
internal_weight=2216 2192 2149 2127 2107 1054 1034 1053 1032 1012 1014 778 758 73 988 867 53 236 55 685 830 550 46 504 274 95 74 43 230 43 651 121 83 280 226 179 591 54 201
internal_count=2216 2192 2149 2127 2107 1054 1034 1053 1032 1012 1014 778 758 73 988 867 53 236 55 685 830 550 46 504 274 95 74 43 230 43 651 121 83 280 226 179 591 54 201
is_linear=0
shrinkage=0.05


Tree=174
num_leaves=40
num_cat=0
split_feature=28 20 7 30 30 30 11 7 12 11 30 11 13 5 31 33 27 29 29 19 21 27 8 13 24 8 7 5 7 4 18 6 29 9 12 6 33 29 5
split_gain=3231.78 8996.92 3730.7 3087.68 1432.47 1337.85 993.971 6754.4 2193.87 11241.5 2294.22 1417.57 6692.53 1282.77 1275.87 1141.15 972.865 5087.63 537.621 468.942 1236 438.374 783.701 399.86 364.317 357.494 3105.7 572.868 2262.81 3798.73 516.514 451.269 449.921 570.011 447.017 400.227 396.33 371.391 352.664
threshold=-1.5452485680580137 -1.5288347005844114 -1.3164669871330259 -2.4608415365219112 -1.3757219314575193 1.2409112453460696 1.6160847544670107 1.6315463185310366 1.2761033177375796 1.3154855370521548 1.0098809599876406 0.84642362594604503 0.89478415250778209 3.0898362398147587 1.2981519699096682 -0.047483431175351136 -1.1976896524429319 -0.15099124610424039 -0.45463125407695765 -1.0293264985084531 -1.056096017360687 -0.79134586453437794 1.1794789433479311 -1.2151780724525449 -1.4537886977195738 0.15395923703908923 0.26829294860363012 0.82119813561439525 -0.34461495280265803 0.48734563589096075 -0.45720666646957392 1.3081901073455813 -0.42408676445484156 -0.51203489303588856 0.083669725805521025 1.7964332699775698 -0.047465024515986436 -0.55690127611160267 -0.070754379034042345
decision_type=2 2 2 2 2 2 2 2 2 2 2 2 2 2 2 2 2 2 2 2 2 2 2 2 2 2 2 2 2 2 2 2 2 2 2 2 2 2 2
left_child=1 -1 3 -2 -4 6 7 8 10 -10 11 12 13 16 21 18 17 23 -8 20 -18 -13 -23 -6 -5 26 27 31 30 -30 -29 32 33 -21 -27 -36 -33 -35 -34
right_child=2 -3 4 24 5 -7 15 -9 9 -11 -12 14 -14 -15 -16 -17 19 -19 -20 25 -22 22 -24 -25 -26 34 -28 28 29 -31 -32 36 38 37 35 -37 -38 -39 -40
leaf_value=1.2098352858424188 -0.85828831636092895 -0.21294613075256349 0.38734206942220534 -0.021480010118749407 -0.27579462591558696 0.405798628628254 -0.27076035925745962 0.81976906454563148 1.1518725003885186 -0.27938199043273926 -0.5493983697891236 0.093394564813934267 0.91106692656874666 -0.37984521397106025 -0.51174060851335523 -0.48219856548876994 -0.041085965963260779 0.84927917540073394 0.0015016207697265077 0.12429638694633137 -0.45874034166336064 -0.063026753380089201 -0.3868267800807953 0.024152900218963626 -0.29915615490504671 -0.20098096179322172 0.63151341527700433 -0.34052363179624079 0.85759759140866143 0.011412028057707682 0.00038047593832015993 -0.29544670289754865 0.030552117913298094 -0.082230974361300474 -0.012018721628963402 -0.2362180656797829 -0.036302210204303263 -0.30967215209134991 -0.059809789671662519
leaf_weight=20 22 25 24 27 20 20 25 25 23 34 20 24 20 23 22 21 155 20 66 22 20 74 25 25 21 39 20 20 21 36 25 25 556 50 382 21 36 28 134
leaf_count=20 22 25 24 27 20 20 25 25 23 34 20 24 20 23 22 21 155 20 66 22 20 74 25 25 21 39 20 20 21 36 25 25 556 50 382 21 36 28 134
internal_value=-7.14372e-10 0.419401 -0.00869325 -0.36778 0.0032706 -0.0011674 -0.00512428 0.00321615 -0.00741605 0.298142 -0.0167648 -0.0109848 0.00182954 -0.00900762 -0.161045 -0.149965 -0.00385399 0.185746 -0.0732956 -0.0116049 -0.0888179 -0.0983185 -0.144794 -0.109157 -0.142963 -0.00205564 0.0148831 0.00194228 0.113916 0.323165 -0.151132 -0.0114788 -0.00136124 -0.100478 -0.0393439 -0.0237016 -0.142509 -0.163877 0.0130036
internal_weight=2216 45 2171 70 2101 2077 2057 1945 1920 57 1863 1843 1698 1678 145 112 1655 65 91 1590 175 123 99 45 48 1415 973 953 102 57 45 851 790 100 442 403 61 78 690
internal_count=2216 45 2171 70 2101 2077 2057 1945 1920 57 1863 1843 1698 1678 145 112 1655 65 91 1590 175 123 99 45 48 1415 973 953 102 57 45 851 790 100 442 403 61 78 690
is_linear=0
shrinkage=0.05


Tree=175
num_leaves=40
num_cat=0
split_feature=30 28 22 16 28 30 14 19 31 27 8 27 10 13 9 20 24 29 5 14 3 0 6 15 14 5 30 4 27 22 27 20 6 33 31 33 0 28 8
split_gain=3538.05 1746.66 3582.74 1427 2748.29 1984.19 1723.21 940.328 903.596 916.8 11228.2 2149.21 2850.05 1317.4 2275.13 874.501 2115.15 831.324 900.401 807.428 1230.89 628.485 599.327 534.442 522.551 583.499 462.017 448.931 392.517 818.645 419.084 1317.22 375.459 449.753 1026.64 651.505 641.444 560.191 918.206
threshold=-2.4608415365219112 -1.5968321561813352 -1.6769025325775144 -1.043636620044708 -1.2250468134880064 1.0098809599876406 -0.84280133247375477 -1.0293264985084531 2.9253710508346562 0.16876037418842318 1.3476914763450625 0.20596565306186679 1.0000000180025095e-35 -0.58716601133346547 -0.61022239923477162 1.2315383553504946 1.5304850935935976 -0.42408676445484156 -0.25853385031223292 0.92901721596717846 0.70701545476913463 -0.086251690983772264 1.5763595104217532 -1.5233836174011228 2.3620543479919438 -0.5096343159675597 0.65969780087471019 -1.0371792912483213 0.0077290176413953313 0.77010071277618419 -0.099173549562692628 -0.099116485565900789 2.5266120433807377 -0.047481402754783623 -0.87925982475280751 -0.047479696571826928 -0.98219195008277882 0.26274403929710394 -0.21199841052293775
decision_type=2 2 2 2 2 2 2 2 2 2 2 2 2 2 2 2 2 2 2 2 2 2 2 2 2 2 2 2 2 2 2 2 2 2 2 2 2 2 2
left_child=-1 -2 -3 6 -5 7 23 -6 9 13 11 12 -11 14 21 16 19 18 -13 22 -21 -9 28 -4 25 -17 27 -25 30 -30 -15 -32 33 34 36 -35 -19 -37 -39
right_child=1 2 3 4 5 -7 -8 8 -10 10 -12 17 -14 15 -16 24 -18 32 -20 20 -22 -23 -24 26 -26 -27 -28 -29 29 -31 31 -33 -34 35 -36 37 -38 38 -40
leaf_value=0.57983269232970025 -0.35726607378040043 0.52392115830443797 -0.27263147293456963 0.53795814338761072 -0.27185143042694437 0.39604104814990876 -0.44450080256376956 -0.13134283082825798 0.32355638898554306 -0.05167752575306666 1.2039215197414161 -0.018317234561759599 0.78231753051280983 -0.024432919375549415 0.61966079486999659 -0.12062503863603642 0.32651842187501884 -0.0014177402583035556 -0.34027501940727234 -0.081462352291668122 -0.47658950907212722 0.21465056129686891 -0.27131975866281072 0.14646311700344086 0.019820254736325957 -0.39592816294416 -0.26764803201891485 -0.052789029349782024 -0.18721182290031468 0.12406163774430752 0.43545120571340834 -0.053566606361418967 -0.1904698015889153 0.32991350175812845 -0.12968861071775992 0.11199805064229516 0.23924618073411891 -0.16869027970442133 0.078832399862654071
leaf_weight=26 35 32 28 24 33 31 35 35 21 21 20 49 20 475 20 39 38 110 39 73 27 21 26 35 22 38 20 147 86 28 21 40 24 20 141 127 37 67 85
leaf_count=26 35 32 28 24 33 31 35 35 21 21 20 49 20 475 20 39 38 110 39 73 27 21 26 35 22 38 20 147 86 28 21 40 24 20 141 127 37 67 85
internal_value=-7.51982e-10 -0.00688386 -0.0011932 -0.00910825 0.00637305 -0.00058335 -0.117653 -0.00740274 -0.00247234 -0.00638692 0.0349087 0.00331374 0.355149 -0.0381206 0.161893 -0.0547702 -0.0377047 -0.0173233 -0.161003 -0.0555403 -0.188147 -0.00159531 -0.035924 -0.0679149 -0.195087 -0.256489 -0.0395383 -0.0144713 -0.0265082 -0.110759 -0.00858923 0.114784 0.0033704 0.0112957 -0.0332984 0.0542493 0.0591575 0.0344884 -0.030273
internal_weight=2216 2190 2155 2123 1858 1834 265 1803 1770 1749 760 740 41 989 76 913 814 699 88 776 100 56 676 230 99 77 202 182 650 114 536 61 611 587 288 299 147 279 152
internal_count=2216 2190 2155 2123 1858 1834 265 1803 1770 1749 760 740 41 989 76 913 814 699 88 776 100 56 676 230 99 77 202 182 650 114 536 61 611 587 288 299 147 279 152
is_linear=0
shrinkage=0.05


Tree=176
num_leaves=40
num_cat=0
split_feature=30 30 6 15 5 27 29 28 7 7 30 16 18 31 14 30 6 30 13 3 6 8 9 27 5 0 33 0 10 33 9 3 33 11 3 30 30 30 28
split_gain=3193.09 1635.73 2544.19 2184.63 1080.04 3285.53 22154.8 26536.6 13406.9 7995.1 2395.47 1836.31 1051.33 936.374 814.641 807.932 768.442 608.056 604.55 517.261 491.664 468.199 452.361 449.672 430.468 388.008 1174.41 591.899 533.812 1208.42 979.545 524.394 739.742 2901.8 584.078 441.221 708.15 503.127 369.662
threshold=-2.4608415365219112 -0.88363802433013905 4.6428182125091562 -1.567071199417114 -0.39390975236892695 -0.58386245369911183 -0.0043747618328779927 -0.6654909849166869 1.5819175839424136 -0.50363174080848683 0.95535138249397289 1.7381920218467715 0.30296924710273748 2.6957347393035893 1.5510139465332033 0.9120679795742036 2.872025847434998 0.73168373107910167 -0.93772524595260609 -0.64549770951271046 1.5763595104217532 -1.1999563574790952 -1.0740126967430113 0.18121211230754855 1.4151052832603457 -0.7135351002216338 -0.047486646100878709 -0.64037886261939991 -0.037270799279212945 -0.04748056270182132 -0.09692582860589026 0.78211680054664623 -0.047462342306971543 -0.45074282586574549 0.5092715620994569 -0.14630585163831708 -0.011622950900346039 0.38225501775741583 -0.42508600652217859
decision_type=2 2 2 2 2 2 2 2 2 2 2 2 2 2 2 2 2 2 2 2 2 2 2 2 2 2 2 2 2 2 2 2 2 2 2 2 2 2 2
left_child=-1 18 3 -3 15 6 12 9 10 -8 11 13 24 17 -14 16 20 19 -2 -7 21 -5 -23 -22 -6 26 -21 -27 29 -29 31 34 33 -33 -31 -30 -37 -38 -34
right_child=1 2 -4 4 5 8 7 -9 -10 -11 -12 -13 14 -15 -16 -17 -18 -19 -20 25 23 22 -24 -25 -26 27 -28 28 35 30 -32 32 38 -35 -36 36 37 -39 -40
leaf_value=0.5508410485031513 -0.14017353525385262 -0.41440916289575402 0.56217523880302911 -0.19533633782871462 -0.084301707393416525 -0.17680225443819331 0.89659094945950946 2.3516527190156604 1.2660676032304765 -0.48468431636691095 -0.5726815581321717 -0.45121512460708618 -0.52256574980590653 -0.35159045450389387 -0.086242539584636693 -0.28733663712938629 0.20617747601121664 0.24825713072458042 -0.4618820931600488 -0.14121312924793789 -0.29467491773944915 0.16844287298154087 -0.022782804572564874 -0.031622409541159871 0.14047915148216167 -0.25562677507599196 0.36151370004965711 0.34851276859127245 -0.25510913196664592 -0.019733681166148251 0.34489021863788372 0.67155602470040332 -0.18972912695387315 -0.087451248659807093 -0.25202695662645919 0.18285178191238835 -0.14238948153548883 0.050919015377759939 0.062728615670368595
leaf_weight=26 40 32 20 38 89 45 22 23 20 20 21 25 23 20 20 30 35 23 23 21 33 32 922 32 28 24 26 29 26 94 20 20 29 34 38 31 103 50 29
leaf_count=26 40 32 20 38 89 45 22 23 20 20 21 25 23 20 20 30 35 23 23 21 33 32 922 32 28 24 26 29 26 94 20 20 29 34 38 31 103 50 29
internal_value=-8.54539e-10 -0.00653967 0.000897208 -0.00443054 0.00189202 0.0410329 0.208027 0.986451 -0.0105792 0.238841 -0.0466427 -0.0305629 -0.108208 -0.0146772 -0.319625 -0.0313533 -0.0243208 -0.00418146 -0.257623 -0.0135613 -0.0319532 -0.0232241 -0.0163685 -0.165172 -0.030508 -0.000763611 0.136891 -0.0130402 -0.00146551 0.0421415 0.00848703 -0.019087 0.060489 0.193663 -0.086606 -0.0623076 -0.0350639 -0.0792168 -0.0635003
internal_weight=2216 2190 2127 2107 2075 953 225 65 728 42 708 687 160 662 43 1122 1092 642 63 619 1057 992 954 65 117 574 47 527 503 293 264 244 112 54 132 210 184 153 58
internal_count=2216 2190 2127 2107 2075 953 225 65 728 42 708 687 160 662 43 1122 1092 642 63 619 1057 992 954 65 117 574 47 527 503 293 264 244 112 54 132 210 184 153 58
is_linear=0
shrinkage=0.05


Tree=177
num_leaves=40
num_cat=0
split_feature=28 30 7 30 30 30 11 7 12 9 30 11 13 5 5 33 27 5 11 28 17 30 30 18 19 3 17 16 6 27 17 29 21 30 29 29 29 15 19
split_gain=3127.6 8672.96 3663.16 3305.75 1340.16 1261.57 1146.86 5924.41 1901.75 10657.9 2036.96 1245.54 5958 1194.4 1154.67 1147.72 831.356 5128.06 657.694 595.96 473.986 415.69 448.556 474.373 1518.28 498.815 447.928 940.324 441.999 388.415 385.51 376.806 571.941 535.579 527.762 504.032 487.704 375.055 339.49
threshold=-1.5452485680580137 -0.18787831068038938 -1.3164669871330259 -2.4608415365219112 -1.3757219314575193 1.2409112453460696 1.6160847544670107 1.6315463185310366 1.2761033177375796 1.2392280697822573 1.0098809599876406 0.84642362594604503 0.89478415250778209 -0.086038753390312181 3.0898362398147587 -0.047483431175351136 -1.1976896524429319 -0.32185484468936915 0.99067720770835888 1.6180556416511538 0.8607185184955598 -0.65878006815910328 -0.55049610137939442 -0.59442287683486927 -0.56351080536842335 1.6654188036918642 -0.68918251991271962 -0.7069265842437743 2.872025847434998 -1.0741553902626035 -0.96022716164588917 -0.46601891517639155 -0.55546247959136952 0.0032033097231760625 -0.52772429585456837 -0.42408676445484156 -0.58457487821578968 1.5760163068771365 0.18809021264314654
decision_type=2 2 2 2 2 2 2 2 2 2 2 2 2 2 2 2 2 2 2 2 2 2 2 2 2 2 2 2 2 2 2 2 2 2 2 2 2 2 2
left_child=1 -1 3 -2 -4 6 7 8 10 -10 11 12 14 -13 16 19 17 -6 -15 20 -8 30 -23 25 -25 26 27 -24 31 -5 -18 33 -33 36 -35 -34 -26 -22 -37
right_child=2 -3 4 29 5 -7 15 -9 9 -11 -12 13 -14 18 -16 -17 21 -19 -20 -21 37 22 23 24 28 -27 -28 -29 -30 -31 -32 32 35 34 -36 38 -38 -39 -40
leaf_value=1.1886587463133036 -0.87190758904272858 -0.20827207207679749 0.3747941618164381 -0.27398568981637561 0.66767137595291803 0.39420327425003054 -0.19999033889987253 0.76886600708961494 1.1099330590147038 -0.28367434910991612 -0.51641821980476388 -0.039203669104192942 0.86081462070345882 -0.16788794808089735 -0.35913626616415772 -0.49360245005005887 -0.28444196742314559 -0.2257431943797403 -0.51711912963252804 -0.30353701438592828 0.23795909015905289 0.19003876699455854 -0.042549651960185106 0.43962014317512516 -0.08352670731395484 -0.26804485298120062 -0.17679171072892275 0.29684872444380417 0.19986111578290111 0.010478197845319908 -0.019296926012712309 0.25883084671063855 0.23188394385835398 -0.089796399474143987 -0.38848829264087337 -0.036729502289294169 0.17421078229772635 -0.048667492657899859 0.025319343025590309
leaf_weight=20 22 25 24 24 29 20 22 25 23 34 20 91 20 28 23 21 26 36 26 23 21 29 282 20 50 26 52 22 27 24 29 22 23 50 21 434 29 25 448
leaf_count=20 22 25 24 24 29 20 22 25 23 34 20 91 20 28 23 21 26 36 26 23 21 29 282 20 50 26 52 22 27 24 29 22 23 50 21 434 29 25 448
internal_value=-1.299e-09 0.412586 -0.00855199 -0.364374 0.00330308 -0.000989547 -0.00483197 0.00412698 -0.00583056 0.278658 -0.0145347 -0.00908835 0.00292324 -0.149748 -0.00730193 -0.160414 -0.00241239 0.172857 -0.336036 -0.083524 -0.00910785 -0.00957749 -0.00473818 -0.00848887 0.00787049 -0.0566248 -0.041184 -0.0179879 4.89351e-05 -0.131754 -0.144638 -0.00496028 0.00693643 -0.078482 -0.178142 0.00081303 0.0110858 0.0821838 -0.00521263
internal_weight=2216 45 2171 70 2101 2077 2057 1945 1920 57 1863 1843 1698 145 1678 112 1655 65 54 91 68 1590 1535 1506 1124 382 356 304 1104 48 55 1077 927 150 71 905 79 46 882
internal_count=2216 45 2171 70 2101 2077 2057 1945 1920 57 1863 1843 1698 145 1678 112 1655 65 54 91 68 1590 1535 1506 1124 382 356 304 1104 48 55 1077 927 150 71 905 79 46 882
is_linear=0
shrinkage=0.05


Tree=178
num_leaves=40
num_cat=0
split_feature=15 20 21 20 30 30 33 15 22 18 17 31 27 29 7 12 11 24 27 20 21 15 10 15 6 6 17 18 9 27 27 15 16 18 25 25 14 31 33
split_gain=3252.1 3503.8 1199.02 15505 3094.57 1475.14 1283 954.504 4264.44 1420.27 4054.02 1141 894.15 849.667 725.561 2007.25 1475.39 1200.9 848.422 665.096 524.296 464.85 768.167 430.516 387.045 950.728 385.658 498.948 314.088 303.563 449.007 295.676 417.133 1246.36 694.148 960.637 465.421 452.762 2402.55
threshold=-1.584319472312927 -1.6251678466796873 -1.056096017360687 -1.0417166352272031 -1.3757219314575193 1.0098809599876406 -0.047405436635017388 2.7634010314941411 2.3331806659698491 1.8405267000198366 1.7536767125129702 2.9253710508346562 -0.90070486068725575 -0.077669773250818239 1.6315463185310366 1.4253037571907046 1.6160847544670107 1.1547682881355288 -1.1536921858787534 1.0602843761444094 1.9493653774261477 -1.4089726209640501 -1.2211973071098325 -1.2591415047645567 2.9755042791366582 2.2832190990448002 -0.99682492017745961 -0.93287667632102955 1.1875331997871401 1.61289519071579 1.3749015927314761 -0.832698494195938 -0.63082122802734364 -0.65026244521141041 -0.56966906785964955 -0.53781428933143605 -0.62279123067855824 0.52946344017982494 -0.047474885359406464
decision_type=2 2 2 2 2 2 2 2 2 2 2 2 2 2 2 2 2 2 2 2 2 2 2 2 2 2 2 2 2 2 2 2 2 2 2 2 2 2 2
left_child=-1 -2 4 -4 -3 7 12 8 9 10 11 14 13 -6 15 17 -16 18 -5 -19 -11 -14 -23 -24 25 26 -20 -28 29 30 31 -29 33 -33 -34 -36 -37 38 -38
right_child=1 2 3 5 6 -7 -8 -9 -10 20 -12 -13 21 -15 16 -17 -18 19 24 -21 -22 22 23 -25 -26 -27 27 28 -30 -31 -32 32 34 -35 35 36 37 -39 -40
leaf_value=0.45254707285800039 -0.60890324575205645 -0.6814451440459206 1.3977790307998657 -0.30523066471020383 -0.1118599101772596 0.33464555293321613 0.23115859580891474 -0.32104003441830481 0.72240975872147839 -0.46874180167913437 0.70376755025237803 0.363163899499923 0.19478870271281765 -0.44725022133705877 -0.53740380614995953 0.37600421108531235 -0.02779676026227523 -0.44278597240149975 -0.20557034661372506 -0.070223764945631442 -0.14430949895670919 -0.30160871243476867 0.21611463848501444 -0.045721542085074396 -0.18338903879125915 0.33204427134423031 0.22259284906710186 -0.11336158036158002 -0.18296416175365449 -0.099964156995217004 0.18656162396073342 0.0016269847951744768 -0.19527976178425424 0.38997155593501198 0.34433244250714784 -0.19028147648681293 0.0029352849951084312 -0.052867563160359336 0.46752856697501805
leaf_weight=39 24 21 20 24 58 32 35 24 20 20 20 20 22 28 20 33 49 25 24 23 33 25 20 73 30 21 24 58 25 78 32 88 47 27 20 33 688 284 29
leaf_count=39 24 21 20 24 58 32 35 24 20 20 20 20 22 28 20 33 49 25 24 23 33 25 20 73 30 21 24 58 25 78 32 88 47 27 20 33 688 284 29
internal_value=3.17284e-10 -0.00810718 -0.00140997 0.013076 -0.097521 -0.00188564 -0.0505386 -0.00780592 -0.00361783 -0.0117984 -0.00395189 -0.0122682 -0.0941643 -0.221057 -0.0167323 -0.00994028 -0.175509 -0.0180011 -0.0102853 -0.264267 -0.266737 -0.016216 -0.0555559 0.0105873 -0.00559116 -0.00198228 -0.00679666 -0.00346758 -0.00731815 -0.00414535 0.00157736 -0.00306902 0.00219164 0.0928035 -0.00727282 0.00111079 -0.00552792 0.000562854 0.0217264
internal_weight=2216 2177 2153 1871 282 1851 261 1819 1795 1775 1722 1702 226 86 1682 1613 69 1580 1532 48 53 140 118 93 1508 1478 1457 1433 1409 1384 1306 1274 1216 115 1101 1054 1034 1001 717
internal_count=2216 2177 2153 1871 282 1851 261 1819 1795 1775 1722 1702 226 86 1682 1613 69 1580 1532 48 53 140 118 93 1508 1478 1457 1433 1409 1384 1306 1274 1216 115 1101 1054 1034 1001 717
is_linear=0
shrinkage=0.05


Tree=179
num_leaves=40
num_cat=0
split_feature=30 28 22 6 7 21 30 3 27 8 27 12 10 20 24 17 30 28 29 15 5 24 29 33 8 33 33 29 20 33 33 7 22 20 29 29 31 15 6
split_gain=3117.01 1647.97 3526.03 1348.11 1243.94 4015.23 3970.45 1517.34 1037.36 9706.29 1986.16 1286.85 1959.75 965.1 1598.13 3425.81 938.306 771.608 759.123 709.374 707.193 698.746 628.811 610.694 498.421 494.244 780.941 1022.67 1127.32 868.048 763.324 558.947 456.798 797.855 454.735 394.809 366.475 358.012 343.888
threshold=-2.4608415365219112 -1.5968321561813352 -1.6769025325775144 3.8310228586196904 -0.66309869289398182 -1.0041311383247373 1.0098809599876406 2.5976400375366215 0.16876037418842318 1.3476914763450625 0.18816866725683215 -0.53883349895477284 -0.57133969664573658 1.2315383553504946 1.5304850935935976 0.67008617520332348 1.0098809599876406 -1.197591185569763 1.6874600648880007 1.7172574996948244 -0.4048271626234054 1.297549366950989 1.1304740905761721 -0.047483080998063081 2.1217476129531865 -0.047471197322010987 -0.047481402754783623 0.03774936497211457 0.41756792366504675 -0.047485353425145142 -0.047486646100878709 -0.42979031801223749 -0.083406765013933168 0.48825961351394659 0.91963148117065441 -0.1202118545770645 -0.90836864709854115 0.34701991081237799 1.232403099536896
decision_type=2 2 2 2 2 2 2 2 2 2 2 2 2 2 2 2 2 2 2 2 2 2 2 2 2 2 2 2 2 2 2 2 2 2 2 2 2 2 2
left_child=-1 -2 -3 4 16 -6 7 8 11 10 -10 12 -7 14 17 -16 18 -13 22 25 -21 38 34 24 -15 26 29 32 -29 30 36 -27 -28 -34 -4 -31 -12 -33 -19
right_child=1 2 3 -5 5 6 -8 -9 9 -11 19 13 -14 23 15 -17 -18 21 -20 20 -22 -23 -24 -25 -26 31 27 28 -30 35 -32 37 33 -35 -36 -37 -38 -39 -40
leaf_value=0.54423915518877608 -0.34680107644626074 0.52000834227073944 -0.042973988264464684 -0.33609497595217919 0.70475531099807653 -0.10550858315080405 0.66081822592279194 0.37770261191404786 0.47170737345110292 1.1280561751127243 0.046230591591639621 -0.35073530901046029 0.52055059665441517 -0.22441396807941297 -0.17457678975029425 0.7182453235700017 -0.36438174253472916 -0.027341101041373203 -0.30411604072513254 -0.018740271096644195 -0.42527176439762115 -0.30875011980533601 0.18096303105354311 -0.42086323630064726 0.050906881928443906 -0.29050194363181409 0.21570584937930107 0.60308371782302861 0.11158700244767326 -0.014495439159994326 0.29459865050656453 0.060959302686154841 -0.30990712866187098 0.10357676482360278 -0.26276602196693422 -0.21578658854002777 -0.17980065576054835 -0.1442005806552196 -0.20312160624769229
leaf_weight=26 35 32 401 31 21 25 23 26 22 20 97 21 25 48 22 21 26 686 29 23 20 24 30 24 25 26 20 20 28 42 28 50 20 28 25 58 22 37 29
leaf_count=26 35 32 401 31 21 25 23 26 22 20 97 21 25 48 22 21 26 686 29 23 20 24 30 24 25 26 20 20 28 42 28 50 20 28 25 58 22 37 29
internal_value=-5.14528e-10 -0.00646129 -0.000933727 -0.00878589 -0.00393571 0.0179839 0.00873894 -0.00101891 -0.00753563 0.0463762 0.00638801 -0.039372 0.207521 -0.0530882 -0.0350928 0.261453 -0.0717537 -0.051871 -0.0560664 -0.0133365 -0.207825 -0.0433782 -0.0402913 -0.202061 -0.130126 0.0042328 0.0326593 0.139674 0.316377 -0.0175988 0.059711 -0.0870841 0.014943 -0.0687082 -0.0558726 -0.131244 0.0044433 -0.0262926 -0.0344707
internal_weight=2216 2190 2155 2123 2092 1581 1560 1537 1511 561 541 950 50 900 803 43 511 760 485 519 43 739 456 97 73 476 363 116 48 247 147 113 68 48 426 100 119 87 715
internal_count=2216 2190 2155 2123 2092 1581 1560 1537 1511 561 541 950 50 900 803 43 511 760 485 519 43 739 456 97 73 476 363 116 48 247 147 113 68 48 426 100 119 87 715
is_linear=0
shrinkage=0.05


Tree=180
num_leaves=40
num_cat=0
split_feature=18 16 18 17 29 18 5 30 21 15 30 24 14 26 20 33 4 19 7 13 10 3 26 3 3 0 11 0 24 18 13 12 29 15 22 3 27 18 28
split_gain=3227.36 12669.6 1734.01 5760.54 3408.91 1282.41 1278.31 5666.81 4318.69 3226.98 2383.47 2051.09 2313.51 5261.01 1044.95 1026.64 994.371 771.526 731.465 2036.47 612.936 570.722 556.886 544.259 1459.85 576.124 445.404 357.018 354.286 794.374 595.474 1876.66 673.235 990.998 694.594 643.952 369.365 346.864 316.877
threshold=-1.642467141151428 -1.5978951454162595 -1.2136644124984739 -1.1646987795829771 2.3943476676940922 -1.5910865664482114 -0.35460707545280451 1.0098809599876406 -1.0440135598182676 1.8629074692726137 0.9120679795742036 1.5304850935935976 0.92901721596717846 0.88106653094291698 0.48094770312309271 -0.04742735251784324 1.8876955509185793 -0.93928578495979298 1.6315463185310366 1.7659478187561037 -1.0846204757690427 -0.10531924664974211 1.6058637499809267 -0.62276062369346608 -0.42983973026275629 -0.57419842481613148 0.78262057900428783 -0.62732163071632374 -0.70586934685707081 -0.65026244521141041 -0.35047191381454462 -0.28427974879741663 0.048317316919565208 -0.24508886784315106 0.77010071277618419 1.3119601607322695 0.0077290176413953313 -0.62287443876266468 -0.96137806773185719
decision_type=2 2 2 2 2 2 2 2 2 2 2 2 2 2 2 2 2 2 2 2 2 2 2 2 2 2 2 2 2 2 2 2 2 2 2 2 2 2 2
left_child=-1 -2 4 -4 5 -3 10 8 -8 11 18 12 13 16 -14 21 17 -10 20 -20 -5 -7 38 -19 -25 -26 28 -21 29 -27 37 -32 33 -33 35 36 -35 -30 -22
right_child=1 2 3 6 -6 15 7 -9 9 -11 -12 -13 14 -15 -16 -17 -18 23 19 27 22 -23 -24 24 25 26 -28 -29 30 -31 31 32 -34 34 -36 -37 -38 -39 -40
leaf_value=-0.50658659257235061 1.2293919835771834 -0.43396793536164546 0.8149410634894263 -0.27309450795027346 -0.74321484402531679 -0.03106460275394576 0.71886851713061339 0.88079404458403587 -0.30493608909574421 0.49945711102336648 -0.56070571527594615 0.38417162880782163 -0.57549860658852958 0.79784447394311431 -0.16953675370736451 0.2051381643559482 -0.3731948566436768 -0.18561586223934826 -0.56550183995910319 0.14104190524667501 -0.12580513609573246 -0.25943027815303288 -0.24427980370819569 0.33752107121981684 -0.22726533042973487 -0.062777992178286821 -0.21685658151453194 -0.12176210940150278 0.053441068583301138 0.30752461860577268 0.48493002766654608 0.35793592936318852 -0.11380665888811679 -0.038478555871268451 0.24698743438720705 0.13472360628279481 -0.24944716293539387 -0.18167553464731864 0.005915683417274561
leaf_weight=31 21 22 22 22 21 105 22 20 22 32 21 31 23 20 51 37 20 38 23 24 48 37 24 32 29 28 22 28 21 30 21 23 94 59 25 37 32 62 936
leaf_count=31 21 22 22 22 21 105 22 20 22 32 21 31 23 20 51 37 20 38 23 24 48 37 24 32 29 28 22 28 21 30 21 23 94 59 25 37 32 62 936
internal_value=3.17978e-10 0.00718727 -0.00467331 0.0104595 -0.137051 -0.0737208 0.00124148 0.0498258 0.0283538 0.00815255 -0.0330178 -0.0136832 -0.0315838 0.000197741 -0.295714 -0.0294446 -0.0266139 -0.0145589 -0.0229894 -0.173745 -0.012012 -0.0905683 -0.00631377 -0.00300685 0.0104672 -0.011201 0.00260052 -0.000467949 0.0137766 0.128758 -0.00405474 0.0296397 -0.00577179 0.0519286 0.00592755 -0.0411545 -0.112665 -0.122188 -0.000509722
internal_weight=2216 2185 2164 1942 222 201 1920 794 774 752 1126 720 689 615 74 179 595 575 1105 75 1030 142 1008 553 515 483 454 52 432 58 374 291 270 176 153 128 91 83 984
internal_count=2216 2185 2164 1942 222 201 1920 794 774 752 1126 720 689 615 74 179 595 575 1105 75 1030 142 1008 553 515 483 454 52 432 58 374 291 270 176 153 128 91 83 984
is_linear=0
shrinkage=0.05


Tree=181
num_leaves=40
num_cat=0
split_feature=29 21 19 5 4 13 12 14 8 11 13 12 12 10 4 30 7 31 27 13 12 31 29 30 8 11 19 3 4 22 27 13 17 2 0 9 29 29 27
split_gain=3104.6 2165.24 3070.17 1140.14 1005.8 942.504 7946.39 2367.52 3116.56 2833.25 1146.95 1145.19 6811.43 3509.18 1790.63 911.12 900.307 787.906 680.776 645.476 656.477 794.149 641.717 629.691 618.81 616.59 564.371 550.476 533.443 511.481 935.569 1385.97 617.022 488.118 762.767 831.019 480.731 1308.17 492.519
threshold=3.2934920787811284 -1.6710991859436033 -1.5992504954338072 3.5429087877273564 2.0524426698684697 1.5881919264793398 1.4253037571907046 1.3842077255249026 1.3819831013679507 1.2277661561965945 0.50363668799400341 -0.44482316076755518 -0.41852898895740503 -0.45356285572051996 1.8600328564643862 0.75794383883476268 -0.497776448726654 2.4671766757965092 -0.036157628521323197 0.44523750245571142 -0.34410430490970606 -0.29923959076404566 -0.039238667115569108 1.158700227737427 1.1794789433479311 -0.45887897908687586 -0.72336301207542408 -0.3678294420242309 -0.61977913975715626 -0.80938357114791859 0.028739431872963909 -0.57103973627090443 -0.75296401977539051 2.2576968073844914 0.31923775374889379 -0.66562154889106739 -0.46601891517639155 -0.39641098678112024 -0.3254187256097793
decision_type=2 2 2 2 2 2 2 2 2 2 2 2 2 2 2 2 2 2 2 2 2 2 2 2 2 2 2 2 2 2 2 2 2 2 2 2 2 2 2
left_child=1 28 -3 4 5 6 7 8 9 10 11 23 -13 -14 16 24 -15 27 22 20 21 -18 -7 25 -12 29 -22 -6 -1 -4 31 -31 -32 34 -34 -36 38 -38 -28
right_child=-2 2 3 -5 17 18 -8 -9 -10 -11 15 12 13 14 -16 -17 19 -19 -20 -21 26 -23 -24 -25 -26 -27 36 -29 -30 30 32 -33 33 -35 35 -37 37 -39 -40
leaf_value=-0.16864428880624474 0.56559080754717195 0.58846896382218061 -0.062261754571498087 0.37049393370747569 -0.25771112390633288 -0.01289006224833429 0.8288245685141663 -0.5331592098588035 0.62150829834863552 0.58575708389282233 -0.052524879647675771 0.8436677212898549 0.6739775103330613 -0.28198124324282009 0.36846572752110662 -0.42275044832378628 0.3857646864923564 -0.40427485558390619 -0.39799405847276964 0.22466506277521453 -0.28064537239926207 -0.049565946198999886 -0.33304084256291389 -0.31722648547962312 -0.29106633678078653 -0.2430927291935818 0.011739734134503774 0.014171180802469069 -0.52172119669292283 0.54781681746244437 0.20495448533830973 -0.010611685395240784 -0.12511338444281345 0.17085031146804494 -0.089520141741503856 0.35116740450263029 0.38044942122968761 -0.014260995244723238 -0.21476416569203138
leaf_weight=20 24 22 344 20 29 72 29 21 20 20 290 26 20 30 32 20 22 25 21 30 21 20 20 20 30 33 42 52 23 20 29 25 141 24 23 20 22 458 56
leaf_count=20 24 22 344 20 29 72 29 21 20 20 290 26 20 30 32 20 22 25 21 30 21 20 20 20 30 33 42 52 23 20 29 25 141 24 23 20 22 458 56
internal_value=-6.31028e-10 -0.0061926 0.000836804 -0.0052412 -0.00880774 -0.000856727 0.00753838 -0.00527351 0.000757833 -0.00607111 -0.0126543 0.00663018 0.0480012 0.020528 0.00269849 -0.0953506 -0.0139984 -0.158902 -0.141122 -0.00201709 -0.0126262 0.178464 -0.0824881 -0.0408337 -0.0748881 -0.0324455 -0.0260249 -0.0831694 -0.357499 -0.0213411 0.0285763 0.237579 -0.0111077 -0.0412317 -0.0688946 0.115451 -0.016774 0.0038299 -0.117691
internal_weight=2216 2192 2149 2127 2107 2001 1888 1859 1838 1818 1798 1458 779 753 733 340 701 106 113 671 641 42 92 679 320 659 599 81 43 626 282 45 237 208 184 43 578 480 98
internal_count=2216 2192 2149 2127 2107 2001 1888 1859 1838 1818 1798 1458 779 753 733 340 701 106 113 671 641 42 92 679 320 659 599 81 43 626 282 45 237 208 184 43 578 480 98
is_linear=0
shrinkage=0.05


Tree=182
num_leaves=40
num_cat=0
split_feature=28 4 7 30 30 11 7 27 20 29 30 5 5 29 0 8 5 29 6 27 33 6 15 27 8 28 29 10 18 29 4 30 28 29 15 16 33 33 29
split_gain=3054.48 8303.71 3533.26 3013.83 1329.84 1260.26 5834.11 2156.18 12775 4900.57 2448.28 2262.88 9283.62 2038.1 1240.12 1189.55 1087.35 739.836 630.486 515.037 439.728 415.602 382.127 376.27 368.878 362.49 300.062 285.556 592.78 480.964 351.927 494.116 374.888 369.643 356.497 2339.12 569.057 1059.89 443.768
threshold=-1.5452485680580137 0.2291599586606026 -1.3164669871330259 -2.4608415365219112 -1.3757219314575193 1.6160847544670107 1.6315463185310366 -0.58386245369911183 0.39998349547386175 0.73190146684646618 1.0098809599876406 -0.3327722549438476 -0.39390975236892695 -0.091077558696269975 2.798500776290894 1.2336158156394961 0.082089379429817214 -0.46601891517639155 2.872025847434998 -1.1777949333190916 -0.047468399628996842 2.3298573493957524 1.7172574996948244 -1.0741553902626035 0.70654883980751049 -1.0515289902687071 -0.18148659914731977 -1.0846204757690427 -1.3212270736694334 1.1304740905761721 -1.0347204208374021 0.27967716753482824 -0.42508600652217859 -0.025630277581512925 -0.56291991472244252 -0.50446477532386769 -0.047473024576902383 -0.047474229708313935 -0.39011573791503901
decision_type=2 2 2 2 2 2 2 2 2 2 2 2 2 2 2 2 2 2 2 2 2 2 2 2 2 2 2 2 2 2 2 2 2 2 2 2 2 2 2
left_child=1 -1 3 -2 -4 6 7 8 9 11 14 12 19 20 15 18 17 -7 21 -6 -13 22 27 -5 -24 -15 -19 28 -9 30 31 32 33 -29 -32 -36 37 -37 -38
right_child=2 -3 4 23 5 16 -8 10 -10 -11 -12 13 -14 25 -16 -17 -18 26 -20 -21 -22 -23 24 -25 -26 -27 -28 29 -30 -31 34 -33 -34 -35 35 36 38 -39 -40
leaf_value=-0.19976389461383226 -0.84251408986747267 1.1671068785339596 0.37324971966445447 -0.27578628188542403 -0.24340980047809668 -0.3290526740252972 0.76715291726589208 0.067195295052868975 1.0457756280447499 0.77446691274642943 -0.44073036704744617 0.038922669307181718 1.0209915027670238 -0.60269713696269767 -0.36017491129728468 -0.30428619489950293 -0.41055175093933943 0.14996218290179969 0.22985160308224814 -0.010856782390098824 -0.20304373311144963 -0.23604158967733385 0.0031333015078590029 0.0041949326638132337 -0.28381400438180815 -0.32789051391051283 -0.075682395608986139 0.16301590755581857 -0.20109630289673805 0.24727499630302191 -0.052137534877134344 0.063051614409143281 -0.17415084476802456 -0.12803379266212386 0.41896971969140906 0.020007575807358957 -0.19954178312226484 0.38979119084775449 -0.025226655267810417
leaf_weight=25 22 20 24 24 29 20 25 35 33 20 35 57 23 21 26 34 32 26 28 133 28 20 21 24 24 28 34 20 50 20 185 55 89 24 36 623 46 20 177
leaf_count=25 22 20 24 24 29 20 25 35 33 20 35 57 23 21 26 34 32 26 28 133 28 20 21 24 24 28 34 20 50 20 185 55 89 24 36 623 46 20 177
internal_value=4.35896e-10 0.407734 -0.00845142 -0.357907 0.00319156 -0.00108451 0.00821393 -0.00156622 0.106655 0.0152363 -0.0272412 -0.0323644 0.0809728 -0.188837 -0.0178008 -0.0118939 -0.164222 -0.0656905 -0.00514482 -0.0524866 -0.0407839 -0.00969838 -0.00652163 -0.135796 -0.149905 -0.445665 0.0220969 -0.00184608 -0.0906233 0.003981 0.00016462 -0.0630004 -0.115127 0.00426153 0.0110892 0.024057 0.0076403 0.0315094 -0.061184
internal_weight=2216 45 2171 70 2101 2077 1965 1940 372 339 1568 319 185 134 1533 1507 112 80 1473 162 85 1445 1425 48 45 49 60 1380 85 1295 1275 188 133 44 1087 902 866 643 223
internal_count=2216 45 2171 70 2101 2077 1965 1940 372 339 1568 319 185 134 1533 1507 112 80 1473 162 85 1445 1425 48 45 49 60 1380 85 1295 1275 188 133 44 1087 902 866 643 223
is_linear=0
shrinkage=0.05


Tree=183
num_leaves=40
num_cat=0
split_feature=30 28 22 6 4 5 6 5 33 30 15 22 30 14 24 30 7 13 27 24 3 4 23 7 5 5 5 29 8 5 5 28 3 26 10 24 9 8 5
split_gain=3366.84 1632.4 3231.22 1200.32 1254.54 1435.66 1019.57 1043.81 4277.1 15869.1 9606.64 4560.83 3548.05 2045.71 1080.3 919.442 695.401 2060.85 696.955 565.888 1139.56 1346.65 625.185 682.977 495.347 1159.82 609.119 706.43 1915.88 501.728 432.871 570.086 392.56 381.242 386.738 744.756 438.468 426.904 291.445
threshold=-2.4608415365219112 -1.5968321561813352 -1.6769025325775144 3.8310228586196904 2.1403487920761113 3.3049092292785649 2.872025847434998 -0.35460707545280451 -0.047481184825301163 0.73168373107910167 1.8629074692726137 -0.67624637484550465 0.71564781665802013 1.1104000210762026 0.79600855708122265 1.0098809599876406 1.6315463185310366 1.7659478187561037 -1.1777949333190916 -0.16323424130678174 -0.42983973026275629 -0.87243226170539845 0.71949946880340587 0.47772999107837683 -0.18429545313119886 -0.13407536596059796 0.27423581480979925 -0.44785918295383448 0.080681573599576964 0.56573072075843822 1.2699037194252016 0.24034354090690616 0.8902902901172639 1.6058637499809267 -1.0846204757690427 -1.1592360138893125 -1.2198464870452879 -1.0263187885284422 -0.018350804224610325
decision_type=2 2 2 2 2 2 2 2 2 2 2 2 2 2 2 2 2 2 2 2 2 2 2 2 2 2 2 2 2 2 2 2 2 2 2 2 2 2 2
left_child=-1 -2 -3 4 5 6 7 15 9 10 11 -9 13 14 24 16 18 -18 -4 -13 21 -21 23 -22 -10 -26 38 28 -28 32 31 -31 -29 34 35 36 -20 -36 -27
right_child=1 2 3 -5 -6 -7 -8 8 12 -11 -12 19 -14 -15 -16 -17 17 -19 33 20 22 -23 -24 -25 25 26 27 29 -30 30 -32 -33 -34 -35 37 -37 -38 -39 -40
leaf_value=0.56562931577746689 -0.34544347584247592 0.49747518613003194 -0.26829029481325833 -0.31757720973222492 0.36308448418327005 -0.42980882465839393 0.31323239689320331 0.68596866584959493 -0.1546440227026189 1.4556243821006756 1.1036824410869961 -0.28872029597560567 -0.52988229823236388 0.4857906486093998 -0.32077815870443982 -0.33244928064254614 -0.58491690781983463 0.0034621690764375362 -0.12033843393682649 -0.10981094837188721 -0.12994159847836603 0.47041593104600904 -0.23467334996049224 0.21125717853957957 0.37782065577805046 -0.0086840981854633854 0.45575011247588748 0.22908469822370645 -0.10964267423440671 -0.25038132703174715 0.012073508646376062 0.064023244380950931 -0.051645307242870336 -0.2215216959064657 0.2105181321501732 -0.35683737811834915 0.16889343354851008 -0.0075361831070227718 -0.15709557731534884
leaf_weight=26 35 32 28 31 23 20 25 21 54 23 21 30 35 20 30 26 22 46 38 20 44 20 65 22 20 55 31 33 29 46 101 21 20 22 23 23 20 932 83
leaf_count=26 35 32 28 31 23 20 25 21 54 23 21 30 35 20 30 26 22 46 38 20 44 20 65 22 20 55 31 33 29 46 101 21 20 22 23 23 20 932 83
internal_value=-1.43933e-10 -0.00671523 -0.00121385 -0.00873059 -0.00415399 -0.00823639 -0.00412148 -0.00804137 0.0344153 0.200335 0.0815211 -0.0151699 -0.041942 -0.0104909 -0.0294692 -0.0384087 -0.0317839 -0.186896 -0.0220715 -0.0884231 -0.0532833 0.180302 -0.124607 -0.0162087 -0.0117425 0.00583538 -0.0119205 0.030327 0.182477 -0.0109807 -0.0532954 -0.151837 0.123149 -0.0155553 -0.0111815 -0.116077 -0.0206033 -0.00228461 -0.0979461
internal_weight=2216 2190 2155 2123 2092 2069 2049 2024 844 266 243 222 578 543 523 1180 1154 68 1086 201 171 40 131 66 493 439 419 281 60 221 168 67 53 1058 1036 81 58 955 138
internal_count=2216 2190 2155 2123 2092 2069 2049 2024 844 266 243 222 578 543 523 1180 1154 68 1086 201 171 40 131 66 493 439 419 281 60 221 168 67 53 1058 1036 81 58 955 138
is_linear=0
shrinkage=0.05


Tree=184
num_leaves=40
num_cat=0
split_feature=30 30 6 25 30 30 30 15 17 31 7 7 11 26 12 27 29 6 29 13 5 6 27 20 7 3 30 29 7 5 21 13 7 9 8 9 5 7 27
split_gain=3038.58 1604.31 2428.45 2254.07 1243.43 3897.81 1359.03 967.147 4498.37 1295.65 872.983 2518.47 1054.62 960.636 911.284 750.421 5156.94 871.751 641.991 633.409 461.654 324.516 311.425 860.492 331.426 556.686 449.193 371.876 306.514 292.931 288.672 288.312 269.416 392.108 272.254 666.187 746.684 523 457.926
threshold=-2.4608415365219112 -0.88363802433013905 4.6428182125091562 -1.6367047429084776 1.3463437557220461 1.0567454695701601 0.9120679795742036 2.1951055526733403 1.8931055068969729 2.8130685091018681 1.2180948853492739 1.1032164096832278 1.6160847544670107 1.385194003582001 1.3774641752243044 -1.1976896524429319 -0.017847613431513306 2.872025847434998 -0.12860795110464093 -0.93772524595260609 0.082089379429817214 2.3298573493957524 -0.55673480033874501 0.2236004322767258 0.4650395959615708 -0.31615421175956721 0.23403161019086841 -0.021138607524335381 1.5522703528404238 -0.2192311808466911 1.1473011374473574 -1.2024326324462888 0.94995784759521495 0.88032019138336193 0.55667725205421459 0.39516223967075353 -0.08385527133941649 0.40063431859016424 0.0077290176413953313
decision_type=2 2 2 2 2 2 2 2 2 2 2 2 2 2 2 2 2 2 2 2 2 2 2 2 2 2 2 2 2 2 2 2 2 2 2 2 2 2 2
left_child=-1 19 3 -3 5 6 7 8 9 10 11 13 14 15 28 16 29 21 -9 31 30 22 23 24 25 -17 -26 -27 -12 -5 -14 -2 33 34 35 37 -37 38 -24
right_child=1 2 -4 4 -6 -7 -8 18 -10 -11 12 -13 20 -15 -16 17 -18 -19 -20 -21 -22 -23 32 -25 26 27 -28 -29 -30 -31 -32 -33 -34 -35 -36 36 -38 -39 -40
leaf_value=0.5373478633853106 -0.26905649378895763 -0.44198836296282967 0.54934857346117505 -0.22142477466000454 0.38468469111692338 -0.63548874606688821 0.37948412941768767 -0.37387554213803798 0.56050357859995636 0.37787259370088577 -0.045202041705769885 0.42140893235802657 -0.0064708582460880279 -0.33529593194411561 -0.52865942621772943 0.00072122112847864631 0.83751563414931296 0.28322607588768006 -0.028838558380420393 -0.46411720332892048 -0.17268017707815903 -0.20958249079329627 0.049849209313591325 -0.34716965059439342 -0.044937884860805105 -0.086413481924682858 0.26531303279101848 -0.33223824763298038 -0.29626586243510245 0.016096331119537354 0.24838443008251487 -0.00058298319578170782 -0.1368712054565549 0.19034415657321613 -0.08316124905468314 0.031595199617843787 0.3518553045179163 -0.17881353550723622 -0.021372380093162679
leaf_weight=26 20 29 20 27 21 24 24 28 36 22 31 35 25 22 22 120 20 25 26 23 22 21 330 24 28 40 20 25 20 25 20 20 36 27 96 52 28 42 714
leaf_count=26 20 29 20 27 21 24 24 28 36 22 31 35 25 22 22 120 20 25 26 23 22 21 330 24 28 40 20 25 20 25 20 20 36 27 96 52 28 42 714
internal_value=6.93228e-10 -0.00637947 0.000985633 -0.00421952 0.00188986 -0.00201811 0.00546015 0.000991969 0.00675764 -0.00363051 -0.0080549 0.00151963 -0.128215 -0.0070147 -0.259686 -0.00276636 0.155198 -0.0097525 -0.207747 -0.255039 0.0150292 -0.0143217 -0.0117298 -0.0621012 -0.032738 -0.0631132 0.0843333 -0.180961 -0.143658 -0.107232 0.106798 -0.13482 -0.00195959 0.0018083 -0.00222535 0.00443833 0.143686 -0.00581935 0.00114019
internal_weight=2216 2190 2127 2107 2078 2057 2033 2009 1955 1919 1897 1757 140 1722 73 1700 72 1628 54 63 67 1603 1582 257 233 185 48 65 51 52 45 40 1325 1289 1262 1166 80 1086 1044
internal_count=2216 2190 2127 2107 2078 2057 2033 2009 1955 1919 1897 1757 140 1722 73 1700 72 1628 54 63 67 1603 1582 257 233 185 48 65 51 52 45 40 1325 1289 1262 1166 80 1086 1044
is_linear=0
shrinkage=0.05


Tree=185
num_leaves=40
num_cat=0
split_feature=9 16 27 33 29 5 5 30 5 8 30 28 29 29 5 20 0 23 5 11 6 21 29 27 5 14 8 9 5 8 22 27 22 20 0 7 13 4 29
split_gain=3028.22 10230.4 1557.04 1277.25 3267.58 1071.12 1008.64 1816.28 1697.44 5453.09 1628.54 1405.75 6111.42 1407.09 10678.1 2127.84 1417.72 1150.61 859.39 995.463 660.969 648.719 568.336 511.872 1029.88 493.17 404.053 789.626 1239.09 457.077 428.512 765.661 425.996 1070.92 558.984 842.83 538.584 433.175 432.594
threshold=-1.4307110905647276 -1.5978951454162595 -1.9179521799087522 -0.04738738760352134 2.0162298083305363 3.5429087877273564 0.93583095073699962 1.0098809599876406 0.700014889240265 -0.039666689932346337 0.68561020493507396 -1.2250468134880064 -0.040798170492053025 -0.46025393903255457 0.068988487124443068 1.3485448360443117 0.91826033592224132 1.2781210541725161 0.09737375378608705 1.6160847544670107 2.5032929182052617 0.99927017092704784 -0.53842404484748829 -0.54561036825180043 0.017676653340458873 1.4663060307502749 0.37150499224662786 0.53685480356216442 -0.52273520827293385 0.13981591165065768 0.43905407190322882 0.78191867470741283 -0.23650609701871869 -0.24724111706018445 -0.88292127847671498 -0.064328864216804491 -0.33862903714179987 -0.60502564907073964 1.1304740905761721
decision_type=2 2 2 2 2 2 2 2 2 2 2 2 2 2 2 2 2 2 2 2 2 2 2 2 2 2 2 2 2 2 2 2 2 2 2 2 2 2 2
left_child=-1 -2 -3 4 5 6 7 8 11 -10 21 12 -4 14 15 16 -13 20 19 25 23 22 -8 24 -15 -19 29 28 -28 30 32 -32 33 38 36 37 -34 -36 -25
right_child=1 2 3 -5 -6 -7 10 -9 9 -11 -12 13 -14 17 -16 -17 -18 18 -20 -21 -22 -23 -24 26 -26 -27 27 -29 -30 -31 31 -33 34 -35 35 -37 -38 -39 -40
leaf_value=-0.48287012592190881 1.1053431804691043 -0.33927925299195683 -0.066433554175391527 -0.30222584334551361 0.64274755209684376 0.36471870236098769 0.16881006408122279 0.3613511244688804 -0.18649161565303804 0.92118437588214874 -0.53142107009887696 -0.020820045371518964 0.93136133828333445 -0.041970138924547047 0.91793212951982728 -0.44914166629314423 0.42317018792033195 -0.12924622666429392 -0.46486202288757678 0.022433757524598731 -0.20695478047203758 -0.28484137127442016 -0.065099750829394912 -0.018766256350846517 -0.37551532151798406 -0.4640358450737867 0.02588142433928119 -0.002112998148734621 0.48409289550781254 -0.11458318113376771 0.28668376356637215 0.00064069115122159328 0.24273407626152041 0.36294631936720445 -0.32090562901326591 0.079933942829569185 -0.062978414594031432 -0.11938602322978634 0.2053760683083016
leaf_weight=32 21 34 57 34 20 20 31 36 25 20 20 178 21 162 34 27 20 22 22 55 46 28 160 336 27 22 36 139 25 102 34 75 25 21 35 45 34 112 23
leaf_count=32 21 34 57 34 20 20 31 36 25 20 20 178 21 162 34 27 20 22 22 55 46 28 160 336 27 22 36 139 25 102 34 75 25 21 35 45 34 112 23
internal_value=-1.19559e-09 0.00707502 -0.00358778 0.00177319 0.00670683 0.000576317 -0.00296765 0.00974026 0.00262903 0.305809 -0.0995265 -0.00523442 0.202204 -0.0149992 0.0920475 -0.0327528 0.0240275 -0.0348311 -0.182193 -0.119377 -0.0208681 -0.060084 -0.0271353 -0.0139144 -0.0896195 -0.296641 -0.000182914 0.0637017 0.213673 -0.0153574 -0.00168035 0.0898651 -0.0174941 0.0158949 -0.0680431 -0.109406 0.0665608 -0.167367 -0.00440616
internal_weight=2216 2184 2163 2129 2095 2075 2055 1816 1780 45 239 1735 78 1657 259 225 198 1398 121 99 1277 219 191 1231 189 44 1042 200 61 842 740 109 631 380 251 192 59 147 359
internal_count=2216 2184 2163 2129 2095 2075 2055 1816 1780 45 239 1735 78 1657 259 225 198 1398 121 99 1277 219 191 1231 189 44 1042 200 61 842 740 109 631 380 251 192 59 147 359
is_linear=0
shrinkage=0.05


Tree=186
num_leaves=40
num_cat=0
split_feature=28 7 7 30 30 3 0 9 14 24 26 27 33 30 10 31 18 27 20 30 30 31 6 6 3 29 27 29 30 27 3 7 16 27 29 8 8 9 15
split_gain=2971.38 7915.62 3610.4 2868.48 1223.87 1317.37 30468.2 4601.35 10050.2 2504.15 6927.62 1728.9 1507.54 1422.08 1367.22 1031.42 867.211 917.376 747.867 735.458 725.951 720.015 819.494 717.418 658.312 637.231 566.375 629.219 552.773 438.715 437.778 1052.45 682.635 519.234 1629.93 611.505 421.382 715.442 631.027
threshold=-1.5452485680580137 -0.59727227687835682 -1.3164669871330259 -2.4608415365219112 1.2409112453460696 -0.094295192509889589 -0.64681804180145253 1.2217946052551272 1.5510139465332033 0.93824729323387157 0.85170072317123424 -0.36435574293136591 -0.047424484044313424 0.9120679795742036 -1.2903800606727598 2.7546710968017583 1.757795035839081 -1.1976896524429319 1.3485448360443117 -0.61167719960212696 -0.7744469642639159 -0.85590088367462147 -0.13905031234025952 2.872025847434998 -0.15286046266555783 -0.30403797328472132 -0.63516500592231739 -0.070885017514228807 -0.50479614734649647 -1.0741553902626035 0.15994696319103244 -0.36946609616279596 0.96606171131134044 -0.094435125589370714 -0.44785918295383448 0.27343381941318518 -0.45636497437953943 -0.65864154696464527 0.18261754512786868
decision_type=2 2 2 2 2 2 2 2 2 2 2 2 2 2 2 2 2 2 2 2 2 2 2 2 2 2 2 2 2 2 2 2 2 2 2 2 2 2 2
left_child=1 -1 3 -2 5 13 -7 9 -9 10 12 -11 15 14 -4 18 17 25 26 -14 -19 -18 -23 24 -22 -16 27 -8 -28 -5 31 -30 33 34 -32 -36 37 -35 -38
right_child=2 -3 4 29 -6 6 7 8 -10 11 -12 -13 19 -15 16 -17 21 20 -20 -21 23 22 -24 -25 -26 -27 28 -29 30 -31 32 -33 -34 36 35 -37 38 -39 -40
leaf_value=1.1435642251372338 -0.83436251347037871 -0.19098211106657983 0.37435384406929928 -0.29605717684996002 0.39269948519766329 1.9762782269716261 -0.036517498509160112 1.0195849292206043 -0.20530916978331173 -0.72524727086226148 0.88362249891229327 -0.11527788214958633 -0.54013711132109166 -0.42244696979937352 -0.09607543572783471 -0.33945368515948454 0.034676623344421391 -0.27318313970015601 -0.30598429426550866 -0.1431508270491447 -0.0051952615692806882 -0.56252950876951224 -0.12490835384182308 0.29086528748273849 -0.26493344461917878 -0.44475433333311232 0.25306503414735199 -0.36323224343359473 0.35759198710579299 0.0062655116741855942 0.36559477059636269 -0.042368017141952326 0.22304243102669716 -0.088369060137261785 -0.10431598901293826 0.16470987478803312 -0.24097785348930056 0.20234633149071174 -0.035121861779755285
leaf_weight=20 22 25 21 24 20 20 56 33 34 21 21 26 20 23 38 24 20 26 20 28 1008 20 23 20 25 20 25 20 29 24 32 38 30 59 86 28 63 33 91
leaf_count=20 22 25 21 24 20 20 56 33 34 21 21 26 20 23 38 24 20 26 20 28 1008 20 23 20 25 20 25 20 29 24 32 38 30 59 86 28 63 33 91
internal_value=-1.34876e-10 0.40215 -0.00833567 -0.361585 0.00343372 -0.000307423 0.0481919 0.000992726 0.397997 -0.034473 -0.0108497 -0.387817 -0.0383921 -0.0329392 -0.025602 -0.0179376 -0.0326013 -0.0225959 -0.00528776 -0.308562 -0.0121831 -0.213174 -0.328453 -0.0057387 -0.0114813 -0.21631 0.00490534 -0.122495 0.0237428 -0.144896 0.0120187 0.130749 -0.00683183 -0.0244242 0.0502722 -0.0382395 -0.0687563 0.0159093 -0.119336
internal_weight=2216 45 2171 70 2101 2081 837 817 67 750 703 47 682 1244 1221 634 1200 1137 610 48 1079 63 43 1053 1033 58 590 76 514 48 489 67 422 392 146 114 246 92 154
internal_count=2216 45 2171 70 2101 2081 837 817 67 750 703 47 682 1244 1221 634 1200 1137 610 48 1079 63 43 1053 1033 58 590 76 514 48 489 67 422 392 146 114 246 92 154
is_linear=0
shrinkage=0.05


Tree=187
num_leaves=40
num_cat=0
split_feature=30 28 22 6 4 7 21 30 6 18 19 18 18 30 16 24 29 24 8 7 7 3 26 11 29 29 29 29 30 27 27 27 5 24 17 15 16 3 4
split_gain=3271.65 1544.85 2981.33 1217.25 1332.57 1052.31 3725.8 3660.19 1275.44 849.633 3452.46 1245.24 3935.82 743.876 729.357 716.434 678.045 674.915 1118.38 630.147 2785.28 1139.93 911.461 533.974 429.54 474.43 405.747 546.567 411.105 1029.03 388.128 365.558 359.064 329.648 344.615 385.023 506.894 364.151 296.903
threshold=-2.4608415365219112 -1.5968321561813352 -1.6769025325775144 2.9478129148483281 2.1403487920761113 -0.66309869289398182 -1.0041311383247373 1.0098809599876406 2.1986874341964726 2.3164981603622441 2.0734702348709111 1.8405267000198366 1.7019748687744143 1.0098809599876406 -0.86362808942794789 -0.70586934685707081 1.6874600648880007 -0.65101107954978932 -0.59926411509513844 1.2180948853492739 1.1032164096832278 0.86135217547416698 1.3244962692260744 1.2636781334877016 1.1304740905761721 0.91963148117065441 -0.46601891517639155 -0.4286902099847793 -0.30713127553462977 0.3867646604776383 -0.14685618877410886 -0.29657208919525141 0.76551932096481334 -0.55274087190628041 -0.44081726670265192 -0.3122249543666839 -0.30314393341541285 -0.12116631492972373 1.4715248346328738
decision_type=2 2 2 2 2 2 2 2 2 2 2 2 2 2 2 2 2 2 2 2 2 2 2 2 2 2 2 2 2 2 2 2 2 2 2 2 2 2 2
left_child=-1 -2 -3 4 5 13 -7 8 9 10 11 12 14 16 -8 -16 24 -17 -19 20 22 23 26 -21 25 38 32 -28 29 31 -5 -29 -20 -30 37 36 -36 -35 -4
right_child=1 2 3 30 -6 6 7 -9 -10 -11 -12 -13 -14 -15 15 17 -18 18 19 21 -22 -23 -24 -25 -26 -27 27 28 33 -31 -32 -33 -34 34 35 -37 -38 -39 -40
leaf_value=0.55757594933876631 -0.33613931962421967 0.477749577537179 -0.052325053494941036 -0.39505747104389544 0.39406633518991019 0.67556298942792992 -0.29019925364603599 0.63097610344057509 0.38234484671127228 -0.25000565333498853 0.61747790006074044 -0.33242454409599304 0.68951717024669057 -0.3297843144490169 0.20793285324341723 -0.28087049828221405 -0.29374212239469805 0.35771720767021181 -0.052659192288322658 -0.22587990760803223 0.46790401661147679 -0.47187883187085389 -0.32510413844138386 0.017542547680122752 0.14598291294071183 -0.26420915007591245 0.24529323516921564 0.13935707574305328 0.18376770496368411 0.41251542545855052 -0.12911274448475415 -0.12756657723722786 -0.24978793848838127 -0.042959869078670943 0.0061550043714352146 -0.022017439681429371 0.31575963467359547 -0.27529747216747358 0.10893745263738018
leaf_weight=26 35 32 360 23 21 21 24 23 21 36 22 30 20 26 36 24 28 20 132 33 30 20 24 71 29 25 22 23 20 20 34 29 28 48 39 684 20 26 31
leaf_count=26 35 32 360 23 21 21 24 23 21 36 22 30 20 26 36 24 28 20 132 33 30 20 24 71 29 25 22 23 20 20 34 29 28 48 39 684 20 26 31
internal_value=1.63181e-09 -0.00661962 -0.00126779 -0.00848803 -0.00219938 -0.00626862 0.0141084 0.00499981 -0.00458571 -0.0100722 -0.00409466 -0.0137044 -0.00684031 -0.0694005 -0.0169839 -0.0121231 -0.0550877 -0.0181567 -0.0132652 -0.019112 -0.00751708 -0.126178 -0.0203087 -0.0596973 -0.0400712 -0.0530413 -0.0136037 -0.000963054 -0.00692305 0.107723 -0.236424 -0.00950419 -0.0871567 -0.0167851 -0.0216946 -0.0114464 0.111106 -0.124592 -0.0395395
internal_weight=2216 2190 2155 2123 2066 2045 1546 1525 1502 1481 1445 1423 1393 499 1373 1349 473 1313 1289 1269 1145 124 1115 104 445 416 1091 931 909 72 57 52 160 837 817 743 59 74 391
internal_count=2216 2190 2155 2123 2066 2045 1546 1525 1502 1481 1445 1423 1393 499 1373 1349 473 1313 1289 1269 1145 124 1115 104 445 416 1091 931 909 72 57 52 160 837 817 743 59 74 391
is_linear=0
shrinkage=0.05


Tree=188
num_leaves=40
num_cat=0
split_feature=30 6 27 22 30 30 30 4 4 30 27 15 3 24 26 6 3 30 27 3 20 29 5 5 0 8 27 3 7 6 11 30 7 17 29 29 4 0 13
split_gain=2952.67 1406.77 3051.78 1750.3 1333.99 3608.75 1283.8 887.077 3895.2 6614.92 2487.7 14274.9 2060.21 1500.01 3433.51 976.796 914.899 966.029 721.376 3155.83 566.943 566.084 617.973 2186.88 559.824 535.431 485.25 448.464 430.577 430.484 412.082 388.397 484.9 364.057 355.993 323.831 302.628 398.84 296.208
threshold=-2.4608415365219112 4.711318016052247 -1.8494415283203123 -1.6634678840637205 1.3463437557220461 1.0567454695701601 0.9120679795742036 0.63365083932876598 0.73200729489326488 0.05640011094510556 -0.61005219817161549 0.36852522194385534 2.6286451816558842 0.84042927622795116 0.76333037018775951 2.872025847434998 -0.63102862238883961 0.38850161433219915 -1.1976896524429319 -0.55937233567237843 0.47406832873821264 -0.9346151053905486 0.82119813561439525 1.2087662220001223 0.033946326933801181 1.3023713231086733 -0.38315139710903162 -0.35542738437652582 0.87011989951133739 1.5763595104217532 2.0714380741119389 -0.61167719960212696 -0.97051039338111866 0.38609384000301367 -0.36884078383445734 -0.051848068833351128 1.4715248346328738 0.58968329429626476 1.374600410461426
decision_type=2 2 2 2 2 2 2 2 2 2 2 2 2 2 2 2 2 2 2 2 2 2 2 2 2 2 2 2 2 2 2 2 2 2 2 2 2 2 2
left_child=-1 2 3 -2 5 6 7 13 9 -9 11 27 15 14 18 24 30 20 19 -4 -18 -20 28 -24 -12 -22 -27 -10 31 34 38 32 -23 -31 -26 -19 -36 -38 -15
right_child=1 -3 4 -5 -6 -7 -8 8 10 -11 12 -13 -14 16 -16 -17 17 35 21 -21 25 22 23 -25 29 26 -28 -29 -30 33 -32 -33 -34 -35 36 -37 37 -39 -40
leaf_value=0.52969717059571009 -0.63257000314770273 0.41113284111022952 -0.15611155361964787 -0.087826172185355225 0.39629740431195215 -0.62705434495988099 0.36628442394236727 1.1725060882419347 -0.033253631989161175 -0.11346820291131735 0.20536653175950051 1.421225299909711 -0.51675258988425854 -0.0058730264935918436 0.53930925917008832 0.32355559553418844 -0.52368362442306848 0.10423978437548098 -0.22607002803124487 0.6603032685816288 -0.07720335592826208 -0.3046811533590349 0.5594818536724363 -0.01458070537493906 -0.13863484377287469 -0.19172822861847552 -0.53201972752809523 -0.33330774872563779 -0.20759975765981983 -0.34783221065998077 0.15433608770370486 -0.0112976305175318 -0.0096670158207416545 -0.058990208028505242 -0.060187492538431676 -0.16108646243810654 0.2613772466033697 0.018120727507031968 -0.19978306706874605
leaf_weight=26 30 20 29 29 21 23 24 20 33 20 24 20 21 54 29 21 23 23 32 20 30 26 21 79 53 22 20 20 31 20 25 993 30 24 99 23 20 107 31
leaf_count=26 30 20 29 29 21 23 24 20 33 20 24 20 21 54 29 21 23 23 32 20 30 26 21 79 53 22 20 20 31 20 25 993 30 24 99 23 20 107 31
internal_value=5.85321e-10 -0.00628864 -0.0101358 -0.364815 -0.000222986 -0.00420716 0.00272341 -0.0015475 0.0561778 0.529519 0.0151959 0.283027 -0.0350655 -0.0203522 0.00140771 -0.00757796 -0.132186 -0.216502 -0.0109627 0.177119 -0.307571 -0.0185667 -0.0129395 0.105972 -0.0276177 -0.238535 -0.353772 -0.146482 -0.0239499 -0.0449293 -0.0241092 -0.0185227 -0.146638 -0.190282 -0.0220063 -0.0284233 0.00534469 0.0564288 -0.0765932
internal_weight=2216 2190 2170 59 2111 2090 2067 2043 502 40 462 73 389 1541 1290 368 251 141 1261 49 95 1212 1180 100 347 72 42 53 1080 323 110 1049 56 44 279 46 226 127 85
internal_count=2216 2190 2170 59 2111 2090 2067 2043 502 40 462 73 389 1541 1290 368 251 141 1261 49 95 1212 1180 100 347 72 42 53 1080 323 110 1049 56 44 279 46 226 127 85
is_linear=0
shrinkage=0.05


Tree=189
num_leaves=40
num_cat=0
split_feature=12 22 30 16 30 29 29 27 3 27 27 10 30 3 22 20 18 29 15 6 5 13 9 24 10 8 22 33 19 25 2 15 15 25 3 0 20 31 6
split_gain=2932.43 10699.5 3519.82 1809.78 2886.64 900.684 2316.15 13244 42720.9 1895.47 1841.15 7952.09 1648.1 1268.59 1579.06 1286.97 4721.11 1196.39 1006.7 877.391 799.735 628.011 434.635 774.661 430.509 588.737 1462.56 472.708 439.275 1772.09 438.625 390.77 1987.31 424.32 367.002 617.915 662.182 362.933 777.172
threshold=-1.3944663405418394 -1.6634678840637205 -2.4608415365219112 -1.5391532182693479 -1.3757219314575193 0.24387346208095553 -0.0043747618328779927 -0.61005219817161549 -0.040552949532866471 -0.98058652877807606 -0.50910717248916615 -0.53129842877387989 1.0098809599876406 2.4729304313659672 2.3331806659698491 1.5960392355918886 1.4427022337913515 0.21100564301013949 1.8629074692726137 2.872025847434998 0.053704112768173225 0.52195915579795849 1.1875331997871401 1.0651214122772219 -1.0616104006767271 -0.88515466451644886 -0.73735532164573658 -0.047488911077380173 0.18809021264314654 0.35472053289413458 1.1408391594886782 -0.57336550951004017 -0.5110393464565276 -0.69581073522567738 -0.81843748688697804 -0.88292127847671498 0.14839695394039157 -0.10122772306203841 -0.20609266310930249
decision_type=2 2 2 2 2 2 2 2 2 2 2 2 2 2 2 2 2 2 2 2 2 2 2 2 2 2 2 2 2 2 2 2 2 2 2 2 2 2 2
left_child=2 -2 -1 -3 -5 6 13 8 -8 -7 11 -11 24 14 15 16 19 20 -17 22 37 -22 31 -24 30 26 -26 -27 -29 -30 -12 33 -33 -6 -34 36 -36 -9 -39
right_child=1 3 -4 4 5 9 7 17 -10 10 12 -13 -14 -15 -16 18 -18 -19 -20 -21 21 -23 23 -25 25 27 -28 28 29 -31 -32 32 34 -35 35 -37 -38 38 -40
leaf_value=-0.84700804410332986 1.0179135962174488 -0.45370324226942932 -0.059627124266698965 0.5718902051448822 -0.043516288974004252 -0.50414546132087712 -0.18094566134182183 -0.03163929260992164 2.6872681844234467 1.0008873383204142 -0.066863844191862476 -0.22341040376987725 -0.42578160558496753 -0.35150945048247068 0.38214631414413458 -0.061234868224710227 0.68618996733178694 0.28723457227461041 -0.48009724823328165 0.29685753012696903 -0.072572930413298306 -0.39053572143117588 -0.40798860773444173 -0.057767797847588856 -0.12113015863659055 0.13731201314527927 0.39531292835107218 -0.13485288071735152 0.41235253979407605 -0.088883299788629466 -0.35024308149110189 0.45700277378377713 -0.06873712702611777 -0.2181834077196462 0.31476681730709971 -0.014258878724035222 -0.0021286957458976435 0.33641380295157436 -0.018747994875492054
leaf_weight=22 26 22 40 22 202 23 37 149 20 21 36 36 31 28 25 32 24 32 26 21 44 24 20 75 29 29 26 145 21 110 22 23 219 42 32 379 34 24 43
leaf_count=22 26 22 40 22 202 23 37 149 20 21 36 36 31 28 25 32 24 32 26 21 44 24 20 75 29 29 26 145 21 110 22 23 219 42 32 379 34 24 43
internal_value=-5.45334e-10 0.00975825 -0.33902 -0.00255944 0.00215336 -0.00386114 0.015311 0.123939 0.825445 -0.0602177 -0.0400392 0.227647 -0.0740216 -0.0189685 -0.0108999 -0.0196033 -0.0071803 -0.00259825 -0.249001 -0.0230742 -0.0352555 -0.184795 -0.0296225 -0.131498 -0.0479341 -0.0275667 0.123007 -0.0547193 -0.0748965 -0.00853252 -0.174353 -0.019227 7.81375e-05 -0.0735819 -0.0157491 0.0103282 0.151518 0.0118218 0.108474
internal_weight=2216 2154 62 2128 2106 2084 1555 373 57 529 506 57 449 1182 1154 1129 1071 316 58 1047 284 68 1026 95 418 360 55 305 276 131 58 931 687 244 664 445 66 216 67
internal_count=2216 2154 62 2128 2106 2084 1555 373 57 529 506 57 449 1182 1154 1129 1071 316 58 1047 284 68 1026 95 418 360 55 305 276 131 58 931 687 244 664 445 66 216 67
is_linear=0
shrinkage=0.05


Tree=190
num_leaves=40
num_cat=0
split_feature=30 30 30 25 6 3 30 30 30 16 16 17 17 16 23 11 11 13 27 27 13 29 9 15 6 16 15 29 25 21 30 19 18 27 5 5 29 16 30
split_gain=3020.67 1476.39 2213.13 2049.14 1044.27 1392.3 974.779 3083.53 1452.09 797.317 747.818 3936.87 1827.16 3064.91 708.229 3429.89 1433.62 801.677 679.031 3197.51 580.847 530.236 516.794 376.998 579.473 455.633 1540.45 569.969 560.281 739.475 535.46 449.776 365.23 536.326 340.363 517.924 546.186 440.312 353.294
threshold=-2.4608415365219112 -0.88363802433013905 -0.7744469642639159 -1.6367047429084776 2.9478129148483281 2.5976400375366215 1.3463437557220461 1.0567454695701601 0.9120679795742036 -1.5391532182693479 2.2964339256286626 2.6455668210983281 1.942263722419739 1.840181350708008 1.3886072635650637 1.2636781334877016 1.5929055213928225 0.88261732459068309 -1.2386001944541929 -1.1030309796333311 -0.93772524595260609 -0.48264776170253748 -0.51890775561332692 -0.81912797689437855 2.2540702819824223 -0.63082122802734364 -0.58635970950126637 -0.012016487307846544 -0.58439117670059193 -0.55546247959136952 0.0032033097231760625 -0.72336301207542408 0.62438172101974498 -0.8057689070701598 -0.15154322236776349 -0.54020306468009938 0.04523908160626889 -1.2818565368652342 -0.13918532431125638
decision_type=2 2 2 2 2 2 2 2 2 2 2 2 2 2 2 2 2 2 2 2 2 2 2 2 2 2 2 2 2 2 2 2 2 2 2 2 2 2 2
left_child=-1 20 -3 -4 5 6 7 8 9 -5 12 -12 13 14 15 17 -16 18 21 -20 -2 -11 -6 34 25 26 27 30 -27 -30 -25 -29 33 -19 35 37 -37 -21 -36
right_child=1 2 3 4 22 -7 -8 -9 -10 10 11 -13 -14 -15 16 -17 -18 32 19 23 -22 -23 -24 24 -26 28 -28 31 29 -31 -32 -33 -34 -35 38 36 -38 -39 -40
leaf_value=0.53576266777056913 -0.12977723664138466 0.45050232970604198 -0.44620585676569208 0.29953479753299195 -0.0058243090659379961 0.36305411855379743 0.34042895067305795 -0.57758075581944512 0.41829002882753108 -0.028018765993740247 0.67036125497384513 -0.28674241268918632 -0.39502099176247918 0.59894300614084517 -0.44953619906747788 0.58021004742383953 -0.020650011944983688 -0.093567063892260202 0.60378461703658104 0.13943584674953258 -0.44511581918467646 -0.37552095907075067 -0.32128854528874967 0.065690788194875824 0.27502342805266383 -0.18761999178223496 0.49706613935530186 0.28166725800931458 0.26411528391405364 -0.0058589468699347383 -0.27581282407045365 -0.015360025717661933 -0.052724268553720324 -0.40624530985175328 -0.11900338208675386 -0.049274484138004483 -0.32963877869279767 -0.085212241167689426 0.11279436945527171
leaf_weight=26 40 27 26 22 20 27 21 23 21 23 22 21 30 21 27 25 70 32 22 29 23 21 37 22 20 41 20 25 26 1037 24 26 64 24 25 32 38 88 48
leaf_count=26 40 27 26 22 20 27 21 23 21 23 22 21 30 21 27 25 70 32 22 29 23 21 37 22 20 41 20 25 26 1037 24 26 64 24 25 32 38 88 48
internal_value=2.87519e-10 -0.00636065 0.000704713 -0.0050784 0.000451646 0.0064159 0.00157709 -0.00203687 0.00476555 0.000254376 -0.00320551 0.202939 -0.00797121 -0.00162613 -0.00859791 -0.00115108 -0.140031 -0.00976639 -0.000228148 0.00536629 -0.244901 -0.193872 -0.210599 -0.00340466 0.00806499 0.00369221 0.0975157 0.0151341 -0.00625104 0.000744374 -0.112485 0.130242 -0.13432 -0.227572 -0.0581502 -0.0938936 -0.201472 -0.0295302 0.0334116
internal_weight=2216 2190 2127 2100 2074 2017 1990 1969 1946 1925 1903 43 1860 1830 1809 1712 97 1687 1567 1523 63 44 57 1501 1241 1221 117 97 1104 1063 46 51 120 56 260 187 70 117 73
internal_count=2216 2190 2127 2100 2074 2017 1990 1969 1946 1925 1903 43 1860 1830 1809 1712 97 1687 1567 1523 63 44 57 1501 1241 1221 117 97 1104 1063 46 51 120 56 260 187 70 117 73
is_linear=0
shrinkage=0.05


Tree=191
num_leaves=40
num_cat=0
split_feature=28 30 7 30 11 7 8 12 3 4 5 5 12 3 30 28 30 33 27 22 30 15 21 29 5 5 27 0 30 29 29 7 8 12 6 33 27 27 0
split_gain=2871.09 7326.23 3414.66 2953.25 1164.65 5999.13 1758.12 8291.8 1314.97 1271.45 1594.55 4810.83 4752.67 10007.1 2711.75 1567.73 1412.02 950.168 944.248 960.081 872.383 752.096 562.049 602.395 489.586 551.552 551.158 878.363 567.363 1264.45 576.966 482.396 858.656 465.928 401.551 388.012 460.631 374.208 365.731
threshold=-1.5452485680580137 -0.18787831068038938 -1.3164669871330259 -2.4608415365219112 1.6160847544670107 1.6315463185310366 1.1994026899337771 1.2761033177375796 0.11722877249121667 2.1403487920761113 -0.25416688621044153 -0.27381822466850275 -1.2313437461853025 -0.81981548666954029 0.9120679795742036 -1.2078976035118101 -1.0270565152168272 -0.047483431175351136 -0.60438063740730275 0.028128980658948425 0.9120679795742036 1.0725123882293703 -0.69065865874290455 -0.091077558696269975 -0.18429545313119886 -0.14062581211328504 0.57176432013511669 -0.7135351002216338 -0.13500295579433438 -0.44785918295383448 -0.43391843140125269 1.8037331700325014 2.1217476129531865 2.6859822273254399 2.872025847434998 -0.047482512891292565 0.3867646604776383 -1.0741553902626035 0.41779297590255743
decision_type=2 2 2 2 2 2 2 2 2 2 2 2 2 2 2 2 2 2 2 2 2 2 2 2 2 2 2 2 2 2 2 2 2 2 2 2 2 2 2
left_child=1 -1 3 -2 5 6 7 9 21 10 11 12 13 -4 16 -14 -12 31 19 22 34 -8 23 -18 -20 -26 27 -27 30 -30 -29 -6 -33 -34 -17 -31 -37 -5 -32
right_child=2 -3 4 37 17 -7 8 -9 -10 -11 14 -13 15 -15 -16 20 18 -19 24 -21 -22 -23 -24 -25 25 26 -28 28 29 35 38 32 33 -35 -36 36 -38 -39 -40
leaf_value=1.1085828813910485 -0.83144577772102579 -0.17531808227300646 -0.16183003327654055 -0.2714727232543131 0.10867996311280877 0.78174348694086082 0.1337635081747304 0.89833379920858614 -0.49254607697327935 0.38607871504057023 -0.46052084082737565 0.79920371018815795 0.38796552228927617 1.3525292530655861 -0.5879223041236401 -0.011578255953529928 -0.068709785197126241 -0.45678636460077193 -0.19386195801198483 -0.45837021632628006 -0.31062740137179695 -0.28547587143257264 0.054562328518845904 -0.39747291979464622 0.25869515921388353 0.32798127739325816 -0.093518724068698877 -0.34565256401896477 0.33634646963328124 0.18926614113152029 -0.16990227123479482 -0.38457084518671036 0.15206670463085176 -0.18100268528574992 0.15835257441633277 -0.050900338337821677 0.19715647818077178 0.0077406359215577442 0.10637015646696091
leaf_weight=20 22 25 24 24 24 25 23 26 30 21 20 20 25 20 24 1013 38 21 32 22 24 20 39 22 21 23 124 20 32 24 23 25 21 21 36 172 21 24 25
leaf_count=20 22 25 24 24 24 25 23 26 30 21 20 20 25 20 24 1013 38 21 32 22 24 20 39 22 21 23 124 20 32 24 23 25 21 21 36 172 21 24 25
internal_value=-4.01262e-10 0.395305 -0.00819378 -0.351734 0.0032521 0.0120859 0.0022888 0.0115836 -0.238484 -0.000778625 -0.00518427 0.0304361 0.0169726 0.526515 -0.0658747 -0.00344627 -0.0468334 -0.153626 -0.0338652 -0.1596 -0.0125658 -0.0612316 -0.0932065 -0.189256 -0.00443788 0.0080602 -0.00328319 0.0296262 0.00797903 0.0429354 -0.120023 -0.083666 -0.152566 -0.014468 -0.0057465 -0.000332649 -0.0239097 -0.131866 -0.0260104
internal_weight=2216 45 2171 70 2101 1989 1964 1891 73 1865 1844 1162 1142 44 682 1098 658 112 638 121 1073 43 99 60 517 485 464 340 317 249 68 91 67 42 1049 217 193 48 48
internal_count=2216 45 2171 70 2101 1989 1964 1891 73 1865 1844 1162 1142 44 682 1098 658 112 638 121 1073 43 99 60 517 485 464 340 317 249 68 91 67 42 1049 217 193 48 48
is_linear=0
shrinkage=0.05


Tree=192
num_leaves=40
num_cat=0
split_feature=15 20 5 5 30 29 30 30 16 26 9 27 5 7 29 29 23 4 28 29 26 10 19 28 5 28 4 6 21 6 5 28 16 30 27 11 20 8 23
split_gain=3101.17 3760.86 1103.7 13352.9 4343.52 2944.38 2823.89 2585.28 2146.03 9649.39 1026.87 1090.19 4927.39 1085.65 1761.59 869.819 829.989 763.714 669.459 617.722 708.827 797.065 642.556 1133.68 1327.95 860.644 518.024 471.414 381.146 351.983 349.17 318.933 315.174 444.343 297.78 628.395 1279.45 764.858 433.84
threshold=-1.584319472312927 -1.6251678466796873 0.11047465354204179 0.068988487124443068 1.0098809599876406 1.6874600648880007 0.73168373107910167 -1.0270565152168272 0.64076015353202831 0.9546494483947755 0.46836832165718084 -1.1976896524429319 -0.57513877749443043 0.32105529308319097 -0.39011573791503901 -0.34897872805595392 0.38480401039123541 0.30046838521957403 2.1302229166030888 -0.12860795110464093 0.24659895896911624 -0.19707467406988141 -0.68080735206603993 -0.095167335122823701 0.82119813561439525 0.065179686993360533 -0.2023789584636688 2.5266120433807377 -1.345325708389282 1.5763595104217532 0.36375859379768377 0.33689612150192266 0.71212014555931102 0.40120925009250646 0.54337596893310558 -0.34948767721652979 0.41036282479763037 -0.41646523773670191 -0.96705266833305348
decision_type=2 2 2 2 2 2 2 2 2 2 2 2 2 2 2 2 2 2 2 2 2 2 2 2 2 2 2 2 2 2 2 2 2 2 2 2 2 2 2
left_child=-1 -2 3 4 5 10 7 -4 9 19 11 12 -3 27 -15 -10 -16 26 29 22 21 30 28 24 -24 -25 -17 34 -9 32 -21 -27 33 -12 -13 37 -37 38 -36
right_child=1 2 6 -5 -6 -7 -8 8 15 -11 18 13 -14 14 16 17 -18 -19 -20 20 -22 -23 23 25 -26 31 -28 -29 -30 -31 -32 -33 -34 -35 35 36 -38 -39 -40
leaf_value=0.44192125919776465 -0.63036171396573382 -0.2074395781526199 -0.58897392839193352 1.2726312855879467 0.57105069792631902 0.59404137805104262 -0.48367671293986814 0.043553563952445987 -0.42435146451537165 0.99755446243286139 -0.069708171473877117 -0.030725866214966903 0.83645289748907092 0.54103935072603437 -0.15070473086088898 -0.1375960076848666 0.19703543500320331 -0.27771877154516872 -0.29391442120075223 0.059574262540915912 -0.27626324799892149 0.21703110499164235 0.044317399939665429 -0.247938352651321 0.56008419598607972 0.21940059587359428 0.19830159558491275 -0.19513264652212256 -0.23343067843880921 -0.23231261567822817 -0.14165393079248523 -0.021445975590635231 -0.0095795190636524738 -0.3138371391729875 -0.089558682602185469 0.46690898581661966 0.039608069813572046 -0.27564664758168739 0.071306738535226399
leaf_weight=39 24 26 20 21 33 20 37 23 31 25 122 628 20 23 32 24 37 39 35 29 38 26 26 26 24 28 22 36 27 29 84 27 196 22 65 22 86 26 118
leaf_count=39 24 26 20 21 33 20 37 23 31 25 122 628 20 23 32 24 37 39 35 29 38 26 26 26 24 28 22 36 27 29 84 27 196 22 65 22 86 26 118
internal_value=4.60681e-10 -0.00791683 -0.000978285 0.0201448 0.00345562 -0.00868348 -0.0616503 -0.0315636 -0.00922255 0.0478422 -0.0165984 0.00807063 0.246427 -0.00214781 0.162083 -0.197634 0.0357646 -0.114949 -0.0849269 -0.0184785 -0.0848953 -0.0325789 0.0464705 0.104672 0.291885 -0.0108916 0.0230507 -0.0175497 -0.106018 -0.0651042 -0.0900113 0.101167 -0.0508424 -0.107006 -0.0107846 0.0287204 0.126651 -0.0218848 0.0141687
internal_weight=2216 2177 2153 1597 1576 1543 556 519 499 383 1523 1119 46 1073 92 116 69 85 404 358 177 139 181 131 50 81 46 981 50 369 113 55 340 144 945 317 108 209 183
internal_count=2216 2177 2153 1597 1576 1543 556 519 499 383 1523 1119 46 1073 92 116 69 85 404 358 177 139 181 131 50 81 46 981 50 369 113 55 340 144 945 317 108 209 183
is_linear=0
shrinkage=0.05


Tree=193
num_leaves=40
num_cat=0
split_feature=30 28 22 16 19 30 26 6 5 31 14 31 13 7 13 15 5 30 15 12 5 22 27 12 7 28 33 3 6 29 29 29 30 3 3 22 21 4 21
split_gain=2939.34 1503.29 2947.35 1187.03 2589.75 1820.75 1732.54 850.506 1664.04 895.686 9547.51 2579.88 1217.96 4296.85 1211.27 578.962 529.239 541.816 470.802 401.194 409.461 424.758 552.209 796.293 389.602 383.73 376.91 366.847 300.922 291.672 968.408 390.875 362.099 424.561 1138.82 956.994 1494.97 746.873 718.706
threshold=-2.4608415365219112 -1.5968321561813352 -1.6769025325775144 -1.043636620044708 -1.0584476590156553 1.0098809599876406 -0.82753142714500416 2.9755042791366582 3.179359078407288 0.83366858959198009 1.4366199374198916 0.9533381760120393 0.90714541077613842 1.1551225781440737 0.68816852569580089 -1.5233836174011228 0.053704112768173225 0.40120925009250646 1.7172574996948244 -0.90808945894241322 0.24803403764963153 -1.3616196513175962 0.48457282781600958 -1.0976715683937071 -0.16928865760564801 -1.0641618371009824 -0.047448830679059022 -0.18731062114238736 1.0881162881851199 -0.5066140592098235 -0.44785918295383448 -0.42408676445484156 -0.57159388065338124 -0.60071250796318043 -0.63929668068885792 0.43905407190322882 0.62624451518058788 -0.18270766735076902 0.051940530538558967
decision_type=2 2 2 2 2 2 2 2 2 2 2 2 2 2 2 2 2 2 2 2 2 2 2 2 2 2 2 2 2 2 2 2 2 2 2 2 2 2 2
left_child=-1 -2 -3 6 -5 7 15 8 9 12 11 -11 13 18 26 -4 -14 -18 25 20 21 27 23 -23 -9 -6 -13 -17 29 -27 -31 -32 -33 34 -34 38 -37 -38 -35
right_child=1 2 3 4 5 -7 -8 24 -10 10 -12 14 16 -15 -16 19 17 -19 -20 -21 -22 22 -24 -25 -26 28 -28 -29 -30 30 31 32 33 35 -36 36 37 -39 -40
leaf_value=0.5285003047723037 -0.33133073193686352 0.47528440057067201 -0.27487971380885162 0.55804943481371516 -0.20776769261962424 0.37957769939976355 -0.46498979742328328 -0.053217306099832065 0.45213704168796537 0.43121564601858459 1.1003708288783121 0.023565498178429678 -0.084885941442026172 0.72499570265412339 -0.29440571672386595 -0.063196717503552255 -0.38314066375879685 -0.055167397484183311 -0.25460092306137083 -0.23448271846229379 0.13767936086576235 0.37177922785282136 -0.18072918596721832 -0.025823161318240796 -0.34675090909004214 -0.07161742703079485 -0.16393605021294208 -0.3151744578778744 -0.14597615039831885 0.28336713278005199 -0.21934924989938739 0.16420676269951989 0.011824026252239045 -0.042006902531293674 0.36509819893787304 0.44782240696899267 -0.12790489297132104 0.20363768854966532 -0.22507577577339755
leaf_weight=26 35 32 28 21 24 31 30 20 20 30 21 165 196 20 45 52 34 20 20 22 38 20 21 34 26 129 32 20 37 31 20 34 461 229 24 23 49 26 70
leaf_count=26 35 32 28 21 24 31 30 20 20 30 21 165 196 20 45 52 34 20 20 22 38 20 21 34 26 129 32 20 37 31 20 34 461 229 24 23 49 26 70
internal_value=-1.97123e-10 -0.00627443 -0.000995096 -0.00817406 0.00594566 -0.000365818 -0.107172 -0.00688755 -0.00134037 -0.00655275 0.0731684 -0.00613763 -0.0226953 -0.0017313 -0.060355 -0.0614931 -0.123071 -0.261669 -0.0140801 -0.0326292 -0.00862497 -0.0464451 0.0368305 0.121437 -0.219128 -0.00992244 -0.00689161 -0.133191 -0.00573154 -0.000997006 0.00842392 -0.000682106 0.00409229 -0.00207993 0.0293056 -0.0404225 0.0951751 -0.0129701 -0.0848658
internal_weight=2216 2190 2155 2123 1858 1837 265 1806 1760 1740 293 272 1447 1197 242 235 250 54 1177 207 185 147 75 54 46 1157 197 72 1133 1096 967 936 916 882 485 397 98 75 299
internal_count=2216 2190 2155 2123 1858 1837 265 1806 1760 1740 293 272 1447 1197 242 235 250 54 1177 207 185 147 75 54 46 1157 197 72 1133 1096 967 936 916 882 485 397 98 75 299
is_linear=0
shrinkage=0.05


Tree=194
num_leaves=40
num_cat=0
split_feature=18 16 17 12 13 6 12 29 29 27 3 11 30 7 27 17 24 10 4 24 6 0 33 15 17 24 7 29 13 28 30 16 17 17 16 20 15 29 15
split_gain=2849.7 10672.4 1705.92 2939.29 2662.73 1895.34 1207.42 852.715 1886.47 14207 34973 1623.46 2646.97 2503.39 5874.2 1255.72 11987 1209.19 1198.34 1005.52 803.741 797.43 954.647 1303.38 828.355 743.726 1070.71 1417.14 571.302 534.651 486.715 476.551 692.48 549.073 666.006 1237.69 531.988 514.58 613.841
threshold=-1.642467141151428 -1.5978951454162595 -1.4076604247093198 -1.2313437461853025 -1.3370534777641294 -0.16528427600860593 -1.3754690289497373 0.24387346208095553 -0.0043747618328779927 -0.61005219817161549 -0.1287453509867191 0.048919921740889556 0.83155819773674022 -0.27723200619220728 -0.15071246773004529 1.8931055068969729 1.3891622424125674 -0.31344148516654963 2.0923999547958378 2.2618991136550908 2.872025847434998 -1.0934466719627378 -0.047464711591601365 -1.0029363632202146 -0.72542607784271229 0.54888731241226207 -0.010048244614154099 0.10849614441394807 -1.1893352270126341 0.5568208396434785 -0.41576202213764185 0.099900886416435256 0.044704664498567588 -0.023909518495202061 -0.13545396178960797 -0.10507600754499434 0.19653815776109698 -0.43391843140125269 0.50460931658744823
decision_type=2 2 2 2 2 2 2 2 2 2 2 2 2 2 2 2 2 2 2 2 2 2 2 2 2 2 2 2 2 2 2 2 2 2 2 2 2 2 2
left_child=-1 -2 4 -4 6 -6 -3 8 15 10 -10 13 -13 17 -15 18 -17 21 20 -18 31 -9 30 -24 -25 26 -11 -28 -7 -27 -23 32 33 34 -5 -36 -33 38 -38
right_child=1 2 3 7 5 28 -8 11 9 25 -12 12 -14 14 -16 16 19 -19 -20 -21 -22 22 23 24 -26 29 27 -29 -30 -31 -32 36 -34 -35 35 -37 37 -39 -40
leaf_value=-0.47602498050658931 1.128499972820282 -0.12612338633244408 0.47486401114499932 -0.018286124265521134 -0.79475170409306894 -0.41553497517650784 0.35898435642213927 0.15121840398226466 -0.12615567822799539 -0.022253536270261651 2.5235781317949297 -0.11051359921922817 -0.71826104933307289 0.96838638857450521 -0.051825508856496151 1.1469009575518696 -0.53846598579770044 0.20138921294557421 -0.37588672681401175 -0.049170538605678653 0.28046826882795856 -0.41448351380725701 -0.26133488496765495 0.40504112955182792 -0.00048669243560117833 -0.34429732962794929 -0.060691502383402131 0.47556369989844305 -0.080081163148085277 -0.061408416829148285 -0.16816443369769662 -0.19112515881883377 0.21490455065902914 -0.22172364060367858 0.004359209048561752 0.48225308001041417 0.038824935071170331 -0.0059923851638237335 -0.19698800895823521
leaf_weight=31 21 29 33 378 20 22 23 28 33 178 20 122 21 21 43 22 21 38 24 21 22 24 30 20 34 23 22 28 30 61 122 66 38 28 42 20 40 328 89
leaf_count=31 21 29 33 378 20 22 23 28 33 178 20 122 21 21 43 22 21 38 24 21 22 24 30 20 34 23 22 28 30 61 122 66 38 28 42 20 40 328 89
internal_value=3.65048e-10 0.00675367 -0.00413204 0.00681297 -0.184195 -0.381101 0.0884435 -0.00088294 0.0179648 0.116885 0.873744 -0.0572387 -0.199763 -0.000624761 0.282932 -0.013735 0.201429 -0.0619342 -0.0265447 -0.293818 -0.0185674 -0.100718 -0.131389 0.00290748 0.149709 -0.0116837 0.035173 0.239611 -0.222004 -0.138866 -0.208655 -0.0249607 0.00963262 -0.00703476 0.00662726 0.158519 -0.0584296 -0.0392657 -0.123868
internal_weight=2216 2185 2164 2040 124 72 52 2007 1504 365 53 503 143 360 64 1139 64 296 1075 42 1051 258 230 84 54 312 228 50 52 84 146 1029 506 468 440 62 523 457 129
internal_count=2216 2185 2164 2040 124 72 52 2007 1504 365 53 503 143 360 64 1139 64 296 1075 42 1051 258 230 84 54 312 228 50 52 84 146 1029 506 468 440 62 523 457 129
is_linear=0
shrinkage=0.05


Tree=195
num_leaves=40
num_cat=0
split_feature=30 21 22 29 29 27 3 27 27 30 17 24 4 29 30 24 31 4 6 6 10 2 28 7 24 30 22 30 4 33 6 29 0 11 16 15 15 30 19
split_gain=2833.81 1364.71 2161.45 1085.36 1862.88 10802.8 35110 1764.72 5936.42 1420.81 1166.32 10818.3 1061.98 988.813 953.954 907.484 736.299 597.286 557.178 1239.43 542.53 579.665 527.379 482.63 1589.46 442.286 1164.4 415.032 1010.29 405.886 327.365 305.123 270.537 311.33 237.734 646.731 1333.31 625.375 916.062
threshold=-2.4608415365219112 -1.6710991859436033 -1.6503179669380186 0.24387346208095553 -0.0043747618328779927 -0.61005219817161549 -0.040552949532866471 -0.68579265475273121 -0.51698425412178028 1.0098809599876406 1.8931055068969729 1.3891622424125674 2.0923999547958378 0.21100564301013949 0.33584715425968176 2.2618991136550908 1.2160363197326662 1.5120968818664553 3.3894180059432988 2.1986874341964726 -1.0616104006767271 1.1408391594886782 -1.179234445095062 1.5819175839424136 1.3891622424125674 0.46395739912986761 -0.28413601219654078 -0.30386248230934138 -0.3167183250188827 -0.047485232353210442 0.46287341415882116 0.45624069869518286 -0.54879942536354054 0.11486974731087686 0.11696172505617143 -0.57336550951004017 -0.5110393464565276 0.21499668806791308 -0.16315869987010953
decision_type=2 2 2 2 2 2 2 2 2 2 2 2 2 2 2 2 2 2 2 2 2 2 2 2 2 2 2 2 2 2 2 2 2 2 2 2 2 2 2
left_child=-1 -2 -3 4 10 6 -6 14 -9 20 12 -12 18 16 22 -13 17 30 19 23 21 -10 -5 34 -25 27 -27 28 -22 31 -7 -29 -31 -34 35 -4 -37 38 -38
right_child=1 2 3 7 5 13 -8 8 9 -11 11 15 -14 -15 -16 -17 -18 -19 -20 -21 25 -23 -24 24 -26 26 -28 29 -30 32 -32 -33 33 -35 -36 36 37 -39 -40
leaf_value=0.51892617711654077 -0.35943756658169956 0.45138677292718338 -0.050963022432514576 -0.34036457496029993 -0.16716943518478877 -0.04552554648537277 2.4330305129289629 0.67235716874045992 -0.069090722103913635 -0.39869769616052508 1.0895559430122377 -0.51154268696194605 -0.34389091626955914 0.26105599738657476 -0.56227260107795407 -0.046712016926280096 -0.25804811120033266 0.24544902525164863 -0.26974363801154227 0.35589357397773047 0.3333903170767285 -0.36213720625749346 0.018390874341130257 -0.45154350996017456 0.033715326016147934 0.40386637471616266 -0.028725411875971725 0.12573195692490449 -0.12901423617645547 -0.29960357647389174 0.1661329182982445 -0.11150399230258622 -0.068905787769949337 -0.25116511285305027 -0.041373177588488283 0.42347552167332697 -0.012487920473403899 -0.085508391403538345 0.21201260621218304
leaf_weight=26 27 26 253 21 37 211 20 28 45 32 22 21 26 32 24 21 32 22 22 22 21 27 20 27 45 20 70 33 27 20 20 23 122 29 445 23 113 85 76
leaf_count=26 27 26 253 21 37 211 20 28 45 32 22 21 26 32 24 21 32 22 22 22 21 27 20 27 45 20 70 33 27 20 20 23 122 29 445 23 113 85 76
internal_value=-1.61895e-09 -0.00616077 -0.00175093 -0.00726407 0.0140213 0.111466 0.745181 -0.0669163 -0.0348744 -0.0770971 -0.0163236 0.191358 -0.0280136 -0.00248297 -0.311914 -0.279127 -0.0320733 -0.00349152 -0.0206214 -0.0155886 -0.0535474 -0.178983 -0.165362 -0.023248 -0.148257 -0.028804 0.0674061 -0.0602909 0.0732878 -0.0885366 -0.0272001 0.0282958 -0.126797 -0.103909 -0.0142022 0.00778164 0.0578234 0.02713 0.0777874
internal_weight=2216 2190 2163 2137 1575 374 57 562 497 469 1201 64 1137 317 65 42 285 253 1111 1089 437 72 41 1067 72 365 90 275 48 227 231 56 171 151 995 550 297 274 189
internal_count=2216 2190 2163 2137 1575 374 57 562 497 469 1201 64 1137 317 65 42 285 253 1111 1089 437 72 41 1067 72 365 90 275 48 227 231 56 171 151 995 550 297 274 189
is_linear=0
shrinkage=0.05


Tree=196
num_leaves=40
num_cat=0
split_feature=12 29 30 26 4 22 5 4 22 11 11 33 7 13 4 12 17 33 33 30 13 18 27 31 30 5 3 10 27 27 33 5 27 11 27 10 30 15 5
split_gain=2836.42 9814.98 3455.59 1982.73 6539.07 3071.02 907.329 855.807 935.382 1591.32 10005.7 2062.8 1545.99 1003.27 1164.81 1767.52 972.122 926.226 13373.3 2853.8 996.094 729.16 600.758 553.82 512.493 505.398 496.177 481.543 433.58 2910.68 576.506 611.852 554.022 508.639 442.426 796.872 2257.53 767.226 836.192
threshold=-1.3944663405418394 2.6909836530685429 -2.4608415365219112 -1.354209244251251 -0.3167183250188827 -1.6105053424835203 3.5429087877273564 2.0524426698684697 2.3331806659698491 1.2957069873809817 1.1975004673004153 -0.047482879832386964 1.4905631542205813 0.26049153506755834 1.8600328564643862 -0.25682184100151056 -0.39341582357883448 -0.04748337343335151 -0.047483706846833222 1.0567454695701601 0.20815832167863849 1.7937170863151553 -0.92757096886634816 2.4671766757965092 0.77898994088172924 1.0000000180025095e-35 -0.3678294420242309 1.5550780892372134 -0.099173549562692628 1.0000000180025095e-35 -0.047462873160839074 0.31572198867797857 0.050183769315481193 -1.1441652178764341 0.54337596893310558 -0.29336719214916224 0.04796248301863671 -0.028527256101369854 -0.26071733236312861
decision_type=2 2 2 2 2 2 2 2 2 2 2 2 2 2 2 2 2 2 2 2 2 2 2 2 2 2 2 2 2 2 2 2 2 2 2 2 2 2 2
left_child=2 3 -1 4 -2 -5 7 8 9 10 12 27 13 14 17 -16 -15 18 20 28 22 24 -7 26 -18 -24 -9 -11 30 -30 -19 -32 -31 -34 -35 37 -37 38 -36
right_child=1 -3 -4 5 -6 6 -8 23 -10 11 -12 -13 -14 16 15 -17 21 19 -20 -21 -22 -23 25 -25 -26 -27 -28 -29 29 32 31 -33 33 34 35 36 -38 -39 -40
leaf_value=-0.83675558634779679 -0.27312788565953577 1.0602858563038438 -0.056592624373734003 -0.54801376507832456 0.9901392737030984 -0.28693404641002418 0.33394091006368404 -0.2490092471508043 0.26299741016521105 -0.23072216548025609 1.0963063692762738 -0.53851895121664839 0.43541636578738691 -0.40843468129634863 -0.019236820284277201 0.617202906832099 -0.027127147699316401 -0.089245340592301312 1.2397881623519504 -0.58611113537441606 0.30564543080329898 -0.3405628502368927 0.0099822587902799898 -0.34892402654886245 -0.27454876195300709 -0.23743333030830729 0.012058223955906354 -0.0020263266772395229 0.44798178580161691 -0.27210823073983192 -0.077683224012294133 0.23399573458591477 -0.20713823783610549 -0.047641537601387576 0.24365005826820499 0.64616982467472561 -0.060413755111445568 -0.1556275219966968 -0.049004641275566363
leaf_weight=22 21 22 40 26 20 20 20 28 34 32 21 29 20 20 24 20 430 241 23 22 25 21 334 25 22 22 52 82 37 20 31 32 28 158 46 20 26 48 52
leaf_count=22 21 22 40 26 20 20 20 28 34 32 21 29 20 20 24 20 430 241 23 22 25 21 334 25 22 22 52 82 37 20 31 32 28 158 46 20 26 48 52
internal_value=6.76107e-10 0.00959718 -0.333425 -0.00124482 0.3431 -0.00799668 -0.00119743 -0.00447507 0.0030499 -0.00158715 0.0114244 -0.162002 -0.00165397 -0.00673028 0.0174416 0.270054 -0.0669884 0.00806189 0.0672833 -0.024934 3.2409e-05 -0.0525509 -0.0202876 -0.143508 -0.0391698 -0.00530747 -0.0793154 -0.0662216 -0.00822779 0.0237888 -0.0540409 0.0806299 -0.0156463 -0.00207686 0.014328 0.0653238 0.246796 0.00814754 0.0883639
internal_weight=2216 2154 62 2132 41 2091 2065 2045 1940 1906 1763 143 1742 1722 1229 44 493 1185 424 761 401 473 376 105 452 356 80 114 739 435 304 63 398 378 350 192 46 146 98
internal_count=2216 2154 62 2132 41 2091 2065 2045 1940 1906 1763 143 1742 1722 1229 44 493 1185 424 761 401 473 376 105 452 356 80 114 739 435 304 63 398 378 350 192 46 146 98
is_linear=0
shrinkage=0.05


Tree=197
num_leaves=40
num_cat=0
split_feature=28 20 7 30 30 33 30 10 29 29 27 3 30 3 17 3 29 14 6 5 7 24 13 22 13 27 10 16 4 10 12 24 30 8 13 2 24 16 30
split_gain=2886.36 7109.25 3288.14 2593.97 1309.58 1235.91 3506.6 1119.36 933.266 1890.63 10365 30215.7 1227 1165.86 1846.84 11392.1 1060.53 1037.38 713.296 664.33 583.864 1340.55 483.527 472.181 453.268 383.75 604.998 1555.43 834.26 421.385 556.25 367.056 362.369 396.191 339.819 347.836 328.723 316.438 756.695
threshold=-1.5452485680580137 -1.5288347005844114 -1.3164669871330259 -2.4608415365219112 1.2409112453460696 -0.047398863360285752 -1.1101645231246946 -1.2736026644706724 0.24387346208095553 -0.0043747618328779927 -0.61005219817161549 -0.1287453509867191 0.95535138249397289 1.461473882198334 1.8931055068969729 -0.094295192509889589 0.21100564301013949 0.94673392176628124 2.5557608604431157 0.053704112768173225 1.5819175839424136 1.3269267678260805 0.52195915579795849 -0.49671018123626703 -1.2302657961845396 0.36348617076873785 -0.31344148516654963 0.64076015353202831 0.40312792360782629 1.0000000180025095e-35 0.32469847798347479 -1.4537886977195738 0.44159604609012609 -0.18921527266502378 -0.39906629920005793 1.1408391594886782 1.0351665616035464 0.093140266835689559 0.54583135247230541
decision_type=2 2 2 2 2 2 2 2 2 2 2 2 2 2 2 2 2 2 2 2 2 2 2 2 2 2 2 2 2 2 2 2 2 2 2 2 2 2 2
left_child=1 -1 3 -2 5 6 -4 -8 9 13 11 -11 25 14 18 -16 19 23 20 -12 24 -22 -21 -15 -9 29 28 -28 -27 32 -31 -5 33 34 35 -10 -32 -26 -39
right_child=2 -3 4 31 -6 -7 7 8 12 10 16 -13 -14 17 15 -17 -18 -19 -20 22 21 -23 -24 -25 37 26 27 -29 -30 30 36 -33 -34 -35 -36 -37 -38 38 -40
leaf_value=1.0989912223815919 -0.79491782337427142 -0.16575444832444192 0.60463635859390097 -0.01733184332648913 0.40568122386932376 -0.31945682615041737 0.36890097364783286 -0.22173897844552992 -0.12246047187557754 -0.14203537672758101 0.012453671839348106 2.2941947853565217 -0.42404119229835013 -0.30762348529838385 -0.27292254216530742 1.2309585243463517 0.27742193956528943 -0.45282028126530349 0.27901388347148898 -0.068376530859280721 -0.46423969268798831 0.0041988727237497062 -0.34737556368733447 -0.046362239897859342 0.023689128879285076 -0.1425269920958413 0.49405255485326055 -0.029194906943154582 0.14516006671956608 -0.38866451615872594 -0.012236499879509212 -0.29605016580649784 0.10309208500445546 0.093189119119887004 -0.22658676296472549 0.12572474576532841 -0.23560926950137531 -0.056966952406443089 0.20001878055833999
leaf_weight=20 22 25 24 27 20 30 20 25 48 35 215 20 23 21 34 20 31 24 20 44 24 42 24 98 440 90 20 49 35 23 40 21 34 27 45 20 28 377 31
leaf_count=20 22 25 24 27 20 30 20 25 48 35 215 20 23 21 34 20 31 24 20 44 24 42 24 98 440 90 20 49 35 23 40 21 34 27 45 20 28 377 31
internal_value=-2.50125e-10 0.396355 -0.00821555 -0.345332 0.0030163 -0.00085362 0.00380659 -0.00330733 -0.00701643 0.0121521 0.11069 0.743867 -0.0676636 -0.0193017 -0.000435869 0.28407 -0.000216437 -0.152946 -0.016456 -0.0306291 -0.0227493 -0.166142 -0.166847 -0.0924672 -0.0119086 -0.0498059 0.00362718 0.122471 -0.0619746 -0.0889229 -0.176108 -0.139271 -0.0433263 -0.078885 -0.12 -0.0494648 -0.104214 -0.00572257 -0.0374411
internal_weight=2216 45 2171 70 2101 2081 2051 2027 2007 1525 369 55 482 1156 1013 54 314 143 959 283 939 66 68 119 873 459 194 69 125 265 91 48 174 140 113 68 68 848 408
internal_count=2216 45 2171 70 2101 2081 2051 2027 2007 1525 369 55 482 1156 1013 54 314 143 959 283 939 66 68 119 873 459 194 69 125 265 91 48 174 140 113 68 68 848 408
is_linear=0
shrinkage=0.05


Tree=198
num_leaves=40
num_cat=0
split_feature=30 30 6 18 24 33 31 5 30 5 8 11 16 5 6 13 4 29 27 28 27 30 17 10 3 29 5 29 5 28 16 6 25 3 10 0 3 29 30
split_gain=3240.34 1563.28 2186.37 2292.26 1391.93 861.612 880.514 790.595 1831.23 1592.99 4407.52 1315.21 905.834 8240.87 758.484 563.606 551.607 542.836 481.982 2999.34 576.364 1006.87 581.135 597.005 470.514 443.921 398.086 718.634 383.349 374.109 439.442 320.224 305.475 555.753 275.659 281.026 1004.06 448.848 401.461
threshold=-2.4608415365219112 -0.88363802433013905 4.6428182125091562 -1.5910865664482114 -1.4537886977195738 -0.047405436635017388 2.8130685091018681 0.93583095073699962 1.0098809599876406 0.700014889240265 -0.039666689932346337 1.3154855370521548 1.840181350708008 -0.19084589928388593 2.872025847434998 -0.93772524595260609 -0.85276097059249867 -0.35419803857803339 -1.2386001944541929 -1.2250468134880064 -0.55673480033874501 0.57472524046897899 -0.11803339794278143 1.3998546004295351 -0.37196347117424006 -0.53842404484748829 0.41179519891738897 -0.17851312458515164 0.33974029123783117 -0.51322025060653675 0.43896833062171942 -0.38098575174808497 -0.58439117670059193 -0.63929668068885792 -1.2105705142021177 0.2337397634983063 1.14246541261673 -0.29497282207012171 -0.48024511337280268
decision_type=2 2 2 2 2 2 2 2 2 2 2 2 2 2 2 2 2 2 2 2 2 2 2 2 2 2 2 2 2 2 2 2 2 2 2 2 2 2 2
left_child=-1 15 3 4 -3 6 7 8 9 12 -11 16 14 17 18 -2 -9 -14 -5 -20 21 22 32 24 -24 -18 28 -28 34 -27 -31 -19 33 -21 -22 36 38 -37 -36
right_child=1 2 -4 5 -6 -7 -8 11 -10 10 -12 -13 13 -15 -16 -17 25 31 19 20 26 -23 23 -25 -26 29 27 -29 -30 30 -32 -33 -34 -35 35 37 -38 -39 -40
leaf_value=0.5549015453228584 -0.138645146638155 -0.03337026946246624 0.52099639995954927 -0.1669314426611419 -0.58371061795149692 0.28963084908632131 0.30102640485080578 -0.28783670663833621 0.35111513208401834 -0.1712606786871734 0.84363780617713935 -0.44905475271946715 -0.34014052087441088 1.0386083161830901 0.25214421282020899 -0.44926844012478129 0.15669062733650208 0.10291017954764159 0.56465887044641105 0.053141935102641584 -0.17451048481464387 -0.37785579760869348 -0.13860362763206166 0.0088267964031547314 -0.41274158488959078 -0.19532410843750916 0.35247584054512637 -0.031585306340250474 -0.21645477420609929 0.065548733259654712 -0.12628365313159484 -0.16714307594866981 0.089556090557016438 -0.20450429789101088 -0.17018170786254549 -0.15331106845579753 0.32611338654533029 -0.010097522677104703 0.0052383238407544865
leaf_weight=26 40 20 20 54 27 26 24 22 38 23 20 23 20 20 26 23 29 23 22 50 25 27 45 40 24 37 21 29 23 72 51 21 64 36 34 77 24 189 801
leaf_count=26 40 20 20 54 27 26 24 22 38 23 20 23 20 20 26 23 29 23 22 50 25 27 45 40 24 37 21 29 23 72 51 21 64 36 34 77 24 189 801
internal_value=3.26856e-10 -0.00658787 0.000682436 -0.00425647 -0.349523 0.00362097 -3.50037e-05 -0.00362977 0.00775268 0.000245329 0.300785 -0.0900196 -0.00737898 0.152694 -0.0157254 -0.252047 -0.0508831 -0.124154 -0.0201195 -0.0149413 -0.0233914 -0.0872918 -0.0570014 -0.144861 -0.233956 -0.0233012 -0.0084482 0.12972 -0.0143377 -0.0559247 -0.0139915 -0.0259789 0.00684355 -0.05471 -0.0102954 -0.00664617 0.00726012 -0.0515541 -0.00190453
internal_weight=2216 2190 2127 2107 47 2060 2034 2010 1776 1738 43 234 1695 84 1611 63 211 64 1585 1531 1509 286 259 109 69 189 1223 50 1173 160 123 44 150 86 1150 1125 859 266 835
internal_count=2216 2190 2127 2107 47 2060 2034 2010 1776 1738 43 234 1695 84 1611 63 211 64 1585 1531 1509 286 259 109 69 189 1223 50 1173 160 123 44 150 86 1150 1125 859 266 835
is_linear=0
shrinkage=0.05


Tree=199
num_leaves=40
num_cat=0
split_feature=15 20 11 9 30 22 17 25 30 26 6 0 4 9 10 15 16 5 10 27 3 29 6 29 17 4 28 33 16 9 28 29 29 16 33 20 24 16 2
split_gain=2959.15 3668.34 1201.1 2894.35 7461.77 1334.24 1023.46 3064.46 1458.2 1140.53 899.948 1559.78 783.551 3807.46 11780.6 1230.54 3460.36 1770.03 1048.63 1014.66 1153.97 1419.65 749.561 671.918 555.523 509.275 770.132 500.111 498.207 476.161 454.491 436.012 841.648 462.026 430.797 2079.54 1007.28 767.739 438.264
threshold=-1.584319472312927 -1.6251678466796873 -1.2946693301200864 -1.2051863074302671 -0.26025116443634028 -1.5647881627082822 -1.0575495958328245 -1.0298155546188352 1.0098809599876406 -0.82753142714500416 2.9755042791366582 2.7011975049972539 0.55250677466392528 1.2217946052551272 1.6993367671966555 1.9299823045730593 1.840181350708008 -0.31312091648578638 0.95806521177291881 -0.54561036825180043 -0.32855626940727228 0.04523908160626889 1.9975603222846987 -0.26970542967319483 1.4656423330307009 0.94101473689079296 -0.091142848134040819 -0.047456894069910042 -1.2818565368652342 1.1024599671363833 -0.47271479666233057 0.45624069869518286 0.38735149800777441 -0.79089617729187001 -0.047474030405282967 -0.10507600754499434 -0.70586934685707081 -0.75628745555877674 2.2576968073844914
decision_type=2 2 2 2 2 2 2 2 2 2 2 2 2 2 2 2 2 2 2 2 2 2 2 2 2 2 2 2 2 2 2 2 2 2 2 2 2 2 2
left_child=-1 -2 5 4 -4 -3 9 -8 10 27 11 12 15 18 -15 16 19 -17 22 20 30 29 23 -14 31 26 -25 -5 -29 -22 -9 32 34 -33 38 36 37 -36 -21
right_child=1 2 3 6 -6 -7 7 8 -10 -11 -12 -13 13 14 -16 17 -18 -19 -20 24 21 -23 -24 25 -26 -27 -28 28 -30 -31 -32 33 -34 -35 35 -37 -38 -39 -40
leaf_value=0.4316837275257478 -0.62247443621357279 -0.032728877609770279 1.1319239208707585 0.025295922600823209 -0.092006855932149023 -0.5456380096219835 0.62220856979489325 0.029144191882900291 0.3345335042336956 -0.37425654262304309 -0.21731948378895011 0.36358222725062539 -0.10370075924973934 1.3491431332769848 -0.28883020322283975 -0.04787957686427477 0.63722302079200743 -0.63170308826491239 -0.32522780975407883 -0.01419240385547757 -0.053229204112042988 -0.53475849231512385 0.32044180989265447 0.3950030254510542 -0.20069969074033642 0.0070119958821233813 0.038378085613977625 -0.038175343432360231 -0.31938781174165864 -0.31295240831375126 -0.17749550495828903 0.13594470265365782 0.2834009780195253 -0.11980730854646043 -0.088365967012941846 0.56163029581308366 -0.20333232897761705 0.27880063535678867 0.21798246843474256
leaf_weight=39 24 32 20 82 33 21 20 111 32 35 49 29 100 21 23 37 20 20 23 633 60 29 20 24 34 182 41 36 28 25 35 21 29 111 24 20 37 35 21
leaf_count=39 24 32 20 82 33 21 20 111 32 35 49 29 100 21 23 37 20 20 23 633 60 29 20 24 34 182 41 36 28 25 35 21 29 111 24 20 37 35 21
internal_value=2.14354e-10 -0.00773342 -0.000880761 0.00505212 0.369854 -0.235957 -0.00439316 0.00661794 -5.15142e-05 -0.117911 -0.00595379 -8.58429e-05 -0.00616094 0.0520212 0.49293 -0.025555 -0.0151542 -0.25273 0.00227764 -0.0258053 -0.113473 -0.23268 0.0228025 0.0056475 -0.00218502 0.049918 0.170055 -0.0564583 -0.161206 -0.129618 -0.0203927 0.00506471 0.0189725 -0.0791195 0.00901349 0.0978151 0.0011869 0.129445 -0.00673725
internal_weight=2216 2177 2153 2100 53 53 2047 1866 1846 181 1814 1765 1736 434 44 1302 1245 57 390 1225 260 114 367 347 965 247 65 146 64 85 146 931 799 132 770 116 96 59 654
internal_count=2216 2177 2153 2100 53 53 2047 1866 1846 181 1814 1765 1736 434 44 1302 1245 57 390 1225 260 114 367 347 965 247 65 146 64 85 146 931 799 132 770 116 96 59 654
is_linear=0
shrinkage=0.05


end of trees

feature_importances:
Column_30=854
Column_29=722
Column_5=537
Column_27=517
Column_3=361
Column_7=326
Column_4=301
Column_33=297
Column_15=285
Column_6=280
Column_28=272
Column_0=220
Column_16=214
Column_8=191
Column_12=191
Column_22=184
Column_18=181
Column_20=173
Column_11=171
Column_13=162
Column_9=151
Column_17=150
Column_31=148
Column_24=144
Column_14=129
Column_21=127
Column_10=123
Column_23=101
Column_19=94
Column_26=83
Column_25=67
Column_2=44

parameters:
[boosting: gbdt]
[objective: regression]
[metric: l2]
[tree_learner: serial]
[device_type: cpu]
[data_sample_strategy: bagging]
[data: ]
[valid: ]
[num_iterations: 200]
[learning_rate: 0.05]
[num_leaves: 40]
[num_threads: 10]
[seed: 42]
[deterministic: 0]
[force_col_wise: 0]
[force_row_wise: 0]
[histogram_pool_size: -1]
[max_depth: -1]
[min_data_in_leaf: 20]
[min_sum_hessian_in_leaf: 0.001]
[bagging_fraction: 1]
[pos_bagging_fraction: 1]
[neg_bagging_fraction: 1]
[bagging_freq: 0]
[bagging_seed: 400]
[bagging_by_query: 0]
[feature_fraction: 1]
[feature_fraction_bynode: 1]
[feature_fraction_seed: 30056]
[extra_trees: 0]
[extra_seed: 12879]
[early_stopping_round: 0]
[early_stopping_min_delta: 0]
[first_metric_only: 0]
[max_delta_step: 0]
[lambda_l1: 0]
[lambda_l2: 0]
[linear_lambda: 0]
[min_gain_to_split: 0]
[drop_rate: 0.1]
[max_drop: 50]
[skip_drop: 0.5]
[xgboost_dart_mode: 0]
[uniform_drop: 0]
[drop_seed: 17869]
[top_rate: 0.2]
[other_rate: 0.1]
[min_data_per_group: 100]
[max_cat_threshold: 32]
[cat_l2: 10]
[cat_smooth: 10]
[max_cat_to_onehot: 4]
[top_k: 20]
[monotone_constraints: ]
[monotone_constraints_method: basic]
[monotone_penalty: 0]
[feature_contri: ]
[forcedsplits_filename: ]
[refit_decay_rate: 0.9]
[cegb_tradeoff: 1]
[cegb_penalty_split: 0]
[cegb_penalty_feature_lazy: ]
[cegb_penalty_feature_coupled: ]
[path_smooth: 0]
[interaction_constraints: ]
[verbosity: -1]
[saved_feature_importance_type: 0]
[use_quantized_grad: 0]
[num_grad_quant_bins: 4]
[quant_train_renew_leaf: 0]
[stochastic_rounding: 1]
[linear_tree: 0]
[max_bin: 255]
[max_bin_by_feature: ]
[min_data_in_bin: 3]
[bin_construct_sample_cnt: 200000]
[data_random_seed: 175]
[is_enable_sparse: 1]
[enable_bundle: 1]
[use_missing: 1]
[zero_as_missing: 0]
[feature_pre_filter: 1]
[pre_partition: 0]
[two_round: 0]
[header: 0]
[label_column: ]
[weight_column: ]
[group_column: ]
[ignore_column: ]
[categorical_feature: ]
[forcedbins_filename: ]
[precise_float_parser: 0]
[parser_config_file: ]
[objective_seed: 16083]
[num_class: 1]
[is_unbalance: 0]
[scale_pos_weight: 1]
[sigmoid: 1]
[boost_from_average: 1]
[reg_sqrt: 0]
[alpha: 0.9]
[fair_c: 1]
[poisson_max_delta_step: 0.7]
[tweedie_variance_power: 1.5]
[lambdarank_truncation_level: 30]
[lambdarank_norm: 1]
[label_gain: ]
[lambdarank_position_bias_regularization: 0]
[eval_at: ]
[multi_error_top_k: 1]
[auc_mu_weights: ]
[num_machines: 1]
[local_listen_port: 12400]
[time_out: 120]
[machine_list_filename: ]
[machines: ]
[gpu_platform_id: -1]
[gpu_device_id: -1]
[gpu_use_dp: 0]
[num_gpu: 1]

end of parameters

pandas_categorical:null
