tree
version=v4
num_class=1
num_tree_per_iteration=1
label_index=0
max_feature_idx=33
objective=regression
feature_names=Column_0 Column_1 Column_2 Column_3 Column_4 Column_5 Column_6 Column_7 Column_8 Column_9 Column_10 Column_11 Column_12 Column_13 Column_14 Column_15 Column_16 Column_17 Column_18 Column_19 Column_20 Column_21 Column_22 Column_23 Column_24 Column_25 Column_26 Column_27 Column_28 Column_29 Column_30 Column_31 Column_32 Column_33
feature_infos=[-1.188603401184082:4.0718483924865723] none [-0.53444725275039673:3.9329833984375] [-0.82326054573059082:3.5891156196594238] [-1.0377939939498901:2.9542481899261475] [-0.58059751987457275:9.4590539932250977] [-0.44365578889846802:6.8523011207580566] [-1.4229185581207275:9.8601179122924805] [-1.4485790729522705:10.335232734680176] [-1.4608906507492065:9.9494686126708984] [-1.4688229560852051:9.5075178146362305] [-1.4722100496292114:9.0249414443969727] [-1.5129635334014893:8.5611228942871094] [-1.5496059656143188:8.7691020965576172] [-1.5690994262695312:9.0702915191650391] [-1.5936373472213745:6.0187854766845703] [-1.6235824823379517:5.1781258583068848] [-1.6393409967422485:5.5008244514465332] [-1.6501270532608032:5.5280404090881348] [-1.6558231115341187:5.223322868347168] [-1.6639143228530884:5.6407270431518555] [-1.7003723382949829:5.3194112777709961] [-1.7220749855041504:5.1186895370483398] [-1.520311713218689:9.1463584899902344] [-1.5729237794876099:8.3405513763427734] [-1.6844842433929443:5.080817699432373] [-1.5653058290481567:8.0560054779052734] [-2.4302282333374023:6.3123779296875] [-3.7695379257202148:4.5821213722229004] [-5.1359758377075195:12.468227386474609] [-8.9509449005126953:5.1044812202453613] [-1.1863399744033813:4.0981688499450684] none [-0.047490019351243973:17.5919189453125]
tree_sizes=3371 3492 3502 3512 3489 3508 3489 3527 3525 3522 3521 3500 3496 3522 3511 3528 3480 3528 3495 3512 3514 3529 3518 3520 3520 3510 3556 3510 3520 3500 3540 3518 3528 3541 3529 3542 3542 3517 3514 3521 3522 3548 3529 3536 3516 3534 3556 3543 3546 3535 3537 3557 3532 3506 3545 3518 3539 3534 3510 3529 3529 3515 3546 3546 3530 3542 3549 3522 3554 3550 3532 3532 3540 3530 3542 3543 3520 3533 3553 3525 3538 3533 3566 3546 3563 3561 3546 3540 3535 3555 3539 3555 3539 3538 3564 3543 3560 3545 3526 3538 3523 3572 3560 3531 3566 3547 3531 3547 3512 3557 3530 3536 3527 3534 3555 3567 3543 3549 3574 3535 3583 3530 3556 3552 3530 3553 3541 3553 3549 3545 3541 3547 3546 3537 3555 3571 3546 3568 3543 3568 3579 3562 3554 3528 3542 3550 3576 3552 3582 3535 3561 3557 3550 3552 3560 3547 3550 3542 3551 3551 3541 3581 3549 3537 3564 3536 3541 3524 3600 3524 3544 3589 3527 3561 3546 3563 3533 3555 3591 3536 3553 3556 3563 3542 3562 3566 3537 3573 3536 3561 3576 3528 3539 3577 3551 3547 3571 3541 3572 3554

Tree=0
num_leaves=40
num_cat=0
split_feature=29 30 8 5 22 13 16 5 19 25 20 30 20 14 15 33 4 28 33 6 0 33 33 3 27 9 9 28 21 0 2 28 27 25 3 8 20 8 27
split_gain=73997.2 34345 88413.8 23135.1 19529.8 43477.1 17795.5 73165.7 9654.24 27119.6 5689.44 13804.9 19822.6 25977.6 12145.5 17721.7 9005.45 29833.7 6211.76 3511.89 5663.96 23541.5 2864.52 2851.92 4944.33 2735.99 8654.71 4650 5343.66 2010.96 1910.27 3109.52 1670.39 1494.55 2030.07 5839.63 1613.55 1363.28 910.533
threshold=3.2934920787811284 1.0098809599876406 -0.41646523773670191 3.5429087877273564 -1.6769025325775144 -1.4798183441162107 1.840181350708008 -0.092589199542999254 0.64636781811714183 0.60072919726371776 -0.10971026122570036 -0.1422249302268028 0.16362944990396502 0.04401648789644242 -0.19662933796644208 -0.047479696571826928 -1.0322614908218382 -1.1560569405555723 -0.047471750527620309 -0.41887925565242762 -0.54879942536354054 -0.047486564144492142 -0.047488832846283906 1.4042866230010989 -0.31538064777851099 -0.34345617890357966 -0.3812731653451919 -0.44768442213535303 -0.5984395146369933 -0.51874992251396168 1.0000000180025095e-35 -0.11437208205461501 -0.099173549562692628 0.83879441022872936 0.13169784098863604 0.62838444113731395 1.2017085552215578 2.2620918750762944 -0.50291630625724781
decision_type=2 2 2 2 2 2 2 2 2 2 2 2 2 2 2 2 2 2 2 2 2 2 2 2 2 2 2 2 2 2 2 2 2 2 2 2 2 2 2
left_child=1 3 -3 4 5 -1 8 37 9 10 16 12 13 -12 15 -13 17 -6 22 20 21 32 -19 -22 -25 26 27 -18 -29 -14 -30 -32 -16 -10 38 36 -36 -8 -35
right_child=-2 2 -4 -5 6 -7 7 -9 33 -11 11 14 29 -15 19 -17 25 18 -20 -21 23 -23 -24 24 -26 -27 -28 28 30 -31 31 -33 -34 34 35 -37 -38 -39 -40
leaf_value=16.758660679010752 19.898258484365634 16.774266899226564 20.987309864721787 18.76819695588161 18.993270141932371 19.834418464265362 16.655815955181406 19.851676882765783 16.629836254655771 18.632953460407901 19.59059124883224 16.986709445251545 16.725398068665481 17.239069733504287 17.197789575739225 18.935431226752293 16.789312476444167 17.266102941497959 17.601238567420857 16.756634007755419 16.788114891387515 18.809954838010672 16.753846038603896 17.836570302210344 16.821647270284188 16.725872250585191 17.933733481840669 17.630907152280983 16.818186571120211 17.326182089584165 16.707025681994452 17.497126161924189 16.72198518518509 17.022570172978959 17.778563843223456 16.721939678618075 17.15803882028867 17.142011609635844 16.716294375087784
leaf_weight=27 24 33 20 20 22 20 46 28 106 27 24 28 26 23 35 20 338 37 39 142 141 22 104 20 30 210 21 38 87 30 20 33 39 28 22 63 20 21 182
leaf_count=27 24 33 20 20 22 20 46 28 106 27 24 28 26 23 35 20 338 37 39 142 141 22 104 20 30 210 21 38 87 30 20 33 39 28 22 63 20 21 182
internal_value=17.137 17.1068 18.3641 17.0756 17.0596 18.0675 17.0368 17.7052 17.0047 17.0621 17.0344 17.1578 17.6827 18.4398 17.0444 17.7987 16.959 17.2552 17.0427 16.96 17.0606 17.3739 16.8883 16.9032 17.2276 16.8789 16.9387 16.8982 17.1051 17.0472 16.9623 17.199 16.947 16.7922 16.8469 17.0264 17.4831 16.8082 16.7571
internal_weight=2216 2192 53 2139 2119 47 2072 95 1977 1556 1529 580 103 47 477 48 949 202 180 429 287 96 141 191 50 747 537 516 178 56 140 53 74 421 315 105 42 67 210
internal_count=2216 2192 53 2139 2119 47 2072 95 1977 1556 1529 580 103 47 477 48 949 202 180 429 287 96 141 191 50 747 537 516 178 56 140 53 74 421 315 105 42 67 210
is_linear=0
shrinkage=1


Tree=1
num_leaves=40
num_cat=0
split_feature=29 30 7 5 22 8 16 29 25 25 19 20 30 20 14 25 4 28 0 6 29 30 16 22 9 9 28 30 4 33 16 25 7 10 16 3 0 16 28
split_gain=66782.5 30996.4 80438.5 20879.4 17625.6 39565.7 16060.4 69211.5 8931.59 31008 5107.74 5092.52 12496.3 17889.9 23444.8 10636.5 8127.41 26924.9 5872.54 5353.8 5657.24 15988.5 3739.29 8614.48 2469.23 7810.87 4196.63 5256.42 9826.02 2388.4 1891.69 3727.27 2021.27 2318.59 1856.81 1519.36 2576.05 2901.11 1958.18
threshold=3.2934920787811284 1.0098809599876406 -0.38151800632476801 3.5429087877273564 -1.6769025325775144 -1.3820000290870664 1.840181350708008 -0.51274108886718739 0.61769112944602977 0.58964830636978161 1.933975398540497 -0.10971026122570036 -0.1422249302268028 0.16362944990396502 0.04401648789644242 -0.10563566163182257 -1.0322614908218382 -1.1560569405555723 0.0089050726965069788 -0.41887925565242762 0.10849614441394807 0.17288556694984439 0.030487563461065296 0.037196097895503051 -0.34345617890357966 -0.3812731653451919 -0.44768442213535303 0.091232988983392729 0.19350574910640719 -0.047488832846283906 0.2457770183682442 0.2435136288404465 0.51999107003211986 0.95806521177291881 0.44548352062702185 -0.18110958486795423 0.2691552489995957 1.1332417726516726 1.5862642526626589
decision_type=2 2 2 2 2 2 2 2 2 2 2 2 2 2 2 2 2 2 2 2 2 2 2 2 2 2 2 2 2 2 2 2 2 2 2 2 2 2 2
left_child=1 3 -3 4 5 -1 8 -8 9 11 -9 16 13 14 -13 -14 17 -6 29 20 22 -22 23 -17 25 26 -18 -28 -29 -19 -24 -32 -33 -34 -15 -10 37 -37 -38
right_child=-2 2 -4 -5 6 -7 7 10 35 -11 -12 12 15 34 -16 19 24 18 -20 -21 21 -23 30 -25 -26 -27 27 28 -30 -31 31 32 33 -35 -36 36 38 -39 -40
leaf_value=-0.36460152334637114 2.6231972955788176 -0.35068743192788326 3.6678489365056159 1.5496387720108034 1.7634582536803052 2.5695433061197401 3.0732178282170071 0.48080957391787149 -0.40701543175248034 1.7133796880642576 -0.44059953349378872 2.3309133450190229 0.95944814396941147 -0.32562640791363795 0.096967865073162574 -0.41137291491031647 -0.33030152888500175 0.1226494060577573 0.51322473427563009 -0.38928781066693974 1.1013081578386796 -0.30891974622553048 -0.48174606184164681 1.0224083787575364 -0.39056974171882586 0.7568983815965199 -0.28718292792426781 -0.2112320319749415 0.88153277329272695 -0.34174325382167647 0.41931665708931787 -0.48779318527533455 0.3513487795988719 -0.38315627354789866 0.25960366622261377 0.32502926637393403 -0.44781231007849176 -0.38081722408533097 0.09603258043527603
leaf_weight=27 24 33 20 20 22 20 21 21 251 24 53 24 23 33 23 22 338 37 33 148 37 44 60 20 210 21 94 48 36 110 24 52 21 22 23 37 96 24 20
leaf_count=27 24 33 20 20 22 20 21 21 251 24 53 24 23 33 23 22 338 37 33 148 37 44 60 20 210 21 94 48 36 110 24 52 21 22 23 37 96 24 20
internal_value=2.13124e-09 -0.0287211 1.16574 -0.0583174 -0.073494 0.883971 -0.0952126 0.539819 -0.125727 -0.0698641 -0.179119 -0.0979283 0.0193515 0.518421 1.23771 -0.0893254 -0.169112 0.112271 -0.0895406 -0.142929 -0.0221974 0.335258 -0.153211 0.27138 -0.245202 -0.188354 -0.226824 -0.0303323 0.257096 -0.224855 -0.252835 -0.137418 -0.278067 -0.0244445 -0.0852641 -0.327906 -0.215722 0.0473192 -0.354046
internal_weight=2216 2192 53 2139 2119 47 2072 95 1977 1549 74 1525 576 103 47 473 949 202 180 450 302 81 221 42 747 537 516 178 84 147 179 119 95 43 56 428 177 61 116
internal_count=2216 2192 53 2139 2119 47 2072 95 1977 1549 74 1525 576 103 47 473 949 202 180 450 302 81 221 42 747 537 516 178 84 147 179 119 95 43 56 428 177 61 116
is_linear=0
shrinkage=0.05


Tree=2
num_leaves=40
num_cat=0
split_feature=29 30 7 5 22 4 16 5 25 25 20 30 20 14 16 3 4 28 30 29 33 7 9 24 18 16 28 4 0 31 0 3 16 8 16 9 19 30 29
split_gain=60271.2 27974.2 72595.7 18843.7 15907.1 36473.2 14494.5 66429.7 8060.76 27984.8 4605.32 11678.3 17018.3 23280.1 10248.8 26860 7794.67 24074.3 5488.35 3907.43 9444.85 2695.57 9390.35 2362.37 3827.78 14013.1 2660.01 2555.67 5403.29 1928.91 1819.19 1371.23 2376.9 3960.21 2256.85 1253.88 1091.3 1749.24 2529.59
threshold=3.2934920787811284 1.0098809599876406 -0.38151800632476801 3.5429087877273564 -1.6769025325775144 -0.30196486413478846 1.840181350708008 -0.092589199542999254 0.61769112944602977 0.58964830636978161 -0.10507600754499434 -0.1422249302268028 0.16362944990396502 0.04401648789644242 -0.10087344050407408 0.47482140362262731 -1.0322614908218382 -1.1560569405555723 -0.39357544481754297 0.10849614441394807 -0.047485150396823876 -0.81680750846862782 -0.51890775561332692 -0.28613379597663874 -0.59442287683486927 -0.50446477532386769 -0.35883493721485132 0.40312792360782629 0.75119936466217052 1.6654261946678164 -0.51874992251396168 -0.18110958486795423 0.86756554245948803 0.62838444113731395 1.0954753160476687 1.3660992383956911 0.44807650148868566 0.37854303419590002 -0.15099124610424039
decision_type=2 2 2 2 2 2 2 2 2 2 2 2 2 2 2 2 2 2 2 2 2 2 2 2 2 2 2 2 2 2 2 2 2 2 2 2 2 2 2
left_child=1 3 -3 4 5 -1 8 -8 9 10 16 12 13 -12 15 -13 17 -6 -19 29 -21 -20 -23 24 26 -26 -18 -27 -29 36 -14 -10 -33 34 -34 -35 37 -16 -39
right_child=-2 2 -4 -5 6 -7 7 -9 31 -11 11 14 30 -15 19 -17 23 18 21 20 -22 22 -24 -25 25 27 -28 28 -30 -31 -32 32 33 35 -36 -37 -38 38 -40
leaf_value=-0.359011893093379 2.4920372863610587 -0.33315306576815518 3.4844565016031268 1.472156879901886 1.6752854114229028 2.4581306445598603 -0.34190573820760894 2.5580838341698318 -0.38666465148121953 1.6277106901009877 2.3417627790699838 -0.30554584066073098 -0.3871187668580276 0.092119480215984845 -0.32759033034847684 1.9120087157596242 -0.30557896838102439 0.68675760995774038 -0.44948543900983379 0.7444203692177932 -0.24746591821312905 0.64801629006862649 -0.35037911383228171 -0.39057483945203869 0.87381571113962586 -0.37951992742406826 0.23783969183762871 0.7029113157093525 -0.35807189621031288 0.1623785344262918 0.18430134187142055 -0.46738739902603216 0.58915845705912673 -0.44576467334055431 -0.098929573460058734 0.021354080140590669 -0.49359600078314547 -0.29844380859975467 0.44345848083496098
leaf_weight=27 24 33 20 20 22 20 67 28 251 24 23 36 26 23 169 22 365 21 57 36 72 35 72 184 37 90 24 20 30 24 30 58 26 51 22 20 60 27 20
leaf_count=27 24 33 20 20 22 20 67 28 251 24 23 36 26 23 169 22 365 21 57 36 72 35 72 184 37 90 24 20 30 24 30 58 26 51 22 20 60 27 20
internal_value=2.64652e-09 -0.0272851 1.10745 -0.0554016 -0.0698193 0.839772 -0.0904519 0.512828 -0.119441 -0.0663709 -0.0930319 0.019752 0.504346 1.21694 -0.0863179 0.535596 -0.159971 0.111646 -0.0742999 -0.174727 0.0831628 -0.171752 -0.0238012 -0.234938 -0.184342 0.00842066 -0.272052 -0.220291 0.0663214 -0.267568 -0.0810009 -0.311511 -0.204936 -0.0770189 0.273785 -0.314182 -0.304954 -0.252554 0.0172593
internal_weight=2216 2192 53 2139 2119 47 2072 95 1977 1549 1525 568 102 46 466 58 957 207 185 408 108 164 107 750 566 177 389 140 50 300 56 428 177 119 48 71 276 216 47
internal_count=2216 2192 53 2139 2119 47 2072 95 1977 1549 1525 568 102 46 466 58 957 207 185 408 108 164 107 750 566 177 389 140 50 300 56 428 177 119 48 71 276 216 47
is_linear=0
shrinkage=0.05


Tree=3
num_leaves=40
num_cat=0
split_feature=30 30 27 22 3 16 5 19 25 20 30 20 30 15 33 4 28 33 6 0 33 7 11 17 33 27 4 33 21 15 16 30 8 10 29 25 19 30 2
split_gain=55479.9 23205 71660.6 20467.7 16410.1 13690.8 63923.5 7841.5 24772.8 5155.3 9653.09 14562.2 22280.5 9638.21 15250.2 6936.09 21955.4 5328.44 3425 4024.57 20378.1 2749.48 3812.43 2367.27 2358.75 2289.76 4016.76 7277.53 16851.9 3051.99 1679.86 1491.17 1270.2 1424.64 1227.96 1162.11 1182.39 1856.71 1115.53
threshold=-2.4608415365219112 1.0098809599876406 -0.40951874852180475 -1.6769025325775144 2.6520712375640874 1.840181350708008 -0.092589199542999254 0.64636781811714183 0.60072919726371776 -0.10971026122570036 -0.1422249302268028 0.16362944990396502 -0.31357385218143458 -0.19662933796644208 -0.047479696571826928 -1.0322614908218382 -1.1560569405555723 -0.047471750527620309 -0.41887925565242762 -0.58135303854942311 -0.047487325966358178 0.38788214325904852 0.48748882114887243 0.20855872333049777 -0.047488832846283906 -0.38315139710903162 0.19350574910640719 -0.047459915280342095 -0.59028106927871693 -0.38555981218814844 0.44548352062702185 0.13509841263294223 -1.2275155186653135 -1.1261851787567136 0.68277603387832653 0.83879441022872936 0.94063663482666027 0.20162820070981982 1.0000000180025095e-35
decision_type=2 2 2 2 2 2 2 2 2 2 2 2 2 2 2 2 2 2 2 2 2 2 2 2 2 2 2 2 2 2 2 2 2 2 2 2 2 2 2
left_child=-1 3 -3 -2 5 7 -7 8 9 15 11 12 -11 14 -12 16 -5 24 19 20 31 -21 -23 -24 -18 32 -27 28 -28 -30 -13 -15 -17 -34 -29 -9 37 -37 -38
right_child=1 2 -4 4 -6 6 -8 35 -10 10 13 30 -14 18 -16 25 17 -19 -20 21 -22 22 23 -25 -26 26 27 34 29 -31 -32 -33 33 -35 -36 36 38 -39 -40
leaf_value=2.2960865195554034 1.1819331275694298 3.3771282637119295 -0.35570065014892155 1.5915211421522228 1.3523577320575715 -0.32481045460523067 2.5568645977311668 -0.45077129656005477 1.4672455991689977 0.13827121670429524 -0.14753198048898153 -0.3055733364865636 2.3279741690272377 0.053378972699565277 1.6602009876817467 -0.67041718578338627 0.11802817937490102 0.43550309105179252 -0.34222870741406797 -0.32490173124804578 1.5192669689655305 0.65412373393774037 -0.54092305665430818 0.10846570018264984 -0.34681140755374851 -0.27919359386843795 1.5599333652718501 -0.36447472909133727 0.42224580503645398 -0.32883364464107312 0.2510727991228518 -0.41673816433050548 0.07007188939799866 -0.33115769525193495 0.077734214439988139 -0.31081011427773375 -0.33903256823983174 0.30798463950102983 -0.028339338302612305
leaf_weight=26 33 20 36 22 20 67 27 105 26 26 28 33 21 31 20 25 37 39 142 116 23 20 23 36 104 255 22 73 21 38 23 37 24 283 20 27 232 22 33
leaf_count=26 33 20 36 22 20 67 27 105 26 26 28 33 21 31 20 25 37 39 142 116 23 20 23 36 104 255 22 73 21 38 23 37 24 283 20 27 232 22 33
internal_value=1.67342e-09 -0.0272595 0.977453 -0.0536249 -0.0730316 -0.0867307 0.502905 -0.114625 -0.0632791 -0.0890856 0.0288185 0.467702 1.11665 -0.0661499 0.60569 -0.159975 0.100479 -0.0817596 -0.141496 -0.0418322 0.232732 -0.169962 0.0575444 -0.144686 -0.224832 -0.22911 -0.152812 0.0324026 0.378889 -0.0615003 -0.0769508 -0.20242 -0.3277 -0.299791 -0.269376 -0.306773 -0.258621 -0.0329839 -0.300342
internal_weight=2216 2190 56 2134 2101 2081 94 1987 1568 1542 579 103 47 476 48 963 202 180 428 286 91 195 79 59 141 761 429 174 81 59 56 68 332 307 93 419 314 49 265
internal_count=2216 2190 56 2134 2101 2081 94 1987 1568 1542 579 103 47 476 48 963 202 180 428 286 91 195 79 59 141 761 429 174 81 59 56 68 332 307 93 419 314 49 265
is_linear=0
shrinkage=0.05


Tree=4
num_leaves=40
num_cat=0
split_feature=29 5 30 16 30 28 0 5 17 24 20 12 19 29 20 17 18 27 27 27 3 27 8 8 23 10 18 33 27 29 4 8 4 28 4 5 3 5 22
split_gain=51876.6 23329.3 59032 30938.3 70359.8 23428.4 14669.7 13130.4 60963.7 12645.7 5632.62 15056.3 11211.1 4612.99 4421.81 12411.7 17007.7 3388.28 4782.46 9109.28 3779.9 3353.27 3259.97 4027.35 8773.27 3405.84 3150.42 8527.4 4629.83 2991.76 2971.8 2688.07 2849.87 2508.2 1940.17 2552.41 3475.97 2307.55 1651.41
threshold=3.2934920787811284 -0.39390975236892695 1.0098809599876406 1.840181350708008 0.15867774188518527 -1.5452485680580137 2.7512800693511967 -0.34696488082408899 -0.88212335109710682 1.5304850935935976 -0.10507600754499434 -0.30952669680118555 -0.01446571573615074 -0.88827767968177784 0.42660297453403478 0.34540803730487829 0.36480028927326208 -0.40092711150646204 0.0077290176413953313 -0.099173549562692628 -0.78260931372642506 0.15120091289281848 -0.36703667044639582 -0.63483852148056019 -0.60770544409751881 -0.42161588370800013 0.55564904212951671 -0.047485981136560433 -0.41882969439029688 0.44335699081420904 0.42464339733123785 0.55667725205421459 -0.18270766735076902 -0.18352432548999784 -0.5085134208202361 -0.075121343135833726 -0.32442224025726313 0.24803403764963153 0.1402021870017052
decision_type=2 2 2 2 2 2 2 2 2 2 2 2 2 2 2 2 2 2 2 2 2 2 2 2 2 2 2 2 2 2 2 2 2 2 2 2 2 2 2
left_child=1 5 3 6 -5 -1 7 8 -3 10 13 -12 -13 -9 15 17 -17 38 19 20 -19 -10 23 29 -25 -26 27 -14 33 -20 -31 32 -28 -29 35 -15 -37 -38 -7
right_child=-2 2 -4 4 -6 14 -8 9 21 -11 11 12 26 34 -16 16 -18 18 22 -21 -22 -23 -24 24 25 -27 31 28 -30 30 -32 -33 -34 -35 -36 36 37 -39 -40
leaf_value=1.521267331391573 2.3119884165003897 3.0120426684617998 2.5510670459270481 3.5575749808549881 -0.58623284867831638 -0.36469516107546435 1.3386762352216812 0.32723520170239845 -0.29986214530136851 0.92706851821032277 1.2226354942321778 0.95218260958790779 0.98972243189811704 -0.35600258259689566 -0.34226087896838059 1.7549964880943301 -0.11517963762725554 -0.28439550930634144 -0.41912278409274117 0.95328510148184642 0.38493918161238394 0.40054592037200926 -0.49674895542698938 1.0244373307986694 -0.4462344989180565 0.35499787160328461 -0.370132912199996 -0.033285066059657503 -0.27118253140269138 -0.24694152714275736 0.45360833133260414 -0.48480493432606564 0.27314553883942694 0.7490953121334315 -0.37408935304151641 -0.31776701756886072 0.019358869145313901 0.7465545728430153 0.061360928684473043
leaf_weight=20 24 20 25 20 21 252 21 34 54 31 25 26 20 73 389 20 31 66 106 28 31 25 74 22 36 21 36 21 114 41 24 83 33 20 225 35 24 20 25
leaf_count=20 24 20 25 20 21 252 21 34 54 31 25 26 20 73 389 20 31 66 106 28 31 25 74 22 36 21 36 21 114 41 24 83 33 20 225 35 24 20 25
internal_value=4.1277e-10 -0.0253137 0.151797 0.0906533 1.43514 -0.175544 0.0320109 0.00215238 0.54608 -0.063517 -0.102437 0.0368661 -0.0471119 -0.230556 -0.204649 -0.135754 0.618223 -0.18872 -0.103878 0.15884 -0.0704844 -0.078214 -0.205236 -0.118948 0.176306 -0.151044 -0.126566 0.0180718 -0.107303 -0.255351 0.011723 -0.293091 -0.062478 0.348364 -0.280861 -0.142857 0.0540995 0.349902 -0.326242
internal_weight=2216 2192 1006 981 41 1186 940 919 99 820 789 378 353 411 1166 777 51 726 449 125 97 79 324 250 79 57 327 175 155 171 65 152 69 41 377 152 79 44 277
internal_count=2216 2192 1006 981 41 1186 940 919 99 820 789 378 353 411 1166 777 51 726 449 125 97 79 324 250 79 57 327 175 155 171 65 152 69 41 377 152 79 44 277
is_linear=0
shrinkage=0.05


Tree=5
num_leaves=40
num_cat=0
split_feature=30 5 30 16 15 28 5 5 15 24 8 20 17 18 12 20 22 7 31 27 29 30 29 27 33 2 6 11 7 9 15 10 7 19 7 22 8 19 18
split_gain=48842.4 18554.8 48240.9 28441.6 65040.7 18819.2 15726.8 12478.7 55344.3 12851.5 5554.64 4433.08 10868.5 15349.5 3567.21 5454.03 12742 6184.69 5253.73 3790.31 3783.34 3139.12 2895.53 2135.85 2707.21 3139.46 3891.15 5224.99 9344.61 3411.18 2591.94 2064.92 1908.14 1889.5 1843.97 1369.21 2867.75 1227.4 4502.93
threshold=-2.4608415365219112 -0.39390975236892695 1.0098809599876406 1.840181350708008 2.3530056476593022 -1.5452485680580137 3.5429087877273564 -0.34696488082408899 -0.88611090183258046 1.5304850935935976 -1.2546208500862119 0.42660297453403478 0.34540803730487829 0.36480028927326208 0.99506542086601268 -0.10507600754499434 -0.036472376435995095 -0.36946609616279596 -0.63345196843147267 -0.44540180265903467 -0.88827767968177784 0.30846130847930914 1.1304740905761721 -0.76310309767723072 -0.047429881989955895 2.2576968073844914 -0.23815640062093732 -0.67962107062339772 -0.55014747381210316 0.24428016692399981 -0.66484293341636647 -1.1949002742767332 -1.1414025425910947 -0.041346823796629899 -0.25313408672809595 0.77010071277618419 0.55667725205421459 -0.55122730135917652 -0.65026244521141041
decision_type=2 2 2 2 2 2 2 2 2 2 2 2 2 2 2 2 2 2 2 2 2 2 2 2 2 2 2 2 2 2 2 2 2 2 2 2 2 2 2
left_child=-1 5 3 6 -5 -2 7 8 -3 10 -9 12 22 -14 15 20 -17 -18 -19 -20 -12 -10 23 -7 25 26 27 -25 -29 33 -27 -22 -24 34 -30 -21 -37 38 -33
right_child=1 2 -4 4 -6 11 -8 9 21 -11 14 -13 13 -15 -16 16 17 18 19 35 31 -23 32 24 -26 30 -28 28 29 -31 -32 37 -34 -35 -36 36 -38 -39 -40
leaf_value=2.1543632980722651 1.3226453669014431 2.8683402131497862 2.216296793906777 3.4040146458148954 -0.58008150713784357 -0.38203732966155307 1.4054239889979363 -0.71170757267926188 -0.2718598323433023 0.94069829752047862 0.37326961372579848 -0.32514783457133462 1.6672466695308685 -0.10942065477851899 -0.47602568066644446 1.0580577290827229 0.82129555543263766 0.5457066912804881 0.34632561851073718 -0.30695527131493028 0.26204498309642077 0.43127530643885792 -0.10018669545650483 -0.3748480945080519 0.42020326375961309 -0.14880225073546172 -0.34205516248748613 0.92204329104259097 0.15911129919382244 0.43288642901640673 0.65617235198616986 -0.27507477787717077 0.59049008131027225 -0.53402326433889324 -0.37842049537985417 0.24408988723388086 -0.41245454241489549 -0.36570991141018494 0.45007755333185201
leaf_weight=26 21 20 27 20 21 122 20 37 57 30 28 389 20 31 54 31 21 31 34 148 20 22 20 85 20 20 256 29 39 26 20 149 20 31 27 39 29 151 25
leaf_count=26 21 20 27 20 21 122 20 37 57 30 28 389 20 31 54 31 21 31 34 148 20 22 20 85 20 20 256 29 39 26 20 149 20 31 27 39 29 151 25
internal_value=-7.31221e-10 -0.0255769 0.131156 0.0741158 1.36338 -0.160719 0.0182386 -0.0117222 0.518776 -0.0752281 -0.113469 -0.187689 -0.117884 0.587312 -0.084344 -0.0543853 0.0926965 -0.00639692 -0.0682529 -0.144384 -0.185694 -0.07605 -0.168184 -0.192678 -0.150903 -0.172333 -0.206898 -0.0609051 0.114655 -0.0757048 0.253685 -0.231059 0.245152 -0.212028 -0.0607881 -0.221625 -0.035907 -0.261404 -0.170886
internal_weight=2216 2190 1014 987 41 1176 946 926 99 827 797 1155 766 51 760 706 333 302 281 250 373 79 715 675 553 533 493 237 152 123 40 345 40 97 66 216 68 325 174
internal_count=2216 2190 1014 987 41 1176 946 926 99 827 797 1155 766 51 760 706 333 302 281 250 373 79 715 675 553 533 493 237 152 123 40 345 40 97 66 216 68 325 174
is_linear=0
shrinkage=0.05


Tree=6
num_leaves=40
num_cat=0
split_feature=29 5 30 8 14 30 28 0 5 17 0 33 7 7 8 31 31 3 29 2 29 6 23 4 0 33 7 26 23 7 3 27 27 21 27 3 30 30 12
split_gain=45162.3 19225.7 48535.8 25512.9 60255.7 76949.5 19274.9 13588.8 12527 50159.9 5574.73 11186.3 5388.5 17886 13955 4412.91 8878.7 5167.6 9114.95 3725.16 3454.81 3288.94 3021.16 2948.49 5698.68 10037.8 3849.14 2338.72 2165.94 1830.96 1693.73 1642.26 5580.65 3862.49 1570.42 2118.25 5697.63 1447.4 1325.05
threshold=3.2934920787811284 -0.39390975236892695 1.0098809599876406 1.1794789433479311 1.5510139465332033 0.20421768724918368 -1.5452485680580137 2.7512800693511967 -0.34696488082408899 -0.88212335109710682 -0.7135351002216338 -0.047486646100878709 -0.42979031801223749 -0.30308943986892695 -0.35593426227569575 1.0000000180025095e-35 0.077737625688314452 -0.82257151603698719 -0.51274108886718739 2.2576968073844914 0.10052988305687906 -0.17402893304824826 0.89250150322914135 -0.17410147935152051 0.86638915538787853 -0.047475527971982949 0.4650395959615708 0.29478286206722265 0.49518230557441717 -0.71342185139656056 -0.35060435533523554 0.064031258225440993 -0.013289313763380049 0.12582121789455417 -0.40092711150646204 -0.75367119908332814 0.13834507763385775 0.3456332534551621 -1.2985735535621641
decision_type=2 2 2 2 2 2 2 2 2 2 2 2 2 2 2 2 2 2 2 2 2 2 2 2 2 2 2 2 2 2 2 2 2 2 2 2 2 2 2
left_child=1 6 3 7 5 -5 -1 8 9 -3 11 27 38 14 -14 19 -17 18 -18 31 -11 -20 23 30 25 28 -26 -10 -25 -19 -15 32 34 -34 -8 -36 -37 -6 -12
right_child=-2 2 -4 4 37 -7 15 -9 10 20 12 -13 13 22 -16 16 17 29 21 -21 -22 -23 -24 24 26 -27 -28 -29 -30 -31 -32 -33 33 -35 35 36 -38 -39 -40
leaf_value=1.3790716460347177 2.1571869403123856 2.7337245666980743 2.3126987348198891 3.8741277813911439 -0.628793198296002 -0.16141453981399537 -0.338646271902447 1.2544507834173384 -0.54143482494354245 -0.31011813752568118 -0.61692312581198561 0.98262774120358864 0.0063246711379005803 0.16645490989089012 1.8082966999574142 0.96127691950116834 1.0630628201094541 0.094839179090091166 0.53629977811127905 0.24874925503714218 0.42582956111949422 -0.16851673279888929 -0.51707748087743921 -0.23243485142222864 -0.37037065320155205 1.0866006368193133 0.40057207345962526 0.18396982001140716 0.36630768588865581 -0.34515322213502309 -0.32780029387428211 -0.35074862460162315 0.84641574442386625 -0.12447617117847716 -0.26078620470829844 0.78076067686080941 -0.36191496973236403 -0.0718751734495163 -0.28496157142985179
leaf_weight=20 24 20 25 27 28 21 252 21 25 52 35 34 21 20 22 21 22 28 20 36 23 96 48 44 85 29 20 20 23 152 130 357 20 21 97 20 24 20 213
leaf_count=20 24 20 25 27 28 21 252 21 25 52 35 34 21 20 22 21 22 28 20 36 23 96 48 44 85 29 20 20 23 152 130 357 20 21 97 20 24 20 213
internal_value=-7.55166e-10 -0.0236188 0.137162 0.0817203 0.855917 2.10858 -0.159998 -0.00226031 -0.0328054 0.508868 -0.0997221 0.298138 -0.145274 -0.0406109 0.928264 -0.186397 -0.0344696 -0.100226 0.129969 -0.248675 -0.0844275 -0.0469966 -0.145026 -0.0941471 0.0310413 0.309473 -0.223524 -0.219033 -0.0268964 -0.27671 -0.2619 -0.271313 -0.205971 0.34913 -0.263883 -0.130262 0.157483 -0.396744 -0.331811
internal_weight=2216 2192 1006 981 96 48 1186 885 864 95 769 79 690 442 43 1166 339 318 138 827 75 116 399 351 201 96 105 45 67 180 150 791 434 41 393 141 44 48 248
internal_count=2216 2192 1006 981 96 48 1186 885 864 95 769 79 690 442 43 1166 339 318 138 827 75 116 399 351 201 96 105 45 67 180 150 791 434 41 393 141 44 48 248
is_linear=0
shrinkage=0.05


Tree=7
num_leaves=40
num_cat=0
split_feature=30 31 30 22 8 27 7 0 4 4 27 20 17 23 13 10 0 5 10 23 3 13 8 19 14 24 23 26 5 33 20 29 21 30 0 5 7 8 7
split_gain=43005.9 15527.2 31683 18250.5 14909.2 47370.3 45830.3 21864.1 42276.7 14378.4 4994.04 5044.58 11501.1 7369.31 3711.52 11273.4 4018.83 11660.5 4452.27 14535.5 6103.41 3710.23 9127.25 3220.41 3206.74 3517.28 2299.56 8231.71 2194.6 2146.56 1900.53 1699.29 1543.99 1521.01 5297.89 1441.23 1838.93 1399.08 1218.97
threshold=-2.4608415365219112 -0.74593421816825856 1.0098809599876406 -1.6769025325775144 1.1794789433479311 0.21318208426237109 1.1551225781440737 -0.66076958179473866 -0.81157422065734852 2.1403487920761113 -0.63516500592231739 0.41756792366504675 0.4809675812721253 0.37366540729999548 -0.95354408025741566 -0.8947840929031371 0.86638915538787853 0.82119813561439525 -0.2872625589370727 -0.3605304211378097 1.14246541261673 -0.57643339037895192 -0.65212738513946522 0.024090988561511043 0.061906732618808753 -0.067145887762308107 -0.35094870626926417 -0.47881220281124109 -0.010708616115152834 -0.047483759000897401 0.042302111163735397 -0.2366850674152374 1.9493653774261477 -0.22688804566860196 -1.0578523278236387 -0.54020306468009938 -1.0877574682235716 0.010229494888335468 -0.47793024778366083
decision_type=2 2 2 2 2 2 2 2 2 2 2 2 2 2 2 2 2 2 2 2 2 2 2 2 2 2 2 2 2 2 2 2 2 2 2 2 2 2 2
left_child=-1 24 3 -3 7 6 -6 8 -5 10 -9 12 13 14 35 -16 17 18 19 20 21 22 -17 -10 25 26 27 33 31 -20 -18 -8 -26 34 -2 36 -12 -31 -35
right_child=1 2 -4 4 5 -7 28 9 23 -11 11 -13 -14 -15 15 16 30 -19 29 -21 -22 -23 -24 -25 32 -27 -28 -29 -30 37 -32 -33 -34 38 -36 -37 -38 -39 -40
leaf_value=2.021549057043516 0.64931371927261361 1.2244477818089148 1.5237075028527114 2.7509247577190403 2.3187745659053327 2.6735499254294806 0.11993902009960854 -0.33353623349252531 -0.29671956102053326 1.1988192470300765 0.18043812419529315 -0.22901577004482154 1.1843599771708251 0.65438961005090057 1.0963257052681663 -0.28102043188747861 -0.4428714230301834 0.88816395231655665 0.20026321440935135 1.3276677555981138 0.73873501402281583 -0.43711236420441679 0.83506860366234426 0.52237723626196386 -0.41514917973024046 0.40463070604536266 -0.41972178358722617 0.64841286155485345 -0.55066721041997269 -0.48092372706274927 0.0049483338540250608 -0.3934004008769989 0.042869890332221987 -0.3670344750280492 -0.36073658021317945 -0.44162652479950337 -0.42796606713015106 -0.13067430217157713 0.052702783364802601
leaf_weight=26 20 31 36 20 20 21 38 226 30 21 27 353 20 37 22 62 84 35 20 21 21 71 26 20 230 27 81 31 45 81 33 28 20 128 37 80 23 44 20
leaf_count=26 20 31 36 20 20 21 38 226 30 21 27 353 20 37 22 62 84 35 20 21 21 71 26 20 230 27 81 31 45 81 33 28 20 128 37 80 23 44 20
internal_value=6.44949e-10 -0.0240001 0.0572216 0.0233796 -0.000971706 0.468964 0.115557 -0.0528455 0.808064 -0.0989538 -0.120146 -0.0746497 0.00242415 -0.0319845 -0.071055 -0.0113158 -0.0602478 0.0184633 -0.0695122 0.0828259 -0.0624057 -0.168217 0.0487331 0.0309192 -0.242232 -0.143195 -0.189855 -0.11096 -0.281419 -0.280684 -0.316563 -0.0978413 -0.378508 -0.225792 -0.00633297 -0.310012 -0.0994278 -0.357636 -0.310313
internal_weight=2216 2190 1596 1560 1529 152 131 1377 70 1307 1286 1060 707 687 650 520 498 381 346 201 180 159 88 50 594 344 317 236 111 145 117 66 250 205 57 130 50 125 148
internal_count=2216 2190 1596 1560 1529 152 131 1377 70 1307 1286 1060 707 687 650 520 498 381 346 201 180 159 88 50 594 344 317 236 111 145 117 66 250 205 57 130 50 125 148
is_linear=0
shrinkage=0.05


Tree=8
num_leaves=40
num_cat=0
split_feature=29 5 30 16 30 28 0 5 15 24 10 12 24 31 31 3 29 5 3 0 24 2 30 10 6 30 0 33 33 25 27 27 7 3 9 7 11 17 18
split_gain=39217.7 16574.7 41075.1 23256.8 60701.4 17298.7 11318.9 9654.29 45352.5 10978.1 4284.91 17009.5 9147.27 3752.71 7985.25 4611.49 8005.95 3421.67 5834.25 13772.3 4281.27 3273.01 3197.88 3017.63 2960.94 2927.97 2080.32 2019.66 2837.14 1630.82 1984.77 4466.07 3398.88 1626.83 2232.87 1616.28 1566.03 7434.16 1168.96
threshold=3.2934920787811284 -0.39390975236892695 1.0098809599876406 1.840181350708008 0.15867774188518527 -1.5452485680580137 2.7512800693511967 -0.34696488082408899 -0.88611090183258046 1.5304850935935976 -0.40775510668754572 -0.30952669680118555 -0.45309810340404505 1.0000000180025095e-35 0.077737625688314452 -0.82257151603698719 -0.51274108886718739 -0.096956163644790636 -0.42432770133018488 -0.80815526843070973 -0.26160989701747889 2.2576968073844914 -0.053987251594662659 0.43079948425292974 -0.17402893304824826 0.30846130847930914 -0.7135351002216338 -0.047481721267104142 -0.047483913600444787 -1.5918665528297422 0.064031258225440993 -0.013289313763380049 -0.11396056041121481 0.73319759964942943 -0.65864154696464527 -0.71342185139656056 0.4072359055280686 0.044704664498567588 0.96812066435813915
decision_type=2 2 2 2 2 2 2 2 2 2 2 2 2 2 2 2 2 2 2 2 2 2 2 2 2 2 2 2 2 2 2 2 2 2 2 2 2 2 2
left_child=1 5 3 6 -5 -1 7 8 -3 10 26 12 -12 21 -15 16 -16 -13 19 -19 -20 29 23 -22 -18 -10 -9 28 -24 -7 31 36 -33 -28 -35 -17 37 -31 -37
right_child=-2 2 -4 4 -6 13 -8 9 25 -11 11 17 -14 14 15 35 24 18 20 -21 22 -23 27 -25 -26 -27 33 -29 -30 30 -32 32 -34 34 -36 38 -38 -39 -40
leaf_value=1.3094009996950629 2.0102077136437102 2.5925272375345232 2.1286340167522431 3.213348177671433 -0.6355505818412418 -0.62030990534494146 1.173202996878397 0.13142435270728489 -0.26196713139090622 0.86585297949852491 0.24353546450535457 -0.35103523424177463 1.7376473641395571 0.91077391732306712 0.99604187716137282 0.086465888257537579 0.50914811335504051 -0.37757372438907622 0.58106734600256793 1.4779791539907456 -0.068295564870350073 0.23518315715094409 -0.29288953044093574 0.68390474379062649 -0.15960054431731505 0.41710893430493096 -0.37248567688619832 -0.30409777976202046 0.4786057036031377 -0.24032923523152228 -0.32469488496983978 0.79842261195182807 -0.11233985892363958 -0.30790613872163441 0.23016900631689255 -0.40698248380631735 -0.35130336035744869 0.65790791694934558 -0.086762859691914773
leaf_weight=20 24 20 25 20 21 29 21 33 57 31 21 99 20 21 22 28 20 20 22 20 40 36 26 20 96 22 183 181 22 202 355 20 21 51 31 114 138 26 38
leaf_count=20 24 20 25 20 21 29 21 33 57 31 21 99 20 21 22 28 20 20 22 20 40 36 26 20 96 22 183 181 22 202 355 20 21 51 31 114 138 26 38
internal_value=1.99499e-09 -0.0220096 0.127275 0.0762723 1.24196 -0.148637 0.0254284 -0.000799267 0.465604 -0.057109 -0.0933723 -0.00259661 0.972371 -0.173647 -0.0335441 -0.0959048 0.121552 -0.0914269 -0.0182041 0.550203 -0.0913111 -0.231077 -0.142496 0.182438 -0.0442991 -0.0728573 -0.242939 -0.227631 0.0607125 -0.252297 -0.238292 -0.162927 0.331935 -0.289558 -0.104487 -0.262622 -0.218363 -0.137899 -0.326928
internal_weight=2216 2192 1006 981 41 1186 940 919 99 820 789 491 41 1166 339 318 138 450 351 40 311 827 289 60 116 79 298 229 48 791 762 407 41 265 82 180 366 228 152
internal_count=2216 2192 1006 981 41 1186 940 919 99 820 789 491 41 1166 339 318 138 450 351 40 311 827 289 60 116 79 298 229 48 791 762 407 41 265 82 180 366 228 152
is_linear=0
shrinkage=0.05


Tree=9
num_leaves=40
num_cat=0
split_feature=30 31 0 4 8 27 7 22 0 30 27 20 17 23 30 30 29 3 15 30 30 18 3 30 14 24 12 5 0 27 5 23 26 29 28 3 30 5 9
split_gain=38186.3 13326.5 28724.8 94712.8 16315.8 48237.6 36255.4 16511.8 13951.4 12602.4 5013.39 5005.47 11794.5 6524.07 3886.23 3955.96 7538.5 5667.21 8670.09 4202.76 6863.31 6118.73 3858.47 7014.53 2876.43 3369.65 2846.67 2381.83 2308.52 5894.03 2034.6 1991.27 7375.38 1953.1 1726.63 1611.76 2521.47 2392.38 1606.95
threshold=-2.4608415365219112 -0.74593421816825856 -0.66076958179473866 -0.81157422065734852 1.1794789433479311 0.11470322310924531 1.1702433824539187 -1.6769025325775144 2.9056415557861333 1.158700227737427 -0.63516500592231739 0.42660297453403478 0.49167969822883612 0.37366540729999548 0.50587067008018505 0.098575331270694747 -0.41597388684749598 -0.39263355731964106 -0.39499291777610773 -0.10887978971004485 -0.16419199109077451 0.13330585509538653 0.68772336840629589 -0.5347447097301482 0.054596081376075752 -0.067145887762308107 -0.18366180360317227 -0.010708616115152834 0.1054927632212639 0.48457282781600958 1.1476287245750429 -0.35094870626926417 -0.47881220281124109 -0.2366850674152374 0.4051686972379685 0.13169784098863604 0.05640011094510556 0.068988487124443068 0.60854214429855358
decision_type=2 2 2 2 2 2 2 2 2 2 2 2 2 2 2 2 2 2 2 2 2 2 2 2 2 2 2 2 2 2 2 2 2 2 2 2 2 2 2
left_child=-1 24 3 -3 7 6 -6 -4 9 10 -9 12 13 14 15 19 -17 18 -18 20 21 22 -12 -24 25 31 -20 33 -19 -30 35 32 -2 -8 -5 -13 37 -37 -38
right_child=1 2 4 34 5 -7 27 8 -10 -11 11 30 -14 -15 -16 16 17 28 26 -21 -22 -23 23 -25 -26 -27 -28 -29 29 -31 -32 -33 -34 -35 -36 36 38 -39 -40
leaf_value=1.9049094658631547 -0.21082959113233701 3.6872670603835065 1.0720431747846306 -0.27927911818811768 2.0271370947360992 2.7892020222544671 0.21249766345135868 -0.32908864463618492 1.2334345265477897 1.1179426846050082 -0.35785555426703125 -0.28171749357249082 1.2014798295497895 0.60705684776368907 -0.41613897495496444 0.88526057251568513 1.1487348124980927 -0.3504812277853489 -0.46003380045294762 -0.37156161914679631 0.74190756957288151 0.71930943012237547 0.89106908559799192 -0.30259212670207492 -0.35341277308316821 0.41654705772033102 0.38356993123888972 -0.53909327346225122 -0.19803426364281526 0.78717824816703796 -0.51168871583803643 -0.38945433740032676 0.61665589944008858 -0.37732983112335206 0.26243312365065019 -0.14979911208152771 -0.0073297560214996343 0.58388026982545849 -0.43156102743090657
leaf_weight=26 205 23 32 38 21 20 32 229 20 21 122 162 20 38 71 29 25 70 20 121 27 20 20 32 251 26 20 43 63 20 53 81 31 25 24 20 49 25 41
leaf_count=26 205 23 32 38 21 20 32 229 20 21 122 162 20 38 71 29 25 70 20 121 27 20 20 32 251 26 20 43 63 20 53 81 31 25 24 20 49 25 41
internal_value=-9.59302e-10 -0.0226154 0.0526305 0.946976 0.00231988 0.514465 0.138476 -0.05039 -0.0772344 -0.0971232 -0.116797 -0.071277 0.00429812 -0.0300051 -0.0666844 -0.02456 0.127916 0.0271689 0.418294 -0.134682 -0.00498756 -0.108937 -0.204138 0.156508 -0.224791 -0.130669 -0.0382319 -0.258143 -0.138995 0.0393663 -0.226314 -0.175551 -0.102134 -0.0461986 -0.0695841 -0.175388 -0.0477936 0.257801 -0.200591
internal_weight=2216 2190 1596 85 1511 141 121 1370 1338 1318 1297 1068 718 698 660 589 247 218 65 342 221 194 174 52 594 343 40 100 153 83 350 317 236 57 62 297 135 45 90
internal_count=2216 2190 1596 85 1511 141 121 1370 1338 1318 1297 1068 718 698 660 589 247 218 65 342 221 194 174 52 594 343 40 100 153 83 350 317 236 57 62 297 135 45 90
is_linear=0
shrinkage=0.05


Tree=10
num_leaves=40
num_cat=0
split_feature=30 31 0 4 9 14 5 5 22 30 24 33 33 24 6 6 20 25 0 30 4 5 3 14 24 3 33 33 23 26 3 33 30 16 18 29 21 7 13
split_gain=34463.1 12027.2 25924.2 85478.3 14967.6 64030 64296.4 15075.5 18466.9 11402 3854.15 4972.72 7094.47 19012 4831.47 4953.3 6015.52 22445.5 19645.9 5064.88 4139.82 7142.88 3218.35 2595.98 3041.11 2288.22 1901.33 4125.07 1797.12 6656.28 1684.94 1475.59 3321.05 1432.7 2739.36 1377.32 1354.31 1350.33 1448.19
threshold=-2.4608415365219112 -0.74593421816825856 -0.66076958179473866 -0.81157422065734852 1.2217946052551272 1.5510139465332033 0.068988487124443068 3.5429087877273564 -1.6769025325775144 1.158700227737427 0.68737670779228222 -0.047458624467253678 -0.047462873160839074 -0.66599541902542103 2.7452282905578618 -0.23524151742458341 -0.10507600754499434 0.02248369995504618 0.05702005326747895 1.0000000180025095e-35 -0.5085134208202361 0.63996911048889171 -0.81981548666954029 0.054596081376075752 -0.067145887762308107 -0.26861298084259028 -0.04747705161571502 -0.047475412487983697 -0.35094870626926417 -0.47881220281124109 -0.45464384555816645 -0.047488616779446595 -0.16912008821964261 -1.4022930264472959 -1.3406347036361692 -0.2366850674152374 1.9493653774261477 0.94995784759521495 0.76722511649131786
decision_type=2 2 2 2 2 2 2 2 2 2 2 2 2 2 2 2 2 2 2 2 2 2 2 2 2 2 2 2 2 2 2 2 2 2 2 2 2 2 2
left_child=-1 23 3 -3 7 6 -6 8 -4 10 11 12 14 -14 15 16 22 18 -18 20 -19 -22 -10 24 28 -21 -17 -28 29 31 -5 32 -2 -13 -35 -7 -25 38 -12
right_child=1 2 4 30 5 35 -8 -9 9 -11 37 33 13 -15 -16 26 17 19 -20 25 21 -23 -24 36 -26 -27 27 -29 -30 -31 -32 -33 -34 34 -36 -37 -38 -39 -40
leaf_value=1.8096640183375432 0.5345738470554352 3.5029037374517196 1.1606207928123575 0.14815249651815188 -0.027037061538015095 -0.05527176972358458 3.7258264092057942 1.2837849096173333 0.39955196536105614 1.0620456059773764 -0.44708567948445027 -0.47870201689581721 1.4813432037830354 -0.34751051386197407 0.70919043213129052 -0.37772973954810629 0.18686667907805671 -0.29186270609498027 2.3765097850561143 0.31663833157625049 0.99128714344080748 -0.19954115226864816 -0.2215275419077703 -0.36991653319819151 0.39571970380269567 -0.25726441718976606 0.52910747130711877 -0.2324581459742682 -0.36998161877689451 0.58582310157437478 -0.38320573329925539 -0.28556389816309496 -0.25790283301701916 0.30973677065061489 -0.27011708788929528 -0.47787013088955599 0.058972164988517761 -0.51613934616888724 -0.087934002942509137
leaf_weight=26 20 23 30 37 21 31 25 21 23 21 46 62 27 30 20 140 21 20 20 20 34 20 224 231 26 132 21 116 81 31 25 146 39 23 178 51 20 62 72
leaf_count=26 20 23 30 37 21 31 25 21 23 21 46 62 27 30 20 140 21 20 20 20 34 20 224 231 26 132 21 116 81 31 25 146 39 23 178 51 20 62 72
internal_value=1.16343e-09 -0.0214846 0.049999 0.899627 0.00220389 0.519477 2.01256 -0.045671 -0.0661692 -0.0937996 -0.112314 -0.0781134 -0.020403 0.518789 -0.0582993 -0.0777049 0.0141468 0.178666 1.25499 -0.0165949 0.322644 0.55024 -0.163694 -0.213552 -0.124135 -0.181751 -0.248145 -0.115722 -0.166773 -0.0970277 -0.0661049 -0.200288 0.0107333 -0.26858 -0.203766 -0.318107 -0.335742 -0.32721 -0.227942
internal_weight=2216 2190 1596 85 1511 128 46 1383 1362 1332 1311 1131 868 57 811 791 514 267 41 226 74 54 247 594 343 152 277 137 317 236 62 205 59 263 201 82 251 180 118
internal_count=2216 2190 1596 85 1511 128 46 1383 1362 1332 1311 1131 868 57 811 791 514 267 41 226 74 54 247 594 343 152 277 137 317 236 62 205 59 263 201 82 251 180 118
is_linear=0
shrinkage=0.05


Tree=11
num_leaves=40
num_cat=0
split_feature=29 5 30 16 15 6 30 0 5 15 24 10 12 29 12 5 3 26 29 28 29 30 14 8 7 30 19 29 3 24 26 0 11 13 22 30 3 7 8
split_gain=32926.7 13275.4 34250.3 19171.6 56966.9 15531.8 35401.4 9851.69 8646.76 39743.5 10545.4 3923.9 15025.9 8372.45 3965.51 3418.44 5897.01 10950 4877.55 12501.9 3405.11 2733.14 2652.29 3901.65 9578.08 4484.87 4422.2 3600.85 3432.56 2181.28 2042.52 1869.09 1965.17 1789.25 3341.73 1224.24 1182.14 1336.52 4018.5
threshold=3.2934920787811284 -0.39390975236892695 1.0098809599876406 1.840181350708008 2.3530056476593022 2.872025847434998 -0.031917804852128022 2.7512800693511967 -0.34696488082408899 -0.88611090183258046 1.5304850935935976 -0.40775510668754572 -0.30952669680118555 -0.39011573791503901 1.1007702946662905 -0.096956163644790636 -0.34371432662010187 0.063209962099790587 -0.2439976632595062 -0.095167335122823701 -1.1503453850746153 0.2988771945238114 -0.31360502541065211 -0.65212738513946522 -0.55014747381210316 -0.55049610137939442 -0.55675894021987904 0.55552455782890331 -0.82119348645210255 -0.66599541902542103 -0.3690733909606933 -0.7135351002216338 -1.2257563471794126 -0.66068968176841725 -0.5446152091026305 -0.078309994190931306 1.5014359951019289 0.059344327077269561 0.20037150382995608
decision_type=2 2 2 2 2 2 2 2 2 2 2 2 2 2 2 2 2 2 2 2 2 2 2 2 2 2 2 2 2 2 2 2 2 2 2 2 2 2 2
left_child=1 5 3 7 -5 20 -7 8 9 -3 11 31 13 -13 15 -14 17 -17 19 -18 -1 -11 23 25 26 -22 -25 -27 -29 -26 -31 -10 -33 34 -34 -21 37 -24 -39
right_child=-2 2 -4 4 -6 6 -8 -9 10 21 -12 12 14 -15 -16 16 18 -19 -20 35 22 -23 36 24 29 27 -28 28 -30 30 -32 32 33 -35 -36 -37 -38 38 -40
leaf_value=-0.73784319162368783 1.8419329444567365 2.4286854851245883 1.9409784955978395 3.0350138694047928 -0.69360901174091161 2.3616886332631113 -0.3198985489085317 1.0915021720386686 0.11911984573711049 -0.25491570892876814 0.84753295221636371 0.21333723806199575 -0.31509941108524803 1.6427694630622864 -0.56442270711064335 -0.22568131744861605 0.9613143033272511 1.4288566887378693 -0.21154273176468866 0.11448302442828816 0.37535682781599466 0.39246064968731093 -0.34326972639863379 0.25815631881356244 0.36398941359736703 -0.37283348492213664 1.2970149867591405 0.37906429971492778 -0.35469930555139273 -0.29709318440452398 0.24477987667884338 -0.58507012108510192 -0.21456524110540298 -0.43032078274350233 0.47898103177547457 -0.32603869201696439 0.084985349997878087 0.2602907656795449 -0.23852069716801055
leaf_weight=26 24 20 25 20 21 20 32 21 33 56 31 21 90 20 40 20 37 20 173 24 32 23 200 20 22 175 21 37 28 83 22 44 132 69 20 46 30 45 393
leaf_count=26 24 20 25 20 21 20 32 21 33 56 31 21 90 20 40 20 37 20 173 24 32 23 200 20 22 175 21 37 28 83 22 44 132 69 20 46 30 45 393
internal_value=2.66642e-10 -0.0201671 0.113436 0.0668624 1.12523 -0.133493 0.711481 0.0206995 -0.00376935 0.437627 -0.0570598 -0.0926015 -0.00573386 0.910621 -0.089224 -0.0428631 0.0337033 0.601588 -0.047423 0.217929 -0.17224 -0.066439 -0.158967 -0.06365 0.125801 -0.180664 0.790255 -0.2548 0.0629815 -0.0887072 -0.183558 -0.235729 -0.279918 -0.219163 -0.123309 -0.175003 -0.221751 -0.236175 -0.187273
internal_weight=2216 2192 1006 981 41 1186 52 940 919 99 820 789 491 41 450 410 320 40 280 107 1134 79 1108 440 168 272 41 240 65 127 105 298 265 221 152 70 668 638 438
internal_count=2216 2192 1006 981 41 1186 52 940 919 99 820 789 491 41 450 410 320 40 280 107 1134 79 1108 440 168 272 41 240 65 127 105 298 265 221 152 70 668 638 438
is_linear=0
shrinkage=0.05


Tree=12
num_leaves=40
num_cat=0
split_feature=30 22 5 13 22 29 5 27 30 0 4 20 33 29 31 4 3 28 20 2 5 10 5 15 7 3 27 29 27 27 10 5 6 7 3 5 11 28 18
split_gain=30910.6 10642.1 14215.9 35860.2 69937 59595.5 21510.2 62833.3 7025.6 5549.46 11241.8 8499.21 18419.8 10158.9 3852.91 12674.7 6403.08 6634.69 14925.8 3655.99 3363.85 3209.71 3077.97 4568 2752.02 1852.96 1665.29 1384.34 1342.53 3548.54 3432.74 1303.83 1183.98 1181.55 1091.45 1422.51 982.821 6572.73 864.709
threshold=-2.4608415365219112 -1.6769025325775144 -0.35242359340190882 0.89478415250778209 0.64222413301467907 -0.3852009773254394 -0.26945126056671137 -0.3254187256097793 0.95535138249397289 0.86638915538787853 0.40312792360782629 -0.10507600754499434 -0.047475587576627724 0.23150058090686801 1.0000000180025095e-35 -1.0371792912483213 -0.82257151603698719 -0.22967116534709928 0.16362944990396502 2.2576968073844914 -0.086038753390312181 0.20781930536031726 -0.08385527133941649 0.59002515673637401 0.53242841362953197 1.14246541261673 0.47329057753086096 0.66201218962669384 0.064031258225440993 -0.013289313763380049 -0.32054285705089564 2.941359400749207 0.064991626888513579 -1.1554817557334898 0.023524343967437748 -0.41356109082698816 0.4072359055280686 -0.14348310977220533 0.96812066435813915
decision_type=2 2 2 2 2 2 2 2 2 2 2 2 2 2 2 2 2 2 2 2 2 2 2 2 2 2 2 2 2 2 2 2 2 2 2 2 2 2 2
left_child=-1 -2 14 6 -5 -6 7 -4 9 10 11 25 13 21 19 -16 17 -17 -19 28 -7 -13 -23 -24 31 27 -9 -8 29 33 -31 -11 -20 -3 35 -30 37 -35 -18
right_child=1 2 3 4 5 20 8 26 -10 24 -12 12 -14 -15 15 16 38 18 32 -21 -22 22 23 -25 -26 -27 -28 -29 34 30 -32 -33 -34 36 -36 -37 -38 -39 -40
leaf_value=1.7138548869353074 0.83222894832595351 -0.56411484290253033 3.0996390237694698 2.6802543666409822 2.6443244940042501 0.13608005597539571 -0.3190071113809359 -0.46497528002812311 -1.0057674254689899 -0.32634934485490835 1.0444403654038907 -0.48854822559126965 1.6538786923885347 0.79614405018942702 1.1576795485886662 -0.2627436635656315 -0.32583146515527583 1.2979518108069898 0.26293973164124923 0.28139958005202448 -0.56892751352861526 -0.49873344063758851 -0.11272123671240278 0.82973396837711333 0.240423641204834 0.12135525000946863 0.14189059555530548 0.013410697917680485 -0.29348039574632867 0.74806530445814134 -0.1388782775650422 -0.74884195554824107 -0.19372393563389778 -0.22621193947526841 -0.6085667175054551 0.10496875196695328 -0.28647392305175368 0.53095998393766808 -0.059339532491407901
leaf_weight=26 36 22 21 38 20 23 204 26 21 140 25 48 20 35 22 57 153 32 22 38 64 20 36 20 20 35 20 37 336 20 24 21 40 218 25 24 156 33 38
leaf_count=26 36 22 21 38 20 23 204 26 21 140 25 48 20 35 22 57 153 32 22 38 64 20 36 20 20 35 20 37 336 20 24 21 40 218 25 24 156 33 38
internal_value=4.24895e-11 -0.0203471 -0.0345963 0.117897 0.837618 0.183224 -0.021435 0.833446 -0.105419 -0.0768148 0.012149 -0.0445703 0.223767 0.0438791 -0.142794 -0.00561643 -0.0804483 0.162873 0.420959 -0.198522 -0.382546 -0.168454 0.0337111 0.22387 -0.312741 -0.218601 -0.201121 -0.267972 -0.219777 -0.16335 0.264278 -0.381457 -0.031682 -0.20721 -0.289102 -0.266917 -0.187918 -0.126663 -0.272812
internal_weight=2216 2190 2154 894 145 107 749 67 682 661 480 455 179 159 1260 364 342 151 94 896 87 124 76 56 181 276 46 241 858 473 44 161 62 429 385 360 407 251 191
internal_count=2216 2190 2154 894 145 107 749 67 682 661 480 455 179 159 1260 364 342 151 94 896 87 124 76 56 181 276 46 241 858 473 44 161 62 429 385 360 407 251 191
is_linear=0
shrinkage=0.05


Tree=13
num_leaves=40
num_cat=0
split_feature=29 30 33 5 6 25 33 9 13 5 33 28 27 29 33 31 31 22 15 30 9 0 29 33 3 5 0 3 29 30 20 30 20 15 29 29 4 30 24
split_gain=28809.9 11384.3 70029.3 11540.9 10178.4 7956.62 7265.5 25762.6 49714.2 64521.2 6508.37 16417.1 7387.64 44925.1 5650.01 8176.96 14996.9 7619.04 12307.8 22070.8 6280.74 6739.8 3050.95 8661.63 2747.77 2484.6 2016.4 1696.89 1586.1 1529.83 5658.2 1552.64 2135.82 3409.71 1505.66 2822.16 1985.28 2816.73 1291.81
threshold=3.2934920787811284 1.0098809599876406 -0.04748056270182132 3.5429087877273564 4.6428182125091562 -1.6580014824867246 -0.047486646100878709 1.2217946052551272 1.5881919264793398 -0.28910261392593378 -0.047485981136560433 0.28842267394065862 -1.1976896524429319 -0.021138607524335381 -0.047476824373006814 0.97795489430427562 0.83366858959198009 -0.51586395502090443 -0.19662933796644208 0.098575331270694747 -0.29893273115158076 0.58968329429626476 0.37714722752571112 -0.047488832846283906 1.14246541261673 -0.36989144980907435 -0.68849384784698475 0.64087116718292247 -0.41597388684749598 -0.28542430698871607 -0.014160256832838057 0.12425576522946359 0.60198959708213817 0.77610352635383617 -0.10804389789700507 -0.04430867359042167 -0.50052195787429798 0.29402057826519018 0.040151594206690795
decision_type=2 2 2 2 2 2 2 2 2 2 2 2 2 2 2 2 2 2 2 2 2 2 2 2 2 2 2 2 2 2 2 2 2 2 2 2 2 2 2
left_child=1 3 -3 4 5 -1 22 10 9 -9 11 -8 13 -12 29 16 17 24 19 -19 -20 -22 25 -24 26 38 -16 -10 -28 30 -14 32 -31 -34 -33 -36 37 -37 -7
right_child=-2 2 -4 -5 -6 6 7 8 27 -11 12 -13 14 -15 15 -17 -18 18 20 -21 21 -23 23 -25 -26 -27 28 -29 -30 31 -32 34 33 -35 35 36 -38 -39 -40
leaf_value=-0.78550830096811863 1.7229429880777998 3.0396296116709713 -0.70989285476054209 1.1586578953266145 1.0745408192276955 -0.093069422756967377 -0.24591978035039375 -0.055009764868078674 -0.051643445690472925 3.7044058627430356 -0.24685029964329619 1.3850877340745045 -0.33516373212138811 2.4582103034853939 0.28225809023493814 -0.23081922099565066 1.1526661209987872 0.027054808092744728 -0.56356042110033944 1.8412370002269747 0.84069912080411557 -0.27648966091650501 0.77278909023318976 -0.41474819812266261 0.29172296556511096 -0.50921000765684332 0.064182783945186714 -0.64621867299079894 -0.29744029068942401 -0.4359156484104646 0.71374333322048189 -0.30457746907452909 0.42878618893169218 -0.35468524567237719 0.43986744751100959 0.55319060711633594 -0.2662619661884148 -0.16836040600840199 -0.27952211294150742
leaf_weight=37 24 20 33 20 20 163 36 21 30 25 66 27 36 20 21 248 33 38 37 30 27 27 28 34 35 78 37 20 168 157 20 121 21 41 23 21 119 38 216
leaf_count=37 24 20 33 20 20 163 36 21 30 25 66 27 36 20 21 248 33 38 37 30 27 27 28 34 35 78 37 20 168 157 20 121 21 41 23 21 119 38 216
internal_value=1.96697e-09 -0.0188643 0.705021 -0.0368007 -0.048084 -0.0587807 -0.0457405 0.00869209 0.801888 1.98815 -0.0439318 0.453083 -0.0665561 0.382234 -0.096291 -2.21889e-05 0.12633 0.0456896 0.318535 0.827429 -0.0617371 0.282105 -0.20757 0.121559 -0.120527 -0.252222 -0.184371 -0.289474 -0.232172 -0.20933 0.0394459 -0.235082 -0.337792 -0.0893159 -0.165226 -0.0813379 -0.148685 0.0884628 -0.199333
internal_weight=2216 2192 53 2139 2119 2099 2062 1543 96 46 1447 63 1384 86 1298 701 453 420 159 68 91 54 519 62 261 457 226 50 205 597 56 541 219 62 322 201 178 59 379
internal_count=2216 2192 53 2139 2119 2099 2062 1543 96 46 1447 63 1384 86 1298 701 453 420 159 68 91 54 519 62 261 457 226 50 205 597 56 541 219 62 322 201 178 59 379
is_linear=0
shrinkage=0.05


Tree=14
num_leaves=40
num_cat=0
split_feature=30 22 5 30 16 5 5 24 12 20 19 0 30 29 31 4 3 28 33 7 2 33 16 7 9 30 30 9 27 27 9 4 33 13 7 28 11 3 5
split_gain=27706.8 9651.47 12091.5 33874 20171 13182.6 10455.4 12215 5168.22 4857.18 11090 5570.71 4268.5 3631.57 3375.6 11280.6 5584.63 5881.93 12184.6 7174.33 3341.81 3089.84 4186.91 2187.14 2131.93 1862.91 1614.67 2789.52 1612.23 3598.13 2584.17 1146.26 2008.41 2121.36 1025.72 1004.1 6260.64 1003.2 1275.79
threshold=-2.4608415365219112 -1.6769025325775144 -0.35242359340190882 1.0098809599876406 1.840181350708008 -0.32840529084205622 3.3049092292785649 1.5304850935935976 0.99506542086601268 -0.10507600754499434 1.0000000180025095e-35 -0.68849384784698475 -0.017276935279369351 -0.88827767968177784 1.0000000180025095e-35 -1.0371792912483213 -0.82257151603698719 -0.3497753888368606 -0.047476394101977341 -0.43521897494792933 2.2576968073844914 -0.047472244128584855 0.47510828077793127 -1.2646961808204649 -1.1894401311874387 0.83155819773674022 0.38225501775741583 0.37274707853794103 0.064031258225440993 -0.013289313763380049 -0.28858751058578486 -0.26139283180236811 -0.047473857179284089 -0.9107987880706786 0.83773630857467662 -0.14348310977220533 0.36079791188240057 0.023524343967437748 -0.41356109082698816
decision_type=2 2 2 2 2 2 2 2 2 2 2 2 2 2 2 2 2 2 2 2 2 2 2 2 2 2 2 2 2 2 2 2 2 2 2 2 2 2 2
left_child=-1 -2 14 4 5 -4 7 8 9 13 -11 -12 21 -7 20 -16 17 -17 34 -20 25 22 -13 -15 -25 28 -14 -28 29 35 -31 32 -26 -34 -19 -3 -37 38 -30
right_child=1 2 3 -5 -6 6 -8 -9 -10 10 11 12 26 23 15 16 -18 18 19 -21 -22 -23 -24 24 31 -27 27 -29 37 30 -32 -33 33 -35 -36 36 -38 -39 -40
leaf_value=1.6226079711547265 0.79266185056832106 -0.22303461112692291 1.1596065861483416 1.9223765659332277 1.1979139463321582 0.39821373890317047 1.0212645302648129 0.96524844542145738 -0.58948539139330391 0.88128754629900596 0.68545297551155093 0.99594443724268966 -0.31535469950802292 -0.70808534242890098 1.0932344822721047 -0.27816143405552091 -0.25446613534933921 -0.25216261363691755 0.39287194027787165 1.7160798427462578 0.27405550323034589 -0.20031451031013772 0.046718641657095689 0.30714204192161559 -0.26455490563064815 -0.59216266632080072 -0.27818238875179579 0.45898369650046034 -0.27262605205453028 0.7241360306739808 -0.061151810667731545 -0.32029995880903139 -0.20309696824489432 0.40705345650685248 0.18118467737327926 0.63593288476650534 -0.23872230724276355 -0.57439133822917943 0.10526243150234223
leaf_weight=26 36 293 24 25 37 25 23 28 50 38 25 21 134 22 22 52 191 36 21 20 38 27 26 20 100 30 33 21 322 20 22 158 28 29 22 26 96 25 24
leaf_count=26 36 293 24 25 37 25 23 28 50 38 25 21 134 22 22 52 191 36 21 20 38 27 26 20 100 30 33 21 322 20 22 158 28 29 22 26 96 25 24
internal_value=-2.50653e-09 -0.0192638 -0.0328336 0.107804 0.0556016 0.00480165 -0.0294995 -0.0602862 -0.0982188 -0.0634758 0.0786073 -0.0276709 -0.095717 -0.184358 -0.13262 -0.0042202 -0.0748167 0.152422 0.378587 1.03834 -0.184782 0.22596 0.470841 -0.225154 -0.193439 -0.205103 -0.222335 0.00849331 -0.19108 -0.128216 0.312795 -0.225222 -0.129539 0.10733 -0.0877895 -0.172849 -0.0523204 -0.268515 -0.246414
internal_weight=2216 2190 2154 894 869 832 808 785 757 707 325 287 262 382 1260 364 342 151 99 41 896 74 47 357 335 858 188 54 828 457 42 315 157 57 58 415 122 371 346
internal_count=2216 2190 2154 894 869 832 808 785 757 707 325 287 262 382 1260 364 342 151 99 41 896 74 47 357 335 858 188 54 828 457 42 315 157 57 58 415 122 371 346
is_linear=0
shrinkage=0.05


Tree=15
num_leaves=40
num_cat=0
split_feature=29 22 19 5 30 16 5 5 24 11 20 22 7 3 4 27 4 31 4 3 27 22 21 2 29 4 33 5 27 27 3 5 21 28 27 16 29 29 29
split_gain=25205.8 10414.7 35346.3 12366.9 36589.9 17711.4 11579.1 10521.1 10728.5 4954.61 3176.82 10865 5345.03 3741.29 3444.53 5190.81 3373.39 3108.78 10112.2 5059.11 5242.92 6929.94 13744.6 2999.06 2997.13 1718.43 2141.29 2404.16 1414.18 6118.33 1206.4 1874.6 1118.97 1590.37 1069.54 3051.15 1010.8 913.928 2307.13
threshold=3.2934920787811284 -1.6923955082893369 -1.5992504954338072 -0.35242359340190882 1.0098809599876406 1.840181350708008 -0.32840529084205622 3.3049092292785649 1.5304850935935976 1.0874515175819399 -0.10507600754499434 -0.036472376435995095 -0.36946609616279596 -0.35542738437652582 -0.18270766735076902 -0.41882969439029688 -0.027181534096598622 1.0000000180025095e-35 -1.0371792912483213 -0.82257151603698719 0.17511215806007388 -0.42892540991306299 0.39730425179004675 2.2576968073844914 -0.88827767968177784 -0.26139283180236811 -0.047474030405282967 0.31572198867797857 1.0000000180025095e-35 -0.036157628521323197 0.023524343967437748 -0.44194637238979334 -0.30153389275074 1.0000000180025095e-35 -0.17711103707551953 -0.046928744763135903 -0.31211493909358973 -0.46601891517639155 -0.60456100106239308
decision_type=2 2 2 2 2 2 2 2 2 2 2 2 2 2 2 2 2 2 2 2 2 2 2 2 2 2 2 2 2 2 2 2 2 2 2 2 2 2 2
left_child=1 -1 -3 17 5 6 -5 8 9 10 24 -12 -13 -14 -15 -16 -17 23 -19 20 32 -22 -23 28 -8 26 -26 -28 29 34 31 -30 -20 -34 37 -36 -11 38 -4
right_child=-2 2 3 4 -6 -7 7 -9 -10 36 11 12 13 14 15 16 -18 18 19 -21 21 22 -24 -25 25 -27 27 -29 30 -31 -32 -33 33 -35 35 -37 -38 -39 -40
leaf_value=-0.78811718001961717 1.6115716954072317 1.991639818115668 -0.26528389617800713 1.1016262539972863 2.0889329360878985 1.1380183625865627 0.37830309033393861 1.0650694023479115 0.91698597903762546 -0.85654909043085015 0.98753875422066661 0.76514619112014781 0.3816467179279579 -0.40462218903262043 0.71889093092509682 0.47708641782402994 -0.22430682890427611 1.0385727752338756 -0.35867316476229966 -0.2397068736631246 -0.25265632811046784 1.7288219387494874 -0.059514436267671139 0.2603527379271231 -0.23178221138380467 -0.30364926963776884 -0.10058911808944765 0.47832080321065312 -0.27087838328391145 0.70212517799366092 -0.58259722784299539 0.11771214319502606 0.38204940866213294 -0.1713518402060947 -0.33769758891027712 0.43592699159681803 -0.35987691879272465 -0.24587122469940892 0.2837287717769223
leaf_weight=43 24 22 50 24 23 37 25 22 28 21 29 20 38 87 21 20 120 22 29 189 21 22 21 38 100 167 47 29 356 21 27 34 20 37 26 25 20 280 31
leaf_count=43 24 22 50 24 23 37 25 22 28 21 29 20 38 87 21 20 120 22 29 189 21 22 21 38 100 167 47 29 356 21 27 34 20 37 26 25 20 280 31
internal_value=-7.46256e-10 -0.0176449 -0.00222833 -0.0228513 0.120946 0.0680058 0.0196067 -0.0130992 -0.0438242 -0.0799838 -0.0488234 0.0625779 -0.0250817 -0.0803424 -0.151131 -0.0141514 -0.124108 -0.123935 -0.000216214 -0.0676302 0.149186 0.491852 0.855448 -0.174231 -0.150235 -0.188758 -0.0797421 0.120311 -0.193659 -0.130369 -0.259378 -0.237001 -0.10582 0.022824 -0.172802 0.0415301 -0.61427 -0.203082 -0.0551679
internal_weight=2216 2192 2149 2127 878 855 818 794 772 744 703 335 306 286 248 161 140 1249 361 339 150 64 43 888 368 343 176 76 850 433 417 390 86 57 412 51 41 361 81
internal_count=2216 2192 2149 2127 878 855 818 794 772 744 703 335 306 286 248 161 140 1249 361 339 150 64 43 888 368 343 176 76 850 433 417 390 86 57 412 51 41 361 81
is_linear=0
shrinkage=0.05


Tree=16
num_leaves=40
num_cat=0
split_feature=30 8 22 30 33 5 15 7 24 17 0 4 30 9 7 11 5 6 6 28 14 27 29 19 4 8 13 12 16 27 5 8 22 30 17 10 0 5 6
split_gain=25055.9 9629.62 36238.2 12151.3 68556.9 7811.11 32970.8 9835.22 47998.1 66279.7 6306.99 8224.78 15993.7 26606.8 5800.61 16279.7 56844.6 5771.62 10443.6 4978.04 4909.74 9831.42 3375.42 3114.52 3697.13 2870.65 7866.62 7565.64 2531.55 2783.48 2347.7 2215.87 2053.29 1548.4 1493.47 1532.91 3007.91 1041.18 1295.19
threshold=-2.4608415365219112 -1.2785375714302061 -1.6634678840637205 1.0098809599876406 -0.047479992732405656 -0.096956163644790636 1.8629074692726137 1.1276233196258547 0.9187980890274049 0.72464904189109813 0.86638915538787853 0.1197384111583233 0.13834507763385775 -0.36709570884704584 -0.35899424552917475 -0.46645146608352656 -0.38735930621623987 2.2832190990448002 3.1649718284606938 -1.3693305850028989 0.15047965198755267 0.1107570491731167 1.1304740905761721 -0.58301496505737294 -1.0224258303642271 -0.63483852148056019 -0.57643339037895192 -0.6477123200893401 0.059406541287899024 -0.099173549562692628 2.941359400749207 1.2154778838157656 0.19179907441139224 -0.55049610137939442 2.0610371828079228 1.5151640772819521 -0.45704109966754908 -0.31312091648578638 -0.41887925565242762
decision_type=2 2 2 2 2 2 2 2 2 2 2 2 2 2 2 2 2 2 2 2 2 2 2 2 2 2 2 2 2 2 2 2 2 2 2 2 2 2 2
left_child=-1 19 -3 5 -5 14 7 8 10 -10 11 20 13 -13 15 22 28 34 -19 -2 23 32 25 24 -7 33 27 -27 29 -17 -12 -9 -22 -4 35 37 -37 38 -16
right_child=1 2 3 4 -6 6 -8 31 9 -11 30 12 -14 -15 17 16 -18 18 -20 -21 21 -23 -24 -25 -26 26 -28 -29 -30 -31 -32 -33 -34 -35 -36 36 -38 -39 -40
leaf_value=1.5430334256245541 -1.1719971931498985 2.1206913959980009 0.11133017959073187 2.9549752503633502 -1.0477054056913957 0.64872210752218962 1.9687771558761598 -0.13049903273582461 3.8170528137683868 -0.080267479992471635 -0.2128803699010319 -0.15122270874679089 -0.30731161861650408 2.3423490819723711 -0.11632219925800352 -0.14617668430010478 2.9913380447030069 1.2186377881839872 -0.36003879159688951 -0.30683228343725211 0.29281412541866303 1.1704086531763493 0.38768387527176829 -0.35066417875389261 -0.11746566358047564 -0.020368484407663347 -0.34849512160948987 1.170663439234098 -0.47758855422337848 0.58492386211519665 -0.77903604649362113 -0.77244684201915093 -0.37560265792740721 -0.25665402317614255 -0.50326314670283623 -0.24136185626927259 0.46858795881271365 -0.37228689165888257 -0.25890529761118514
leaf_weight=26 23 20 32 20 23 20 23 20 20 24 143 20 31 23 302 30 20 20 22 60 20 23 33 105 74 30 53 24 21 23 21 41 27 268 41 37 25 91 337
leaf_count=26 23 20 32 20 23 20 23 20 20 24 143 20 31 23 302 30 20 20 22 60 20 23 33 105 74 30 53 24 21 23 21 41 27 268 41 37 25 91 337
internal_value=-3.3254e-09 -0.0183191 0.00249027 -0.0178087 0.814007 -0.0353078 0.11029 0.0404449 0.107137 1.69124 -0.0303394 0.0916022 0.558418 1.18255 -0.100925 0.0289379 0.626227 -0.180178 0.391712 -0.546577 -0.0368154 0.323349 -0.0986648 -0.163506 0.045553 -0.138098 0.0842488 0.508979 -0.012992 0.171093 -0.285376 -0.561972 -0.09117 -0.217402 -0.209013 -0.193781 0.0449082 -0.214053 -0.191519
internal_weight=2216 2190 2107 2087 43 2044 635 612 551 44 507 343 74 43 1409 534 94 875 42 83 269 70 440 199 94 407 107 54 74 53 164 61 47 300 833 792 62 730 639
internal_count=2216 2190 2107 2087 43 2044 635 612 551 44 507 343 74 43 1409 534 94 875 42 83 269 70 440 199 94 407 107 54 74 53 164 61 47 300 833 792 62 730 639
is_linear=0
shrinkage=0.05


Tree=17
num_leaves=40
num_cat=0
split_feature=29 21 19 5 30 33 7 27 15 24 12 5 24 18 22 29 29 7 7 5 27 20 26 16 15 30 5 5 22 22 17 7 27 29 28 15 15 18 4
split_gain=22648 10182.4 30846.1 10764.1 8957.74 59697.7 5499.59 71572.9 7031.34 12618.2 4077.61 3329.09 3226.81 8574.58 31992.6 3487.07 18323.8 17640.9 28126.5 5031.42 3636.94 4758.2 23635.2 3224.64 3032.67 2560.97 3331.32 2480.25 1584.43 2521.35 4337.1 1539.57 1326.78 1348.93 1418.43 10243.1 1951.89 4485.59 6009.3
threshold=3.2934920787811284 -1.6710991859436033 -1.5992504954338072 3.5429087877273564 1.0098809599876406 -0.04748056270182132 1.6315463185310366 -0.058290904387831681 1.8295560479164126 1.5304850935935976 1.0842877030372622 -0.54893699288368214 -0.97461545467376698 -1.0022060871124265 -1.0179220438003538 -0.41597388684749598 -0.52172148227691639 0.41479589045047766 0.059344327077269561 0.47402445971965795 0.3867646604776383 0.13133033365011218 -0.41681288182735438 1.0116284489631655 -0.60947853326797474 0.3407531082630158 -0.36989144980907435 -0.39172627031803126 -1.2416166067123411 -1.4895985722541807 -1.3745294809341428 0.89212873578071605 0.21318208426237109 0.42881171405315405 -0.41530318558216089 -0.36572782695293421 0.053082352504134185 0.36480028927326208 -0.50052195787429798
decision_type=2 2 2 2 2 2 2 2 2 2 2 2 2 2 2 2 2 2 2 2 2 2 2 2 2 2 2 2 2 2 2 2 2 2 2 2 2 2 2
left_child=1 -1 -3 4 6 -6 8 11 9 10 12 -8 28 14 -14 16 19 18 -18 31 32 22 24 -23 -22 26 -25 -10 29 -4 -31 -15 33 34 -17 -36 -37 38 -38
right_child=-2 2 3 -5 5 -7 7 -9 27 -11 -12 -13 13 15 -16 20 17 -19 -20 -21 21 23 -24 25 -26 -27 -28 -29 -30 30 -32 -33 -34 -35 35 36 37 -39 -40
leaf_value=-0.77855811590372137 1.5276184876759848 1.8611372514204547 -0.32140707912999145 1.1337458598613741 2.7298874473571781 -0.84675515549523495 -0.020097296488555998 3.0089405545592309 -0.34816113511721292 0.93208994534797973 -0.41401275766150258 -0.61126756951922467 -0.13362050050938573 -0.38406420473630232 2.207364456653595 -0.20411817902219886 0.36746302587645396 -0.26709248781204226 2.6820747931798299 0.32671880416381055 0.36140288497720446 -0.24103196479745806 1.4559881710913034 0.031897716620005671 -0.17237846167707765 -0.29525563908232882 0.85449997544288636 -1.0726757276625862 -0.36128598126667466 0.72445685267448434 -0.13967188785098636 0.080000902925218859 -0.31613362649869592 -0.30826953272806129 0.95844353856518871 -0.29086389973616372 0.7650540993494146 -0.21265917071702739 -0.055303574846341068
leaf_weight=43 24 22 71 20 20 28 55 20 27 32 82 42 54 120 20 206 35 30 21 39 35 163 32 32 111 22 20 21 110 20 53 21 108 89 24 104 34 141 65
leaf_count=43 24 22 71 20 20 28 55 20 27 32 82 42 54 120 20 206 35 30 21 39 35 163 32 32 111 22 20 21 110 20 53 21 108 89 24 104 34 141 65
internal_value=4.4801e-10 -0.0167257 -0.00148201 -0.0207475 -0.0317061 0.643513 -0.047447 0.285472 -0.0675044 -0.0523585 -0.0692771 -0.276068 -0.053396 -0.0259306 0.499078 -0.0526872 0.110926 0.711302 1.23544 -0.17592 -0.089383 0.0299605 0.225319 -0.116764 -0.0444172 0.156961 0.348283 -0.665136 -0.218405 -0.10926 0.0970757 -0.314948 -0.153621 -0.127148 -0.0990651 -0.0402583 -0.109935 -0.0315327 0.226435
internal_weight=2216 2192 2149 2127 2107 48 2059 117 1942 1894 1862 97 1780 1526 74 1452 266 86 56 180 1186 415 178 237 146 74 52 48 254 144 73 141 771 663 574 368 344 240 99
internal_count=2216 2192 2149 2127 2107 48 2059 117 1942 1894 1862 97 1780 1526 74 1452 266 86 56 180 1186 415 178 237 146 74 52 48 254 144 73 141 771 663 574 368 344 240 99
is_linear=0
shrinkage=0.05


Tree=18
num_leaves=40
num_cat=0
split_feature=30 8 22 3 31 27 7 5 13 5 30 23 28 30 20 17 0 30 2 19 22 28 30 6 27 14 28 20 27 27 17 10 33 28 17 17 5 18 9
split_gain=22692.3 8904.7 31889.4 10725.4 75845.9 129179 23471.4 61874.8 20821.1 14231.5 9675.06 5153.33 4519.05 3531.04 3149.03 18332.8 23794.5 3088.47 3437.74 5901.7 8800.89 4386.84 3744.59 3062.92 2441.4 4377.16 6985 5372.33 1852.24 6836.26 2638.6 5219.15 1959.82 1800.7 5220.34 14908.3 2946.04 2232.81 4126.76
threshold=-2.4608415365219112 -1.2785375714302061 -1.6634678840637205 -0.27481402456760401 -0.57379686832427967 -0.19872929900884626 1.6315463185310366 0.12139206379652025 1.4338148832321169 3.3049092292785649 0.95535138249397289 0.89250150322914135 -1.3693305850028989 1.0098809599876406 0.45322860777378088 0.35513137280941015 -0.72390931844711293 -0.058842945843935006 1.1408391594886782 0.20737794041633609 0.48771651089191442 -0.44768442213535303 -0.55049610137939442 0.7208407223224641 0.65905940532684337 -0.88961794972419728 0.5443481206893922 -0.22457061707973477 0.0077290176413953313 -0.070171184837818132 -0.067283444106578813 0.28419394791126257 -0.047486331313848489 -0.42508600652217859 -0.1020272634923458 -0.20419634878635404 0.30262109637260443 0.96812066435813915 0.52843922376632702
decision_type=2 2 2 2 2 2 2 2 2 2 2 2 2 2 2 2 2 2 2 2 2 2 2 2 2 2 2 2 2 2 2 2 2 2 2 2 2 2 2
left_child=-1 12 -3 13 5 -5 8 -8 9 10 11 17 -2 14 15 23 -17 18 19 22 -21 -20 -6 24 28 -26 27 -27 29 30 -4 -32 -33 -19 35 36 -35 -36 -39
right_child=1 2 3 4 6 -7 7 -9 -10 -11 -12 -13 -14 -15 -16 16 -18 33 21 20 -22 -23 -24 -25 25 26 -28 -29 -30 -31 31 32 -34 34 37 -37 -38 38 -40
leaf_value=1.4684510231018066 -1.1213091282740884 1.9896201449632647 -0.18090562649657985 5.0879236739873894 0.25671243593096732 -0.52686697329793664 3.1632312592864036 -0.76979513406753552 1.5518722597789019 1.2371335148811342 -1.1990373402833938 -0.48004067839185399 -0.29699402604252101 -0.76118550527663464 -0.22715526087772941 -0.14282007632048235 2.2152873496711254 -0.28007414262443781 1.0502178657799959 1.2615119766621363 -0.055793810170143843 0.015520394983745757 -0.31488607174135969 -0.38167508761088054 -0.25341279147700829 0.26017688105681114 -0.35886026382107628 1.3181162158648174 -0.26638470261364061 0.81959930942172099 0.84573768138885497 -0.33889685164798394 0.28835810571908954 -0.32775698574476464 -0.23692016443448372 1.4755186382681131 0.36373472083359959 0.60942432402322699 -0.27693132989365482
leaf_weight=26 23 20 273 20 40 21 20 20 20 20 20 75 60 21 367 23 20 125 20 21 32 21 101 90 44 28 22 21 147 21 20 33 20 43 221 20 24 24 29
leaf_count=26 23 20 273 20 40 21 20 20 20 20 20 75 60 21 367 23 20 125 20 21 32 21 101 90 44 28 22 21 147 21 20 33 20 43 221 20 24 24 29
internal_value=2.1831e-09 -0.0174337 0.00257714 -0.016465 0.109108 2.21206 0.0128791 1.19672 -0.0424405 -0.0805819 -0.112879 -0.0855884 -0.525419 -0.118779 -0.10683 -0.0488785 0.953974 -0.0445567 0.104262 0.0163472 0.466158 0.520251 -0.15273 -0.108854 -0.0698181 0.138437 0.381274 0.713579 -0.116412 -0.0563415 -0.109506 0.157511 -0.102197 -0.116516 -0.0598829 0.277545 -0.0800585 -0.167023 0.124437
internal_weight=2216 2190 2107 2087 937 41 896 40 856 836 816 796 83 1150 1129 762 43 721 235 194 53 41 141 719 629 115 71 49 514 367 346 73 53 486 361 87 67 274 53
internal_count=2216 2190 2107 2087 937 41 896 40 856 836 816 796 83 1150 1129 762 43 721 235 194 53 41 141 719 629 115 71 49 514 367 346 73 53 486 361 87 67 274 53
is_linear=0
shrinkage=0.05


Tree=19
num_leaves=40
num_cat=0
split_feature=30 22 3 31 5 7 5 13 5 30 30 23 15 30 5 5 29 4 29 29 6 31 29 7 33 30 29 5 17 29 18 0 8 29 29 5 29 14 7
split_gain=20479.8 8126.46 9354.11 68020.4 120645 21771.9 55842 19165.8 13142 9189.42 4720.78 4343.45 3693.03 3271.27 3693.14 5916.38 5558.95 7608.7 3037.65 10359.9 3201.14 3649.84 4606.63 11528 4236.4 2415.91 2249.16 2122.36 7370.09 2913.91 4803.9 1928.09 2655.86 1892.59 2806.99 1934.64 6704.76 1922.52 1703.62
threshold=-2.4608415365219112 -1.6769025325775144 -0.27481402456760401 -0.57379686832427967 -0.36989144980907435 1.6315463185310366 0.12139206379652025 1.4338148832321169 3.3049092292785649 1.0098809599876406 1.0567454695701601 0.89250150322914135 -1.3155183792114256 -0.058842945843935006 1.1148765087127688 0.51005190610885631 0.21774261444807055 -0.27614629268646235 -0.55690127611160267 -0.51274108886718739 -0.098241925239562974 1.0000000180025095e-35 -0.41597388684749598 0.44319847226142889 -0.047477118670940392 -0.26575618982315058 -0.11553847417235373 -0.11660750955343245 0.059342432767152793 -0.04430867359042167 0.25834965705871588 -1.1810910701751707 -0.18018630146980283 0.24387346208095553 0.15625484287738803 0.27423581480979925 -0.44043858349323267 0.44746088981628424 0.53242841362953197
decision_type=2 2 2 2 2 2 2 2 2 2 2 2 2 2 2 2 2 2 2 2 2 2 2 2 2 2 2 2 2 2 2 2 2 2 2 2 2 2 2
left_child=-1 -2 10 4 -4 7 -7 8 9 11 18 12 -5 14 15 16 25 -18 -3 -20 21 22 23 -21 -23 -14 -24 29 -29 30 -28 32 -31 34 35 37 -37 -15 -38
right_child=1 2 3 5 -6 6 -8 -9 -10 -11 -12 -13 13 33 -16 -17 17 -19 19 20 -22 24 26 -25 -26 -27 27 28 -30 31 -32 -33 -34 -35 -36 36 38 -39 -40
leaf_value=1.3950284737807055 0.72846199828717451 -0.32124342398375882 -0.43909111343648127 -0.49291570199572521 4.8707294881343843 3.0050695039331914 -0.73130537986755373 1.4742787781357767 1.1752768707275389 -1.1805156636238099 -0.83208575974340038 -0.45580854239432433 -0.40908367192993567 -0.26952638369149123 -0.28721997432930529 0.81176997959613806 1.2743658939003946 -0.046111039693156886 0.94840161701043457 1.0920336766444423 -0.2536945552421877 -0.075803330201994298 -0.24600115396152034 -0.39800367131829262 0.92966079592704787 0.090681711989536617 0.86264192350208768 -0.23881771210581065 0.95000494772737687 0.55860777741128753 -0.22012329364106772 -0.18599066856449348 -0.20982153810884641 -0.27489499516846722 0.37919269732066563 0.79345164632797249 -0.22948323446738572 0.12296294059890966 0.26801635189489886
leaf_weight=26 36 147 23 46 20 20 20 20 20 20 23 76 42 156 43 35 20 24 24 27 260 22 214 25 20 57 20 32 22 22 21 289 23 121 35 25 79 39 22
leaf_count=26 36 147 23 46 20 20 20 20 20 20 23 76 42 156 43 35 20 24 24 27 260 22 214 25 20 57 20 32 22 22 21 289 23 121 35 25 79 39 22
internal_value=1.65671e-09 -0.016562 -0.0290136 0.0868617 2.03059 -0.00398656 1.13688 -0.0558442 -0.0914285 -0.121588 -0.122706 -0.0957606 -0.0589815 -0.0303842 0.12864 0.229101 0.0864895 0.554106 -0.108737 -0.0781415 -0.102853 -0.0496384 -0.0769915 0.37567 0.402989 -0.12134 -0.113599 -0.0475516 0.245517 -0.0897535 0.308055 -0.138586 0.165855 -0.104062 -0.0459981 -0.0923585 0.060345 -0.191029 -0.121117
internal_weight=2216 2190 2154 963 43 920 40 880 860 840 1191 820 744 698 221 178 143 44 1168 1021 997 737 695 52 42 99 643 429 54 375 41 334 45 477 356 321 126 195 101
internal_count=2216 2190 2154 963 43 920 40 880 860 840 1191 820 744 698 221 178 143 44 1168 1021 997 737 695 52 42 99 643 429 54 375 41 334 45 477 356 321 126 195 101
is_linear=0
shrinkage=0.05


Tree=20
num_leaves=40
num_cat=0
split_feature=29 22 19 5 30 16 0 5 24 11 4 4 33 0 4 20 12 30 30 3 3 6 7 3 13 14 30 29 29 30 14 7 17 22 22 15 29 29 3
split_gain=19940.1 11252.5 26744 9570.37 34529.4 14276.9 8794.4 9218.06 7961.48 4352.7 3640.33 9413.13 3855.11 3768.63 10572.8 4774.77 20502.3 3085.05 3809.8 3054.11 11258.1 4315.86 1906.81 1764.42 1761.97 3446.94 2753.22 1708.25 4126.49 9392.89 1320.77 4268.06 4486.1 5923.87 5204.17 4177.04 1486.67 1436.18 1173.19
threshold=3.2934920787811284 -1.6923955082893369 -1.5992504954338072 -0.35242359340190882 1.0098809599876406 1.840181350708008 2.7512800693511967 -0.32840529084205622 1.5304850935935976 1.1336319446563723 -0.86259660124778736 -0.79682075977325428 -0.047472042962908738 0.86638915538787853 0.40312792360782629 -0.10507600754499434 -0.14812283962965009 0.51504388451576244 0.46395739912986761 1.461473882198334 1.7308740615844729 2.872025847434998 0.59595096111297619 -0.053644008934497826 0.089657776057720198 0.21965948492288592 0.41877903044223791 -0.55690127611160267 -0.45463125407695765 -0.014886674005538223 -0.31360502541065211 -0.7240467071533202 0.037436202168464668 -0.27070200443267817 -0.5666460096836089 -0.73041802644729603 0.55552455782890331 0.91963148117065441 1.9651351571083071
decision_type=2 2 2 2 2 2 2 2 2 2 2 2 2 2 2 2 2 2 2 2 2 2 2 2 2 2 2 2 2 2 2 2 2 2 2 2 2 2 2
left_child=1 -1 -3 17 5 6 7 -5 9 10 12 -12 -9 14 15 -13 -17 18 19 21 -21 23 38 27 -18 -26 -27 -4 29 -29 31 36 33 34 35 -33 -30 -38 -15
right_child=-2 2 3 4 -6 -7 -8 8 -10 -11 11 13 -14 22 -16 16 24 -19 -20 20 -22 -23 -24 -25 25 26 -28 28 30 -31 -32 32 -34 -35 -36 -37 37 -39 -40
leaf_value=-0.8165586035612018 1.4333853205045066 1.7346825773065744 -0.29634617656758688 0.9524353745083014 2.0206647064374841 1.0181428316477183 1.0239960721560888 -0.43671618334203965 0.77019883577936687 -0.58843780801846435 1.0481794642550606 -0.18945207910493334 0.17959648876944012 -0.38620274796069248 1.0099086198541853 1.4682013030235586 -0.44953248323872685 -0.30794682470234958 0.49977759499368929 1.2272459270060063 -0.20346353340216658 0.46793401279757102 0.19411084107730703 -0.30913440610480603 0.60122706152143934 -0.24106602917800282 0.41737328263698148 0.99924897849559791 -0.31140361459187743 -0.33224420295311857 -0.17022894936105112 0.0052665090019052684 -0.40403670737376579 1.0381636370783267 -0.31817829716536733 0.97960074747150605 0.33398544419379461 -0.22195404467101279 -0.069956712751853764
leaf_weight=43 24 22 103 24 23 37 21 100 29 39 21 188 34 103 27 26 24 165 28 20 44 31 23 122 21 77 20 27 106 26 401 22 26 23 36 22 21 26 41
leaf_count=43 24 22 103 24 23 37 21 100 29 39 21 188 34 103 27 26 24 165 28 20 44 31 23 122 21 77 20 27 106 26 401 22 26 23 36 22 21 26 41
internal_value=2.09373e-09 -0.015694 0.000330748 -0.017608 0.10889 0.0574624 0.0140087 -0.0126033 -0.0425657 -0.074246 -0.0458014 0.0092388 -0.280338 -0.0304298 0.0559952 -0.0163522 0.177355 -0.106532 -0.0758733 -0.0911368 0.243633 -0.112735 -0.228638 -0.131466 -0.0589974 0.0204335 -0.105305 -0.105631 -0.0789414 0.346064 -0.111921 -0.0290086 0.182833 0.330975 0.127658 0.492434 -0.20762 0.0264445 -0.29616
internal_weight=2216 2192 2149 2127 878 855 818 797 773 744 705 571 134 550 383 356 168 1249 1084 1056 64 992 167 961 142 118 97 839 736 53 683 282 129 103 80 44 153 47 144
internal_count=2216 2192 2149 2127 878 855 818 797 773 744 705 571 134 550 383 356 168 1249 1084 1056 64 992 167 961 142 118 97 839 736 53 683 282 129 103 80 44 153 47 144
is_linear=0
shrinkage=0.05


Tree=21
num_leaves=40
num_cat=0
split_feature=30 8 22 30 33 15 15 0 28 7 8 5 5 5 29 29 30 28 15 5 29 3 0 29 4 33 29 4 17 29 5 33 29 29 9 4 27 27 27
split_gain=18633.5 8283.8 27455.4 10004.8 56091.9 7882.48 33660.2 7117.38 4225.3 3895.6 29816.3 3530.93 6840.09 13645.4 5139.9 16467.1 21877.2 13828.9 3565.13 3162.63 3141.91 3200.23 10830.2 3667.49 2999.25 4176.85 7483.91 3616.43 8298.25 3334.44 2956.42 2366.52 2381.09 5636.19 2937.57 1687.91 1464.4 1406.99 4117.9
threshold=-2.4608415365219112 -1.2785375714302061 -1.6634678840637205 1.0098809599876406 -0.047479992732405656 2.1951055526733403 1.8629074692726137 2.9056415557861333 -1.3693305850028989 1.1276233196258547 1.1794789433479311 1.4151052832603457 0.82119813561439525 0.98605105280876171 -0.52172148227691639 -0.46025393903255457 0.024300143122673038 -1.2250468134880064 -0.46841382980346674 -0.36334100365638727 -0.11553847417235373 1.461473882198334 0.33122178912162786 -0.091077558696269975 -0.64498296380043019 -0.047488832846283906 0.36456617712974554 -0.43843443691730494 -0.017686721868813034 -0.04430867359042167 -0.068570896983146654 -0.047476394101977341 0.23727176338434222 0.15625484287738803 -1.0740126967430113 0.8291342854499818 0.34649854898452764 0.26130121946334844 0.15120091289281848
decision_type=2 2 2 2 2 2 2 2 2 2 2 2 2 2 2 2 2 2 2 2 2 2 2 2 2 2 2 2 2 2 2 2 2 2 2 2 2 2 2
left_child=-1 8 -3 5 -5 6 7 9 -2 10 11 12 14 -14 -4 16 -16 -17 -15 -7 37 23 -23 -22 25 26 -25 28 -26 -29 -11 -31 33 35 -34 -33 -24 38 -19
right_child=1 2 3 4 -6 19 -8 -9 -10 30 -12 -13 13 18 15 17 -18 20 -20 -21 21 22 36 24 27 -27 -28 29 -30 31 -32 32 34 -35 -36 -37 -38 -39 -40
leaf_value=1.3306627933795636 -1.081949896041466 1.8472345554828644 -0.29701245692558587 2.6771889638900759 -0.94336645914160688 -0.3128166314433603 1.5949663463979959 0.87565828164418547 -0.28487679230670138 -0.12716101409982791 1.8015338279984214 -0.29441622334675199 1.4753697701475836 0.60788610249757768 2.1524704819917679 1.0260748080395421 -0.066172782719135279 -0.18285902518158159 -0.18428546308381816 -1.0821902231736618 0.53088649660348897 1.2834591192007065 -0.32349822865477923 -0.21007110296901482 -0.14743965042800439 -0.32519047817925339 0.76330264514046053 0.45114056512713435 0.91775828021945383 -0.22788456795045309 -0.56382959411811029 0.2507837616480314 0.41894119858741763 0.94199526196434391 -0.25771429767763177 -0.32462008121609687 0.2247491790247815 -0.30971338019435168 0.53429900446737355
leaf_weight=26 23 20 192 20 23 34 32 21 60 113 22 137 22 20 20 29 25 222 49 22 26 20 29 67 41 202 28 30 33 175 59 26 20 21 81 25 21 158 22
leaf_count=26 23 20 192 20 23 34 32 21 60 113 22 137 22 20 20 29 25 222 49 22 26 20 29 67 41 202 28 30 33 175 59 26 20 21 81 25 21 158 22
internal_value=3.09889e-10 -0.0157978 0.00350272 -0.014166 0.740613 -0.0300444 -0.0135648 -0.0398803 -0.505752 -0.0498163 -0.0276571 -0.0507715 -0.0299615 0.391054 -0.0552836 -0.0201496 0.919891 -0.0533015 0.0453295 -0.615071 -0.0784033 -0.0236616 0.300107 -0.0529052 -0.0731704 -0.196602 0.076818 0.00793398 0.327581 -0.0546424 -0.276948 -0.0982444 0.0328945 0.252594 -0.123723 -0.0312769 -0.0932343 -0.19347 -0.118197
internal_weight=2216 2190 2107 2087 43 2044 1988 1956 83 1935 1763 1741 1604 91 1513 1321 45 1276 69 56 1247 845 70 775 749 297 95 452 74 378 172 348 173 72 101 51 50 402 244
internal_count=2216 2190 2107 2087 43 2044 1988 1956 83 1935 1763 1741 1604 91 1513 1321 45 1276 69 56 1247 845 70 775 749 297 95 452 74 378 172 348 173 72 101 51 50 402 244
is_linear=0
shrinkage=0.05


Tree=22
num_leaves=40
num_cat=0
split_feature=29 21 19 5 30 16 5 0 24 11 4 33 29 33 30 33 30 33 15 22 3 26 3 29 6 28 25 30 26 4 4 5 21 29 30 6 29 30 26
split_gain=17913.7 10830.2 23341.2 8940.53 31282.2 13119.4 7926.08 8085.43 7433.41 3984.46 3187.17 8399.04 3358.22 3520.47 3917.88 3325.98 3096.42 2460.68 5814.58 10284.6 2515.11 2374.17 3296.39 10739.4 4503.02 2309.4 5635.96 9577.67 1781.95 1641.02 4491.4 1443.97 1337.12 1288.07 3259.17 1565.87 1271.68 1262.86 1227.92
threshold=3.2934920787811284 -1.6710991859436033 -1.5992504954338072 -0.35242359340190882 1.0098809599876406 1.840181350708008 -0.32840529084205622 2.7512800693511967 1.5304850935935976 1.1336319446563723 -0.86259660124778736 -0.047486113384366029 -0.88827767968177784 -0.047469610348343842 -0.30713127553462977 -0.047472042962908738 1.0567454695701601 -0.047475527971982949 -0.096796888858079896 -0.51586395502090443 0.8902902901172639 0.53544911742210399 1.461473882198334 0.04523908160626889 2.872025847434998 -0.4927853643894195 -0.52145424485206593 0.13276672363281253 0.45099233090877539 1.5120968818664553 1.9706838726997378 -0.41574457287788386 0.41067433357238775 -0.45463125407695765 -0.014886674005538223 0.44246922433376318 0.62293955683708202 0.50587067008018505 0.4362324327230454
decision_type=2 2 2 2 2 2 2 2 2 2 2 2 2 2 2 2 2 2 2 2 2 2 2 2 2 2 2 2 2 2 2 2 2 2 2 2 2 2 2
left_child=1 -1 -3 16 5 6 -5 8 9 10 15 -12 -13 14 -14 -8 21 37 19 -19 -20 22 24 -24 25 31 27 -27 29 33 -31 36 -22 34 -28 -35 -4 38 -16
right_child=-2 2 3 4 -6 -7 7 -9 -10 -11 11 12 13 -15 17 -17 -18 18 20 -21 32 -23 23 -25 -26 26 28 -29 -30 30 -32 -33 -34 35 -36 -37 -38 -39 -40
leaf_value=-0.80056514033051429 1.3586024622122448 1.6211091550913725 -0.20319388231931279 0.91096151457168162 1.9260143414787625 0.97831756424259497 -0.40571205936092886 0.95672316153844206 0.74773652918379885 -0.56018350122448723 0.90666836255788807 0.57463613328608598 0.60823972847844876 -0.22707260568182508 -0.061459592737040471 0.16674467222217251 -0.67663876803024958 -0.14115045934915543 -0.57412193089723595 1.4623287588357927 -0.17499271063577562 -0.20596675168111422 -0.35846908940718725 1.1082664244187377 0.575608967183731 -0.18784677496662849 0.49044593888521198 1.1703094332814217 0.3780181694030762 0.67299733428905417 -0.15391686114554223 -0.45396929625421767 0.38924369868778053 -0.21641474312479683 -0.32528324474891029 0.19566842871904375 0.10383546307682992 0.15816943787245288 -0.34033131003379824
leaf_weight=43 24 22 215 24 23 37 100 21 29 39 25 22 28 191 103 34 23 20 20 20 21 329 26 24 26 27 25 25 20 24 52 48 21 296 24 25 40 36 64
leaf_count=43 24 22 215 24 23 37 100 21 29 39 25 22 28 191 103 34 23 20 20 20 21 329 26 24 26 27 25 25 20 24 52 48 21 296 24 25 40 36 64
internal_value=4.04241e-10 -0.0148752 0.000845902 -0.0159128 0.106352 0.0574021 0.015747 -0.0113123 -0.0376108 -0.0682225 -0.0410076 0.010493 -0.0305407 -0.0559489 0.0422032 -0.260462 -0.10186 -0.0097608 0.190592 0.660589 -0.112632 -0.0910775 -0.0489386 0.345564 -0.0722269 -0.092743 -0.0286066 0.465113 -0.0836997 -0.104405 0.107214 -0.202389 0.107125 -0.147872 0.0909051 -0.184321 -0.155032 -0.110431 -0.168333
internal_weight=2216 2192 2149 2127 878 855 818 794 773 744 705 571 546 524 333 134 1249 305 102 40 62 1226 897 50 847 821 518 52 466 446 76 303 42 370 49 321 255 203 167
internal_count=2216 2192 2149 2127 878 855 818 794 773 744 705 571 546 524 333 134 1249 305 102 40 62 1226 897 50 847 821 518 52 466 446 76 303 42 370 49 321 255 203 167
is_linear=0
shrinkage=0.05


Tree=23
num_leaves=40
num_cat=0
split_feature=30 14 14 7 18 18 30 22 28 28 30 5 15 17 17 3 3 5 5 18 5 5 9 5 7 28 21 20 15 33 4 30 9 19 21 9 25 29 18
split_gain=16969 7778.03 47152.5 12759.8 8037.01 125953 8178.19 9174.8 6791.85 14318.6 4417.96 4035.23 3957.6 3606.98 8671.71 3607.35 10017.2 3886.49 17677.7 3395.52 2311.28 2253.29 3324.67 3262.83 2733.35 2459.01 5640.14 2786.58 6837.93 1892.66 2143.55 1812.24 1570.91 1730.98 2840.02 1409.32 1352.39 1302.82 3286
threshold=-2.4608415365219112 1.6449084281921389 1.4663060307502749 1.6315463185310366 0.38747429847717291 0.35629065334796911 1.3463437557220461 -1.6769025325775144 -1.3013150095939634 -1.2250468134880064 0.9120679795742036 -0.5096343159675597 1.8629074692726137 0.2459787651896477 0.28299388289451605 1.8135544657707217 1.4042866230010989 0.82119813561439525 1.3070229887962344 0.31813330948352819 0.78735414147377025 -0.56858834624290455 0.45686323940753942 -0.57732227444648732 -0.2457693740725517 -0.44768442213535303 -0.5984395146369933 -0.25958095490932459 -0.10600532591342925 -0.047474885359406464 2.0573604106903081 0.14941830188035968 -1.105413496494293 -0.0049952019471675149 -0.045233156532049172 -0.51203489303588856 -1.6087561249732969 0.063669886440038695 -0.74197369813919056
decision_type=2 2 2 2 2 2 2 2 2 2 2 2 2 2 2 2 2 2 2 2 2 2 2 2 2 2 2 2 2 2 2 2 2 2 2 2 2 2 2
left_child=-1 2 3 4 5 6 7 -2 36 -10 13 -3 20 15 -15 16 17 21 -19 -16 29 23 32 24 25 -11 -27 -28 -29 -6 31 -31 -23 34 35 37 -9 38 -34
right_child=1 11 -4 -5 12 -7 -8 8 9 10 -12 -13 -14 14 19 -17 -18 18 -20 -21 -22 22 -24 -25 -26 26 27 28 -30 30 -32 -33 33 -35 -36 -37 -38 -39 -40
leaf_value=1.2698370786813591 0.77481685912970344 -0.12614657361256451 1.9112856410676615 1.1480585575103761 -0.16123979481903813 3.6186322393516699 0.92256616679104886 -0.79946034252643594 0.91769522683400861 -0.12843060589061592 -0.75420149953468985 -0.72648283492435117 -0.70937135389872963 1.0839672862430632 -0.2501529211143278 -0.39397725145442086 0.73091467569510526 1.417931630300439 -0.22426800270352448 0.43873490591843922 -0.41452448180356588 -0.51415203346146476 0.33740990793470438 0.47274624386738084 -0.2577476037040885 0.93546206593513492 -0.18078912215573448 0.87367695294044645 -0.19924724187532611 0.64278458564177809 -0.22832349406348335 -0.0079943080712109801 -0.21735096100717782 -0.50589879613097122 0.3873669984665784 -0.31134642477032459 -0.36606420551737151 -0.23118214696258696 0.49653538370298017
leaf_weight=26 33 57 32 23 395 24 22 24 38 159 23 55 35 23 53 85 39 23 57 27 77 45 27 29 140 20 70 27 33 23 27 20 40 41 22 146 72 77 27
leaf_count=26 33 57 32 23 395 24 22 24 38 159 23 55 35 23 53 85 39 23 57 27 77 45 27 29 140 20 70 27 33 23 27 20 40 41 22 146 72 77 27
internal_value=1.6771e-10 -0.0150757 0.00680036 -0.0229863 -0.0363002 0.0266538 -0.0339703 -0.0490016 -0.068889 -0.0382593 -0.067721 -0.420955 -0.194067 -0.0546722 0.22834 -0.0810048 -0.0549748 -0.0861546 0.247864 -0.0176533 -0.160791 -0.115747 -0.19951 -0.0412706 -0.07447 0.00856846 0.153787 0.0335298 0.283569 -0.118775 0.120849 0.340097 -0.235934 -0.200467 -0.16033 -0.20188 -0.474413 -0.0908931 0.0703346
internal_weight=2216 2190 2078 2046 2023 1446 1422 1400 1367 1271 1233 112 577 1210 103 1107 1022 983 80 80 542 903 425 478 449 309 150 130 60 465 70 43 398 353 312 290 96 144 67
internal_count=2216 2190 2078 2046 2023 1446 1422 1400 1367 1271 1233 112 577 1210 103 1107 1022 983 80 80 542 903 425 478 449 309 150 130 60 465 70 43 398 353 312 290 96 144 67
is_linear=0
shrinkage=0.05


Tree=24
num_leaves=40
num_cat=0
split_feature=11 25 30 3 31 29 7 5 13 30 5 30 30 23 16 33 29 6 29 17 17 33 11 20 27 3 13 30 19 5 7 19 6 21 21 17 16 10 16
split_gain=16098.9 71136.9 11636.7 8287.03 62835.5 115382 18555.2 49708.3 15910.3 10251.6 9105.43 5283.4 4630.69 3783.06 2562.54 4734.36 7334.03 5781.03 5271.76 2619.51 7132.16 2546.37 2853.71 7566.53 25472.1 5307.15 13190.8 2426.74 4738.75 2336.75 2147.53 2067.63 1993.28 2843.34 9006.94 2522.7 1982.7 1843.01 2956.11
threshold=-1.3570068478584287 -1.6300981044769285 -1.3757219314575193 -0.27481402456760401 -0.57379686832427967 -0.028919111937284466 1.6315463185310366 0.12139206379652025 1.4338148832321169 1.0098809599876406 3.179359078407288 1.0567454695701601 -2.4608415365219112 0.89250150322914135 -0.86362808942794789 -0.047476824373006814 -0.39011573791503901 0.72375559806823742 0.18635816127061847 0.41241078078746801 0.34540803730487829 -0.04745486564934253 -0.16188473254442212 -0.10507600754499434 0.78191867470741283 0.90682631731033336 -0.56068944931030262 0.37854303419590002 -0.50549572706222523 -0.5096343159675597 0.19896804541349414 -1.606185734272003 -0.41887925565242762 0.022116190753877166 0.21414794772863391 -0.69924047589302052 0.043589595705270774 0.19961309432983401 0.043589595705270774
decision_type=2 2 2 2 2 2 2 2 2 2 2 2 2 2 2 2 2 2 2 2 2 2 2 2 2 2 2 2 2 2 2 2 2 2 2 2 2 2 2
left_child=12 -2 -3 11 5 -5 8 -8 9 10 13 14 -1 21 -4 19 -17 18 -18 20 27 22 23 25 -25 -6 -27 32 -29 -23 -24 -14 33 35 -35 -16 -30 -32 -39
right_child=1 2 3 4 6 -7 7 -9 -10 -11 -12 -13 31 -15 15 16 17 -19 -20 -21 -22 29 30 24 -26 26 -28 28 36 -31 37 -33 -34 34 -36 -37 -38 38 -40
leaf_value=-1.3691203767603095 2.7301677472889425 1.0874642651528121 -0.25270518184854435 -0.58345498981929966 -0.19420679290014417 4.7230136255919932 2.818563668727875 -0.70664080381393435 1.3478634379059078 -1.1699161643073672 0.95233950723301286 -0.87620008533651184 -0.80815102728930399 -0.41677835397422314 0.31463579094409944 1.1134120464324953 -0.0084163212941752545 -0.44947557406766081 0.97400809404524891 -0.20228600429073607 0.79922715905308728 0.1360282086332639 -0.22969991075005503 1.793893598478574 -0.29869757163705252 1.411821690062061 -0.20643736395765755 0.84321720123291011 -0.2504008058640288 -0.37015661172960934 -0.39895704051722652 -0.1057182494737208 -0.25839066399413646 0.85042265538246409 -0.42514016175270081 -0.23954017511528472 0.30775732443882875 0.53722800047233188 -0.018452700578274518
leaf_weight=22 24 24 208 21 134 20 20 20 20 21 22 22 22 75 25 20 36 35 22 357 25 30 157 26 33 20 34 20 41 95 23 20 159 31 25 115 26 29 137
leaf_count=22 24 24 208 21 134 20 20 20 20 21 22 22 22 75 25 20 36 35 22 357 25 30 157 26 33 20 34 20 41 95 23 20 159 31 25 115 26 29 137
internal_value=-3.01923e-10 0.0232409 -0.00728839 -0.0197761 0.0909659 2.00507 0.00337869 1.05596 -0.0458074 -0.0791488 -0.0510432 -0.108692 -0.781474 -0.0788798 -0.0939454 -0.0587031 0.244795 0.0579951 0.364227 -0.100324 -0.0223779 -0.0435839 -0.000352848 0.129466 0.623461 -0.0255646 0.392918 -0.0688487 0.167812 -0.248672 -0.0930269 -0.473659 -0.126847 -0.0201359 0.280975 -0.14058 -0.0338021 0.0205057 0.078624
internal_weight=2216 2152 2128 2104 937 41 896 40 856 836 815 1167 64 793 1145 937 113 93 58 824 467 718 593 247 59 188 54 442 87 125 346 42 355 196 56 140 67 189 166
internal_count=2216 2152 2128 2104 937 41 896 40 856 836 815 1167 64 793 1145 937 113 93 58 824 467 718 593 247 59 188 54 442 87 125 346 42 355 196 56 140 67 189 166
is_linear=0
shrinkage=0.05


Tree=25
num_leaves=40
num_cat=0
split_feature=30 8 22 5 30 16 5 4 24 28 11 4 4 33 9 12 30 8 7 7 30 3 29 28 18 18 7 5 5 2 15 15 14 5 5 13 13 30 30
split_gain=16515.2 7699.91 20857.6 8468.78 31073.3 12522.2 7158.15 7350.81 6436.22 4096.41 3560.72 3201.75 8456.77 3256.65 3177.98 17681.7 2892.25 2467.38 5077.33 10389.1 2715.37 3125.81 2368.57 7045.13 18870.6 2075.42 2386.04 2061.92 5789.77 1943.51 4276.67 1750.38 1596.19 1384.34 1281.2 1237.3 8142.99 1397.48 1851.85
threshold=-2.4608415365219112 -1.2785375714302061 -1.6634678840637205 -0.35242359340190882 1.0098809599876406 1.840181350708008 -0.32840529084205622 1.949168384075165 1.5304850935935976 -1.3693305850028989 1.1336319446563723 -0.86259660124778736 -0.79682075977325428 -0.047472042962908738 -0.36709570884704584 -0.35531365871429438 0.56768128275871288 0.51849254965782177 0.32105529308319097 0.41479589045047766 0.46395739912986761 1.461473882198334 -0.2439976632595062 -0.10105438902974127 -0.18180479854345319 0.34971643984317785 0.3354522585868836 0.09737375378608705 -0.046736072748899453 2.2576968073844914 -0.60947853326797474 -1.2961794734001157 0.42345213890075689 2.0232050418853764 -0.43976289033889765 -0.57643339037895192 -0.62915724515914906 -0.13918532431125638 -0.0026904849801212545
decision_type=2 2 2 2 2 2 2 2 2 2 2 2 2 2 2 2 2 2 2 2 2 2 2 2 2 2 2 2 2 2 2 2 2 2 2 2 2 2 2
left_child=-1 9 -3 16 5 6 -5 8 10 -2 11 13 -13 -8 33 -16 17 18 20 -20 21 29 23 24 -17 -25 -27 28 -24 31 -31 -4 -21 -14 -11 36 -33 -37 -39
right_child=1 2 3 4 -6 -7 7 -9 -10 34 -12 12 14 -15 15 22 -18 -19 19 32 -22 -23 27 25 -26 26 -28 -29 -30 30 -32 35 -34 -35 -36 37 -38 38 -40
leaf_value=1.2527453826023984 -1.054585569837819 1.610736672319472 -0.44859952784719925 0.8877582137999328 1.9629291512749412 0.9589833768638405 -0.39685982760787009 0.93912972390651717 0.69873836492670005 -0.060772402990948077 -0.52560139214381196 1.0269271174818277 -0.13242368056128423 0.18265933513175697 1.4756952268736703 -0.35749938913754059 -0.32545013906013587 -0.19783367773011171 1.1074924265516215 -0.37127407938241963 0.38965869526709285 0.3524556025862694 -0.21554930508136749 -0.4707749419742161 1.7885043281316759 0.47014702003110537 -0.19078987758192753 -0.22629061098822892 0.81806096613407142 -0.23260737419128419 0.74833651527762424 -0.12555224623738065 0.17997230132078301 -0.53168399643898012 -0.52519783832960665 -0.33376837523360003 0.89348495440049602 0.15425594660963091 -0.17426738974948724
leaf_weight=26 23 20 42 23 22 37 100 20 29 33 39 20 165 32 21 21 124 283 29 24 31 38 42 27 20 22 36 146 20 25 20 180 29 25 27 95 22 53 225
leaf_count=26 23 20 42 23 22 37 100 20 29 33 39 20 165 32 21 21 124 283 29 24 31 38 42 27 20 22 36 146 20 25 20 180 29 25 27 95 22 53 225
internal_value=-8.15285e-10 -0.0148728 0.00373513 -0.011665 0.107813 0.0595146 0.018326 -0.00714777 -0.0318871 -0.487245 -0.0606753 -0.0346608 0.0171369 -0.25637 -0.0199197 0.0684107 -0.096573 -0.0706782 -0.0264162 0.346657 -0.0682657 -0.0885452 -0.0200713 0.151004 0.689332 -0.10866 0.0599103 -0.123703 0.117873 -0.113859 0.203368 -0.136996 -0.0696487 -0.184958 -0.269764 -0.114235 -0.014568 -0.168211 -0.111635
internal_weight=2216 2190 2107 2087 867 845 808 785 765 83 736 697 565 132 545 355 1220 1096 813 82 731 700 334 126 41 85 58 208 62 662 45 617 53 190 60 575 202 373 278
internal_count=2216 2190 2107 2087 867 845 808 785 765 83 736 697 565 132 545 355 1220 1096 813 82 731 700 334 126 41 85 58 208 62 662 45 617 53 190 60 575 202 373 278
is_linear=0
shrinkage=0.05


Tree=26
num_leaves=40
num_cat=0
split_feature=29 22 19 15 15 0 30 33 7 8 5 5 29 29 27 27 5 5 28 17 13 12 29 29 12 9 4 4 5 0 30 22 5 29 29 5 5 30 3
split_gain=16039.5 11647.1 19165.2 7907.47 28976.5 6930.07 6159.54 50031.2 3889.05 27257.1 3315.99 3298.47 3160.54 17994.5 16829.5 5543.33 2765.9 2715.59 2299.47 1675.41 2548.6 8024.26 2436.25 7049.22 1499.82 3513.16 4760.71 4748.56 2189.72 4830.95 2232.67 1941.19 1919.19 1700.76 2143.89 1928.77 1589.96 1498.46 2281.08
threshold=3.2934920787811284 -1.6923955082893369 -1.5992504954338072 2.1951055526733403 1.8629074692726137 2.9056415557861333 1.0098809599876406 -0.04748056270182132 1.1276233196258547 1.1794789433479311 2.941359400749207 -0.36334100365638727 -0.52172148227691639 -0.44785918295383448 -0.17711103707551953 -1.1777949333190916 -0.068570896983146654 0.82119813561439525 2.0312523841857915 -1.3745294809341428 -0.96280068159103382 -0.92192900180816639 0.45624069869518286 0.41948790848255163 -0.7122400403022765 -0.49795934557914728 -1.0298025608062742 0.14555697888135913 -0.08385527133941649 -0.50318855047225941 1.0000000180025095e-35 0.23100544512271884 0.053704112768173225 -0.11553847417235373 -0.08719931915402411 -0.36552448570728296 1.2699037194252016 0.38225501775741583 -0.32855626940727228
decision_type=2 2 2 2 2 2 2 2 2 2 2 2 2 2 2 2 2 2 2 2 2 2 2 2 2 2 2 2 2 2 2 2 2 2 2 2 2 2 2
left_child=1 -1 -3 4 5 6 8 -8 9 10 12 -5 17 14 -14 -15 -10 -4 19 -17 -21 -22 23 24 -23 26 -26 -28 33 -30 31 -31 -32 -27 -35 37 -34 38 -36
right_child=-2 2 3 11 -6 -7 7 -9 16 -11 -12 -13 13 15 -16 18 -18 -19 -20 20 21 22 -24 -25 25 28 27 -29 29 30 32 -33 36 34 35 -37 -38 -39 -40
leaf_value=-0.82886088074639785 1.285569034020106 1.4704147328029979 -0.27553213577332614 -0.29055563737364376 1.495814684405923 0.88307500226157054 2.4476778984069827 -0.80300381389157538 -0.12597016839854486 1.7271579308943317 -0.58347280493804388 -1.0762792262164029 0.027785159999621101 0.54369448415744004 1.676198966006438 0.2682860515183873 -0.54833413132040176 0.22757301061384139 0.45874920231955391 -0.27466287479723156 0.66155905370649537 -0.25532777417213359 -0.24820100614980964 0.88280087888240821 0.92382670432329184 -0.24286850923379977 -0.27837721076276573 0.4981483895438058 0.62650504275675756 0.61840266393763688 0.29434901449991313 -0.017533269418137414 -0.31380223600814738 0.4384300328791142 -0.056592268806775953 -0.39025779937175997 0.043711606453618282 -0.24982630144804718 0.38204208552031904
leaf_weight=43 24 22 199 34 32 21 20 29 113 22 28 22 32 39 30 36 59 31 21 146 38 94 176 20 20 223 45 35 31 21 23 28 96 20 149 47 46 64 37
leaf_count=43 24 22 199 34 32 21 20 29 113 22 28 22 32 39 30 36 59 31 21 146 38 94 176 20 20 223 45 35 31 21 23 28 96 20 149 47 46 64 37
internal_value=-3.53002e-10 -0.0140756 0.00222772 -0.012958 0.00289487 -0.020535 -0.0299382 0.523805 -0.0437185 -0.0219786 -0.043658 -0.599233 -0.0350061 -0.00881976 0.825405 -0.0443675 -0.270851 -0.207722 -0.0605641 -0.0683817 -0.0773001 -0.0535449 -0.0766717 -0.0464523 -0.0654361 -0.0452668 0.233848 0.0613527 -0.0808227 0.0431548 -0.0413492 0.255011 -0.129359 -0.137072 -0.062647 -0.0963895 -0.197988 -0.0411423 0.030663
internal_weight=2216 2192 2149 2127 2071 2039 2018 49 1969 1797 1775 56 1747 1517 62 1455 172 230 1416 1395 1359 1213 1175 999 979 885 100 80 785 245 214 49 165 540 317 297 142 250 186
internal_count=2216 2192 2149 2127 2071 2039 2018 49 1969 1797 1775 56 1747 1517 62 1455 172 230 1416 1395 1359 1213 1175 999 979 885 100 80 785 245 214 49 165 540 317 297 142 250 186
is_linear=0
shrinkage=0.05


Tree=27
num_leaves=40
num_cat=0
split_feature=30 27 28 30 6 17 5 8 33 5 5 33 7 2 27 27 30 27 11 29 20 10 33 9 8 2 16 11 7 31 27 31 5 5 5 5 11 13 24
split_gain=15062.6 7596.57 46548.7 16717 14516.2 12857.3 9167.6 7403.77 7313.13 4231 14959.3 16519.8 28780.2 9228.03 4689.84 20425.4 3144.58 2595.02 2184.61 2995.82 3640.52 21311.5 3698.76 3857.01 3060.35 2351.19 4407.92 2100.54 3778.57 1939.91 2398.2 3038.57 2320.49 3678.75 1687 2475.63 2320.82 2279.35 5673.64
threshold=-2.4608415365219112 0.25011114776134497 1.6180556416511538 1.0098809599876406 2.872025847434998 -1.578935921192169 3.179359078407288 0.96793350577354442 -0.04742735251784324 0.33974029123783117 1.1148765087127688 -0.04747741483151912 0.11392801254987718 1.0000000180025095e-35 -1.1777949333190916 -1.2807067036628721 1.0567454695701601 -0.37592837214469904 -1.0381709933280943 -0.21035738289356229 0.13133033365011218 -0.39035665988922114 -0.047473477199673646 -0.65864154696464527 -0.88515466451644886 1.0000000180025095e-35 0.83207497000694286 1.1336319446563723 0.67342033982276928 0.21232100576162341 -0.65585789084434498 0.021316821686923507 -0.08385527133941649 0.09737375378608705 -0.51618477702140797 -0.57732227444648732 0.37214694917202001 -0.60128822922706593 -0.86233195662498463
decision_type=2 2 2 2 2 2 2 2 2 2 2 2 2 2 2 2 2 2 2 2 2 2 2 2 2 2 2 2 2 2 2 2 2 2 2 2 2 2 2
left_child=-1 2 3 4 5 -2 8 16 9 14 11 17 13 -13 15 -7 18 -11 -3 -20 21 22 -21 24 -24 -22 -27 28 -12 30 -16 32 34 -34 35 37 -37 38 -32
right_child=1 7 -4 -5 -6 6 -8 -9 -10 10 27 12 -14 -15 29 -17 -18 -19 19 20 25 -23 23 -25 -26 26 -28 -29 -30 -31 31 -33 33 -35 -36 36 -38 -39 -40
leaf_value=1.1963818733508771 -0.85785911781308455 -0.32976679047796786 2.192753037452698 1.1641374049648163 0.99505945610148572 -0.22109937576147229 1.0290183027585349 -0.81200741865696058 0.84014747745047014 -0.44326079161216819 -0.29123248912740585 -0.3256532077789307 2.4900831678639292 1.0784277834675529 -0.24074811682188779 1.6591038456559184 -0.70791205962498982 0.29201352359028537 -0.22362117174341878 -0.29358803733189903 -0.18743251727042187 1.4810707050341148 0.36581656299531462 0.77476834413551154 -0.29392999183291046 -0.20251740082832323 0.76936446070671094 -0.68817192074798406 0.4430870121175593 -0.26159019176972742 -0.21145052388310434 0.39575210225123625 0.59383047382580123 -0.21566209411621096 -0.21817125567538631 0.6245596782805829 -0.082154476358776998 -0.17509071492711031 0.86207519114017495
leaf_weight=26 46 82 25 31 35 52 21 39 24 30 86 25 23 22 178 20 21 20 186 75 199 27 32 21 39 28 20 21 22 187 32 39 32 25 181 26 21 177 20
leaf_count=26 46 82 25 31 35 52 21 39 24 30 86 25 23 22 178 20 21 20 186 75 199 27 32 21 39 28 20 21 22 187 32 39 32 25 181 26 21 177 20
internal_value=-2.48171e-11 -0.0142036 0.0543015 0.0160054 -0.0100694 -0.0365201 -0.00709521 -0.140791 -0.0243228 -0.0410679 0.143168 0.544987 1.0408 0.331576 -0.087406 0.301179 -0.104932 -0.149151 -0.0870718 -0.0553317 0.0156475 0.177746 -0.0329707 0.179489 0.00342057 -0.111669 0.202433 -0.230618 -0.141649 -0.117883 -0.081121 -0.0297402 -0.0620246 0.23879 -0.0995441 -0.0217488 0.308794 -0.0895894 0.201444
internal_weight=2216 2190 1421 1396 1365 1330 1284 769 1263 1239 249 120 70 47 990 72 730 50 709 627 441 194 167 92 71 247 48 129 108 918 731 553 514 57 457 276 47 229 52
internal_count=2216 2190 1421 1396 1365 1330 1284 769 1263 1239 249 120 70 47 990 72 730 50 709 627 441 194 167 92 71 247 48 129 108 918 731 553 514 57 457 276 47 229 52
is_linear=0
shrinkage=0.05


Tree=28
num_leaves=40
num_cat=0
split_feature=9 30 22 28 27 5 13 22 5 5 30 5 27 5 33 27 7 30 30 3 0 29 25 30 30 22 17 33 3 8 9 8 8 13 27 25 16 18 3
split_gain=15824.5 52184.6 10172.9 9034.09 13666.4 9631.65 36938.8 87669.2 55627 14558.3 7138.57 4674.62 4741.39 3864.51 3494.43 3418.13 8871.77 3324.33 9544.44 3383.98 10481.9 3067.64 4243.88 2279.79 4688.86 2240.07 3227.71 7020.06 1979.95 1759.8 4648.53 1496.55 8357.99 2918.64 1376.24 1330.24 1196.81 1059.76 966.735
threshold=-1.4307110905647276 -1.5035358667373655 -1.6769025325775144 -1.3013150095939634 -1.1976896524429319 -0.30438698828220362 0.89478415250778209 0.64222413301467907 0.11047465354204179 -0.26945126056671137 0.9120679795742036 2.941359400749207 0.78191867470741283 -0.36989144980907435 -0.04742735251784324 0.50214657187461864 -0.30974212288856501 -0.15280977636575696 -0.10449956357479094 -0.31615421175956721 -0.73285263776779164 -0.44785918295383448 0.011855377350002529 0.50587067008018505 0.46395739912986761 0.62839671969413768 0.49167969822883612 -0.047484707087278359 1.5014359951019289 0.37150499224662786 0.54812896251678478 -0.63483852148056019 -0.59926411509513844 -0.58716601133346547 -0.48385247588157648 -1.6087561249732969 0.27482405304908758 1.6068903207778933 0.36389189958572393
decision_type=2 2 2 2 2 2 2 2 2 2 2 2 2 2 2 2 2 2 2 2 2 2 2 2 2 2 2 2 2 2 2 2 2 2 2 2 2 2 2
left_child=-1 -2 -3 35 -5 13 9 -8 -9 -7 11 12 15 14 23 17 -17 38 -19 20 -20 22 -21 24 25 26 28 -28 31 -23 -31 -6 -33 -34 -15 -4 -36 -10 -11
right_child=1 2 3 4 5 6 7 8 37 10 -12 -13 -14 34 -16 16 -18 18 19 21 -22 29 -24 -25 -26 -27 27 -29 -30 30 -32 32 33 -35 36 -37 -38 -39 -40
leaf_value=-1.103828901425004 2.4390514086593282 0.95597338720604219 -0.80894958972930908 1.1887785134216151 -0.18786855095358038 1.1126473958845493 3.3792613817112791 1.9016627492383122 -0.51435404424978937 -0.45747878342061432 -0.91881144555906458 -0.69515880254598761 -0.30651931197408144 -0.76281119182028556 0.58098507210612294 1.2266301975363778 -0.16740704035758974 1.0055313268533119 -0.25827042001944323 0.85707029700279236 1.2642623002827169 -0.2128616919377323 -0.17296321421861649 -0.26585978240166841 0.64777237837729251 -0.20113664657219488 -0.14526096459092766 1.055113202617282 0.37810842388868338 0.6965559527987526 -0.25505237638611689 0.97553396567702289 0.37106396560283272 -0.1133441323056244 -0.47750366731331906 -0.37866226758171873 -0.034332988500595095 -0.95331126928329479 -0.11580354014926769
leaf_weight=32 22 27 23 24 201 27 28 32 44 37 24 26 109 22 20 21 25 26 26 20 20 169 20 152 23 256 29 21 25 21 33 20 34 364 39 82 25 20 47
leaf_count=32 22 27 23 24 201 27 28 32 44 37 24 26 109 22 20 21 25 26 26 20 20 169 20 152 23 256 29 21 25 21 33 20 34 364 39 82 25 20 47
internal_value=1.52891e-09 0.0161733 -0.00848131 -0.0206782 0.00271343 -0.0114768 0.126604 0.917538 0.199535 -0.0240502 -0.0732342 -0.0394111 -0.00970825 -0.0984082 -0.074129 0.0598668 0.469001 0.0149499 0.0854731 0.00805721 0.4037 -0.0611427 0.342054 -0.0857754 -0.057643 -0.0747215 -0.02809 0.358896 -0.0581355 -0.133465 0.115018 -0.0757544 -0.0218431 -0.0719625 -0.421661 -0.472916 -0.30439 -0.651528 -0.266303
internal_weight=2216 2184 2162 2135 2030 2006 775 124 96 651 624 600 574 1231 1145 465 46 419 335 309 46 263 40 1125 973 950 694 50 644 223 54 619 418 398 86 105 64 64 84
internal_count=2216 2184 2162 2135 2030 2006 775 124 96 651 624 600 574 1231 1145 465 46 419 335 309 46 263 40 1125 973 950 694 50 644 223 54 619 418 398 86 105 64 64 84
is_linear=0
shrinkage=0.05


Tree=29
num_leaves=40
num_cat=0
split_feature=28 30 16 11 7 26 5 20 20 3 30 27 29 30 3 4 19 20 5 5 15 16 18 4 4 26 8 17 27 22 23 4 5 28 11 5 8 15 18
split_gain=14656 50906.6 22566.7 7819.29 52803.6 15725.4 71206.6 8378.53 19539 8101.49 10364 7807.75 27858.9 7502.54 6091.01 8969.8 7131.2 29802.5 9679 3558.62 3090.73 2647.78 5420.98 2469.85 6362.92 3251.19 5723.73 3202.11 2879.91 5343.21 2277.22 1855.86 1848.87 1770.62 1628.88 1741.07 4965.14 1609.53 1570.62
threshold=-1.5452485680580137 -0.18787831068038938 -1.5581622719764707 1.6160847544670107 1.6315463185310366 1.294765889644623 -0.12315795570611952 0.41756792366504675 0.38520479202270513 1.8135544657707217 -1.3757219314575193 -1.1976896524429319 -0.085064455866813646 1.158700227737427 1.4042866230010989 -0.97570654749870289 0.20737794041633609 0.20388298481702807 0.47402445971965795 -0.13407536596059796 1.8629074692726137 0.1098291613161564 0.13330585509538653 0.12957405298948291 0.20948866754770282 -0.25226458907127375 -0.35593426227569575 0.02882575057446957 0.75755280256271373 -0.47977708280086512 -1.3537674546241758 1.8876955509185793 0.78735414147377025 -1.197591185569763 0.84642362594604503 -0.092589199542999254 0.46871942281723028 -1.2961794734001157 1.5376403331756594
decision_type=2 2 2 2 2 2 2 2 2 2 2 2 2 2 2 2 2 2 2 2 2 2 2 2 2 2 2 2 2 2 2 2 2 2 2 2 2 2 2
left_child=1 -1 30 4 5 7 -7 8 9 10 -4 12 -12 14 16 -16 21 -18 -19 38 32 22 23 27 -25 26 28 33 -26 -30 -2 -11 34 -13 35 -9 -37 -35 -5
right_child=2 -3 3 19 -6 6 -8 20 -10 31 11 13 -14 -15 15 -17 17 18 -20 -21 -22 -23 -24 24 25 -27 -28 -29 29 -31 -32 -33 -34 37 -36 36 -38 -39 -40
leaf_value=2.7733417156338693 -0.73171860334721028 -0.61103101527690895 1.1278622559864413 0.0437361262525831 2.3165471345186233 -0.32009657418049126 3.2535229206085208 -0.13226004969982202 1.4006258675685297 -0.30406740180970659 -0.2503891365493045 0.21410374360819981 2.1013788877427579 0.96569757848978055 1.2765407368540764 -0.18651115462183954 1.9932930943640796 -0.29472047868065343 0.93820282101631181 -0.80575494898690114 -0.69294209887819558 -0.33813727424385842 0.74168310222171607 0.8877944565954663 -0.14774432852499039 -0.25807928164581678 0.86472797556356962 0.43633708947648603 -0.16508335632085802 0.91677546327312798 -1.3687283980846408 -0.83999344229698181 -0.39276143513821271 -0.59334864128719678 -0.33709700515825458 -0.14252495296457982 0.76759793608534066 -0.15662329984676629 -0.41228680872335666
leaf_weight=20 47 25 22 35 25 46 20 285 26 84 34 31 20 20 22 20 22 78 20 36 29 89 21 21 102 91 22 24 25 21 20 20 74 22 73 47 22 514 41
leaf_count=20 47 25 22 35 25 46 20 285 26 84 34 31 20 20 22 20 22 78 20 36 29 89 21 21 102 91 22 24 25 21 20 20 74 22 73 47 22 514 41
internal_value=-3.34313e-10 0.893135 -0.0185127 0.0102539 0.0331097 0.00408784 0.762818 -0.0222542 0.043011 0.0167672 0.0522912 0.0328798 0.620636 0.00563612 -0.0111335 0.579849 -0.0336369 0.330236 -0.0431035 -0.396252 -0.191082 -0.0780568 -0.0521651 -0.0712611 0.0504885 -0.0168809 0.112231 -0.129355 0.000373509 0.328809 -0.921871 -0.40713 -0.162032 -0.1533 -0.122046 -0.0776995 0.147659 -0.174549 -0.202276
internal_weight=2216 45 2171 2104 1992 1967 66 1901 1371 1345 1241 1219 54 1165 1145 42 1103 120 98 112 530 983 894 873 282 261 170 591 148 46 67 104 501 567 427 354 69 536 76
internal_count=2216 45 2171 2104 1992 1967 66 1901 1371 1345 1241 1219 54 1165 1145 42 1103 120 98 112 530 983 894 873 282 261 170 591 148 46 67 104 501 567 427 354 69 536 76
is_linear=0
shrinkage=0.05


Tree=30
num_leaves=40
num_cat=0
split_feature=30 14 14 7 18 18 30 22 28 28 30 5 4 5 17 17 27 31 24 13 11 33 3 3 7 5 5 10 29 5 2 0 24 23 6 17 30 18 6
split_gain=14387.6 7245.01 39243 9642.54 6358.38 109790 7283.01 7227.54 6831.74 11713.1 4287.31 3913.37 3722.39 3698.59 3340.93 7083.37 4108.75 2987.29 5452.75 18888.4 5357.42 7379.71 8318.55 3262.35 2081.57 2102.28 3859.39 1885.02 2247.46 1845.19 1786.96 1693.27 1600.65 4609.51 1535.9 2193.18 5575.47 4997.18 2130.05
threshold=-2.4608415365219112 1.6449084281921389 1.4663060307502749 1.6315463185310366 0.38747429847717291 0.35629065334796911 1.3463437557220461 -1.6769025325775144 -1.3013150095939634 -1.2250468134880064 0.9120679795742036 0.78735414147377025 2.0376890897750859 -0.5096343159675597 0.2459787651896477 0.28299388289451605 -0.099173549562692628 1.0000000180025095e-35 -0.26160989701747889 -0.32651410996913904 -0.45887897908687586 -0.047460788860917084 0.40040905773639685 -0.060534039512276643 0.92996451258659374 -0.092589199542999254 0.082089379429817214 0.89332944154739391 0.013047336600720884 -0.5096343159675597 2.2576968073844914 -0.51874992251396168 0.63123145699501049 0.37366540729999548 -0.23815640062093732 -0.070303566753864274 0.21499668806791308 0.084746453911066069 -0.3897304087877273
decision_type=2 2 2 2 2 2 2 2 2 2 2 2 2 2 2 2 2 2 2 2 2 2 2 2 2 2 2 2 2 2 2 2 2 2 2 2 2 2 2
left_child=-1 2 3 4 5 6 7 -2 -9 -10 12 24 14 -3 17 -16 -17 23 19 20 21 22 -19 30 25 -6 -27 28 -13 -23 34 -25 33 -20 35 38 37 -37 -11
right_child=1 13 -4 -5 11 -7 -8 8 9 10 -12 27 -14 -15 15 16 -18 18 32 -21 -22 29 -24 31 -26 26 -28 -29 -30 -31 -32 -33 -34 -35 -36 36 -38 -39 -40
leaf_value=1.1692684907179614 0.6848801103956772 -0.12336380784971673 1.7446563567151316 0.99805555810099067 -0.1238892897700324 3.3780775015552842 0.87054645419120791 -0.47067162154320008 0.8313762604013869 -0.13100786487538502 -0.73613936253215961 -0.049804045548362125 -0.4036515985656044 -0.69811269532042475 1.0445134416899897 0.56039705518633132 -0.23548735961318018 0.17325971049647179 -0.21658343301989655 1.6927217918634416 -0.54850088974525191 0.27489365405635907 1.4811857652664184 -0.76738798677921294 -0.32745063515806883 0.72669664133678791 -0.058950857958687403 -0.89894375914619085 -0.65187816062281212 -0.17771233103581166 0.27386973959368632 -0.2646386225102017 -0.56473219181810108 0.60532421797513969 -0.20589363234625624 1.1343269160106069 -0.34035821442420666 0.029994946718215943 0.34441635264800147
leaf_weight=26 33 57 32 23 322 24 22 96 38 251 23 31 69 55 22 24 50 31 116 20 29 32 20 20 96 22 54 21 31 76 37 103 21 20 176 21 26 20 26
leaf_count=26 33 57 32 23 322 24 22 96 38 251 23 31 69 55 22 24 50 31 116 20 29 32 20 20 96 22 54 21 31 76 37 103 21 20 176 21 26 20 26
internal_value=-1.19927e-09 -0.0138817 0.00723145 -0.0199424 -0.0315162 0.0244787 -0.0321221 -0.0463069 -0.0639581 -0.0332385 -0.0598852 -0.171843 -0.0470308 -0.405607 -0.0254648 0.256817 0.0226373 -0.0513969 0.0639906 0.23189 0.0764824 0.190473 0.686172 -0.113333 -0.118469 -0.0680612 0.168473 -0.489518 -0.350841 -0.0436069 -0.0618686 -0.346386 -0.158449 -0.0957147 -0.0857576 -0.0242927 0.23241 0.595628 -0.0863832
internal_weight=2216 2190 2078 2046 2023 1446 1422 1400 1367 1271 1233 577 1210 112 1141 96 74 1045 365 208 188 159 51 680 494 398 76 83 62 108 557 123 157 136 520 344 67 41 277
internal_count=2216 2190 2078 2046 2023 1446 1422 1400 1367 1271 1233 577 1210 112 1141 96 74 1045 365 208 188 159 51 680 494 398 76 83 62 108 557 123 157 136 520 344 67 41 277
is_linear=0
shrinkage=0.05


Tree=31
num_leaves=40
num_cat=0
split_feature=11 25 28 28 30 5 13 22 27 5 30 30 4 5 27 4 3 27 7 29 33 33 7 22 29 15 2 7 7 6 17 20 25 4 3 17 0 27 0
split_gain=14956.2 58983.8 9523.76 23369.3 13154.1 8218.86 30257.7 62600.9 54465.2 14565.2 6417.81 5481.85 3859.65 3838.28 3515.37 3609.85 7506.72 5779.3 7239.53 3178.49 2533.35 8355.41 3330.76 5955.14 2466.39 8550.87 2059.04 2099.14 4377.09 1904.76 1681.85 1627.09 3456.52 1938.22 1510.6 2130.98 1505.09 1443.15 1358.44
threshold=-1.3570068478584287 -1.6300981044769285 -1.2761740088462827 -1.2250468134880064 -1.0270565152168272 -0.30438698828220362 0.89478415250778209 0.64222413301467907 0.21318208426237109 -0.26945126056671137 0.9120679795742036 -2.4608415365219112 1.8876955509185793 -0.36989144980907435 0.78191867470741283 -0.84661367535591114 -0.42983973026275629 0.48457282781600958 -0.19815319776535031 0.72183758020401012 -0.047472553327679627 -0.047471266239881509 -0.71342185139656056 -0.73735532164573658 -0.44785918295383448 -0.21280390769243238 2.2576968073844914 -0.6964474320411681 -0.55014747381210316 0.011066257953643801 0.38609384000301367 0.037093298509716995 0.22215435653924945 -0.46302354335784907 0.83654806017875682 -0.21646197885274884 0.97156241536140453 -1.0741553902626035 0.69897049665451061
decision_type=2 2 2 2 2 2 2 2 2 2 2 2 2 2 2 2 2 2 2 2 2 2 2 2 2 2 2 2 2 2 2 2 2 2 2 2 2 2 2
left_child=11 -2 19 -4 -5 13 9 -8 38 -7 12 -1 14 20 15 34 -17 24 -19 -3 26 -22 23 29 25 -18 27 -6 -29 -23 -24 33 -33 -26 -11 -36 -30 -13 -9
right_child=1 2 3 4 5 6 7 8 -10 10 -12 37 -14 -15 -16 16 17 18 -20 -21 21 22 30 -25 31 -27 -28 28 36 -31 -32 32 -34 -35 35 -37 -38 -39 -40
leaf_value=-1.3926047411831943 2.4872791659707829 -0.32733716042418232 1.7205144119262696 1.2786563502252104 -0.32903232101528418 1.136043487374599 2.7767818467270944 -0.30388213529878733 2.3766955039717934 -0.4328787424912055 -0.87380749632914867 -0.72571164637804042 -0.72194114670157439 -0.41673648777816985 -0.2805124591670784 0.91523276236322193 1.0168653436329054 1.2868678588420153 -0.058450596928596499 -1.0208472323417663 1.0306678014142174 -0.22087764915298014 -0.37833044211202793 0.82424888941976759 0.21089714273162513 -0.2241899770498276 0.29522751656270801 0.42540524372687705 -0.10532167935650126 0.2666368631702481 0.024534036693247885 0.64439790453761825 -0.08456745830246773 -0.29190607336552249 0.34810779645573353 -0.38178536806255581 -0.5164314084726831 -0.1388662991367958 -0.75681929481029508
leaf_weight=22 24 95 20 20 105 26 31 49 22 48 24 20 20 84 102 27 23 20 20 20 21 51 63 27 23 35 31 39 695 33 44 20 87 115 20 20 23 22 25
leaf_count=22 24 95 20 20 105 26 31 49 22 48 24 20 20 84 102 27 23 20 20 20 21 51 63 27 23 35 31 39 695 33 44 20 87 115 20 20 23 22 25
internal_value=-1.59178e-10 0.0224008 -0.00539855 0.0198837 0.00281765 -0.0101153 0.119224 0.823282 0.192465 -0.022705 -0.0725849 -0.753228 -0.0394309 -0.0906334 -0.0150555 0.0440637 0.112521 0.0493342 0.614209 -0.447948 -0.0664349 0.0781493 -0.0136071 0.178279 -0.0252367 0.267953 -0.105131 -0.119529 -0.0904699 -0.0293541 -0.212667 -0.0946448 0.0516877 -0.208106 -0.24377 -0.0168388 -0.118491 -0.418316 -0.456901
internal_weight=2216 2152 2128 2013 1993 1973 757 127 96 630 604 64 580 1216 560 458 370 343 40 115 1132 239 218 111 303 58 893 862 757 84 107 245 107 138 88 40 718 42 74
internal_count=2216 2152 2128 2013 1993 1973 757 127 96 630 604 64 580 1216 560 458 370 343 40 115 1132 239 218 111 303 58 893 862 757 84 107 245 107 138 88 40 718 42 74
is_linear=0
shrinkage=0.05


Tree=32
num_leaves=40
num_cat=0
split_feature=30 29 15 15 29 27 18 5 5 6 30 18 12 15 16 27 31 31 5 6 5 30 5 33 33 5 15 8 12 30 30 5 7 0 4 29 27 3 22
split_gain=14317.2 6995.23 6936.16 26416.6 7107.58 48138.1 114521 22290.5 86541.1 15908.4 8768.77 6687.19 2988.86 3416.42 15288.2 2787.5 2771.69 3852.94 8707.95 11035.3 5181.88 10696 2671.67 2623.05 3230.13 2489.76 7998.84 3413.56 4188.84 2609.67 2257.22 2042.51 1907.04 1885.86 1851.18 1763.31 1727.9 1584.47 1583.6
threshold=-2.4608415365219112 2.6909836530685429 2.1951055526733403 1.8629074692726137 -0.0043747618328779927 -0.58386245369911183 0.30296924710273748 -0.21158897876739499 -0.4048271626234054 2.7452282905578618 1.0098809599876406 -1.6001324057579038 0.89923599362373363 -0.59217041730880726 -0.56093078851699818 -0.90070486068725575 0.59019663929939281 1.0000000180025095e-35 -0.37207493185997004 0.091225590556859984 -0.14280929416418073 0.065468162298202529 -0.36334100365638727 -0.047485232353210442 -0.047486685216426842 0.54171237349510204 -0.096796888858079896 -0.43965753912925715 -0.70535328984260548 0.56768128275871288 -0.078309994190931306 -0.26071733236312861 -0.18509795516729352 -1.1007801890373228 -0.57244509458541859 -0.41411091387271876 1.0000000180025095e-35 -0.30995318293571467 0.12176503613591196
decision_type=2 2 2 2 2 2 2 2 2 2 2 2 2 2 2 2 2 2 2 2 2 2 2 2 2 2 2 2 2 2 2 2 2 2 2 2 2 2 2
left_child=-1 2 3 4 9 6 7 8 15 11 16 -2 13 -13 -15 -6 17 20 19 -19 23 -22 -4 24 33 27 -27 28 -16 32 -28 -14 -29 36 -25 -33 -7 -23 -20
right_child=1 -3 22 -5 5 10 -8 -9 -10 -11 -12 12 31 14 25 -17 -18 18 38 -21 21 37 -24 34 -26 26 30 29 -30 -31 -32 35 -34 -35 -36 -37 -38 -39 -40
leaf_value=1.1664071816664476 -1.0320433062314986 -0.86277921684086323 -0.27585853820337969 1.4357929814606907 -0.46494025676338763 0.3915022942526587 4.4411595210433008 -0.49397541560787472 3.7206417318806055 0.95644563352423051 -0.83848089354378841 -0.22611426855899563 -0.15706366210498593 1.2000320157408715 -0.22001439624506497 0.22996990373057705 -0.20379615733616574 1.4860719526616428 -0.3426535970220963 0.06747646578427019 1.0896329005730563 0.19574673573176068 -0.98299714977091013 -0.48588346559554341 0.44954907671027988 0.85182832638422656 0.34460109741143558 -0.40048925842230143 0.69065116639914259 0.40792246967554091 -0.22533751491614629 -0.84909401138623564 -0.12837973828515831 -0.26283606748979588 -0.14428745336177895 -0.32770732223987581 -0.10562187145379456 -0.35347173829273931 0.181684214870135
leaf_weight=26 20 24 34 32 27 29 20 47 20 35 35 262 110 25 23 31 172 26 36 29 29 24 22 60 34 30 23 78 28 20 71 24 369 77 117 50 44 29 24
leaf_count=26 20 24 34 32 27 29 20 47 20 35 35 262 110 25 23 31 172 26 36 29 29 24 22 60 34 30 23 78 28 20 71 24 369 77 117 50 44 29 24
internal_value=-3.51368e-10 -0.0138478 -0.00444131 0.0101352 -0.0118191 0.0929441 0.92824 0.366173 0.884468 -0.0934411 -0.0653801 -0.125874 -0.10959 -0.0731253 -0.0130306 -0.0935228 -0.0283136 0.0257778 0.283649 0.738085 -0.0411638 0.317641 -0.553663 -0.122665 0.00952443 -0.0602683 0.140982 -0.108444 0.279959 -0.15086 -0.0858845 -0.293699 -0.175862 -0.0902145 -0.260083 -0.496806 0.0918658 -0.104769 -0.132918
internal_weight=2216 2190 2166 2110 2078 910 145 125 78 1168 765 1133 1113 929 667 58 730 558 115 55 443 82 56 361 184 642 124 518 51 467 94 184 447 150 177 74 73 53 60
internal_count=2216 2190 2166 2110 2078 910 145 125 78 1168 765 1133 1113 929 667 58 730 558 115 55 443 82 56 361 184 642 124 518 51 467 94 184 447 150 177 74 73 53 60
is_linear=0
shrinkage=0.05


Tree=33
num_leaves=40
num_cat=0
split_feature=29 22 19 11 7 12 15 0 30 30 15 5 12 28 28 28 6 5 5 7 29 29 4 29 29 3 5 4 0 4 16 29 29 0 3 27 4 18 27
split_gain=13993.8 10905.7 16713.6 6514.14 45718.5 12826.8 60826.6 6315.04 4759.46 5976.63 3692.67 3612.36 3495.74 3044.94 22601.8 1861.61 1844.58 1715.11 20441.7 4992.78 1908.86 1870.55 4158.06 1911.71 2191.93 2280.1 8040.21 2963.45 3355.68 2956.51 7217.86 2638.31 2374.46 1605.45 2468.94 3666.18 1909.4 1327.58 1269.92
threshold=3.2934920787811284 -1.6923955082893369 -1.5992504954338072 1.6160847544670107 1.6315463185310366 1.2761033177375796 0.81930962204933178 2.9056415557861333 1.2409112453460696 0.95535138249397289 1.8295560479164126 -0.13407536596059796 1.1007702946662905 -1.2761740088462827 -1.2250468134880064 2.0312523841857915 2.872025847434998 0.82119813561439525 1.1148765087127688 0.76633998751640331 -0.55690127611160267 -0.46025393903255457 -0.10279305651783942 -0.11553847417235373 -0.091077558696269975 1.461473882198334 -0.36552448570728296 -0.64498296380043019 -1.1007801890373228 -0.43843443691730494 -0.018772717565298077 0.36456617712974554 -0.04430867359042167 -0.19822186976671216 -0.82257151603698719 0.60454520583152782 1.016626298427582 1.5376403331756594 0.26130121946334844
decision_type=2 2 2 2 2 2 2 2 2 2 2 2 2 2 2 2 2 2 2 2 2 2 2 2 2 2 2 2 2 2 2 2 2 2 2 2 2 2 2
left_child=1 -1 -3 4 5 7 -7 8 9 10 12 37 13 -4 -15 16 17 20 -19 -20 -16 22 -22 38 -25 27 -27 28 31 30 -29 -26 -31 -34 35 36 -35 -5 -23
right_child=-2 2 3 11 -6 6 -8 -9 -10 -11 -12 -13 -14 14 15 -17 -18 18 19 -21 21 23 -24 24 25 26 -28 29 -30 32 -32 -33 33 34 -36 -37 -38 -39 -40
leaf_value=-0.80157280924708341 1.2007909936675183 1.3736954239281742 -0.30876419290408985 0.044159721844905131 2.1346723265647891 2.9438274133205415 -0.47863200067265615 0.82347015426272441 0.62349947966062114 -0.8255821533203126 -0.57975208334974015 -0.75736288815736774 -0.47819364829496902 1.6182492064578193 -0.23698183832497433 0.44709080696105963 0.33768097748979931 1.27176509634141 -0.23421109978058566 0.54397523800532033 0.60148740627748132 -0.078884895184985648 -0.17487830213138036 0.41109847518904452 -0.1161314214850145 0.95514389431476587 -0.18789366007316857 -0.12197208095341922 -0.29475237228721379 0.4005389632336025 0.89449347738296758 0.45504471480846409 -0.23426502550979264 0.34995510010492237 -0.13665747132301331 0.64667306989431383 -0.24996694607867137 -0.36435813598854599 -0.26277437024061978
leaf_weight=43 24 22 91 37 25 20 37 21 26 25 32 40 44 21 145 20 32 31 146 24 34 243 35 29 62 25 40 40 200 29 31 30 103 21 125 31 36 43 153
leaf_count=43 24 22 91 37 25 20 37 21 26 25 32 40 44 21 145 20 32 31 146 24 34 243 35 29 62 25 40 40 200 29 31 30 103 21 125 31 36 43 153
internal_value=-1.17769e-09 -0.0131473 0.0026285 -0.0115527 0.00984322 -0.0169584 0.722231 -0.038846 -0.0483569 -0.0576584 -0.0472979 -0.3694 -0.0379412 -0.0270401 -0.0118344 -0.032394 -0.0382236 -0.0456811 0.0909717 -0.124349 -0.0651338 -0.0454669 0.207679 -0.0600471 -0.0156645 -0.031675 0.251736 -0.0576944 -0.179792 0.0280088 0.321837 0.0701217 -0.0324601 -0.0721974 0.00617337 0.209058 -0.028943 -0.175419 -0.149933
internal_weight=2216 2192 2149 2127 2007 1982 57 1925 1904 1878 1853 120 1821 1777 1686 1665 1645 1613 201 170 1412 1267 69 1198 802 773 65 708 292 416 71 92 345 316 213 88 57 80 396
internal_count=2216 2192 2149 2127 2007 1982 57 1925 1904 1878 1853 120 1821 1777 1686 1665 1645 1613 201 170 1412 1267 69 1198 802 773 65 708 292 416 71 92 345 316 213 88 57 80 396
is_linear=0
shrinkage=0.05


Tree=34
num_leaves=40
num_cat=0
split_feature=28 30 16 3 31 29 9 14 5 30 33 23 16 30 23 30 13 7 14 5 31 30 27 30 30 12 18 12 16 16 10 8 7 11 29 14 28 15 5
split_gain=13938 43917.7 21263.2 6986.44 105901 180051 16229.2 60901.9 7171.75 5140.26 4745.83 4383.93 4268.25 3792.3 2578.58 2338.13 3278.39 9993.8 4482.67 2608.18 2284.55 2302.2 4511.24 2803.93 3698.96 3760.97 6925.7 2567.36 1910.14 1819.67 3238.08 3571.04 7513.81 3603.76 2016.17 1809.02 1641.91 4292.21 10839.8
threshold=-1.5452485680580137 -0.18787831068038938 -1.5581622719764707 -0.27481402456760401 -0.57379686832427967 -0.0043747618328779927 1.2217946052551272 1.5510139465332033 3.179359078407288 0.95535138249397289 -0.047432998195290559 0.89250150322914135 -1.4210901260375974 1.0098809599876406 -1.3537674546241758 -0.34459145367145533 0.26049153506755834 0.32105529308319097 0.1564511060714722 -0.39609323441982264 2.8130685091018681 -0.55049610137939442 -0.094435125589370714 -0.31357385218143458 -0.10449956357479094 -0.37980751693248743 -0.65026244521141041 0.11038151755928995 0.53283116221427929 -0.86362808942794789 -0.30100373923778528 -0.63483852148056019 -0.55014747381210316 -0.34948767721652979 0.55552455782890331 -0.59157502651214589 -0.42508600652217859 -0.23138709366321561 0.30262109637260443
decision_type=2 2 2 2 2 2 2 2 2 2 2 2 2 2 2 2 2 2 2 2 2 2 2 2 2 2 2 2 2 2 2 2 2 2 2 2 2 2 2
left_child=1 -1 14 10 5 -5 8 -8 9 11 13 12 -6 15 -2 19 17 18 28 -4 21 22 -14 -23 25 26 -25 -27 29 -17 31 34 -33 35 -31 -34 -26 38 -38
right_child=2 -3 3 4 6 -7 7 -9 -10 -11 -12 -13 20 -15 -16 16 -18 -19 -20 -21 -22 23 -24 24 36 27 -28 -29 -30 30 -32 32 33 -35 -36 -37 37 -39 -40
leaf_value=2.6173615223169331 -0.6925889067193296 -0.52612198436260227 -0.17168090520007118 -0.41375559916098914 -0.74541031590529849 6.009775034487248 2.2347325101920537 -0.55998851751739331 0.79824837860853781 -0.85097045410763139 0.65513509457761598 -0.50618562953038648 -0.20779771181670104 -0.73638522408225326 -1.3704391145706178 -0.17443073930484909 -0.16319800273546328 0.96510860428765977 0.5983341623629842 -0.76760621992024514 -0.54863888144493111 -0.4079620236611885 0.75674771953512121 -0.051539561450481421 -0.21688232753486908 -0.3159787736576179 1.2206653203653253 0.39140005747423223 -0.34815467209080042 -0.20685071514919404 -0.14272818478985336 1.089344512957793 0.34080267250537877 0.7021733728322116 0.36238281428813934 -0.17945429934696719 -0.11619928345084191 -0.082244855436023154 1.2655669809403747
leaf_weight=20 47 25 111 24 21 20 35 44 23 22 22 55 22 22 20 140 375 27 28 22 20 46 27 20 122 29 23 23 49 70 148 26 24 22 20 55 40 305 22
leaf_count=20 47 25 111 24 21 20 35 44 23 22 22 55 22 22 20 140 375 27 28 22 20 46 27 20 122 29 23 23 49 70 148 26 24 22 20 55 40 305 22
internal_value=-6.47891e-10 0.870982 -0.0180535 0.0098699 0.110966 2.50603 -0.00625607 0.678179 -0.0721955 -0.097315 -0.0722437 -0.0759209 -0.0430535 -0.0862931 -0.894932 -0.0734891 -0.0468938 0.0247222 -0.018904 -0.270255 -0.0219526 -0.00643904 0.323687 -0.0321155 -0.00251112 0.282982 0.628942 -0.00309968 -0.0501002 -0.02118 0.0376011 0.160591 0.331339 0.136209 -0.0803544 -0.0214015 -0.0579751 -0.00515035 0.374105
internal_weight=2216 45 2171 2104 943 44 899 79 820 797 1161 775 720 1139 67 1117 984 609 582 133 699 679 49 630 584 95 43 52 554 505 365 217 127 101 90 79 489 367 62
internal_count=2216 45 2171 2104 943 44 899 79 820 797 1161 775 720 1139 67 1117 984 609 582 133 699 679 49 630 584 95 43 52 554 505 365 217 127 101 90 79 489 367 62
is_linear=0
shrinkage=0.05


Tree=35
num_leaves=40
num_cat=0
split_feature=30 29 22 33 33 27 30 24 14 7 15 3 12 27 14 6 5 24 4 6 30 30 29 28 15 30 30 29 30 9 22 31 27 3 29 27 27 8 33
split_gain=13584 6695.76 6258.02 6396.69 14276.1 30186.5 12068.4 5342.88 33600.9 9178.78 5414.5 3797.58 3571.61 3442.73 14131.3 3029.22 2480.89 2410.78 2359.58 3107.33 2871.84 12008.9 4824.23 16983.2 2421.91 2291.42 2806.61 2357.06 1858.94 3221.27 5823.85 1474.34 1495.75 1446.92 1604.26 1435.48 2285.18 1387.38 1295.1
threshold=-2.4608415365219112 2.6909836530685429 -1.6769025325775144 -0.047459915280342095 -0.047463884577155106 1.0000000180025095e-35 1.0098809599876406 1.6801680922508242 1.4663060307502749 1.6315463185310366 1.8295560479164126 -0.4353517591953277 1.1007702946662905 -1.1976896524429319 -0.41532169282436365 2.7452282905578618 -0.28255215287208552 -0.66599541902542103 -1.0347204208374021 -0.23815640062093732 0.13834507763385775 0.11983910948038103 0.18635816127061847 0.4660057276487351 -0.63112536072731007 0.28248156607151037 0.49311739206314092 -0.040798170492053025 -0.011622950900346039 0.24428016692399981 0.18278125673532489 2.8130685091018681 -0.90070486068725575 -0.81981548666954029 0.16402238607406619 0.36348617076873785 0.62084874510765087 -0.039666689932346337 -0.047435864806175225
decision_type=2 2 2 2 2 2 2 2 2 2 2 2 2 2 2 2 2 2 2 2 2 2 2 2 2 2 2 2 2 2 2 2 2 2 2 2 2 2 2
left_child=-1 2 -2 4 6 -6 7 8 9 10 12 -9 13 14 -4 18 -14 -7 25 20 21 22 28 24 -24 33 27 -27 29 35 -31 32 -5 -15 -35 -20 -37 -30 -34
right_child=1 -3 3 31 5 17 -8 11 -10 -11 -12 -13 16 15 -16 -17 -18 -19 19 -21 -22 -23 23 -25 -26 26 -28 -29 37 30 -32 -33 38 34 -36 36 -38 -39 -40
leaf_value=1.1361467618208667 0.68974970214185305 -0.84404969811439523 1.2897914061727731 -0.44011570693781743 2.1569235826532047 0.38131646548326198 0.89638169772095155 -0.11522917686000703 1.5733615134701584 0.97555170573971495 -0.65055473446846013 -0.71279768522666853 -0.14654073489263006 0.042871939108289521 -0.42751341742277149 0.57567559406161306 -0.73704976829989199 -0.28173050166846347 -0.25045058247115881 -0.13422469912050677 -0.060551890174145473 1.1140189150284077 0.32119704141066624 1.429031569759051 -0.29569322487975408 -0.050923888012766844 -0.30094602002251536 0.71671141821891071 0.053457056514678462 1.0396635752916337 0.030122318968176843 -0.61634293017180075 -0.21967412690063576 -0.24317776977119074 -0.61385552600026139 0.51414095938205717 -0.16318230344490572 -0.35304792220775899 0.049430671570793033
leaf_weight=26 32 24 23 52 24 26 36 63 33 22 37 46 46 29 25 20 29 29 72 363 358 29 26 27 41 20 31 20 31 20 50 23 154 108 40 20 33 65 63
leaf_count=26 32 24 23 52 24 26 36 63 33 22 37 46 46 29 25 20 29 29 72 363 358 29 26 27 41 20 31 20 31 20 50 23 154 108 40 20 33 65 63
internal_value=4.40907e-10 -0.0134885 -0.00428561 -0.0146929 0.0197736 0.677344 -0.00969214 -0.0285796 -0.0057533 -0.0386308 -0.0529059 -0.367414 -0.0384151 -0.0210242 0.395362 -0.0352697 -0.374871 0.0317099 -0.0441048 -0.0135764 0.0431533 0.132831 0.058923 0.370336 -0.056303 -0.183821 0.0561468 0.332894 -0.0416708 0.0469987 0.318563 -0.232115 -0.199263 -0.28008 -0.343361 -0.105077 0.0924114 -0.221781 -0.141547
internal_weight=2216 2190 2166 2134 1842 79 1763 1727 1618 1585 1563 109 1526 1451 48 1403 75 55 1383 1135 772 414 385 94 67 248 71 40 291 195 70 292 269 177 148 125 53 96 217
internal_count=2216 2190 2166 2134 1842 79 1763 1727 1618 1585 1563 109 1526 1451 48 1403 75 55 1383 1135 772 414 385 94 67 248 71 40 291 195 70 292 269 177 148 125 53 96 217
is_linear=0
shrinkage=0.05


Tree=36
num_leaves=40
num_cat=0
split_feature=12 25 30 28 28 30 28 30 5 5 22 28 28 23 29 10 24 3 29 29 15 15 29 23 14 15 29 16 15 6 7 7 5 27 20 22 20 30 8
split_gain=13686.7 54494.6 8774.66 6427.39 17058 8726.43 48622.6 6216.58 6179.56 33782.5 53877.9 12808.5 123247 5555.43 5043.88 2984.68 2414.47 2294.59 2015.97 8283.71 1683.2 4635.79 1665.58 1639.64 1519.12 1479.4 1803.03 1917.1 2180.43 2016 2064.83 4108.16 2254.93 1950.51 3769.72 3916.91 5254.72 1536.75 1214.13
threshold=-1.3754690289497373 -1.6300981044769285 -1.3757219314575193 -1.2388885617256162 -1.197591185569763 1.0098809599876406 -0.13057799637317655 -2.4608415365219112 0.017676653340458873 0.11047465354204179 0.12176503613591196 -0.091142848134040819 -0.14348310977220533 0.89250150322914135 -0.48264776170253748 0.93551981449127208 0.92707434296607982 -0.81981548666954029 -0.52172148227691639 -0.46025393903255457 0.032859392464160926 0.22356823831796649 0.72183758020401012 1.9635235071182253 0.70011338591575634 -1.3155183792114256 1.1304740905761721 -1.2166458368301389 -0.832698494195938 2.5032929182052617 -0.35899424552917475 -0.38151800632476801 -0.092589199542999254 1.0067543983459475 -0.23517641425132749 -0.52671167254447926 -0.60003775358200062 -0.050173349678516381 -0.48218134045600886
decision_type=2 2 2 2 2 2 2 2 2 2 2 2 2 2 2 2 2 2 2 2 2 2 2 2 2 2 2 2 2 2 2 2 2 2 2 2 2 2 2
left_child=7 -2 -3 22 -5 8 -7 -1 15 10 -10 12 14 20 -11 18 -16 23 -6 -20 38 -22 -4 -17 -23 -21 27 -27 -29 30 31 33 -32 34 35 36 37 -30 -13
right_child=1 2 3 4 5 6 -8 -9 9 11 -12 13 -14 -15 16 17 -18 -19 19 25 21 24 -24 -25 -26 26 -28 28 29 -31 32 -33 -34 -35 -36 -37 -38 -39 -40
leaf_value=-1.3812359939921988 2.4433128109444744 0.98973893059354112 -0.28913097793398346 1.3317429679135482 -0.23045524841235668 2.4048227366946993 -0.99764730476197738 -0.36950400094596714 -0.15190384769439699 0.50103215199929696 3.283473613716307 -0.032310084501902266 4.0253937521576884 -0.64121814594894166 -0.15861316937799297 -0.19396443990227141 -0.73940746401037494 -0.40674020492397578 0.68856319613181638 -0.47958551943302158 0.54222705096006396 -0.22864227077730426 -0.7826330548241025 0.30954493934457955 0.21189108304679394 0.42778060793876649 0.34323777535866046 -0.26915339890580914 0.36904116407036786 -0.39488063924700811 -0.10270116069224716 0.77940832316875464 0.36615001581333306 -0.15517324596029625 0.6332382854735179 -0.30298625910823995 0.94701803192496303 -0.16774539630860091 -0.51069599054753778
leaf_weight=22 23 22 92 24 137 21 21 49 25 27 21 21 20 61 121 61 21 113 39 20 30 106 21 22 24 20 29 117 20 38 511 20 27 88 31 55 20 40 36
leaf_count=22 23 22 92 24 137 21 21 49 25 27 21 21 20 61 121 61 21 113 39 20 30 106 21 22 24 20 29 117 20 38 511 20 27 88 31 55 20 40 36
internal_value=1.74118e-09 0.0226074 -0.00363021 -0.0140369 0.00682324 -0.00937547 0.703588 -0.682998 -0.0249634 0.123605 1.41642 -0.00373825 0.313841 -0.219647 -0.125396 -0.079094 -0.244505 -0.26012 -0.0498192 -0.0267986 -0.10114 -0.0180243 -0.380844 -0.0605041 -0.147313 -0.0537282 -0.0453452 -0.0567625 -0.0667841 -0.0389286 -0.0222707 0.0894541 -0.0791715 0.035127 0.136009 0.0218305 0.245142 0.0111835 -0.334449
internal_weight=2216 2145 2122 2100 1987 1963 42 71 1921 513 46 467 189 278 169 1408 142 196 1212 1075 217 160 113 83 130 1036 1016 987 967 850 812 274 538 254 166 135 80 60 57
internal_count=2216 2145 2122 2100 1987 1963 42 71 1921 513 46 467 189 278 169 1408 142 196 1212 1075 217 160 113 83 130 1036 1016 987 967 850 812 274 538 254 166 135 80 60 57
is_linear=0
shrinkage=0.05


Tree=37
num_leaves=40
num_cat=0
split_feature=30 7 9 30 18 12 29 0 5 5 8 28 16 5 7 27 3 6 10 11 11 7 5 30 13 29 33 30 2 27 13 15 5 7 4 30 5 31 0
split_gain=13374.9 6216.75 19299.5 11799.9 8385.99 5931.71 9278.36 5390.77 5057.66 17535.9 15968.1 21165.6 7555.46 52371 4466.23 10651.9 6888.29 4584.39 3455.81 5826.54 3438.03 4006.25 2615.55 3008.96 2594.37 1974.29 2474.08 2260.29 2906.14 1956.89 2147.43 2583.81 1925.44 1565.54 1559.26 1739.63 1752.66 1491.02 4094.94
threshold=-2.4608415365219112 -1.0144957304000852 -1.0193323493003843 1.0098809599876406 -1.5910865664482114 -1.3265537619590757 0.32382850348949438 2.9056415557861333 1.1476287245750429 0.700014889240265 -0.267839565873146 0.026401240378618244 1.840181350708008 -0.19084589928388593 -0.35899424552917475 -1.0741553902626035 1.7170940041542055 2.2832190990448002 -0.32901512086391443 -0.25215573608875269 1.1336319446563723 0.76633998751640331 -0.56422135233879078 -0.33657166361808771 -1.4296321272850034 0.23150058090686801 -0.047487620264291756 -0.40183690190315241 2.2576968073844914 -0.67056098580360401 -0.13240631669759748 -0.35296703875064844 3.0898362398147587 1.5522703528404238 1.4715248346328738 0.40120925009250646 -0.46159771084785456 -0.74593421816825856 -0.62732163071632374
decision_type=2 2 2 2 2 2 2 2 2 2 2 2 2 2 2 2 2 2 2 2 2 2 2 2 2 2 2 2 2 2 2 2 2 2 2 2 2 2 2
left_child=-1 4 -3 7 24 6 -6 8 9 12 -11 -12 14 -14 15 -4 18 29 25 -20 21 32 23 -7 -2 27 -27 -17 34 -16 -31 -32 -10 37 35 36 -29 -33 -39
right_child=1 2 3 -5 5 22 -8 -9 20 10 11 -13 13 -15 17 16 -18 -19 19 -21 -22 -23 -24 -25 -26 26 -28 28 -30 30 31 33 -34 -35 -36 -37 -38 38 -40
leaf_value=1.1273676615494947 -0.46721084947171421 1.4901795883747666 1.0542459150919548 0.93798747857411713 -0.26904594302177431 0.49363672222409938 1.2034727984666826 0.80069575548172001 -0.20249647678279167 -0.30053006789606551 2.5401022902131083 0.39406306065136087 -0.26629338326165453 2.6649387693405155 -0.27606072187879865 -0.44059297525538849 0.87655620690096514 0.4644123267043721 1.0210449545085429 -0.1049270217065458 -0.773188192503793 0.42371828258037569 -0.40449078934322497 -0.21749406193985657 -1.2103419105211894 0.27306186825037004 -0.33149461616169323 -0.26355957708424993 0.597702683237466 -0.25668879810556333 0.50309520125389096 -0.17805366175605006 -0.72842602670192724 -0.47028839041789372 0.40141904297329134 0.29529172281424204 0.077167932184842913 0.56819521630632464 -0.049230347946606912
leaf_weight=26 23 22 26 33 23 21 20 20 134 23 20 27 64 20 196 26 22 33 20 27 28 24 101 51 24 20 110 90 22 170 20 178 20 24 21 30 65 29 363
leaf_count=26 23 22 26 33 23 21 20 20 134 23 20 27 64 20 196 26 22 33 20 27 28 24 101 51 24 20 110 90 22 170 20 178 20 24 21 30 65 29 363
internal_value=-5.75321e-10 -0.0133843 0.0177377 0.000733092 -0.241415 -0.109713 0.415846 -0.015789 -0.0246064 0.00462462 0.778994 1.30727 -0.0297699 0.431619 -0.0557463 0.0700574 0.0135697 -0.115233 -0.0304806 0.37421 -0.25817 -0.177156 -0.240343 -0.0100809 -0.846682 -0.0800131 -0.238486 0.00109507 0.051463 -0.134752 -0.0994243 -0.055882 -0.270799 -0.0747027 -0.00687328 -0.05322 -0.120674 -0.0580465 -0.00355346
internal_weight=2216 2190 1927 1905 263 216 43 1872 1852 1646 70 47 1576 84 1492 479 453 1013 431 47 206 178 173 72 47 384 130 254 228 980 784 614 154 594 206 185 155 570 392
internal_count=2216 2190 1927 1905 263 216 43 1872 1852 1646 70 47 1576 84 1492 479 453 1013 431 47 206 178 173 72 47 384 130 254 228 980 784 614 154 594 206 185 155 570 392
is_linear=0
shrinkage=0.05


Tree=38
num_leaves=40
num_cat=0
split_feature=29 21 19 5 5 5 30 16 5 8 28 28 30 23 9 9 11 24 26 7 7 27 28 21 27 27 29 7 31 30 30 16 21 27 8 29 4 19 24
split_gain=13327.6 10009 14272.5 5975 5663.23 10245.2 30544.9 28768.8 15590.7 20308.6 14496.3 10597.7 4307 2674.68 3216.76 5929.43 2567.81 1960.72 2961.75 1958.67 8950.74 1732.54 3088.49 1632.12 1615.77 7076.35 6584.36 3207.75 5706.33 1990.17 1716.69 2168.11 3436.04 3920.65 8671.37 2898.36 2230.74 2106.99 1159.79
threshold=3.2934920787811284 -1.6710991859436033 -1.5992504954338072 3.5429087877273564 1.1148765087127688 -0.35242359340190882 0.9120679795742036 1.840181350708008 0.700014889240265 -0.267839565873146 0.026401240378618244 -1.2250468134880064 1.0567454695701601 0.87629956007003795 0.39516223967075353 0.53685480356216442 1.1336319446563723 0.54888731241226207 0.46542567014694219 -0.36946609616279596 -0.45301729440689081 -0.59109649062156666 -1.0860183238983152 0.8560585379600526 -0.17711103707551953 1.0000000180025095e-35 -0.048883771523833268 0.32105529308319097 -0.51234492659568776 -0.30713127553462977 0.51504388451576244 0.093140266835689559 -0.70902392268180836 0.54337596893310558 -0.63483852148056019 -0.29497282207012171 1.8163871169090273 -0.45679832994937891 0.47758816182613378
decision_type=2 2 2 2 2 2 2 2 2 2 2 2 2 2 2 2 2 2 2 2 2 2 2 2 2 2 2 2 2 2 2 2 2 2 2 2 2 2 2
left_child=1 -1 -3 4 5 12 7 8 11 -10 -11 -7 17 14 19 -16 21 18 24 20 -13 22 -6 -15 -4 26 -26 29 -29 -27 31 32 -31 35 37 -34 -33 -35 -23
right_child=-2 2 3 -5 16 6 -8 -9 9 10 -12 13 -14 23 15 -17 -18 -19 -20 -21 -22 38 -24 -25 25 27 -28 28 -30 30 -32 36 33 34 -36 -37 -38 -39 -40
leaf_value=-0.76814799520165433 1.1718621991574765 1.269275412234393 -0.12939542520600864 0.84932437717914588 -0.32825183016913284 0.83437245279069883 1.9617406733658005 1.7330769612238957 -0.27918632924556736 2.4130971921607856 0.53219334504434046 -0.14799773126215368 -0.75169512085292656 -0.78434997626713354 0.93779669914926811 -0.063380731612443925 -0.71393115299719356 -0.16681493113607446 0.52473770128563046 -0.24626007343424444 0.98130470156669625 -0.19802779449058361 0.53992903247475632 -0.24229952416768891 -0.062075621110421642 -0.32070153081103375 0.98377648478045188 -0.20099617913365364 0.97909521390683951 -0.19311269339053863 -0.32766888345713202 -0.22916708954455933 0.48611765995621686 0.50831171050667767 1.4018257845193149 -0.23981276903809473 0.2712943489352862 -0.20077519261024218 -0.52824772368459139
leaf_weight=43 24 22 313 20 21 31 23 26 29 20 21 143 23 21 21 50 27 323 24 188 20 122 20 41 27 76 34 21 20 62 46 127 20 20 20 44 27 22 34
leaf_count=43 24 22 313 20 21 31 23 26 29 20 21 143 23 21 21 50 27 323 24 188 20 122 20 41 27 76 34 21 20 62 46 127 20 20 20 44 27 22 34
internal_value=-1.57573e-09 -0.0128306 0.00228277 -0.010822 -0.0189867 0.00928613 0.172984 0.105649 0.0333192 0.733451 1.44971 -0.0618444 -0.0738078 -0.119247 -0.0741938 0.232742 -0.256655 -0.0610905 -0.0232733 -0.136281 -0.00943302 -0.193982 0.095251 -0.425897 -0.038236 0.0121754 0.520858 -0.0492695 0.374658 -0.0867286 -0.0408988 -0.00232741 0.111613 0.261558 0.544931 -0.0129595 -0.141424 0.136885 -0.269999
internal_weight=2216 2192 2149 2127 2107 1883 634 611 585 70 41 515 1249 484 422 71 224 1226 903 351 163 197 41 62 879 566 61 505 41 464 388 342 188 126 62 64 154 42 156
internal_count=2216 2192 2149 2127 2107 1883 634 611 585 70 41 515 1249 484 422 71 224 1226 903 351 163 197 41 62 879 566 61 505 41 464 388 342 188 126 62 64 154 42 156
is_linear=0
shrinkage=0.05


Tree=39
num_leaves=40
num_cat=0
split_feature=12 25 27 30 28 5 13 22 29 5 30 30 18 29 5 5 27 27 13 15 3 4 29 9 30 33 4 4 30 27 10 3 23 18 6 4 0 18 18
split_gain=12561.3 48878.5 8728.46 11045.8 10978.8 6276.94 27910.7 63217.5 50471.4 12514.2 6247.55 6209.96 3569.74 3539.77 3377.29 3265.89 2900.34 2766.68 7124.47 2743.55 2615.55 8775.73 2154.55 8572.01 2068.65 2644.88 6201.99 7630.96 6013.28 2253.35 1473.45 1176.78 1167.48 1704.46 1133.34 1911.39 5406.26 2159.66 5352.39
threshold=-1.3754690289497373 -1.6300981044769285 -1.2386001944541929 -1.0270565152168272 -1.2250468134880064 -0.30438698828220362 0.89478415250778209 0.64222413301467907 -0.34897872805595392 -0.26945126056671137 0.9120679795742036 -2.4608415365219112 1.8405267000198366 0.44335699081420904 -0.36989144980907435 2.941359400749207 0.78191867470741283 0.50214657187461864 -0.32651410996913904 1.0349448323249819 -0.42432770133018488 -0.84661367535591114 -0.44785918295383448 -0.065154720097780214 0.56768128275871288 -0.047476824373006814 1.949168384075165 1.7124981284141543 0.14941830188035968 -0.032259343191981309 0.38340307772159582 -0.82257151603698719 0.64952251315116893 0.023974369280040268 -0.41304950416088099 -0.54416760802268971 -0.44040656089782709 0.054797286167740829 -0.095215529203414903
decision_type=2 2 2 2 2 2 2 2 2 2 2 2 2 2 2 2 2 2 2 2 2 2 2 2 2 2 2 2 2 2 2 2 2 2 2 2 2 2 2
left_child=11 -2 13 -4 -5 14 9 -8 -9 -7 15 -1 19 -3 24 16 17 20 -19 -10 21 -11 23 -22 25 34 27 28 29 -27 -25 -31 33 -16 35 37 -37 38 -6
right_child=1 2 3 4 5 6 7 8 12 10 -12 -13 -14 -15 32 -17 -18 18 -20 -21 22 -23 -24 30 -26 26 -28 -29 -30 31 -32 -33 -34 -35 -36 36 -38 -39 -40
leaf_value=-1.35218074538491 2.3142347895580793 -0.30390665086635044 1.1346250699325042 1.0288146362854886 -0.055665385680232972 1.0468413451543221 2.8839900493621826 2.4187097805738453 -0.50323807577933033 -0.35046865188557175 -0.86400133154044545 -0.34098719537866362 -0.95882685070946116 -1.0400476229190827 -0.45146869972178882 -0.61178630267580347 -0.25692230636144386 -0.19001761203010878 1.0556671123613011 0.20883016362786294 0.96366051261623709 1.016287119438251 -0.10763947437183595 -0.5154438231672559 -0.24840854613864716 0.29364724014150467 -0.18851409725568913 1.1665023033591835 0.76566415037959823 -0.04454987074466462 0.070088016851381815 -0.48762873411178592 -0.7151552030444146 0.10521983683109284 -0.14099130015005995 0.8421342709790105 -0.14467772925538677 -0.20114826243615858 0.76777118826689927
leaf_weight=22 23 89 22 26 139 26 28 20 31 23 24 49 21 20 44 24 102 24 22 24 24 24 293 21 121 38 108 22 32 47 22 22 20 20 366 23 35 152 23
leaf_count=22 23 89 22 26 139 26 28 20 31 23 24 49 21 20 44 24 102 24 22 24 24 24 293 21 121 38 108 22 32 47 22 22 20 20 366 23 35 152 23
internal_value=3.01797e-10 0.021658 -0.00319088 0.0204062 0.00809435 -0.00541137 0.107963 0.793565 0.183858 -0.027195 -0.073505 -0.654315 -0.404261 -0.438978 -0.0758497 -0.0407383 -0.0160443 0.0381931 0.405745 -0.192517 -0.00334837 0.347449 -0.0491469 0.206649 -0.0530731 -0.0296018 0.104616 0.30125 0.164303 -0.0155428 -0.215869 -0.185821 -0.381706 -0.277504 -0.078524 -0.0170643 0.246644 -0.0657748 0.0612423
internal_weight=2216 2145 2122 2013 1991 1965 753 124 96 629 603 71 76 109 1212 579 555 453 46 55 407 47 360 67 1128 1007 269 161 139 107 43 69 84 64 738 372 58 314 162
internal_count=2216 2145 2122 2013 1991 1965 753 124 96 629 603 71 76 109 1212 579 555 453 46 55 407 47 360 67 1128 1007 269 161 139 107 43 69 84 64 738 372 58 314 162
is_linear=0
shrinkage=0.05


Tree=40
num_leaves=40
num_cat=0
split_feature=30 29 22 19 15 15 29 27 3 29 30 27 21 7 5 5 29 5 9 12 5 0 14 18 30 3 12 5 5 29 2 28 30 30 0 0 33 27 27
split_gain=13515.8 6509.76 5803.49 13367.9 5417.26 24323.1 6019.26 42699.6 99222.7 145366 8774.07 3933.49 3217.34 13703.6 4558 14111.3 2961.36 2938.78 2755.67 9898.87 2589.85 2384.27 2376.87 5424.98 2085.39 1924.22 4969.5 1846.81 1901.71 1791.62 1744.31 5649.86 8055.69 3322.22 2267.62 2749.3 2875.29 3164.69 4112.89
threshold=-2.4608415365219112 2.6909836530685429 -1.6923955082893369 -1.5992504954338072 2.1951055526733403 1.8629074692726137 -0.0043747618328779927 -0.58386245369911183 -0.27481402456760401 0.16813444346189502 1.0567454695701601 -0.51698425412178028 0.18769143521785739 0.34387624263763433 0.82119813561439525 1.4151052832603457 -0.1202118545770645 -0.36334100365638727 -0.51890775561332692 -0.69325667619705189 1.8354256153106692 -1.0510554313659666 -0.325720265507698 -0.46504364907741541 0.54583135247230541 0.40040905773639685 0.99506542086601268 1.4151052832603457 -0.36989144980907435 -0.2475645914673805 1.0000000180025095e-35 0.4660057276487351 0.14941830188035968 -0.55049610137939442 -1.1810910701751707 -0.64681804180145253 -0.047485232353210442 0.29725579917430883 0.78191867470741283
decision_type=2 2 2 2 2 2 2 2 2 2 2 2 2 2 2 2 2 2 2 2 2 2 2 2 2 2 2 2 2 2 2 2 2 2 2 2 2 2 2
left_child=-1 2 -2 -4 5 6 11 8 -8 -10 20 25 13 14 16 -16 18 -6 19 -13 30 -20 23 -18 -14 27 29 28 -5 -27 34 33 -33 -32 -9 -36 -37 -38 -39
right_child=1 -3 3 4 17 -7 7 10 9 -11 -12 12 24 -15 15 -17 22 -19 21 -21 -22 -23 -24 -25 -26 26 -28 -29 -30 -31 31 32 -34 -35 35 36 37 38 -40
leaf_value=1.1332898433391865 -0.77757607524593675 -0.83239799340566012 1.2595951199531557 -0.11047554842257144 -0.20202354648533991 1.3727830577641726 -0.21745675593227537 0.44881780230041057 5.9534748047590256 0.51955930461408573 -0.89950900077819829 -0.18075773948803545 -0.16748080994714709 1.3123385315849667 1.472953361645341 -0.25343401637570612 -0.041410241447962251 -0.94366994987834585 0.20744442204860125 1.0274042078426906 -0.45999709855426441 -0.35388665678324527 -0.17899308293126526 1.0539230725169182 0.32446063672718795 -0.3896969426185527 -1.0424648420264324 0.30316339433193207 -0.41357595756546495 0.14126940680046876 0.57343695277259465 1.2625348159800405 -0.1095364759117365 -0.097490641425706848 -0.2743855611190088 0.54705485674467957 -0.19019195555141694 0.44879189023148208 -0.1000393478958695
leaf_weight=26 24 24 21 184 34 32 77 21 20 32 30 88 340 21 20 29 26 22 22 21 33 135 24 20 23 47 24 20 72 24 21 23 20 152 133 22 169 59 81
leaf_count=26 24 24 21 184 34 32 77 21 20 32 30 88 340 21 20 29 26 22 22 21 33 135 24 20 23 47 24 20 72 24 21 23 20 152 133 22 169 59 81
internal_value=-1.90753e-09 -0.0134546 -0.00438042 0.00428284 -0.008146 0.00501302 -0.0165161 0.0806914 0.922103 2.60953 -0.0613793 -0.0926619 -0.0281514 0.0685528 0.000709942 0.451214 -0.0649886 -0.493385 -0.141136 0.0520074 -0.0271234 -0.275229 0.224371 0.434822 -0.136311 -0.226378 -0.420468 -0.159571 -0.195723 -0.210215 -0.00674556 0.111441 0.624362 -0.0160486 -0.059381 -0.0823814 -0.00523172 -0.0445531 0.131254
internal_weight=2216 2190 2166 2142 2121 2065 2033 893 129 52 764 1140 769 406 385 49 336 56 266 109 734 157 70 46 363 371 95 276 256 71 701 216 43 173 485 464 331 309 140
internal_count=2216 2190 2166 2142 2121 2065 2033 893 129 52 764 1140 769 406 385 49 336 56 266 109 734 157 70 46 363 371 95 276 256 71 701 216 43 173 485 464 331 309 140
is_linear=0
shrinkage=0.05


Tree=41
num_leaves=40
num_cat=0
split_feature=29 21 15 33 33 27 30 15 15 7 7 27 14 5 29 29 27 5 24 10 28 27 27 20 17 18 28 5 33 27 3 5 0 3 29 16 20 16 0
split_gain=12271.4 8903.93 11398.5 5988.01 12608.2 25055.7 9628.15 4602.81 22464.4 4339.16 21932 5232.6 15227.7 3690.29 3328.77 12031.2 13415.4 2652.25 2232.34 2114.49 1901.05 2233.47 2593.17 5829.38 17807.3 1492.35 2356.78 1485.67 2422.5 1765.48 1415.99 3741.59 3049.06 1849.62 2052.38 2367.54 4519.64 1591.01 1478.43
threshold=3.2934920787811284 -1.6710991859436033 -1.5332865118980405 -0.047459915280342095 -0.047463884577155106 1.0000000180025095e-35 1.0098809599876406 2.1951055526733403 1.8629074692726137 1.1276233196258547 1.0725600123405459 -1.1976896524429319 -0.41532169282436365 -0.068570896983146654 -0.52172148227691639 -0.44785918295383448 -0.17711103707551953 -0.36334100365638727 -0.66599541902542103 0.91592547297477733 1.7839784026145937 1.0399777889251711 0.54337596893310558 0.16362944990396502 -0.28945431113243097 0.3999361395835877 1.1369028091430666 -0.57513877749443043 -0.047429881989955895 0.10411616042256357 -0.31822121143341059 -0.12970840185880658 -0.6044267714023589 0.78211680054664623 0.16813444346189502 1.0000000180025095e-35 -0.23517641425132749 0.86756554245948803 1.4518179297447207
decision_type=2 2 2 2 2 2 2 2 2 2 2 2 2 2 2 2 2 2 2 2 2 2 2 2 2 2 2 2 2 2 2 2 2 2 2 2 2 2 2
left_child=1 -1 -3 4 6 -6 7 8 9 10 11 12 -4 -11 -13 16 -16 -9 -7 20 21 22 30 24 -24 -25 -27 28 -5 -29 31 -17 -32 37 35 36 -35 -34 -37
right_child=-2 2 3 27 5 18 -8 17 -10 13 -12 14 -14 -15 15 19 -18 -19 -20 -21 -22 -23 23 25 -26 26 -28 29 -30 -31 32 -33 33 34 -36 38 -38 -39 -40
leaf_value=-0.7247126335321471 1.1244683037201564 1.0041732847690583 1.518369920924306 -0.20296507506877526 1.9878901685432842 0.39249573627114298 0.80334895915455284 -0.19192237135242016 1.3041439270600677 -0.10374618079430893 1.5261974732513013 -0.26271805338844473 -0.38790771663188939 -0.59161061821229188 -0.050585284754633912 -0.04087300016041933 1.4711755212130291 -0.89648646007884636 -0.25223389088079851 -0.33774795612740904 0.384767791399589 -0.2449749485288901 -0.12547632050819887 -0.47301384097053889 1.6055428345998128 0.38379699504375459 -0.26412339848466221 -0.47051062885257933 0.37403338240540546 -0.14978205983004556 -0.7002482668919997 0.47079421755595086 -0.25175413620400139 -0.036175720652808316 -0.25444175469320873 -0.20696213065191757 0.99154970116913332 0.18378076019386452 0.29698010926896873
leaf_weight=43 24 28 20 87 24 25 36 34 32 113 23 158 22 59 30 426 28 22 29 62 26 127 39 21 24 25 32 90 23 82 22 39 166 23 43 43 20 24 22
leaf_count=43 24 28 20 87 24 25 36 34 32 113 23 158 22 59 30 426 28 22 29 62 26 127 39 21 24 25 32 90 23 82 22 39 166 23 43 43 20 24 22
internal_value=-5.16199e-11 -0.0123117 0.00194295 -0.0112878 0.0216106 0.643679 -0.00594273 -0.0228323 -0.00787157 -0.0335188 -0.00562587 -0.0300586 0.519844 -0.271095 -0.0465556 -0.0190567 0.684058 -0.468715 0.046252 -0.0534998 -0.0377927 -0.0478169 -0.0219768 0.176235 0.53396 -0.112696 0.0200522 -0.225827 -0.0823199 -0.317605 -0.0557303 0.00204102 -0.129735 -0.0929276 0.0376963 0.154011 0.441836 -0.196739 -0.0363971
internal_weight=2216 2192 2149 2121 1839 78 1761 1725 1669 1637 1465 1442 42 172 1400 1242 58 56 54 1184 1122 1096 969 141 63 78 57 282 110 172 828 465 363 341 151 108 43 190 65
internal_count=2216 2192 2149 2121 1839 78 1761 1725 1669 1637 1465 1442 42 172 1400 1242 58 56 54 1184 1122 1096 969 141 63 78 57 282 110 172 828 465 363 341 151 108 43 190 65
is_linear=0
shrinkage=0.05


Tree=42
num_leaves=40
num_cat=0
split_feature=30 29 27 28 30 6 18 0 33 8 30 30 5 22 30 27 27 30 2 5 29 24 21 5 6 4 29 10 20 21 22 3 33 5 5 30 16 3 3
split_gain=12363.9 6459.24 5617.5 41949 16429.4 10500.1 10260.3 8048.1 6875.98 6745.7 4029.55 11560.5 16635.1 14879.9 3628.7 3069.49 5499.15 2871.38 2797.63 7528.81 2965.9 2265.65 3040.59 2639.38 1966.55 2010.29 2068.38 2423.27 8700.9 2154.62 6842.52 1719.88 1611.85 1538.23 1496.95 1371.23 1344.85 1353.34 3212.16
threshold=-2.4608415365219112 2.6909836530685429 0.25011114776134497 1.6180556416511538 1.0098809599876406 2.872025847434998 -1.5910865664482114 2.4019546508789067 -0.04742735251784324 0.96793350577354442 0.11983910948038103 0.25889484584331518 0.700014889240265 -0.75373855233192433 0.13509841263294223 -0.058290904387831681 1.0000000180025095e-35 1.0567454695701601 1.0000000180025095e-35 0.88779434561729442 0.62293955683708202 0.93824729323387157 0.84819635748863231 1.3070229887962344 2.5266120433807377 -1.0347204208374021 0.16402238607406619 -0.32901512086391443 0.46179112792015081 -0.25839862227439875 -0.47977708280086512 0.13169784098863604 -0.04748850688338279 -0.35242359340190882 0.76551932096481334 -0.097559366375207887 0.4841600507497788 0.64087116718292247 1.3119601607322695
decision_type=2 2 2 2 2 2 2 2 2 2 2 2 2 2 2 2 2 2 2 2 2 2 2 2 2 2 2 2 2 2 2 2 2 2 2 2 2 2 2
left_child=-1 2 3 4 5 6 -2 8 10 17 18 12 13 -12 -15 21 -17 24 34 20 32 23 -23 33 25 -4 35 29 -29 30 -28 -18 -20 -13 36 -27 37 -8 -39
right_child=1 -3 9 -5 -6 -7 7 -9 -10 -11 11 15 -14 14 -16 16 31 -19 19 -21 -22 22 -24 -25 -26 26 27 28 -30 -31 -32 -33 -34 -35 -36 -37 -38 38 -40
leaf_value=1.0839231160970835 -0.82682889272005144 -0.82862828473250072 -0.25912287254687599 2.0853668048381806 1.2636920965634859 0.84953221136970181 -0.15489541532686402 0.88474212646484374 0.81689510524738584 -0.75357621675118425 1.2769950527835776 -0.034238267948465621 1.5992157963414988 0.56542211528867481 -0.10538875297273671 0.79621169787521173 -0.20077784712756835 -0.65463462443578813 0.15830211248891107 0.90469725277613522 0.45472414249723614 -0.75738778233528148 -0.1497578377723694 0.45185117110610007 -0.45066148552202412 0.057468918740101488 -0.14381960534997154 1.2274083864688874 0.056891540583077965 -0.28120767826644272 0.93108795180916781 0.2837048790632532 -0.26280347429748091 -0.3181884328616254 -0.43296437777321917 -0.15280019233879799 -0.33010348582200794 0.61725396916270259 -0.22558758190044992
leaf_weight=26 39 24 93 25 26 35 243 25 24 39 27 116 24 24 126 24 62 21 29 22 22 35 50 20 31 115 57 20 77 52 20 26 105 81 58 238 89 20 26
leaf_count=26 39 24 93 25 26 35 243 25 24 39 27 116 24 24 126 24 62 21 29 22 22 35 50 20 31 115 57 20 77 52 20 26 105 81 58 238 89 20 26
internal_value=-1.47389e-10 -0.0128685 -0.0038296 0.0555512 0.0187258 -0.0052159 -0.0279313 -0.00355179 -0.0212751 -0.113019 -0.037643 0.0528196 0.363936 0.196441 0.00194099 -0.0982299 0.125332 -0.0785134 -0.128253 0.0387846 -0.0833312 -0.18114 -0.399958 -0.095428 -0.0613035 -0.0433421 -0.00868301 0.109425 0.298235 -0.0325485 0.135377 -0.0576352 -0.171669 -0.150989 -0.196447 -0.0842989 -0.160156 -0.107819 0.140865
internal_weight=2216 2190 2166 1403 1378 1352 1317 1278 1253 763 1229 615 201 177 150 414 112 724 614 178 156 302 85 217 703 672 579 226 97 129 77 88 134 197 436 353 378 289 46
internal_count=2216 2190 2166 1403 1378 1352 1317 1278 1253 763 1229 615 201 177 150 414 112 724 614 178 156 302 85 217 703 672 579 226 97 129 77 88 134 197 436 353 378 289 46
is_linear=0
shrinkage=0.05


Tree=43
num_leaves=40
num_cat=0
split_feature=9 30 22 27 27 30 0 5 5 33 28 28 23 24 29 15 27 27 7 0 19 20 27 14 16 30 8 18 8 15 15 29 10 3 15 16 30 33 7
split_gain=11817.3 36952.8 7127.52 8440.86 8309.6 5825.75 42845 4941.24 30494.8 48927.3 10795.8 103670 5762.51 4914.6 3954.68 3346.62 2291.33 3115.42 4199.31 7143.4 2787.42 32590 2144.47 2273.17 1932.45 1906.42 5009.67 1899.05 1885.34 1873.5 1709.49 1495.37 1474.79 1414.57 1379.99 3873.2 1311.47 1207.53 1070.05
threshold=-1.4307110905647276 -1.5035358667373655 -1.6769025325775144 -1.2386001944541929 -1.1536921858787534 1.0098809599876406 -0.31233844161033625 0.017676653340458873 0.11047465354204179 -0.04748104698956012 -0.091142848134040819 -0.14348310977220533 0.89250150322914135 0.92707434296607982 -0.48264776170253748 1.8295560479164126 -0.17711103707551953 1.0000000180025095e-35 -0.35332137346267695 -0.4446993470191955 0.18809021264314654 0.2236004322767258 1.3749015927314761 -0.92985954880714405 -0.042052259668707841 0.061883460730314262 -0.63483852148056019 -1.5650190114974973 0.33830393850803381 1.6231278181076052 2.0906820297241215 -0.1233600191771984 -0.84244924783706654 1.5379531979560854 0.032859392464160926 0.32547760009765631 -0.014886674005538223 -0.047443609684705727 -0.18509795516729352
decision_type=2 2 2 2 2 2 2 2 2 2 2 2 2 2 2 2 2 2 2 2 2 2 2 2 2 2 2 2 2 2 2 2 2 2 2 2 2 2 2
left_child=-1 -2 -3 27 -5 7 -7 15 9 -9 11 13 34 14 -10 16 33 18 19 -18 22 -22 24 -24 25 -19 -27 -4 -20 38 -17 -14 37 -6 -12 -36 -37 -16 -23
right_child=1 2 3 4 5 6 -8 8 10 -11 12 -13 31 -15 32 30 17 20 28 -21 21 29 23 -25 -26 26 -28 -29 -30 -31 -32 -33 -34 -35 35 36 -38 -39 -40
leaf_value=-0.95388301368802786 2.0528194573792544 0.80051767737777146 -0.85440541776743817 0.89462498380587663 -0.11118097738813489 2.2909728783369068 -0.78722900931651774 3.2007029357552526 0.54866084732391218 -0.11722596383094788 -0.29685557223202891 3.6914515000581747 -0.86368988698179072 -0.80017992041327735 0.37280986900238888 -0.74705535632868614 0.0054510487162548566 -0.24986159385700757 -0.28877925545938554 1.2656917961568319 2.0266973212361337 -0.26624469846487048 -0.12969844691455365 0.44073450978725187 -0.48058606772980794 -0.21921641619221585 0.48105344145725937 -0.33674445673004616 0.25036049763507701 0.39124830419367013 -0.22451926754580606 -0.36689985139029369 -0.23107474863529209 -0.4704514496542257 0.44622232574555609 0.11133399605751038 -0.24689988433171739 -0.14533318267627196 -0.036708907202962014
leaf_weight=32 22 27 22 26 496 20 26 20 27 25 57 20 33 22 23 24 23 149 31 22 20 65 40 31 47 74 39 91 34 22 45 28 90 29 36 36 88 22 232
leaf_count=32 22 27 22 26 496 20 26 20 27 25 57 20 33 22 23 24 23 149 31 22 20 65 40 31 47 74 39 91 34 22 45 28 90 29 36 36 88 22 232
internal_value=-1.76695e-09 0.0139763 -0.00677048 -0.0169797 0.00652271 -0.00504576 0.55112 -0.0181656 0.112622 1.35741 -0.00359213 0.272645 -0.206298 -0.0989649 -0.00373819 -0.0666021 -0.0492926 0.00246889 0.250279 0.621569 -0.0354436 0.0687877 -0.128429 0.119364 -0.185365 -0.132406 0.0224696 -0.437528 -0.00676769 -0.0539652 -0.406271 -0.635655 -0.114218 -0.131026 -0.0856034 -0.0103448 -0.142896 0.119495 -0.086944
internal_weight=2216 2184 2162 2135 2022 1996 46 1950 527 45 482 204 278 184 162 1423 1354 829 110 45 719 339 380 71 309 262 113 113 65 319 69 61 135 525 217 160 124 45 297
internal_count=2216 2184 2162 2135 2022 1996 46 1950 527 45 482 204 278 184 162 1423 1354 829 110 45 719 339 380 71 309 262 113 113 65 319 69 61 135 525 217 160 124 45 297
is_linear=0
shrinkage=0.05


Tree=44
num_leaves=40
num_cat=0
split_feature=27 16 23 6 4 5 3 31 29 9 14 33 5 30 6 29 11 7 16 18 31 4 18 30 19 16 7 7 5 29 29 19 17 9 8 11 28 28 15
split_gain=11535.7 13366.7 5888.33 5341.46 7217.15 8167.31 9786.34 88048 153917 30094.5 83607.7 5964.11 5701.38 5347.55 4630.28 2791.9 3391.44 2381.44 2371.1 2279.89 2023.65 2436.83 1868.88 1861.21 3300.17 6181.1 3560.71 3606.49 1860.88 2928.37 3223.86 1840.08 1768.76 1665.53 2406.24 3337.46 1732.48 11659.1 2193.14
threshold=-2.1934885978698726 -1.5581622719764707 -1.369966387748718 3.191205739974976 2.1403487920761113 1.1148765087127688 -0.27481402456760401 -0.57379686832427967 -0.0043747618328779927 1.2217946052551272 1.5510139465332033 -0.047435864806175225 0.82119813561439525 1.0098809599876406 2.2832190990448002 0.36934134364128118 1.1336319446563723 0.76633998751640331 -1.3099049925804136 -1.4155634045600889 0.5174245834350587 1.4715248346328738 1.757795035839081 -0.053987251594662659 0.19644626975059512 0.56619903445243847 -0.71342185139656056 -0.93392804265022267 -0.36770796775817866 0.04523908160626889 0.27578224241733557 1.5762847661972048 -0.33892536163330073 0.42773537337780004 0.32892888784408575 0.30383881926536566 0.5443481206893922 0.4051686972379685 -0.32069228589534754
decision_type=2 2 2 2 2 2 2 2 2 2 2 2 2 2 2 2 2 2 2 2 2 2 2 2 2 2 2 2 2 2 2 2 2 2 2 2 2 2 2
left_child=-1 2 -2 4 5 6 11 8 -8 12 -11 13 19 14 18 16 17 -7 -3 -9 21 22 31 24 26 -26 27 -21 29 -25 -31 33 -17 34 36 -36 37 38 -20
right_child=1 3 -4 -5 -6 15 7 9 -10 10 -12 -13 -14 -15 -16 32 -18 -19 20 23 -22 -23 -24 28 25 -27 -28 -29 -30 30 -32 -33 -34 -35 35 -37 -38 -39 -40
leaf_value=0.90053592801094062 -0.30787257163420967 -0.38799098847364943 -1.4520594120025636 -0.49703418218459072 0.93824426333109534 -0.18528154818202133 -0.34676560002068679 -0.58094899395237798 5.5923029649257661 3.389518746516357 -0.48901781638463337 0.80448440998792659 0.57298267045441797 -0.83846138173883622 0.70268445789813994 -0.97692417770624163 -0.70612835265972007 0.33760882203395548 0.036765936587435252 -0.11103316087413717 -0.3197445158220944 0.49088811779564079 -0.33882375063002113 -0.17128621033366978 1.0602706282621337 -0.093064179500708222 -0.29356739325966269 0.77482542641460894 -0.20353472368838943 0.77909285040064302 -0.036292179756694375 0.4379154345818928 -0.3460739861130715 -0.16266252002255485 -0.10784986063838005 0.77529745169955755 -0.1980434878471945 1.143171522427689 -0.20098479148938503
leaf_weight=35 23 54 22 52 21 134 24 23 20 24 33 20 34 22 20 20 27 26 321 27 64 22 50 72 21 26 72 20 276 22 27 21 25 198 20 23 114 22 139
leaf_count=35 23 54 22 52 21 134 24 23 20 24 33 20 34 22 20 20 27 26 321 27 64 22 50 72 21 26 72 20 276 22 27 21 25 198 20 23 114 22 139
internal_value=2.78188e-09 -0.0144515 -0.867253 0.00351481 0.0160045 0.00661671 0.0420295 0.185456 2.35281 0.0445941 1.14405 -0.0511332 -0.056485 -0.0668326 -0.0509377 -0.272869 -0.187783 -0.100312 -0.0653198 -0.093007 -0.0477904 -0.0290752 -0.0416735 -0.0730733 0.0675167 0.422256 -0.0725902 0.265928 -0.131859 0.0316326 0.329799 -0.024357 -0.626452 -0.0359552 0.00330617 0.364531 -0.0227554 0.0187028 -0.0350761
internal_weight=2216 2181 45 2136 2084 2063 1831 721 44 677 57 1110 620 1090 1068 232 187 160 1048 586 994 930 908 563 166 47 119 47 397 121 49 858 45 837 639 43 596 482 460
internal_count=2216 2181 45 2136 2084 2063 1831 721 44 677 57 1110 620 1090 1068 232 187 160 1048 586 994 930 908 563 166 47 119 47 397 121 49 858 45 837 639 43 596 482 460
is_linear=0
shrinkage=0.05


Tree=45
num_leaves=40
num_cat=0
split_feature=29 22 19 5 3 3 16 29 7 8 30 30 20 28 28 6 5 21 20 4 10 5 29 29 29 29 20 23 20 5 29 11 11 29 6 29 29 3 0
split_gain=11730.7 8597.49 11389.7 5315.13 4674.81 19572.5 5193.44 45696.4 4789.75 20148.1 3489.54 5986.96 3415.47 2582.3 12261 2383.02 2090.69 2964.29 2315.83 1986.66 2730.81 2932.56 3699.57 2115.45 2219 5373.75 12602 1952.86 2425.49 1832.86 1802.86 1791.25 1584.4 1557.27 1890.27 2710.57 3218.38 2745.4 5412.81
threshold=3.2934920787811284 -1.6923955082893369 -1.5992504954338072 3.5429087877273564 1.8135544657707217 1.6654188036918642 1.840181350708008 -0.45463125407695765 0.73658686876297008 0.79218402504920971 1.2409112453460696 0.95535138249397289 1.9394960999488833 -1.3013150095939634 -1.2250468134880064 2.872025847434998 -0.54020306468009938 0.11792098730802537 0.6703871786594392 -0.97939488291740406 0.41865077614784246 -0.54020306468009938 0.23727176338434222 -0.85986977815628041 -0.52172148227691639 -0.41597388684749598 -0.10507600754499434 0.90845298767089855 -0.02666364703327417 -0.39172627031803126 0.48048157989978796 1.0874515175819399 0.67084914445877086 -0.33019988238811487 -0.23815640062093732 0.45624069869518286 0.34614671766757971 -0.60071250796318043 -0.72390931844711293
decision_type=2 2 2 2 2 2 2 2 2 2 2 2 2 2 2 2 2 2 2 2 2 2 2 2 2 2 2 2 2 2 2 2 2 2 2 2 2 2 2
left_child=1 -1 -3 4 5 6 8 -8 9 10 11 13 -9 -4 -15 19 -10 -18 31 20 21 22 -16 -21 -25 26 -26 28 -6 -14 -23 -19 33 -27 35 36 37 38 -35
right_child=-2 2 3 -5 27 -7 7 12 16 -11 -12 -13 29 14 15 -17 17 18 -20 23 -22 30 -24 24 25 32 -28 -29 -30 -31 -32 -33 -34 34 -36 -37 -38 -39 -40
leaf_value=-0.7120719399216564 1.09941632548968 1.1337996623732829 -0.32493251512830074 0.80152386665344244 -0.38828258631197188 1.1942144653376412 2.4585552775859831 0.26347001478785564 -0.078806701124024894 1.5399723211924234 0.57834872404734294 -0.84808022434061225 -0.21682733297348022 0.99731039332846805 -0.18196147271010976 0.47985500693321231 0.19558906467123466 -0.40291392576126822 -0.28872863242362179 0.49663017846289137 0.39086653894998813 -0.2420724469045662 0.44948499706738138 -0.26830293490950552 -0.12304151977101963 -0.24171897050279836 1.3560977153169613 -0.62325238547017503 0.017927657067775726 -0.85045526595342735 -0.6736855284921055 -1.048510573127053 -0.3502945478473391 0.074088403438947292 -0.084646183680929868 -0.16603936063854591 0.69716993334392718 -0.0033295167240802413 0.81548269178186139
leaf_weight=43 24 22 65 20 74 34 20 21 144 21 24 22 25 30 73 23 22 21 92 21 22 146 34 77 36 65 24 31 73 21 29 22 35 83 299 92 24 227 35
leaf_count=43 24 22 65 20 74 34 20 21 144 21 24 22 25 30 73 23 22 21 92 21 22 146 34 77 36 65 24 31 73 21 29 22 35 83 299 92 24 227 35
internal_value=8.7114e-10 -0.0120374 0.0019698 -0.00973695 -0.0174376 0.00518613 -0.0161474 0.361192 -0.0343047 0.00206615 -0.0196674 -0.0294843 -0.264886 -0.016978 -0.00242016 -0.024719 -0.216401 -0.342602 -0.430307 -0.0334975 -0.145661 -0.187518 0.0186851 -2.55829e-06 -0.0104632 0.0111168 0.468614 -0.262612 -0.186559 -0.506092 -0.313597 -0.733219 -0.0208016 -0.0068231 0.0132667 0.076772 0.13731 0.0983636 0.293993
internal_weight=2216 2192 2149 2127 2107 1929 1895 87 1808 1507 1486 1462 67 1440 1375 1345 301 157 135 1322 304 282 107 1018 997 920 60 178 147 46 175 43 860 825 760 461 369 345 118
internal_count=2216 2192 2149 2127 2107 1929 1895 87 1808 1507 1486 1462 67 1440 1375 1345 301 157 135 1322 304 282 107 1018 997 920 60 178 147 46 175 43 860 825 760 461 369 345 118
is_linear=0
shrinkage=0.05


Tree=46
num_leaves=40
num_cat=0
split_feature=12 25 28 28 12 30 30 5 29 28 29 27 15 24 4 29 16 10 18 33 9 29 5 0 29 29 5 4 27 27 3 5 7 19 0 24 12 8 11
split_gain=11552.9 42558.8 7612.89 14115.6 9455.77 6727.28 6589.54 4167.47 4905.53 38684.6 7965.97 19550.3 3804.48 4396.54 14190.7 3482.23 3153.65 2690.57 2240.54 2047.75 1778.34 2622.34 1696.43 1694.93 1613.92 4333.04 1450.51 1346.38 1331.06 1426.95 3122.92 1797.64 1435.87 3977.75 10904.3 1930.32 3468.44 2050.75 4874.6
threshold=-1.3754690289497373 -1.6300981044769285 -1.2388885617256162 -1.197591185569763 -1.2313437461853025 -2.4608415365219112 1.0098809599876406 3.3049092292785649 -0.44785918295383448 1.4740961194038393 -0.52172148227691639 -0.099173549562692628 1.8295560479164126 1.5304850935935976 0.65578106045722973 0.86485663056373607 0.19454724341630938 0.91592547297477733 1.5112497210502627 -0.047462873160839074 -1.105413496494293 1.1304740905761721 -0.35242359340190882 2.7512800693511967 0.46461574733257299 0.42881171405315405 -0.19084589928388593 -1.027343690395355 0.98880475759506237 -0.46036596596240992 1.3119601607322695 0.017676653340458873 -0.3312095701694488 -0.29271806776523585 0.0089050726965069788 0.084055770188570036 0.14132197201251986 0.30425074696540838 0.34234187006950384
decision_type=2 2 2 2 2 2 2 2 2 2 2 2 2 2 2 2 2 2 2 2 2 2 2 2 2 2 2 2 2 2 2 2 2 2 2 2 2 2 2
left_child=5 -2 15 -4 -5 -1 7 8 9 10 19 16 13 17 -15 -3 -12 18 20 -6 -10 23 -14 24 25 28 -19 -26 29 30 31 -22 33 -31 -35 -34 -37 -38 -39
right_child=1 2 3 4 6 -7 -8 -9 12 -11 11 -13 22 14 -16 -17 -18 26 -20 -21 21 -23 -24 -25 27 -27 -28 -29 -30 32 -32 -33 35 34 -36 36 37 38 -40
leaf_value=-1.3538552110845394 2.1600129562875501 -0.26757885383295954 1.2262672988077006 0.7981304351139713 -0.19442883275449277 -0.30138578057593235 0.63458444552543847 0.69596856415271757 -0.35796619845811839 2.2783333629369737 0.3399995734510215 1.6279974468052387 -0.24887582058919239 -0.18121352104040295 1.4569242770224811 -0.98912383198738107 -0.44399892358944337 -0.16938197641465508 0.46461351953801655 0.33619828388094902 -0.12199753001842598 0.49637255235151811 -0.76554460426171622 -0.47043170233567555 -0.4870417253625009 0.67128764370625671 -0.56618714042612028 -0.12263151378833133 -0.18238079638989724 0.0079728992552393022 0.40571587694964067 -0.51218201437511968 -0.16211984215981581 -0.057530746315464835 1.4220396998524667 0.57729398762541162 -0.22403771145535367 0.78145211176438778 -0.015868435210029549
leaf_weight=22 23 102 24 37 200 49 39 20 47 20 23 24 47 39 20 20 29 61 21 20 146 22 24 24 31 22 37 139 138 180 24 37 176 33 20 28 77 22 149
leaf_count=22 23 102 24 37 200 49 39 20 47 20 23 24 47 39 20 20 29 61 21 20 146 22 24 24 31 22 37 139 138 180 24 37 176 33 20 28 77 22 149
internal_value=-8.69185e-10 0.0207705 -0.00241639 0.020974 0.00633478 -0.627503 -0.00877427 -0.0219801 -0.0296178 0.150066 0.00626405 0.447578 -0.0659222 -0.0489163 0.374087 -0.385865 -0.0972304 -0.0663202 -0.047771 -0.14619 -0.0559535 -0.044759 -0.423524 -0.0543135 -0.046141 -0.023042 -0.319196 -0.189083 -0.0378724 -0.0155157 -0.130556 -0.200887 0.0192484 0.120075 0.500798 -0.0327261 0.0497858 -0.00977159 0.0867108
internal_weight=2216 2145 2122 2000 1976 71 1939 1900 1880 316 296 76 1564 1493 59 122 52 1434 1336 220 1315 1268 71 1246 1222 1052 98 170 1030 892 207 183 685 233 53 452 276 248 171
internal_count=2216 2145 2122 2000 1976 71 1939 1900 1880 316 296 76 1564 1493 59 122 52 1434 1336 220 1315 1268 71 1246 1222 1052 98 170 1030 892 207 183 685 233 53 452 276 248 171
is_linear=0
shrinkage=0.05


Tree=47
num_leaves=40
num_cat=0
split_feature=30 7 9 30 27 6 3 6 4 17 16 7 7 26 5 15 18 12 5 5 7 7 3 20 20 18 29 15 16 0 24 24 25 24 4 3 9 23 30
split_gain=12210.6 6122.54 16452 8826.21 7319.69 4916.37 6086.84 4796.75 4084.39 3920.61 14226.2 44000.9 2626 11352.1 2450.12 2368.1 13214.3 2055.83 1689.59 17038.7 4659.41 1791.54 5395.6 3100.13 7476.09 2837.34 2736.93 3814.67 4844.23 2441.02 1950.39 1765.38 3429.83 2023.92 1685.4 1344.97 1251.9 1191.46 1201.04
threshold=-2.4608415365219112 -1.0144957304000852 -1.0193323493003843 1.0098809599876406 -1.8494415283203123 3.2509608268737797 2.6286451816558842 2.5266120433807377 0.70803293585777294 2.2854528427124028 1.840181350708008 1.6315463185310366 1.2180948853492739 1.4886433482170107 -0.068570896983146654 -1.1056836247444151 -1.0717446804046629 1.1007702946662905 0.82119813561439525 1.1148765087127688 0.76633998751640331 -0.35899424552917475 1.5014359951019289 0.042302111163735397 0.28144229948520666 -0.068276233971118913 0.063669886440038695 -0.57336550951004017 -0.45233635604381556 -1.1218864321708677 -0.014342243783175944 0.18497563898563388 0.60072919726371776 0.036010738462209708 -0.89702138304710377 -0.60071250796318043 -0.71817675232887257 -1.0090146660804746 -0.063162293285131441
decision_type=2 2 2 2 2 2 2 2 2 2 2 2 2 2 2 2 2 2 2 2 2 2 2 2 2 2 2 2 2 2 2 2 2 2 2 2 2 2 2
left_child=-1 4 -3 5 -2 6 7 9 37 10 12 -12 13 15 -14 36 -17 18 21 -20 -21 22 23 25 -25 26 27 34 -29 -28 35 32 33 -32 -18 -23 -4 38 -6
right_child=1 2 3 -5 8 -7 -8 -9 -10 -11 11 -13 14 -15 -16 16 17 -19 19 20 -22 30 -24 24 -26 -27 29 28 -30 -31 31 -33 -34 -35 -36 -37 -38 -39 -40
leaf_value=1.0771837344536415 -0.97420013914505654 1.3775827203284612 -0.17249215900204903 0.81299458742141728 -0.060690694252091851 -0.5341701882806692 0.84702307894116358 0.76088017582893375 0.35347936553614479 -0.52710931075585854 -0.36740471062948932 2.5780618474597023 -0.088098830882121226 1.1696572521328927 -0.53523553204029173 1.1008808936064061 0.18202725326692737 -0.39449042066549644 1.2999974524745577 -0.20041711248923094 0.60313527016412649 -0.079593289583921437 0.84035523921251309 1.1127704513072967 -0.14381304701854444 -0.61947291826918016 0.36042763620615004 1.0368995302780109 0.099993388830507943 -0.22857626888339652 0.43311943858861923 -0.087528136403317441 0.63495178104449934 -0.098572680909031388 -0.26503843327566073 -0.303757050447166 -0.64347056178819573 -0.58853442952746438 -0.32118495640090927
leaf_weight=26 30 22 43 33 89 44 21 20 35 37 32 21 88 20 47 26 37 39 26 128 21 125 20 20 29 21 20 22 37 146 22 424 26 96 49 144 21 21 88
leaf_count=26 30 22 43 33 89 44 21 20 35 37 32 21 88 20 47 26 37 39 26 128 21 125 20 20 29 21 20 22 37 146 22 424 26 96 49 144 21 21 88
internal_value=3.11632e-10 -0.0127885 0.0180967 0.00239664 -0.239084 -0.0118927 0.000678484 -0.00915729 -0.144434 -0.0177755 -0.00700673 0.799667 -0.0322004 -0.0139151 -0.243769 -0.0292662 -0.0163724 -0.0363783 -0.0264941 0.118928 -0.0871648 -0.0470506 0.0398481 -0.00217326 0.369078 -0.0569664 -0.0189836 0.139722 0.449348 -0.157612 -0.088683 -0.0361576 0.1151 0.000556358 -0.0726962 -0.199592 -0.327032 -0.232449 -0.190202
internal_weight=2216 2190 1927 1905 263 1872 1828 1807 233 1787 1750 53 1697 1562 135 1542 1478 1452 1413 175 149 1238 401 381 49 332 311 145 59 166 837 568 144 118 86 269 64 198 177
internal_count=2216 2190 1927 1905 263 1872 1828 1807 233 1787 1750 53 1697 1562 135 1542 1478 1452 1413 175 149 1238 401 381 49 332 311 145 59 166 837 568 144 118 86 269 64 198 177
is_linear=0
shrinkage=0.05


Tree=48
num_leaves=40
num_cat=0
split_feature=28 12 18 31 0 4 29 7 11 9 0 14 0 14 30 30 29 33 33 9 7 30 31 31 27 29 29 33 16 17 13 26 30 7 29 33 3 7 27
split_gain=11516.9 35105.5 18520.8 5157.28 34027.1 99022.8 8822.2 8322.4 6639.41 35709.8 7046.87 4316.12 4296.91 16670.9 6725.35 4249.6 3875.09 4148.61 2717.53 2538.28 3648.27 5541.11 2111.92 2018.12 1937.3 1948.61 8538.29 3164.79 5494.14 13782.4 3147.43 6112.31 1729.85 1548.24 1904.96 4007.39 1532.9 2311.66 1525.71
threshold=-1.5452485680580137 -0.7838660180568694 -1.5910865664482114 -0.74593421816825856 -0.66076958179473866 -0.81157422065734852 1.6874600648880007 2.1604351997375493 1.2957069873809817 1.1875331997871401 2.9056415557861333 -1.4293871521949766 -0.57419842481613148 -0.095148753374814973 1.0098809599876406 0.9120679795742036 1.0929369330406191 -0.047405436635017388 -0.047481616958975785 0.54812896251678478 0.34387624263763433 -0.053987251594662659 -0.87925982475280751 -0.90836864709854115 -0.59109649062156666 0.24387346208095553 0.20255824923515323 -0.047459915280342095 -0.50446477532386769 -0.62855255603790272 -0.32651410996913904 -0.25226458907127375 0.3456332534551621 -1.1554817557334898 0.37714722752571112 -0.047488832846283906 0.092424657195806517 0.51999107003211986 -2.3019390106201167
decision_type=2 2 2 2 2 2 2 2 2 2 2 2 2 2 2 2 2 2 2 2 2 2 2 2 2 2 2 2 2 2 2 2 2 2 2 2 2 2 2
left_child=1 -1 11 15 5 -5 7 8 9 10 12 38 13 -6 16 22 17 19 32 20 24 -22 23 33 -14 26 27 28 29 -26 -30 -32 -10 -4 -35 -36 -23 -38 -2
right_child=2 -3 3 4 6 -7 -8 -9 18 -11 -12 -13 14 -15 -16 -17 -18 -19 -20 -21 21 36 -24 -25 25 -27 -28 -29 30 -31 31 -33 -34 34 35 -37 37 -39 -40
leaf_value=2.3531020916625858 -0.90004699230194096 -0.45736795341968534 -0.47814011858268224 3.7502283925811448 -0.32728185012936595 -0.040970206639317219 -0.95062711636225383 0.88552164325007687 -0.47246469004500302 1.9809166581734368 0.92420423567295085 -1.4633776545524597 -0.24851696290341871 1.2038431479595602 -0.93143279268628076 -0.81590342777115965 0.60014356710016736 0.6228256017455589 -0.78335652947425849 -0.21451755709219272 0.925822555522124 -0.16472880364133 -0.28787880220365797 0.38409235867170188 -0.025438678126002468 -0.14577466835949704 0.97292499179425451 -0.26274520954489711 -0.29622915920363851 1.5633063006401064 0.70340239889919765 -0.050217493239944504 0.064777353303185833 -0.09015666903303482 0.69287350508570678 -0.17095706791713322 -0.10429912246763706 0.65590799756348139 -0.30874183066189292
leaf_weight=20 20 25 22 24 40 61 24 27 31 23 20 20 112 32 21 21 24 23 32 205 24 39 110 26 43 224 23 100 83 20 32 169 29 349 25 29 20 20 24
leaf_count=20 20 25 22 24 40 61 24 27 31 23 20 20 112 32 21 21 24 23 32 205 24 39 110 26 43 224 23 100 83 20 32 169 29 349 25 29 20 20 24
internal_value=-4.04554e-10 0.79173 -0.0164108 0.00904151 0.0573668 1.02949 -1.52288e-05 0.0160968 -0.000803429 0.028311 -0.00694017 -0.854348 -0.021791 0.353218 -0.0446342 -0.117584 -0.0285939 -0.0418654 -0.411253 -0.0555888 -0.0197468 0.260461 -0.0914438 -0.0435328 -0.055555 -0.0244141 0.0334258 -0.0149153 0.0565054 0.478925 -0.0372004 0.0697618 -0.212798 -0.0696934 -0.047396 0.228964 0.058326 0.275804 -0.577517
internal_weight=2216 45 2171 2107 1525 85 1440 1416 1389 1297 1274 64 1254 72 1182 582 1161 1137 92 1114 909 103 561 451 806 694 470 447 347 63 284 201 60 425 403 54 79 40 44
internal_count=2216 45 2171 2107 1525 85 1440 1416 1389 1297 1274 64 1254 72 1182 582 1161 1137 92 1114 909 103 561 451 806 694 470 447 347 63 284 201 60 425 403 54 79 40 44
is_linear=0
shrinkage=0.05


Tree=49
num_leaves=40
num_cat=0
split_feature=30 15 18 27 28 30 8 7 7 0 33 27 29 5 4 9 12 30 30 10 27 27 29 5 3 12 26 12 10 3 29 19 4 27 27 27 5 27 20
split_gain=11710.1 6055.01 11651.1 5487.63 35424.3 13939.3 5530.95 5487.39 22573.5 8775.51 5406.03 5678.09 10095.7 3785.36 3048.03 10672.3 25562.3 3210.6 2492.97 2190.26 2094.44 2418.2 2521.63 4898.93 2073 1934.23 1776.15 9804.65 10736 1937.15 1920.42 1799.16 1476.38 1374.73 1207.02 1654.2 1116.24 1648.95 1100.74
threshold=-2.4608415365219112 -1.584319472312927 -1.5910865664482114 0.25011114776134497 1.6180556416511538 1.0098809599876406 0.96793350577354442 1.1276233196258547 1.0725600123405459 2.4019546508789067 -0.04742735251784324 0.16876037418842318 -0.29497282207012171 0.700014889240265 -1.0322614908218382 -0.4233239740133285 -0.6477123200893401 -0.093415722250938402 1.0098809599876406 0.44268596172332769 -0.46763706207275385 1.0000000180025095e-35 -0.44785918295383448 -0.57513877749443043 -0.58831045031547535 0.99506542086601268 -0.4267969131469726 -0.30952669680118555 -0.42161588370800013 -0.82119348645210255 0.55552455782890331 -0.26520203053951258 0.58816099166870128 -0.043633546680212014 -0.14685618877410886 -0.19062446057796475 -0.54020306468009938 -0.61005219817161549 -0.97247073054313649
decision_type=2 2 2 2 2 2 2 2 2 2 2 2 2 2 2 2 2 2 2 2 2 2 2 2 2 2 2 2 2 2 2 2 2 2 2 2 2 2 2
left_child=-1 -2 -3 4 5 7 18 8 9 10 11 14 -13 32 15 16 17 -4 26 -17 25 22 23 -22 -14 -16 29 28 -28 30 31 -5 36 34 35 -24 -9 -38 -31
right_child=1 2 3 6 -6 -7 -8 13 -10 -11 -12 12 24 -15 20 19 -18 -19 -20 -21 21 -23 33 -25 -26 -27 27 -29 -30 38 -32 -33 -34 -35 -36 -37 37 -39 -40
leaf_value=1.0548723954420824 0.85348144277930271 -0.87691659316038484 0.43986010893627453 -0.25219485167360223 1.9200440816879274 1.1668881874818069 -0.69211194721552038 -0.067625616677105427 1.7041968375444414 1.0216908205123176 0.66325852953154474 1.3539741153642535 0.35423773401058639 -0.73028510107713585 -0.16855267618432063 -0.33979516400955623 2.0553680462141832 -0.29044876098632816 -0.59312893566877944 0.14965310911647975 -0.23557045800345289 -0.20175785319124528 -0.053426838914150156 0.74724969686940312 -0.27127957123297231 -0.66450115612574989 -0.068676317021960309 -0.080937397470869171 1.5301306054705668 -0.49804499762398857 0.38848790689729729 0.18089241232526931 0.14354525488965653 0.33211626195907595 -0.25589338016921076 0.39285386813183631 -0.59595778286457068 -0.079053299425652743 -0.19028424845670749
leaf_weight=26 20 39 27 65 25 26 39 56 20 21 29 20 26 34 308 80 21 34 23 32 21 148 154 32 27 21 21 326 21 35 26 38 34 25 58 24 36 27 171
leaf_count=26 20 39 27 65 25 26 39 56 20 21 29 20 26 34 308 80 21 34 23 32 21 148 154 32 27 21 21 326 21 35 26 38 34 25 58 24 36 27 171
internal_value=2.06582e-09 -0.0125236 -0.0205052 -0.0048318 0.0552131 0.0204474 -0.112049 -0.00221986 0.039367 0.00931593 -0.0102424 -0.0287032 0.396782 -0.253075 -0.0602366 0.117366 0.550777 0.0328027 -0.0808888 -0.199953 -0.103795 -0.035137 0.0433976 0.35783 0.035578 -0.200209 -0.0641299 0.0116982 0.730727 -0.147428 0.0045111 -0.0924151 -0.147029 -0.0204527 -0.0578011 0.00674584 -0.23005 -0.374427 -0.242574
internal_weight=2216 2190 2170 2131 1366 1341 765 1315 1128 1108 1087 1058 73 187 985 194 82 61 726 112 791 462 314 53 53 329 703 368 42 335 129 103 153 261 236 178 119 63 206
internal_count=2216 2190 2170 2131 1366 1341 765 1315 1128 1108 1087 1058 73 187 985 194 82 61 726 112 791 462 314 53 53 329 703 368 42 335 129 103 153 261 236 178 119 63 206
is_linear=0
shrinkage=0.05


Tree=50
num_leaves=40
num_cat=0
split_feature=29 22 19 33 33 27 30 15 15 31 28 9 27 31 29 27 0 3 15 24 4 0 3 28 21 0 0 0 29 25 30 31 22 20 6 0 6 27 33
split_gain=10883.6 7229.84 10428.7 5096.44 9942.09 21487.1 6616.05 4258.36 18583 3233.21 16936.7 4251.58 5189.91 3264.03 6695.13 3594.14 5225.75 2942.9 2107.64 1783.83 1782.16 2332.34 3031.45 2431.87 6730.98 2118.28 3020.55 2672.05 1842.32 1839.29 1770.14 1611.08 1595.54 3964.9 3151.81 2364.34 1554.42 1490.14 1397.97
threshold=3.2934920787811284 -1.6923955082893369 -1.5992504954338072 -0.047459915280342095 -0.047463884577155106 1.0000000180025095e-35 1.0098809599876406 2.1951055526733403 1.8629074692726137 1.4993981122970583 0.19103966653347018 0.53685480356216442 -1.1777949333190916 0.30665515363216406 -0.44785918295383448 0.39193329215049749 0.58968329429626476 0.34597781300544744 -0.38555981218814844 -0.66599541902542103 -0.97939488291740406 -0.32521679997444147 -0.2038466930389404 0.71703562140464794 0.48020079731941229 -0.10843108594417571 -0.93300378322601307 -0.65433043241500843 0.36456617712974554 0.83879441022872936 0.23403161019086841 2.8130685091018681 0.21679680049419406 -0.07049932703375815 -0.41887925565242762 -0.4446993470191955 0.33899080753326422 -0.58386245369911183 -0.047335436567664139
decision_type=2 2 2 2 2 2 2 2 2 2 2 2 2 2 2 2 2 2 2 2 2 2 2 2 2 2 2 2 2 2 2 2 2 2 2 2 2 2 2
left_child=1 38 -3 4 6 -6 7 8 9 11 -11 12 -4 20 -15 18 -17 -13 -16 -7 25 22 23 24 32 26 28 -28 -14 36 -9 -5 33 35 -35 -22 -23 -19 -1
right_child=-2 2 3 31 5 19 -8 30 -10 10 -12 17 13 14 15 16 -18 37 -20 -21 21 29 -24 -25 -26 -27 27 -29 -30 -31 -32 -33 -34 34 -36 -37 -38 -39 -40
leaf_value=-0.93207677045667714 1.0589739163716636 1.0842769106003372 0.58081199511101367 -0.17176167220430327 1.8174949180024367 0.32520560713914726 0.66672776672575207 -0.71825543621490739 1.1895612580236048 1.532969377860427 -0.19885221809769671 -0.1089149542471492 -0.15537337774038318 0.78680436015129096 0.36524075547233226 0.96869682534174495 -0.10919511266376661 -0.68896050691604627 -0.19566115235313053 -0.24514599452758659 -0.083546580266706735 -0.25849833032476804 0.63176271183924237 -0.19406078533923374 0.96051018834114077 0.25138493724938099 -0.73611357387823939 -0.21260992593490161 0.2462830848790504 0.29904380128497171 -0.15567186176776887 -0.60828133147695795 -0.34801477718353274 0.82103573977947242 0.05652870786591218 0.44252768196165565 0.13470112507541973 -0.273072574550419 -0.36173929635967528
leaf_weight=22 24 22 38 261 24 26 36 29 32 20 48 304 125 36 20 22 23 35 103 29 194 155 22 94 21 29 39 65 37 21 27 23 25 28 26 24 30 56 21
leaf_count=22 24 22 38 261 24 26 36 29 32 20 48 304 125 36 20 22 23 35 103 29 194 155 22 94 21 29 39 65 37 21 27 23 25 28 26 24 30 56 21
internal_value=-1.18706e-10 -0.0115946 0.00125027 -0.00995169 0.0204303 0.56919 -0.00414568 -0.0181222 -0.00375755 -0.0270418 0.310507 -0.0416432 0.00599215 -0.0131853 0.168022 0.0354259 0.417774 -0.183584 -0.104458 0.0244748 -0.0527215 -0.00585547 0.059905 0.0293689 0.0954142 -0.154397 -0.198636 -0.408924 -0.063637 -0.144399 -0.44701 -0.207114 0.0342458 0.0693801 0.45294 -0.0256301 -0.194736 -0.433029 -0.65354
internal_weight=2216 2192 2149 2127 1843 79 1764 1728 1672 1640 68 1572 1177 1139 204 168 45 395 123 55 935 640 434 412 318 295 266 104 162 206 56 284 297 272 54 218 185 91 43
internal_count=2216 2192 2149 2127 1843 79 1764 1728 1672 1640 68 1572 1177 1139 204 168 45 395 123 55 935 640 434 412 318 295 266 104 162 206 56 284 297 272 54 218 185 91 43
is_linear=0
shrinkage=0.05


Tree=51
num_leaves=40
num_cat=0
split_feature=27 18 14 11 7 12 15 10 5 5 30 5 27 29 3 29 29 29 30 5 18 5 30 27 17 9 29 29 29 4 30 30 11 4 2 22 28 5 22
split_gain=11068.7 12002.6 5805.33 4786.5 37231.8 10056.4 48463.5 3992.06 7592.06 4501.34 7124.07 7577.13 5777.13 22172.4 3342.12 2431.55 2159.71 7990.8 14953.3 2141.96 1952.91 1923.21 3508.15 1411.71 1935.67 1873.65 2568.07 1238.17 7657.95 1280.25 1188.81 5014.15 4365.45 4706.77 1291.29 2568.32 4363.56 1280.85 1165.29
threshold=-2.1934885978698726 -1.5910865664482114 -1.4148615002632139 1.6160847544670107 1.6315463185310366 1.2761033177375796 0.81930962204933178 1.0361159443855288 3.3049092292785649 1.1148765087127688 -1.3757219314575193 0.82119813561439525 -1.1976896524429319 -0.15099124610424039 -0.42432770133018488 0.7793947458267213 -0.52172148227691639 -0.46025393903255457 0.034097772091627128 -0.13407536596059796 1.5376403331756594 0.56573072075843822 1.158700227737427 -0.90070486068725575 -1.3745294809341428 -1.105413496494293 1.0929369330406191 0.46461574733257299 0.42881171405315405 -1.027343690395355 0.098575331270694747 0.15367031842470172 0.3163351714611054 -0.70891466736793507 1.0000000180025095e-35 -0.23650609701871869 -0.41530318558216089 0.12139206379652025 -0.047170149162411683
decision_type=2 2 2 2 2 2 2 2 2 2 2 2 2 2 2 2 2 2 2 2 2 2 2 2 2 2 2 2 2 2 2 2 2 2 2 2 2 2 2
left_child=-1 2 -2 4 5 7 -7 8 9 10 -3 12 13 -12 -9 -11 -14 18 -18 20 -5 22 23 -19 -25 -26 27 28 30 -29 37 32 33 -32 35 36 -33 -27 -37
right_child=1 3 -4 19 -6 6 -8 14 -10 15 11 -13 16 -15 -16 -17 17 21 -20 -21 -22 -23 -24 24 25 26 -28 29 -30 -31 31 34 -34 -35 -36 38 -38 -39 -40
leaf_value=0.88211760606084555 -0.29073997857895767 0.90142699655526415 -1.4677541014552116 0.11117289549595602 1.9380861225128176 2.6340582895278932 -0.42085508156467127 -0.0025589508935809136 0.96034572482109071 -0.18524469704921709 -0.22944510762508097 0.70295801907777788 -0.20538041378109148 1.81820124655962 -0.68438769122812815 -0.75498921729269486 1.6542496735602619 -0.29043645747695812 -0.19691159799695016 -0.60326189294457444 -0.38430144585842313 -0.36934586361397148 0.59655230478806931 0.4062624588608742 -0.30816414860214614 -0.12437299073208125 0.48804694761832557 -0.45467180984635508 0.88753068887669118 -0.093603521863282746 0.046921139210462572 -0.058012593204670761 -0.14485954017593311 1.0247052742168308 -0.21032870867468342 -0.37062201999848887 0.7061894257222453 0.19581264800885145 -0.042119113687213078
leaf_weight=35 22 22 20 37 25 20 37 32 20 173 39 37 174 20 41 21 20 54 24 40 43 43 22 25 61 384 24 31 23 118 20 47 26 32 99 31 31 34 209
leaf_count=35 22 22 20 37 25 20 37 32 20 173 39 37 174 20 41 21 20 54 24 40 43 43 22 25 61 384 24 31 23 118 20 47 26 32 99 31 31 34 209
internal_value=2.64059e-09 -0.0141559 -0.851223 0.00228015 0.0205148 -0.00352701 0.651044 -0.022789 -0.00858402 -0.019093 0.00769369 -0.00438379 -0.0208336 0.464672 -0.385504 -0.246918 -0.0395313 -0.0182811 0.644525 -0.304517 -0.155145 -0.0404755 -0.0293493 -0.040374 -0.0290741 -0.0383762 -0.0235366 -0.0348527 -0.0135419 -0.168725 -0.0362414 0.0161883 0.384136 0.648634 -0.0526365 -0.0035437 0.245709 -0.0983292 -0.0845507
internal_weight=2216 2181 42 2139 2019 1994 57 1937 1864 1844 1650 1628 1591 59 73 194 1532 1358 44 120 80 1314 1271 1249 1195 1170 1109 1085 936 149 913 495 78 52 417 318 78 418 240
internal_count=2216 2181 42 2139 2019 1994 57 1937 1864 1844 1650 1628 1591 59 73 194 1532 1358 44 120 80 1314 1271 1249 1195 1170 1109 1085 936 149 913 495 78 52 417 318 78 418 240
is_linear=0
shrinkage=0.05


Tree=52
num_leaves=40
num_cat=0
split_feature=11 25 15 12 30 27 27 30 7 7 0 27 27 16 8 29 30 12 3 13 22 29 23 20 10 33 30 4 2 16 29 33 29 28 23 5 5 30 23
split_gain=10802.4 39249.5 7924.08 26762.2 6989.66 5305.37 36672.5 19540.1 6095.63 19711.2 8913.34 6417.4 6782.96 13746 4621.04 4267.92 3802.33 3442.56 2401.4 2054.82 14581.7 1789.1 2358.66 2951.29 12045.8 2834.87 3533.8 1600.18 1558.6 3506.77 1517.35 1505.4 1533.28 4943.59 1296.43 1272.44 1176.45 1541.38 1011.79
threshold=-1.3570068478584287 -1.6300981044769285 -1.3155183792114256 -1.2229315042495725 -2.4608415365219112 0.25011114776134497 0.21318208426237109 0.95535138249397289 1.1276233196258547 1.0725600123405459 2.4019546508789067 -1.1976896524429319 0.16876037418842318 0.2641922682523728 0.96793350577354442 1.3590816259384157 1.0098809599876406 0.99506542086601268 0.95643454790115368 -0.58716601133346547 -0.73735532164573658 -0.21396912634372708 -0.96705266833305348 0.13133033365011218 -0.39035665988922114 -0.047472553327679627 0.08492045104503633 -0.15443019568920133 1.0000000180025095e-35 0.92965042591094982 -0.60456100106239308 -0.047465398907661431 -0.44785918295383448 -0.14348310977220533 -0.58958473801612843 -0.19084589928388593 -0.54020306468009938 0.40671519935131079 -0.20231812447309491
decision_type=2 2 2 2 2 2 2 2 2 2 2 2 2 2 2 2 2 2 2 2 2 2 2 2 2 2 2 2 2 2 2 2 2 2 2 2 2 2 2
left_child=4 -2 15 -4 -1 6 7 8 9 10 11 -5 17 -14 16 -3 21 19 36 20 -13 -7 -23 24 25 34 -27 -6 38 -30 -21 32 33 -32 -24 -19 -10 -38 -25
right_child=1 2 3 5 27 14 -8 -9 18 -11 -12 12 13 -15 -16 -17 -18 35 -20 30 -22 22 23 28 -26 26 -28 -29 29 -31 31 -33 -34 -35 -36 -37 37 -39 -40
leaf_value=-1.3621145031668924 2.0297311124702295 -0.25954981137651439 1.8401234376430513 0.70787614285945899 0.032297230782833967 -0.18267497081118517 1.7090545187393826 1.4324741880098979 -0.053469637535851114 1.5963561617583037 1.0295802667027427 -0.0590384029452444 -0.20143499821424485 1.5421174192428591 -0.63468457926542332 -1.0422955240522114 -0.7546745008230209 -0.25596240664521858 -0.63488689047949665 -0.33107759409717152 1.3465745406491418 -0.27559230471139445 -0.056583586578135905 -0.36673013406830868 1.1715879906106879 -0.061270664930343638 0.66364358774033094 -0.58565235108137137 -0.16720391506778784 0.69340841650962837 -0.17310965208070619 -0.44683124509950478 -0.070076403859098566 0.77053250294664632 -0.51633828774742463 -0.7634242352985201 -0.44510812580585485 0.061741576790809632 -0.076259126561351975
leaf_weight=22 24 102 20 30 22 195 33 24 88 20 21 152 26 20 39 21 20 30 35 56 21 68 46 37 27 40 29 20 29 20 35 24 515 23 23 21 60 20 158
leaf_count=22 24 102 20 30 22 195 33 24 88 20 21 152 26 20 39 21 20 30 35 56 21 68 46 37 27 40 29 20 29 20 35 24 515 23 23 21 60 20 158
internal_value=8.7425e-10 0.0190377 -0.00363934 0.0202582 -0.640141 0.00192207 0.0643325 0.0198806 -0.00844209 0.0425481 0.0106424 -0.0118106 -0.0352023 0.556631 -0.10514 -0.393189 -0.0752962 -0.0662449 -0.258118 -0.0416295 0.111585 -0.0550767 -0.00291382 0.0424215 0.205752 0.0167841 0.243403 -0.261964 -0.0680275 0.184066 -0.0822209 -0.0588775 -0.0426282 0.201093 -0.209835 -0.464917 -0.179625 -0.318396 -0.131374
internal_weight=2216 2152 2128 2005 64 1985 1254 1221 1197 994 974 953 923 46 731 123 692 877 203 826 173 672 477 409 165 138 69 42 244 49 653 597 573 58 69 51 168 80 195
internal_count=2216 2152 2128 2005 64 1985 1254 1221 1197 994 974 953 923 46 731 123 692 877 203 826 173 672 477 409 165 138 69 42 244 49 653 597 573 58 69 51 168 80 195
is_linear=0
shrinkage=0.05


Tree=53
num_leaves=40
num_cat=0
split_feature=30 29 30 22 6 5 16 29 27 22 8 5 28 4 24 14 12 4 0 4 30 3 29 2 7 3 10 15 5 0 29 12 4 28 2 6 3 6 6
split_gain=11301.9 5785.17 15398.4 8506.78 4408.31 7508.42 5328.58 29642.1 4283.16 4156.21 4240.69 4108.14 3791.97 20483.8 3643.68 10514.6 3732.15 3077.19 2213.64 5814.13 8274.5 2194.3 2147.43 2294.18 5821.31 2085.71 2054.96 1986.17 1851.12 5731.38 2582.25 4619.39 1832.22 1790.06 1580.94 4174.75 2502.84 1915.75 2302.68
threshold=-2.4608415365219112 0.79209810495376598 1.0098809599876406 -1.6769025325775144 -0.23815640062093732 3.0898362398147587 1.840181350708008 -0.3661032766103744 -0.051677344366908066 -0.23650609701871869 -1.139296233654022 2.2415534257888798 -1.2250468134880064 -0.93882286548614491 1.5304850935935976 1.8016489744186404 0.99506542086601268 -1.0347204208374021 0.86638915538787853 0.40312792360782629 0.10730672627687456 -0.7736523151397704 0.40936382114887243 1.0000000180025095e-35 -0.4242528080940246 -0.25758893787860865 0.46653482317924505 -1.4808486104011533 0.82119813561439525 0.44694815576076513 0.42881171405315405 -0.29847192764282221 -1.0322614908218382 0.27049931883811956 1.0000000180025095e-35 2.872025847434998 0.080022599548101439 -0.13030565530061719 -0.1827735900878906
decision_type=2 2 2 2 2 2 2 2 2 2 2 2 2 2 2 2 2 2 2 2 2 2 2 2 2 2 2 2 2 2 2 2 2 2 2 2 2 2 2
left_child=-1 2 3 -2 5 6 12 -8 21 10 -10 27 13 -5 16 -16 17 22 19 28 -21 -3 23 24 -14 -9 -26 -6 30 -30 32 -32 -19 -11 -29 36 37 38 -36
right_child=1 8 -4 4 11 -7 7 25 9 33 -12 -13 14 -15 15 -17 -18 18 -20 20 -22 -23 -24 -25 26 -27 -28 34 29 -31 31 -33 -34 -35 35 -37 -38 -39 -40
leaf_value=1.0363247394561768 0.93087660508851211 -0.18664973092079162 1.1760140998022897 1.6668275848776102 -0.52085681822564867 0.97316485643386841 2.0650377500057222 0.14321591362357142 -0.25060669396604812 -0.79926678985357291 0.59828885063048343 -0.81298716181800479 0.69120972500397615 -0.38558640729996468 1.2427014159570848 -0.26154390332790522 -0.34770566862593921 0.42756362784476515 -0.13640861321841519 1.2589731118641794 -0.068177965931270443 -0.75848379019720891 -0.54439130190647012 -0.31354382706648976 -0.29516916510249891 -0.53594806217230284 0.21165462402360782 -0.13841685092187195 0.70249694883823399 -0.26119197402839311 0.91018054613045285 -0.078580818242496922 -0.04945502974439811 -0.13030191332101823 -0.17957046677172184 0.70248488613537385 0.42498396076262002 -0.25637535670019213 0.54022363275289542
leaf_weight=26 24 25 28 20 27 21 20 20 28 20 31 21 26 31 21 26 90 21 155 24 23 51 33 83 70 26 28 396 36 27 21 27 486 20 25 21 24 94 20
leaf_count=26 24 25 28 20 27 21 20 20 28 20 31 21 26 31 21 26 90 21 155 24 23 51 33 83 70 26 28 396 36 27 21 27 486 20 25 21 24 94 20
internal_value=8.28986e-10 -0.0123034 0.0116456 -0.00476221 -0.0162015 0.0351893 0.0201988 0.458037 -0.288059 -0.0713273 0.195423 -0.125448 -0.00295611 0.419282 -0.0209462 0.410566 -0.0385819 -0.0123355 0.033753 0.0734147 0.609516 -0.57038 -0.169805 -0.110088 0.0260963 -0.240659 -0.150362 -0.101661 0.0326432 0.289487 0.00348793 0.354002 -0.0296969 -0.464784 -0.0821472 0.038955 -0.0465304 -0.127943 0.140338
internal_weight=2216 2190 2015 1987 1963 1335 1314 66 175 99 59 628 1248 51 1197 47 1150 1060 820 665 47 76 240 207 124 46 98 607 618 63 555 48 507 40 580 184 163 139 45
internal_count=2216 2190 2015 1987 1963 1335 1314 66 175 99 59 628 1248 51 1197 47 1150 1060 820 665 47 76 240 207 124 46 98 607 618 63 555 48 507 40 580 184 163 139 45
is_linear=0
shrinkage=0.05


Tree=54
num_leaves=40
num_cat=0
split_feature=29 21 19 6 4 23 23 4 27 15 14 21 22 30 15 12 5 29 29 30 30 33 29 33 0 20 33 6 29 3 33 0 0 31 4 0 28 8 3
split_gain=11033.3 7811.19 9249.37 4816.73 7196.06 5941 59845.1 49933.8 4366.83 3929.11 3357.93 7898.02 33765.5 7606.98 6902.83 3499.86 3125.21 2437.11 3751.27 2288.03 9205.13 1941.44 1933.55 1852.66 6119.45 13704.7 1777.91 1771.19 2597.74 1657.23 1625.21 1402.82 7759.34 1569.33 1394.34 1201.63 1181.94 1179.98 1028.19
threshold=3.2934920787811284 -1.6710991859436033 -1.5992504954338072 -0.098241925239562974 2.0844084024429326 1.0580972433090212 1.1383608579635622 0.58816099166870128 -1.1976896524429319 1.8295560479164126 -0.9569198191165923 -0.55546247959136952 -0.5666460096836089 0.95535138249397289 -0.57336550951004017 -0.90136480331420887 -0.41356109082698816 0.45624069869518286 0.37714722752571112 -0.15280977636575696 -0.21799339354038236 -0.047483224421739571 0.25425025820732122 -0.047475527971982949 0.86638915538787853 -0.10507600754499434 -0.047480765730142586 0.7703937590122224 -0.23061903566122052 0.023524343967437748 -0.047335436567664139 -0.73285263776779164 -0.62732163071632374 -0.8221202790737151 -1.0322614908218382 -0.086251690983772264 -1.197591185569763 -0.41646523773670191 -0.75367119908332814
decision_type=2 2 2 2 2 2 2 2 2 2 2 2 2 2 2 2 2 2 2 2 2 2 2 2 2 2 2 2 2 2 2 2 2 2 2 2 2 2 2
left_child=1 30 -3 4 5 8 -7 21 -4 10 29 12 14 17 15 -12 19 18 23 20 27 -8 -18 26 25 37 31 28 -5 36 -1 33 -33 38 -17 -34 -10 -25 -13
right_child=-2 2 3 16 -6 6 7 -9 9 -11 11 13 -14 -15 -16 34 22 -19 -20 -21 -22 -23 -24 24 -26 -27 -28 -29 -30 -31 -32 32 35 -35 -36 -37 -38 -39 -40
leaf_value=-0.97925323654304863 1.066232935587565 1.0216302855448289 0.55200385649998984 -0.30251964196562769 0.97378075748682036 2.7352719128131868 -0.30150993954557093 1.9201822749205999 0.19140015897842555 -0.70868049150421508 0.5046510341739201 -0.12468780745855637 2.0954143517691159 -0.947898837276127 0.70765649318695079 0.079454800593001515 -0.29214418980540063 -0.24865317848595705 0.66157084504763297 -0.16697402004393991 1.0692874470353126 -0.80830300965092405 -0.87553384304046633 0.17987752936780455 -0.10324796064425323 1.2781295130329748 -0.21278843622602209 -0.35945426610911768 0.4937034446568716 -0.4221856523453007 -0.36430507444200066 0.76420899922294283 -0.11064944856318747 -0.42399251636478213 -0.26541127275829157 0.21512478977441787 -0.18410943156039272 -0.34524840427481612 0.097988536558401451
leaf_weight=22 24 22 33 20 20 22 134 28 26 21 23 144 23 23 35 42 49 110 21 297 20 22 20 20 118 31 142 41 21 63 21 35 148 31 97 35 108 23 81
leaf_count=22 24 22 33 20 20 22 134 28 26 21 23 144 23 23 35 42 49 110 21 297 20 22 20 20 118 31 142 41 21 63 21 35 148 31 97 35 108 23 81
internal_value=-8.87877e-10 -0.0116741 0.00167724 -0.00887235 0.031091 0.0195878 0.270661 -0.0240212 -0.016505 -0.0299056 -0.0195689 0.0122839 0.282553 -0.049524 0.0708993 -0.0666717 -0.150537 -0.0275191 0.00182322 -0.0968065 0.107505 -0.372981 -0.461243 -0.0153237 0.12029 0.476741 -0.0575928 -0.127076 0.105302 -0.210686 -0.67893 -0.0110995 0.0821127 -0.0904756 -0.161207 -0.0483429 -0.111249 -0.101004 -0.0445243
internal_weight=2216 2192 2149 2127 1659 1639 206 184 1433 1400 1379 1182 220 962 197 162 468 939 829 399 102 156 69 808 192 74 616 82 41 197 43 474 218 256 139 183 134 43 225
internal_count=2216 2192 2149 2127 1659 1639 206 184 1433 1400 1379 1182 220 962 197 162 468 939 829 399 102 156 69 808 192 74 616 82 41 197 43 474 218 256 139 183 134 43 225
is_linear=0
shrinkage=0.05


Tree=55
num_leaves=40
num_cat=0
split_feature=12 25 28 28 12 30 5 30 7 24 23 13 5 30 29 13 4 0 9 12 15 16 7 22 3 3 8 4 28 6 6 29 15 7 8 33 4 16 15
split_gain=10368.9 35275.5 7626.05 11642.7 7934.84 6922.37 5670.47 26319.8 18042.6 13545.9 6701.77 15354.4 4782.28 4101.52 3067.74 2926.06 2394.41 7692.33 1679.99 10660.9 2738.22 9257.35 1607.93 1589.25 1513.67 1496.28 1751.7 1446.34 1407.68 1269.12 5267.82 1519.55 1257.21 2061.11 7829.57 6014.82 1151.1 1109.6 1086.67
threshold=-1.3754690289497373 -1.6300981044769285 -1.2388885617256162 -1.197591185569763 -1.2313437461853025 -2.4608415365219112 -0.30438698828220362 1.0098809599876406 1.6315463185310366 1.4063044190406802 0.94117367267608654 0.8507116734981538 3.0898362398147587 0.95535138249397289 0.44335699081420904 1.374600410461426 -0.86259660124778736 -0.70584386587142933 -0.36709570884704584 -0.35531365871429438 -0.069747839123010621 -0.14921985566616056 1.1276233196258547 0.77010071277618419 0.8902902901172639 -0.64549770951271046 2.0366030931472783 -0.17410147935152051 -0.33981266617774958 3.2509608268737797 2.2832190990448002 1.1304740905761721 -0.81912797689437855 -0.5446835160255431 -0.64500421285629261 -0.047483507543802254 -0.15443019568920133 0.64076015353202831 0.032859392464160926
decision_type=2 2 2 2 2 2 2 2 2 2 2 2 2 2 2 2 2 2 2 2 2 2 2 2 2 2 2 2 2 2 2 2 2 2 2 2 2 2 2
left_child=5 -2 14 -4 -5 -1 13 8 9 10 11 12 16 15 -3 29 24 -18 -19 -20 21 -21 -12 37 -8 26 -17 -25 -26 30 31 32 -6 34 -34 -36 -7 38 -22
right_child=1 2 3 4 6 36 7 -9 -10 -11 22 -13 -14 -15 -16 25 17 18 19 20 23 -23 -24 27 28 -27 -28 -29 -30 -31 -32 -33 33 -35 35 -37 -38 -39 -40
leaf_value=-1.3312873970378529 1.967285214299741 -0.25154678111013612 1.1166133627295494 0.73400951148690408 -0.19960166888988831 -0.044911205658206235 -0.40429685834353252 1.8924892371892932 1.1449501677519744 1.217372279207815 -0.35995032489299778 1.2165953005552292 -0.80850357472896572 -0.73386392800704303 -0.85551723995832385 -0.38144696805928208 0.9869268620014191 -0.15946501660690035 1.1372578317210789 -0.14924289661770065 -0.45347644259100384 1.0893550520593471 -0.92301397962229592 -0.21485524334013464 0.2685795416208831 -0.57272686704590514 0.1742146381703408 0.32716660620644689 -0.27021929334711142 -0.35655425012111669 0.63775794834926214 0.3175505965948105 -0.12507876393623477 -0.066505590435809253 0.14980556705723638 1.3354010117053985 -0.53213738528164956 -0.49853193742724566 -0.075270413728687202
leaf_weight=22 23 95 24 37 132 27 59 20 36 22 32 25 20 23 27 37 20 139 21 48 23 22 21 20 22 37 23 32 27 30 29 28 86 727 23 20 22 26 109
leaf_count=22 23 95 24 37 132 27 59 20 36 22 32 25 20 23 27 37 20 139 21 48 23 22 21 20 22 37 23 32 27 30 29 28 86 727 23 20 22 26 109
internal_value=4.53137e-10 0.0196774 -0.00143243 0.0219781 0.00868298 -0.594478 -0.0051577 0.103207 0.0537793 -0.0033168 -0.0436399 0.00299764 -0.0486009 -0.0726249 -0.385212 -0.0596484 -0.0218438 0.0278988 -0.0156934 0.0506994 -0.0307924 0.240031 -0.583051 -0.121067 -0.23371 -0.322655 -0.168443 0.118697 -0.0283096 -0.0359167 -0.0267118 -0.0456779 -0.0559719 -0.0338234 0.150363 0.701245 -0.263666 -0.199976 -0.14117
internal_weight=2216 2145 2122 2000 1976 71 1939 744 724 688 666 613 588 1195 122 1172 568 460 440 301 280 70 53 210 108 97 60 52 49 1075 1045 1016 988 856 129 43 49 158 132
internal_count=2216 2145 2122 2000 1976 71 1939 744 724 688 666 613 588 1195 122 1172 568 460 440 301 280 70 53 210 108 97 60 52 49 1075 1045 1016 988 856 129 43 49 158 132
is_linear=0
shrinkage=0.05


Tree=56
num_leaves=40
num_cat=0
split_feature=30 8 9 30 27 33 4 13 14 7 15 6 12 28 23 5 21 4 33 24 3 6 24 3 29 29 16 7 29 29 22 18 15 15 4 5 3 0 15
split_gain=11530.7 5473.89 12221.4 6811.98 5156.07 4423.46 8390.44 4417.34 41609.3 7706.32 4705.41 4306.45 3433.69 2924.2 12584.6 2352.54 2234.04 2429.4 2155.88 6629 2010.11 2004.36 1868.73 2174.04 1779.39 4174.21 10487.3 1804.92 1791.08 6338.41 1498.26 1859.38 1387.21 1854.84 6334.75 1677.66 5124.59 1493.14 1336.28
threshold=-2.4608415365219112 -1.0538179278373716 -1.0193323493003843 1.0098809599876406 -1.8494415283203123 -0.047459464520215981 2.1176037788391118 1.5881919264793398 1.4663060307502749 1.6315463185310366 1.8295560479164126 1.2630094289779665 1.1007702946662905 -1.2250468134880064 -0.38690677285194391 -0.28255215287208552 -1.1507155895233152 2.0690402984619145 -0.047462873160839074 -0.66599541902542103 -0.4353517591953277 2.872025847434998 -1.1506395936012266 -0.79087737202644337 -0.5066140592098235 -0.44785918295383448 0.02155470754951239 1.0725600123405459 0.48048157989978796 0.42881171405315405 -1.4895985722541807 -1.3406347036361692 -0.832698494195938 -0.32069228589534754 0.19350574910640719 0.85613384842872631 0.5092715620994569 -1.1068616509437559 0.59002515673637401
decision_type=2 2 2 2 2 2 2 2 2 2 2 2 2 2 2 2 2 2 2 2 2 2 2 2 2 2 2 2 2 2 2 2 2 2 2 2 2 2 2
left_child=-1 4 -3 5 -2 6 7 8 9 10 12 22 13 14 -4 -14 -7 -18 21 -20 -9 24 30 -24 27 26 -26 -15 29 32 -6 -32 -27 34 37 38 -37 -34 -35
right_child=1 2 3 -5 11 16 -8 20 -10 -11 -12 -13 15 18 -16 -17 17 -19 19 -21 -22 -23 23 -25 25 28 -28 -29 -30 -31 31 -33 33 35 -36 36 -38 -39 -40
leaf_value=1.0467613678712111 -0.8779490407024112 0.99972649062833485 1.2423133392119781 0.7111879029960344 -0.31647328582943463 -0.72219866190267645 1.0030097640341236 -0.12926011401627743 2.1305080507112586 0.93975917668569664 -0.58161318656560546 0.50635334578427404 -0.11504115211692723 -0.22912340336302417 -0.49064527116715911 -0.6951034517701844 -0.083039736968499644 -0.6133039725047571 1.0023808336257936 -0.26954339941342675 -0.55200134198716355 0.47976375758647927 -0.084675085544586193 -0.7533160287526347 1.2251780044044489 -0.22114089624835298 -0.25423442375659944 0.2642626995132083 -0.18480290765299986 0.78886160442233089 0.36848537957668309 -0.16723052988881651 0.38825448935940154 -0.1187227811408868 0.73584459965220761 0.76980622188746928 -0.10407283843732347 -0.066378369361393214 0.038976178996928845
leaf_weight=26 28 31 22 33 61 23 21 70 23 21 37 22 44 158 20 29 108 27 20 21 47 20 20 31 23 77 25 21 146 25 25 46 21 401 36 25 51 129 202
leaf_count=26 28 31 22 33 61 23 21 70 23 21 37 22 44 158 20 29 108 27 20 21 47 20 20 31 23 77 25 21 146 25 25 46 21 401 36 25 51 129 202
internal_value=-1.95857e-09 -0.0124273 0.0148486 -0.00100357 -0.241521 -0.013419 0.0096461 -0.00252463 0.0192017 -0.0116497 -0.0245149 -0.154594 -0.0109181 0.00600688 0.417095 -0.345477 -0.266697 -0.189093 -0.00631696 0.350907 -0.299079 -0.0170862 -0.234053 -0.491104 -0.0245019 -0.00187818 0.454651 -0.17124 -0.0215668 0.00307903 -0.134737 0.0214018 -0.0177751 0.000328016 0.14022 -0.0379929 0.183387 -0.00272977 -0.0658949
internal_weight=2216 2190 1957 1926 233 1893 1735 1714 1597 1574 1553 205 1516 1443 42 73 158 135 1401 41 117 1360 183 51 1340 1161 48 179 1113 967 132 71 942 865 186 679 76 150 603
internal_count=2216 2190 1957 1926 233 1893 1735 1714 1597 1574 1553 205 1516 1443 42 73 158 135 1401 41 117 1360 183 51 1340 1161 48 179 1113 967 132 71 942 865 186 679 76 150 603
is_linear=0
shrinkage=0.05


Tree=57
num_leaves=40
num_cat=0
split_feature=30 15 18 11 7 12 15 15 4 13 8 20 30 30 7 7 13 18 30 29 7 5 29 33 31 33 7 7 22 19 21 15 11 27 29 27 20 16 3
split_gain=10406.4 5648.04 12428.5 4510.02 31530.3 9628.29 42515 3597.97 3900.41 3277.41 6273.82 15142.4 46218.3 6586.82 3503.6 10564.7 3039.34 2867.22 2779.05 2482.6 3278.74 7584.14 2376.87 2310.07 2287.22 3552.95 4000.61 2112.02 2014.14 2918.14 2240.54 1862.88 1777.33 1663.89 1632.98 1600.09 1547.66 1403.29 1372.65
threshold=-2.4608415365219112 -1.584319472312927 -1.5910865664482114 1.6160847544670107 1.6315463185310366 1.2761033177375796 0.81930962204933178 -1.513170003890991 2.1403487920761113 0.26049153506755834 -0.53328651189804066 -0.66110864281654347 0.20162820070981982 1.0098809599876406 0.32105529308319097 0.41479589045047766 -0.58716601133346547 1.7937170863151553 -0.12640391290187833 -0.46601891517639155 1.0000000180025095e-35 0.76551932096481334 0.03774936497211457 -0.047483431175351136 0.63529732823371898 -0.047476824373006814 -0.33845660090446467 0.12111619114875795 0.43905407190322882 0.61592310667037975 0.12582121789455417 0.040961997583508498 1.1336319446563723 -0.87034079432487477 -0.45463125407695765 -0.30422385036945337 0.45322860777378088 1.0116284489631655 1.7308740615844729
decision_type=2 2 2 2 2 2 2 2 2 2 2 2 2 2 2 2 2 2 2 2 2 2 2 2 2 2 2 2 2 2 2 2 2 2 2 2 2 2 2
left_child=-1 -2 -3 4 5 7 -7 -4 9 10 13 12 18 33 16 -16 -13 27 -12 -18 24 22 -22 34 25 28 -27 36 30 -30 31 -21 -29 -9 -5 37 -11 -36 -35
right_child=1 2 3 23 -6 6 -8 8 -10 17 11 14 -14 -15 15 -17 19 -19 -20 20 21 -23 -24 -25 -26 26 -28 32 29 -31 -32 -33 -34 38 35 -37 -38 -39 -40
leaf_value=0.9944233417510987 0.82458943343721336 -0.90403773815203936 0.60906939614902855 -0.53166994173769599 1.7790480571985245 2.4900084483623508 -0.37128666599054599 -0.31195268677154059 0.64362847925651645 -0.75821012772619722 -0.29975609423652777 0.54069201598564787 2.8293972077965739 -0.91503598427772526 1.2888615568478903 -0.1297045941437994 -0.30207177392641704 -0.61906297326087956 0.44519734794185278 -0.14475880553175632 -0.094895015313075148 1.0475338979907658 0.44940477639988619 -0.77741907607941396 -0.28284643894882611 0.87065760726514074 -0.034617107877364529 -0.053354483139183784 0.65518439206339074 -0.10818415748015527 -0.51246663689613337 0.32567137265205387 -0.41902005835436285 -0.029643701821467812 -0.18288347980250486 -0.39889442110061646 -0.21228911845718287 0.36365850445193554 -0.35031796991825104
leaf_weight=26 20 39 22 27 25 20 37 71 21 20 31 24 20 25 21 35 75 30 21 133 78 23 27 21 93 23 26 432 21 31 35 25 36 457 23 25 37 24 36
leaf_count=26 20 39 22 27 25 20 37 71 21 20 31 24 20 25 21 35 75 30 21 133 78 23 27 21 93 23 26 432 21 31 35 25 36 457 23 25 37 24 36
internal_value=-1.65293e-10 -0.0118059 -0.0195147 -0.00332676 0.0144418 -0.00777128 0.632677 -0.0266959 -0.0340303 -0.0415758 0.000986176 0.0977032 0.786731 -0.120854 0.0236584 0.402258 -0.0108719 -0.143648 0.00109049 -0.0333084 0.00583195 0.225198 0.0450678 -0.301098 -0.0667234 0.00164209 0.390308 -0.116481 -0.076091 0.200099 -0.150505 -0.0703237 -0.0814826 -0.0856512 -0.20006 -0.0757066 -0.40384 0.0962018 -0.0530601
internal_weight=2216 2190 2170 2131 2011 1986 57 1929 1907 1886 1331 742 72 589 670 56 614 555 52 590 515 128 105 120 387 294 49 525 245 52 193 158 468 564 99 72 57 47 493
internal_count=2216 2190 2170 2131 2011 1986 57 1929 1907 1886 1331 742 72 589 670 56 614 555 52 590 515 128 105 120 387 294 49 525 245 52 193 158 468 564 99 72 57 47 493
is_linear=0
shrinkage=0.05


Tree=58
num_leaves=40
num_cat=0
split_feature=12 29 30 13 29 3 6 4 16 29 30 27 10 21 30 30 24 6 28 5 3 3 2 3 31 28 29 27 4 30 23 19 21 28 7 10 25 8 10
split_gain=10257 36574.4 13396 11635.6 5143.01 6885.23 5054.27 6415.17 4901.3 29933.9 4322.27 12481.8 51454.9 33473.7 12587.6 6567.88 4670.07 3544.74 3313.76 3096.5 2632.89 2875.59 3555.16 2519.89 2411.63 2389.76 2390.49 2187.64 2860.66 1988.5 1457.79 2755.98 4538.49 1442.59 1381.98 7546.71 1374.76 1349.78 6708.61
threshold=-1.2811323404312132 2.3943476676940922 -2.4608415365219112 -1.2564845085144041 0.27167963981628424 -0.26861298084259028 -0.098241925239562974 2.0844084024429326 1.840181350708008 -0.3728205263614654 0.11983910948038103 -0.58386245369911183 -0.27589207887649531 0.55133631825447094 1.0567454695701601 0.13834507763385775 0.93824729323387157 -0.1594545096158981 0.33689612150192266 2.2415534257888798 -0.58831045031547535 -0.75367119908332814 1.0000000180025095e-35 -0.64549770951271046 0.021316821686923507 -1.179234445095062 -0.85986977815628041 0.36348617076873785 -0.63268843293189991 -0.5895777940750121 0.89250150322914135 0.19644626975059512 0.28048263490200048 -0.0080159991048276407 0.40063431859016424 0.48937314748764044 -1.6228620409965513 -0.39572170376777643 -0.57133969664573658
decision_type=2 2 2 2 2 2 2 2 2 2 2 2 2 2 2 2 2 2 2 2 2 2 2 2 2 2 2 2 2 2 2 2 2 2 2 2 2 2 2
left_child=2 3 -1 -2 36 -6 7 8 10 -10 20 12 -12 16 15 18 24 37 -13 34 21 27 -23 -11 -14 -22 -27 -5 -29 -28 31 33 -33 -31 -8 -36 -4 38 -17
right_child=1 -3 4 6 5 -7 19 -9 9 23 11 14 13 -15 -16 17 -18 -19 -20 -21 25 22 -24 -25 -26 26 29 28 -30 30 -32 32 -34 -35 35 -37 -38 -39 -40
leaf_value=-1.5018032868703208 1.1484912376512182 2.0542200370268389 -0.84944989189505593 -0.12809020507521215 0.71564628321815427 -0.50835366457700726 -0.1847844014532472 0.92345338821411138 2.0692957973480226 0.23341478694230322 2.8494282312691213 1.0293822360103546 -0.23322696690758071 1.6314531513551871 -1.1929812569509852 -0.13161512622440405 -0.79265436910349751 0.59919811216267671 0.14937530219554904 -0.76554312765598298 -0.6708729047666897 0.022359629371203484 0.84803642610257324 -0.4820240775123239 0.34329046102670524 0.38366098460696996 0.20696491996447244 -0.076334381919531596 0.55689164736578545 -0.20776142834917088 -0.48312970828264956 0.71656020194292069 -0.11214085139726337 -0.54411392807960512 0.90163671102374787 -0.16600880869664253 -0.32702172521282646 -0.10196662583909827 0.60493331863436595
leaf_weight=24 22 22 20 196 27 20 304 20 20 20 20 23 60 30 22 110 29 22 20 20 22 32 22 32 26 21 33 42 31 157 40 20 95 40 20 96 34 359 43
leaf_count=24 22 22 20 196 27 20 304 20 20 20 20 23 60 30 22 110 29 22 20 20 22 32 22 32 26 21 33 42 31 157 40 20 95 40 20 96 34 359 43
internal_value=-1.0438e-10 0.0263011 -0.439965 0.00473794 -0.187647 0.194795 -0.00755447 0.0335566 0.0223417 0.425409 0.00318608 0.0869184 0.471983 0.144059 -0.0191511 0.025605 -0.243957 -0.0222644 0.620077 -0.157703 -0.0819956 0.0257716 0.358746 -0.206855 -0.058931 -0.163325 -0.135822 -0.0410709 0.19257 -0.164157 -0.19895 -0.162517 0.0319811 -0.276056 -0.128758 0.018068 -0.520514 -0.0489679 0.0753887
internal_weight=2216 2091 125 2069 101 47 2047 1607 1587 72 1515 764 165 145 599 577 115 534 43 440 751 323 54 52 86 428 406 269 73 385 352 312 115 197 420 116 54 512 153
internal_count=2216 2091 125 2069 101 47 2047 1607 1587 72 1515 764 165 145 599 577 115 534 43 440 751 323 54 52 86 428 406 269 73 385 352 312 115 197 420 116 54 512 153
is_linear=0
shrinkage=0.05


Tree=59
num_leaves=40
num_cat=0
split_feature=30 29 6 18 11 7 12 29 5 17 13 12 20 6 30 18 29 29 13 8 13 13 12 29 15 15 18 18 20 21 25 17 0 5 8 7 33 3 28
split_gain=10652.6 5973.12 5575.15 9037.68 4765.25 28338.1 9001.36 41305.5 4799.19 3582.28 3055.9 4970.66 26871 4276.64 3898.14 2979.29 2945.84 5379.07 2923.18 2655.49 3316 2272.59 2109.9 2088.38 2042.97 10281.9 1898.49 1882.88 1575.67 4149.52 1429.27 1276.14 1363.7 1266.06 2134.57 2880.64 1391.48 1234.55 1086.66
threshold=-2.4608415365219112 2.6909836530685429 4.711318016052247 -1.5910865664482114 1.6160847544670107 1.6315463185310366 1.2761033177375796 0.10052988305687906 3.3049092292785649 -1.5351219177246092 0.26049153506755834 -0.42351233959197992 -0.66110864281654347 1.6375721096992495 1.0567454695701601 1.7937170863151553 0.45624069869518286 0.36934134364128118 -1.4296321272850034 -0.28620357811450953 -0.4449912011623382 0.20815832167863849 1.7689762711524966 1.1304740905761721 -0.19662933796644208 -0.25301203131675715 -0.35709078609943384 1.757795035839081 0.010832263622432949 0.10278645157814027 -0.084074299782514558 0.60241582989692699 0.21424335986375811 -0.42011153697967524 -0.63483852148056019 -0.55014747381210316 -0.047435864806175225 -0.087405160069465623 1.7374840378761294
decision_type=2 2 2 2 2 2 2 2 2 2 2 2 2 2 2 2 2 2 2 2 2 2 2 2 2 2 2 2 2 2 2 2 2 2 2 2 2 2 2
left_child=-1 2 3 18 5 6 8 -8 9 -5 11 14 -13 16 19 26 17 21 -2 20 23 24 -6 33 25 -14 -12 -24 30 -30 -26 -31 -33 34 36 -36 -11 -18 -28
right_child=1 -3 -4 4 22 -7 7 -9 -10 10 15 12 13 -15 -16 -17 37 -19 -20 -21 -22 -23 27 -25 28 -27 38 -29 29 31 -32 32 -34 -35 35 -37 -38 -39 -40
leaf_value=1.0061153008387638 -0.29974817570298912 -0.79640750586986542 0.82768594503402726 0.62321759008225941 -0.71206926822662364 1.6946836700439452 -0.42647425881453921 2.3784716195382534 0.73389766670408707 -0.14639396096522711 -0.57035185808227185 1.417089132330305 -0.050004116237429022 0.74632222414016725 -0.77230331689119347 -0.61722561319669089 -0.1011184348301454 0.85158706746995461 -1.1349591561677783 0.5035544618964195 -0.62386990818712451 0.38475309375085331 0.033343109250595068 0.30130350832876407 -0.10180881210302904 1.160063110629008 -0.10015683364545723 -0.41431401943167051 0.54286827342263588 -0.20263606880222801 -0.49499199610007438 -0.083966060964072622 0.41963631734251977 -0.16211637103894971 0.56797739490866661 -0.0059751787749321569 0.24970757049322129 -0.49593144804239275 0.27606027200818062
leaf_weight=26 20 24 20 21 25 25 35 21 21 196 21 37 107 20 20 30 44 20 22 20 27 38 46 38 59 21 476 48 29 113 38 41 20 265 32 69 25 36 20
leaf_count=26 20 24 20 21 25 25 35 21 21 196 21 37 107 20 20 30 44 20 22 20 27 38 46 38 59 21 476 48 29 113 38 41 20 265 32 69 25 36 20
internal_value=1.83188e-09 -0.0119447 -0.00325264 -0.0109967 0.00350054 0.0219245 0.000588297 0.62538 -0.0177879 -0.0261711 -0.033495 0.00781745 0.11027 0.0277576 -0.0844195 -0.132811 0.00236662 0.0486466 -0.73724 -0.0639468 -0.0813548 0.0141856 -0.303824 -0.0579181 -0.0187152 0.148523 -0.104702 -0.195248 -0.09007 -0.01086 -0.255839 -0.103148 0.0811495 -0.0811727 -0.0145576 0.175871 -0.101586 -0.278784 -0.0849868
internal_weight=2216 2190 2166 2146 2104 1985 1960 56 1904 1883 1862 1315 623 586 692 547 566 486 42 672 652 466 119 625 428 128 517 94 300 203 97 174 61 587 322 101 221 80 496
internal_count=2216 2190 2166 2146 2104 1985 1960 56 1904 1883 1862 1315 623 586 692 547 566 486 42 672 652 466 119 625 428 128 517 94 300 203 97 174 61 587 322 101 221 80 496
is_linear=0
shrinkage=0.05


Tree=60
num_leaves=40
num_cat=0
split_feature=30 29 6 18 11 7 27 20 27 30 26 29 27 4 15 13 5 7 27 5 5 10 7 6 18 5 29 5 29 12 3 3 5 5 30 3 5 0 33
split_gain=9613.94 5390.74 5031.57 8156.51 4300.64 25575.2 8459.61 60203.9 15500.2 8802.96 4591.82 4926.85 19997.9 4447.26 3818.34 2638.17 2050.77 2012.81 1796.55 1606.45 2992.8 9604.29 20062.2 1761.86 1488.28 1374.78 1315.55 1835.3 1765.33 3505.85 1640.17 1638.23 5484.96 1449.31 3044.05 4917.9 2851.75 1423.63 1408.07
threshold=-2.4608415365219112 2.6909836530685429 4.711318016052247 -1.5910865664482114 1.6160847544670107 1.6315463185310366 -0.58386245369911183 0.39998349547386175 -0.61005219817161549 1.0567454695701601 0.99737927317619335 -0.0043747618328779927 -1.1777949333190916 2.1403487920761113 1.8295560479164126 -1.4296321272850034 -0.13407536596059796 0.92996451258659374 -0.87034079432487477 1.3889035582542422 0.82119813561439525 0.077653814107179656 -0.34461495280265803 2.872025847434998 1.5376403331756594 -0.44194637238979334 -0.11553847417235373 0.41179519891738897 -0.04430867359042167 -0.27101349830627436 0.60917702317237865 1.461473882198334 -0.29346957802772516 -0.17556152492761609 0.19448923319578174 0.080022599548101439 -0.51618477702140797 -0.049763008952140801 -0.047487793490290635
decision_type=2 2 2 2 2 2 2 2 2 2 2 2 2 2 2 2 2 2 2 2 2 2 2 2 2 2 2 2 2 2 2 2 2 2 2 2 2 2 2
left_child=-1 2 3 15 5 6 7 8 10 13 11 17 -13 14 19 -2 24 -5 -14 20 23 22 -22 26 -6 -16 27 37 29 -28 -29 33 -33 36 35 -35 -30 -8 -38
right_child=1 -3 -4 4 16 -7 9 -9 -10 -11 -12 12 18 -15 25 -17 -18 -19 -20 -21 21 -23 -24 -25 -26 -27 28 30 31 -31 -32 32 -34 34 -36 -37 38 -39 -40
leaf_value=0.95580945014953622 -0.28476076181977988 -0.75658713281154633 0.78630169600248345 -0.19395454733365747 0.096246195746870308 1.6099494190216064 -0.051965262343181419 2.2527997393951273 1.3361766783964066 -0.8990179731448491 -0.79907907285261903 1.6883638262748719 -0.40425861002556207 -0.77500812154263254 -0.21798781213306248 -1.0782111816785551 -0.58033391585340721 0.33224699094891552 0.10741795551564014 -0.19526767492294314 -0.24192203120751815 -0.39548916683665347 1.9461272251605988 0.37856453742299762 -0.33950643917155821 -0.79722083210945138 0.6691525748372078 -0.064385724203153097 0.0070478558804218973 -0.01715897133155745 0.56123691210523252 0.90763282686471936 -0.17650227649012648 0.83140739977359779 -0.12649937997339294 -0.030053848592010709 0.062558226618501883 -0.236432770089331 -0.34040336717258801
leaf_weight=26 20 24 20 199 36 25 326 33 21 30 20 20 29 20 21 22 40 20 42 110 22 28 20 28 43 20 30 22 360 49 20 20 28 30 64 37 27 154 110
leaf_count=26 20 24 20 199 36 25 326 33 21 30 20 20 29 20 21 22 40 20 42 110 22 28 20 28 43 20 30 22 360 49 20 20 28 30 64 37 27 154 110
internal_value=7.45862e-10 -0.0113475 -0.00309001 -0.0104469 0.00332551 0.0208283 0.000558882 0.211 0.0190355 -0.050716 -0.0647826 -0.0174087 0.291817 -0.0342548 -0.0245463 -0.700378 -0.288633 -0.1459 -0.101577 -0.0114044 0.00330464 0.321808 0.800006 -0.0137798 -0.140936 -0.500541 -0.0223825 -0.0834158 0.0198153 0.243466 0.23353 -0.00632131 0.275221 -0.0278404 0.120109 0.355675 -0.0668372 -0.111149 -0.260988
internal_weight=2216 2190 2166 2146 2104 1985 1960 384 351 1576 330 310 91 1546 1526 42 119 219 71 1485 1375 70 42 1305 79 41 1277 522 755 79 42 676 48 628 131 67 497 480 137
internal_count=2216 2190 2166 2146 2104 1985 1960 384 351 1576 330 310 91 1546 1526 42 119 219 71 1485 1375 70 42 1305 79 41 1277 522 755 79 42 676 48 628 131 67 497 480 137
is_linear=0
shrinkage=0.05


Tree=61
num_leaves=40
num_cat=0
split_feature=10 17 28 28 30 5 30 7 24 11 13 5 5 8 12 4 4 33 10 26 0 26 15 33 7 20 3 0 29 4 30 31 0 29 15 12 3 3 2
split_gain=9933.94 35313.4 7326.8 9008.48 6156.61 5463.32 24259.4 15832.6 11044.1 5857.57 11216.7 4349.27 4470.95 3580.69 3499.1 3446.04 2383.26 6134.53 1657.43 5069.18 7752.18 1797.93 3129.14 1568.74 1550.5 1924.24 1538.85 2742.62 1498.58 1517.7 1466.04 1423.6 4254.98 11696.2 3679.38 5912.46 1981.65 1769.69 1571.8
threshold=-1.4419063925743101 -1.6167598962783811 -1.2388885617256162 -1.197591185569763 -1.0270565152168272 -0.30438698828220362 1.0098809599876406 1.6315463185310366 1.4063044190406802 0.96811065077781688 0.89478415250778209 -0.28255215287208552 -0.57513877749443043 -1.1999563574790952 0.99506542086601268 1.8876955509185793 -0.86259660124778736 -0.047485817223787301 -0.037270799279212945 -0.27762223780155176 0.60578125715255748 -0.71250838041305531 -0.54919627308845509 -0.047479122877120965 0.56310248374938976 0.25670841336250311 0.20955519378185275 0.86638915538787853 -0.21035738289356229 0.1197384111583233 0.56768128275871288 -0.062595646828412996 0.17274641245603564 0.04523908160626889 0.59002515673637401 0.47583286464214331 -0.18731062114238736 0.17648304253816607 2.2576968073844914
decision_type=2 2 2 2 2 2 2 2 2 2 2 2 2 2 2 2 2 2 2 2 2 2 2 2 2 2 2 2 2 2 2 2 2 2 2 2 2 2 2
left_child=-1 -2 11 -4 -5 14 7 8 9 10 15 12 -3 -13 30 16 -7 -18 19 21 -21 22 -19 -11 25 -20 -27 -28 -23 -30 31 36 33 -33 -34 -36 38 -38 -6
right_child=1 2 3 4 5 6 -8 -9 -10 23 -12 13 -14 -15 -16 -17 17 18 24 20 -22 28 -24 -25 -26 26 27 -29 29 -31 -32 32 34 -35 35 -37 37 -39 -40
leaf_value=-0.88877283411641272 2.103965974673629 -0.33208603054560998 0.92606429292096026 0.85812934608686542 -0.042440488994255801 -0.21831621160512574 1.8212530255317689 1.078761481328143 1.1059097644957629 -0.32399008849571492 1.0924361993437228 -1.055261315192495 0.47666805845499038 -0.34646469458025331 -0.28315168880636055 -0.6618497360320319 0.87453243916942969 -0.054859375853486582 -0.42173543801361868 0.95840175996224086 -0.086621501616069255 -0.42761223443916868 0.65905305698513983 -0.89960080564022071 0.1456435257487971 -0.34774587472279866 0.45962814433234078 -0.19253160631970356 -0.25771361378832691 0.27834761427796406 -0.2082527804128621 -0.22615772578300852 -0.13740348373318004 1.1154245010577142 1.0155649890005589 -0.11002595419330258 -0.66419588716133782 -0.13254959817443576 0.3482214791907205
leaf_weight=31 20 54 27 21 555 111 20 36 22 29 23 28 25 49 164 21 21 66 55 36 35 42 20 20 46 30 28 38 31 23 109 33 168 32 20 28 23 49 27
leaf_count=31 20 54 27 21 555 111 20 36 22 29 23 28 25 49 164 21 21 66 55 36 35 42 20 20 46 30 28 38 31 23 109 33 168 32 20 28 23 49 27
internal_value=-6.63883e-10 0.0126096 -0.0067101 0.0189212 0.00656354 -0.00255573 0.103149 0.0562706 0.00345901 -0.0324727 0.00873586 -0.336795 -0.0761512 -0.604209 -0.0684463 -0.0325993 -0.0098944 0.0392241 0.000243058 0.0849178 0.443249 -0.0548709 0.111167 -0.558933 -0.108502 -0.185923 -0.0508228 0.0841422 -0.203613 -0.0293912 -0.0347187 -0.0144885 0.079634 0.434314 -0.0270982 0.35897 -0.0549296 -0.302381 -0.024317
internal_weight=2216 2185 2165 2009 1982 1961 753 733 697 675 626 156 79 77 1208 603 582 471 450 253 71 182 86 49 197 151 96 66 96 54 1044 935 281 65 216 48 654 72 582
internal_count=2216 2185 2165 2009 1982 1961 753 733 697 675 626 156 79 77 1208 603 582 471 450 253 71 182 86 49 197 151 96 66 96 54 1044 935 281 65 216 48 654 72 582
is_linear=0
shrinkage=0.05


Tree=62
num_leaves=40
num_cat=0
split_feature=29 30 30 30 30 30 18 14 14 8 10 12 27 29 31 27 3 11 27 6 5 18 26 16 3 30 3 0 30 0 5 29 0 30 30 29 29 0 29
split_gain=9730.31 7083.42 11472.8 6523.21 14702.7 9847.4 6578.56 4046.76 29191.3 6234.96 4262.24 11209.7 6173.72 19827.4 3825.12 3078.25 2469.19 1729.19 1662.61 1553.38 1419.12 1384.99 1343.16 1274.11 1245.06 1111.66 1820.71 2278.09 1464.44 7293.21 1366.33 6269.26 2263.81 1372.26 2864.37 2487.59 2922.26 3130.66 2202.53
threshold=3.2934920787811284 -0.95633739233016957 -0.81057617068290699 1.3463437557220461 1.0567454695701601 0.9120679795742036 -1.5910865664482114 1.5510139465332033 1.4366199374198916 1.4510754346847536 0.89332944154739391 0.89923599362373363 -1.1976896524429319 -0.15099124610424039 2.8130685091018681 -1.9179521799087522 -0.58831045031547535 1.7405065298080447 -0.79134586453437794 2.872025847434998 0.73058363795280468 1.757795035839081 0.93447214365005504 1.0954753160476687 -0.62551662325859059 -0.34459145367145533 0.37629395723342901 0.64155447483062755 -0.28542430698871607 -0.29337863624095911 0.28733672201633459 -0.44785918295383448 -0.46938288211822504 0.098575331270694747 0.15367031842470172 0.27167963981628424 0.029149958863854412 -0.38674673438072199 -0.13741957396268842
decision_type=2 2 2 2 2 2 2 2 2 2 2 2 2 2 2 2 2 2 2 2 2 2 2 2 2 2 2 2 2 2 2 2 2 2 2 2 2 2 2
left_child=1 15 -3 4 5 6 -4 8 9 10 11 12 13 -8 18 -1 22 -9 -14 25 -18 23 -12 -19 -23 26 -20 -28 29 -27 33 -32 -33 -30 35 36 37 -35 -36
right_child=-2 2 3 -5 -6 -7 7 17 -10 -11 16 -13 14 -15 -16 -17 20 21 19 -21 -22 24 -24 -25 -26 28 27 -29 30 -31 31 32 -34 34 38 -37 -38 -39 -40
leaf_value=-0.97485270102818822 1.0012975871562959 1.0486220779327247 -0.68443943607724378 0.86865010275727228 -1.247409699112177 1.0042164122064909 -0.16701270598822682 -0.63220449459773531 1.7862340424371803 0.77815892320126301 0.28069624304771423 0.90440775804659901 -0.22256481560119956 1.7693278251588347 -0.67164119326550031 -0.26186676410640158 -0.29893067034759691 -0.20058518898703401 -0.2553573860795641 0.35348650720612756 -0.72509150147438062 -0.10176590193401686 -0.20790625838801646 0.31128764491528277 -0.61750834202766425 0.99891118496656428 0.51787499785423285 -0.2367916908860207 -0.10385572778424999 -0.25122088066169196 0.72494433504693656 0.49354223936796188 -0.067824484965636991 0.5607754459870713 -0.19683610912769625 -0.20607564137095499 0.92519471924752006 -0.2362696361897344 0.035554895262349638
leaf_weight=24 24 26 36 21 24 24 39 27 23 25 22 34 97 20 23 41 56 31 106 29 30 22 39 20 25 20 20 20 435 28 34 20 176 28 146 21 20 22 338
leaf_count=24 24 26 36 21 24 24 39 27 23 25 22 34 97 20 23 41 56 31 106 29 30 22 39 20 25 20 20 20 435 28 34 20 176 28 146 21 20 22 338
internal_value=-8.86732e-10 -0.0109631 0.00474935 -0.00816864 -0.0170211 -0.00265863 -0.0145509 -0.00246869 0.0159332 -0.0060998 -0.0168549 0.00578729 -0.01282 0.489374 -0.0315372 -0.525123 -0.275006 -0.277908 -0.0220998 -0.00880854 -0.447591 -0.180295 -0.031689 0.000149256 -0.376097 -0.0161353 -0.146892 0.140542 -0.0013135 0.269667 -0.0118031 0.0981819 -0.0105422 -0.0368492 0.0138427 0.27121 0.414395 0.210076 -0.0345465
internal_weight=2216 2192 2127 2101 2080 2056 2032 1996 1871 1848 1823 1676 1642 59 1583 65 147 125 1560 1463 86 98 61 51 47 1434 146 40 1288 48 1240 230 196 1010 575 91 70 50 484
internal_count=2216 2192 2127 2101 2080 2056 2032 1996 1871 1848 1823 1676 1642 59 1583 65 147 125 1560 1463 86 98 61 51 47 1434 146 40 1288 48 1240 230 196 1010 575 91 70 50 484
is_linear=0
shrinkage=0.05


Tree=63
num_leaves=40
num_cat=0
split_feature=30 29 22 27 27 5 13 22 27 5 30 8 4 30 30 28 7 7 12 3 4 29 29 6 3 6 0 30 13 11 33 33 30 33 18 3 27 30 30
split_gain=9656.31 5074.82 4799.95 5974.44 5389.68 5091.74 24221.8 55643.7 42949.4 11347.1 6188.07 3787.11 3257.82 2046.78 2320.63 1986.09 1871.15 5573.26 6770.72 3075.46 1699.87 1521.03 4103.8 1787.99 1594.49 2335.84 1842.59 1585.45 1439.4 4392.17 1364.04 3607.94 1387 1527.16 1318.07 1460.74 2389.58 1301.1 1226.42
threshold=-2.4608415365219112 2.6909836530685429 -1.6769025325775144 -1.2386001944541929 -1.1536921858787534 -0.30438698828220362 0.89478415250778209 0.58130306005477916 0.21318208426237109 -0.26945126056671137 0.9120679795742036 1.1794789433479311 1.8876955509185793 0.51504388451576244 0.46395739912986761 1.5391963720321657 -0.42979031801223749 -0.30308943986892695 -0.37980751693248743 -0.42432770133018488 0.34226986765861517 0.24387346208095553 0.20255824923515323 2.2832190990448002 -0.82119348645210255 -0.36349645256996149 -0.59852421283721913 -0.043311089277267449 -0.19016536325216291 -0.097462251782417283 -0.047474713996052735 -0.047476997599005692 0.37854303419590002 -0.047480421140789979 0.96812066435813915 0.80898794531822216 -0.44540180265903467 -0.0406404361128807 0.41086067259311682
decision_type=2 2 2 2 2 2 2 2 2 2 2 2 2 2 2 2 2 2 2 2 2 2 2 2 2 2 2 2 2 2 2 2 2 2 2 2 2 2 2
left_child=-1 2 -2 -4 -5 11 9 -8 20 -7 12 13 15 14 21 16 -11 18 -18 -19 38 22 23 30 25 27 -26 -23 -21 -30 31 32 33 -6 35 -31 -37 -13 -9
right_child=1 -3 3 4 5 6 7 8 -10 10 -12 37 -14 -15 -16 -17 17 19 -20 28 -22 24 -24 -25 26 -27 -28 -29 29 34 -32 -33 -34 -35 -36 36 -38 -39 -40
leaf_value=0.95791328870333159 0.60446813954040413 -0.73444513380527499 -0.37133941644972024 0.72227765596829929 -0.0085368910713912675 1.0007386792164583 2.8491351966857912 -0.43708819539419247 2.1404731994325465 -0.11555257823807424 -0.85263202885786693 -0.61718601555593555 -0.66119721233844764 -0.20801427821555227 0.44640573868872946 -0.44801825606822976 1.2827529542148115 0.47029999885708096 -0.018277626782655716 -0.26423709306865933 -0.73264385954193445 0.59451110950183306 0.58516367639104527 0.36478056234618028 -0.57346965583662202 -0.15906613073551779 -0.12099562161252836 -0.027522280514240268 0.69986016239438742 -0.24782083988859413 -0.17139279971520105 0.63370482372966686 0.26909209246698179 -0.2758755921326097 0.31506716921215966 0.44229917434545662 -0.12363566444114303 -0.23692885508261075 0.055667535118434745
leaf_weight=26 32 24 110 26 386 26 25 28 22 198 24 31 20 152 27 25 20 32 20 60 23 21 30 30 36 97 60 20 21 89 135 22 38 62 21 26 66 82 23
leaf_count=26 32 24 110 26 386 26 25 28 22 198 24 31 20 152 27 25 20 32 20 60 23 21 30 30 36 97 60 20 21 89 135 22 38 62 21 26 66 82 23
internal_value=1.60281e-10 -0.0113725 -0.0033606 -0.0124752 0.00702831 -0.00227924 0.0986271 0.748015 0.200849 -0.0226322 -0.0654097 -0.0654175 -0.0338155 -0.0374885 -0.0106007 -0.0121068 0.00759985 0.0762877 0.632238 0.00569085 -0.375796 -0.0237695 0.012984 -0.0125217 -0.134187 -0.025327 -0.290673 0.29108 -0.0468445 0.0116468 -0.0301253 0.0074163 -0.0209342 -0.0455347 -0.0599001 -0.103405 0.0363024 -0.341247 -0.214865
internal_weight=2216 2190 2166 2134 2024 1998 769 121 96 648 622 1229 598 1116 964 578 553 355 40 315 74 937 703 673 234 138 96 41 283 223 643 508 486 448 202 181 92 113 51
internal_count=2216 2190 2166 2134 2024 1998 769 121 96 648 622 1229 598 1116 964 578 553 355 40 315 74 937 703 673 234 138 96 41 283 223 643 508 486 448 202 181 92 113 51
is_linear=0
shrinkage=0.05


Tree=64
num_leaves=40
num_cat=0
split_feature=28 9 16 23 3 31 29 15 30 27 27 4 30 13 33 31 17 12 33 27 0 6 5 9 30 30 30 8 26 29 28 28 20 16 23 5 5 5 12
split_gain=9748.95 30847.8 15491.2 4910.14 4828.27 76829.1 129554 15050.2 7492.46 6894.45 10968 6088.44 4901.17 4201.93 3244.64 2615.1 2582.43 2679.66 2544.09 2287.33 2220.09 2465.24 1881.34 1650.27 1603.87 1990.68 1685.11 2994.27 4250.56 1578.74 2030.3 1863.84 5081.15 16274 1415.54 1385.29 1486.53 1969.92 1154.2
threshold=-1.5452485680580137 -0.67128363251686085 -1.5581622719764707 -1.3537674546241758 -0.27481402456760401 -0.57379686832427967 -0.0043747618328779927 1.8629074692726137 1.0098809599876406 -0.87034079432487477 -0.76310309767723072 2.1176037788391118 1.0098809599876406 0.88261732459068309 -0.047436958178877824 0.97795489430427562 -1.4076604247093198 1.0842877030372622 -0.047424484044313424 -2.3019390106201167 0.89286133646965038 0.95694646239280712 -0.4987169057130813 1.3660992383956911 -0.55049610137939442 -0.31357385218143458 -0.10449956357479094 -0.24031122028827664 -0.74568694829940785 0.24387346208095553 1.3235026001930239 0.27924722433090216 -0.10507600754499434 1.0000000180025095e-35 1.9635235071182253 0.88779434561729442 0.11047465354204179 -0.092589199542999254 0.11038151755928995
decision_type=2 2 2 2 2 2 2 2 2 2 2 2 2 2 2 2 2 2 2 2 2 2 2 2 2 2 2 2 2 2 2 2 2 2 2 2 2 2 2
left_child=1 -1 3 19 12 6 -6 8 9 15 -11 13 14 18 16 -7 -4 20 24 -2 21 35 34 -15 -12 -26 27 28 -27 30 31 32 -28 -34 -19 36 37 -18 -29
right_child=2 -3 4 -5 5 7 -8 -9 -10 10 11 -13 -14 23 -16 -17 17 22 -20 -21 -22 -23 -24 -25 25 26 29 38 -30 -31 -32 -33 33 -35 -36 -37 -38 -39 -40
leaf_value=2.1920573675632475 -0.88961531162261975 -0.44247229117155079 -0.4937764356082136 -1.4197230315208436 -0.34394525314370794 -0.30949975808664248 5.1048512506484984 0.96673611155466033 -1.0064973326027393 1.0676327109336854 0.37175955301330937 0.80120504877784038 -0.78214909466712379 -0.54835878616234035 0.49665091501341929 -0.98796236217021949 -0.012669821006278613 -0.2685462683638386 -0.42300459900323084 -0.1841326093784085 0.50673678904771813 -0.30877398735200856 -0.59298105489823127 -0.041189766189326411 -0.33326084969974146 0.032695695236325262 -0.089680872460613487 -0.23669999447362178 1.0635402920842172 -0.16759008765533692 0.52039447682244444 -0.14335070144220749 1.6529897707886996 -0.020895823119383941 0.12787895775400102 0.38067871021187827 -0.3415357407295343 0.45693209637766308 0.25002811891692028
leaf_weight=20 20 25 33 20 24 49 20 38 20 24 31 22 23 53 27 20 769 76 34 27 20 71 31 23 41 20 122 29 20 119 21 119 20 53 32 23 33 23 21
leaf_count=20 20 25 33 20 24 49 20 38 20 24 31 22 23 53 27 20 769 76 34 27 20 71 31 23 41 20 122 29 20 119 21 119 20 53 32 23 33 23 21
internal_value=1.65975e-09 0.72843 -0.0150987 -0.763557 0.00873527 0.0927786 2.13278 -0.00706575 -0.0500442 -0.0272986 0.0155008 -0.0182575 -0.0595273 -0.0430897 -0.0449225 -0.506156 -0.058084 -0.0447465 -0.00195802 -0.484338 -0.0144163 -0.0257581 -0.249639 -0.394873 0.0212816 0.00270922 0.0280305 0.225678 0.548118 -0.0111507 0.0444203 0.0125876 0.10775 0.437703 -0.151087 -0.00206217 -0.0127325 0.000967608 -0.0322742
internal_weight=2216 45 2171 67 2104 943 44 899 861 841 772 748 1161 726 1138 69 1111 1078 650 47 939 919 139 76 616 585 544 90 40 454 335 314 195 73 108 848 825 792 50
internal_count=2216 45 2171 67 2104 943 44 899 861 841 772 748 1161 726 1138 69 1111 1078 650 47 939 919 139 76 616 585 544 90 40 454 335 314 195 73 108 848 825 792 50
is_linear=0
shrinkage=0.05


Tree=65
num_leaves=40
num_cat=0
split_feature=27 17 12 13 11 29 6 4 5 30 5 28 27 16 5 28 6 27 11 7 3 7 7 14 30 27 30 33 5 3 30 30 33 14 5 6 21 0 29
split_gain=9293.82 9224.35 10709.1 10698.4 7525.99 4799.81 4318.45 5162.56 4691.77 9324.46 10716.9 18015.3 5757.86 5144.23 37500.9 4835.46 4223.05 2679.43 2609.77 2396.75 2195.22 1495.89 1504.44 1103.12 1030.63 1918.05 1534.61 6045.92 1060.16 2170.86 1350.95 1662.87 2649.74 2439.04 1501.94 1752.92 2793.52 1274.81 1209.52
threshold=-2.1934885978698726 -1.4076604247093198 -1.2313437461853025 -1.3370534777641294 -1.2257563471794126 0.32382850348949438 3.2509608268737797 2.1403487920761113 1.1476287245750429 1.0098809599876406 0.700014889240265 -0.10105438902974127 0.14619828760623935 1.840181350708008 -0.19084589928388593 -1.2250468134880064 2.2832190990448002 -0.67056098580360401 1.1336319446563723 0.76633998751640331 -0.45464384555816645 1.5522703528404238 1.2793195247650149 1.3596132397651675 -0.38427172601222986 -0.002907592104747891 -0.28542430698871607 -0.047479422762989991 0.41179519891738897 0.60917702317237865 0.098575331270694747 0.13509841263294223 -0.047485608607530587 -0.26434518396854395 -0.56422135233879078 -0.41887925565242762 0.038985718041658408 -0.51874992251396168 -0.16954220086336133
decision_type=2 2 2 2 2 2 2 2 2 2 2 2 2 2 2 2 2 2 2 2 2 2 2 2 2 2 2 2 2 2 2 2 2 2 2 2 2 2 2
left_child=-1 3 -3 5 -5 -2 7 8 9 10 13 -12 -13 15 -15 -4 17 20 19 -10 -17 22 23 24 25 -19 27 -26 30 -30 34 32 -32 -34 35 36 -28 -36 -33
right_child=1 2 6 4 -6 -7 -8 -9 18 -11 11 12 -14 14 -16 16 -18 21 -20 -21 -22 -23 -24 -25 26 -27 28 -29 29 -31 31 38 33 -35 37 -37 -38 -39 -40
leaf_value=0.8083064756223135 -0.29459865875542163 0.90746462530258931 0.5324604522940275 -1.5427921250462533 -0.46907040804040201 0.57264277189970014 -0.4905126230198551 0.79010655065732349 -0.22255245455720041 0.87470286563038835 1.6957185586690902 -0.61515889383852485 0.58461784616112711 -0.23321550005986805 2.2567148220539095 -0.09193268015252469 0.55148790088193178 0.11834450052364875 -0.67929252617888991 0.31305808474620189 -0.41608992609693563 -0.42079520430415873 0.3973523972289903 -0.3887298092955635 0.91164291387512586 -0.32073033973574638 -0.10020818222636502 -0.18714103679503166 -0.095108482757439994 0.5883922343452771 0.73394225895404819 -0.12876680700471566 0.39799349633130165 -0.36492441035807133 -0.34096077768253569 -0.11451298213387665 0.52485328225249595 -0.074769640358334236 0.036127016330892978
leaf_weight=35 39 33 37 24 51 27 44 21 161 32 25 20 20 62 20 133 29 38 27 24 86 24 21 21 21 72 39 31 26 21 20 159 22 20 92 148 33 88 370
leaf_count=35 39 33 37 24 51 27 44 21 161 32 25 20 20 62 20 133 29 38 27 24 86 24 21 21 21 72 39 31 26 21 20 159 22 20 92 148 33 88 370
internal_value=1.43071e-10 -0.0129714 0.0140622 -0.404096 -0.812661 0.0601819 -0.000627536 0.0103531 0.00192114 0.0291268 0.0131913 0.642802 -0.0152705 -0.0118698 0.374085 -0.0322748 -0.0460762 -0.0577458 -0.220087 -0.153068 -0.219227 -0.0298117 -0.0222565 -0.0294734 -0.0231864 -0.16905 -0.00846621 0.256599 -0.021745 0.210285 -0.0327495 0.015278 0.260262 0.0346993 -0.10371 -0.0160722 0.186278 -0.210823 -0.0134346
internal_weight=2216 2181 2040 141 75 66 2007 1963 1942 1730 1698 65 40 1633 82 1551 1514 1485 212 185 219 1266 1242 1221 1200 110 1090 52 1038 47 991 591 62 42 400 220 72 180 529
internal_count=2216 2181 2040 141 75 66 2007 1963 1942 1730 1698 65 40 1633 82 1551 1514 1485 212 185 219 1266 1242 1221 1200 110 1090 52 1038 47 991 591 62 42 400 220 72 180 529
is_linear=0
shrinkage=0.05


Tree=66
num_leaves=40
num_cat=0
split_feature=29 21 19 6 5 5 5 8 30 16 5 14 10 7 14 7 27 3 12 33 29 27 7 29 17 23 29 27 10 12 30 3 27 9 12 24 10 9 3
split_gain=9456.66 6732.97 10140.3 4153.21 5054.98 3632.11 8916.73 24999.2 10840.1 4945.2 33691.9 3076.44 2971.06 2460.28 6769.34 3009.01 2794.64 9145.36 1658.28 1616.25 1595.79 1286.98 1068.36 1018.7 1577.96 1547.75 2583.68 1328.08 2964.84 17146.9 1746.29 3783.34 1348.96 1258.25 8060.2 1612.65 1253.95 2242.44 1154.41
threshold=3.2934920787811284 -1.6710991859436033 -1.5992504954338072 3.191205739974976 3.3049092292785649 0.93583095073699962 0.700014889240265 -0.039666689932346337 1.0098809599876406 1.840181350708008 -0.19084589928388593 0.92901721596717846 0.62532278895378124 0.32105529308319097 0.11632414907217027 0.37754268944263464 -1.1976896524429319 -0.51665413379669178 0.67860659956932079 -0.047335436567664139 -0.53842404484748829 -0.91746291518211354 0.49783511459827429 -0.11553847417235373 -1.3745294809341428 -1.1272766590118406 1.1304740905761721 0.3867646604776383 -0.483574628829956 -0.29847192764282221 0.32324835658073431 -0.82257151603698719 -0.13236420601606366 -0.51890775561332692 -0.7122400403022765 -0.16323424130678174 -0.05400372110307216 0.10219231992959978 -0.38436552882194513
decision_type=2 2 2 2 2 2 2 2 2 2 2 2 2 2 2 2 2 2 2 2 2 2 2 2 2 2 2 2 2 2 2 2 2 2 2 2 2 2 2
left_child=1 19 -3 4 5 6 8 -8 9 12 -11 20 13 16 -15 -16 17 -4 -17 -1 -7 -18 -22 33 -25 38 27 30 -29 -30 32 -32 -27 34 -23 -35 -31 -38 -26
right_child=-2 2 3 -5 -6 11 7 -9 -10 10 -12 -13 -14 14 15 18 21 -19 -20 -21 22 23 -24 24 25 26 -28 28 29 36 31 -33 -34 35 -36 -37 37 -39 -40
leaf_value=-0.9297960158098828 0.98711702426274628 1.0695334675637158 -0.33496717079119254 -0.45081044843850232 0.77341345718928745 0.2147777383005427 -0.273978633752891 2.0405335696041584 0.84651550352069982 -0.22092433607388962 2.1438790808618071 -0.62916482827242692 -0.17720942357888711 0.98825506249612038 0.53407815890731636 -0.12770770998210262 -0.30022858008742337 1.1423330308264121 0.33139063070217767 -0.31654587898935593 -0.22276021326386852 -0.16538615513081645 0.13605017730345328 0.43861191019415857 -0.035599819376416833 -0.045199577630712438 0.48721437134124623 -0.10242470600585477 1.4785973035770914 -0.19897419595915192 0.51596845078681197 -0.12710739537001109 -0.28615513679527099 -0.25311245168423097 0.85302359499037272 0.012323272267226563 0.47774251090505954 -0.16711250176387174 -0.53131184081236527
leaf_weight=22 24 22 22 52 21 31 28 20 37 61 20 34 308 22 27 109 48 20 24 21 153 102 24 20 23 130 27 123 23 53 35 66 105 171 24 86 26 28 24
leaf_count=22 24 22 22 52 21 31 28 20 37 61 20 34 308 22 27 109 48 20 24 21 153 102 24 20 23 130 27 123 23 53 35 66 105 171 24 86 26 28 24
internal_value=1.40565e-09 -0.0108078 0.00158779 -0.00945819 0.00160221 -0.00628876 0.0180097 0.690401 -0.000286719 -0.018429 0.362978 -0.188226 -0.0371981 -0.00496827 0.165906 0.0528334 -0.0318707 0.368509 -0.0448629 -0.630302 -0.116149 -0.0469658 -0.174108 -0.0355618 0.00104003 -0.0121597 0.00894218 -0.012982 0.0735416 0.240033 -0.0781322 0.0957407 -0.152861 -0.100834 0.0285967 -0.16429 -0.0262007 0.143373 -0.288729
internal_weight=2216 2192 2149 2127 2075 2054 1812 48 1764 1727 81 242 1646 1338 182 160 1156 42 133 43 208 1114 177 1066 683 663 616 589 253 130 336 101 235 383 126 257 107 54 47
internal_count=2216 2192 2149 2127 2075 2054 1812 48 1764 1727 81 242 1646 1338 182 160 1156 42 133 43 208 1114 177 1066 683 663 616 589 253 130 336 101 235 383 126 257 107 54 47
is_linear=0
shrinkage=0.05


Tree=67
num_leaves=40
num_cat=0
split_feature=12 25 30 27 30 28 30 5 13 5 3 30 29 0 4 21 33 29 22 7 31 30 4 9 29 4 13 3 18 25 6 6 3 12 29 5 8 7 30
split_gain=9167.26 32199.3 7267.65 6763.8 8122.9 6811.01 4779.75 4800.18 23346.6 79994.7 51148.1 3175.69 3164.87 3151.81 2767.27 2741.55 6321.9 7571.14 2765.45 2351.37 1891.6 2218.61 1851.52 1642.96 1798.53 1588.3 1543.48 1411.95 1353.6 3442.5 1462.08 6333.64 1271.62 1027.33 1000.65 875.855 865.064 1001.98 809.407
threshold=-1.3944663405418394 -1.6300981044769285 -2.4608415365219112 -1.2386001944541929 -1.1101645231246946 -1.2250468134880064 1.2409112453460696 -0.1493597403168678 0.89478415250778209 0.12139206379652025 1.6654188036918642 0.9120679795742036 0.44335699081420904 0.86638915538787853 0.38960391283035284 -0.15535405278205869 -0.047475220635533326 0.23727176338434222 0.68110445141792308 0.92996451258659374 0.69531184434890758 0.40120925009250646 0.069945458322763457 -1.2198464870452879 1.1304740905761721 1.9227350354194643 -1.1782376766204832 2.0981127023696904 -0.59442287683486927 -0.52145424485206593 2.9755042791366582 2.1986874341964726 -0.15286046266555783 0.15150770545005801 0.30189555883407598 -0.36115752160549158 2.1217476129531865 1.6315463185310366 0.1754921153187752
decision_type=2 2 2 2 2 2 2 2 2 2 2 2 2 2 2 2 2 2 2 2 2 2 2 2 2 2 2 2 2 2 2 2 2 2 2 2 2 2 2
left_child=2 -2 -1 12 -5 -6 7 11 13 -10 20 19 -3 14 15 22 17 18 33 23 21 -11 -9 -7 26 27 -25 34 -28 -30 31 -31 35 -17 38 36 37 -21 -15
right_child=1 3 -4 4 5 6 -8 8 9 10 -12 -13 -14 25 -16 16 -18 -19 -20 32 -22 -23 -24 24 -26 -27 28 -29 29 30 -32 -33 -34 -35 -36 -37 -38 -39 -40
leaf_value=-1.3293652100996538 1.8384402354558309 -0.25379016116507108 -0.19795155249536039 1.020369721353054 0.78202765669141505 -0.39983205158134988 0.76570842683315288 -0.051935168693386984 3.5410864183590527 -0.68783567357063302 2.3217429627478121 -0.675774788430759 -0.93475843497685018 -0.28197492928358547 0.60587548443249295 -0.52023664833977823 0.99479185029864314 0.75072944318254797 0.24918198508676143 -0.063215785442966299 -0.93954536183313897 0.018695781826972964 -0.49556010072784762 0.40729115545749672 0.42898549491708932 -0.63064816474914553 -0.13942836136614653 0.13263592214295358 0.48025789567402433 -0.038468645515931356 -0.39539045496628833 0.86370237585157161 -0.45947838546924813 -0.15449580514493089 -0.52549448944628241 -0.45538563948124655 0.19353221143995014 -0.4197122578267698 0.018341577173890296
leaf_weight=22 24 91 40 20 28 29 20 147 21 25 20 21 21 57 21 32 20 30 32 73 22 20 28 20 22 20 243 33 35 713 26 20 43 48 24 20 21 27 37
leaf_count=22 24 91 40 20 28 29 20 147 21 25 20 21 21 57 21 32 20 30 32 73 22 20 28 20 22 20 243 33 35 713 26 20 43 48 24 20 21 27 37
internal_value=3.65637e-10 0.0172535 -0.599421 -0.00326689 0.0177237 0.00768717 -0.00331868 -0.0112061 0.101421 0.771349 0.102792 -0.0658471 -0.381472 -0.0353504 0.0489983 0.0142968 0.16252 0.0452981 -0.143657 -0.0559335 -0.559582 -0.373822 -0.122915 -0.0284458 -0.0184641 -0.21194 -0.0277772 -0.156482 -0.0361681 -0.00456577 -0.0269226 -0.0138528 -0.221457 -0.300792 -0.237337 -0.148869 -0.098205 -0.15947 -0.163765
internal_weight=2216 2154 62 2130 2018 1998 1970 1950 637 108 87 1313 112 529 358 337 162 142 112 1292 67 45 175 1108 1079 171 1057 151 1037 794 759 733 184 80 118 141 121 100 94
internal_count=2216 2154 62 2130 2018 1998 1970 1950 637 108 87 1313 112 529 358 337 162 142 112 1292 67 45 175 1108 1079 171 1057 151 1037 794 759 733 184 80 118 141 121 100 94
is_linear=0
shrinkage=0.05


Tree=68
num_leaves=40
num_cat=0
split_feature=30 30 30 18 15 17 7 12 31 33 5 29 29 30 27 28 5 30 28 4 0 27 12 4 6 18 19 10 13 23 29 29 21 15 15 4 33 30 29
split_gain=10238 5151.57 9345.46 7005.05 4022.26 16672.1 4671.09 24916.2 5943.98 3567.57 3147.4 3126.72 11965.5 5855.15 5092.17 2800.84 2674.47 2306.22 2253.43 14402.3 2106.67 1737.41 1719.79 1654.29 1892.35 1785.03 6657.38 1379.24 1786.03 1329.57 1274.86 6826.43 1657 1483.18 9022.63 9219.78 1403.44 2305.2 3239.97
threshold=-2.4608415365219112 -0.95633739233016957 -0.81057617068290699 -1.5910865664482114 2.1951055526733403 1.8931055068969729 1.1276233196258547 1.2761033177375796 2.9253710508346562 -0.047405436635017388 -0.068570896983146654 0.79209810495376598 0.73190146684646618 0.95535138249397289 0.4204875528812409 -1.4092527627944944 -0.35242359340190882 0.65969780087471019 -1.2250468134880064 -0.84661367535591114 -0.46187049150466913 -0.58386245369911183 1.1007702946662905 2.0844084024429326 2.7452282905578618 -0.59442287683486927 -0.56351080536842335 1.6993367671966555 1.4054045081138613 -1.0026875138282774 -0.48707868158817286 -0.44785918295383448 -0.55546247959136952 0.18927732855081561 0.26375301182270056 -0.34007798135280604 -0.047476394101977341 0.34928388893604284 -0.25859342515468592
decision_type=2 2 2 2 2 2 2 2 2 2 2 2 2 2 2 2 2 2 2 2 2 2 2 2 2 2 2 2 2 2 2 2 2 2 2 2 2 2 2
left_child=-1 29 -3 15 5 6 7 8 9 11 27 12 13 18 17 -4 -6 -13 19 -5 -16 -12 23 24 25 -20 -27 28 -8 -2 -28 -32 -33 36 35 -35 -34 38 -38
right_child=1 2 3 4 16 -7 10 -9 -10 -11 21 14 -14 -15 20 -17 -18 -19 22 -21 -22 -23 -24 -25 -26 26 30 -29 -30 -31 31 32 33 34 -36 -37 37 -39 -40
leaf_value=0.98634184690622184 -0.29609846458629224 0.9248109998526397 -1.0142876282982205 1.3940075168013575 -0.14820662787982394 1.080075282520718 -0.064991136435784552 1.4979645903621401 0.85179309964179994 0.59033245791991551 -0.76067384521703474 -0.33466106871107842 1.1804135631415107 -0.79600422581036889 -0.16772745468399741 -0.2251631819389083 -0.86194467941919961 -0.93421046993006829 -0.11847194158149965 -0.22420077848840847 0.54130574144423016 -0.19126372032222294 -0.46028268564153801 -0.32810107193342075 0.39380185562988812 0.89779301285743718 -0.14601288622007111 0.13446409416384994 -0.59573066058447188 -0.8050259493646168 0.88976561169732704 0.4084563726248841 -0.142443909985255 1.453730055960742 -0.024018060508435662 0.036656715720891957 -0.27961223304271698 -0.29871746574838959 0.33073908276502278
leaf_weight=26 33 27 23 20 35 36 51 28 20 24 37 53 21 24 22 22 21 23 318 44 20 21 22 41 29 21 133 40 23 21 22 24 289 22 411 24 30 36 79
leaf_count=26 33 27 23 20 35 36 51 28 20 24 37 53 21 24 22 22 21 23 318 44 20 21 22 41 29 21 133 40 23 21 22 24 289 22 411 24 30 36 79
internal_value=-7.63466e-10 -0.01171 0.000483101 -0.0113504 0.00210475 0.0137611 -0.00570508 0.0180827 -0.00530145 -0.0150856 -0.254647 -0.0234942 -0.00528587 -0.0209559 -0.27193 -0.628493 -0.415858 -0.516104 -0.00907018 0.281489 0.169907 -0.554508 -0.0214591 -0.0149317 -0.00600263 -0.0142314 0.0161522 -0.102086 -0.229951 -0.494015 -0.00115104 0.019411 -0.00151557 -0.0125586 0.0503072 0.714387 -0.078756 0.0481806 0.162752
internal_weight=2216 2190 2136 2109 2064 2008 1972 1800 1772 1752 172 1728 1610 1589 118 45 56 76 1565 64 42 58 1501 1479 1438 1409 1091 114 74 54 1070 937 915 891 457 46 434 145 109
internal_count=2216 2190 2136 2109 2064 2008 1972 1800 1772 1752 172 1728 1610 1589 118 45 56 76 1565 64 42 58 1501 1479 1438 1409 1091 114 74 54 1070 937 915 891 457 46 434 145 109
is_linear=0
shrinkage=0.05


Tree=69
num_leaves=40
num_cat=0
split_feature=30 15 20 27 28 30 8 7 7 0 12 5 27 10 33 4 28 10 22 10 30 29 29 15 23 24 26 27 12 26 12 30 5 33 24 3 33 27 27
split_gain=9239.77 5052.91 9436.69 4077.1 30098.3 9181.38 4846.56 4779.97 16408.7 6995.75 3950.09 3266.12 3084.34 9118.57 3298.85 2676.6 8406.67 4850.93 7388.18 3007.36 2123.75 1911.23 1953.66 1810.6 3595.01 1718.83 2669.4 1686.25 1601.01 1539.47 8389.33 1484.12 1159.91 1150.37 1637.35 1048.05 1076.21 1029.46 1454
threshold=-2.4608415365219112 -1.584319472312927 -1.6137911677360532 0.25011114776134497 1.6180556416511538 1.0098809599876406 0.96793350577354442 1.1276233196258547 1.0725600123405459 2.4019546508789067 0.99506542086601268 -0.068570896983146654 0.16876037418842318 0.057604053989052779 -0.04742735251784324 -1.0322614908218382 -1.1324338912963865 -0.51517122983932484 -0.91419646143913258 0.44268596172332769 1.0567454695701601 1.29120808839798 0.90327534079551708 -0.59217041730880726 -0.45298252999782557 -0.38743789494037623 -0.25226458907127375 -0.56865572929382313 1.7161071300506594 -0.4267969131469726 -0.30952669680118555 0.14941830188035968 -0.19084589928388593 -0.04748104698956012 0.015332850161939861 0.042127428576350219 -0.047460375353693955 -0.21655220538377759 -0.094435125589370714
decision_type=2 2 2 2 2 2 2 2 2 2 2 2 2 2 2 2 2 2 2 2 2 2 2 2 2 2 2 2 2 2 2 2 2 2 2 2 2 2 2
left_child=-1 -2 -3 4 5 7 20 8 9 10 12 -9 14 31 15 16 -4 18 -18 -19 21 22 29 -17 -25 -26 -27 28 -13 35 -31 -14 -12 34 -28 -5 -37 -36 -39
right_child=1 2 3 6 -6 -7 -8 11 -10 -11 32 27 13 -15 -16 23 17 19 -20 -21 -22 -23 -24 24 25 26 33 -29 -30 30 -32 -33 -34 -35 37 36 -38 38 -40
leaf_value=0.93702481709993801 0.77997930288314832 -0.88452857540499785 1.1098318098764868 -0.069420576813755575 1.7647163668870929 0.94429875153761644 -0.64129186937442195 -0.093320872470559119 1.4535963575541975 0.91260478922298971 -0.23964642141495021 -1.0275586434773036 -0.24036729596555234 1.2052862596653757 0.48811791676562283 -0.17574510631631271 -0.057926308899186554 -0.29476918578985034 1.1490310426978838 0.32588594835996632 -0.5772528155148029 -0.49333173632621768 0.42415640083226291 0.64333664894104015 -0.48329526611736845 0.46144742860838223 0.38751435851944344 -0.16264093339443209 -0.40248089931905273 0.72803029917381912 -0.066689176089417795 0.30868795536458493 -0.72092119739169169 -0.13406774869892701 -0.12455949057248378 -0.4468836456375278 -0.12543175564457973 0.48306137643754482 -0.014774199290709063
leaf_weight=26 20 31 20 194 25 26 39 126 20 21 31 21 32 21 32 264 32 89 21 25 20 24 22 20 21 27 28 20 20 37 324 20 21 210 105 46 60 20 55
leaf_count=26 20 31 20 194 25 26 39 126 20 21 31 21 32 21 32 264 32 89 21 25 20 24 22 20 21 27 28 20 20 37 324 20 21 210 105 46 60 20 55
internal_value=-8.23644e-10 -0.0111245 -0.0184158 -0.00586342 0.0456973 0.0138164 -0.0982823 -0.00448355 0.0341078 0.00864612 -0.00870592 -0.238714 0.0125183 0.325932 -0.0110928 -0.0281416 0.141098 0.025082 0.420302 -0.158661 -0.0691525 -0.0547791 -0.0393688 -0.0703387 -0.0130809 -0.0412533 -0.0203929 -0.539036 -0.722643 -0.0547962 0.0147641 -0.0291922 -0.434007 -0.0515166 0.0318284 -0.1385 -0.26493 -0.0235006 0.117982
internal_weight=2216 2190 2170 2139 1373 1348 766 1322 1135 1115 1094 187 1042 73 969 937 187 167 53 114 727 707 683 750 486 466 445 61 41 661 361 52 52 418 208 300 106 180 75
internal_count=2216 2190 2170 2139 1373 1348 766 1322 1135 1115 1094 187 1042 73 969 937 187 167 53 114 727 707 683 750 486 466 445 61 41 661 361 52 52 418 208 300 106 180 75
is_linear=0
shrinkage=0.05


Tree=70
num_leaves=40
num_cat=0
split_feature=12 11 30 24 17 27 31 30 18 30 7 29 18 12 26 31 5 24 5 20 28 29 29 14 20 27 29 28 3 6 29 29 30 30 5 29 29 3 5
split_gain=9329.84 32936.4 13687.8 7484.87 6280.66 4211.15 50547.5 34543.4 10855 9499.74 8568.87 37537 4690.11 4032.85 6415.93 3583.56 3301.97 2897.97 2846.19 2105.39 2799.83 1328.53 6350.28 7457.38 17072.6 3237.41 1336.6 1397.02 1236.36 1066.4 1045.76 1456.83 1093.28 976.856 964.795 921.39 889.964 887.839 995.98
threshold=-1.2811323404312132 -1.1931517720222471 -2.4608415365219112 -1.2445335388183592 -1.2405260205268858 -0.58386245369911183 1.4600473046302798 0.73168373107910167 -1.0717446804046629 1.0567454695701601 1.6315463185310366 -0.30403797328472132 1.7937170863151553 -1.3265537619590757 -1.4173050522804258 2.8130685091018681 -0.36552448570728296 -0.85445481538772572 -0.35242359340190882 0.23246715962886813 -0.7546834647655486 -0.41597388684749598 -0.52172148227691639 0.21965948492288592 -0.10507600754499434 -0.30422385036945337 1.1304740905761721 1.7839784026145937 -0.80879142880439747 2.3750380277633671 0.46461574733257299 0.42881171405315405 0.20421768724918368 0.78961768746376049 0.11047465354204179 -0.33019988238811487 -0.32081046700477595 -0.71233102679252613 -0.19084589928388593
decision_type=2 2 2 2 2 2 2 2 2 2 2 2 2 2 2 2 2 2 2 2 2 2 2 2 2 2 2 2 2 2 2 2 2 2 2 2 2 2 2
left_child=2 -2 -1 -3 17 6 7 8 -6 10 12 -12 15 14 -4 21 -10 28 -14 20 -18 22 25 24 -24 -7 27 29 -5 30 31 33 37 35 -30 -23 -21 -32 -39
right_child=1 3 13 4 5 9 -8 -9 16 -11 11 -13 18 -15 -16 -17 19 -19 -20 36 -22 26 23 -25 -26 -27 -28 -29 34 -31 32 -33 -34 -35 -36 -37 -38 38 -40
leaf_value=-1.4929482261339824 1.4836747972588791 0.93720395820481439 -0.26677154527520236 0.043358954528103705 0.84434939303568424 0.30433534273975776 2.6032551497220995 2.0397866950929164 -0.052593573606597693 -1.037607078837312 2.2447050262065162 -0.51151783247788751 -0.16820714296773076 -0.68761454070055938 0.76591367006656674 -0.59966115335432391 -0.51712770891331494 -0.90420093588207084 -0.88023093217611315 -0.9030978503681365 0.075202737807443271 -0.1863891095425306 0.019562594791253409 -0.22852229392872406 1.8302093727433164 -0.2329059883603983 0.29032627623528245 0.34848013597985972 -0.6431386812166735 -0.32091941947446156 -0.067965381337950631 0.39520688823291233 -0.019779775041694703 0.31960149183869363 -0.17487431480125948 -0.016861362926079603 -0.44277595870551612 -0.66444685994224117 -0.21830793902406406
leaf_weight=24 38 21 53 23 28 38 20 20 189 23 21 30 32 27 21 26 42 23 25 21 38 89 30 26 23 107 32 23 22 34 30 21 76 20 22 806 21 22 29
leaf_count=24 38 21 53 23 28 38 20 20 189 23 21 30 32 27 21 26 42 23 25 21 38 89 30 26 23 107 32 23 22 34 30 21 76 20 22 806 21 22 29
internal_value=-3.54121e-10 0.0250842 -0.419608 -0.00191358 -0.011619 0.00730473 0.156827 0.0205357 -0.0985941 -0.0289518 -0.0138875 0.623397 -0.0357152 -0.164557 0.0262878 -0.0180109 -0.183489 -0.419952 -0.480498 -0.386271 -0.235771 -0.00725488 0.104392 0.465065 0.805315 -0.0921117 -0.0284131 -0.0372824 -0.253717 -0.0451551 -0.0365769 -0.0165465 -0.155994 -0.0259966 -0.409006 -0.0337194 -0.672937 -0.283799 -0.41076
internal_weight=2216 2091 125 2053 2032 1942 379 359 339 1563 1540 51 1489 101 74 1432 311 90 57 122 80 1406 224 79 53 145 1182 1150 67 1127 1093 936 157 915 44 895 42 81 51
internal_count=2216 2091 125 2053 2032 1942 379 359 339 1563 1540 51 1489 101 74 1432 311 90 57 122 80 1406 224 79 53 145 1182 1150 67 1127 1093 936 157 915 44 895 42 81 51
is_linear=0
shrinkage=0.05


Tree=71
num_leaves=40
num_cat=0
split_feature=30 29 30 22 15 17 16 19 22 5 4 31 31 27 29 7 27 3 10 12 5 27 17 21 27 5 7 27 29 6 0 29 29 7 31 5 29 29 3
split_gain=9564.98 5131.39 12724.9 8060.35 3494.35 15704.7 3329.02 4781.89 4860.85 3161.07 2771.46 3194.68 13599.2 8646.76 2382.76 2262.58 2750.61 2437.98 2146.49 2081.99 2040.33 1716.43 1532.12 3388.01 1862.3 2522.73 9745.38 1737.73 7713.1 8690.2 1950.9 1487.69 1434.09 1374.95 1356.87 1316.41 1264.29 2579.48 1173.33
threshold=-2.4608415365219112 0.7793947458267213 1.0098809599876406 -1.6769025325775144 2.1951055526733403 1.8931055068969729 -1.2818565368652342 -0.73271086812019337 -0.9257678985595702 3.3049092292785649 2.0524426698684697 0.83366858959198009 0.9533381760120393 -0.77080711722373951 -0.79462745785713185 0.92996451258659374 -1.1976896524429319 -0.42983973026275629 0.95806521177291881 -1.3446981906890867 -0.35242359340190882 0.43099544942379003 -0.58790087699890126 -0.55546247959136952 1.0399777889251711 0.82119813561439525 0.17572047561407092 0.48457282781600958 0.16402238607406619 -0.22649686038494107 -0.90080788731575001 1.6874600648880007 0.62293955683708202 0.56310248374938976 2.4671766757965092 0.4893088191747666 0.1369530260562897 0.03774936497211457 0.78211680054664623
decision_type=2 2 2 2 2 2 2 2 2 2 2 2 2 2 2 2 2 2 2 2 2 2 2 2 2 2 2 2 2 2 2 2 2 2 2 2 2 2 2
left_child=-1 2 3 -2 5 9 19 8 -8 10 11 14 -13 -14 -5 16 -16 -17 33 -3 -6 -9 32 -24 25 27 -27 35 30 -30 -29 -21 38 -15 -12 36 37 -25 -18
right_child=1 6 -4 4 20 -7 7 21 -10 -11 34 12 13 18 15 17 22 -19 -20 31 -22 -23 23 24 -26 26 -28 28 29 -31 -32 -33 -34 -35 -36 -37 -38 -39 -40
leaf_value=0.95337237027975241 0.90755127581457296 -0.13745347071777692 1.0702352944229332 -0.30419171966004355 -0.16985422905002323 1.031490681434257 -0.22687474404062546 -0.58654622484904695 0.83662963468920104 0.58710770606994633 -0.19583080315018353 1.212062038757183 1.0053360588848592 -0.079829589446597071 0.41036932506622414 -0.037020512018352748 -0.16272402604881289 -0.40524560951615696 -0.5411748058770014 -0.47399021920103296 -0.79325992933341438 -0.094425620839876295 0.47428902024642022 -0.016964493857690624 -0.18565188077192349 1.2064594498183578 -0.30266391051852187 0.24581209101847243 1.2213298242089563 -0.11422373436036565 -0.25008275435470484 -1.0398102533249627 0.29373336767866498 0.36316815860569479 -0.6606716194003821 -0.39224202816188336 -0.14083085838509232 0.40975189037621029 0.17621043473482134
leaf_weight=26 24 22 28 82 35 36 21 37 22 21 73 27 20 141 39 108 290 77 23 26 21 34 39 309 119 20 23 28 29 21 68 21 21 20 20 25 152 40 28
leaf_count=26 24 22 28 82 35 36 21 37 22 21 73 27 20 141 39 108 290 77 23 26 21 34 39 309 119 20 23 28 29 21 68 21 21 20 20 25 152 40 28
internal_value=4.32122e-10 -0.0113186 0.0117924 -0.00318309 -0.0143635 -0.00288426 -0.264781 -0.0988702 0.317244 -0.0228722 -0.0298263 -0.0156838 0.157544 0.0179759 -0.0420447 -0.0270753 -0.00294002 -0.190282 -0.0893458 -0.538895 -0.403631 -0.350883 -0.0162396 0.0187919 -0.00250836 0.0279729 0.399254 0.0042153 0.156829 0.660397 -0.105447 -0.726803 -0.106453 -0.0247988 -0.295797 -0.038145 -0.0204755 0.0319428 -0.132881
internal_weight=2216 2190 2007 1979 1955 1899 183 114 43 1863 1842 1749 231 204 1518 1436 1251 185 184 69 56 71 1212 873 834 715 43 672 146 50 96 47 339 161 93 526 501 349 318
internal_count=2216 2190 2007 1979 1955 1899 183 114 43 1863 1842 1749 231 204 1518 1436 1251 185 184 69 56 71 1212 873 834 715 43 672 146 50 96 47 339 161 93 526 501 349 318
is_linear=0
shrinkage=0.05


Tree=72
num_leaves=40
num_cat=0
split_feature=28 4 16 23 11 7 27 20 27 30 31 29 27 29 18 31 5 5 7 27 6 29 29 6 20 8 29 29 29 15 21 18 20 4 19 27 4 0 0
split_gain=9219.93 27855 14510.6 4622.51 4201.75 22884.9 6755.43 50471.3 13200.6 8068.7 6725.51 5400.1 4973.14 17969.1 4357.66 3020.29 2474.81 2262 2062.01 2013.26 1634.34 1604.38 1477.29 1223.4 1965.59 1731.45 1428.69 1271.57 2834.51 1528.22 7195 1372.55 7231.29 1341.01 1311.74 1177.08 1932.36 1145.65 2859.82
threshold=-1.5452485680580137 0.2291599586606026 -1.5581622719764707 -1.369966387748718 1.6160847544670107 1.6315463185310366 -0.58386245369911183 0.39998349547386175 -0.61005219817161549 1.0567454695701601 0.89619863033294689 1.6874600648880007 -1.1976896524429319 -0.085064455866813646 1.7937170863151553 2.8130685091018681 -0.13407536596059796 -0.22905685007572171 0.49783511459827429 -2.1934885978698726 2.872025847434998 -0.43391843140125269 -0.18148659914731977 0.83452126383781444 0.042302111163735397 0.13277116417884829 1.1304740905761721 0.45624069869518286 0.40936382114887243 -0.19662933796644208 -0.15535405278205869 -0.59442287683486927 -0.56072029471397389 -1.0347204208374021 -0.29271806776523585 -0.87034079432487477 -0.91423377394676197 -0.46187049150466913 -0.73285263776779164
decision_type=2 2 2 2 2 2 2 2 2 2 2 2 2 2 2 2 2 2 2 2 2 2 2 2 2 2 2 2 2 2 2 2 2 2 2 2 2 2 2
left_child=1 -1 3 19 5 6 7 8 10 11 12 14 13 -4 15 20 21 -16 35 -2 23 -6 -23 26 -25 -26 27 28 29 30 31 -8 -33 -31 -34 36 -14 38 -35
right_child=2 -3 4 -5 16 -7 9 -9 -10 -11 -12 -13 18 -15 17 -17 -18 -19 -20 -21 -22 22 -24 24 25 -27 -28 -29 -30 33 -32 32 34 37 -36 -37 -38 -39 -40
leaf_value=-0.40426495055854322 -0.79275453204200386 2.0992092695087194 -0.21101457131536386 -1.3134930538094562 -0.4996234602871395 1.5283900284767151 -0.07258641263072807 2.0645537301446453 1.2303362649643708 -0.85096373856067664 -0.73973561218290618 0.77324695984522507 -0.69224867165088666 1.640554589442909 -0.20375020939557414 -0.5529637153332051 -0.63110073871082728 -0.89022612032436188 0.15451816117330908 -0.11562297687582349 0.37610127771342244 0.31976761127943581 -0.20557892499491573 -0.43061972902880774 0.33521171097333236 -0.21618093511887959 0.36332880006386686 -0.13322928003518961 0.53532445681095131 -0.22580524088268211 0.7817151151823275 0.79423086736351256 -0.12992691528236514 -0.056116308339209442 0.25158272946638793 -0.070475756687422605 -0.14176731294190342 -0.077762839024006908 0.3078054446913302
leaf_weight=25 21 20 38 23 21 25 211 33 21 30 33 21 25 20 28 26 36 21 62 23 27 23 32 45 24 35 26 183 25 92 33 32 101 166 29 96 44 360 80
leaf_count=25 21 20 38 23 21 25 211 33 21 30 33 21 25 20 28 26 36 21 62 23 27 23 32 45 24 35 26 183 25 92 33 32 101 166 29 96 44 360 80
internal_value=-2.78829e-10 0.70839 -0.0146834 -0.739067 0.00838401 0.0251383 0.00603243 0.197901 0.0161911 -0.0387168 -0.0639882 -0.0231466 0.0142562 0.427458 -0.0339783 -0.0187711 -0.289603 -0.497954 -0.0913195 -0.438799 -0.00931637 -0.127842 0.0141114 -0.0165329 -0.181722 0.00811438 -0.00369308 -0.0109664 0.00885126 -0.00307069 0.0740629 0.0114556 0.120918 -0.0479364 -0.0448209 -0.183695 -0.341217 -0.0209332 0.0622322
internal_weight=2216 45 2171 67 2104 1992 1967 372 339 1595 318 1565 285 58 1544 1495 112 49 227 44 1469 76 55 1442 104 59 1338 1312 1129 1104 406 373 162 698 130 165 69 606 246
internal_count=2216 45 2171 67 2104 1992 1967 372 339 1595 318 1565 285 58 1544 1495 112 49 227 44 1469 76 55 1442 104 59 1338 1312 1129 1104 406 373 162 698 130 165 69 606 246
is_linear=0
shrinkage=0.05


Tree=73
num_leaves=40
num_cat=0
split_feature=30 6 18 24 27 28 30 7 7 3 33 12 8 5 28 28 27 10 30 29 30 29 29 10 16 3 27 16 19 13 22 19 15 28 33 0 21 15 18
split_gain=9171.29 4930.61 8667.01 3751.68 3463.71 27035 7953.59 4639.39 14669 7338.2 4996.98 3721.51 3705.51 3072.26 2886.56 11258.9 2947.48 8124.5 1847.62 1783.5 1704.56 1552.61 3177.62 2853.54 4547.37 1896.11 2114.14 1436.56 1330.51 1320.77 11167.9 1388.18 1314.41 8005.67 1572.76 1210.34 1150.31 1096.16 1406.88
threshold=-2.4608415365219112 4.711318016052247 -1.5910865664482114 -1.4537886977195738 0.25011114776134497 1.6180556416511538 1.0098809599876406 1.1276233196258547 1.0725600123405459 2.3868050575256352 -0.04742735251784324 0.99506542086601268 0.96793350577354442 0.700014889240265 -1.2388885617256162 -1.179234445095062 0.16876037418842318 0.057604053989052779 1.0567454695701601 1.29120808839798 0.77898994088172924 0.16402238607406619 0.21774261444807055 -0.31344148516654963 0.5603347420692445 -0.82257151603698719 1.356690049171448 0.72392645478248607 1.2423384189605715 -0.58716601133346547 -0.73735532164573658 -0.5152541697025298 -0.24508886784315106 -0.19005730003118512 -0.047487620264291756 -0.47671638429164881 -1.2483482360839842 1.6533120274543764 1.3711248040199282
decision_type=2 2 2 2 2 2 2 2 2 2 2 2 2 2 2 2 2 2 2 2 2 2 2 2 2 2 2 2 2 2 2 2 2 2 2 2 2 2 2
left_child=-1 2 3 -2 5 6 7 8 9 10 11 14 18 37 -4 -16 29 -18 19 20 21 -6 -23 25 -25 26 -24 -13 -26 30 36 -31 33 34 -33 -27 -17 38 -9
right_child=1 -3 4 -5 12 -7 -8 13 -10 -11 -12 27 -14 -15 15 16 17 -19 -20 -21 -22 22 23 24 28 35 -28 -29 -30 31 -32 32 -34 -35 -36 -37 -38 -39 -40
leaf_value=0.93354577467991762 -0.16937734264394511 0.77038808614015586 -0.28791948558739672 -1.0181599587698777 -0.10694856436796558 1.6744420633316039 0.88076619276633628 -0.14614132847271713 1.3779795405268669 0.96059198856353767 0.66565551526016664 -0.75492968914054692 -0.5691064568922708 -0.66330782683456646 1.1157603139138741 -0.35415459451852027 -0.038634223739306139 1.1298957782132286 -0.53643506754189729 -0.46380935573577881 0.42095768854022025 0.47222531171221482 -0.18631129115819933 0.82589623122052724 -0.24027607940858409 -0.61899909895399352 0.47734949663281445 -0.21932652374549258 0.26814690841869876 -0.22411883083820744 1.1722065468629201 0.30093412523468338 -0.076177600125746314 1.001410788776619 -0.15356212294073371 -0.19239720275004707 0.0059863145718531269 -0.40831256151199347 0.31248923256993294
leaf_weight=26 23 20 81 30 412 25 26 102 20 20 27 21 38 34 23 27 51 21 20 25 20 38 30 22 31 23 20 31 22 112 21 24 403 21 92 60 124 30 20
leaf_count=26 23 20 81 30 412 25 26 102 20 20 27 21 38 34 23 27 51 21 20 25 20 38 30 22 31 23 20 31 22 112 21 24 403 21 92 60 124 30 20
internal_value=1.47183e-09 -0.0110832 -0.0182857 -0.64982 -0.00247495 0.0454369 0.0148395 -0.00241272 0.0360231 0.0116017 -0.00598847 -0.0232265 -0.0878474 -0.233648 -0.00178161 0.0234384 -0.00460114 0.302187 -0.062553 -0.0490713 -0.0337786 -0.0476003 0.0517959 -0.0250133 0.221605 -0.164084 0.079153 -0.435628 -0.0292326 -0.0314079 0.0918399 -0.0639211 -0.0306949 0.103097 -0.0595284 -0.310612 -0.0584097 -0.13754 -0.070956
internal_weight=2216 2190 2170 53 2117 1356 1331 1305 1119 1099 1079 1052 761 186 1000 919 896 72 723 703 678 658 246 208 75 133 50 52 53 824 172 652 540 137 116 83 151 152 122
internal_count=2216 2190 2170 53 2117 1356 1331 1305 1119 1099 1079 1052 761 186 1000 919 896 72 723 703 678 658 246 208 75 133 50 52 53 824 172 652 540 137 116 83 151 152 122
is_linear=0
shrinkage=0.05


Tree=74
num_leaves=40
num_cat=0
split_feature=12 22 30 27 29 28 11 7 27 20 27 30 18 24 31 29 5 5 12 21 17 6 13 5 5 22 27 29 5 5 0 30 29 29 15 30 29 29 27
split_gain=8804.51 34242.8 8056.8 6510.02 7502.33 9100.13 3837.25 28124 7322.19 45572.4 13941.3 7436.54 3733.14 3221.96 2959.6 2944.35 1988.3 1929.26 1911.78 1830.16 1521.4 1396.19 1109.5 1068.46 2656.46 7700.32 2721.33 1079.22 1043.85 1140.31 1033.88 1031.66 912.364 3744.15 1025.25 1476 1112.38 1616.7 1965.35
threshold=-1.3754690289497373 -1.6634678840637205 -2.4608415365219112 -1.2386001944541929 2.0162298083305363 -1.2250468134880064 1.6160847544670107 1.6315463185310366 -0.58386245369911183 0.39998349547386175 -0.61005219817161549 1.0567454695701601 1.7937170863151553 0.92707434296607982 2.8130685091018681 0.071945838630199446 -0.22905685007572171 -0.13407536596059796 0.7672814428806306 -1.3680402636528013 1.942263722419739 2.872025847434998 1.2828783988952639 1.3889035582542422 0.82119813561439525 -0.10311869904398917 0.16876037418842318 1.1304740905761721 -0.428845465183258 -0.57513877749443043 -0.5294818878173827 0.19822473824024203 0.46461574733257299 0.42881171405315405 -1.1271014213562009 -0.31357385218143458 -0.60456100106239308 -0.41597388684749598 0.27792437374591833
decision_type=2 2 2 2 2 2 2 2 2 2 2 2 2 2 2 2 2 2 2 2 2 2 2 2 2 2 2 2 2 2 2 2 2 2 2 2 2 2 2
left_child=2 -2 -1 15 5 -5 7 8 9 10 13 12 14 18 19 -3 -14 20 28 -10 30 22 23 24 27 -26 -27 32 29 -7 -8 -30 33 34 -21 -36 -37 38 -38
right_child=1 3 -4 4 -6 6 17 -9 11 -11 -12 -13 16 -15 -16 -17 -18 -19 -20 21 -22 -23 -24 -25 25 26 -28 -29 31 -31 -32 -33 -34 -35 35 36 37 -39 -40
leaf_value=-1.3426937406713313 1.8961769439280034 -0.23057322787971779 -0.19090938616772088 0.95520158016681678 0.95728665419987269 -0.086248477189978467 -0.19973236052762897 1.7887584577907216 -0.46618382605639375 1.9708508578213779 1.2594498813152315 -0.85948313474655158 -0.19077927424971547 -0.70733677173654241 -0.55179568065213969 -0.83348243722209225 -0.83438627152215872 -0.60349794149398805 0.40725515440106391 0.31349486423575362 -0.43806372351116601 0.3494908649336409 -0.31430371681849167 -0.16519105748245211 1.0536377630641927 -0.4512681436603484 0.32657452848824592 0.2843856074412664 -0.11213352406590149 0.32077242503027348 0.3025784754753113 -0.47737949860507051 -0.13363506933107458 0.64287087050351233 -0.21604248083063535 -0.19454145705930784 0.3963215029510585 -0.012230935506332849 -0.10150430084716888
leaf_weight=22 24 81 49 25 21 79 21 22 22 33 20 28 28 21 26 27 21 35 20 23 27 27 30 99 23 23 22 30 58 22 20 29 152 22 91 71 55 736 31
leaf_count=22 24 81 49 25 21 79 21 22 22 33 20 28 28 21 26 27 21 35 20 23 27 27 30 99 23 23 22 30 58 22 20 29 152 22 91 71 55 736 31
internal_value=8.43523e-10 0.0181323 -0.5478 -0.00311854 0.0171714 0.00726055 -0.00478751 0.0116287 -0.0095965 0.224871 -0.00652352 -0.0519811 -0.0372225 -0.117089 -0.0230351 -0.381301 -0.466611 -0.301873 -0.0574966 -0.0135994 -0.146625 -0.00666082 -0.0134904 -0.00694153 0.00530766 0.309399 -0.0709895 -0.0117677 -0.106938 0.00240954 0.0452973 -0.233882 -0.0192906 -0.00240008 -0.0164974 -0.0242106 -0.00466222 0.0117385 0.216873
internal_weight=2216 2145 71 2121 2013 1992 1967 1864 1842 282 249 1560 1532 229 1483 108 49 103 208 1457 68 1435 1408 1378 1279 68 45 1211 188 101 41 87 1181 1029 1007 984 893 822 86
internal_count=2216 2145 71 2121 2013 1992 1967 1864 1842 282 249 1560 1532 229 1483 108 49 103 208 1457 68 1435 1408 1378 1279 68 45 1211 188 101 41 87 1181 1029 1007 984 893 822 86
is_linear=0
shrinkage=0.05


Tree=75
num_leaves=40
num_cat=0
split_feature=30 15 27 6 4 5 30 5 8 27 29 16 5 20 11 6 13 15 29 7 30 13 6 15 6 21 27 30 11 5 10 10 29 29 31 0 20 30 28
split_gain=9326.12 4862.54 9258.39 3543.63 4226.61 4181.36 7409.87 9607.06 18877.4 4695.41 20657.4 4665.76 31515 3221.33 3168.54 2924.79 2340.93 1790.47 1725.7 1588.02 1248.84 1010.72 1378.83 979.292 949.694 1240.79 761.714 750.878 718.063 715.082 705.339 672.111 647.829 1993.01 1018.44 3394.19 3974.23 3474.75 2230.61
threshold=-2.4608415365219112 -1.584319472312927 -1.9179521799087522 3.2509608268737797 2.1403487920761113 0.93583095073699962 1.0098809599876406 0.700014889240265 -0.039666689932346337 -1.1976896524429319 -0.077669773250818239 1.840181350708008 -0.19084589928388593 -1.6137911677360532 1.1336319446563723 2.2832190990448002 0.9618494212627412 0.91597193479537975 -0.53842404484748829 0.71246248483657848 -0.88363802433013905 0.54764944314956676 -0.4421983510255813 1.6231278181076052 1.3081901073455813 0.28048263490200048 -0.96167722344398487 0.31875561177730566 -0.48893012106418604 -0.54020306468009938 -0.19707467406988141 -0.047718908637762063 -0.5066140592098235 -0.46025393903255457 -0.078946899622678743 0.17274641245603564 -0.70294493436813343 0.28248156607151037 -0.11437208205461501
decision_type=2 2 2 2 2 2 2 2 2 2 2 2 2 2 2 2 2 2 2 2 2 2 2 2 2 2 2 2 2 2 2 2 2 2 2 2 2 2 2
left_child=-1 -2 13 4 5 6 7 9 -9 10 -4 15 -13 -3 18 16 20 27 -7 21 -11 22 30 -19 26 -26 -22 29 -5 -18 -20 -32 -28 -34 -35 36 -36 -38 -37
right_child=1 2 3 28 -6 14 -8 8 -10 11 -12 12 -14 -15 -16 -17 17 23 19 -21 24 -23 -24 -25 25 -27 32 -29 -30 -31 31 -33 33 34 35 38 37 -39 -40
leaf_value=0.94139310121536257 0.76488181650638587 -1.2048809736967088 -0.16976036588680379 -0.21230733592063189 0.69548792368309065 0.23980787596000092 0.71614680368649342 -0.16475792939846334 1.8784790225327015 -0.3526594043771426 1.7045810095611076 -0.22601115138580405 2.0658223605155945 -0.34568331589301432 -0.67463549176851911 0.4444759131222964 -0.1075941656123508 0.010836605518124999 -0.22522807278980814 0.2415876167267561 -0.21231395782408666 -0.54561888589100405 -0.47423145268112421 -0.38999399319291117 -0.4974092622598012 0.035833925791084763 -0.10477719528393613 -0.66942683024839922 -0.61080763749778277 -0.49844895070791245 0.25389695137739182 -0.10261087169249852 0.43486946683663591 -0.041438623154612025 0.89378830460102676 -0.21156821400657591 -0.15470924442861139 0.58419897670929255 0.090292306081848406
leaf_weight=26 20 20 49 20 22 28 38 26 20 30 21 60 20 24 30 30 22 64 60 20 49 22 32 20 24 20 162 22 26 25 20 39 26 734 23 102 41 26 153
leaf_count=26 20 20 49 20 22 28 38 26 20 30 21 60 20 24 30 30 22 64 60 20 49 22 32 20 24 20 162 22 26 25 20 39 26 734 23 102 41 26 153
internal_value=1.89849e-09 -0.0111764 -0.018329 -0.00347123 0.00612852 -0.00124073 0.0253215 0.0104818 0.723606 -0.00855693 0.392542 -0.0255424 0.346947 -0.736228 -0.192467 -0.0444865 -0.0539933 -0.239621 -0.127015 -0.180232 -0.0335608 -0.228998 -0.182867 -0.0845993 -0.0265219 -0.255026 -0.0188819 -0.428343 -0.437547 -0.315496 -0.104517 0.0182392 -0.0114012 0.00228837 -0.00813527 0.0627188 0.326703 0.132031 -0.0304519
internal_weight=2216 2190 2170 2126 2080 2058 1807 1769 46 1723 70 1653 80 44 251 1573 1543 153 221 193 1390 173 151 84 1360 44 1316 69 46 47 119 59 1267 1105 1079 345 90 67 255
internal_count=2216 2190 2170 2126 2080 2058 1807 1769 46 1723 70 1653 80 44 251 1573 1543 153 221 193 1390 173 151 84 1360 44 1316 69 46 47 119 59 1267 1105 1079 345 90 67 255
is_linear=0
shrinkage=0.05


Tree=76
num_leaves=40
num_cat=0
split_feature=28 30 16 3 31 29 9 14 30 23 23 30 23 5 11 28 18 17 6 19 12 4 4 6 5 33 28 3 3 18 29 30 30 5 4 0 7 16 30
split_gain=8927.48 26879.4 13403.6 4325.9 66428.2 112476 12994.1 34438.2 6745.32 5115.59 17744.8 5083.18 4038.32 3836.91 3261.91 3037.49 2384.79 2473.06 2035.04 1713.93 2420.47 1761.55 6874.6 2845.83 1447.65 1516.26 3964.29 1435.97 1972.91 1837.51 1420.21 1386.51 2656.88 2662.06 2364.2 1574.75 1430.08 6150.43 3132.76
threshold=-1.5452485680580137 -0.18787831068038938 -1.5581622719764707 -0.27481402456760401 -0.57379686832427967 -0.0043747618328779927 1.2217946052551272 1.5510139465332033 1.0098809599876406 0.89250150322914135 0.82500630617141735 1.0098809599876406 -1.369966387748718 3.0898362398147587 -1.235800504684448 -1.399449288845062 1.757795035839081 -1.4076604247093198 -0.17402893304824826 1.5762847661972048 1.019953787326813 2.0167883634567265 1.8163871169090273 0.94237199425697338 0.88779434561729442 -0.047476824373006814 -0.44768442213535303 1.8135544657707217 1.7170940041542055 -0.043613327667117112 -0.039238667115569108 -0.10449956357479094 -0.1422249302268028 -0.1373505890369415 -0.27614629268646235 0.41779297590255743 0.11392801254987718 -0.10087344050407408 0.27967716753482824
decision_type=2 2 2 2 2 2 2 2 2 2 2 2 2 2 2 2 2 2 2 2 2 2 2 2 2 2 2 2 2 2 2 2 2 2 2 2 2 2 2
left_child=1 -1 12 11 5 -5 8 -8 9 10 13 15 18 14 -6 -4 17 -17 -2 20 21 22 23 24 25 -19 -27 28 31 -29 -9 32 33 34 -16 -35 -33 -38 -39
right_child=2 -3 3 4 6 -7 7 30 -10 -11 -12 -13 -14 -15 27 16 -18 19 -20 -21 -22 -23 -24 -25 -26 26 -28 29 -30 -31 -32 36 -34 35 -36 -37 37 38 -40
leaf_value=2.0633107298612594 -0.78586239871524632 -0.39593187671899799 0.56872951701283458 -0.32354486056913934 -0.61346022460771643 4.7534273886680607 1.7773566082545689 -0.052776750015175872 -0.97154360771179205 -0.48197469680157845 1.4270667598361062 -0.79280954236569612 -1.2475541570912236 -0.73029956132173535 0.72269287488677292 -0.4317674389207049 -0.36232717149591043 -0.028372618171048764 -0.10507788917292721 0.39657063273092114 -0.276837676771722 -0.3541266344700541 0.82479448291659363 -0.33437568406646068 0.41947453693442399 -0.067731924715141459 0.59032254897662118 -0.35109913826934874 0.49180287976156589 0.022388737313989281 -0.6214980088529134 -0.11299160250682172 0.63331422821983052 -0.31631246306123617 -0.010326738045974213 0.14932047031198939 0.87568537883815312 -0.28929558603299993 0.24687671307474376
leaf_weight=20 21 25 20 24 23 20 35 23 20 61 21 23 23 20 22 38 59 663 23 24 91 35 25 65 21 60 37 63 22 69 21 246 23 46 22 30 21 63 48
leaf_count=20 21 25 20 24 23 20 35 23 20 61 21 23 23 20 22 38 59 663 23 24 91 35 25 65 21 60 37 63 22 69 21 246 23 46 22 30 21 63 48
internal_value=-4.15162e-10 0.697065 -0.0144486 0.00772135 0.0872723 1.98417 -0.00556803 0.606863 -0.0645705 -0.0418962 -0.00557035 -0.0568924 -0.710651 -0.047472 -0.0279067 -0.0420189 -0.0529446 -0.035708 -0.429998 -0.0209673 -0.0310183 -0.00632787 0.00764797 -0.0164994 0.00995639 -0.00135925 0.183279 -0.00795454 0.028002 -0.155867 -0.324212 0.00841736 0.141032 0.0466775 0.356183 -0.13251 -0.0417515 0.091014 -0.0574373
internal_weight=2216 45 2171 2104 943 44 899 79 820 800 739 1161 67 718 698 1138 1118 1059 44 1021 997 906 871 846 781 760 97 675 543 132 44 521 143 120 44 76 378 132 111
internal_count=2216 45 2171 2104 943 44 899 79 820 800 739 1161 67 718 698 1138 1118 1059 44 1021 997 906 871 846 781 760 97 675 543 132 44 521 143 120 44 76 378 132 111
is_linear=0
shrinkage=0.05


Tree=77
num_leaves=40
num_cat=0
split_feature=30 6 27 30 30 30 4 14 4 13 9 27 28 4 33 31 29 6 29 27 27 5 5 29 14 20 24 22 0 31 27 27 2 33 3 30 14 27 12
split_gain=8826.98 4789.73 7972.5 4843.29 11247.4 7913.35 3630.22 14543.6 34795.3 6554.82 15791.3 4771.02 17984.7 6418.32 4197.22 3936.87 2363.62 3129.75 2054.37 3741.03 2798.62 3178.31 11827.6 2228.23 1976.71 2047 2028.76 1924.06 1776.31 1718.6 1498.09 2584.13 1860.75 1805.87 3013.51 1524.62 2212.83 1481.14 1362.37
threshold=-2.4608415365219112 4.711318016052247 -1.8494415283203123 1.3463437557220461 1.0567454695701601 0.9120679795742036 0.55250677466392528 1.4663060307502749 1.2772708535194399 0.97933045029640209 1.0898658037185671 -0.44540180265903467 -0.13057799637317655 0.73200729489326488 -0.047482103109359734 2.8130685091018681 -0.52172148227691639 2.2832190990448002 0.45624069869518286 -1.1976896524429319 -0.41882969439029688 0.82119813561439525 1.3070229887962344 0.38735149800777441 -0.69742432236671437 -0.4150202870368957 -0.82837805151939381 -1.6634678840637205 0.033946326933801181 -0.8663225769996642 -0.15934929996728894 -0.21655220538377759 2.2576968073844914 -0.047474030405282967 0.73319759964942943 0.3456332534551621 -0.42963191866874689 -0.30422385036945337 0.61806491017341625
decision_type=2 2 2 2 2 2 2 2 2 2 2 2 2 2 2 2 2 2 2 2 2 2 2 2 2 2 2 2 2 2 2 2 2 2 2 2 2 2 2
left_child=-1 2 27 4 5 6 9 11 -9 10 18 12 13 -8 29 16 -13 28 19 -4 -21 23 -23 30 26 -26 -20 -2 -18 -11 31 37 33 35 -35 -32 -37 -22 -15
right_child=1 -3 3 -5 -6 -7 7 8 -10 14 -12 15 -14 38 -16 -17 17 -19 24 20 21 22 -24 -25 25 -27 -28 -29 -30 -31 32 -33 -34 34 -36 36 -38 -39 -40
leaf_value=0.91585451639615578 -0.87196849584579472 0.75935349270701413 0.48670838726194288 0.75359409763699492 -1.109129753060963 0.90532118231058123 0.70118111727329402 2.51085983812809 -0.34072081976286744 -0.036618999736522564 1.3873509370908144 -0.40508347054322558 1.6704436135292053 -0.080980745688924258 -1.0008887588977815 -0.72558893901961197 0.33251551622825287 0.53734636637899613 -0.12352488712396151 -0.15717942944336616 0.21876386297391914 1.3093586486171593 -0.10525611801279916 0.42034373009577397 -0.69680772525844759 -0.19486624111489553 0.43880202353000641 -0.30082514270786842 -0.067815535835800453 -0.35570413140874163 -0.16833172860233825 0.66070128798484806 0.35071344221079792 -0.097784285900885615 0.49164127009255543 0.49693675090304829 -0.070849993863166913 -0.17716567904095759 -0.5652944565564394
leaf_weight=26 30 20 38 21 23 24 26 20 23 67 20 36 20 53 20 21 31 27 81 269 51 22 45 30 27 82 20 29 261 114 336 20 27 57 35 22 78 44 20
leaf_count=26 30 20 38 21 23 24 26 20 23 67 20 36 20 53 20 21 31 27 81 269 51 22 45 30 27 82 20 29 261 114 336 20 27 57 35 22 78 44 20
internal_value=-1.61229e-09 -0.0108732 -0.017972 -0.00194993 -0.00954152 0.00269386 -0.0079097 0.103566 0.985596 -0.0477594 -0.00679174 0.0269451 0.302872 0.0265943 -0.31354 -0.0603827 -0.0210325 0.0223087 -0.0285074 -0.000541086 -0.0184132 0.0302545 0.359244 -0.00123449 -0.171535 -0.3192 -0.012173 -0.591237 -0.0253146 -0.23759 -0.0201111 0.144136 -0.0541444 -0.0748474 0.126454 -0.117324 0.0540631 0.035386 -0.213669
internal_weight=2216 2190 2170 2111 2090 2067 2043 538 43 1505 1304 495 119 99 201 376 355 319 1284 1074 1036 767 67 700 210 109 101 59 292 181 670 115 555 528 92 436 100 95 73
internal_count=2216 2190 2170 2111 2090 2067 2043 538 43 1505 1304 495 119 99 201 376 355 319 1284 1074 1036 767 67 700 210 109 101 59 292 181 670 115 555 528 92 436 100 95 73
is_linear=0
shrinkage=0.05


Tree=78
num_leaves=40
num_cat=0
split_feature=29 30 30 30 30 30 18 27 31 27 3 3 26 8 16 11 27 28 18 14 4 29 29 3 9 29 29 30 6 0 0 3 0 9 8 5 17 8 23
split_gain=8516.79 6183.79 9340.38 5304.42 10785.6 7233.7 4922.78 3361.79 3366.38 3353.53 2415.87 8987.64 4003.39 24255.5 2793.24 2464.96 2375.96 7544.26 2321.85 2071.57 1976.71 2486.43 2046.51 1836.55 1795.36 1669.15 3970.97 11251 1691.49 1437.42 1195.89 2288.77 1129.54 1070.94 2804.33 3678.45 2008.04 1340.02 1845.05
threshold=3.2934920787811284 -0.95633739233016957 -0.81057617068290699 1.3463437557220461 1.0567454695701601 0.9120679795742036 -1.5910865664482114 -1.7440809607505796 2.9253710508346562 -1.9179521799087522 1.8135544657707217 1.6654188036918642 1.385194003582001 1.4510754346847536 1.9792343378067019 1.7405065298080447 -1.2386001944541929 -1.2250468134880064 1.757795035839081 0.97446539998054515 -1.0347204208374021 0.40936382114887243 -0.88827767968177784 1.14246541261673 -0.22797565907239911 -0.52172148227691639 -0.44785918295383448 0.13834507763385775 1.739593029022217 0.49434766173362737 -0.8233588933944701 0.17648304253816607 -0.66076958179473866 0.53685480356216442 0.37150499224662786 -0.52273520827293385 0.61687722802162182 0.099902346730232253 0.13657109439373019
decision_type=2 2 2 2 2 2 2 2 2 2 2 2 2 2 2 2 2 2 2 2 2 2 2 2 2 2 2 2 2 2 2 2 2 2 2 2 2 2 2
left_child=1 9 -3 4 5 6 -4 -8 10 -1 11 12 13 14 16 -14 -9 -18 -17 24 21 23 -22 30 -12 29 27 -27 33 -24 -19 -32 -23 34 37 -36 -35 38 -28
right_child=-2 2 3 -5 -6 -7 7 8 -10 -11 19 -13 15 -15 -16 18 17 20 -20 -21 22 32 25 -25 -26 26 28 -29 -30 -31 31 -33 -34 36 35 -37 -38 -39 -40
leaf_value=-0.96006654699643468 0.93678014129400256 0.94630271173440494 -0.59259064044389465 0.78344347987856189 -1.0690325766801834 0.8600551623074959 0.62663303010520488 -0.40663580797814042 0.62033590362185531 -0.21588222960509906 -0.36582177386929593 0.81749249748659869 -0.53507046649853396 1.465952240196722 -0.57800269533287396 0.1406122314348898 0.81205379473311567 -0.0053657724425710479 -0.36743344407189982 -0.62440560549497615 0.48664744022217665 -0.71878285010655718 -0.056454849544735189 0.30330128736261813 0.023792575261035523 0.9829223042726517 0.018553817972446544 -0.46005176251584834 -0.28332726993123253 -0.4206236236169934 -0.73651049256324774 -0.1201518078685784 -0.21000733500812202 -0.33266534563459338 0.01088924158263851 0.7559275854627292 0.032032732121796921 -0.13915880951170739 0.42641940873180489
leaf_weight=24 24 26 36 21 24 24 21 37 21 41 48 33 54 28 22 46 28 87 44 25 22 24 84 28 77 35 632 22 51 40 20 61 20 61 37 30 99 130 29
leaf_count=24 24 26 36 21 24 24 21 37 21 41 48 33 54 28 22 46 28 87 44 25 22 24 84 28 77 35 632 22 51 40 20 61 20 61 37 30 99 130 29
internal_value=-1.47129e-09 -0.0102567 0.00442409 -0.00723171 -0.0152145 -0.00291311 -0.0131057 -0.00265402 -0.00934517 -0.490658 -0.0161125 -8.10484e-05 -0.0153153 0.00704932 -0.0184974 -0.268005 -0.010692 -0.00117911 -0.107766 -0.208917 -0.016239 -0.147853 0.00859391 -0.0716013 -0.125819 0.000180171 0.0193538 0.425985 -0.00232813 -0.173929 -0.134085 -0.272339 -0.487521 0.0117494 0.0338954 0.344489 -0.107008 0.00758727 0.0364481
internal_weight=2216 2192 2127 2101 2080 2056 2032 1996 1975 65 1954 1804 1771 1627 1599 144 1577 1540 90 150 1512 240 1272 196 125 1250 1126 57 1069 124 168 81 44 1018 858 67 160 791 661
internal_count=2216 2192 2127 2101 2080 2056 2032 1996 1975 65 1954 1804 1771 1627 1599 144 1577 1540 90 150 1512 240 1272 196 125 1250 1126 57 1069 124 168 81 44 1018 858 67 160 791 661
is_linear=0
shrinkage=0.05


Tree=79
num_leaves=40
num_cat=0
split_feature=27 15 12 29 13 29 6 30 31 28 7 16 16 24 13 5 31 29 17 4 2 13 30 30 29 8 0 3 12 12 9 4 4 29 30 33 3 17 20
split_gain=9139.59 9252.87 19868.1 15501.8 4070.28 5433.61 3481.44 5652.34 5204.93 4154.42 5059.19 4937.14 10841.2 4338.6 4252.23 2791.14 2270.62 2223.3 2160.22 2098.19 2043.26 1926.2 1596.19 3317.22 1570.4 7172.2 1518.51 3642.08 1477.43 5436.72 1519.61 1511.55 5115.51 1909.2 4469 1863 2886.93 4623.04 1152.34
threshold=-2.1934885978698726 -1.3155183792114256 -1.2229315042495725 3.2934920787811284 -1.3370534777641294 0.32382850348949438 -0.13905031234025952 1.0098809599876406 2.7546710968017583 -1.2250468134880064 2.1604351997375493 1.9227706193923952 1.7381920218467715 1.5304850935935976 0.88261732459068309 1.4926189184188845 0.86960539221763622 1.1304740905761721 -1.4685845971107481 -0.97939488291740406 2.2576968073844914 -1.1782376766204832 0.28248156607151037 0.3456332534551621 -0.51274108886718739 0.22564029693603518 -0.8233588933944701 0.17648304253816607 -0.59154635667800892 -0.53883349895477284 -0.79221186041831959 0.16399881243705752 0.069945458322763457 0.23727176338434222 0.19822473824024203 -0.047485981136560433 -0.75367119908332814 0.36611448228359228 0.48825961351394659
decision_type=2 2 2 2 2 2 2 2 2 2 2 2 2 2 2 2 2 2 2 2 2 2 2 2 2 2 2 2 2 2 2 2 2 2 2 2 2 2 2
left_child=-1 3 -3 4 5 -2 7 8 9 -4 11 12 13 14 17 24 -16 19 21 22 28 -6 26 -24 25 -8 -11 -28 30 -30 -21 32 33 35 -35 36 -31 -38 -37
right_child=1 2 6 -5 18 -7 15 -9 -10 10 -12 -13 -14 -15 16 -17 -18 -19 -20 20 -22 -23 23 -25 -26 -27 27 -29 29 31 -32 -33 -34 34 -36 38 37 -39 -40
leaf_value=0.80157177582383154 -0.26478807569947094 1.5474216935180483 0.57497247054707257 -1.6359045772325425 -0.96164545714855199 0.65320614245202813 0.90717798069119449 0.68382132089499281 0.80406740421340572 -0.068805752014081317 0.6416942856957516 -0.56205878479406246 1.0548422807206712 0.50969005989793104 -0.20125786520428651 -0.63653109911084182 -0.73051518654823311 0.46407252871990212 -0.16131673295830573 0.040683397334776349 0.45719465745819943 -0.29725010029971605 0.61013010612555918 -0.10757158135158429 -0.12964413405536523 -0.29982410315424207 -0.93289300655946139 -0.18842688818340717 0.84044454778943745 -0.079437079018837703 -0.26222856195814825 -0.077821411276830649 0.84163278568358657 0.65724835194445941 -0.10984582110093191 -0.20993800391132633 0.88438354982779588 -0.026536883097141986 0.075760932892560973
leaf_weight=35 40 21 32 21 24 27 20 33 21 127 30 40 24 38 107 25 25 25 43 79 27 20 21 69 358 32 20 92 21 74 87 235 21 37 39 120 26 30 50
leaf_count=35 40 21 32 21 24 27 20 33 21 127 30 40 24 38 107 25 25 25 43 79 27 20 21 69 358 32 20 92 21 74 87 235 21 37 39 120 26 30 50
internal_value=-1.09818e-09 -0.0128634 0.0175549 -0.361543 -0.187767 0.10515 0.00136987 0.036449 0.0223664 0.0113933 -0.000925378 -0.0143693 0.00134632 -0.0171091 -0.0321379 -0.123625 -0.301496 -0.0025085 -0.413346 -0.0124358 0.0292307 -0.659648 -0.119578 0.0598921 -0.0923498 0.164407 -0.187161 -0.321367 0.015122 0.0489813 -0.118072 0.0226827 0.0821751 0.0397585 0.263608 -0.01695 0.125535 0.39639 -0.125909
internal_weight=2216 2181 2006 175 154 67 1985 1550 1517 1496 1464 1434 1394 1370 1332 435 132 1200 87 1175 846 44 329 90 410 52 239 112 819 653 166 632 397 376 76 300 130 56 170
internal_count=2216 2181 2006 175 154 67 1985 1550 1517 1496 1464 1434 1394 1370 1332 435 132 1200 87 1175 846 44 329 90 410 52 239 112 819 653 166 632 397 376 76 300 130 56 170
is_linear=0
shrinkage=0.05


Tree=80
num_leaves=40
num_cat=0
split_feature=29 30 30 30 30 30 18 4 14 10 13 9 9 5 33 27 0 31 29 27 29 33 20 3 3 6 22 33 3 31 3 3 2 3 22 21 33 21 15
split_gain=8850.25 5935.43 8457.9 4653.53 10332.7 6481.61 4522.33 3257.12 12959.9 32203.3 6291.76 14100.2 5956.92 5203.96 3518.44 3156.04 2306.39 5148.68 1979.01 3602.36 2052.26 2170.51 10038.2 2505.3 6929.31 1910.89 1555.32 4056 1502.32 1493.9 1463.78 1421.65 1517.66 1630.12 2011.28 6804.91 2003.26 1354 2764.58
threshold=3.2934920787811284 -0.95633739233016957 -0.81057617068290699 1.3463437557220461 1.0567454695701601 0.9120679795742036 -1.5910865664482114 0.55250677466392528 1.4663060307502749 1.7403540611267092 0.97933045029640209 1.0898658037185671 -1.0740126967430113 2.5832682847976689 -0.047482103109359734 -1.9179521799087522 0.94580569863319408 0.83366858959198009 0.45624069869518286 -1.1976896524429319 0.38735149800777441 -0.047474030405282967 -0.10507600754499434 0.76351371407508861 1.8135544657707217 0.98318043351173412 -0.32428704202175135 -0.047476394101977341 -0.087405160069465623 -0.8663225769996642 0.2619194388389588 -0.1728415563702583 2.2576968073844914 -0.75367119908332814 0.68829804658889782 0.47067034244537359 -0.04748828895390033 0.83021616935729992 1.6533120274543764
decision_type=2 2 2 2 2 2 2 2 2 2 2 2 2 2 2 2 2 2 2 2 2 2 2 2 2 2 2 2 2 2 2 2 2 2 2 2 2 2 2
left_child=1 15 -3 4 5 6 -4 10 12 -10 11 18 -9 16 29 -1 17 25 19 -8 21 31 23 -23 -25 26 -14 -28 -20 -12 -30 32 33 -21 35 36 -35 -31 -39
right_child=-2 2 3 -5 -6 -7 7 8 9 -11 14 -13 13 -15 -16 -17 -18 -19 28 20 -22 22 -24 24 -26 -27 27 -29 30 37 -32 -33 -34 34 -36 -37 -38 38 -40
leaf_value=-0.93648781975110384 0.95494310756524414 0.90020761105876701 -0.56766489332334868 0.73341321377527147 -1.0460992410779 0.81427511038879552 0.48347403697277375 0.78175265455245979 2.4069057427998635 -0.30969640696421269 -0.043213121036985026 1.3175835284590722 -0.14437260864725845 0.70689674026022364 -0.92955531775951394 -0.2145487077897642 -0.15665348289494818 0.76051369031580796 -0.065627936455260577 -0.098230529854173909 0.38168983324430883 -0.13892004274998174 1.1337045073509218 0.9590062907763891 -0.32545260446412222 -0.32380774307064714 4.8192524337682175e-05 0.76674675889637167 -0.72180520653724667 -0.65765340053118193 -0.20771015405654911 -0.16110351742303225 0.37284890338778498 0.44786705053411424 -0.2354319661075715 0.99958167033536105 -0.055116845123403896 0.0042810366089854925 -0.55593009546399119
leaf_weight=24 24 26 36 21 24 24 38 25 20 24 67 20 55 24 20 41 235 24 116 350 32 107 22 21 21 40 69 23 20 26 45 241 24 24 40 21 113 49 40
leaf_count=24 24 26 36 21 24 24 38 25 20 24 67 20 55 24 20 41 235 24 116 350 32 107 22 21 21 40 69 23 20 26 45 241 24 24 40 21 113 49 40
internal_value=6.94063e-10 -0.0104556 0.0039274 -0.00716412 -0.0146411 -0.00260074 -0.0122489 -0.00223136 0.102781 0.925123 -0.0410796 0.000605436 0.0296844 -0.0103192 -0.300063 -0.481111 -0.0489138 0.0710807 -0.0207221 0.00550669 -0.01237 -0.025185 0.136735 -0.0104686 0.316777 -0.0174027 0.0659728 0.191723 -0.173458 -0.230888 -0.365893 -0.059242 -0.0163248 -0.0333689 0.0812856 0.161467 0.0329971 -0.34023 -0.247499
internal_weight=2216 2192 2127 2101 2080 2056 2032 1996 539 44 1457 1255 495 470 202 65 446 211 1235 1054 1016 984 171 149 42 187 147 92 181 182 65 813 572 548 198 158 137 115 89
internal_count=2216 2192 2127 2101 2080 2056 2032 1996 539 44 1457 1255 495 470 202 65 446 211 1235 1054 1016 984 171 149 42 187 147 92 181 182 65 813 572 548 198 158 137 115 89
is_linear=0
shrinkage=0.05


Tree=81
num_leaves=40
num_cat=0
split_feature=27 15 12 29 13 29 33 33 27 30 18 25 27 8 27 22 31 22 13 11 27 8 17 4 3 13 27 12 20 17 18 33 4 29 15 15 33 28 13
split_gain=8895.25 8600.36 17812.4 14986.6 3731.21 4891.18 3605.47 8880.33 18074.7 7532.65 3649.46 14036.4 2994.44 34995.6 4867.47 7323.89 3274.92 12204 3558.77 2942.83 2607.29 2417.9 1988.17 1942.22 1736.17 1717.21 1526.83 1638.85 14160 1469.35 2873.26 1454.7 1442.76 1306.66 2039.25 3329.77 3019.67 7344.76 1313.55
threshold=-2.1934885978698726 -1.3155183792114256 -1.2229315042495725 3.2934920787811284 -1.3370534777641294 0.32382850348949438 -0.047459915280342095 -0.047463884577155106 0.034452840685844428 1.0098809599876406 -1.0568026304244993 -1.1380925774574278 0.13492330908775332 1.3476914763450625 0.18121211230754855 0.38744238018989569 1.4993981122970583 0.65866887569427501 1.011401951313019 1.7909070849418642 -1.1536921858787534 0.96793350577354442 -1.4685845971107481 2.0690402984619145 0.70701545476913463 -1.1782376766204832 1.0399777889251711 -0.30952669680118555 -0.092555843293666826 0.60241582989692699 0.70724195241928112 -0.047471266239881509 0.12957405298948291 0.16813444346189502 0.26375301182270056 0.18927732855081561 -0.047476394101977341 -0.57690930366516102 -0.58716601133346547
decision_type=2 2 2 2 2 2 2 2 2 2 2 2 2 2 2 2 2 2 2 2 2 2 2 2 2 2 2 2 2 2 2 2 2 2 2 2 2 2 2
left_child=-1 3 -3 4 5 -2 7 9 -9 10 11 -4 16 14 15 -14 18 -18 20 24 -12 26 25 -8 -20 -6 27 28 32 -29 -31 33 -16 34 35 36 38 -38 -22
right_child=1 2 6 -5 22 -7 23 8 -10 -11 12 -13 13 -15 21 -17 17 -19 19 -21 31 -23 -24 -25 -26 -27 -28 29 -30 30 -32 -33 -34 -35 -36 -37 37 -39 -40
leaf_value=0.79078428160931391 -0.2485230360925198 1.4651937967255002 -0.1179489671997726 -1.6018565121151154 -0.91540012707312912 0.62244521702329325 -0.13127655393437615 1.8455806863307953 0.072067428657821578 0.77335598930235838 -0.53668803153214639 1.4224480164902551 1.1989003568887711 2.0620555471806301 -0.13200578019114248 -0.13802774325013162 1.1003130941390991 -0.41956811013764572 -0.35646500455177565 -0.052809050147022522 0.26388689147101507 -0.52068586166088404 -0.15218106140924056 -0.55168747956102548 -0.83916959710743111 -0.28808190237730741 -0.15888642716930257 -0.18997934670949523 1.2966470314108809 0.60847349680960183 -0.034947755210499726 -0.31727238836330041 0.33243629306554801 -0.13910602601302183 -0.12284139459774752 0.70571569320080541 -0.18631039834022523 1.0382532329608998 -0.06244553191327426
leaf_weight=35 40 21 50 21 24 27 164 20 51 31 27 21 20 21 102 21 25 28 98 77 36 26 43 33 23 20 159 110 23 20 131 43 20 163 157 21 25 24 215
leaf_count=35 40 21 50 21 24 27 164 20 51 31 27 21 20 21 102 21 25 28 98 77 36 26 43 33 23 20 159 110 23 20 131 43 20 163 157 21 25 24 215
internal_value=2.59439e-11 -0.0126903 0.0166358 -0.348851 -0.177987 0.102464 0.00131103 0.0236787 0.571649 0.00101944 -0.0131813 0.337661 -0.0286053 0.0540313 -0.0126911 0.514132 -0.0846986 0.297357 -0.106975 -0.294448 -0.0547668 -0.0492389 -0.393966 -0.201701 -0.448219 -0.630255 -0.027544 0.0238931 0.158669 -0.0509824 0.0502736 -0.0357436 -0.0558677 -0.0168579 0.0248293 0.0970545 0.0544482 0.413476 -0.0156409
internal_weight=2216 2181 2006 175 154 67 1985 1788 71 1717 1686 71 1615 653 632 41 962 53 909 198 711 591 87 197 121 44 565 406 145 261 151 684 122 641 478 321 300 49 251
internal_count=2216 2181 2006 175 154 67 1985 1788 71 1717 1686 71 1615 653 632 41 962 53 909 198 711 591 87 197 121 44 565 406 145 261 151 684 122 641 478 321 300 49 251
is_linear=0
shrinkage=0.05


Tree=82
num_leaves=40
num_cat=0
split_feature=29 30 30 18 27 0 30 7 7 29 30 18 17 31 27 7 28 6 21 29 28 29 33 0 18 20 29 29 30 30 11 7 7 30 22 21 33 33 30
split_gain=9201.84 5817.76 10375 4500.55 3351.49 41666.1 25074.7 7775.26 6494.84 20553.4 6493.98 4165.57 11079.1 3231.02 3105.3 2295.42 2265.7 1682.13 1681.12 1464.35 1241.93 1370.91 1252.01 1108.68 1069.79 5550.74 1338.97 2661.32 1334.6 3828.45 4151.51 4602.24 3418.4 1211.21 1085.6 3272.25 1126.23 1137.54 1047.44
threshold=3.2934920787811284 -0.88363802433013905 -0.7744469642639159 -1.5910865664482114 -0.58386245369911183 1.4892008900642397 0.75794383883476268 2.0837219953536992 -0.57883545756340016 -0.0043747618328779927 1.0567454695701601 1.8767962455749514 1.7536767125129702 2.7546710968017583 -1.9179521799087522 1.4905631542205813 -0.31295797228813166 2.872025847434998 0.8969155251979829 -0.18148659914731977 -0.98713001608848561 -0.11295622587203978 -0.047480942681431763 -0.16996102780103681 -0.74197369813919056 -0.70294493436813343 0.45624069869518286 0.38735149800777441 0.05640011094510556 0.15367031842470172 0.3163351714611054 1.0000000180025095e-35 -0.40624557435512537 0.20421768724918368 -0.62284919619560231 -0.48123708367347712 -0.047471266239881509 -0.047474229708313935 0.042605495080351836
decision_type=2 2 2 2 2 2 2 2 2 2 2 2 2 2 2 2 2 2 2 2 2 2 2 2 2 2 2 2 2 2 2 2 2 2 2 2 2 2 2
left_child=1 14 -3 -4 5 6 8 10 9 -5 11 12 13 15 -1 17 20 24 -18 -13 21 -10 23 -22 -6 -26 27 28 38 30 31 32 -30 -28 -31 -36 37 -37 -27
right_child=-2 2 3 4 7 -7 -8 -9 16 -11 -12 19 -14 -15 -16 -17 18 -19 -20 -21 22 -23 -24 -25 25 26 33 -29 29 34 -32 -33 -34 -35 35 36 -38 -39 -40
leaf_value=-0.91395235160986577 0.97372661729653687 0.99721479438818417 -0.54694833253559316 -0.23564976311958674 -0.1160998057613834 2.3543882656097415 1.7455675578117373 0.94873773157596597 -0.14599520658191883 1.3993781237830891 -0.77196684320767728 -0.78720441460609436 1.0759263452628385 -0.52690147165267265 -0.22204674049466849 -0.55093205511569987 -0.63877601236104964 0.41260149103143945 -0.094620047916065569 -0.26321366686373948 -0.0076262477623379749 -0.61857402583672894 -0.21888028019565647 0.40311887159943582 0.7095941896791812 -0.062789968453162454 -0.30104249164155905 0.4611142621886346 0.65339457674750268 -0.39525557205080991 -0.13805955616964236 0.97098103075705733 -0.056505646513298508 -0.014942004752034943 0.6059637654572726 -0.034672932883484234 -0.23000695136126501 0.34558316252770882 -0.43449295967817303
leaf_weight=24 24 26 38 57 234 20 20 20 57 29 30 20 23 32 50 20 40 23 22 40 92 21 59 20 27 362 73 31 28 20 45 29 43 75 20 310 71 21 20
leaf_count=24 24 26 38 57 234 20 20 20 57 29 30 20 23 32 50 20 40 23 22 40 92 21 59 20 27 362 73 31 28 20 45 29 43 75 20 310 71 21 20
internal_value=9.08397e-10 -0.0106612 0.00456457 -0.00777238 0.00220263 0.12506 0.0181382 -0.0310001 -0.0688859 0.315697 -0.0432699 -0.029319 -0.0130526 -0.0299303 -0.446449 -0.0189778 -0.175234 -0.0115483 -0.445688 -0.437877 -0.107891 -0.273228 -0.0324747 0.0657211 -0.0184719 0.000970543 -0.0156957 0.0050781 -0.0095113 0.0378252 0.260766 0.440238 0.223455 -0.156059 -0.0353115 -0.0182526 -0.0493081 -0.0105479 -0.0822509
internal_weight=2216 2192 2118 2092 2054 437 417 1617 397 86 1597 1567 1507 1484 74 1452 311 1432 62 60 249 78 171 112 1409 1175 1148 1000 969 587 145 100 71 148 442 422 402 331 382
internal_count=2216 2192 2118 2092 2054 437 417 1617 397 86 1597 1567 1507 1484 74 1452 311 1432 62 60 249 78 171 112 1409 1175 1148 1000 969 587 145 100 71 148 442 422 402 331 382
is_linear=0
shrinkage=0.05


Tree=83
num_leaves=40
num_cat=0
split_feature=27 18 29 7 30 18 25 33 31 6 3 17 16 16 16 7 12 13 27 20 18 6 21 29 4 30 3 29 4 27 27 18 17 29 29 9 21 15 33
split_gain=8575.93 8146.05 16579.2 14278.2 5212.36 3411.74 12036.8 3399.5 7040.37 3371.95 4929.42 2861.63 11055 4605.18 11057.4 2387.88 5202.88 2947.32 2307.52 2880.22 1980.99 1900.64 1844.31 1589.4 2064.94 2398.84 1581.75 1487.5 1421.86 1349.36 1186.83 1123.36 6313.22 1317.93 5258.8 1110.22 891.41 1743.51 2281.59
threshold=-2.1934885978698726 -1.2136644124984739 3.2934920787811284 -1.1821424365043638 1.0098809599876406 -1.0568026304244993 -1.1199038624763487 -0.04742735251784324 0.0940888747572899 2.9755042791366582 2.5976400375366215 2.6455668210983281 2.2964339256286626 1.9792343378067019 1.840181350708008 1.5522703528404238 1.4253037571907046 1.6902587413787844 -0.47532317042350763 0.21227244287729266 -1.5464836359024046 2.1986874341964726 0.0089741712436079996 1.1304740905761721 -1.0347204208374021 0.30846130847930914 -0.2038466930389404 0.40936382114887243 -1.0322614908218382 -1.1536921858787534 -0.62518873810768116 -0.59442287683486927 -0.51040005683898915 -0.48707868158817286 -0.4286902099847793 -0.82169550657272328 -0.43617224693298334 -0.3743527084589004 -0.047477655112743371
decision_type=2 2 2 2 2 2 2 2 2 2 2 2 2 2 2 2 2 2 2 2 2 2 2 2 2 2 2 2 2 2 2 2 2 2 2 2 2 2 2
left_child=-1 2 7 -3 5 6 -5 20 -9 10 11 12 13 14 15 16 18 -17 19 22 -2 23 29 24 25 27 -22 -20 -26 -7 -21 35 -33 -34 -35 -30 -36 38 -38
right_child=1 3 -4 4 -6 9 -8 8 -10 -11 -12 -13 -14 -15 -16 17 -18 -19 21 30 26 -23 -24 -25 28 -27 -28 -29 31 -31 -32 32 33 34 36 -37 37 -39 -40
leaf_value=0.77646083363464902 -0.74726218968629843 1.3504949408769609 -1.5957996530966325 -0.12775293852795253 0.62119037544026101 -0.45794985243784531 1.3046336386691442 0.74530906310038914 -0.31181862482594119 -0.42539262513116916 0.67847222376328253 -0.56912830627482869 1.0811484542877778 -0.75827222381319315 1.0755499624687692 -0.63016736242506244 0.63759827554225934 -0.028962723498648785 -0.20804487737612082 -0.71676936608094444 -0.10448489187187271 0.47548322347658023 0.23159464027096585 0.42686194522040233 0.4125608851286498 0.14372108808125963 -0.4861754036263416 -0.66939133902390802 0.01317299524071946 -0.086278108881935198 -0.26197276555467397 0.73957229261597002 -0.17296322202309966 0.69607180931738455 -0.2790663751108306 -0.27687318295885166 -0.038193854331970221 -0.01353571024483129 0.64431903138756752
leaf_weight=35 20 20 22 44 34 28 22 28 36 49 26 23 23 21 23 36 30 47 104 26 95 21 41 21 22 44 38 21 67 191 32 30 96 28 28 65 25 630 24
leaf_count=35 20 20 22 44 34 28 22 28 36 49 26 23 23 21 23 36 30 47 104 26 95 21 41 21 22 44 38 21 67 191 32 30 96 28 28 65 25 630 24
internal_value=5.63779e-10 -0.0124604 -0.28791 0.0214389 0.00760893 -0.00344074 0.349709 -0.155312 0.150675 -0.0162332 -0.00492537 -0.0150961 -0.00770477 -0.0224276 -0.0132296 -0.0283424 -0.0145591 -0.289726 -0.0272306 -0.14725 -0.283307 0.00390002 -0.0761782 -0.00431844 -0.0119661 -0.173788 -0.213539 -0.285551 0.0149777 -0.133798 -0.465847 0.00616918 0.0269921 0.00126714 0.0240238 -0.129653 -0.002592 0.008809 0.296098
internal_weight=2216 2181 239 1942 1922 1888 66 217 64 1822 1773 1747 1724 1701 1680 1657 1574 83 1544 318 153 1226 260 1205 1184 169 133 125 1015 219 58 993 861 831 735 132 707 679 49
internal_count=2216 2181 239 1942 1922 1888 66 217 64 1822 1773 1747 1724 1701 1680 1657 1574 83 1544 318 153 1226 260 1205 1184 169 133 125 1015 219 58 993 861 831 735 132 707 679 49
is_linear=0
shrinkage=0.05


Tree=84
num_leaves=40
num_cat=0
split_feature=29 30 30 18 29 30 27 28 29 13 14 12 23 3 5 27 0 15 30 5 27 6 6 19 18 19 21 17 15 33 33 15 29 15 15 15 21 21 28
split_gain=9584.17 5387.67 9330.46 4300.42 3568.07 11974.4 4439.44 3624 26144.8 3546.67 29230.7 4983.33 21463.1 5450.16 4557.13 3021 2531.6 2483.82 2321.38 1304.11 1250.57 1171.55 1423.71 1280.05 1183.83 5363.26 1078.48 1438.92 1471.74 4610.51 9894.5 1846.26 1694.42 1510.28 2027.93 4795.69 1660.32 2357.39 1650.33
threshold=3.2934920787811284 -0.88363802433013905 -0.7744469642639159 -1.5910865664482114 0.79209810495376598 1.0098809599876406 0.4204875528812409 -1.2250468134880064 -0.085064455866813646 1.5881919264793398 1.4663060307502749 1.1007702946662905 1.0408725142478945 2.5976400375366215 0.30262109637260443 -1.9179521799087522 -0.0066562783904373637 1.8295560479164126 0.65969780087471019 2.856203675270081 -0.76310309767723072 2.7452282905578618 1.3081901073455813 0.22916152328252795 -0.59442287683486927 -0.56351080536842335 -0.55546247959136952 -0.44081726670265192 -0.096796888858079896 -0.047476824373006814 -0.047472350299358361 -0.14836528897285459 -0.2475645914673805 0.032859392464160926 0.2545489519834519 0.20969139039516452 0.10278645157814027 -0.062645299360156045 -0.091142848134040819
decision_type=2 2 2 2 2 2 2 2 2 2 2 2 2 2 2 2 2 2 2 2 2 2 2 2 2 2 2 2 2 2 2 2 2 2 2 2 2 2 2
left_child=1 15 -3 -4 5 7 18 8 -5 10 11 12 13 17 -13 -1 -8 19 -6 21 -11 22 24 -24 -9 -26 -27 -28 29 31 -31 -29 -32 -30 35 36 37 -35 -36
right_child=-2 2 3 4 6 -7 16 9 -10 20 -12 14 -14 -15 -16 -17 -18 -19 -20 -21 -22 -23 23 -25 25 26 27 28 33 30 32 -33 -34 34 38 -37 -38 -39 -40
leaf_value=-0.8913653949896494 0.99374999105930328 0.94512529625342445 -0.53497908252144333 -0.15028233140268749 -0.31868858906355774 1.0641697340541416 -0.18654486856290275 -0.096193317067809411 1.9062467486411334 -0.044147923238137189 1.7763332107792733 -0.15011530576480761 1.6309105129539967 0.6867629563366926 -0.90186000892094198 -0.20891520382463932 0.54999180346727372 -0.51438043277997236 -0.92639740055257624 -0.41277372269403367 -0.41291272483083985 0.27414755865054974 -0.45661558989967621 0.0065414987504482276 0.82397759675979609 0.30361198261380196 -0.25280347426004451 -0.12105582738990216 -0.22149053631026461 1.3538341836560341 -0.2715379833465531 0.3071232730823179 0.29078234399895408 -0.091216685374577847 -0.47931228225881406 0.65755166837738621 -0.19294648905252587 0.52049266158470087 -0.035819046956563405
leaf_weight=24 24 26 38 68 55 27 28 324 20 34 23 72 20 27 28 50 20 26 22 21 71 34 35 26 20 28 58 134 92 21 21 31 37 36 22 36 58 28 451
leaf_count=24 24 26 38 68 55 27 28 324 20 34 23 72 20 27 28 50 20 26 22 21 71 34 35 26 20 28 58 134 92 21 21 31 37 36 22 36 58 28 451
internal_value=1.23392e-09 -0.0108805 0.00377173 -0.00792769 0.00182302 0.0185985 -0.257056 0.00375601 0.317111 -0.0114453 0.00588416 -0.0182679 0.00331699 -0.0174696 -0.360604 -0.43025 0.120345 -0.0298246 -0.49232 -0.0214978 -0.293503 -0.0159906 -0.0227565 -0.259204 -0.012432 0.0128604 -0.00254548 -0.0109088 0.00359987 0.109781 0.423888 -0.0406101 0.0871836 -0.0322343 -0.00464073 0.150449 0.000812274 0.176406 -0.0564466
internal_weight=2216 2192 2118 2092 2054 1929 125 1902 88 1814 1709 1686 1586 1566 100 74 48 1539 77 1513 105 1492 1458 61 1397 1073 1053 1025 967 244 79 165 58 723 631 158 122 64 473
internal_count=2216 2192 2118 2092 2054 1929 125 1902 88 1814 1709 1686 1586 1566 100 74 48 1539 77 1513 105 1492 1458 61 1397 1073 1053 1025 967 244 79 165 58 723 631 158 122 64 473
is_linear=0
shrinkage=0.05


Tree=85
num_leaves=40
num_cat=0
split_feature=29 30 30 30 30 30 20 14 13 8 8 3 27 27 28 28 5 4 9 11 18 27 6 24 27 27 29 3 4 30 0 15 29 29 14 29 29 2 30
split_gain=8649.72 4862.37 8420.74 4022.97 11071 5476.26 4517.6 2998.99 22812 5549.56 3815.18 4787.14 2726.46 2688.91 2339.53 13490 2366.53 1718.17 1709.05 1683.9 1966.08 1096.03 1536.06 1260.92 1241.4 3030.41 2086.01 5489.35 1582.85 1761.49 1355.94 1065.34 1018.54 4613.41 2281.46 1117.42 4346.34 1118.97 999.159
threshold=3.2934920787811284 -0.88363802433013905 -0.7744469642639159 1.3463437557220461 1.0567454695701601 0.9120679795742036 -1.6137911677360532 1.5510139465332033 1.4338148832321169 1.4510754346847536 1.1794789433479311 2.6286451816558842 -1.9179521799087522 -1.7440809607505796 -1.2388885617256162 -1.197591185569763 3.0898362398147587 -0.40523913502693171 -1.2198464870452879 1.7405065298080447 1.757795035839081 -0.46763706207275385 2.872025847434998 0.93824729323387157 1.0000000180025095e-35 -0.020698061212897297 -0.44785918295383448 0.47482140362262731 -1.0371792912483213 0.11389412730932237 -0.85877436399459828 1.0725123882293703 0.42881171405315405 0.49154929816722875 -0.67313215136528004 0.24387346208095553 0.20255824923515323 2.2576968073844914 -0.29523576796054835
decision_type=2 2 2 2 2 2 2 2 2 2 2 2 2 2 2 2 2 2 2 2 2 2 2 2 2 2 2 2 2 2 2 2 2 2 2 2 2 2 2
left_child=1 12 -3 4 5 6 -4 8 9 10 11 13 -1 -8 -15 -16 18 -12 -17 -9 31 23 24 -20 25 26 27 -23 29 30 -26 -21 35 -34 -35 36 37 -30 -28
right_child=-2 2 3 -5 -6 -7 7 19 -10 -11 17 -13 -14 14 15 16 -18 -19 21 20 -22 22 -24 -25 28 -27 38 -29 32 -31 -32 -33 33 34 -36 -37 -38 -39 -40
leaf_value=-0.84679714242617288 0.94406237800916049 0.89786902711941652 -0.64159688747354915 0.68103056408110119 -1.0821577106912932 0.74884104977051424 0.51381167111297443 -0.58878847929062672 1.5453815219302973 0.76570007321627243 -0.16433120861649514 0.7661932769417763 -0.19846944024227561 -0.32851700225876551 1.2511081614309836 -0.3793475394137204 -0.56479539662599565 -0.71966006778753722 -0.066845345402431214 -0.11139872099062609 -0.37612580695050829 -0.045254344454942613 0.3835646525025368 -0.46774891614913944 -0.081722611384022814 0.67636996775865565 0.28080772975528684 0.94250636764548057 -0.052124546958666307 -0.0096310001380484692 -0.58727568520439999 0.35666250817477707 0.82215284854173665 0.36681978497011913 -0.15740303993225099 -0.20219321935551196 0.62662685891756653 0.29749429970979691 -0.037884997958452377
leaf_weight=24 24 26 28 21 24 24 24 27 24 23 30 20 50 59 21 32 20 26 297 31 47 39 27 21 21 20 27 22 493 58 36 20 20 29 73 82 26 24 276
leaf_count=24 24 26 28 21 24 24 24 27 24 23 30 20 50 59 21 32 20 26 297 31 47 39 27 21 21 20 27 22 493 58 36 20 20 29 73 82 26 24 276
internal_value=-1.08867e-09 -0.0103365 0.00358315 -0.00753131 -0.0145133 -0.00199577 -0.0109034 -0.00205154 0.0137981 -0.00611412 -0.0158518 -0.00297491 -0.408738 -0.0117805 -0.0191016 -0.00813072 -0.0242257 -0.422162 -0.0175643 -0.239162 -0.142837 -0.0102877 0.0104541 -0.0933201 0.00236902 0.0771437 0.0442191 0.310987 -0.0309413 -0.203623 -0.401019 0.0721547 -0.004357 0.12779 -0.0083593 -0.0301521 -0.00417171 -0.0358947 -0.00948664
internal_weight=2216 2192 2118 2092 2071 2047 2023 1995 1870 1846 1823 1767 74 1747 1723 1664 1643 56 1623 125 98 1591 1273 318 1246 384 364 61 862 115 57 51 747 122 102 625 543 517 303
internal_count=2216 2192 2118 2092 2071 2047 2023 1995 1870 1846 1823 1767 74 1747 1723 1664 1643 56 1623 125 98 1591 1273 318 1246 384 364 61 862 115 57 51 747 122 102 625 543 517 303
is_linear=0
shrinkage=0.05


Tree=86
num_leaves=40
num_cat=0
split_feature=30 29 22 33 33 27 30 23 5 5 26 8 28 7 8 15 4 6 5 11 5 7 33 27 6 30 28 7 29 26 21 22 29 16 18 9 22 21 19
split_gain=8839.48 5095.61 6979.06 4223.21 7703.1 16293.1 6328.51 3072.92 2796.94 11405.3 4099.29 24348 2228.96 9557.15 1951.21 1699 1637.8 1590.62 1448.73 1693.99 1267.09 1310.77 1234.44 1232.48 1156.6 1162.95 1293.59 1202.71 2592.06 4584.54 2072.03 2945.1 1798.91 3434.31 6395.68 1200.75 1191.52 1102.36 1009.21
threshold=-2.4608415365219112 1.3590816259384157 -1.6769025325775144 -0.047459915280342095 -0.047463884577155106 1.0000000180025095e-35 1.0098809599876406 -1.0026875138282774 0.93583095073699962 0.700014889240265 1.385194003582001 1.4510754346847536 -1.2250468134880064 -0.57883545756340016 1.1794789433479311 0.72099879384040844 2.0844084024429326 2.7452282905578618 -0.16027715057134626 1.7909070849418642 1.2699037194252016 0.73658686876297008 -0.047461947426199906 -0.37592837214469904 1.19159471988678 -0.42359459400176996 -1.0515289902687071 -0.35899424552917475 0.45624069869518286 -0.29286170005798334 1.0000000180025095e-35 -0.30062720179557795 0.048317316919565208 -0.50446477532386769 -0.66343528032302845 -0.060960460454225533 -0.23074675351381299 0.28048263490200048 0.096158672124147429
decision_type=2 2 2 2 2 2 2 2 2 2 2 2 2 2 2 2 2 2 2 2 2 2 2 2 2 2 2 2 2 2 2 2 2 2 2 2 2 2 2
left_child=-1 2 -2 4 6 -6 8 -3 9 10 11 12 13 -4 17 20 38 24 19 23 -10 -22 -7 -12 25 -14 -27 28 29 30 31 32 33 34 -28 -29 -30 -26 -5
right_child=1 7 3 16 5 22 -8 -9 15 -11 18 -13 14 -15 -16 -17 -18 -19 -20 -21 21 -23 -24 -25 37 26 27 35 36 -31 -32 -33 -34 -35 -36 -37 -38 -39 -40
leaf_value=0.91650313780857973 0.80099830925464632 -0.18010407881094859 1.1263312752544881 -0.18812272466719152 1.6234357761300129 -0.17160062556785924 0.68382505033955432 -0.89918555219968166 -0.41438139682566677 0.8732471414514491 -0.67320427720745402 1.4976518104473751 -0.21872250666732299 -0.40088842275242015 -0.40989597123680693 -0.46723030480029792 -0.5679895200981544 0.42191985503537577 -0.62661238089203841 -0.024590012939676407 -0.12078182154468127 0.33353557273745538 0.31185614777647935 -0.18881579579721239 -0.51802361380794781 -0.25981084485538303 0.10142787223408833 -0.13509893034720541 -0.0027382330374514808 0.77784830232461299 -0.32240358027802024 0.65196024894714366 -0.13450518459307426 -0.24186009597033264 1.1197922730729695 0.0083326830253280856 -0.39471410007187813 -0.038379711329936984 0.12102025240659714
leaf_weight=26 27 39 20 220 23 31 33 24 27 37 24 27 68 21 33 46 26 20 24 63 77 20 23 29 23 48 58 199 47 27 27 25 66 32 21 547 33 25 30
leaf_count=26 27 39 20 220 23 31 33 24 27 37 24 27 68 21 33 46 26 20 24 63 77 20 23 29 23 48 58 199 47 27 27 25 66 32 21 547 33 25 30
internal_value=1.09024e-09 -0.0108809 0.00224515 -0.00802453 0.0195573 0.508988 -0.00201459 -0.45404 -0.0152192 0.00597452 -0.0153188 0.0110716 -0.0188818 0.344097 -0.0303384 -0.207708 -0.190305 -0.0204448 -0.273003 -0.199843 -0.111434 -0.0271081 0.0343161 -0.408162 -0.0275453 -0.0179027 -0.00581796 0.00544975 0.083998 0.161631 0.0889768 0.143963 0.0722124 0.195126 0.372132 -0.0299286 -0.164428 -0.268209 -0.151026
internal_weight=2216 2190 2127 2100 1824 77 1747 63 1714 1544 1507 1367 1340 41 1299 170 276 1266 140 116 124 97 54 53 1246 1198 1130 1082 336 256 229 202 177 111 79 746 80 48 250
internal_count=2216 2190 2127 2100 1824 77 1747 63 1714 1544 1507 1367 1340 41 1299 170 276 1266 140 116 124 97 54 53 1246 1198 1130 1082 336 256 229 202 177 111 79 746 80 48 250
is_linear=0
shrinkage=0.05


Tree=87
num_leaves=40
num_cat=0
split_feature=28 9 16 3 31 29 15 30 24 23 23 30 0 14 11 28 27 12 13 11 3 27 18 26 30 0 6 2 5 5 5 30 30 27 27 26 3 16 28
split_gain=8536.54 26359.2 10950.7 3888.24 61460.5 99239.7 13323.9 6748.04 7539.61 6182.14 15566.7 5691.71 3813.6 3555.05 3312.66 2949.69 2756.25 2369.87 2660.95 2616.7 1436.37 2591.82 1348.79 1583.57 1348.34 1844.06 1654.19 1550.46 1530.94 1525.62 1614.91 1152.54 3279.83 1487.38 2484.96 6701.55 2901.89 2876.15 3285.13
threshold=-1.5452485680580137 -0.67128363251686085 -1.5581622719764707 -0.27481402456760401 -0.57379686832427967 -0.0043747618328779927 1.8629074692726137 1.0098809599876406 1.5304850935935976 0.89250150322914135 0.82500630617141735 1.0098809599876406 2.798500776290894 -1.3821143507957456 -1.2531625032424925 -1.399449288845062 -2.3019390106201167 -1.2084381580352781 1.374600410461426 1.7405065298080447 0.34597781300544744 -0.54561036825180043 0.96812066435813915 0.45099233090877539 -0.34459145367145533 0.89286133646965038 1.0254462957382204 2.2576968073844914 0.88779434561729442 0.16833692789077762 -0.092589199542999254 0.31340506672859197 0.28248156607151037 -0.48385247588157648 -0.032259343191981309 -0.71250838041305531 0.042127428576350219 -0.13545396178960797 -0.018958125263452526
decision_type=2 2 2 2 2 2 2 2 2 2 2 2 2 2 2 2 2 2 2 2 2 2 2 2 2 2 2 2 2 2 2 2 2 2 2 2 2 2 2
left_child=1 -1 13 11 5 -5 7 8 9 10 12 15 14 16 -6 -4 -2 -17 24 -20 -11 -22 31 -24 -19 26 27 28 29 30 -26 32 33 -16 35 -35 -36 -37 -39
right_child=2 -3 3 4 6 -7 -8 -9 -10 20 -12 -13 -14 -15 22 17 -18 18 19 -21 21 -23 23 -25 25 -27 -28 -29 -30 -31 -32 -33 -34 34 36 37 -38 38 -40
leaf_value=2.0345915585756305 -0.83187436830429806 -0.40073620775341995 0.56224729463458067 -0.26176141149674853 -0.65968313544988633 4.5071412706375122 0.9082820222958139 -0.95610612034797671 0.79518532466005398 -0.13794070035219194 1.3671962118148804 -0.83407003931377255 -0.66673073023557672 -1.2017411172389985 -0.18424442281179571 -0.37351188634832705 -0.061712045852954568 -0.17465726160867648 -0.63167666656630383 -0.080565105285495528 -0.97420310584398428 -0.29727589466398763 0.58852476540952925 0.005999172691787992 -0.0097270498058916188 0.48573488508351148 -0.26260670623076815 0.33918388519022202 0.42418086617475464 -0.39267393654584887 0.39945221352577209 -0.14450456387092989 0.60879127112301923 1.0117228392172943 0.32654719888800532 -0.30610900281204123 -0.13580618106055684 0.77348876297473912 -0.071981919274010042
leaf_weight=20 21 25 20 24 20 20 38 20 27 23 20 23 24 20 102 54 26 110 35 56 26 31 20 28 680 20 56 36 21 25 25 155 22 22 41 36 197 20 27
leaf_count=20 21 25 20 24 20 20 38 20 27 23 20 23 24 20 102 54 26 110 35 56 26 31 20 28 680 20 56 36 21 25 25 155 22 22 41 36 197 20 27
internal_value=9.53308e-10 0.681632 -0.0141287 0.0059103 0.0813298 1.90592 -0.00797169 -0.0484103 -0.0268242 -0.0540899 -0.00859901 -0.0553477 -0.0471367 -0.643413 -0.0255856 -0.0396091 -0.405827 -0.0503757 -0.033976 -0.292531 -0.471468 -0.60605 -0.00665731 0.248718 -0.00979455 0.0112192 -3.85462e-05 0.0186448 0.00327944 -0.00882868 0.00478285 -0.0263647 0.0128465 -0.0166159 0.0332328 0.23585 -0.0561571 0.0301969 0.287793
internal_weight=2216 45 2171 2104 943 44 899 861 841 814 734 1161 714 67 690 1138 47 1118 1064 91 80 57 670 48 973 863 843 787 751 730 705 622 467 445 343 105 238 83 47
internal_count=2216 45 2171 2104 943 44 899 861 841 814 734 1161 714 67 690 1138 47 1118 1064 91 80 57 670 48 973 863 843 787 751 730 705 622 467 445 343 105 238 83 47
is_linear=0
shrinkage=0.05


Tree=88
num_leaves=40
num_cat=0
split_feature=30 6 28 30 30 30 4 26 5 23 23 0 9 21 19 19 15 7 21 24 27 7 30 33 15 15 16 23 12 33 14 3 20 21 3 3 28 16 11
split_gain=8462.58 4651.33 6845.34 3656.32 8715.83 4872.74 3053.3 11929 49427.4 5329.82 14309 5050.76 2895.31 2728.29 2357.11 10039.2 2335.23 2416.12 11986.3 5182.35 2119.7 1905.69 2041.18 1847.5 1638.03 1830.47 1527.91 1456.08 3733.87 2004.98 1406.17 1495.68 1117.7 1762.17 1093.89 1617.18 3562.99 7216.73 1359.1
threshold=-2.4608415365219112 4.711318016052247 -1.449693977832794 1.3463437557220461 1.0567454695701601 0.9120679795742036 0.55250677466392528 0.9546494483947755 0.09737375378608705 1.1383608579635622 1.0408725142478945 2.798500776290894 -1.0603730678558347 -1.6335124373435972 0.20737794041633609 0.31333126127719885 1.8295560479164126 -0.66309869289398182 -0.95100951194763172 -0.70586934685707081 -1.0741553902626035 -0.5446835160255431 0.12251437827944757 -0.047484617680311196 1.8295560479164126 1.0349448323249819 0.11696172505617143 -0.39302773773670191 -0.36445645987987513 -0.047474030405282967 -0.69742432236671437 1.14246541261673 -0.29294894635677332 -0.19473021477460858 -0.1728415563702583 -0.61173656582832325 0.76957467198371898 0.30837866663932806 0.0121090654283762
decision_type=2 2 2 2 2 2 2 2 2 2 2 2 2 2 2 2 2 2 2 2 2 2 2 2 2 2 2 2 2 2 2 2 2 2 2 2 2 2 2
left_child=-1 2 13 4 5 6 9 11 -9 10 16 12 -8 -2 26 -16 17 30 -19 -20 -21 22 -22 24 25 -11 32 -23 -29 34 31 -4 -14 -34 35 -30 37 38 -37
right_child=1 -3 3 -5 -6 -7 7 8 -10 23 -12 -13 14 -15 15 -17 -18 18 19 20 21 27 -24 -25 -26 -27 -28 28 29 -31 -32 -33 33 -35 -36 36 -38 -39 -40
leaf_value=0.89675086094782908 -1.0042885199189187 0.74837047353386887 -0.12378089386749305 0.6546613454818726 -0.9983462171121078 0.71044169527788958 0.462762547367149 -0.24244859461268448 2.3545951980565274 -0.34161950633385962 1.19913075712199 -0.76059991830871221 -0.16244931552478153 -0.30703816098418646 1.1592176500530471 -0.0089992485191622701 -0.55583084671802474 1.2007117761032922 0.60709561114058352 -0.51586432429877194 -0.015703754969265151 -0.20779540908879768 0.67495840966701515 -0.69628151169529673 -0.53270903937518599 0.10267202407121659 -0.44917888560428704 0.64693629060472757 -0.058143078991478053 0.36926558246215185 -0.40233677885982966 0.29361916278367456 0.45043599073086749 -0.062004702129671657 -0.13557544250667483 -0.24353144741414684 -0.22325668818241842 1.1302052079763434 0.30616923177784144
leaf_weight=26 20 20 321 21 22 24 36 53 28 49 24 21 115 47 21 148 21 21 33 22 23 107 20 27 35 44 29 21 301 30 42 23 23 62 232 23 37 22 22
leaf_count=26 20 20 321 21 22 24 36 53 28 49 24 21 115 47 21 148 21 21 33 22 23 107 20 27 35 44 29 21 301 30 42 23 23 62 232 23 37 22 22
internal_value=-1.95944e-09 -0.0106464 -0.0176419 -0.00179095 -0.00841223 0.00215988 -0.00618922 0.0962412 0.655295 -0.042791 -0.0107958 -0.00328261 0.0333618 -0.515173 -0.00547849 0.136164 -0.0327778 -0.0243285 0.0199689 -0.00779777 -0.0313925 -0.0186737 0.305534 -0.320427 -0.241145 -0.131417 -0.110009 -0.0362095 -0.00952387 -0.030192 -0.129219 -0.0958733 -0.0608297 0.0766557 -0.0490048 0.000586297 0.170563 0.388045 0.0252111
internal_weight=2216 2190 2170 2103 2082 2060 2036 536 81 1500 1345 455 434 67 398 169 1321 1300 914 893 860 838 43 155 128 93 229 795 688 667 386 344 200 85 637 405 104 67 45
internal_count=2216 2190 2170 2103 2082 2060 2036 536 81 1500 1345 455 434 67 398 169 1321 1300 914 893 860 838 43 155 128 93 229 795 688 667 386 344 200 85 637 405 104 67 45
is_linear=0
shrinkage=0.05


Tree=89
num_leaves=40
num_cat=0
split_feature=27 18 29 7 30 33 31 28 26 14 12 23 4 5 12 27 10 3 29 8 3 6 6 28 15 18 25 25 20 4 30 15 15 16 29 20 16 23 30
split_gain=8183.48 7489.9 16854.4 12928.7 4751.64 3454.13 6142.36 3302.84 2906 18596.7 4660.71 18328.9 4762.08 4054.54 1888.19 1814.9 1641.07 1573.48 1415.41 1312.66 1346.72 1300.52 3550.59 989.113 1047.91 952.946 4921.63 1147.33 2408.24 957.792 1597.55 1542.44 4562.34 1797.78 2550.57 6952.51 2334.86 1525.54 1479.59
threshold=-2.1934885978698726 -1.2136644124984739 3.2934920787811284 -1.1821424365043638 1.0098809599876406 -0.04742735251784324 0.0940888747572899 -1.2250468134880064 1.6671715974807741 1.4663060307502749 1.1007702946662905 1.0408725142478945 2.1403487920761113 0.30262109637260443 0.88168898224830639 -1.9179521799087522 -1.0846204757690427 -0.2038466930389404 1.1304740905761721 1.8979430794715884 -0.82257151603698719 3.2509608268737797 2.3458890914916997 1.1692005991935732 0.53553313016891491 -0.65026244521141041 -0.6484004259109496 -0.58439117670059193 -0.56072029471397389 -0.95480579137802113 0.28248156607151037 0.27601341903209692 0.20969139039516452 0.099900886416435256 -0.44785918295383448 -0.19615168869495389 0.059406541287899024 -0.26752480864524836 0.39260098338127142
decision_type=2 2 2 2 2 2 2 2 2 2 2 2 2 2 2 2 2 2 2 2 2 2 2 2 2 2 2 2 2 2 2 2 2 2 2 2 2 2 2
left_child=-1 2 5 -3 7 15 -7 -5 9 10 11 12 14 -12 16 -2 -9 -17 21 -10 -21 22 25 24 -16 -18 -27 -28 -29 30 37 32 33 34 35 -31 -36 -30 -32
right_child=1 3 -4 4 -6 6 -8 8 19 -11 13 -13 -14 -15 23 17 18 -19 -20 20 -22 -23 -24 -25 -26 26 27 28 29 31 38 -33 -34 -35 36 -37 -38 -39 -40
leaf_value=0.7584868632789169 -0.6918384243818847 1.2850237831473352 -1.5949971898035571 0.46437472880289365 0.59300996906617109 0.72125290312937329 -0.26615701880719927 -0.43571046538974934 -0.49869997769594199 1.2157730414021399 -0.15258272360596392 1.5048662438988687 0.7485147252678872 -0.86166358079229077 -0.40844434658912099 -0.098456250644797835 -0.10793657112085531 -0.49374155987273244 0.40767704270780086 0.18149418844418094 -0.31773512974381446 -0.33622365416057653 0.60735557461562362 -0.58433816567063335 0.074239449656527984 0.7241433823238248 -0.32505017488167209 0.52388916065295532 -0.43159779080500205 -0.11103669693072638 0.41957732750021892 -0.065088611979278468 0.59349960430133109 -0.1919176143826917 -0.024418835190797617 1.0444210676395376 0.51046179966493088 -0.092822618451383385 -0.073397585683398783
leaf_weight=35 22 20 22 37 34 28 36 23 40 31 72 20 20 28 22 97 248 34 20 22 35 31 23 20 23 23 29 21 48 30 23 402 38 80 281 23 22 108 45
leaf_count=35 22 20 22 37 34 28 36 23 40 31 72 20 20 28 22 97 248 34 20 22 35 31 23 20 23 23 29 21 48 30 23 402 38 80 281 23 22 108 45
internal_value=3.01755e-11 -0.012172 -0.276295 0.0203334 0.00717321 -0.142601 0.165835 -0.00337682 -0.0127268 0.00200602 -0.0198319 0.000580489 -0.0181879 -0.351125 -0.0278746 -0.27162 -0.0165747 -0.201049 -0.0101265 -0.279133 -0.12505 -0.0157916 -0.00891255 -0.29177 -0.161739 -0.0188873 -6.02132e-05 -0.0145443 -0.00651157 -0.0166374 -0.108902 0.00695548 0.0680562 0.0222606 0.0703906 0.390388 0.0144174 -0.197061 0.0933439
internal_weight=2216 2181 239 1942 1922 217 64 1888 1851 1754 1723 1623 1603 100 1583 153 1518 131 1495 97 57 1475 1444 65 45 1421 1173 1150 1121 1100 224 876 474 436 356 53 303 156 68
internal_count=2216 2181 239 1942 1922 217 64 1888 1851 1754 1723 1623 1603 100 1583 153 1518 131 1495 97 57 1475 1444 65 45 1421 1173 1150 1121 1100 224 876 474 436 356 53 303 156 68
is_linear=0
shrinkage=0.05


Tree=90
num_leaves=40
num_cat=0
split_feature=29 21 19 16 18 30 6 5 30 30 30 16 33 6 24 12 5 30 29 33 9 8 7 29 7 28 27 7 5 33 16 25 7 9 15 2 5 8 26
split_gain=8961.63 5279.42 10793.6 3891.16 10699.1 7762.93 3251.94 4769.16 2874.39 2600.63 13230.6 10090.6 27838.9 4589.51 2810.15 2705.75 2632.47 2144.47 2957.18 1609.45 1489.26 1613.03 1519.68 1410.51 1332.62 1479.08 1428.15 1216.59 1216.51 1182.13 1121.73 3629.66 1141.12 1656.99 1105.72 989.406 3365.64 2149.61 6230.86
threshold=3.2934920787811284 -1.6710991859436033 -1.5992504954338072 -1.043636620044708 -1.0568026304244993 1.0098809599876406 2.9755042791366582 3.179359078407288 0.86204820871353161 0.19448923319578174 0.18135225027799609 1.840181350708008 -0.047485608607530587 1.9975603222846987 0.85250473022460949 0.93859082460403453 -0.16027715057134626 0.11983910948038103 -0.41597388684749598 -0.047335436567664139 -0.7334308624267577 -1.1999563574790952 -1.1298979520797727 0.7793947458267213 -0.47793024778366083 0.3113053441047669 -0.27808374166488642 -1.2210434079170225 -0.41137760877609247 -0.047483431175351136 -0.60225436091423024 -0.53781428933143605 0.4650395959615708 0.46836832165718084 0.91597193479537975 1.0000000180025095e-35 0.82119813561439525 -0.60875913500785817 -0.77810052037239064
decision_type=2 2 2 2 2 2 2 2 2 2 2 2 2 2 2 2 2 2 2 2 2 2 2 2 2 2 2 2 2 2 2 2 2 2 2 2 2 2 2
left_child=1 19 -3 8 -5 6 7 9 20 10 11 13 -13 14 17 23 34 35 -19 -1 21 27 -23 30 -20 26 -26 -4 -16 -18 -11 -32 -33 -34 -17 -6 37 38 -37
right_child=-2 2 3 4 5 -7 -8 -9 -10 15 -12 12 -14 -15 28 16 29 18 24 -21 -22 22 -24 -25 25 -27 -28 -29 -30 -31 31 32 33 -35 -36 36 -38 -39 -40
leaf_value=-0.8579479113221169 0.96093337337175999 1.1022689283910123 -0.11833761150694706 1.1365129835548855 -0.082039662079562342 0.78608679995541619 -0.41793995282302304 0.76688237786293034 -0.75301172449475251 -0.23444531483530429 1.2535602221096105 -0.25933038611565867 2.0984724787019551 0.70907386200768618 -0.12082262387598999 -0.32373786335055899 -0.3031853593628982 0.6459565422049276 -0.30879121035337453 -0.2459900986225832 -0.46618529142391296 0.37787907913975094 -0.068331137099968534 0.290691288234666 0.069218475158725465 -0.072913267759558489 0.65958859287202365 -0.53547369056734551 -0.46013624143600468 -0.75086731707056364 0.63653847530484198 -0.097290527010965022 0.39263437539339069 -0.049187099295003076 0.022711613536125327 -0.10430303028361364 0.54737895308383588 -0.15466326808806247 0.89132405763322664
leaf_weight=22 24 22 44 21 484 31 48 20 21 72 22 31 21 21 56 37 29 27 20 21 31 23 112 32 21 39 20 29 50 30 20 326 32 63 61 55 29 127 22
leaf_count=22 24 22 44 21 484 31 48 20 21 72 22 31 21 21 56 37 29 27 20 21 31 23 112 32 21 39 20 29 50 30 20 326 32 63 61 55 29 127 22
internal_value=-8.92752e-10 -0.0105212 0.000455209 -0.0109411 0.0142961 0.0015298 -0.0118704 -0.000839597 -0.192163 -0.00962863 0.0403717 0.0142816 0.692859 -0.0220583 -0.0382201 -0.0840593 -0.266951 -0.00774435 0.181628 -0.559085 -0.142884 -0.0946993 0.00768986 -0.0313732 0.0562592 0.147522 0.357204 -0.284049 -0.280876 -0.53082 -0.0514629 -0.0215883 -0.0528532 0.099637 -0.108091 -0.0412873 0.0433657 -0.0282832 0.180162
internal_weight=2216 2192 2149 2127 1867 1846 1815 1767 260 1747 1045 1023 52 971 950 702 157 844 127 43 239 208 135 545 100 80 41 73 106 59 513 441 421 95 98 717 233 204 77
internal_count=2216 2192 2149 2127 1867 1846 1815 1767 260 1747 1045 1023 52 971 950 702 157 844 127 43 239 208 135 545 100 80 41 73 106 59 513 441 421 95 98 717 233 204 77
is_linear=0
shrinkage=0.05


Tree=91
num_leaves=40
num_cat=0
split_feature=28 30 16 31 0 4 29 7 11 9 5 28 30 33 33 14 0 14 30 31 21 5 3 4 29 18 21 30 30 4 29 0 29 16 20 7 16 24 31
split_gain=8320.99 24222.1 10358.1 3455.09 31040.1 70349.2 7041.44 4863.02 5831.35 26331.7 3983.65 4050.64 3902.09 3392.39 2956.14 2740.93 2455.92 15358.3 5679.22 1892.14 1829.42 2531.82 1772.68 1753.47 1548.15 1413.98 7056.51 1372.84 1273.41 4855.65 2163.17 2059.94 1705.16 2820.12 9573.65 1525.6 1387.2 2309.65 1421.85
threshold=-1.5452485680580137 -0.18787831068038938 -1.5581622719764707 -0.72616899013519276 -0.66076958179473866 -0.75194561481475819 1.6874600648880007 2.1604351997375493 1.3154855370521548 1.2217946052551272 3.3049092292785649 -1.4092527627944944 0.9120679795742036 -0.047481721267104142 -0.047398863360285752 0.94673392176628124 -0.57419842481613148 -0.095148753374814973 0.9120679795742036 -0.87925982475280751 -0.95100951194763172 -0.43976289033889765 -0.25345492362976069 2.0844084024429326 1.0929369330406191 -0.59442287683486927 -0.59028106927871693 -0.5895777940750121 -0.10887978971004485 1.841591000556946 -0.46025393903255457 -0.31841988861560816 0.24387346208095553 -0.10087344050407408 -0.10971026122570036 -0.38151800632476801 0.72392645478248607 0.18497563898563388 1.4600473046302798
decision_type=2 2 2 2 2 2 2 2 2 2 2 2 2 2 2 2 2 2 2 2 2 2 2 2 2 2 2 2 2 2 2 2 2 2 2 2 2 2 2
left_child=1 -1 14 12 5 -5 7 8 9 10 11 -6 19 -10 -2 16 17 -13 23 27 -21 -22 -16 24 25 -18 -27 -4 29 31 -30 -28 33 34 -32 -33 38 -38 -35
right_child=2 -3 3 4 6 -7 -8 -9 13 -11 -12 15 -14 -15 22 -17 18 -19 -20 20 21 -23 -24 -25 -26 26 28 -29 30 -31 32 35 -34 36 -36 -37 37 -39 -40
leaf_value=1.9699255187064411 -1.0564450566342567 -0.36459276926517492 -0.42862102419137954 3.5811602225969548 0.68760819283314056 0.051617284251066542 -0.8911334265362133 0.67490749359130864 -0.17657770887017252 1.6643925623347362 0.69292990565299994 -0.3494946644641459 -0.74987086017023441 -0.8428313517878796 -0.060016070577231323 -0.35099177932337167 -0.11042363393190967 1.1773203085575785 -0.76062368062826302 0.18106080499433339 -0.1211276112496853 -0.62381206959009516 -0.71042082637548454 -0.3020445945262909 0.43675681442022329 0.93022634642464785 0.37185299103148284 -0.0048439964512363085 -0.28434349362552169 0.83408796588579814 0.041761944649948014 -0.42729681032896044 -0.15110422243491153 -0.17863692980272775 1.2633139450848103 0.017635151601973036 0.60438670426607133 0.0021129079163074494 0.18570956736803057
leaf_weight=20 25 25 20 20 20 48 22 27 56 24 20 40 22 29 22 63 251 28 26 21 60 43 20 50 20 21 32 430 75 21 81 25 132 142 20 84 20 78 33
leaf_count=20 25 25 20 20 20 48 22 27 56 24 20 40 22 29 22 63 251 28 26 21 60 43 20 50 20 21 32 430 75 21 81 25 132 142 20 84 20 78 33
internal_value=-5.87522e-10 0.672971 -0.0139492 0.00554002 0.045821 1.08972 -0.00347419 0.0102977 -0.00260273 0.0235146 -0.00720387 -0.0182995 -0.0963789 -0.403888 -0.625969 -0.0296668 -0.0124967 0.279194 -0.03035 -0.0713321 -0.244269 -0.330986 -0.369733 -0.0128503 0.00112041 -0.00746356 0.0263623 -0.0236785 0.0008157 0.124778 -0.0337487 0.0191364 0.00339477 0.0579238 0.283653 -0.0844135 -0.0255879 0.125026 -0.109932
internal_weight=2216 45 2171 2104 1508 68 1440 1418 1391 1306 1282 1262 596 85 67 1242 1179 68 1111 574 124 103 42 1085 1035 1015 764 450 743 162 581 141 506 374 101 109 273 98 175
internal_count=2216 45 2171 2104 1508 68 1440 1418 1391 1306 1282 1262 596 85 67 1242 1179 68 1111 574 124 103 42 1085 1035 1015 764 450 743 162 581 141 506 374 101 109 273 98 175
is_linear=0
shrinkage=0.05


Tree=92
num_leaves=40
num_cat=0
split_feature=29 30 30 27 27 0 30 7 30 5 5 16 16 27 31 28 29 8 7 29 29 28 4 9 12 20 6 4 29 29 7 7 13 14 0 6 30 30 2
split_gain=8488.74 4476.93 7546.48 3704.93 2922.83 35625.6 26033.5 7146.94 6399 5231.24 24961.6 3941.5 11085.8 2900.97 2601.39 2022.85 1765.75 1518.45 2296 5793.54 20915.5 1364.85 1356.94 1721.58 1616.97 1293.35 1285.25 1068.94 983.327 979.649 913.289 3778.17 964.028 2272.44 2752.53 1280.47 1652.64 2910.35 1180.51
threshold=3.2934920787811284 -0.88363802433013905 -0.7744469642639159 -2.0437217950820918 -0.58386245369911183 1.4892008900642397 0.80684712529182445 2.0837219953536992 1.0098809599876406 -0.34696488082408899 -0.39390975236892695 1.9227706193923952 1.7777344584465029 -1.9179521799087522 2.8130685091018681 -0.42508600652217859 -0.1233600191771984 0.55667725205421459 0.11392801254987718 -0.4077103585004806 -0.55690127611160267 -0.7546834647655486 -0.17410147935152051 0.44274401664733892 0.40934216976165777 0.42660297453403478 2.3750380277633671 -0.79682075977325428 -0.79462745785713185 0.20255824923515323 0.024409710429608825 1.0000000180025095e-35 -0.021656886674463745 -0.10403063148260115 -0.26833738386631006 -0.43053880333900446 0.51504388451576244 0.32324835658073431 1.0000000180025095e-35
decision_type=2 2 2 2 2 2 2 2 2 2 2 2 2 2 2 2 2 2 2 2 2 2 2 2 2 2 2 2 2 2 2 2 2 2 2 2 2 2 2
left_child=1 13 -3 -4 5 6 9 8 11 10 -5 12 14 -1 17 21 -13 18 26 20 -20 27 24 25 -21 -24 28 -11 -6 -26 31 32 33 35 -35 -30 37 38 -37
right_child=-2 2 3 4 7 -7 -8 -9 -10 15 -12 16 -14 -15 -16 -17 -18 -19 19 22 -22 -23 23 -25 29 -27 -28 -29 30 -31 -32 -33 -34 34 -36 36 -38 -39 -40
leaf_value=-0.8443856477737427 0.93523659656445179 0.84970693909204931 -0.63850115615388625 -0.097411845452734278 0.31548557054428827 2.175218759775162 1.7777150583267212 0.90765250757336613 -0.68450124898533293 -0.61074524277990516 1.5392747039978323 -0.82234137117862705 1.1278409211408524 -0.17563147681951524 -0.54537620870396497 -0.61786854299339089 -0.22695235610008241 -0.1333275246223615 -0.31054989537940575 -0.26670600413795442 1.8110186065946305 0.043634500332409516 0.30672940232887352 0.54640318852933978 0.35528887066504233 -0.11787813309421565 -0.3665839807928673 -0.20330229192972182 -0.085563450713578446 -0.10619482838589211 -0.21271336472127589 0.64546888186818085 -0.17147980081086811 0.76883008539676667 -0.025391707196831703 -0.083591129623201435 -0.34356227465297867 0.62116909275452303 0.16722111303773191
leaf_weight=24 24 26 23 224 21 20 20 20 38 22 26 20 21 50 24 37 33 248 26 62 21 40 29 22 23 47 28 60 440 23 64 21 110 20 24 98 23 24 90
leaf_count=24 24 26 23 224 21 20 20 20 38 22 26 20 21 50 24 37 33 248 26 62 21 40 29 22 23 47 28 60 440 23 64 21 110 20 24 98 23 24 90
internal_value=8.98415e-10 -0.0102398 0.00311669 -0.00740498 -0.000389416 0.112493 0.0163284 -0.0316759 -0.0434175 -0.0698029 0.0728036 -0.0278214 -0.0129362 -0.392525 -0.0290359 -0.294027 -0.451627 -0.0205713 0.00242506 0.136467 0.637385 -0.195813 0.0221803 0.156895 -0.100061 0.0441432 -0.0327906 -0.312616 -0.0227947 0.124547 -0.030567 -0.0168524 -0.0336302 -0.0125405 0.335618 -0.0352353 0.0589962 0.10267 0.0364786
internal_weight=2216 2192 2118 2092 2069 449 429 1620 1600 409 250 1562 1509 74 1488 159 53 1464 1216 253 47 122 206 98 108 76 963 82 935 46 914 850 829 719 44 675 235 212 188
internal_count=2216 2192 2118 2092 2069 449 429 1620 1600 409 250 1562 1509 74 1488 159 53 1464 1216 253 47 122 206 98 108 76 963 82 935 46 914 850 829 719 44 675 235 212 188
is_linear=0
shrinkage=0.05


Tree=93
num_leaves=40
num_cat=0
split_feature=27 15 12 29 6 30 4 28 7 9 9 13 15 5 33 17 17 30 15 29 4 27 24 7 29 0 31 15 27 31 33 19 10 27 28 22 10 6 8
split_gain=8659.44 6907.6 16132.7 14652.6 3302.14 4280.39 4366.66 3746.41 4198.25 3999.92 26909.1 3225.75 4232.71 2929.11 2115.44 2003.67 1895.5 1879.88 1600.09 1598.11 1528.12 1807.61 2235.48 2118.04 1561.65 1317.98 2393.2 7112.87 2197.84 1892.02 3290.56 5693.42 1956.23 1500.71 1988.17 4024.72 1879.18 3341.27 1564.04
threshold=-2.1934885978698726 -1.3155183792114256 -1.2229315042495725 3.2934920787811284 -0.13905031234025952 1.0098809599876406 2.0776464939117436 -1.2250468134880064 2.1604351997375493 1.260655999183655 1.1692987084388735 -1.3370534777641294 -1.5332865118980405 0.66617089509964 -0.047483431175351136 1.8310874700546267 -1.4685845971107481 0.2184015288949013 1.2955397963523867 1.1304740905761721 -1.0347204208374021 -0.47532317042350763 0.92707434296607982 0.89212873578071605 0.40936382114887243 0.86638915538787853 0.33342806994915014 -0.19662933796644208 0.39193329215049749 -0.31954388320446009 -0.047480842098593705 -0.64096108078956593 0.5412518084049226 -0.15071246773004529 0.33689612150192266 0.36685110628604894 0.37309220433235174 -0.43636856973171229 0.4481081515550614
decision_type=2 2 2 2 2 2 2 2 2 2 2 2 2 2 2 2 2 2 2 2 2 2 2 2 2 2 2 2 2 2 2 2 2 2 2 2 2 2 2
left_child=-1 3 -3 11 5 6 7 -4 9 10 15 12 -2 -6 17 19 -13 18 -11 20 24 22 23 -22 -9 26 29 -28 -29 30 33 -32 -31 36 -35 -36 37 -23 -37
right_child=1 2 4 -5 13 -7 -8 8 -10 14 -12 16 -14 -15 -16 -17 -18 -19 -20 -21 21 25 -24 -25 -26 -27 27 28 -30 32 31 -33 -34 34 35 38 -38 -39 -40
leaf_value=0.78023217047963822 0.64787514029691629 1.3923316511369888 0.54622429283335805 -1.5527552542232332 -0.087880332597870883 0.59669482888597425 0.73707761317491538 -0.078281429265734073 0.58472976028919221 -0.090729194357991219 1.6694939480473598 -0.57637326974760406 -0.18097681694252546 -0.60802057664199127 -0.73472474087839545 -0.49317898506467994 -0.10957358340234605 0.064859338340006387 -0.70223138617432646 0.38391338902711869 -0.13176707015284952 0.7355167136557641 -0.61457371371132996 0.40250808745622635 -0.42995666007737859 -0.10261721575590677 0.87059193738869267 -0.19014477025096616 0.43371478073298936 -0.19131656398635302 -0.0035115075655854666 1.1185941329598428 0.30781337294889538 -0.19114082769269036 0.56390163932527815 -0.14408138516172767 -0.08826571380098662 -0.093407924845814713 0.20820191011804604
leaf_weight=35 24 21 32 21 406 33 21 215 30 20 24 44 43 29 23 22 43 38 23 25 159 31 21 21 37 133 35 48 20 134 26 20 23 105 35 100 30 20 46
leaf_count=35 24 21 32 21 406 33 21 215 30 20 24 44 43 29 23 22 43 38 23 25 159 31 21 21 37 133 35 48 20 134 26 20 23 105 35 100 30 20 46
internal_value=1.46066e-10 -0.0125209 0.0137611 -0.313788 -0.000823245 0.0333406 0.0210857 0.011035 -0.000663161 -0.0129099 0.0104415 -0.144838 0.115925 -0.122556 -0.311538 -0.0200465 -0.345656 -0.191373 -0.417812 -0.0119398 -0.0198003 0.00775602 -0.12639 -0.069435 -0.129916 0.0412092 0.0696326 0.291438 -0.00665667 0.0295521 0.0857177 0.484361 -0.118196 0.0357515 -0.0180562 0.082352 0.225739 0.410448 -0.033088
internal_weight=2216 2181 2006 175 1985 1550 1517 1496 1464 1434 1330 154 67 435 104 1306 87 81 43 1284 1259 1007 201 180 252 806 673 103 68 570 413 46 157 367 286 181 81 51 146
internal_count=2216 2181 2006 175 1985 1550 1517 1496 1464 1434 1330 154 67 435 104 1306 87 81 43 1284 1259 1007 201 180 252 806 673 103 68 570 413 46 157 367 286 181 81 51 146
is_linear=0
shrinkage=0.05


Tree=94
num_leaves=40
num_cat=0
split_feature=29 21 19 16 18 30 6 4 6 30 15 17 7 7 11 10 4 3 33 5 13 10 30 29 29 4 13 23 15 29 29 22 7 22 29 5 3 30 30
split_gain=8765.24 4637.53 9865.85 3367.2 9152.48 7130.97 2754.55 4176.48 2580.27 2467.61 2440.3 15630.2 2438.97 9011.42 2747.9 2247.09 1776.83 1586.05 1386.45 1345.29 1233.11 4264.93 1109.08 1090.9 2561.24 1115.81 949.031 5641.9 3748.44 1813.59 2492.91 999.357 920.058 910.026 1176.27 910.487 926.476 804.155 887.989
threshold=3.2934920787811284 -1.6710991859436033 -1.5992504954338072 -1.043636620044708 -1.0568026304244993 1.0098809599876406 2.9755042791366582 2.1403487920761113 2.3458890914916997 0.65969780087471019 2.1951055526733403 1.8931055068969729 1.2180948853492739 1.1032164096832278 1.7909070849418642 0.95806521177291881 -1.0371792912483213 0.080022599548101439 -0.047335436567664139 -0.35242359340190882 -0.95354408025741566 -0.8947840929031371 -0.34459145367145533 0.48048157989978796 0.42881171405315405 -1.0371792912483213 -0.57643339037895192 -0.63389897346496571 -0.49049979448318476 -0.46601891517639155 -0.42408676445484156 -0.60907372832298268 1.6315463185310366 -0.76993945240974415 -0.12860795110464093 -0.55330395698547352 -0.0012797694944310931 -0.44709368050098414 -0.093415722250938402
decision_type=2 2 2 2 2 2 2 2 2 2 2 2 2 2 2 2 2 2 2 2 2 2 2 2 2 2 2 2 2 2 2 2 2 2 2 2 2 2 2
left_child=1 18 -3 9 -5 6 7 8 10 16 11 12 13 15 17 20 -4 32 -1 -12 -6 -22 -18 24 26 -25 27 33 -29 -28 -31 -32 -14 34 -23 -35 -37 -33 -39
right_child=-2 2 3 4 5 -7 -8 -9 -10 -11 19 -13 14 -15 -16 -17 22 -19 -20 -21 21 23 -24 25 -26 -27 29 28 -30 30 31 37 -34 35 -36 36 -38 38 -40
leaf_value=-0.80192788067189147 0.9503459269801775 1.0532774830406362 0.18358665998929588 1.0504063603778682 -0.22196742208017148 0.75260030377295717 -0.38591446700350696 0.71640102624893187 0.5543998894095421 -0.60609879463911065 -0.15472031777555295 1.0548770396148457 -0.11059018428388395 0.79493270842906316 0.060602201196346794 -0.29886602357935721 -0.32716658001788607 -0.72003948026233255 -0.23394387037981126 -0.67440899491310125 0.643224213719368 0.3736785199831833 -0.08336960808966648 -0.46422641044077673 0.48150056606089625 -0.0850427214784788 -0.18569135581956636 1.0472278983268717 0.12423337284814229 0.49115607702732089 -0.25332639881720148 0.31016948550008239 -0.52297444144884753 -0.35429613332490661 -0.11488221378198692 0.23417088702321054 -0.22240021538734439 -0.12829716894422857 0.015480721757921857
leaf_weight=22 24 22 39 21 68 31 48 20 20 30 33 34 38 34 51 73 81 27 21 20 25 22 110 23 27 124 158 22 22 25 42 20 21 37 28 20 25 132 576
leaf_count=22 24 22 39 21 68 31 48 20 20 30 33 34 38 34 51 73 81 27 21 20 25 22 110 23 27 124 158 22 22 25 42 20 21 37 28 20 25 132 576
internal_value=1.99713e-10 -0.0104052 -0.00011776 -0.0110132 0.0124633 0.000655758 -0.0121874 -0.00203519 -0.01026 -0.179593 -0.0167992 -0.00622357 -0.028222 -0.00981293 -0.230184 -0.0284388 -0.123962 -0.402627 -0.52454 -0.350829 -0.0142975 -0.00366381 -0.18676 -0.0160753 0.000239068 -0.144371 -0.0112703 0.0954024 0.585731 -0.0309706 -0.000221066 -0.0161749 -0.257371 -0.0680403 0.100085 -0.170555 -0.0194797 -0.00249305 -0.0113253
internal_weight=2216 2192 2149 2127 1867 1846 1815 1767 1747 260 1727 1674 1640 1503 137 1469 230 86 43 53 1396 1328 191 1303 1156 147 1129 176 44 953 795 770 59 132 50 82 45 728 708
internal_count=2216 2192 2149 2127 1867 1846 1815 1767 1747 260 1727 1674 1640 1503 137 1469 230 86 43 53 1396 1328 191 1303 1156 147 1129 176 44 953 795 770 59 132 50 82 45 728 708
is_linear=0
shrinkage=0.05


Tree=95
num_leaves=40
num_cat=0
split_feature=27 18 29 7 27 29 3 29 30 7 5 4 18 33 31 3 27 28 10 28 29 3 29 30 30 4 20 30 30 31 31 27 3 29 33 18 3 5 24
split_gain=8235.87 6514.24 16119 11604.8 3673.94 35696.4 79972.3 77195.1 7411.01 6149 34838.5 3232.89 2766.24 2752.76 5278.79 2333.76 1919.19 1855.22 1686.76 1511.53 1640.42 1496.24 1049.48 956.359 1845.88 6876.68 2323.85 3239.24 2424.81 1483.05 2789.49 1339.15 1138.32 1102.84 1031.2 4123.03 1182.25 2256.44 4155.56
threshold=-2.1934885978698726 -1.2136644124984739 3.2934920787811284 -1.1821424365043638 -0.58386245369911183 -0.0043747618328779927 -0.27481402456760401 0.16813444346189502 1.0098809599876406 1.6315463185310366 -0.41792805492877955 2.1268247365951543 1.7937170863151553 -0.04742735251784324 0.0940888747572899 1.461473882198334 -1.9179521799087522 2.3325667381286626 -1.0846204757690427 -0.2714064866304397 -0.43391843140125269 -0.2038466930389404 1.1304740905761721 -0.31357385218143458 -0.10449956357479094 1.7844213247299197 0.13133033365011218 -0.13500295579433438 -0.27151162922382349 0.52946344017982494 0.42740285396575933 0.98880475759506237 -0.63654068112373341 -0.42408676445484156 -0.047476824373006814 -0.59442287683486927 -0.1935116499662399 -0.092589199542999254 0.12610423564910891
decision_type=2 2 2 2 2 2 2 2 2 2 2 2 2 2 2 2 2 2 2 2 2 2 2 2 2 2 2 2 2 2 2 2 2 2 2 2 2 2 2
left_child=-1 2 13 -3 5 15 -7 -8 9 11 -11 12 18 16 -15 19 -2 -14 -6 -5 -21 -18 23 -20 25 26 27 28 -25 30 31 34 -30 -31 36 -36 37 -26 -39
right_child=1 3 -4 4 8 6 7 -9 -10 10 -12 -13 17 14 -16 -17 21 -19 22 20 -22 -23 -24 24 29 -27 -28 -29 32 33 -32 -33 -34 -35 35 -37 -38 38 -40
leaf_value=0.7609108142341886 -0.67508810465647429 1.2162965488806368 -1.5481418680060994 -0.043119892986821173 -0.43359632979997476 -0.25193867418220489 4.8550850105285654 0.60771281861740611 -0.86517164388384948 -0.52375060089172853 2.152884848713875 -0.59626553106307989 -0.67649691219513242 0.66245563945599972 -0.25291512580071063 -0.59657973139374343 -0.070350940965269657 -0.099445188442866012 -0.13775603191883076 -0.67474118974906483 -0.093103431220407845 -0.45581210774972158 0.35770987308584157 0.51772780211075486 0.0022079652855435099 1.0222098609805108 -0.15196678532534336 0.77373994618654252 0.16572284943841656 -0.38011076123350196 0.51340955700035451 -0.17015360181864639 -0.24359540618138342 -0.082757406862444635 -0.10535176059474116 0.64069160299916428 -0.12856992730939829 -0.09727407762159905 0.90977886224165561
leaf_weight=35 22 20 22 192 23 59 20 23 26 31 20 25 26 28 36 27 97 30 127 22 27 34 20 23 355 20 83 20 29 36 27 104 41 233 46 31 135 21 20
leaf_count=35 22 20 22 192 23 59 20 23 26 31 20 25 26 28 36 27 97 30 127 22 27 34 20 23 355 20 83 20 29 36 27 104 41 233 46 31 135 21 20
internal_value=8.96913e-10 -0.0122109 -0.258531 0.0181035 0.00563532 0.147216 0.943282 2.58323 -0.0281178 -0.0138561 0.52591 -0.0325192 -0.0227994 -0.127787 0.14756 -0.155764 -0.242965 -0.367362 -0.00895761 -0.106378 -0.354247 -0.170394 -0.00183383 -0.00715647 0.00639431 0.139037 0.0489176 0.19647 0.0723257 -0.0220292 0.0145616 -0.00435535 -0.0740207 -0.122552 0.0240049 0.195003 -0.000791508 0.0427693 0.393971
internal_weight=2216 2181 239 1942 1922 370 102 43 1552 1526 51 1475 1450 217 64 268 153 56 1394 241 49 131 1371 1351 1224 216 196 113 93 1008 739 712 70 269 608 77 531 396 41
internal_count=2216 2181 239 1942 1922 370 102 43 1552 1526 51 1475 1450 217 64 268 153 56 1394 241 49 131 1371 1351 1224 216 196 113 93 1008 739 712 70 269 608 77 531 396 41
is_linear=0
shrinkage=0.05


Tree=96
num_leaves=40
num_cat=0
split_feature=29 21 19 14 30 25 25 14 14 7 9 3 5 10 28 31 31 15 29 6 5 33 33 20 23 3 0 33 29 8 15 28 33 33 4 6 31 33 0
split_gain=9125.25 4743.87 8917.7 3069.69 3891.24 3108.93 14272 2798.73 20863.4 4557.08 3399.91 4390.69 2953.13 2144.55 1730.43 1616 6791.46 1467.27 2030.83 1376.74 1359.74 1315.57 2164.37 4872.83 3353.32 1654.25 2777.91 2604.64 1447.52 1665.18 1322.32 1741.99 1279.87 1115.65 954.832 953.434 2676.81 6382.25 2705.38
threshold=3.2934920787811284 -1.6710991859436033 -1.5992504954338072 -0.96354466676712025 1.0098809599876406 -1.0298155546188352 -1.1380925774574278 1.5510139465332033 1.4366199374198916 1.6315463185310366 1.1692987084388735 2.5976400375366215 -0.26071733236312861 -0.8947840929031371 -1.0124403834342954 0.97795489430427562 0.83366858959198009 1.6533120274543764 -0.057934071868658059 0.98318043351173412 -0.36334100365638727 -0.047467187047004693 -0.047474030405282967 -0.10507600754499434 -0.60770544409751881 -0.31822121143341059 -0.64681804180145253 -0.047476824373006814 0.40074308216571813 -0.17430286854505536 1.3166132569313052 0.65794172883033764 -0.047335436567664139 -0.047477655112743371 -0.21467351168394086 -0.23815640062093732 -0.72616899013519276 -0.047485150396823876 -0.88292127847671498
decision_type=2 2 2 2 2 2 2 2 2 2 2 2 2 2 2 2 2 2 2 2 2 2 2 2 2 2 2 2 2 2 2 2 2 2 2 2 2 2 2
left_child=1 32 -3 -4 5 6 -5 8 9 10 11 13 -12 -7 -15 16 19 18 -9 21 -19 22 25 24 -24 27 -27 35 30 -30 31 -28 -1 -21 -33 36 38 -38 -16
right_child=-2 2 3 4 -6 7 -8 17 -10 -11 12 -13 -14 14 15 -17 -18 20 -20 33 -22 -23 23 -25 -26 26 28 -29 29 -31 -32 34 -34 -35 -36 -37 37 -39 -40
leaf_value=-0.79712535495107828 0.96966588621338223 1.0012869959527797 -0.16327660331241134 -0.25169758333971631 0.55111762492945704 0.41412576947893415 1.3057433248497547 0.11121176778359097 1.5037252617918928 0.73702005326747899 -0.1111640495199122 0.61266367020351553 -0.81961519519488013 -0.35620752324660621 0.060952208405482211 -0.14187277183019822 0.723060072422959 -0.24202847025224142 -0.44865852795541294 -0.029480297298266973 -0.75883718848228465 -0.28796596198509905 0.46252136269154454 0.8524271696805954 -0.26687415245920421 -0.64692572544921534 -0.14874716675072217 0.59480796009302139 0.53780234343605116 -0.099679656894434074 -0.49871601144783195 -0.0050500929781368805 -0.25140968610843023 -0.46439087366064391 0.40441788981358218 -0.067382622850657631 1.0457877725362779 0.040711847546377355 -0.33635555803775791
leaf_weight=22 24 22 285 38 33 28 24 46 23 20 38 28 24 39 268 224 32 35 25 29 20 39 26 24 40 22 194 20 20 21 20 35 21 30 24 224 22 56 51
leaf_count=22 24 22 285 38 33 28 24 46 23 20 38 28 24 39 268 224 32 35 25 29 20 39 26 24 40 22 194 20 20 21 20 35 21 30 24 224 22 56 51
internal_value=5.59629e-10 -0.0106168 -0.000212014 -0.0105707 0.0130564 0.00324103 0.351183 -0.00910722 0.0085368 -0.0129834 -0.0224892 -0.00764706 -0.385403 -0.0193196 -0.0276322 -0.0186143 0.00445159 -0.236099 -0.0859257 -0.015287 -0.429959 -0.00273301 0.00769256 0.24232 0.0204635 -0.0139211 -0.103784 0.0331836 -0.06573 0.211287 -0.107333 -0.076394 -0.530613 -0.250621 0.161513 0.0150959 0.0616329 0.324195 -0.00256722
internal_weight=2216 2192 2149 2127 1842 1809 62 1747 1621 1598 1578 1516 62 1488 1460 1421 1197 126 71 1165 55 1106 1067 90 66 977 336 641 314 41 273 253 43 59 59 621 397 78 319
internal_count=2216 2192 2149 2127 1842 1809 62 1747 1621 1598 1578 1516 62 1488 1460 1421 1197 126 71 1165 55 1106 1067 90 66 977 336 641 314 41 273 253 43 59 59 621 397 78 319
is_linear=0
shrinkage=0.05


Tree=97
num_leaves=40
num_cat=0
split_feature=29 6 27 30 30 30 4 26 6 13 14 4 0 29 6 6 27 3 30 5 5 5 18 15 25 3 0 29 15 5 22 2 27 29 4 6 4 29 27
split_gain=8235.54 4515.05 8609.4 4485.03 10198.4 4291.75 2432.6 10234 40354.1 4338.87 11973.8 4240.73 3156.88 5393.68 2585.37 2528.18 4703.48 1827.08 1799.61 1483.2 8906.34 1498.5 1263.3 2077.47 1254.65 1112.95 8932.87 1714.45 3025.37 3726.61 1593.45 1402.74 1537.03 1756.04 1865.1 1997.99 1473.24 1292.57 1275.48
threshold=3.2934920787811284 4.711318016052247 -2.3019390106201167 1.3463437557220461 1.0567454695701601 0.9120679795742036 0.55250677466392528 0.9546494483947755 -0.43053880333900446 0.97933045029640209 0.92901721596717846 2.1403487920761113 0.082955636084079756 0.048317316919565208 2.872025847434998 0.038757665082812316 -1.1976896524429319 -0.6696127951145171 0.44639869034290319 0.82119813561439525 1.2087662220001223 0.45000614225864416 -0.42301701009273524 -0.35296703875064844 -1.6300981044769285 -0.16595152020454404 -0.6044267714023589 -0.10804389789700507 0.21530369669198993 -0.37207493185997004 0.71352300047874462 2.2576968073844914 0.0077290176413953313 0.33711639046669012 -0.55523273348808277 -0.21775221079587934 -0.61977913975715626 0.14262133836746219 -0.15934929996728894
decision_type=2 2 2 2 2 2 2 2 2 2 2 2 2 2 2 2 2 2 2 2 2 2 2 2 2 2 2 2 2 2 2 2 2 2 2 2 2 2 2
left_child=1 2 -1 4 5 6 9 11 -9 10 15 12 13 -8 22 16 -4 -11 -19 21 -21 25 -14 -24 -17 31 -27 -28 29 -29 -30 32 33 34 37 -36 -35 38 -18
right_child=-2 -3 3 -5 -6 -7 7 8 -10 17 -12 -13 14 -15 -16 24 19 18 -20 20 -22 -23 23 -25 -26 26 27 28 30 -31 -32 -33 -34 36 35 -37 -38 -39 -40
leaf_value=-0.93948510742187497 0.92118260016043996 0.73773171082139022 0.61591989222913979 0.73902622133493434 -1.0381022731463114 0.66325597042838735 -0.09858383284881711 1.9496642616887887 -0.30307579390238976 -0.087299756801009862 1.2053004097938538 -0.72231242477893831 -0.22080424586605085 0.83461238493522016 0.48244612178076873 -0.5763631756639197 0.071027303512106427 -0.50295741895950119 -0.035042525000042388 1.0533341684802013 -0.089056299960142693 -0.29510226806379714 0.48166473612189292 -0.048237127200340686 -0.16070646550158846 -1.0465840282647505 -0.15572587152057929 0.52577381984641158 0.75648421162650703 -0.16245702947361754 0.14053496909993035 0.34502256704914958 -0.073683633107405444 0.59564946770135851 0.54778356722766353 -0.029596835015148953 0.033782071396708489 -0.38757468211650847 -0.31554550620225763
leaf_weight=25 24 20 30 20 24 24 32 33 50 88 20 20 95 30 23 21 119 86 27 22 76 53 20 246 134 23 141 24 21 109 21 31 325 28 31 29 20 25 26
leaf_count=25 24 20 30 20 24 24 32 33 50 88 20 20 95 30 23 21 119 86 27 22 76 53 20 246 134 23 141 24 21 109 21 31 325 28 31 29 20 25 26
internal_value=-1.60343e-09 -0.0100859 -0.0169719 -0.00623004 -0.0132376 -0.00154159 -0.00921602 0.0810736 0.592592 -0.041614 -0.0088688 -0.0100338 0.021907 0.352963 -0.0315447 -0.0274199 -0.00195351 -0.258124 -0.391155 -0.0184448 0.167399 -0.0361959 -0.0642921 -0.00839488 -0.217021 -0.0220931 -0.0952231 -0.0259784 0.0785609 -0.038265 0.44851 0.0170095 0.000146479 0.0864587 0.0290508 0.268716 0.361538 -0.0555371 0.0017108
internal_weight=2216 2192 2172 2147 2127 2103 2079 549 83 1530 1329 466 446 62 384 1309 1154 201 113 1124 98 1026 361 266 155 973 339 316 175 133 42 634 603 278 230 60 48 170 145
internal_count=2216 2192 2172 2147 2127 2103 2079 549 83 1530 1329 466 446 62 384 1309 1154 201 113 1124 98 1026 361 266 155 973 339 316 175 133 42 634 603 278 230 60 48 170 145
is_linear=0
shrinkage=0.05


Tree=98
num_leaves=40
num_cat=0
split_feature=27 16 14 5 5 23 14 5 5 27 29 29 9 29 5 30 5 8 6 14 9 9 7 12 11 27 15 23 10 23 13 27 27 30 30 0 6 7 29
split_gain=8625.34 6325.11 5223.1 3360.92 6408.84 18540.1 41713.5 50576.7 20559.6 14819.8 5128.61 9444.69 3966.44 5412.84 3280.27 2783.85 2250.18 2245.93 3382.82 1972.5 1966.63 5001.12 1926.21 4489.08 1624.2 1694.04 3208.7 1604.55 1577.06 1421.03 1891.07 1326.59 1208.87 1153.63 1171.46 5540.3 1523.69 1239.64 1113.77
threshold=-2.1934885978698726 -1.5581622719764707 -1.3821143507957456 0.93583095073699962 -0.44194637238979334 1.0580972433090212 1.5510139465332033 -0.12315795570611952 -0.428845465183258 -1.1976896524429319 0.063669886440038695 -0.03583832643926143 -1.105413496494293 0.75466626882553112 0.76551932096481334 0.9120679795742036 -0.15154322236776349 0.27343381941318518 -0.4421983510255813 0.72902238368988048 0.39516223967075353 0.52843922376632702 -0.36359903216361994 -0.42351233959197992 1.1336319446563723 -0.15071246773004529 -0.54919627308845509 -0.59993210434913624 -0.71670237183570851 1.2781210541725161 1.6231963038444521 -0.23639493435621259 -1.1536921858787534 -0.65878006815910328 -0.10449956357479094 0.91826033592224132 2.3750380277633671 -1.061317443847656 -0.06245355308055877
decision_type=2 2 2 2 2 2 2 2 2 2 2 2 2 2 2 2 2 2 2 2 2 2 2 2 2 2 2 2 2 2 2 2 2 2 2 2 2 2 2
left_child=-1 2 -2 4 15 8 7 -7 -6 -10 11 24 16 14 19 29 -11 18 -12 20 22 -22 23 27 25 26 -5 28 -14 32 -31 -23 -3 -34 35 37 38 -35 -36
right_child=1 3 -4 10 5 6 -8 -9 9 12 17 -13 13 -15 -16 -17 -18 -19 -20 -21 21 31 -24 -25 -26 -27 -28 -29 -30 30 -32 -33 33 34 36 -37 -38 -39 -40
leaf_value=0.77869426029069089 -0.095249191857874393 -0.3111517396995 -1.175003600404376 -0.27417608184429504 1.5870219343120144 -0.14693889558315276 -0.40399330120820265 3.1214165467640451 1.1248775417783432 -0.80513231825828557 -0.12141651363422475 0.99922753065114933 -0.071000180593351045 0.56533823209373579 0.50830675125122071 -0.54754721389285155 -0.16757176758481129 -0.88726409291001884 -0.83461253241352429 -0.35842618008277249 0.86861000478267669 0.23324188299477103 -0.178746572447846 0.62049284586682918 -0.50149474418908369 -0.22240457565024283 0.50739444391480804 -0.34051406804472206 0.39750810498776645 -0.48183511342944174 -0.048196886720565657 -0.3040263694745523 -0.29313781165650915 0.37582197649912402 -0.088584788321775368 0.89161702096462259 -0.33391485691070555 -0.020854854414814175 0.047930728351760765
leaf_weight=35 24 35 21 24 21 20 39 29 28 25 60 21 82 38 25 28 31 22 23 56 20 20 236 28 25 69 29 40 23 41 65 27 35 22 278 20 40 188 323
leaf_count=35 24 35 21 24 21 20 39 29 28 25 60 21 82 38 25 28 31 22 23 56 20 20 236 28 25 69 29 40 23 41 65 27 35 22 278 20 40 188 323
internal_value=-4.30096e-10 -0.0124962 -0.599135 -0.000137286 0.0238717 0.132188 0.816211 1.78739 0.0461967 -0.00145768 -0.163979 0.00734944 -0.0499022 -0.0120392 -0.0514294 -0.0555268 -0.452197 -0.438104 -0.319049 -0.0777327 -0.04471 0.206393 -0.0858442 0.0408896 -0.134347 -0.0591123 0.153476 -0.0710337 0.0316254 -0.0423687 -0.215925 -0.0754016 -0.0228182 -0.0116795 -0.000369494 0.0964335 -0.0351038 0.0207018 -0.0152162
internal_weight=2216 2181 45 2136 1863 788 88 49 700 679 273 168 651 595 557 1075 56 105 83 532 476 67 409 173 147 122 53 145 105 1047 106 47 941 906 871 230 641 210 601
internal_count=2216 2181 45 2136 1863 788 88 49 700 679 273 168 651 595 557 1075 56 105 83 532 476 67 409 173 147 122 53 145 105 1047 106 47 941 906 871 230 641 210 601
is_linear=0
shrinkage=0.05


Tree=99
num_leaves=40
num_cat=0
split_feature=15 16 13 5 30 30 5 30 29 29 16 29 28 29 8 6 23 7 7 3 12 4 27 11 13 29 5 30 3 30 30 28 33 27 6 20 21 17 23
split_gain=8043.14 7822.94 3797.09 2858.84 5970.05 5304.67 6161.51 15108.8 4551.51 8466.47 3539.85 26372.6 2979.6 20564.1 2085.37 2876.74 2002.88 1770.93 1674.93 1705.93 1508.37 1785.54 2527.85 1317.11 2353.31 1282.84 1204.23 1070.75 1038.18 1028.5 4369.16 2132.37 1817.83 3531.88 1237.27 1156.45 4811.25 1006.45 879.444
threshold=-1.584319472312927 -1.5581622719764707 -1.3370534777641294 0.93583095073699962 -1.3757219314575193 1.0098809599876406 0.700014889240265 0.05640011094510556 0.063669886440038695 -0.03583832643926143 1.840181350708008 -0.46025393903255457 -1.2250468134880064 -0.0043747618328779927 0.27343381941318518 -0.4421983510255813 0.82500630617141735 -1.172109007835388 1.1032164096832278 -0.4353517591953277 0.91939166188240062 0.40312792360782629 -0.11506231129169463 1.8815581202507021 1.4054045081138613 1.1304740905761721 1.4151052832603457 -0.65878006815910328 -0.74953719973564137 -0.18065495789051053 -0.19783873111009595 -0.86492326855659474 -0.04748022370040416 0.59398213028907787 2.3750380277633671 -0.60003775358200062 -0.55546247959136952 -0.68918251991271962 1.0000000180025095e-35
decision_type=2 2 2 2 2 2 2 2 2 2 2 2 2 2 2 2 2 2 2 2 2 2 2 2 2 2 2 2 2 2 2 2 2 2 2 2 2 2 2
left_child=-1 2 -2 4 -3 6 10 -8 9 20 12 -12 13 -6 15 -10 17 -14 -13 -20 21 26 -23 24 28 27 -5 -19 -18 30 31 -29 33 -33 35 37 -37 -31 -38
right_child=1 3 -4 8 5 -7 7 -9 14 -11 11 18 16 -15 -16 -17 23 25 19 -21 -22 22 -24 -25 -26 -27 -28 29 -30 34 -32 32 -34 -35 -36 36 38 -39 -40
leaf_value=0.71169665539876015 -0.22141185443509712 0.86114224734760469 -1.1613698691129686 -0.5408009563173567 -0.18236243717945541 0.6059376487256708 -0.31717543699171236 1.5156305177645251 -0.11534568841258686 0.94926606402510694 1.8879118037223817 0.14933771358236023 -0.32138225824261707 1.6173671821043607 -0.84290088008750574 -0.78375139317729259 0.043936468032645247 -0.29567524760084996 -0.069005433931237176 -0.71423998817801482 -0.43364937891883237 0.60930275861173877 -0.082089124581752687 0.10745658152736724 -0.54479365840237193 0.35792915403195052 -0.066746629573203417 0.39773130940814178 -0.2433661255894638 -0.071559669842000725 0.77193067556335815 -0.077780414622888649 -0.21478100321309151 0.64033278336991439 -0.31249534235777043 0.6491052892990411 -0.07593397547241669 -0.34622192521180428 0.031144069916874673
leaf_weight=39 22 21 21 21 65 37 23 22 60 21 20 23 48 21 22 22 51 34 21 20 31 20 39 32 47 23 37 31 82 162 21 67 87 23 38 28 355 42 417
leaf_count=39 22 21 21 21 65 37 23 22 60 21 20 23 48 21 22 22 51 34 21 20 31 20 39 32 47 23 37 31 82 162 21 67 87 23 38 28 355 42 417
internal_value=-1.54967e-09 -0.0127497 -0.680461 0.000704618 0.02287 0.0133028 0.00114114 0.578863 -0.150394 0.00976089 -0.013647 0.303084 -0.0295403 0.257106 -0.410645 -0.294674 -0.045064 -0.023023 -0.192174 -0.383754 -0.123547 -0.0413835 0.152281 -0.188122 -0.24067 -0.0122389 -0.238387 -0.018763 -0.133197 -0.0113554 0.0845879 0.0151927 -0.0518055 0.105737 -0.0324408 -0.0218412 0.00525683 -0.128108 -0.0180952
internal_weight=2216 2177 43 2134 1861 1840 1803 45 273 169 1758 84 1674 86 104 82 1588 1376 64 41 148 117 59 212 180 1328 58 1305 133 1271 229 208 177 90 1042 1004 800 204 772
internal_count=2216 2177 43 2134 1861 1840 1803 45 273 169 1758 84 1674 86 104 82 1588 1376 64 41 148 117 59 212 180 1328 58 1305 133 1271 229 208 177 90 1042 1004 800 204 772
is_linear=0
shrinkage=0.05


Tree=100
num_leaves=40
num_cat=0
split_feature=12 25 30 30 16 18 30 24 4 27 8 27 10 13 9 15 24 22 29 7 29 15 8 31 14 9 17 15 28 30 10 16 29 10 0 7 4 20 3
split_gain=8118.04 31080.4 6636.27 4352.55 3766.73 8643.8 6321.84 2842.08 2458.18 2487.74 30035.3 5763.39 8372.98 3657.04 6104.99 2950.6 2782.05 11492.2 3167.16 2536.26 2101.44 1707.11 1619.19 1516.46 2409.18 1488.83 1383.34 2011.57 5472.87 1242.82 1240.32 1209.94 1148.2 2430.26 3917.26 2977.21 1141.6 1112.71 1068.1
threshold=-1.3944663405418394 -1.6300981044769285 -2.4608415365219112 -1.3757219314575193 -1.043636620044708 -1.0568026304244993 1.0098809599876406 -0.82837805151939381 2.1403487920761113 0.16876037418842318 1.3476914763450625 0.20596565306186679 1.0000000180025095e-35 -0.58716601133346547 -0.6248013675212859 1.6533120274543764 1.5304850935935976 0.60860848426818859 -0.051848068833351128 1.5819175839424136 0.58843475580215465 2.0906820297241215 0.96793350577354442 1.2981519699096682 0.92901721596717846 -0.80254772305488575 -0.49061308801174158 -0.24508886784315106 -0.20765082538127896 0.65969780087471019 -1.0616104006767271 -0.45233635604381556 0.42881171405315405 -0.31344148516654963 1.0000000180025095e-35 -0.88038301467895497 -1.0371792912483213 0.065395638346672072 -0.12116631492972373
decision_type=2 2 2 2 2 2 2 2 2 2 2 2 2 2 2 2 2 2 2 2 2 2 2 2 2 2 2 2 2 2 2 2 2 2 2 2 2 2 2
left_child=2 -2 -1 -3 7 -6 8 29 9 13 11 12 -11 14 25 16 19 -18 -19 23 -9 -17 30 26 37 -7 38 28 31 36 -13 -28 -32 35 -35 -34 -5 -25 -15
right_child=1 3 -4 4 5 6 -8 20 -10 10 -12 22 -14 15 -16 21 17 18 -20 -21 -22 -23 -24 24 -26 -27 27 -29 -30 -31 32 -33 33 34 -36 -37 -38 -39 -40
leaf_value=-1.261593252962286 1.8054997603098553 0.66561391651630408 -0.18044195340364241 0.19568178523331881 1.0464600069075825 0.307268882259017 0.70936675749478806 -0.21710562833717895 0.52708263312067305 -0.12246381703852899 1.915915615501858 -0.40866606477648021 1.3070133650302889 -0.10487503628190382 0.92332186425725615 -0.7169729634605605 1.2437859927117825 0.19757224529981615 -0.55639414397569797 -0.59717769765853879 -0.92445491218850728 -0.14015323597451915 -0.43860326139256361 -0.37166303672172407 -0.76728091277182109 -0.22247900507516333 0.3199329067831454 -0.077049421577299118 0.90776082098484034 -0.47318362905220551 -0.039245121458702258 -0.09334496368545217 0.41649576686322692 0.89802301946011465 -0.068827540501952167 -0.26322768458298279 -0.13386743840805831 0.061147097746531168 -0.40738178786304263
leaf_weight=22 24 24 40 32 20 21 31 21 21 21 21 20 20 83 24 29 20 30 26 25 21 23 24 27 20 36 23 462 20 22 546 77 24 22 20 49 147 33 45
leaf_count=22 24 24 40 32 20 21 31 21 21 21 21 20 20 83 24 29 20 30 26 25 21 23 24 27 20 36 23 462 20 22 546 77 24 22 20 49 147 33 45
internal_value=7.90742e-11 0.0162362 -0.564076 -0.00392454 -0.0115546 0.0125955 0.00137619 -0.196706 -0.0107362 -0.0170423 0.0510467 -0.00144961 0.574842 -0.0680426 0.25436 -0.0957357 -0.0743692 0.214956 -0.152484 -0.101349 -0.57078 -0.461841 -0.0349645 -0.0856585 -0.292033 -0.0273087 -0.062405 -0.0296748 0.152718 -0.118541 -0.0207393 0.00170895 -0.00900172 0.134589 0.437618 -0.039757 -0.0749536 -0.133617 -0.211225
internal_weight=2216 2154 62 2130 2106 1863 1843 243 1812 1791 767 746 41 1024 81 943 891 76 56 815 42 52 705 790 80 57 710 582 120 201 681 100 661 115 42 73 179 60 128
internal_count=2216 2154 62 2130 2106 1863 1843 243 1812 1791 767 746 41 1024 81 943 891 76 56 815 42 52 705 790 80 57 710 582 120 201 681 100 661 115 42 73 179 60 128
is_linear=0
shrinkage=0.05


Tree=101
num_leaves=40
num_cat=0
split_feature=30 29 30 22 30 16 31 17 19 16 16 17 30 7 7 11 3 12 7 4 6 30 8 7 30 24 11 12 17 15 16 29 29 15 15 4 28 31 5
split_gain=8357.49 5038.13 9363.87 7330.24 2664.5 3308.62 2586.43 2518.37 9979.43 3655.45 9531.06 2390.18 2044.77 2283.34 7594.77 2661.41 2224.92 1310.8 1509.74 1230.8 1283.1 1232.17 1399.65 12073.5 23405.8 3108.85 1794.02 2854.11 1377.75 1166.04 2537.3 1136.26 5881.63 1183.85 2887.38 2708.02 1194.84 1072.86 984.255
threshold=-2.4608415365219112 0.79209810495376598 1.0098809599876406 -1.6769025325775144 0.9120679795742036 -1.2818565368652342 2.9253710508346562 2.6455668210983281 2.2084614038467412 1.9792343378067019 1.840181350708008 -0.75296401977539051 -0.65878006815910328 1.2180948853492739 1.1032164096832278 1.1336319446563723 0.92474040389060985 1.7689762711524966 1.5819175839424136 2.0844084024429326 2.872025847434998 -0.55049610137939442 -0.63483852148056019 -0.55014747381210316 0.12251437827944757 -0.70586934685707081 -0.31712549924850458 -0.30952669680118555 -0.62855255603790272 -0.3122249543666839 -0.30314393341541285 -0.46601891517639155 -0.4077103585004806 0.17341786623001101 0.2545489519834519 0.10006712004542352 -0.077750571072101579 0.1950713321566582 -0.38299234211444849
decision_type=2 2 2 2 2 2 2 2 2 2 2 2 2 2 2 2 2 2 2 2 2 2 2 2 2 2 2 2 2 2 2 2 2 2 2 2 2 2 2
left_child=-1 2 3 -2 5 -3 7 8 9 10 12 -7 -5 14 15 19 17 18 -15 20 21 -14 37 24 -24 -25 38 -28 -29 30 -30 -31 -33 -34 35 -35 -36 -23 -27
right_child=1 4 -4 6 -6 11 -8 -9 -10 -11 -12 -13 13 16 -16 -17 -18 -19 -20 -21 -22 22 23 25 -26 26 27 28 29 31 -32 32 33 34 36 -37 -38 -39 -40
leaf_value=0.89116566731379587 0.86750416619082305 -0.47783488495541476 0.91975735532385972 -0.29285840211170061 -0.68841005152752333 0.33445905310767038 0.55404932633042336 -0.52647611579547327 1.0241374269775723 -0.61244269042060928 1.0190955405885525 -0.19796168201093406 0.32292202625955857 -0.057370597634109712 0.75005720031983936 -0.44128546300861571 -0.66073150437163275 0.092775361527773478 -0.51739045919910553 -0.27028659921745923 0.31935253633606819 -0.053220169402615793 -0.011360277470789458 0.51679244677607838 2.1018309280276299 -0.077480038550216707 0.49893073009120092 -0.39671074238916243 -0.0044621134321365897 -0.19341906150704935 0.62616865086284557 0.79526914696801798 -0.13867559857523212 0.82583673238754285 -0.38129353669026628 0.0030343101918697359 -0.0097019128025519659 -0.26687281542506658 -0.31444631641109788
leaf_weight=26 24 56 28 70 31 35 20 24 23 26 22 53 28 42 33 36 23 44 31 43 31 259 38 26 20 100 27 24 58 95 22 22 195 20 23 20 364 76 78
leaf_count=26 24 56 28 70 31 35 20 24 23 26 22 53 28 42 33 36 23 44 31 43 31 259 38 26 20 100 27 24 58 95 22 22 195 20 23 20 364 76 78
internal_value=1.58688e-09 -0.01058 0.0117693 -0.00102574 -0.267916 -0.177393 -0.0116445 -0.0174674 -0.0111015 -0.0236598 -0.0154735 0.0137966 -0.0277898 -0.017354 -0.000788821 -0.0162268 -0.211167 -0.122791 -0.252721 -0.006474 0.00095978 -0.00564234 -0.0119135 0.0146548 0.717326 -0.0232921 -0.0366911 -0.00710055 -0.023308 -0.0123658 0.168961 -0.0319952 -0.00818268 -0.0366006 0.0100145 0.414436 -0.0317862 -0.101691 -0.181319
internal_weight=2216 2190 2015 1987 175 144 1963 1943 1919 1896 1870 88 1848 1778 1638 1605 140 117 73 1569 1526 1495 1467 1132 58 1074 1048 870 843 819 80 739 644 622 427 40 387 335 178
internal_count=2216 2190 2015 1987 175 144 1963 1943 1919 1896 1870 88 1848 1778 1638 1605 140 117 73 1569 1526 1495 1467 1132 58 1074 1048 870 843 819 80 739 644 622 427 40 387 335 178
is_linear=0
shrinkage=0.05


Tree=102
num_leaves=40
num_cat=0
split_feature=29 21 19 5 4 0 0 16 3 30 17 17 27 27 22 22 33 30 31 5 30 27 15 8 0 28 4 28 33 28 24 10 11 22 3 3 16 28 29
split_gain=8102.11 4795 7745.42 3134.54 3096.96 2843.42 33475.4 6157.14 5105.55 5198.81 4239.13 10045.6 2977.93 6420.95 2930.43 10611.7 9085.9 2483.1 2031.1 2024.01 1723.56 3268.14 4715.39 18316.6 1614.37 1579.87 1626.25 4027.31 1302.71 1297.54 1270.18 1794.19 1231.18 1179.46 1445.9 3350.05 4001.83 1172.77 1077.81
threshold=3.2934920787811284 -1.6710991859436033 -1.5992504954338072 3.5429087877273564 2.0524426698684697 -0.68312785029411305 -0.66076958179473866 2.2964339256286626 -0.24449787288904187 1.0098809599876406 1.942263722419739 1.7094566822052004 -0.79134586453437794 -0.75597417354583729 0.18278125673532489 0.12176503613591196 -0.047483431175351136 0.58546778559684765 2.4671766757965092 0.12139206379652025 0.098575331270694747 -0.099173549562692628 -0.23811689764261243 -0.65212738513946522 1.1622336506843569 0.24034354090690616 -0.4150747805833816 0.66762471199035656 -0.047335436567664139 -0.42508600652217859 0.015332850161939861 0.045762043446302421 1.0874515175819399 -0.054056769236922257 1.7308740615844729 0.76351371407508861 -0.58120349049568165 -0.018958125263452526 -0.79462745785713185
decision_type=2 2 2 2 2 2 2 2 2 2 2 2 2 2 2 2 2 2 2 2 2 2 2 2 2 2 2 2 2 2 2 2 2 2 2 2 2 2 2
left_child=1 28 -3 4 5 8 -7 10 9 38 11 12 24 -14 15 16 -15 20 -6 25 33 -22 23 29 -8 -16 27 -27 -1 -23 -28 -32 -21 34 35 37 -37 -18 -4
right_child=-2 2 3 -5 18 6 7 -9 -10 -11 -12 -13 13 14 19 -17 17 -19 -20 32 21 22 -24 -25 -26 26 30 -29 -30 -31 31 -33 -34 -35 -36 36 -38 -39 -40
leaf_value=-0.80167504678564994 0.91368978489190344 0.93381131023845898 -0.37906542726877063 0.61380611419677733 -0.15689317627470756 1.8524934786409142 -0.14966315279720696 0.78310669764876373 -0.85471721163817826 -0.85503085374832155 -0.66741652091344195 1.0625215855511754 0.84242925682793501 0.93917495310306554 -0.33457742605139229 1.0578202025821575 -0.12279286276210438 -0.36481835697876647 -0.67244979924149817 -0.18195429701567783 -0.10232000300189953 -0.14024471207521857 -0.084058651054392058 1.8377132292091849 -0.61645306469429118 0.75791305725773173 -0.3339152193628252 -0.057610874005207202 -0.25111102362473808 0.37313963037915532 0.44160683807872592 -0.057304755478041383 -0.58231767199256212 -0.35961540718873342 -0.31950505766042236 0.886317976936698 -0.047282634302973747 0.26584436128085315 -0.022497788812420542
leaf_weight=22 24 22 22 20 81 25 157 25 21 20 24 22 23 26 34 26 165 47 25 151 91 32 49 20 21 24 32 41 21 20 21 127 22 30 37 22 24 22 578
leaf_count=22 24 22 22 20 81 25 157 25 21 20 24 22 23 26 34 26 165 47 25 151 91 32 49 20 21 24 32 41 21 20 21 127 22 30 37 22 24 22 578
internal_value=-1.02701e-09 -0.0100039 0.000456782 -0.0091971 -0.0151107 -0.0011588 0.0397604 0.00581404 -0.0879763 -0.0620061 -0.00901978 0.00326756 -0.0151688 0.0159017 -0.00198179 0.0694214 0.0254925 -0.0170043 -0.278487 -0.0985024 0.0149239 0.124053 0.2943 0.551795 -0.204734 -0.0151864 0.0291372 0.243506 -0.532795 0.0572108 -0.0482736 0.0134868 -0.232868 -0.0621939 -0.0291471 0.0169612 0.399222 -0.0770708 -0.0355719
internal_weight=2216 2192 2149 2127 2107 2001 1360 1335 641 620 1310 1286 1264 1086 1063 611 585 559 106 452 512 212 121 72 178 279 245 65 43 52 180 148 173 300 270 233 46 187 600
internal_count=2216 2192 2149 2127 2107 2001 1360 1335 641 620 1310 1286 1264 1086 1063 611 585 559 106 452 512 212 121 72 178 279 245 65 43 52 180 148 173 300 270 233 46 187 600
is_linear=0
shrinkage=0.05


Tree=103
num_leaves=40
num_cat=0
split_feature=28 4 16 11 7 12 5 14 24 33 5 11 12 30 23 33 29 29 28 30 28 3 21 29 29 15 3 4 4 30 17 17 30 6 30 11 3 30 29
split_gain=7677.46 22782.3 9775.71 3588.58 18279 5639.22 28405.7 3196.32 11429.4 3875.28 3796.72 2678.11 9988.38 19805.4 2675.12 2462.73 2332.12 2688.55 11721.7 4105.42 2777.29 9997.63 1755.72 1597.93 1459.99 1439.13 1394.9 1360.25 1393.21 1413.05 2262.1 1483.09 1340.81 2142.52 2132.21 2424.01 3794.46 4706.08 1523.18
threshold=-1.5452485680580137 0.2291599586606026 -1.5581622719764707 1.6160847544670107 1.6315463185310366 1.2761033177375796 -0.12315795570611952 0.92901721596717846 0.9187980890274049 -0.04747741483151912 3.179359078407288 -1.2946693301200864 -1.2313437461853025 -0.29523576796054835 -1.369966387748718 -0.047483431175351136 1.3590816259384157 0.75466626882553112 -0.64683470129966725 0.9120679795742036 -1.2250468134880064 -0.32442224025726313 -1.6905580163002012 0.58843475580215465 -0.45463125407695765 1.7172574996948244 -0.40090158581733698 2.0844084024429326 -1.0347204208374021 0.28248156607151037 -0.49783913791179651 -0.095331277698278413 0.19448923319578174 2.872025847434998 0.11983910948038103 0.3163351714611054 -0.46980190277099604 0.14941830188035968 0.42881171405315405
decision_type=2 2 2 2 2 2 2 2 2 2 2 2 2 2 2 2 2 2 2 2 2 2 2 2 2 2 2 2 2 2 2 2 2 2 2 2 2 2 2
left_child=1 -1 14 4 5 7 -7 8 10 -9 11 23 13 -13 22 24 17 19 -19 20 21 -14 -2 -4 -5 27 -20 28 29 -22 -31 -32 33 34 38 36 -36 -38 -30
right_child=2 -3 3 15 -6 6 -8 9 -10 -11 -12 12 16 -15 -16 -17 -18 18 26 -21 25 -23 -24 -25 -26 -27 -28 -29 32 30 31 -33 -34 -35 35 -37 37 -39 -40
leaf_value=-0.35982951191067697 -0.66786413428684077 1.9042413718253375 -0.092670808512378827 -0.48262774980068213 1.3645075125694275 -0.32662270439637675 2.0121837259829043 -0.12485755629351605 1.1130484019932541 -0.86355908708223572 -0.67706158728826615 1.9168786901235582 -0.28846104180812837 -0.19409808802604678 -1.0449496637219968 -0.75792093589192344 -0.46327537340777258 1.1602006754049889 0.12772187989305805 -0.66790639376267791 -0.1892601688951254 1.2113613221794368 -0.033551407307386399 -0.70243559891269325 -0.033961952495332244 -0.3893282369925426 -0.3194072123391159 -0.29100809818090395 -0.017032235403690667 -0.34626163747161631 0.60312815874814996 0.025465198755264287 -0.053773547236941943 0.54389388327571486 0.032314072767408879 -0.12651822021739051 1.2420300276506515 0.20676251999709919 0.29874206399317921
leaf_weight=25 24 20 22 25 25 37 20 92 23 22 21 20 25 25 23 21 28 26 37 24 175 20 20 21 66 26 33 43 557 21 20 25 423 22 41 33 21 23 41
leaf_count=25 24 20 22 25 25 37 20 92 23 22 21 20 25 25 23 21 28 26 37 24 175 20 20 21 66 26 33 43 557 21 20 25 423 22 41 33 21 23 41
internal_value=9.91695e-10 0.646424 -0.0133989 0.00553447 0.0210181 0.00394273 0.494011 -0.0106823 0.00561354 -0.267414 -0.00875251 -0.000741954 0.00906378 0.744114 -0.607964 -0.269853 -0.0108144 -0.00307054 0.253651 -0.019074 -0.00880221 0.378127 -0.37954 -0.390463 -0.157222 -0.0206389 -0.0830675 -0.0140051 -0.00550925 -0.114908 0.0822379 0.282204 0.0171997 0.0578795 0.0429461 0.237186 0.378389 0.700867 0.00461784
internal_weight=2216 45 2171 2104 1992 1967 57 1910 1796 114 1773 1752 1709 45 67 112 1664 1636 96 1540 1516 45 44 43 91 1471 70 1445 1402 241 66 45 1161 738 716 118 85 44 598
internal_count=2216 45 2171 2104 1992 1967 57 1910 1796 114 1773 1752 1709 45 67 112 1664 1636 96 1540 1516 45 44 43 91 1471 70 1445 1402 241 66 45 1161 738 716 118 85 44 598
is_linear=0
shrinkage=0.05


Tree=104
num_leaves=40
num_cat=0
split_feature=30 29 30 22 15 15 5 3 8 24 3 27 27 3 27 33 11 28 5 30 29 30 30 6 33 12 30 30 5 29 29 29 30 29 30 29 15 29 5
split_gain=8008.39 4598.29 8989.8 6839.5 2622.22 12597.6 2849.26 2365.44 1973.48 8366.12 2430.78 2071.96 6129.49 2060.43 1819.93 1787.77 1716.59 1420.81 1157.17 1116.3 1107.71 1062.8 1288.63 1269.73 941.961 941.188 944.227 1311.56 940.072 915.775 817.161 1003.34 2350.48 3617.97 2270.27 1173.69 725.625 745.068 721.355
threshold=-2.4608415365219112 0.79209810495376598 1.0098809599876406 -1.6769025325775144 2.1951055526733403 1.8629074692726137 3.3049092292785649 -0.82119348645210255 1.1994026899337771 1.4063044190406802 -0.15286046266555783 -1.2386001944541929 -1.1030309796333311 2.6286451816558842 -1.1030309796333311 -0.047462873160839074 -0.9180694818496703 -0.12105827406048773 -0.34696488082408899 0.22169938683509829 1.1902449131011965 -0.65878006815910328 -0.55049610137939442 2.872025847434998 -0.047448830679059022 1.019953787326813 -0.34459145367145533 -0.30713127553462977 -0.26071733236312861 -0.88827767968177784 -0.60456100106239308 -0.41597388684749598 0.15867774188518527 -0.46601891517639155 -0.014886674005538223 -0.49694004654884333 1.1937422156333926 0.14742621034383777 -0.37862537801265711
decision_type=2 2 2 2 2 2 2 2 2 2 2 2 2 2 2 2 2 2 2 2 2 2 2 2 2 2 2 2 2 2 2 2 2 2 2 2 2 2 2
left_child=-1 2 3 -2 5 6 8 16 9 11 -10 -5 -13 21 -9 17 -3 -16 -6 -12 -17 -14 -23 24 25 26 38 -28 -27 -29 -31 32 33 34 -32 -34 -33 -38 -24
right_child=1 7 -4 4 18 -7 -8 14 10 -11 19 12 13 -15 15 20 -18 -19 -20 -21 -22 22 23 -25 -26 28 27 29 -30 30 31 36 35 -35 -36 -37 37 -39 -40
leaf_value=0.87235493339025061 0.83741104577978465 0.34768051712409309 0.90066170671156476 -0.27915838497877121 -0.17961879123209254 0.98180775505607021 0.56045069864818031 -0.76759891845285899 -0.06057158892366047 1.0064062196016312 -0.71695196789044602 0.78277234553049013 -0.26101588703865231 -0.52658625155687333 -0.66273035653999879 -0.27692033706799796 -0.22645827710628508 -0.13444213315844536 -0.65396647155284882 -0.22682097469057358 0.23186992794275285 0.34003105782545529 -0.058673218113404736 0.29171127630679899 -0.20224928948758306 -0.033562550544738771 0.35667489469051361 0.3037251273170114 -0.4934713526070118 -0.17036096677949575 0.32351904437980722 -0.024090336500575731 0.091585250198841103 0.82543858257324809 -0.33064307996204922 -0.44361232042312626 0.29238515174066698 -0.086396937593817724 -0.36446560469145578
leaf_weight=26 24 23 28 75 36 32 21 24 98 20 26 24 43 20 35 23 30 20 20 21 20 26 54 33 69 25 26 24 20 73 36 969 21 23 21 20 37 20 30
leaf_count=26 24 23 28 75 36 32 21 24 98 20 26 24 43 20 35 23 30 20 20 21 20 26 54 33 69 25 26 24 20 73 36 969 21 23 21 20 37 20 30
internal_value=1.43321e-09 -0.0103567 0.0109947 -0.00154208 -0.0117993 -0.00189636 -0.0186849 -0.256204 -0.0252447 -0.0102186 -0.202345 -0.0222568 -0.010319 -0.0222902 -0.377365 -0.281798 0.0226963 -0.470626 -0.349029 -0.497957 -0.0402737 -0.0158661 -0.0089627 -0.0150079 -0.0219028 -0.013008 -0.00553149 0.00520684 -0.237966 -0.00213895 -0.00815595 0.00216747 0.138341 0.296103 0.0825119 -0.169487 -0.013892 0.159479 -0.167885
internal_weight=2216 2190 2015 1987 1963 1907 1875 175 1854 1709 145 1689 1614 1590 122 98 53 55 56 47 43 1570 1527 1501 1468 1399 1354 1270 45 1244 1220 1147 121 80 57 41 1026 57 84
internal_count=2216 2190 2015 1987 1963 1907 1875 175 1854 1709 145 1689 1614 1590 122 98 53 55 56 47 43 1570 1527 1501 1468 1399 1354 1270 45 1244 1220 1147 121 80 57 41 1026 57 84
is_linear=0
shrinkage=0.05


Tree=105
num_leaves=40
num_cat=0
split_feature=29 21 22 6 4 5 5 23 3 5 30 30 5 30 33 6 8 3 29 28 4 15 10 33 3 16 4 9 5 5 30 30 33 27 15 29 24 33 27
split_gain=7696.93 4462.52 7158.71 3113.77 3490.18 2728.01 4639.68 21917.1 50539.4 7902.61 4924.3 4356.19 3746.27 3703.42 1973.66 1889.49 1729.39 1557.56 4746.17 1452.64 1331.24 1230.89 1219 1200.33 1191.9 1071.26 2668.71 1085.4 1062.96 2824.8 1058.81 1368.37 1521.23 1289.02 1042.44 1037.07 1006.5 949.177 898.686
threshold=3.2934920787811284 -1.6710991859436033 -1.6503179669380186 3.2509608268737797 2.1403487920761113 0.93583095073699962 -0.35242359340190882 1.0580972433090212 -0.094295192509889589 -0.32840529084205622 0.78961768746376049 1.0098809599876406 0.78735414147377025 0.73168373107910167 -0.047485608607530587 2.5557608604431157 1.1794789433479311 1.4042866230010989 0.04523908160626889 0.96372437477111828 -0.46302354335784907 -0.832698494195938 1.5550780892372134 -0.047358125448226922 -0.49185001850128168 -0.65469375252723683 0.2291599586606026 -0.61022239923477162 -0.17556152492761609 -0.13407536596059796 -0.26025116443634028 -0.017276935279369351 -0.04748238064348697 0.064031258225440993 0.70827737450599682 0.057194279506802566 -0.70586934685707081 -0.047486433759331696 0.15120091289281848
decision_type=2 2 2 2 2 2 2 2 2 2 2 2 2 2 2 2 2 2 2 2 2 2 2 2 2 2 2 2 2 2 2 2 2 2 2 2 2 2 2
left_child=1 23 -3 4 5 6 11 9 -9 -8 12 15 14 34 37 16 17 21 -19 22 -21 24 -18 -1 -4 26 27 -23 -16 -30 -31 33 -33 -32 -7 -26 -34 -11 -5
right_child=-2 2 3 38 -6 13 7 8 -10 10 -12 -13 -14 -15 28 -17 19 18 -20 20 -22 25 -24 -25 35 -27 -28 -29 29 30 31 32 36 -35 -36 -37 -38 -39 -40
leaf_value=-0.79738393694162379 0.89055050984025008 0.84149672138690956 -0.074679989890795051 -0.63118119641490611 0.62616655020551248 -0.052205018239982304 0.96658571483123878 -0.43094821912901743 2.2024748532395613 -0.20006798375397922 0.67609733057518806 -0.67036230652420614 0.59572129930768702 -0.81364640645682818 -0.20946354194078595 0.44203031815233684 -0.33042504798482963 -0.16694281200567884 0.84929109514690948 -0.13117837641726843 -0.65092729526971072 -0.21455049435297649 0.10019068230120909 -0.26774921184000761 -0.12880491512742909 -0.021084620380706125 0.64075368940830235 0.22242792033486897 0.5696476813405752 -0.24687000690203795 0.43746750593185429 0.27754459433533529 0.13796946519407735 -0.012198199507068186 -0.31789405605067378 -0.61429213217713619 -0.1877950437893518 -0.6031745356710061 -0.20211775456196987
leaf_weight=20 24 25 146 23 22 187 21 35 38 40 24 27 21 20 80 21 27 27 20 22 28 30 42 23 22 712 22 27 20 53 30 27 29 34 46 22 130 23 26
leaf_count=20 24 25 146 23 22 187 21 35 38 40 24 27 21 20 80 21 27 27 20 22 28 30 42 23 22 712 22 27 20 53 30 27 29 34 46 22 130 23 26
internal_value=-8.68807e-10 -0.00975055 0.000340948 -0.00955966 -0.000256623 -0.00696939 0.014639 0.127459 0.939875 0.0159804 -0.0230856 -0.0424788 -0.0575423 -0.160705 -0.0869812 -0.0279644 -0.0365693 -0.0156806 0.265497 -0.21702 -0.422238 -0.0291519 -0.0683111 -0.514091 -0.143428 -0.00170244 0.172983 -0.00756072 -0.0462965 -0.00588361 -0.0438725 -0.000837003 -0.0694545 0.198583 -0.104659 -0.371549 -0.128379 -0.347234 -0.403515
internal_weight=2216 2192 2149 2124 2075 2053 1800 605 73 532 511 1195 487 253 466 1168 1147 1028 47 119 50 981 69 43 190 791 79 57 403 323 303 250 186 64 233 44 159 63 49
internal_count=2216 2192 2149 2124 2075 2053 1800 605 73 532 511 1195 487 253 466 1168 1147 1028 47 119 50 981 69 43 190 791 79 57 403 323 303 250 186 64 233 44 159 63 49
is_linear=0
shrinkage=0.05


Tree=106
num_leaves=40
num_cat=0
split_feature=15 20 11 12 30 29 11 7 27 20 27 30 30 4 29 4 8 29 33 0 29 27 29 4 30 29 27 5 16 29 29 14 19 29 6 0 16 14 29
split_gain=7624.54 8511.86 3626.14 8491.15 19835.9 2926.14 2884 16643.2 5018.87 34776 11077 5279.99 4540.61 5612.2 8849.3 3146.91 2756.88 2717.77 2357.69 2083.34 1439.54 1280.47 1217.1 1190.72 1516.42 1440.74 1106.71 1083.45 1037.41 1104.69 4585.12 6348.19 13928.8 1560.29 1101.17 1012.8 979.753 874.586 841.695
threshold=-1.584319472312927 -1.6137911677360532 -1.2946693301200864 -1.2313437461853025 -0.31357385218143458 1.3590816259384157 1.6160847544670107 1.6315463185310366 -0.58386245369911183 0.39998349547386175 -0.61005219817161549 1.0098809599876406 0.60025855898857128 -1.0359498858451841 -0.1409986540675163 2.1268247365951543 1.2336158156394961 0.7793947458267213 -0.047483431175351136 0.89286133646965038 -0.45463125407695765 -0.30422385036945337 1.0929369330406191 -1.0347204208374021 0.30846130847930914 0.42881171405315405 -1.0741553902626035 -0.36989144980907435 1.9792343378067019 -0.41597388684749598 -0.52172148227691639 0.21965948492288592 -0.16315869987010953 -0.85986977815628041 2.3750380277633671 -0.45704109966754908 1.0116284489631655 0.70011338591575634 -0.33747386932373041
decision_type=2 2 2 2 2 2 2 2 2 2 2 2 2 2 2 2 2 2 2 2 2 2 2 2 2 2 2 2 2 2 2 2 2 2 2 2 2 2 2
left_child=-1 -2 17 4 -4 6 7 8 9 10 12 15 13 14 -5 16 22 -3 20 26 -8 36 23 24 25 -10 35 -26 29 30 33 32 -32 -25 38 -15 -22 -28 -31
right_child=1 2 3 5 -6 -7 18 -9 11 -11 -12 -13 -14 19 -16 -17 -18 -19 -20 -21 21 -23 -24 28 27 -27 37 -29 -30 34 31 -33 -34 -35 -36 -37 -38 -39 -40
leaf_value=0.69292932706765642 -0.82186674978584051 -0.11628229104239365 1.8675554434955122 -0.10306289180048876 -0.20997807836091079 -0.47265932207757777 -0.44498232724489989 1.298603608608246 -0.13765988690722594 1.7144296700304207 1.152561421394348 -0.69694491843382522 -0.75386090034788311 -0.50870990111492576 1.2547310995204111 -0.60720901929813886 -0.46269317773335122 -0.87391767498105777 -0.71691246912592943 -0.47103788258836554 -0.096289278523308111 -0.3059900496024639 0.3707212710664386 0.32071751665154641 0.31394009990938782 -0.56624264308939809 -0.016898721225757515 -0.15137772282416173 -0.35063745729450607 -0.15257021144730973 -0.0063186240692933403 -0.23444704862353816 1.7803048181533816 -0.14523139979158128 -0.2590512260107235 -0.090030157682485887 0.36038631442934277 0.34181075640022757 0.016945567096077509
leaf_weight=39 32 29 20 28 27 33 27 25 133 33 20 30 22 20 21 23 34 20 21 34 23 25 21 22 29 23 113 22 20 80 24 22 20 98 42 52 24 20 865
leaf_count=39 32 29 20 28 27 33 27 25 133 33 20 30 22 20 21 23 34 20 21 34 23 25 21 22 29 23 113 22 20 80 24 22 20 98 42 52 24 20 865
internal_value=5.14308e-12 -0.0124135 -0.000337766 0.00960211 0.674079 -0.00563966 0.002005 0.0170501 -7.38554e-05 0.166837 0.0120772 -0.0402519 -0.0615024 -0.0086139 0.478849 -0.0269225 -0.0177496 -0.425521 -0.235707 -0.108554 -0.133633 -0.0168768 -0.00710354 -0.0127709 -0.12347 -0.200848 -0.0484347 0.113215 0.00643682 0.012525 0.1243 0.45904 0.805783 -0.0598074 -0.00853886 -0.20633 0.136907 0.0370426 0.00259502
internal_weight=2216 2177 2145 2096 47 2049 2016 1896 1871 363 330 1508 310 288 49 1478 1455 49 120 239 99 72 1421 1400 207 156 205 51 1193 1173 186 66 44 120 987 72 47 133 945
internal_count=2216 2177 2145 2096 47 2049 2016 1896 1871 363 330 1508 310 288 49 1478 1455 49 120 239 99 72 1421 1400 207 156 205 51 1193 1173 186 66 44 120 987 72 47 133 945
is_linear=0
shrinkage=0.05


Tree=107
num_leaves=40
num_cat=0
split_feature=12 25 30 28 28 30 5 30 7 24 23 26 4 30 29 13 13 7 3 3 0 29 0 16 15 6 6 9 11 7 28 14 9 9 12 13 33 26 23
split_gain=7457.01 27322.1 6853.22 4082.59 6879.12 5371.56 2951.45 17515.5 11751.2 7089.8 5815.61 8170.82 3301.87 2931.55 2802.97 2625.65 1875.62 1765.77 1435 3751.05 1390.1 1384.65 1338.87 969.173 903.16 1174.99 3490.71 1018.42 3704.34 999.568 890.871 1647.05 2584.74 4605.57 3099.14 913.683 1169.09 1090.21 883.83
threshold=-1.3944663405418394 -1.6300981044769285 -2.4608415365219112 -1.2388885617256162 -1.197591185569763 -1.0270565152168272 -0.30438698828220362 1.0098809599876406 1.6315463185310366 1.4063044190406802 0.9649716615676881 0.9546494483947755 1.9227350354194643 1.0098809599876406 0.10554993525147439 1.374600410461426 1.6231963038444521 -1.172109007835388 -0.62276062369346608 -0.42983973026275629 0.39972749352455145 1.0929369330406191 -0.58814996480941761 -1.2337882518768308 -0.81912797689437855 2.9755042791366582 2.2540702819824223 -0.49795934557914728 -0.52871868014335621 -0.53461477160453785 -0.7546834647655486 -0.052951727062463753 -0.36709570884704584 -0.26567928493022913 -0.15487755089998242 0.039785401895642288 -0.047479422762989991 0.42399521172046667 0.49518230557441717
decision_type=2 2 2 2 2 2 2 2 2 2 2 2 2 2 2 2 2 2 2 2 2 2 2 2 2 2 2 2 2 2 2 2 2 2 2 2 2 2 2
left_child=2 -2 -1 14 -5 -6 13 8 9 10 11 12 18 15 -3 17 -17 -7 -8 -20 -12 23 -21 -19 -25 26 27 28 -26 -29 -24 32 -32 -34 -35 -33 38 -38 -37
right_child=1 3 -4 4 5 6 7 -9 -10 -11 20 -13 -14 -15 -16 16 -18 21 19 22 -22 -23 30 24 25 -27 -28 29 -30 -31 31 35 33 34 -36 36 37 -39 -40
leaf_value=-1.2494498231194235 1.6931610340873402 -0.12816746757446748 -0.15076834876090289 0.85565008921548724 0.79943125872384935 -0.41936175823211674 -0.31942669684822494 1.5332324838638307 0.91417107135057452 0.87086771523410622 -0.33420201528906113 0.90106065707902117 -0.67134934425354009 -0.62479315616867759 -0.64349059869308733 -0.59773662135456551 -0.13366929425392302 0.31051986583254559 0.49564183337820905 -0.36233649765430342 -0.91665436357259766 0.40218972951173787 -0.21242678649723531 -0.15819445076044156 0.0093105996231528099 -0.3011511264876886 0.63962767180942359 -0.37859725710891545 0.73776120260357869 -0.028306256751985861 -0.041919494242825379 -0.3609313072981658 0.79137737161945554 -0.22966163770148629 0.48714009696245197 -0.37115685955474254 0.18274256003964129 -0.13856597326018594 -0.027842260514562196
leaf_weight=22 24 92 40 24 21 27 37 20 36 22 21 24 20 22 37 33 64 22 36 29 20 20 50 113 137 33 21 21 20 674 127 27 32 38 25 38 66 44 37
leaf_count=22 24 92 40 24 21 27 37 20 36 22 21 24 20 22 37 33 64 22 36 29 20 20 50 113 137 33 21 21 20 674 127 27 32 38 25 38 66 44 37
internal_value=-9.49478e-10 0.0155611 -0.540623 -0.00334143 0.0142345 0.00402009 -0.0045196 0.0734483 0.0333993 -0.0123551 -0.0413132 -0.00376161 -0.0395962 -0.0529023 -0.275973 -0.0422849 -0.291548 -0.020062 -0.0180346 0.00227779 -0.618325 -0.00990078 -0.0323443 -0.017818 -0.0249067 -0.00828255 0.00278808 -0.0129087 0.102107 -0.0388906 -0.012572 0.0104528 0.105638 0.302899 0.0547835 -0.0892225 -0.0495677 0.0542191 -0.201788
internal_weight=2216 2154 62 2130 2001 1977 1956 749 729 693 671 630 606 1207 129 1185 97 1088 586 549 41 1061 513 1041 1019 906 873 852 157 695 484 434 222 95 63 212 185 110 75
internal_count=2216 2154 62 2130 2001 1977 1956 749 729 693 671 630 606 1207 129 1185 97 1088 586 549 41 1061 513 1041 1019 906 873 852 157 695 484 434 222 95 63 212 185 110 75
is_linear=0
shrinkage=0.05


Tree=108
num_leaves=40
num_cat=0
split_feature=30 6 18 11 29 30 33 30 30 30 30 18 30 9 19 6 5 9 3 29 16 17 8 27 13 5 14 3 15 29 6 4 3 3 0 30 29 30 4
split_gain=7772.32 4322.32 7030.36 3299.58 2908.13 8765.72 3191.71 2574.2 2422.42 9489.5 3416.11 8125.29 9099.69 28471.8 6151.38 3645.58 2812.32 2787.16 2572.9 2250.76 1936.94 1931.76 1744.56 1379.13 2106.67 1568.33 1339.63 1269.78 1209.29 2338.77 1068.56 1059.41 984.673 1452.04 5796.87 1212.1 1803.39 3505.94 1542.48
threshold=-2.4608415365219112 4.711318016052247 -1.5910865664482114 -1.2946693301200864 0.79209810495376598 1.0098809599876406 -0.047405436635017388 0.9120679795742036 0.3407531082630158 0.32485000789165502 0.11983910948038103 -1.0717446804046629 0.18768508732318881 1.2217946052551272 2.2084614038467412 2.872025847434998 2.2415534257888798 1.1024599671363833 -0.15286046266555783 -0.38030593097209925 -1.2818565368652342 -0.75296401977539051 1.0822968482971194 -0.62518873810768116 0.26934556663036352 -0.428845465183258 0.63678836822509777 1.4042866230010989 -0.20661827176809308 0.10052988305687906 1.5763595104217532 1.9227350354194643 1.5014359951019289 0.80898794531822216 0.86638915538787853 -0.42359459400176996 0.41948790848255163 -0.10449956357479094 0.10006712004542352
decision_type=2 2 2 2 2 2 2 2 2 2 2 2 2 2 2 2 2 2 2 2 2 2 2 2 2 2 2 2 2 2 2 2 2 2 2 2 2 2 2
left_child=-1 2 3 -2 5 6 8 20 9 10 14 -12 13 19 15 17 23 30 -19 -13 -6 -22 27 24 -10 -26 28 -14 -21 -30 32 -25 33 35 -35 38 -37 -38 -4
right_child=1 -3 4 -5 7 -7 -8 -9 16 -11 11 12 22 -15 -16 -17 -18 18 -20 26 21 -23 -24 31 25 -27 -28 -29 29 -31 -32 -33 -34 34 -36 36 37 -39 -40
leaf_value=0.85940116919004006 -0.27860790852344403 0.72147698603570465 -0.33087670142486902 -1.0924965816736223 -0.42354782451246237 0.90823778485258433 0.59989100684496488 -0.66682127083723364 0.046554758548736579 0.95423094431559241 1.0584267754446377 0.45276466061335968 -0.10905079165981575 2.030308712477034 0.82322116054594519 0.5887574605998539 -0.68627877749502664 -0.14424952352046969 -0.73623477374685231 -0.1732242548902487 0.29589114470141276 -0.18275691574474551 -0.39451809950331423 -0.010640218641241025 -0.19830410764975981 -0.79532940441911881 -0.30321928999490211 0.23799130743549718 -0.0182714926124346 0.5953122779130936 -0.32177981173885722 -0.29305226863236039 -0.19385871484308789 0.75443775813494418 -0.17001085692020351 -0.041580263219098107 0.74243778660893445 -0.12300786659121515 0.087237118091434251
leaf_weight=26 33 20 71 20 37 27 22 26 30 27 22 37 176 22 20 21 20 50 29 29 35 53 47 324 22 22 27 31 41 25 35 37 92 28 43 510 22 25 32
leaf_count=26 33 20 71 20 37 27 22 26 30 27 22 37 176 22 20 21 20 50 29 29 35 53 47 324 22 22 27 31 41 25 35 37 92 28 43 510 22 25 32
internal_value=-1.97087e-10 -0.0102029 -0.0169465 -0.585736 -0.00270665 0.0135344 0.00107589 -0.214163 -0.00579627 0.0255594 0.0080861 0.120941 0.0735282 0.344433 -0.0446489 -0.0627673 -0.106548 -0.0773692 -0.361561 0.111167 -0.12001 0.00761447 -0.119518 -0.0798935 -0.276531 -0.496817 0.00756764 -0.0570783 0.0958966 0.214147 -0.0512024 -0.0395855 -0.0396955 -0.0202933 0.19456 -0.0434063 -0.0142684 0.282094 -0.200977
internal_weight=2216 2190 2170 53 2117 1966 1939 151 1917 1462 1435 457 435 181 978 958 455 937 79 159 125 88 254 435 74 44 122 207 95 66 858 361 823 731 71 660 557 47 103
internal_count=2216 2190 2170 53 2117 1966 1939 151 1917 1462 1435 457 435 181 978 958 455 937 79 159 125 88 254 435 74 44 122 207 95 66 858 361 823 731 71 660 557 47 103
is_linear=0
shrinkage=0.05


Tree=109
num_leaves=40
num_cat=0
split_feature=28 9 16 11 7 27 20 27 30 31 27 29 3 30 23 8 33 21 28 18 17 4 15 6 15 27 27 9 6 27 29 10 20 11 11 14 15 15 29
split_gain=7409.84 21518.9 9131.04 3347.15 14905.4 4818.81 31519.4 9035.12 6134 4802.11 3708.71 11447.3 3487.93 4415.39 2725.72 2615.11 1995.77 1938.71 1625.13 1194.33 1507.56 1150.54 968.539 812.336 823.258 786.108 1150.39 2466.12 1327.31 816.911 946.885 935.072 6365.05 1540.62 2772.78 1137.2 910.186 8006.54 1276.54
threshold=-1.5452485680580137 -0.67128363251686085 -1.5581622719764707 1.6160847544670107 1.6315463185310366 -0.58386245369911183 0.39998349547386175 -0.61005219817161549 1.0098809599876406 1.1102023720741274 -1.1976896524429319 -0.077669773250818239 2.6286451816558842 -1.0270565152168272 -1.369966387748718 1.2336158156394961 -0.047483431175351136 -1.6905580163002012 -0.94703248143196095 1.757795035839081 0.8607185184955598 -1.0322614908218382 1.7172574996948244 2.872025847434998 1.5760163068771365 1.61289519071579 1.3188517689704897 -0.51890775561332692 2.1578789949417119 1.0399777889251711 0.70453321933746349 -0.28055298328399653 -0.092555843293666826 -0.20600867271423337 -0.1707700043916702 -0.016570810694247481 -0.48069322109222407 -0.56291991472244252 0.20255824923515323
decision_type=2 2 2 2 2 2 2 2 2 2 2 2 2 2 2 2 2 2 2 2 2 2 2 2 2 2 2 2 2 2 2 2 2 2 2 2 2 2 2
left_child=1 -1 14 4 5 6 7 9 12 10 11 -4 13 -7 17 22 19 -2 21 20 -5 -12 23 24 25 26 28 -28 29 30 31 32 36 -33 -35 -36 37 38 -15
right_child=2 -3 3 16 -6 8 -8 -9 -10 -11 18 -13 -14 15 -16 -17 -18 -19 -20 -21 -22 -23 -24 -25 -26 -27 27 -29 -30 -31 -32 33 -34 34 35 -37 -38 -39 -40
leaf_value=1.8575022377073767 -0.66019300371408463 -0.34289812001585962 -0.12534472163766625 -0.29897420651872053 1.2332820200920107 0.71117814678166602 1.6418484663421458 1.0276012999670845 -0.66939951868073366 -0.72326151169836528 -0.57585718549788001 1.3397074657678605 -0.62918241127677588 -0.094532837841872983 -1.0288884528953097 -0.45239860720055947 -0.70019416950997859 0.0063567695021629336 0.02939189560182974 -0.3550873027670951 0.25861181978274278 -0.14781521824635055 -0.23729535460472109 0.24348331867191575 0.30321405388060074 -0.15342173650860788 0.66149574257433419 -0.071040531551396405 -0.38762698238310606 -0.16881594503188546 -0.14789492454703734 -0.27544597918694874 0.70462925888698658 0.47431894878546399 -0.18094408899791292 0.011554259757924604 -0.11143945373459617 0.97768773761662564 0.16403440543408715
leaf_weight=20 24 25 40 22 25 21 33 21 37 24 20 20 23 166 23 34 21 20 141 42 27 73 45 33 21 92 20 27 23 71 92 53 37 30 91 489 101 22 67
leaf_count=20 24 25 40 22 25 21 33 21 37 24 20 20 23 166 23 34 21 20 141 42 27 73 45 33 21 92 20 27 23 71 92 53 37 30 91 489 101 22 67
internal_value=4.37572e-10 0.635058 -0.0131633 0.00513514 0.0200889 0.00466952 0.166719 0.0231219 -0.033125 -0.0432117 0.0123026 0.363006 -0.0180145 -0.00885693 -0.58779 -0.0188442 -0.260827 -0.357216 -0.0776214 -0.159435 0.00826707 -0.239867 -0.00888417 -0.00172145 -0.00749304 -0.0122178 -0.00213959 0.240677 -0.0113283 -0.00422833 0.00595087 0.0193541 0.0804653 -0.0168702 0.00559621 -0.0186481 0.0155944 0.0659097 -0.0201809
internal_weight=2216 45 2171 2104 1992 1967 372 339 1595 318 294 60 1558 1535 67 1514 112 44 234 91 49 93 1480 1435 1402 1381 1289 47 1242 1219 1148 1056 393 663 610 580 356 255 233
internal_count=2216 45 2171 2104 1992 1967 372 339 1595 318 294 60 1558 1535 67 1514 112 44 234 91 49 93 1480 1435 1402 1381 1289 47 1242 1219 1148 1056 393 663 610 580 356 255 233
is_linear=0
shrinkage=0.05


Tree=110
num_leaves=40
num_cat=0
split_feature=15 20 11 12 5 29 29 27 3 27 27 30 17 24 29 4 11 29 13 6 33 8 26 7 3 30 3 31 6 15 16 29 29 4 4 15 3 16 22
split_gain=7471.72 7863.81 3103.59 7560.81 19677.9 2789.71 6541.17 45511 124969 4247.21 14941.8 5017.67 3950.26 33624.2 3276.07 2698.7 2408 2305.39 2208.16 2223.28 2173.17 1909.87 1808.68 2905.67 1855.2 1586.65 1368.27 1920.98 1418.36 1251.55 7194.17 1209.28 1430.43 1155.8 1577.34 2271.8 1368.79 1087.31 2217.73
threshold=-1.584319472312927 -1.6137911677360532 -1.2946693301200864 -1.2313437461853025 -0.36552448570728296 0.24387346208095553 -0.0043747618328779927 -0.61005219817161549 -0.040552949532866471 -0.68579265475273121 -0.52088007330894459 1.0098809599876406 1.8931055068969729 1.3891622424125674 0.21100564301013949 2.0844084024429326 0.84642362594604503 0.7793947458267213 0.88261732459068309 2.872025847434998 -0.047488911077380173 2.2620918750762944 1.6058637499809267 1.5819175839424136 1.14246541261673 0.33584715425968176 0.95643454790115368 -0.010666945483535526 -0.20609266310930249 -0.57336550951004017 -0.54142406582832325 1.3590816259384157 1.0458561778068545 -0.82694241404533375 -0.43843443691730494 -0.11357397958636282 0.27569949626922613 0.099900886416435256 -0.17629089951515195
decision_type=2 2 2 2 2 2 2 2 2 2 2 2 2 2 2 2 2 2 2 2 2 2 2 2 2 2 2 2 2 2 2 2 2 2 2 2 2 2 2
left_child=-1 -2 17 4 -4 6 12 8 -8 25 -11 20 15 -14 16 18 26 -3 19 29 -12 -15 23 24 -20 -7 27 -9 -29 -5 -31 32 33 36 35 -35 -22 38 -32
right_child=1 2 3 5 -6 9 7 14 -10 10 11 -13 13 21 -16 -17 -18 -19 22 -21 31 -23 -24 -25 -26 -27 -28 28 -30 30 37 -33 -34 34 -36 -37 -38 -39 -40
leaf_value=0.68595001484530105 -0.79031765554100275 -0.10922466537048077 1.7261417640881107 -0.11996497724428896 -0.32420285999774934 -0.29569920563336577 -0.23641055143541762 -0.060478366961081824 4.6930473758280282 1.2798568692803383 0.28672617678775597 -0.76526980825832913 1.9353510574861006 -0.81477717203753341 0.46387557371729804 -0.52815193461960763 -0.47898738962231263 -0.80701633810997009 -0.06740972401597832 0.50134613198183831 -0.5238938339931124 -0.14044030876386734 0.041406531198458246 -0.77321156584299533 -0.58657025572928523 -0.83668304552202644 -0.27379025531311835 0.60899935861428578 0.080167927872389563 0.94980300009250651 -0.039456405950307152 -0.47882948205584575 0.27625350332260135 -0.17759925733719553 -0.13730736113281042 0.43472853518570914 -0.068280615541152653 -0.068844390886376436 0.27062544589755183
leaf_weight=39 32 29 22 228 25 33 36 150 20 20 38 28 22 21 31 29 33 20 79 21 34 21 55 26 22 23 45 21 32 20 171 21 25 28 197 33 32 367 87
leaf_count=39 32 29 22 228 25 33 36 150 20 20 38 28 22 21 31 29 33 20 79 21 34 21 55 26 22 23 45 21 32 20 171 21 25 28 197 33 32 367 87
internal_value=5.05971e-10 -0.0122885 -0.000681531 0.00851429 0.635533 -0.00586827 0.0278043 0.211646 1.52411 -0.106952 -0.0564859 -0.117786 -0.0300689 0.351846 -0.0239244 -0.0521888 -0.0777386 -0.394038 -0.0393608 -0.00704274 -0.0733508 -0.477609 -0.19811 -0.301838 -0.180494 -0.517889 -0.0243466 0.0309488 0.289705 -0.019272 0.0163218 -0.110332 -0.0881585 -0.116277 -0.0685127 0.15366 -0.30299 -0.0135496 0.0651061
internal_weight=2216 2177 2145 2096 47 2049 1537 368 56 512 456 436 1169 64 312 1105 281 49 1076 894 408 42 182 127 101 56 248 203 53 873 645 370 349 324 258 61 66 625 258
internal_count=2216 2177 2145 2096 47 2049 1537 368 56 512 456 436 1169 64 312 1105 281 49 1076 894 408 42 182 127 101 56 248 203 53 873 645 370 349 324 258 61 66 625 258
is_linear=0
shrinkage=0.05


Tree=111
num_leaves=40
num_cat=0
split_feature=27 17 13 11 12 6 11 7 27 0 30 20 30 30 4 18 5 33 31 29 29 29 3 27 30 29 29 33 27 0 4 7 30 30 27 16 21 13 6
split_gain=7081.39 5561.39 8189.72 5593.26 5385.18 4001.76 2501.47 14094.1 5246.65 29953.4 28927.1 6666.94 5254.28 3873.32 9380.25 2953.82 2794.46 2063.87 1837.4 1732.5 1310.71 1058.27 1146.3 1042.44 996.932 1416.75 4181.48 7525.81 2659.69 1665.61 1000.03 1173.13 991.133 917.831 891.131 799.403 782.099 1266.27 898.082
threshold=-2.1934885978698726 -1.4076604247093198 -1.3370534777641294 -1.2257563471794126 -1.2313437461853025 0.54011785984039318 1.6160847544670107 1.6315463185310366 -0.58386245369911183 1.4164023995399477 0.65969780087471019 0.41756792366504675 1.0098809599876406 0.24774137139320376 -0.97939488291740406 1.7937170863151553 2.941359400749207 -0.047483431175351136 -0.58116391301155079 -0.1202118545770645 -0.45463125407695765 -0.1233600191771984 -0.67374685406684864 -0.30422385036945337 -0.31357385218143458 -0.41597388684749598 -0.52172148227691639 -0.047476824373006814 -0.30422385036945337 -0.64037886261939991 -0.97570654749870289 -0.34461495280265803 -0.43558418750762934 -0.27151162922382349 -0.90070486068725575 1.0116284489631655 1.5525901317596438 1.2828783988952639 2.3750380277633671
decision_type=2 2 2 2 2 2 2 2 2 2 2 2 2 2 2 2 2 2 2 2 2 2 2 2 2 2 2 2 2 2 2 2 2 2 2 2 2 2 2
left_child=-1 2 5 -4 -3 18 7 8 9 10 11 13 15 21 -15 16 24 20 -2 -17 -8 -6 -23 35 30 26 28 29 -26 -28 -10 -32 -33 -27 -16 -22 37 38 -35
right_child=1 4 3 -5 6 -7 17 -9 12 -11 -12 -13 -14 14 34 19 -18 -19 -20 -21 23 22 -24 -25 25 33 27 -29 -30 -31 31 32 -34 36 -36 -37 -38 -39 -40
leaf_value=0.70556669780186254 0.15047806404207065 0.64320465375979741 -1.301921964188417 -0.37628132348843651 -0.026231391453581266 0.68165015786886218 -0.42369302191116198 1.1926216671466827 0.15961550600253618 2.0540679442882541 1.8960199991613629 -0.88702267563861348 -0.67529353038407869 1.2359675414860249 -0.29914279551733108 -0.7676397103071213 -0.58752829659552808 -0.67232744012560164 -0.4815305371647296 -0.16272990383721631 -0.087080128296561865 -0.055969323624264114 -0.46394553979237874 -0.27605281066894533 0.37547102948029837 0.2917608136932055 0.41526896595954899 1.2108874062245543 -0.16388407749667144 -0.20255169340719781 -0.30846734899096195 0.22759269024431705 -0.189778983502677 -0.010779511220443719 0.13877572784057032 0.32542786132544282 0.22247535013593733 -0.40378206954760992 -0.25552595908013293
leaf_weight=35 23 33 24 51 129 20 27 25 26 20 20 23 32 20 21 20 21 21 23 29 23 33 36 25 30 24 20 22 96 24 76 25 33 963 26 24 32 22 39
leaf_count=35 23 33 24 51 129 20 27 25 26 20 20 23 32 20 21 20 21 21 23 29 23 33 36 25 30 24 20 22 96 24 76 25 33 963 26 24 32 22 39
internal_value=9.33214e-10 -0.0113227 -0.315019 -0.672486 0.00966806 0.0911939 -0.000748833 0.0133278 -0.00250589 0.179003 0.0572452 -0.0704475 -0.0413161 0.000425073 0.329038 -0.0278092 -0.0149329 -0.222104 -0.165526 -0.409632 -0.126602 -0.110772 -0.268826 -0.015193 -0.00653589 0.00826022 0.133411 0.455813 -0.0354662 0.0782759 -0.124165 -0.179227 -0.0098774 -0.0139888 -0.05689 0.123562 -0.0209377 -0.0285443 -0.0203056
internal_weight=2216 2181 141 75 2040 66 2007 1887 1862 328 308 288 1534 265 67 1502 1453 120 46 49 99 198 69 72 1432 1272 192 66 126 44 160 134 58 1080 47 47 1056 1024 1002
internal_count=2216 2181 141 75 2040 66 2007 1887 1862 328 308 288 1534 265 67 1502 1453 120 46 49 99 198 69 72 1432 1272 192 66 126 44 160 134 58 1080 47 47 1056 1024 1002
is_linear=0
shrinkage=0.05


Tree=112
num_leaves=40
num_cat=0
split_feature=29 21 22 27 30 29 27 29 27 10 29 30 17 5 9 18 33 29 4 0 4 0 29 6 29 27 30 4 3 3 6 4 4 30 30 4 15 15 21
split_gain=7591.41 4653.3 8107.73 3613.7 3299.16 3746.65 8676.07 6034.28 30641 59887.9 5014.47 4710.46 3369.39 29177.4 3315.11 2548.17 2146.82 1808.29 1792.69 1776.16 1941.35 1918.01 1739.38 1613.32 1390.4 1179.61 1055.05 1017.25 2078.07 2787.89 1214.14 1156.93 2401.14 986.587 1226.76 946.689 860.681 7560.59 846.387
threshold=3.2934920787811284 -1.6905580163002012 -1.6769025325775144 -1.2386001944541929 1.2409112453460696 0.24387346208095553 -1.1536921858787534 0.029149958863854412 -0.61005219817161549 0.38340307772159582 0.21100564301013949 0.95535138249397289 1.8931055068969729 0.068988487124443068 1.1692987084388735 0.51528736948966991 -0.047488911077380173 -0.3661032766103744 2.0844084024429326 1.5677230954170229 0.55250677466392528 0.56464204192161571 -0.1960262060165405 2.7452282905578618 0.071945838630199446 1.0000000180025095e-35 0.13509841263294223 -0.80112382769584645 0.27569949626922613 -0.55937233567237843 2.2540702819824223 -0.43843443691730494 -0.54970017075538624 0.4863469004631043 0.6231253743171693 -0.28413775563240046 -0.57336550951004017 -0.5110393464565276 -1.6057115197181699
decision_type=2 2 2 2 2 2 2 2 2 2 2 2 2 2 2 2 2 2 2 2 2 2 2 2 2 2 2 2 2 2 2 2 2 2 2 2 2 2 2
left_child=1 -1 -3 24 5 6 -5 12 9 -9 19 16 14 35 18 -16 25 -17 23 20 26 -22 -19 36 38 -7 -10 28 29 -18 31 32 -29 -33 -35 -14 -8 -38 -4
right_child=-2 2 3 4 -6 11 7 8 10 -11 -12 -13 13 -15 15 17 27 22 -20 -21 21 -23 -24 -25 -26 -27 -28 30 -30 -31 -32 33 -34 34 -36 -37 37 -39 -40
leaf_value=-0.68793348997831349 0.88442475348711014 0.85916533867518108 -0.47161377438090063 1.0449252749482791 0.59790704405826067 0.52746613131836051 -0.10937630769483327 -0.2452560859421889 0.031115691204156193 3.4593779139220717 0.6180429626376398 -0.8200058828553427 -0.15677655623072673 1.9037612664699557 -0.82296331882476803 -0.45701091887477124 -0.19323711792627973 0.28255925519535174 -0.41781897220228403 -0.45615073865652084 0.64572732925415044 -0.0055608496356468933 -0.29579772742894977 0.43243589110672476 -0.64644124521450563 0.01228387326002121 -0.21386510326581845 -0.048475217897641032 -0.0057860143524077201 -0.91814791872387846 -0.38967821186986468 -0.16213581072970656 0.58827936459332708 0.36862906806848272 -0.11054545974030215 -0.62110629134366047 0.87733590565621855 -0.025478905114159529 -0.1141756984168914
leaf_weight=25 24 27 22 21 23 20 214 24 91 20 31 23 21 20 20 39 36 26 28 25 20 26 26 20 22 25 85 57 45 21 29 183 20 22 34 23 24 687 67
leaf_count=25 24 27 22 21 23 20 214 24 91 20 31 23 21 20 20 39 36 26 28 25 20 26 26 20 22 25 85 57 45 21 29 183 20 22 34 23 24 687 67
internal_value=3.58912e-11 -0.00968348 -0.00185872 -0.0127221 0.00247494 -0.00435204 0.0358077 0.0213917 0.212671 1.43867 0.0186278 -0.12062 -0.0322597 0.320273 -0.0530734 -0.311954 -0.0879255 -0.199644 -0.0235403 -0.0566025 -0.0116083 0.277608 -0.00661924 -0.0118579 -0.290513 0.241254 -0.0871989 -0.121064 -0.259784 -0.46031 -0.0800514 -0.0516363 0.116916 -0.10594 0.0777017 -0.399494 -0.0214643 0.00499586 -0.202531
internal_weight=2216 2192 2167 2140 2029 2006 1491 1470 322 44 278 515 1148 64 1084 111 492 91 973 247 222 46 52 945 111 45 176 447 102 57 345 316 77 239 56 44 925 711 89
internal_count=2216 2192 2167 2140 2029 2006 1491 1470 322 44 278 515 1148 64 1084 111 492 91 973 247 222 46 52 945 111 45 176 447 102 57 345 316 77 239 56 44 925 711 89
is_linear=0
shrinkage=0.05


Tree=113
num_leaves=40
num_cat=0
split_feature=30 6 18 33 29 30 16 29 29 27 3 29 30 17 24 23 4 11 27 8 3 12 27 30 4 4 29 31 29 31 33 5 3 31 6 4 4 29 29
split_gain=7066.31 3808.74 6317.81 3036.93 2404 2992.29 2572.89 2884.66 6435.51 39810.7 102405 4833.97 4144.21 3741.66 31664.5 2486.3 2272.15 2028.19 1991.92 1746.52 1497.95 2953.72 1496.9 1478.08 1642.83 6389.26 2229.16 5470.42 1437.95 1341.84 1341.34 1170.12 1129.15 1725.25 1318.6 1038.12 1359.12 2365.31 853.029
threshold=-2.4608415365219112 4.711318016052247 -1.5910865664482114 -0.047398863360285752 1.3590816259384157 1.2409112453460696 -1.5267844200134275 0.24387346208095553 -0.0043747618328779927 -0.61005219817161549 -0.12116631492972373 0.21100564301013949 0.95535138249397289 1.8931055068969729 1.3891622424125674 -1.0208426713943479 2.0923999547958378 0.84642362594604503 -0.51698425412178028 2.2620918750762944 0.40040905773639685 0.99506542086601268 -0.91746291518211354 0.58546778559684765 0.10006712004542352 0.20948866754770282 -0.51274108886718739 0.9533381760120393 1.0929369330406191 0.2944366335868836 -0.047488911077380173 0.78735414147377025 0.95643454790115368 0.021316821686923507 -0.20609266310930249 -0.75932234525680531 -0.43843443691730494 0.45624069869518286 -0.26292714476585383
decision_type=2 2 2 2 2 2 2 2 2 2 2 2 2 2 2 2 2 2 2 2 2 2 2 2 2 2 2 2 2 2 2 2 2 2 2 2 2 2 2
left_child=-1 2 3 -2 5 6 -4 8 13 10 -10 17 22 16 -15 -6 18 32 20 -16 29 38 -9 24 31 -26 27 -27 30 -8 -24 -20 33 -11 -35 -32 37 -37 -22
right_child=1 -3 4 -5 15 -7 7 12 9 11 -12 -13 -14 14 19 -17 -18 -19 23 -21 21 -23 28 -25 25 26 -28 -29 -30 -31 35 -33 -34 34 -36 36 -38 -39 -40
leaf_value=0.81943955971644478 -0.98751472753027214 0.67710793614387521 0.56369787231087687 -0.22385379229982694 -0.031688282340765005 0.61391871213912974 -0.11960485232550473 -0.48335877521471543 -0.20631305956939128 -0.056489064324610906 4.3026150906085965 0.58714079876099867 -0.78331496769731701 1.9302450046652841 -0.77007625102996835 -0.77963098526000985 -0.51300662874306846 -0.4389286594521819 -0.04234932604575592 -0.12522076268990834 -0.2803958643050421 -0.81986915225332435 0.1982165044316879 0.38393875122070314 0.92822029001656048 0.78543270507029128 -0.057804212219153467 -0.243287386931479 0.34301066795984902 0.24122406182617975 -0.24889787706085531 -0.34736869685790123 -0.24887398001220495 0.58251751632917503 0.069374426430271516 0.52187317836284641 -0.11744341435694722 -0.11879188435919144 0.10393551337448033
leaf_weight=26 23 20 20 30 25 20 231 22 34 154 20 31 22 21 21 20 26 33 418 21 42 22 39 25 21 28 195 24 21 29 99 34 45 21 31 25 221 34 22
leaf_count=26 23 20 20 30 25 20 231 22 34 154 20 31 22 21 21 20 26 33 418 21 42 22 39 25 21 28 195 24 21 29 99 34 45 21 31 25 221 34 22
internal_value=-1.4164e-09 -0.00972851 -0.0160588 -0.555254 -0.00255982 0.00529232 -0.00063971 -0.00619421 0.027072 0.20932 1.46366 -0.00570937 -0.11288 -0.0299193 0.344983 -0.364107 -0.0510641 -0.0704219 -0.0400554 -0.447649 -0.139192 -0.320083 -0.0808855 0.00598649 -0.00713685 0.0909478 0.0197627 0.310639 -0.060716 -0.0793586 -0.0809989 -0.0652933 -0.0219728 0.027593 0.276605 -0.109731 -0.0605253 0.152676 -0.148282
internal_weight=2216 2190 2170 53 2117 2072 2052 2032 1549 369 54 315 483 1180 63 45 1117 284 1091 42 346 86 461 745 720 268 247 52 439 260 418 452 251 206 52 379 280 59 64
internal_count=2216 2190 2170 53 2117 2072 2052 2032 1549 369 54 315 483 1180 63 45 1117 284 1091 42 346 86 461 745 720 268 247 52 439 260 418 452 251 206 52 379 280 59 64
is_linear=0
shrinkage=0.05


Tree=114
num_leaves=40
num_cat=0
split_feature=12 25 30 27 27 29 29 29 7 11 23 27 30 30 28 3 15 3 31 15 26 15 4 28 6 6 29 16 4 4 18 11 8 29 29 3 30 27 0
split_gain=7160.44 26147.7 7277.33 3837.28 16592 7652.22 8886.41 5011.28 4392.67 6078.89 11054.7 6367.19 42747.9 4857.38 3042.41 2579.92 2532.52 2411.56 1848.57 1691.36 1504.23 1364.09 837.259 1274.67 779.24 1547.29 752.411 693.335 662.057 687.725 650.192 1543 1102.27 724.915 1443.08 1190.86 727.59 1146.05 1111.57
threshold=-1.3944663405418394 -1.6300981044769285 -2.4608415365219112 -0.79134586453437794 -0.75597417354583729 1.0000000180025095e-35 -0.070885017514228807 1.6874600648880007 2.1604351997375493 1.0874515175819399 1.0149004459381106 -0.58386245369911183 0.33584715425968176 1.0567454695701601 0.17753227800130847 -0.82119348645210255 1.8295560479164126 2.6286451816558842 0.82270783185958873 1.6533120274543764 1.4886433482170107 1.0086923837661745 -0.91423377394676197 -0.77050936222076405 3.2509608268737797 2.3458890914916997 -0.3661032766103744 1.3142136931419375 -1.0009103715419767 0.47013325989246374 -1.3859288692474363 -1.0942646265029905 -1.0384363532066343 0.45624069869518286 0.38735149800777441 1.2458158731460574 -0.16912008821964261 0.36348617076873785 0.39972749352455145
decision_type=2 2 2 2 2 2 2 2 2 2 2 2 2 2 2 2 2 2 2 2 2 2 2 2 2 2 2 2 2 2 2 2 2 2 2 2 2 2 2
left_child=2 -2 -1 5 -5 6 18 8 9 10 11 12 28 16 -11 -7 17 24 22 21 -21 -16 26 -24 25 30 -3 -23 -6 -30 -13 -32 -33 34 36 -35 37 -34 -39
right_child=1 3 -4 4 7 15 -8 -9 -10 14 -12 13 -14 -15 19 -17 -18 -19 -20 20 -22 27 23 -25 -26 -27 -28 -29 29 -31 31 32 33 35 -36 -37 -38 38 -40
leaf_value=-1.2601939201354981 1.6563977976640065 -0.37111838974935168 -0.12802695870399475 1.1018754778163773 0.093057011984861826 -0.11684505825950986 0.96065364629030237 0.72036836696788675 0.69512964974750169 -0.85756195446719286 1.1247543028471145 0.27892892487347126 2.3358532875945626 -0.69590232857951417 -0.3828644306822257 -0.76363434145419762 -0.49877694837955966 -0.54181210212409503 -0.54284884037207004 -0.78284451007843026 -0.22666266118326495 0.31675774112343791 -0.07756778889249058 0.3219547413862669 -0.2786643204689026 0.40096169834335643 -0.013806803323901619 -0.081851398820678392 -0.31390290293428635 0.038478327244520188 -0.27009691655359885 0.28797832600998158 -0.18393305773225924 -0.15172424164353585 0.31289245141670108 0.25079549919991267 0.019375951560599916 -0.068500711998114222 0.33720548951625828
leaf_weight=22 24 34 40 35 26 21 21 24 22 23 22 20 22 27 22 58 27 21 23 20 31 20 86 26 25 24 26 24 45 20 54 33 120 147 38 21 845 52 25
leaf_count=22 24 34 40 35 26 21 21 24 22 23 22 20 22 27 22 58 27 21 23 20 31 20 86 26 25 24 26 24 45 20 54 33 120 147 38 21 845 52 25
internal_value=2.63679e-10 0.0152485 -0.529764 -0.00324329 0.0236649 -0.170622 -0.0166148 0.00269972 -0.0069985 -0.0158051 0.0116093 -0.00377333 0.357984 -0.0314127 -0.331855 -0.591703 -0.0190564 -0.00996701 -0.121859 -0.228511 -0.444773 -0.0613984 -0.065564 0.0151785 -0.00201206 0.00300339 -0.216283 0.0993346 -0.120182 -0.205478 -0.00404532 -0.00828463 0.00275195 -0.00479009 0.0102396 -0.101409 -0.000797685 -0.0873293 0.0632221
internal_weight=2216 2154 62 2130 1835 295 216 1800 1776 1754 1614 1592 113 1479 140 79 1452 1425 195 117 51 66 172 112 1404 1379 60 44 91 65 1355 1335 1281 1248 1080 168 1042 197 77
internal_count=2216 2154 62 2130 1835 295 216 1800 1776 1754 1614 1592 113 1479 140 79 1452 1425 195 117 51 66 172 112 1404 1379 60 44 91 65 1355 1335 1281 1248 1080 168 1042 197 77
is_linear=0
shrinkage=0.05


Tree=115
num_leaves=40
num_cat=0
split_feature=30 29 6 20 31 5 30 5 8 16 29 28 29 30 27 5 6 28 29 3 10 15 16 9 7 8 3 7 15 30 29 29 30 27 27 9 9 5 5
split_gain=7252.24 3531.31 3445.2 5389.16 2381.52 2216.81 4892.91 4891.93 12388 2912.75 23393.2 3039.92 17323.4 2785.65 2703.83 2260.48 1596.03 1565.34 1554.44 1500.04 1180.92 1102.31 1064.67 1014.11 951.541 868.01 879.529 1795.84 1007.13 967.669 800.914 2614.64 1168.35 825.184 2608.88 1058.02 2049.93 924.066 1046.94
threshold=-2.4608415365219112 2.6909836530685429 4.711318016052247 -1.6137911677360532 2.8130685091018681 0.93583095073699962 1.0098809599876406 0.700014889240265 -0.039666689932346337 1.840181350708008 -0.46025393903255457 -1.2250468134880064 -0.0043747618328779927 0.68561020493507396 -0.55673480033874501 0.017676653340458873 2.872025847434998 -0.2714064866304397 -0.091077558696269975 -0.64549770951271046 -1.2105705142021177 0.72099879384040844 -1.1933746933937071 -1.105413496494293 1.4905631542205813 -1.0384363532066343 1.7170940041542055 -0.33845660090446467 0.18261754512786868 -0.61167719960212696 0.45624069869518286 0.40936382114887243 0.41877903044223791 1.0000000180025095e-35 -0.036157628521323197 0.39516223967075353 0.50188912451267254 -0.16027715057134626 -0.31312091648578638
decision_type=2 2 2 2 2 2 2 2 2 2 2 2 2 2 2 2 2 2 2 2 2 2 2 2 2 2 2 2 2 2 2 2 2 2 2 2 2 2 2
left_child=-1 2 3 -2 5 6 7 9 -9 11 -11 12 -5 21 15 17 20 -13 -19 -12 -16 -7 -22 -24 25 -25 29 -28 -29 -27 31 33 -32 34 -31 37 -37 38 -35
right_child=1 -3 -4 4 -6 13 -8 8 -10 10 19 14 -14 -15 16 -17 -18 18 -20 -21 22 -23 23 24 -26 26 27 28 -30 30 32 -33 -34 35 -36 36 -38 -39 -40
leaf_value=0.83014985598050639 -0.61586475455098688 -0.61302530479927864 0.65003026723861701 -0.12768479503796135 0.48619830045104034 -0.041949709805269401 0.56836248394579458 -0.20840086329441807 1.4467898339033127 1.7687941974401475 0.067421543796857206 -0.065170330915460803 1.4781018519943412 -0.71039992004632957 -0.2960480106742801 -0.5037688686615891 0.40253955048063528 -0.10196709852843058 -0.71788691252470027 -0.41765553070341843 0.30116299826789789 -0.3202425658025525 -0.31928703006770881 0.30786095258187163 -0.34281481234800248 -0.36579687863588339 0.56141011371277283 -0.27513237174600363 0.16525495289950759 0.013248068828565572 -0.23869023974327483 0.56736205607652668 0.083657035151762635 -0.065501092784671172 0.56586661144443184 0.53655074451650886 -0.015761270143446467 -0.22004727679255762 0.30705595195293428
leaf_weight=26 36 24 20 71 25 186 39 26 20 20 30 214 22 20 37 45 23 21 20 34 27 44 27 22 21 20 20 20 37 299 85 20 42 330 23 21 84 95 20
leaf_count=26 36 24 20 71 25 186 39 26 20 20 30 214 22 20 37 45 23 21 20 34 27 44 27 22 21 20 20 20 37 299 85 20 42 330 23 21 84 95 20
internal_value=6.62328e-10 -0.00985566 -0.00317234 -0.00925997 0.00108969 -0.00472696 0.0143028 0.00227141 0.511247 -0.0111074 0.27617 -0.0255919 0.252179 -0.144405 -0.0420145 -0.17705 -0.0101914 -0.119394 -0.402416 -0.190276 -0.0177857 -0.0951883 -0.00929787 -0.0163657 -0.00930885 -0.00315453 -0.00928566 0.153766 0.0107331 -0.0213694 -0.0146093 0.00211685 -0.132087 -0.0108475 0.0527208 -0.0480638 0.0947011 -0.08175 -0.0442121
internal_weight=2216 2190 2166 2146 2110 2085 1835 1796 46 1750 84 1666 93 250 1573 300 1273 255 41 64 1250 230 1213 1186 1159 1138 1116 77 57 1039 1019 892 127 872 322 550 105 445 350
internal_count=2216 2190 2166 2146 2110 2085 1835 1796 46 1750 84 1666 93 250 1573 300 1273 255 41 64 1250 230 1213 1186 1159 1138 1116 77 57 1039 1019 892 127 872 322 550 105 445 350
is_linear=0
shrinkage=0.05


Tree=116
num_leaves=40
num_cat=0
split_feature=29 21 22 27 30 28 3 5 13 5 3 30 31 5 4 7 13 5 16 8 24 3 18 3 30 5 29 7 29 16 27 20 23 30 21 13 6 5 4
split_gain=7242.72 4240.2 7351.8 3222.79 2789.47 3061.82 11641.7 2596.06 15215.7 59342.4 35276.3 2745.98 2431.45 2255.13 2099.5 2065.27 2739.31 1831.91 1530.99 1544.1 2506.69 2458.61 1522.59 1652.74 1663.3 1496.54 1449.6 1360.64 1812.01 1080.91 1010.06 2327.01 949.182 909.071 868.05 854.041 748.903 731.067 701.737
threshold=3.2934920787811284 -1.6905580163002012 -1.6769025325775144 -1.2386001944541929 1.2409112453460696 -1.2250468134880064 -0.31822121143341059 -0.17556152492761609 0.89478415250778209 0.11047465354204179 1.6654188036918642 0.9120679795742036 0.69531184434890758 0.47402445971965795 1.9227350354194643 1.6315463185310366 1.7659478187561037 -0.14062581211328504 1.0954753160476687 -0.267839565873146 -0.26160989701747889 -0.42983973026275629 0.77069455385208141 0.83654806017875682 -0.043311089277267449 -0.28473563492298121 0.071945838630199446 -1.172109007835388 1.1304740905761721 -1.2337882518768308 -0.55673480033874501 0.42660297453403478 -1.0709155797958372 -0.3271189928054809 -1.6057115197181699 -0.66068968176841725 2.872025847434998 -0.31312091648578638 -0.55523273348808277
decision_type=2 2 2 2 2 2 2 2 2 2 2 2 2 2 2 2 2 2 2 2 2 2 2 2 2 2 2 2 2 2 2 2 2 2 2 2 2 2 2
left_child=1 -1 -3 26 5 6 -5 11 14 -10 12 15 13 -11 17 25 -17 -9 19 33 -21 -22 23 -23 -25 27 34 -7 29 -29 31 -31 -32 -19 -4 38 37 -34 -35
right_child=-2 2 3 4 -6 7 -8 8 9 10 -12 -13 -14 -15 -16 16 -18 18 -20 20 21 22 -24 24 -26 -27 -28 28 -30 30 32 -33 36 35 -36 -37 -38 -39 -40
leaf_value=-0.65690270447731025 0.86387438855599619 0.8179139474475825 -0.45733886225657028 -0.39884016953763513 0.54952727504398513 -0.33183354365103174 1.2867225942015648 0.43668334626016164 2.995272940113431 -0.65614329887473066 1.8316338933649519 -0.62105853742077244 -0.9451525940136476 0.044031575451726507 -0.54283041179180147 -0.75713454795920332 -0.083789525011723695 -0.34285670146346092 -0.42139433380961422 0.44142747158939777 0.4891828517874946 -0.2487309006120389 0.31089746934175494 0.439336544913905 -0.069743173377697962 -0.24317577134382418 -0.63809594711796802 0.31006854695081709 0.45400018422376542 -0.066927819549100209 -0.30433981059491638 -0.63917244374752047 -0.0088696671521684492 0.24199342862542333 -0.095355446158505205 -0.17823124710920749 0.23817102628595688 0.28996502870605106 -0.063940185972682709
leaf_weight=25 24 27 22 21 23 33 20 21 21 23 21 21 22 23 20 23 44 38 25 37 23 96 25 21 68 77 22 25 21 159 25 20 805 29 67 91 34 21 53
leaf_count=25 24 27 22 21 23 33 20 21 21 23 21 21 22 23 20 23 44 38 25 37 23 96 25 21 68 77 22 25 21 159 25 20 805 29 67 91 34 21 53
internal_value=-2.97353e-10 -0.00945848 -0.00198912 -0.0123337 0.00201788 -0.00425964 0.423386 -0.0131825 0.0679075 0.604483 0.0403639 -0.0539135 -0.512822 -0.306056 -0.0399962 -0.0446594 -0.314938 -0.0209133 -0.0399045 -0.0200765 0.0591179 -0.00159224 -0.0553438 -0.104836 0.0503768 -0.0298162 -0.27467 -0.0154429 -0.00603671 -0.0149079 -0.0225437 -0.130866 -0.00063446 -0.121415 -0.184834 -0.0727749 0.00819418 -0.00127217 0.0442558
internal_weight=2216 2192 2167 2140 2029 2006 41 1965 657 110 89 1308 68 46 547 1287 67 527 506 481 270 233 210 185 89 1220 111 1143 1110 1089 1064 179 885 211 89 173 860 826 82
internal_count=2216 2192 2167 2140 2029 2006 41 1965 657 110 89 1308 68 46 547 1287 67 527 506 481 270 233 210 185 89 1220 111 1143 1110 1089 1064 179 885 211 89 173 860 826 82
is_linear=0
shrinkage=0.05


Tree=117
num_leaves=40
num_cat=0
split_feature=11 22 30 28 28 30 30 28 29 4 12 5 13 9 5 0 10 27 30 15 23 29 0 28 27 27 30 5 30 11 25 2 27 15 15 15 15 7 14
split_gain=6784.51 24609.5 6870.93 3744.79 5522.58 4799.06 3245.91 30225.3 2689.32 2621.7 9783.63 29140.6 4496.14 9990.5 2547.19 2102.14 1867.1 1676.7 1982.11 1488.65 5403.11 1972.18 1519.75 2720.49 1426.91 1390.37 2366.74 1196.46 1170.47 1169.45 1141.98 1047.83 1234.59 1294.78 2574.78 1222.81 4362.44 1871.91 1479.73
threshold=-1.3570068478584287 -1.6634678840637205 -2.4608415365219112 -1.2388885617256162 -1.197591185569763 -1.0270565152168272 1.0098809599876406 -0.16141038388013837 0.10554993525147439 0.55250677466392528 0.89923599362373363 0.09737375378608705 0.97933045029640209 1.0898658037185671 -0.086038753390312181 2.798500776290894 -1.2211973071098325 -0.4262572824954986 -0.55049610137939442 0.59002515673637401 0.042625412344932563 -0.26970542967319483 0.41779297590255743 -0.22967116534709928 -0.61005219817161549 -0.30422385036945337 -0.063162293285131441 0.017676653340458873 0.40120925009250646 1.6160847544670107 1.7485190629959109 2.2576968073844914 1.0067543983459475 -0.53921172022819508 -0.46841382980346674 -0.25301203131675715 -0.17019593715667722 -0.36946609616279596 -0.016570810694247481
decision_type=2 2 2 2 2 2 2 2 2 2 2 2 2 2 2 2 2 2 2 2 2 2 2 2 2 2 2 2 2 2 2 2 2 2 2 2 2 2 2
left_child=2 -2 -1 8 -5 -6 9 -8 -3 12 15 30 13 16 24 19 -7 27 -19 21 -21 -11 23 -23 29 26 -20 -18 -16 -14 -12 32 33 -27 -35 -36 -37 -38 -39
right_child=1 3 -4 4 5 6 7 -9 -10 10 11 -13 14 -15 28 -17 17 18 25 20 -22 22 -24 -25 -26 31 -28 -29 -30 -31 -32 -33 -34 34 35 36 37 38 -40
leaf_value=-1.223128145391291 1.5440444712455457 -0.12473502729784001 -0.13236151869807924 0.76694502189445002 0.77447941768914463 -0.47851560569327811 1.8376015579700473 -0.84807352675336678 -0.64046429876770294 -0.22675591630152972 0.059674831888368057 1.7940766830598154 -0.65596812225523449 1.0944799160957337 -0.7264838765064876 -0.46779948982099695 -0.074669407347503755 0.40233318668700035 0.65212153040227439 0.87440127025951042 -0.025462230389424856 -0.037459194163481396 -0.037997526404742875 0.61967384559767591 -0.037910017337311398 -0.14188242738671375 0.023201870316496263 -0.32338479678072629 -0.26985698264578117 -0.12829308429333783 -0.41135099652138624 0.24752954586463818 -0.1619937751317517 0.57653640423502239 -0.21787798184041796 0.75954118479043253 0.35524099001332243 -0.22035386875087834 0.024614018496746819
leaf_weight=22 26 91 42 24 20 23 20 22 35 96 31 31 21 20 36 24 208 31 21 22 69 36 161 28 88 132 52 63 23 21 22 34 155 21 52 20 34 81 258
leaf_count=22 26 91 42 24 20 23 20 22 35 96 31 31 21 20 36 24 208 31 21 22 69 36 161 28 88 132 52 63 23 21 22 34 155 21 52 20 34 81 258
internal_value=-1.39777e-09 0.0150874 -0.507313 -0.00361108 0.013045 0.00388831 -0.00399094 0.430819 -0.267993 -0.0135322 0.0822798 0.576388 -0.0492727 -0.01371 -0.276009 -0.0129153 -0.0324136 -0.0235837 0.00954012 0.0135828 0.192087 -0.0370213 0.0439322 0.250037 -0.152351 -0.0046187 0.204124 -0.132489 -0.548477 -0.392131 -0.135845 -0.0239811 -0.0362406 -0.00364565 0.0355115 0.00998004 0.0401292 0.00155482 -0.0339181
internal_weight=2216 2152 64 2126 2000 1976 1956 42 126 1914 520 84 1394 1205 189 436 1185 1162 891 412 91 321 225 64 130 860 73 271 59 42 53 787 753 598 466 445 393 373 339
internal_count=2216 2152 64 2126 2000 1976 1956 42 126 1914 520 84 1394 1205 189 436 1185 1162 891 412 91 321 225 64 130 860 73 271 59 42 53 787 753 598 466 445 393 373 339
is_linear=0
shrinkage=0.05


Tree=118
num_leaves=40
num_cat=0
split_feature=30 29 6 20 11 7 12 11 3 26 5 33 27 29 30 29 30 17 10 13 15 26 10 33 6 6 5 5 13 30 30 29 28 22 22 20 21 20 20
split_gain=7564.03 3602.35 3235.6 5769.38 2205.02 13415.7 4470.06 25629.9 3687.99 2951.07 2308.18 2225.29 2188.76 11565.9 2180.2 1323.88 1318.97 1289.88 1495.37 1048.83 1041.61 993.144 2427.45 2712.08 1202.71 2369.25 1141.73 6675.77 951.245 876.479 1663.56 862.438 830.399 869.173 1750.76 1740.39 1585.89 4669.59 2029.5
threshold=-2.4608415365219112 2.6909836530685429 4.711318016052247 -1.6137911677360532 1.6160847544670107 1.6315463185310366 1.2761033177375796 1.3154855370521548 2.5976400375366215 0.70163902640342724 -0.36989144980907435 -0.047483431175351136 -1.1976896524429319 -0.021138607524335381 1.2409112453460696 -0.49694004654884333 0.9120679795742036 0.20855872333049777 0.89332944154739391 1.8765745759010317 1.7172574996948244 -0.96746560931205738 -0.8947840929031371 -0.047464711591601365 2.9755042791366582 1.911571264266968 0.82119813561439525 1.1476287245750429 -1.0021973252296446 -0.31357385218143458 -0.27151162922382349 0.91963148117065441 -0.96137806773185719 -0.23650609701871869 -0.047170149162411683 -0.24724111706018445 0.051940530538558967 0.010832263622432949 0.085347376763820662
decision_type=2 2 2 2 2 2 2 2 2 2 2 2 2 2 2 2 2 2 2 2 2 2 2 2 2 2 2 2 2 2 2 2 2 2 2 2 2 2 2
left_child=-1 2 3 -2 5 6 8 -8 9 12 -11 15 13 -5 16 -6 21 -12 -19 -17 -21 28 23 -23 25 26 29 -28 31 -24 -31 -14 -32 35 -35 -34 37 -36 -38
right_child=1 -3 -4 4 11 -7 7 -9 -10 10 17 -13 14 -15 -16 19 -18 18 -20 20 -22 22 24 -25 -26 -27 27 -29 -30 30 32 -33 33 34 36 -37 38 -39 -40
leaf_value=0.84780704791729267 -0.63685343950572948 -0.61927216127514839 0.62970539391040803 -0.093277177492440758 -0.4704112806171179 1.1649556636810303 1.7694354570724748 -0.42077753158176645 0.54600053975551288 -0.051097064373463813 -0.72112096130847936 -0.67466113595735466 -0.025589172232825804 1.2980620636045934 0.48338084437630391 0.2977962996996939 -0.39370935539836471 -0.089817802547865241 -0.50965583300904227 0.049668140826480731 -0.383481402695179 0.030230024015461959 -0.15736121926613217 0.79842789016664029 -0.35945141812165582 0.51214535642753956 0.92227918329564018 -0.023393669803210393 -0.39508899496151856 0.39760942695041501 -0.27845545185189091 -0.31388037661390922 0.014036566192928715 -0.22614491369836687 -0.082696299291238562 0.4160015463332335 -0.43937754243612287 0.83416478726125909 -0.012286414743366978
leaf_weight=26 36 24 20 59 20 25 22 34 29 142 20 21 159 20 22 20 23 48 38 35 23 27 119 20 24 22 22 123 26 24 31 31 263 114 41 30 30 21 382
leaf_count=26 36 24 20 59 20 25 22 34 29 142 20 21 159 20 22 20 23 48 38 35 23 27 119 20 24 22 22 123 26 24 31 31 263 114 41 30 30 21 382
internal_value=-7.55397e-10 -0.0100653 -0.00331508 -0.00921461 0.00149392 0.01399 -0.000645909 0.439663 -0.0135555 -0.0221824 -0.182889 -0.207579 0.00222374 0.258961 -0.0108279 -0.10749 -0.0179249 -0.35944 -0.275328 -0.0144328 -0.122098 -0.0121972 0.00438182 0.357123 -0.00892382 -0.00203948 -0.0114662 0.120088 -0.111441 -0.0295471 -0.0132972 -0.0726262 -0.0241105 -0.0151608 -0.0502183 0.0551934 -0.0079068 0.227853 -0.0433853
internal_weight=2216 2190 2166 2146 2110 1991 1966 56 1910 1881 248 119 1633 79 1554 98 1532 106 86 78 58 1509 1293 47 1246 1222 1200 145 216 1055 936 190 912 881 588 293 474 62 412
internal_count=2216 2190 2166 2146 2110 1991 1966 56 1910 1881 248 119 1633 79 1554 98 1532 106 86 78 58 1509 1293 47 1246 1222 1200 145 216 1055 936 190 912 881 588 293 474 62 412
is_linear=0
shrinkage=0.05


Tree=119
num_leaves=40
num_cat=0
split_feature=15 20 11 12 30 6 4 5 30 5 30 30 16 5 12 6 27 7 30 9 11 7 24 25 24 30 27 29 5 27 3 29 6 21 3 7 4 12 10
split_gain=7056.34 8354.79 2842.29 6557.03 17680.2 2371.98 4283.24 2471.92 6358.04 4740.23 10083.2 2980.09 2781.95 21699.9 2285.03 2689.13 2467.7 8859.45 2160.82 1243.47 1200.99 1579.62 1616.75 1149.26 983.8 1147.9 1673.28 1594.77 962.037 933.968 1012.66 754.345 744.385 1436.88 654.287 529.452 493.063 477.254 1713.98
threshold=-1.584319472312927 -1.6137911677360532 -1.2946693301200864 -1.2313437461853025 -0.31357385218143458 2.9755042791366582 2.1403487920761113 0.93583095073699962 1.0098809599876406 0.700014889240265 0.05640011094510556 0.73168373107910167 1.840181350708008 -0.19084589928388593 0.82898306846618663 2.2832190990448002 -1.1976896524429319 -0.56186982989311207 -0.5347447097301482 -0.51890775561332692 1.8413416147232058 1.6315463185310366 1.4897884726524355 1.0595519542694094 0.93824729323387157 -0.15280977636575696 -0.26530010998249048 -0.21396912634372708 -0.068570896983146654 -0.76310309767723072 -0.1287453509867191 -0.33747386932373041 1.3081901073455813 0.18769143521785739 0.8902902901172639 1.1551225781440737 -0.93021669983863819 0.67860659956932079 0.62532278895378124
decision_type=2 2 2 2 2 2 2 2 2 2 2 2 2 2 2 2 2 2 2 2 2 2 2 2 2 2 2 2 2 2 2 2 2 2 2 2 2 2 2
left_child=-1 -2 18 4 -4 6 7 8 9 12 -11 23 14 31 15 16 17 -5 -3 -7 21 22 28 24 25 34 27 -27 35 30 36 -14 37 -34 -9 -16 -18 -31 -39
right_child=1 2 3 5 -6 19 -8 11 -10 10 -12 -13 13 -15 20 -17 29 -19 -20 -21 -22 -23 -24 -25 -26 26 -28 -29 -30 32 -32 -33 33 -35 -36 -37 -38 38 -40
leaf_value=0.66661001130556452 -0.81389214657247066 -0.77623204261064538 1.7194975504279135 1.1342934685945512 -0.24189921418825786 -0.0094004837423563008 0.7324791146814823 -0.42827337330037896 0.71659385403618225 -0.26025053631691708 1.2714783481576228 -0.71992183143184307 -0.44297243274748327 1.7066229323297741 -0.10967232157127001 0.56228757869629631 -0.2738512509316206 -0.30460009101940244 -0.10067333334992673 -0.50111798418220133 0.068373260610714193 -0.62842495847832081 -0.53366545198055415 -0.41755039012432099 -0.37418610514564948 0.59101393093233534 -0.081922294453876776 0.02443854731542093 -0.35849370265911734 -0.008553642306094662 -0.4099189865713318 -0.068419552721628335 -0.51968630313873287 0.079663481116294871 -0.063898126993860521 0.13688741994626594 0.019069662447288343 0.50293011072845695 -0.044121979458464522
leaf_weight=39 32 20 20 20 27 20 20 22 32 21 22 21 20 20 64 21 20 23 29 36 41 22 26 25 22 23 82 27 28 1082 30 41 20 20 28 33 51 21 45
leaf_count=39 32 20 20 20 27 20 20 22 32 21 22 21 20 20 64 21 20 23 29 36 41 22 26 25 22 23 82 27 28 1082 30 41 20 20 28 33 51 21 45
internal_value=1.50836e-10 -0.011942 2.17989e-05 0.00882201 0.592738 -0.00457186 0.00444582 -0.00293415 0.0183841 0.00517136 0.523425 -0.149859 -0.00835103 0.27738 -0.0231208 0.000891804 -0.00795903 0.364653 -0.376412 -0.325505 -0.174939 -0.232602 -0.174933 -0.0975829 -0.0583712 -0.0201958 0.0570874 0.285063 -0.100317 -0.0203891 -0.166357 -0.191224 -0.00797934 -0.220011 -0.224223 -0.0257912 -0.0634433 -0.000591461 0.12994
internal_weight=2216 2177 2145 2096 47 2049 1993 1973 1723 1691 43 250 1648 81 1567 1353 1332 43 49 56 214 173 151 229 204 182 132 50 125 1289 101 61 1188 40 50 97 71 1148 66
internal_count=2216 2177 2145 2096 47 2049 1993 1973 1723 1691 43 250 1648 81 1567 1353 1332 43 49 56 214 173 151 229 204 182 132 50 125 1289 101 61 1188 40 50 97 71 1148 66
is_linear=0
shrinkage=0.05


Tree=120
num_leaves=40
num_cat=0
split_feature=29 30 30 18 27 33 31 15 22 11 11 16 24 33 7 7 29 30 27 6 6 24 5 16 3 18 5 30 3 12 33 33 29 30 31 22 20 10 14
split_gain=6730.16 4179.02 7487.46 3741.95 2796.45 2359.9 2325.58 2056.16 9253.47 3973.14 30321.7 4238.79 3707.7 3468.53 1980.81 14083.1 6459.42 4157.86 2039.21 1726.47 3936.9 1793.47 1627.68 1185.6 1199.48 1094.63 1039.26 1368.01 1039.15 1347.89 886.146 2419.55 1394.06 1086.19 879.403 896.413 791.286 768.489 1135.65
threshold=3.2934920787811284 -0.88363802433013905 -0.7744469642639159 -1.5910865664482114 -1.9179521799087522 -0.047405436635017388 2.9253710508346562 2.7634010314941411 2.3331806659698491 1.2957069873809817 1.1975004673004153 1.840181350708008 0.85250473022460949 -0.047482674941420548 -0.59727227687835682 -0.56186982989311207 0.75466626882553112 1.0098809599876406 -1.1536921858787534 2.9755042791366582 1.844528913497925 -0.70586934685707081 -0.40046019852161402 0.29826821386814123 0.60917702317237865 -1.256019592285156 -0.54020306468009938 -0.43558418750762934 -0.3340682834386825 -0.59154635667800892 -0.047473024576902383 -0.047474229708313935 -0.44043858349323267 -0.21799339354038236 1.0649219751358034 0.45603261888027197 0.042302111163735397 -0.83109101653099049 -0.91818028688430775
decision_type=2 2 2 2 2 2 2 2 2 2 2 2 2 2 2 2 2 2 2 2 2 2 2 2 2 2 2 2 2 2 2 2 2 2 2 2 2 2 2
left_child=1 4 -3 -4 -1 6 7 8 9 10 11 12 14 -11 17 -16 18 26 -17 20 21 -20 -14 -24 -25 -6 28 -28 29 37 31 -23 -32 -34 -35 36 -36 38 -5
right_child=-2 2 3 5 25 -7 -8 -9 -10 13 -12 -13 22 -15 15 16 -18 -19 19 -21 -22 30 23 24 -26 -27 27 -29 -30 -31 32 -33 33 34 35 -37 -38 -39 -40
leaf_value=-0.82211062125861645 0.83274574900666876 0.84706044902022082 -0.49833303717406174 -0.057954024287872025 0.050409783974841797 0.48522408145666129 0.53295233577489853 -0.4689151213814815 1.0667346154153348 -0.13136202736661351 1.8951274641922542 0.6306186756193638 -0.089268132889022439 -0.70563736198579574 1.2831526983867994 -0.40267380374963535 0.65602652674188489 -0.73288017536203076 0.35437230973532707 -0.46391692012548447 0.69985954672098161 -0.0099671241753649456 -0.76928123533725745 -0.10385906722011239 -0.59345859451727434 -0.41898993137090107 -0.50769272592257375 -0.092190971423464663 0.3545683268989836 0.37385337781161071 -0.36513185268917753 0.54702312193810942 0.26526216383014495 -0.2626900940775298 -0.057778953058788413 -0.17458907653426015 0.33619285935163501 -0.21043223407315581 0.3465054178521747
leaf_weight=24 24 26 38 100 27 25 20 24 20 116 21 25 60 34 22 33 37 24 33 20 20 776 20 29 22 23 22 199 21 20 43 20 24 52 26 43 25 57 21
leaf_count=24 24 26 38 100 27 25 20 24 20 116 21 25 60 34 22 33 37 24 33 20 20 776 20 29 22 23 22 199 21 20 43 20 24 52 26 43 25 57 21
internal_value=-2.02723e-10 -0.00911765 0.00378681 -0.00669365 -0.378464 0.00240192 -0.0035471 -0.00888806 -0.00332602 -0.0142172 0.00622195 -0.015889 -0.0250256 -0.261531 -0.0045547 0.0300121 0.00608059 -0.0920146 -0.0154871 -0.00367829 0.0049891 -0.00834814 -0.28099 -0.443009 -0.315059 -0.165514 -0.0570583 -0.133553 0.0201351 -0.0153351 -0.0202111 0.00402761 -0.110794 -0.0464609 -0.0977031 -0.00643363 0.135344 -0.0590642 0.0122414
internal_weight=2216 2192 2118 2092 74 2054 2029 2009 1985 1965 1815 1794 1769 150 1638 1174 1152 464 1115 1082 1062 1042 131 71 51 50 440 221 219 198 1009 796 213 170 146 94 51 178 121
internal_count=2216 2192 2118 2092 74 2054 2029 2009 1985 1965 1815 1794 1769 150 1638 1174 1152 464 1115 1082 1062 1042 131 71 51 50 440 221 219 198 1009 796 213 170 146 94 51 178 121
is_linear=0
shrinkage=0.05


Tree=121
num_leaves=40
num_cat=0
split_feature=28 30 7 30 30 30 4 14 10 23 23 11 12 9 33 15 30 20 27 4 15 23 30 6 17 15 7 5 5 24 5 6 18 9 29 29 12 7 29
split_gain=6718.64 18869.5 7923.83 5697.95 3503.95 2589.73 2583.5 9415.22 29608.3 5555.83 32833 3714.22 10302.9 3496.3 3159.71 2676.98 2514.19 2561.29 3206.9 2138.42 1609.01 4938.28 1327.4 1174.2 1077.16 1249.69 1218.12 1015.17 6611.28 1010.6 959.546 920.2 800.089 1346.68 818.495 782.595 909.881 1746.56 783.109
threshold=-1.5452485680580137 -0.18787831068038938 -1.3164669871330259 -2.4608415365219112 -1.3757219314575193 1.2409112453460696 0.55250677466392528 1.4059720635414126 1.6993367671966555 1.1383608579635622 1.0408725142478945 1.1082034707069399 0.89923599362373363 -1.0603730678558347 -0.047483224421739571 1.8295560479164126 0.86204820871353161 -1.5837461352348325 -1.1976896524429319 2.1176037788391118 0.59002515673637401 0.042625412344932563 -0.050173349678516381 1.739593029022217 0.8474506437778474 1.6533120274543764 1.3743400573730471 0.82119813561439525 1.1760140061378481 -1.4537886977195738 0.4893088191747666 0.038757665082812316 -1.3859288692474363 -1.105413496494293 -0.79462745785713185 -0.26970542967319483 0.52147972583770763 0.17572047561407092 -0.53842404484748829
decision_type=2 2 2 2 2 2 2 2 2 2 2 2 2 2 2 2 2 2 2 2 2 2 2 2 2 2 2 2 2 2 2 2 2 2 2 2 2 2 2
left_child=1 -1 3 -2 -4 6 9 11 -9 10 15 12 13 -8 22 16 17 -6 -19 20 23 -22 -11 35 -24 26 -26 30 -29 -5 31 32 -20 -34 -35 38 37 -37 -15
right_child=2 -3 4 29 5 -7 7 8 -10 14 -12 -13 -14 19 -16 -17 -18 18 27 -21 21 -23 24 -25 25 -27 -28 28 -30 -31 -32 -33 33 34 -36 36 -38 -39 -40
leaf_value=1.7494327940046788 -1.20218993046067 -0.31106216394901276 0.6055892412861188 -0.028125123072553566 -0.55863024104725234 0.56417509913444519 0.51482897653327053 2.2122053569555287 -0.36885239347815513 -0.53827338887910758 1.7515986096543763 -0.64426942748017613 1.1342454639219104 0.038404124882072212 -0.87434928525577904 -0.60264104139946761 -0.53013299131393443 0.47194107312596212 0.28734895592289317 -0.47448433911284571 0.77657517196238046 -0.042079585319983646 -0.41644650014310047 -0.30107945305379957 -0.18765354305505755 -0.28037083229503118 0.32717989749378629 0.93922050237655652 -0.068940501373218402 -0.49060092043308984 -0.26791548166010115 -0.18336054608225824 -0.28274028693946701 -0.24803994649222921 -0.0014310572671050999 0.012876430904007939 -0.27641326657363346 0.51110060926526779 -0.2809190545541545
leaf_weight=20 22 25 24 27 22 20 31 20 25 28 26 20 21 32 22 21 25 33 21 26 25 70 29 44 20 37 27 20 87 21 45 92 48 35 870 146 21 20 48
leaf_count=20 22 25 24 27 22 20 31 20 25 28 26 20 21 32 22 21 25 33 21 26 25 70 29 44 20 37 27 20 87 21 45 92 48 35 870 146 21 20 48
internal_value=7.82804e-10 0.604713 -0.0125344 -0.53586 0.00490151 -0.00203951 -0.00754476 0.0853244 0.778284 -0.0413545 -0.00794456 0.023453 0.0510448 0.00191475 -0.317038 -0.0426285 -0.0335682 -0.0238164 -0.0144112 -0.0348916 -0.00674034 0.173356 -0.230082 -0.0617537 -0.153716 -0.0630111 0.108102 -0.0275882 0.119501 -0.230458 -0.0417543 -0.0322071 -0.0179298 -0.0246568 -0.0109684 -0.0223142 0.0336754 0.0729034 -0.15319
internal_weight=2216 45 2171 70 2101 2077 2057 549 45 1508 1345 504 484 463 163 1319 1298 1273 1251 432 406 95 141 311 113 84 47 1218 107 48 1111 1066 974 953 905 267 187 166 80
internal_count=2216 45 2171 70 2101 2077 2057 549 45 1508 1345 504 484 463 163 1319 1298 1273 1251 432 406 95 141 311 113 84 47 1218 107 48 1111 1066 974 953 905 267 187 166 80
is_linear=0
shrinkage=0.05


Tree=122
num_leaves=40
num_cat=0
split_feature=30 30 30 28 30 30 30 5 3 3 26 8 9 27 5 18 7 14 33 15 14 22 5 5 5 4 9 31 22 6 14 5 22 33 21 22 22 28 3
split_gain=7424.56 3660.16 5126.17 3634.6 2916.34 7296.11 4127.96 2604.6 2079.46 5779.93 2456.17 20083.6 2561.34 3496.62 12285.9 2403.45 2046.88 4866.65 2084.38 1898.53 1688.54 1777.47 1529.43 4902.37 1438.77 1330.63 1939.56 1200.94 1147.19 1083.1 1076.25 847.752 946.688 2781.58 1301.46 1468.75 1275.17 980.246 1601.01
threshold=-2.4608415365219112 -0.95633739233016957 -0.81057617068290699 -1.449693977832794 1.3463437557220461 1.0567454695701601 0.9120679795742036 3.3049092292785649 1.7308740615844729 1.6123655438423159 1.385194003582001 1.4510754346847536 0.53685480356216442 -1.1976896524429319 -0.32185484468936915 1.7937170863151553 0.32105529308319097 0.10790948569774629 -0.047486646100878709 -1.5233836174011228 0.96544003486633312 -0.5666460096836089 0.82119813561439525 1.1760140061378481 -0.16027715057134626 -0.20975569635629651 0.44274401664733892 0.2944366335868836 1.3542641997337344 1.739593029022217 -0.57499706745147694 -0.57077184319496144 0.43905407190322882 -0.047480842098593705 0.051940530538558967 -0.047170149162411683 -0.23650609701871869 -1.0515289902687071 -0.1287453509867191
decision_type=2 2 2 2 2 2 2 2 2 2 2 2 2 2 2 2 2 2 2 2 2 2 2 2 2 2 2 2 2 2 2 2 2 2 2 2 2 2 2
left_child=-1 27 -3 19 5 6 7 8 9 10 11 12 13 14 -5 28 22 -18 -19 -4 21 -10 29 -24 -12 -20 -27 -2 -14 31 -31 -15 34 -34 35 36 37 38 -33
right_child=1 2 3 4 -6 -7 -8 -9 20 -11 24 -13 15 16 -16 -17 17 18 25 -21 -22 -23 23 -25 -26 26 -28 -29 -30 30 -32 32 33 -35 -36 -37 -38 -39 -40
leaf_value=0.83995474210152266 -0.21340700392761539 0.68488248234821691 -0.78502440906706317 1.2120002883672716 0.58838609400249664 -0.90948402001945805 0.65784978586792331 0.56587660849094401 -0.47176002109492271 0.7794109040250381 -0.11579225603856294 1.3936499033982939 -0.14357453456891855 0.022437957235040565 -0.37178456286589306 -0.62326001773277928 0.90718586146831515 -0.23595815946658455 0.56217925548553471 -0.17687682272076155 -0.52639926989961949 -0.02440114776492119 0.82956956611438226 -0.021886373566438078 -0.50006803162395952 -0.099560124860253452 0.47764910791407938 -0.69025841510814168 0.15753755514837198 -0.024427244715068654 -0.50306368521414702 0.069344659820199023 -0.10804575668728872 0.59826135486364362 -0.29799326751381161 0.34639367915335156 -0.32029630690813066 -0.0043257281742990024 -0.53637646961336338
leaf_weight=26 31 27 21 25 21 22 24 20 27 24 102 26 218 502 24 24 20 39 20 33 28 125 22 73 32 43 22 23 37 23 24 20 46 20 68 21 49 240 24
leaf_count=26 31 27 21 25 21 22 24 20 27 24 102 26 218 502 24 24 20 39 20 33 28 125 22 73 32 43 22 23 37 23 24 20 46 20 68 21 49 240 24
internal_value=2.10157e-10 -0.00997207 0.000305589 -0.00845855 0.00218168 -0.00387057 0.00603176 -0.00183727 -0.00760672 0.00870068 -0.00178517 0.0151313 -0.00721381 0.0217794 0.436269 -0.144905 0.00586243 0.183418 0.0666807 -0.413379 -0.169594 -0.103866 -0.0167241 0.175293 -0.20756 0.205539 0.095803 -0.41651 -0.0998838 -0.0343148 -0.268837 -0.0231809 -0.0701086 0.105987 -0.0976496 -0.0591654 -0.0847412 -0.0440997 -0.261049
internal_weight=2216 2190 2136 2109 2055 2034 2012 1988 1968 1788 1764 1630 1604 1325 49 279 1276 144 124 54 180 152 1132 95 134 85 65 54 255 1037 47 990 488 66 422 354 333 284 44
internal_count=2216 2190 2136 2109 2055 2034 2012 1988 1968 1788 1764 1630 1604 1325 49 279 1276 144 124 54 180 152 1132 95 134 85 65 54 255 1037 47 990 488 66 422 354 333 284 44
is_linear=0
shrinkage=0.05


Tree=123
num_leaves=40
num_cat=0
split_feature=15 20 11 12 5 29 30 15 15 15 31 30 7 7 11 11 7 5 5 8 8 7 6 27 29 18 21 8 5 8 0 33 33 9 27 28 28 17 17
split_gain=6819.51 7113.81 2741.42 5875.71 16779 2369.46 2359.48 26003.6 2043.89 10965.5 2772.53 2027.14 1954.61 8179.35 2530.23 2049.67 2095.99 1714.37 1241.76 2141.68 991.776 5836.64 1496.75 4965.92 1039.56 1208.44 3370.27 1558.85 2679.49 1188.47 1096.61 1769.44 1906.31 1390.68 1998.49 1101.37 3341.39 1059.95 783.242
threshold=-1.584319472312927 -1.6137911677360532 -1.2946693301200864 -1.2313437461853025 -0.36552448570728296 1.3590816259384157 1.0098809599876406 0.010134457144886257 2.1951055526733403 1.8629074692726137 2.9253710508346562 -0.5347447097301482 1.1276233196258547 1.0725600123405459 1.1082034707069399 1.6160847544670107 1.5819175839424136 -0.34696488082408899 -0.47797383368015284 1.1634345054626467 0.15395923703908923 0.26829294860363012 -0.057433538138866418 -1.1777949333190916 1.0458561778068545 -0.59442287683486927 -0.59028106927871693 -0.060828614979982369 0.82119813561439525 -0.024163633584976193 -0.88292127847671498 -0.047482984140515321 -0.047480288892984383 -0.39131152629852289 1.0399777889251711 0.26274403929710394 0.051101092249155051 -0.69924047589302052 -0.39838144183158869
decision_type=2 2 2 2 2 2 2 2 2 2 2 2 2 2 2 2 2 2 2 2 2 2 2 2 2 2 2 2 2 2 2 2 2 2 2 2 2 2 2
left_child=-1 -2 11 4 -4 6 8 -8 9 10 12 -3 13 14 20 16 18 -10 -14 -20 21 22 23 -5 25 37 -27 30 29 -29 33 -32 -33 34 -28 36 -34 -25 -22
right_child=1 2 3 5 -6 -7 7 -9 17 -11 -12 -13 15 -15 -16 -17 -18 -19 19 -21 38 -23 -24 24 -26 26 27 28 -30 -31 31 32 35 -35 -36 -37 -38 -39 -40
leaf_value=0.65532802599362849 -0.75173786655068398 -0.75764957532286648 1.567765727097338 0.79396341031505946 -0.32553783327341085 -0.4249909343141498 1.6571717286109924 -0.89251411259174351 -0.097108727196852374 0.92095708042616031 0.57314758002758026 -0.10332058789529677 0.029753951096173487 0.93407734321511315 -0.44220682597335648 0.021703401030908814 -0.74572060522825823 -0.67447278797626498 -0.016833388947305225 -0.72276234152642171 -0.36393367641028906 0.84522412036146444 -0.10591115784743195 -0.034580927822195615 0.34725935135198682 0.6295241795480252 0.69648282408714302 0.40828229427337653 0.63933551089465623 -0.021085289976817658 -0.31151024135095734 0.34577456600964074 -0.13036276121006421 -0.029902684907702839 -0.0018923776490347727 -0.22882102791752135 0.48762601737318373 -0.29658627448522529 -0.051968079311773191
leaf_weight=39 32 20 22 21 25 33 20 20 36 32 20 29 33 23 34 73 23 20 21 22 21 21 243 240 23 24 20 20 25 83 63 32 89 68 21 70 29 46 480
leaf_count=39 32 20 22 21 25 33 20 20 36 32 20 29 33 23 34 73 23 20 21 22 21 21 243 240 23 24 20 20 25 83 63 32 89 68 21 70 29 46 480
internal_value=1.51761e-09 -0.0117399 -0.000700316 0.00794232 0.560689 -0.0047366 0.00214257 0.382329 -0.00555351 0.00313106 -0.0124253 -0.370394 -0.0186948 -0.00240703 -0.0152816 -0.1793 -0.327515 -0.30331 -0.200953 -0.378006 -0.00642531 0.0193816 0.00385542 0.034374 0.0156737 0.0064852 0.05023 0.0234933 0.174992 0.0622871 -0.0259756 -0.0778762 -0.0109719 0.108776 0.338778 -0.0716947 0.0215158 -0.0767216 -0.0650445
internal_weight=2216 2177 2145 2096 47 2049 2016 40 1976 1920 1888 49 1868 1696 1673 172 99 56 76 43 1639 1138 1117 874 853 830 544 520 128 103 392 283 220 109 41 188 118 286 501
internal_count=2216 2177 2145 2096 47 2049 2016 40 1976 1920 1888 49 1868 1696 1673 172 99 56 76 43 1639 1138 1117 874 853 830 544 520 128 103 392 283 220 109 41 188 118 286 501
is_linear=0
shrinkage=0.05


Tree=124
num_leaves=40
num_cat=0
split_feature=27 18 29 15 12 15 30 18 2 13 6 4 27 8 27 10 13 12 8 15 24 22 29 7 15 27 15 24 4 21 13 13 17 30 18 22 20 20 16
split_gain=6448.63 5436.85 16050.3 11335.9 2966.93 3135.94 2958.39 3282.16 10033.6 2208.75 2155.04 3920.13 2134.36 25273.3 4609.19 6400.26 2610.51 5235.96 2427.14 1656.02 2491.61 10123 3332.09 2313.53 1693.32 1631.24 1508.59 1338.47 1282.62 979.83 940.889 1782.19 889.909 2010.69 2221.39 1516.03 1506.37 2761.55 1007.58
threshold=-2.1934885978698726 -1.2136644124984739 3.2934920787811284 -1.1636229157447813 -1.3265537619590757 -1.5332865118980405 1.0098809599876406 -1.0717446804046629 1.0000000180025095e-35 -1.2825429439544676 2.9755042791366582 2.1403487920761113 0.16876037418842318 1.3023713231086733 0.20596565306186679 1.0000000180025095e-35 -0.58716601133346547 -0.6477123200893401 0.96793350577354442 1.6533120274543764 1.5304850935935976 0.68829804658889782 -0.051848068833351128 1.5819175839424136 2.0906820297241215 -0.094435125589370714 -0.88611090183258046 1.3465879559516909 -1.0322614908218382 -1.5771836042404173 -0.95354408025741566 -0.89930146932601918 -0.30087026953697199 -0.20492511987686154 0.1980681121349335 -0.25100468099117274 0.042302111163735397 0.14839695394039157 -0.56728133559226979
decision_type=2 2 2 2 2 2 2 2 2 2 2 2 2 2 2 2 2 2 2 2 2 2 2 2 2 2 2 2 2 2 2 2 2 2 2 2 2 2 2
left_child=-1 2 4 -3 5 -2 7 8 -5 -6 11 12 16 14 15 -14 17 28 30 20 23 -22 -23 26 -21 -11 -18 -28 -9 -7 -16 -32 38 34 -34 -35 -37 -38 -33
right_child=1 3 -4 6 9 29 -8 10 -10 25 -12 -13 13 -15 18 -17 19 -19 -20 24 21 22 -24 -25 -26 -27 27 -29 -30 -31 31 32 33 35 -36 36 37 -39 -40
leaf_value=0.67330631767000471 0.64665920993556147 1.1722755108560834 -1.5226951913400131 1.2609782104939224 -0.63637558132823979 -0.32115298665705183 0.44702434994884443 0.33263629406690598 -0.19475500475743723 -0.21651919775775502 -0.34235262767392766 0.68983497411012662 -0.092882415262006579 1.803645111322403 -0.18158155277384166 1.1569048056006432 -0.49834650531632918 0.90916911959648139 -0.55825754063470023 -0.62385053336620333 1.1361450697716682 0.23569485017886529 -0.56479607660036824 -0.56889213609695444 -0.037666969407688489 0.27617114841938023 -0.057070008641595171 -0.44438585896125959 -0.13980554085151822 0.1618509778309436 0.44017582354338275 0.087210361752659088 0.59430916110674548 0.39278167401041308 -0.0001674031669443304 -0.29094841508370528 0.53741807775063954 -0.042496081431326535 -0.25302541483851043
leaf_weight=35 23 21 22 20 27 21 37 20 29 105 49 20 21 20 73 20 21 20 21 28 21 26 26 25 22 20 739 23 51 21 23 32 30 21 33 53 22 307 68
leaf_count=35 23 21 22 20 27 21 37 20 29 105 49 20 21 20 73 20 21 20 21 28 21 26 26 25 22 20 739 23 51 21 23 32 30 21 33 53 22 307 68
internal_value=1.8051e-09 -0.010805 -0.235836 0.0168893 -0.105371 0.177351 0.00425883 -0.00443668 0.399422 -0.226271 -0.0152209 -0.00624585 -0.014129 0.050295 0.00185988 0.51677 -0.0610286 0.194572 -0.0290498 -0.0860121 -0.0701257 0.209622 -0.164551 -0.0954 -0.36593 -0.137689 -0.0802821 -0.0687606 -0.00672333 -0.079651 -0.0122622 0.008723 -0.00880953 0.0202335 0.282917 -0.0208311 -0.043569 -0.00371763 -0.14415
internal_weight=2216 2181 239 1942 217 65 1921 1884 49 152 1835 1786 1766 744 724 41 1022 91 683 931 881 73 52 808 50 125 783 762 71 42 662 589 566 466 63 403 382 329 100
internal_count=2216 2181 239 1942 217 65 1921 1884 49 152 1835 1786 1766 744 724 41 1022 91 683 931 881 73 52 808 50 125 783 762 71 42 662 589 566 466 63 403 382 329 100
is_linear=0
shrinkage=0.05


Tree=125
num_leaves=40
num_cat=0
split_feature=29 21 19 5 3 3 26 26 24 11 5 23 9 9 30 14 27 33 21 8 9 17 27 29 28 33 7 29 4 7 30 8 21 16 30 15 15 23 12
split_gain=7306.62 4242.67 6897.67 2840.93 2180.48 7873.51 3341.43 39970.8 3900.3 10062.5 2694.49 2261.9 2039.81 18841.7 4312.51 1915.13 1753.44 1678.7 3890.88 5423.37 3671.15 1803.99 1460.3 1732.12 1373.47 1345.29 1340.88 1251.93 1071.89 1044.28 892.275 883.315 850.065 842.414 761.997 725.97 929.817 1478.12 1927.96
threshold=3.2934920787811284 -1.6710991859436033 -1.5992504954338072 3.5429087877273564 1.7308740615844729 1.6123655438423159 1.385194003582001 1.294765889644623 0.84042927622795116 0.90610828995704662 -0.18866241723299024 1.49889612197876 -0.46824894845485682 -0.4233239740133285 1.158700227737427 0.96544003486633312 -0.036157628521323197 -0.047476394101977341 0.18769143521785739 0.031234527938067917 -0.26567928493022913 0.4551082998514176 -0.91746291518211354 -0.077669773250818239 -0.47271479666233057 -0.047358125448226922 -0.497776448726654 -0.79462745785713185 2.0524426698684697 -0.36946609616279596 0.61239939928054821 1.3819831013679507 0.38160808384418493 0.58070120215415966 -0.65878006815910328 0.067183863371610655 -0.13838364928960797 -0.50766867399215687 -0.59154635667800892
decision_type=2 2 2 2 2 2 2 2 2 2 2 2 2 2 2 2 2 2 2 2 2 2 2 2 2 2 2 2 2 2 2 2 2 2 2 2 2 2 2
left_child=1 25 -3 4 5 6 7 8 9 12 31 -8 14 -14 22 24 -13 26 19 20 -19 -20 23 -4 -6 -1 -15 -28 -26 -29 -31 -10 -32 -12 -24 36 37 38 -36
right_child=-2 2 3 -5 15 -7 11 -9 10 -11 33 16 13 17 -16 -17 -18 18 21 -21 -22 -23 34 -25 28 -27 27 29 -30 30 32 -33 -34 -35 35 -37 -38 -39 -40
leaf_value=-0.80117144674062735 0.8676771575973059 0.88113592754710801 -0.094836216477247381 0.58433760002255442 -0.35755617956562746 0.86596109580535163 -0.56408391285401127 2.2317881716787817 -0.035864630686119198 1.0940091347410565 -0.81106499150395406 -0.028271631184187563 1.1769875020853111 -0.4375333828762884 -0.75006650012472409 -0.54143157834808031 -0.54533171087503429 0.45538901059251091 -0.38612551572499798 0.80363462957981469 -0.1938266107264687 0.066411680971481354 -0.22390347615230916 -0.60835817791521551 0.041647275472150268 -0.24046778769596766 -0.35285017202640406 0.23373595799009006 -0.35835565565852451 -0.015935953185047716 -0.49075630635023115 -0.40737230002880098 -0.049387209350243211 -0.39213421662648518 -0.011759514405267679 -0.23036196250468494 0.33745534611599792 -0.36134671259809426 0.39308626207784986
leaf_weight=20 24 22 52 20 41 26 39 20 80 21 20 91 35 21 23 30 20 38 40 37 51 49 43 24 103 23 29 39 20 545 20 20 24 30 363 33 21 27 32
leaf_count=20 24 22 52 20 41 26 39 20 80 21 20 91 35 21 23 30 20 38 40 37 51 49 43 24 103 23 29 39 20 545 20 20 24 30 363 33 21 27 32
internal_value=-2.08777e-09 -0.00950012 0.000339661 -0.0087706 -0.0144005 0.00179738 -0.0101095 0.00944273 -0.0164436 0.00687186 -0.260013 -0.236524 -0.00789521 0.0389732 -0.0782737 -0.174125 -0.121436 -0.0056298 0.116108 0.294874 0.0833666 -0.136976 -0.0523052 -0.257001 -0.106934 -0.50126 -0.044234 -0.0316628 -0.0233939 -0.0168309 -0.0334219 -0.110166 -0.25001 -0.559707 -0.0223305 -0.00412119 0.012732 -0.00342726 0.0210381
internal_weight=2216 2192 2149 2127 2107 1913 1887 1737 1717 1567 150 150 1546 928 618 194 111 893 215 126 89 89 595 76 164 43 678 657 123 628 589 100 44 50 519 476 443 422 395
internal_count=2216 2192 2149 2127 2107 1913 1887 1737 1717 1567 150 150 1546 928 618 194 111 893 215 126 89 89 595 76 164 43 678 657 123 628 589 100 44 50 519 476 443 422 395
is_linear=0
shrinkage=0.05


Tree=126
num_leaves=40
num_cat=0
split_feature=29 21 22 27 27 5 13 22 29 5 30 4 8 4 27 28 29 30 29 7 29 9 8 9 12 0 3 16 16 3 22 16 21 30 29 30 24 13 24
split_gain=6594.23 3917.47 6939.64 3077.71 2643.85 2363.52 13549.4 31352.5 29535.1 9547.4 4614.96 2490.26 2413.49 2300.36 2042.85 1918.37 1777.45 1553.05 1410.99 1157.08 1410.39 1168.97 1094.9 1036.18 4458.82 1042.53 3687.56 1121.54 5423.56 1452.5 1499.5 897.102 864.029 855.436 893.141 745.943 851.262 684.83 659.649
threshold=3.2934920787811284 -1.6905580163002012 -1.6769025325775144 -1.2386001944541929 -1.1536921858787534 -0.30438698828220362 0.89478415250778209 0.58130306005477916 -0.34897872805595392 -0.26945126056671137 0.9120679795742036 1.8876955509185793 1.1794789433479311 0.34226986765861517 -0.002907592104747891 1.5391963720321657 -0.51274108886718739 1.0567454695701601 0.071945838630199446 -1.172109007835388 1.1304740905761721 -1.2995207905769346 1.5056784152984621 -0.36709570884704584 -0.36445645987987513 -0.74215367436408985 -0.34026932716369623 -0.093586150556802736 -0.18731635808944699 2.1546109914779668 0.77010071277618419 -1.2337882518768308 -1.6057115197181699 -0.16912008821964261 0.66201218962669384 0.14601807296276095 0.40642943978309637 -0.12699656933546064 -0.70586934685707081
decision_type=2 2 2 2 2 2 2 2 2 2 2 2 2 2 2 2 2 2 2 2 2 2 2 2 2 2 2 2 2 2 2 2 2 2 2 2 2 2 2
left_child=1 -1 -3 18 -5 12 9 -8 -9 -7 11 15 17 14 -10 23 -14 19 32 21 31 -6 -18 33 -25 -26 -27 28 37 30 35 -21 -4 -11 38 -29 -37 -28 -35
right_child=-2 2 3 4 5 6 7 8 13 10 -12 -13 16 -15 -16 -17 22 -19 -20 20 -22 -23 -24 24 25 26 27 29 -30 -31 -32 -33 -34 34 -36 36 -38 -39 -40
leaf_value=-0.63134259128570558 0.82429329926768935 0.79474274641834208 -0.45150093409148129 0.50308710686289349 0.031981588166118381 0.91245047533168244 2.1272947251796723 1.8490036615729331 0.11237779571251437 -0.2294309473556021 -0.74533850088482723 -0.58673635303974148 -0.60498853171693867 -0.72807160019874573 -0.52802711792290213 -0.44765421068668365 -0.38108920902013782 -0.46170428335666663 -0.62681308361617005 0.27555970182785622 0.39019076913933864 -0.45785048470414919 -0.0093649074005392879 0.71265518007179107 -0.33507047565210435 0.65181938279843477 -0.33919943063096569 -0.31201235243208608 0.84494391411542902 0.31991644293069843 0.1733962169199279 -0.021922831570161814 -0.090356823500357009 0.034846571967869569 0.25594394957274197 0.036392497802351383 -0.34651825867948083 0.036608664305121816 -0.19183765262365343
leaf_weight=25 24 27 22 26 21 26 25 20 33 69 24 20 29 23 20 25 32 20 22 26 22 29 52 24 21 22 22 73 20 20 33 1003 67 69 25 47 21 27 60
leaf_count=25 24 27 22 26 21 26 25 20 33 69 24 20 29 23 20 25 32 20 22 26 22 29 52 24 21 22 22 73 20 20 33 1003 67 69 25 47 21 27 60
internal_value=-8.54943e-10 -0.00902511 -0.00184563 -0.011896 0.00212878 -0.00437393 0.0644285 0.550122 0.139399 -0.0262642 -0.0655031 -0.0382187 -0.04725 -0.310496 -0.129284 -0.0192389 -0.267491 -0.0250491 -0.26826 -0.0171171 -0.00593706 -0.252121 -0.150974 0.000128896 0.0563917 0.00492006 0.029972 -0.0220457 0.151086 -0.0836234 -0.130007 -0.0144063 -0.179628 -0.08313 -0.0175795 -0.201017 -0.0818594 -0.132122 -0.070588
internal_weight=2216 2192 2167 2140 2029 2003 769 121 96 648 622 598 1234 76 53 578 113 1121 111 1101 1051 50 84 553 330 306 285 263 69 194 174 1029 89 223 154 141 68 49 129
internal_count=2216 2192 2167 2140 2029 2003 769 121 96 648 622 598 1234 76 53 578 113 1121 111 1101 1051 50 84 553 330 306 285 263 69 194 174 1029 89 223 154 141 68 49 129
is_linear=0
shrinkage=0.05


Tree=127
num_leaves=40
num_cat=0
split_feature=30 29 18 18 5 3 3 26 26 26 13 5 33 6 16 16 30 30 12 18 14 4 11 7 7 6 5 5 27 29 0 33 27 29 28 21 29 0 0
split_gain=6502.58 3511.34 3430.95 4661.19 2367.96 2077.49 6958.99 3179.18 35115.5 3923.61 8984.25 3066.15 2287.22 3732.71 2173.81 9910.64 4093.53 2799.95 2086.96 2256.85 1828.19 1243.61 1304.07 2465.84 6398.94 1610.52 1217.2 6391.35 1166.63 1997.57 2005.08 1388.92 1221.18 1804.5 1163.11 1146.43 1057.02 1847.75 1565.13
threshold=-2.4608415365219112 2.6909836530685429 -1.6281260251998899 -1.5910865664482114 3.5429087877273564 1.7308740615844729 1.6123655438423159 1.385194003582001 1.294765889644623 0.83371827006340038 0.81179574131965648 -0.18866241723299024 -0.04742735251784324 0.011066257953643801 -1.043636620044708 -0.99494946002960194 0.95535138249397289 0.75794383883476268 1.6425112485885622 1.1555999517440798 0.96544003486633312 -0.97939488291740406 0.39466437697410589 0.32105529308319097 0.41479589045047766 0.71501097083091747 0.82119813561439525 1.2087662220001223 0.60454520583152782 0.42881171405315405 -0.51874992251396168 -0.047488352283835404 0.96878236532211315 -0.11295622587203978 -0.47271479666233057 0.69755277037620556 0.15625484287738803 -1.0049080252647398 -0.45704109966754908
decision_type=2 2 2 2 2 2 2 2 2 2 2 2 2 2 2 2 2 2 2 2 2 2 2 2 2 2 2 2 2 2 2 2 2 2 2 2 2 2 2
left_child=-1 2 -2 -4 5 6 7 8 9 10 12 -11 14 -14 17 -16 21 -5 19 -9 34 36 23 25 -25 26 28 -28 31 32 -31 -23 33 -30 -7 -13 -17 -38 -39
right_child=1 -3 3 4 -6 20 -8 18 -10 11 -12 35 13 -15 15 16 -18 -19 -20 -21 -22 22 -24 24 -26 -27 27 -29 29 30 -32 -33 -34 -35 -36 -37 37 38 -40
leaf_value=0.7860741046758799 0.63332424915972219 -0.61079445824337508 -0.7017929941415787 -0.09747263529322675 0.54042900435626506 -0.33072979792021218 0.82201783588299393 -0.82079362940788281 2.1004737119376662 -0.094347110424725419 1.0701977308839561 -0.82733691936439802 -0.11372036617249251 0.81823580590161404 1.1215318854153158 -0.037605104363907529 0.69204333999327261 -0.72056483328342447 -0.08658960879951412 -0.16151220726746102 -0.52123972420891129 0.32786942397554719 -0.11055788808351524 0.8811464168628057 -0.04606514700821468 -0.19538023035569363 0.99580068826675427 -0.032126709434293931 -0.081911297887563711 0.087284647842699847 0.77901055954396725 -0.065505710161574512 -0.069961014325515589 0.51931868484960153 -0.020351124304248309 -0.3469591748452297 -0.040488950302824379 -0.81338288441300399 -0.18785808946937324
leaf_weight=26 21 24 24 183 20 40 26 25 20 108 20 23 21 22 20 177 21 20 98 27 30 24 173 30 49 83 20 62 24 22 20 345 104 26 123 27 48 20 20
leaf_count=26 21 24 24 183 20 40 26 25 20 108 20 23 21 22 20 177 21 20 98 27 30 24 173 30 49 83 20 62 24 22 20 345 104 26 123 27 48 20 20
internal_value=2.52373e-10 -0.00933239 -0.00266799 -0.00889448 -0.00105405 -0.00620858 0.00960448 -0.00161908 0.0175054 -0.00682835 0.0173076 -0.244216 0.00358021 0.363094 -0.00678807 0.01718 -0.000238848 -0.158861 -0.222443 -0.478474 -0.162537 -0.0118972 0.0140414 0.0406862 0.306041 0.0119698 0.0385695 0.218587 0.0124431 0.111025 0.416678 -0.0399203 0.0276654 0.230728 -0.0965177 -0.567933 -0.108017 -0.24964 -0.50062
internal_weight=2216 2190 2166 2145 2121 2101 1908 1882 1732 1712 1554 158 1534 43 1491 1288 1268 203 150 52 193 1247 982 809 79 730 647 82 565 196 42 369 154 50 163 50 265 88 40
internal_count=2216 2190 2166 2145 2121 2101 1908 1882 1732 1712 1554 158 1534 43 1491 1288 1268 203 150 52 193 1247 982 809 79 730 647 82 565 196 42 369 154 50 163 50 265 88 40
is_linear=0
shrinkage=0.05


Tree=128
num_leaves=40
num_cat=0
split_feature=9 16 18 5 5 30 12 2 30 24 11 13 30 7 27 5 15 30 29 5 27 0 15 20 19 6 5 12 7 5 7 8 10 5 19 18 16 0 14
split_gain=6657.43 25323.8 4415.73 2438.04 31921.3 7359.58 5012.88 17889.4 4718.72 4856.36 6306.5 11406.6 3301.83 2327.63 2357.69 2310.54 1273.69 1307.8 3024.43 5514.26 1918.39 1646.2 1182.28 4437.02 8070.39 1595.91 1789.06 1153.08 1703.87 1339.21 1090.02 1213.49 1154.98 1147.1 1310.54 1114.29 929.838 871.283 832.379
threshold=-1.4307110905647276 -1.5978951454162595 -1.5910865664482114 0.11047465354204179 0.068988487124443068 1.0098809599876406 -1.2313437461853025 1.0000000180025095e-35 0.73168373107910167 1.5304850935935976 0.99067720770835888 0.89478415250778209 -0.95633739233016957 0.92996451258659374 -1.1976896524429319 3.0898362398147587 1.0349448323249819 -0.12640391290187833 -0.44785918295383448 1.1760140061378481 0.3867646604776383 -0.46938288211822504 0.22356823831796649 0.16362944990396502 0.13768917322158816 1.3081901073455813 -0.36989144980907435 1.7689762711524966 1.6315463185310366 -0.4048271626234054 -0.21534539014101026 0.020558199845254425 -0.066238295286893831 -0.096956163644790636 0.35461199283599859 0.47624233365058904 0.14345847070217135 0.84778705239295971 -0.73929405212402333
decision_type=2 2 2 2 2 2 2 2 2 2 2 2 2 2 2 2 2 2 2 2 2 2 2 2 2 2 2 2 2 2 2 2 2 2 2 2 2 2 2
left_child=-1 -2 -3 4 5 6 7 -4 9 10 11 12 -5 14 -8 16 17 20 19 -19 -14 -20 25 24 -24 26 36 28 29 -15 -25 32 -32 34 -33 -36 -16 -12 -28
right_child=1 2 3 8 -6 -7 13 -9 -10 -11 37 -13 15 27 22 -17 -18 18 21 -21 -22 -23 23 30 -26 -27 38 -29 -30 -31 31 33 -34 -35 35 -37 -38 -39 -40
leaf_value=-0.71596166603267197 1.738422672237669 -0.68072516868511845 1.4603940829634667 -0.69946466417473163 1.9690692667095435 0.74549047983053962 0.39170738619727064 -0.29081866289888109 -0.63500708776551329 0.5899240024986544 -0.45526529405266047 1.1337430960685015 -0.30516439040285959 -0.070167665740038146 0.03725071607940119 -0.54286137767460041 -0.37918940111994748 1.0462799003720284 0.41350796848535537 -0.11378088281268167 0.14508944741553731 -0.063635739614255726 -0.13548825879891713 -0.22677526214848395 1.2679212737083436 -0.29222863157910689 -0.0012026443588929099 -0.015134546179062045 -0.65585764646530154 -0.42679105068628609 0.061004527367587241 0.31633126214146617 0.55490662917494782 0.35752615157514811 -0.40210699555666551 -0.035608796040876217 -0.20756038109816255 -0.92197796642780316 -0.22227360470392182
leaf_weight=32 21 24 25 21 21 33 37 35 37 28 20 20 69 81 507 23 24 20 20 21 36 188 21 46 20 62 61 71 23 39 29 24 20 20 23 211 42 20 141
leaf_count=32 21 24 25 21 21 33 37 35 37 28 20 20 69 81 507 23 24 20 20 21 36 188 21 46 20 62 61 71 23 39 29 24 20 20 23 211 42 20 141
internal_value=7.55407e-10 0.0104903 -0.00628576 0.00128158 0.0325717 0.00668596 -0.00916615 0.438853 -0.0897857 -0.0502305 -0.0874178 -0.0330103 -0.0883066 -0.0273537 -0.00153563 -0.0563008 -0.0266953 -0.00279741 0.0596098 0.452102 -0.150792 -0.0177565 -0.0133938 0.0553849 0.549102 -0.0484176 -0.0282894 -0.179849 -0.26163 -0.18607 0.00111571 0.0331738 0.262597 -0.00726419 -0.0355425 -0.0716321 0.018522 -0.688622 -0.155515
internal_weight=2216 2184 2163 2139 1592 1571 1538 60 547 510 482 442 422 1478 1264 401 378 354 249 41 105 208 1227 414 41 813 751 214 143 120 373 327 49 278 258 234 549 40 202
internal_count=2216 2184 2163 2139 1592 1571 1538 60 547 510 482 442 422 1478 1264 401 378 354 249 41 105 208 1227 414 41 813 751 214 143 120 373 327 49 278 258 234 549 40 202
is_linear=0
shrinkage=0.05


Tree=129
num_leaves=40
num_cat=0
split_feature=30 29 29 30 30 22 29 30 30 15 15 5 24 17 7 27 3 23 10 23 7 29 29 28 8 29 30 5 11 4 24 5 33 14 16 3 33 31 23
split_gain=6284.02 3520.17 7612.7 9293.58 5038.69 4402.35 2510.81 2505.35 8047.81 3164.72 23046.1 3135.48 2785.67 8056.27 3004.93 1755.81 1731.23 1500.15 3880.07 10658.5 3040.38 5444.33 2278.95 3889.47 1857.46 1496.9 2171.28 1455.65 1376.47 1262.5 1227.72 1160.25 1051.86 1156.67 1954.56 1078.89 1738.04 1015.07 1001.3
threshold=-2.4608415365219112 0.79209810495376598 0.73190146684646618 1.0567454695701601 0.86204820871353161 -1.6769025325775144 -0.9346151053905486 0.3407531082630158 0.32485000789165502 2.1951055526733403 1.8629074692726137 2.16840672492981 1.5304850935935976 0.77016082406044017 1.4905631542205813 -0.56865572929382313 -0.82119348645210255 0.14397680759429934 -0.40775510668754572 -0.41973105072975153 0.10770492255687715 -0.44785918295383448 0.21100564301013949 0.4660057276487351 -0.24923866242170331 2.6909836530685429 0.9120679795742036 -0.3327722549438476 -0.9180694818496703 -0.20975569635629651 -0.41054642200469965 -0.39390975236892695 -0.047471266239881509 -0.43961028754711146 -0.68875065445899952 0.11722877249121667 -0.047481721267104142 2.26161801815033 -0.48578862845897669
decision_type=2 2 2 2 2 2 2 2 2 2 2 2 2 2 2 2 2 2 2 2 2 2 2 2 2 2 2 2 2 2 2 2 2 2 2 2 2 2 2
left_child=-1 2 3 4 5 -2 -7 8 9 10 12 15 14 -14 17 27 28 18 30 -20 22 -22 24 -24 29 26 31 -9 -3 -21 38 -18 33 34 -17 -35 -37 -19 -8
right_child=1 16 -4 -5 -6 6 7 11 -10 -11 -12 -13 13 -15 -16 32 25 37 19 20 21 -23 23 -25 -26 -27 -28 -29 -30 -31 -32 -33 -34 35 -36 36 -38 -39 -40
leaf_value=0.77275049778131344 0.67391755012795329 0.30533490789973222 0.89468789013723526 -1.0474462781633649 0.71530913662910467 -0.31791494824583572 -0.053857384294809962 -0.11982115601690918 0.8900190856721667 -0.43155768152914553 1.6362233848734336 -0.71382806897163398 1.0886205240745437 -0.18023417905486863 -0.51286288150425619 -0.068831464080583479 -0.39763902000018531 -0.056629085491459445 1.2294251305135815 0.012715295005229214 0.92761433390634407 -0.020304816058187777 -0.016307752815688529 0.77496280819177632 -0.13198501231658849 -0.7234548756480218 -0.71749003052711491 -0.55718576729297642 -0.20878787110249203 0.52225079521536821 -0.42875546671095349 -0.0010177410518129669 -0.19653467342038367 -0.097881094520074013 0.62182429224252711 0.53395279318094258 -0.014513517507853416 -0.41310653374308637 0.30821237757802011
leaf_weight=26 24 23 24 21 25 63 422 52 27 38 22 20 22 29 29 21 28 407 22 31 28 33 41 25 168 20 20 30 30 20 21 54 68 149 20 20 52 21 20
leaf_count=26 24 23 24 21 25 63 422 52 27 38 22 20 22 29 29 21 28 407 22 31 28 33 41 25 168 20 20 30 30 20 21 54 68 149 20 20 52 21 20
internal_value=4.05079e-10 -0.00917421 0.00950728 -0.0011629 0.00999037 0.000924578 -0.00748346 0.00304248 0.0349993 0.0184979 0.0310637 -0.102445 0.00469065 0.367115 -0.00966 -0.0727659 -0.224278 0.00193086 0.0411001 0.162287 0.0944344 0.414806 0.0258637 0.283416 -0.0517548 -0.327932 -0.250379 -0.279833 0.014322 0.212533 -0.0552212 -0.136449 -0.0213129 0.0241645 0.268074 -0.0210857 0.137838 -0.0741198 -0.0374741
internal_weight=2216 2190 2015 1991 1970 1945 1921 1858 1426 1399 1361 432 1339 51 1288 412 175 1259 831 368 346 61 285 66 219 122 102 82 53 51 463 82 330 262 41 221 72 428 442
internal_count=2216 2190 2015 1991 1970 1945 1921 1858 1426 1399 1361 432 1339 51 1288 412 175 1259 831 368 346 61 285 66 219 122 102 82 53 51 463 82 330 262 41 221 72 428 442
is_linear=0
shrinkage=0.05


Tree=130
num_leaves=40
num_cat=0
split_feature=12 30 30 26 18 3 31 27 9 14 30 23 12 3 30 5 29 5 8 18 0 27 4 6 5 5 29 30 30 15 17 29 20 20 17 18 4 27 31
split_gain=6614.99 22208.5 7085.88 4435.58 5847.24 2326.07 16893.3 79376.4 9737.28 23516.3 5383.34 4810.49 11615.9 3697.17 3253.49 2104.14 1915.21 1570.65 1435.49 1540.89 1606.14 1185.69 1073.71 1043.88 937.889 1587.05 863.318 727.781 889.928 850.492 4272.03 1502.19 1229.39 4946.38 1374.9 965.462 1676.89 713.287 1242.3
threshold=-1.3944663405418394 -1.3757219314575193 -2.4608415365219112 -1.354209244251251 -1.5650190114974973 -0.32855626940727228 -0.57379686832427967 -0.4262572824954986 1.2217946052551272 1.5510139465332033 1.0098809599876406 0.89250150322914135 0.81116449832916271 -0.18110958486795423 1.0098809599876406 2.941359400749207 -0.039238667115569108 -0.010708616115152834 -1.1999563574790952 1.757795035839081 0.89286133646965038 -0.70996409654617298 0.24022506177425387 1.739593029022217 0.88779434561729442 0.082089379429817214 -0.16418681293725965 -0.55049610137939442 -0.31357385218143458 -0.23138709366321561 -0.20419634878635404 -0.46601891517639155 0.042302111163735397 0.14228869229555133 -0.012656976934522389 0.94052267074584972 -0.17410147935152051 0.60454520583152782 -0.22449100762605664
decision_type=2 2 2 2 2 2 2 2 2 2 2 2 2 2 2 2 2 2 2 2 2 2 2 2 2 2 2 2 2 2 2 2 2 2 2 2 2 2 2
left_child=2 -2 -1 -3 -5 14 7 -7 10 -10 11 12 15 -9 18 21 -11 -13 -6 20 23 26 -19 24 25 37 -8 -23 -29 30 31 -30 34 -34 -31 -35 -37 -20 -39
right_child=1 3 -4 4 5 6 8 13 9 16 -12 17 -14 -15 -16 -17 -18 22 19 -21 -22 27 -24 -25 -26 -27 -28 28 29 32 -32 -33 33 35 -36 36 -38 38 -40
leaf_value=-1.2299447791142899 1.4671204328536989 0.53226343282547439 -0.1127690558321774 -0.84294780208950959 -0.41601301985979089 3.4461532731354243 -0.067328047121946635 0.08638690464537252 1.4957467813151224 0.072806933925797554 -0.82568189152939753 -0.09128693595528603 1.1616626493987583 -0.84112188028437762 -0.6425409091555554 -0.51276679066094488 -0.58102909026756178 -0.3768322003118339 -0.037541294347011936 -0.27657522162208792 0.40479022697968925 0.22994562089443207 -0.8824461169186093 -0.27106055897616205 0.25879914000630383 -0.38926148599591753 -0.43512926036147059 -0.22700286233840986 0.42190749751403928 -0.076773960031299063 0.78547545473324143 -0.038529520372469581 0.77466300442814839 -0.096149835519063531 -0.50956199526786805 -0.22363157719373705 0.35029254547187261 0.0067574123585862778 0.31950425224378709
leaf_weight=22 26 38 40 21 25 20 39 22 35 24 22 20 21 21 23 22 21 21 675 61 22 34 21 42 30 29 27 43 20 69 20 155 20 191 25 20 35 154 40
leaf_count=22 26 38 40 21 25 20 39 22 35 24 22 20 21 21 23 22 21 21 675 61 22 34 21 42 30 29 27 43 20 69 20 155 20 191 25 20 35 154 40
internal_value=7.03535e-10 0.0146562 -0.509186 -0.00309003 -0.0128237 -0.00439811 0.052142 0.84381 -0.00296853 0.523711 -0.0540405 -0.0328996 0.00249955 -0.366583 -0.0541083 -0.0313094 -0.232317 -0.455977 -0.0415536 -0.0326633 -0.0176646 -0.0161345 -0.629639 -0.0272461 -0.0162114 -0.0253988 -0.217792 0.0049247 -0.00786914 0.00910879 0.0932081 0.0140919 -0.036445 0.0184821 -0.191877 -0.042996 0.141593 -0.0132561 0.0712413
internal_weight=2216 2154 62 2128 2090 2069 968 63 905 80 825 803 741 43 1101 720 45 62 1078 1053 992 698 42 970 928 898 66 632 598 555 195 175 360 266 94 246 55 869 194
internal_count=2216 2154 62 2128 2090 2069 968 63 905 80 825 803 741 43 1101 720 45 62 1078 1053 992 698 42 970 928 898 66 632 598 555 195 175 360 266 94 246 55 869 194
is_linear=0
shrinkage=0.05


Tree=131
num_leaves=40
num_cat=0
split_feature=28 9 7 30 30 30 4 14 10 23 23 27 28 4 33 15 27 28 30 0 12 29 6 30 9 0 6 27 27 33 3 0 27 4 29 2 21 14 4
split_gain=6437.21 19084.7 7865.43 5171.22 2942.73 2603.7 2436.72 9306.49 23812 4829.56 27828.2 3320.22 12527 5012.91 2734.72 2424.47 2020.69 6036.74 1940.48 1893.91 1543.28 1438.01 1631.45 1284.56 1237.83 1050.7 1045.14 967.395 1459.48 3560.6 1145.39 2042.96 1359.47 1048.46 1195.67 1131.03 988.435 1182.55 915.168
threshold=-1.5452485680580137 -0.67128363251686085 -1.3164669871330259 -2.4608415365219112 -1.3757219314575193 1.2409112453460696 0.55250677466392528 1.4663060307502749 1.7403540611267092 1.1383608579635622 1.0408725142478945 -0.44540180265903467 -0.13057799637317655 0.73200729489326488 -0.047483224421739571 1.8295560479164126 -1.2386001944541929 -1.2250468134880064 0.86204820871353161 2.798500776290894 0.61806491017341625 -0.52172148227691639 2.6913030147552495 -0.050173349678516381 -1.2198464870452879 0.033946326933801181 0.83452126383781444 -0.4262572824954986 0.0077290176413953313 -0.047474030405282967 -0.16595152020454404 -0.64037886261939991 -0.3254187256097793 0.27280563116073614 1.0178496241569521 2.2576968073844914 0.11792098730802537 0.50810313224792492 -1.0371792912483213
decision_type=2 2 2 2 2 2 2 2 2 2 2 2 2 2 2 2 2 2 2 2 2 2 2 2 2 2 2 2 2 2 2 2 2 2 2 2 2 2 2
left_child=1 -1 3 -2 -4 6 9 11 -9 10 15 12 13 -8 23 16 26 -18 24 21 -15 -13 25 -11 -19 -23 -6 36 29 30 31 32 -29 34 35 38 37 -26 -30
right_child=2 -3 4 -5 5 -7 7 8 -10 14 -12 19 -14 20 -16 -17 17 18 -20 -21 -22 22 -24 -25 27 -27 -28 28 33 -31 -32 -33 -34 -35 -36 -37 -38 -39 -40
leaf_value=1.7431411910057069 -1.1684475606138056 -0.32907009053230291 0.55558615749080975 -0.2427190922511121 -0.56552934715381031 0.56648152828216547 0.64972685687243947 2.0473067149519921 -0.33647135977040638 -0.51892890451209883 1.6114323266996788 -0.31644770047730875 1.3971583313494922 -0.042027903074082343 -0.81512613323601801 -0.57334236048516773 0.74948110616207131 -0.35483691852007593 -0.47135897958278661 -0.45818922089842656 -0.55749541224911814 0.26915860950946807 0.4540555936098099 -0.14062660653968301 -0.10212582502643719 -0.042300709079709842 -0.091276075921597935 0.35117807388305666 -0.15286113297194243 0.54593892236932728 -0.10866334947519476 0.45644403790288113 -0.083237611403666353 -0.24151572229207627 -0.38499493219313169 0.31498521842338423 -0.33318938979735746 0.24360598389591492 0.015444061386709413
leaf_weight=20 22 25 24 48 26 20 24 20 22 28 26 36 20 53 22 21 25 28 25 26 20 30 20 113 212 278 21 23 100 39 91 34 83 56 21 27 39 28 420
leaf_count=20 22 25 24 48 26 20 24 20 22 28 26 36 20 53 22 21 25 28 25 26 20 30 20 113 212 278 21 23 100 39 91 34 83 56 21 27 39 28 420
internal_value=3.81728e-10 0.591913 -0.012269 -0.533662 0.00510247 -0.00125844 -0.00677852 0.0834139 0.798661 -0.0396138 -0.00846397 0.0241626 0.257771 0.022846 -0.296648 -0.0403952 -0.0317728 -0.0196807 -0.0353651 -0.0459199 -0.183252 -0.0164721 0.0164521 -0.21575 -0.0262894 -0.0119638 -0.353629 -0.0184468 0.0069194 0.10404 0.0294334 0.119196 0.0110224 -0.0351038 -0.0147533 -0.000539317 -0.0997279 -0.0617904 -0.0169223
internal_weight=2216 45 2171 70 2101 2077 2057 549 42 1508 1345 507 117 97 163 1319 1298 1251 1226 390 73 364 328 141 1201 308 47 1173 894 270 231 140 106 624 568 547 279 240 520
internal_count=2216 45 2171 70 2101 2077 2057 549 42 1508 1345 507 117 97 163 1319 1298 1251 1226 390 73 364 328 141 1201 308 47 1173 894 270 231 140 106 624 568 547 279 240 520
is_linear=0
shrinkage=0.05


Tree=132
num_leaves=40
num_cat=0
split_feature=30 30 6 18 0 0 3 9 27 8 14 26 11 3 30 10 24 0 14 30 4 6 22 20 29 4 27 31 3 0 4 27 13 15 20 0 30 18 26
split_gain=7037.04 3497.28 4915.77 4508.05 2191.82 24888.9 3973.1 3108.31 26155.9 6065.75 5395.81 12194.9 3523.21 3292.47 2757.48 2336.41 2127.43 2026.88 10998.1 4008.19 1771.01 1530.81 1074.77 2824.9 1065.34 1227.58 1451.56 1021.57 953.848 917.607 914.736 911.769 877.039 872.382 4906.14 1296.16 1278.47 1131.58 924.013
threshold=-2.4608415365219112 -0.95633739233016957 4.6428182125091562 -1.5910865664482114 -0.68312785029411305 -0.66076958179473866 -0.24449787288904187 1.2217946052551272 0.11470322310924531 1.3476914763450625 0.92901721596717846 0.91091963648796093 1.6160847544670107 0.57817187905311596 0.95535138249397289 -1.2736026644706724 -1.4537886977195738 -0.57419842481613148 -0.095148753374814973 0.9120679795742036 2.1176037788391118 2.872025847434998 -0.79357695579528797 -0.70294493436813343 -0.46025393903255457 -0.47900646924972529 -0.40092711150646204 0.2944366335868836 1.5014359951019289 0.22068253904581073 0.27280563116073614 -1.0741553902626035 1.6231963038444521 -0.19662933796644208 -0.10507600754499434 -0.36528280377387995 -0.30386248230934138 0.67158690094947826 0.16503345966339114
decision_type=2 2 2 2 2 2 2 2 2 2 2 2 2 2 2 2 2 2 2 2 2 2 2 2 2 2 2 2 2 2 2 2 2 2 2 2 2 2 2
left_child=-1 27 3 16 6 -6 14 10 9 -9 11 15 -11 29 31 -7 -3 18 -17 20 21 22 28 -24 25 -25 -27 -2 -19 -12 -28 32 -5 34 35 -26 -35 -38 -39
right_child=1 2 -4 4 5 7 -8 8 -10 12 13 -13 -14 -15 -16 17 -18 19 -20 -21 -22 -23 23 24 33 26 30 -29 -30 -31 -32 -33 -34 36 -36 -37 37 38 -40
leaf_value=0.81774032597358426 -0.21977542528221683 -0.10039572576060891 0.78054150223732 -0.48297448300179985 1.601988951086998 0.5038453577594324 -0.749715545915422 0.67358132465319198 1.9058973433077335 -0.83832026958465589 -0.32774543924765154 1.2384622417390347 -0.07803940622834489 -0.82127920053278403 -0.59993340969085696 -0.2921470508743555 -0.78077285355301917 -0.078500604496294313 1.0066910120791623 -0.59308364465832708 -0.40866348590435725 0.35247696638107301 0.42338246934306928 0.13182929884642364 0.36793116421803185 0.079041563385519487 -0.57730247458586337 -0.65957746816718066 -0.40116367654667962 0.10145908219739795 -0.21166299467161298 -0.012876690408341926 -0.020330630689859394 0.28077232697978616 0.84437744915485391 -0.0346436023773029 -0.10349079277138454 0.3335632665841668 0.0068375899157392872
leaf_weight=26 31 20 20 21 25 22 21 22 20 20 33 20 64 30 22 39 27 151 28 31 28 29 39 32 23 29 26 23 27 20 50 550 20 32 20 153 286 27 109
leaf_count=26 31 20 20 21 25 22 21 22 20 20 33 20 64 30 22 39 27 151 28 31 28 29 39 32 23 29 26 23 27 20 50 550 20 32 20 153 286 27 109
internal_value=-1.13519e-09 -0.00970833 0.000338047 -0.00703628 0.00396328 0.0381699 -0.0734603 0.0104426 0.247427 -0.0654919 -0.0128128 0.0141325 -0.259059 -0.402708 -0.0502933 -0.00660131 -0.491251 -0.0162905 0.250651 -0.0326688 -0.0162948 -0.00565942 -0.016004 0.00801089 -0.012573 -0.139287 -0.221912 -0.407099 -0.127444 -0.165781 -0.33675 -0.0298329 -0.257295 0.0141344 0.102293 0.0179656 -0.0239254 -0.0470305 0.0717022
internal_weight=2216 2190 2136 2116 2069 1435 634 1410 126 106 1284 1201 84 83 613 1181 47 1159 67 1092 1061 1033 1004 826 787 137 105 54 178 53 76 591 41 650 196 176 454 422 136
internal_count=2216 2190 2136 2116 2069 1435 634 1410 126 106 1284 1201 84 83 613 1181 47 1159 67 1092 1061 1033 1004 826 787 137 105 54 178 53 76 591 41 650 196 176 454 422 136
is_linear=0
shrinkage=0.05


Tree=133
num_leaves=40
num_cat=0
split_feature=15 20 26 13 29 30 3 15 7 14 23 23 18 18 4 0 17 5 12 3 3 0 22 27 6 19 12 5 5 12 5 15 17 29 33 22 16 24 16
split_gain=6451.82 6983.71 2542.57 12717.5 5185.91 4430.36 2267.28 9825.55 10121.9 7484.4 5577.48 11288 1887.01 1832.04 1802.56 1793.44 1783.18 1634.25 1615.99 1535.09 1439.98 1842.41 1287.31 1259.68 953.77 819.581 1111.51 818.55 896.462 730.747 782.367 728.106 4527.52 1752.2 1568.24 1559.5 1510.97 1441.38 2456.14
threshold=-1.584319472312927 -1.6251678466796873 -0.96746560931205738 -0.93772524595260609 1.4697428941726687 1.0098809599876406 -0.094295192509889589 -0.97403162717819203 1.6315463185310366 1.4366199374198916 0.89250150322914135 0.82500630617141735 -1.5755656361579893 1.757795035839081 2.0923999547958378 -0.5294818878173827 -0.99682492017745961 -0.086038753390312181 1.1007702946662905 -0.64549770951271046 -0.15286046266555783 0.91826033592224132 -1.1250971555709837 -0.68579265475273121 2.3298573493957524 1.5762847661972048 0.95524463057518016 0.88779434561729442 0.11047465354204179 1.8330342769622805 -0.32403832674026484 -0.23138709366321561 -0.21646197885274884 -0.36237570643424982 -0.04748022370040416 0.43905407190322882 1.0369948744773867 -0.70586934685707081 -0.7069265842437743
decision_type=2 2 2 2 2 2 2 2 2 2 2 2 2 2 2 2 2 2 2 2 2 2 2 2 2 2 2 2 2 2 2 2 2 2 2 2 2 2 2
left_child=-1 -2 4 -4 12 6 13 -8 9 10 11 14 -3 16 15 -9 22 -12 -19 -15 21 24 -5 -17 25 26 27 28 -18 30 -28 32 37 -33 35 -35 -36 38 -25
right_child=1 2 3 5 -6 -7 7 8 -10 -11 17 -13 -14 19 -16 23 20 18 -20 -21 -22 -23 -24 31 -26 -27 29 -29 -30 -31 -32 33 -34 34 36 -37 -38 -39 -40
leaf_value=0.63741621857700059 -0.85962276831269269 0.37781419034470765 0.99244503548199481 -0.079162004590034488 -0.85941964232403301 0.56748030207612943 1.0540254740665356 -0.48149800293147565 0.88031673801667765 0.93623585943132648 -0.081031235456466677 1.1725765034463256 -0.11565790289901197 -0.15145016775830933 -0.45122422702610498 -0.25175767070717286 0.000958555422028839 -0.36917344412670056 -0.93745495731180373 -0.6761552095413208 -0.42383849573406307 0.44844880132448106 -0.62006026276133275 -0.14174671016988302 -0.34314298552015554 0.27119087058429919 -0.15841950316201239 0.31271494314074522 -0.25840921740446776 0.062429672422317367 -0.51417122095823287 -0.22513421429442124 0.77883466671813617 0.028252095356583597 -0.055533877092049183 0.63063936368340545 0.39213392262657487 -0.11812699473008426 0.62297222557522014
leaf_weight=39 24 21 33 22 23 34 24 20 33 20 20 20 250 46 25 45 692 29 22 20 22 21 22 21 23 24 68 20 35 26 20 77 22 22 184 21 21 84 21
leaf_count=39 24 21 33 22 23 34 24 20 33 20 20 20 250 46 25 45 692 29 22 20 22 21 22 21 23 24 68 20 35 26 20 77 22 22 184 21 21 84 21
internal_value=-2.96842e-09 -0.011419 -0.00196391 0.0196443 -0.138595 0.00206355 -0.00866422 0.0590925 0.0253183 -0.0165437 -0.0456807 0.00527533 -0.0774184 -0.0553468 -0.0361919 -0.016906 -0.0384252 -0.464094 -0.614314 -0.310452 -0.0240276 -0.0145595 -0.349611 0.00103196 -0.0252678 -0.0170067 -0.02504 -0.00284699 -0.0115282 -0.170463 -0.239272 0.0250817 0.11701 -0.0167809 0.0479095 0.322441 -0.00967522 0.00145292 0.240613
internal_weight=2216 2177 2153 1859 294 1826 1792 731 707 674 654 583 271 1061 563 538 995 71 51 66 951 929 44 518 908 885 861 747 727 114 88 473 148 325 248 43 205 126 42
internal_count=2216 2177 2153 1859 294 1826 1792 731 707 674 654 583 271 1061 563 538 995 71 51 66 951 929 44 518 908 885 861 747 727 114 88 473 148 325 248 43 205 126 42
is_linear=0
shrinkage=0.05


Tree=134
num_leaves=40
num_cat=0
split_feature=29 21 19 5 15 21 11 11 8 24 33 8 30 5 5 25 19 17 19 33 10 8 27 10 27 4 4 6 33 20 29 29 29 33 15 25 24 30 9
split_gain=6240.5 4058.84 6736.3 2592.6 1866.39 10175 3156.72 30995.1 4698.32 3151.13 2745.9 1655.82 2480.75 1531.79 1474.98 1282.14 11496.5 2068.78 1205.69 1152.97 1114.01 1297.61 1826.89 1269.51 978.306 1141.57 5855.54 1688.74 1349.52 4415.1 1169.89 1269.17 2237.24 1270.27 3271.34 8983.25 1539.79 1156.14 1106.24
threshold=3.2934920787811284 -1.6710991859436033 -1.5992504954338072 3.5429087877273564 2.1951055526733403 2.080769538879395 1.3154855370521548 1.2277661561965945 1.2336158156394961 0.84042927622795116 -0.047482674941420548 -1.0783468484878538 1.0098809599876406 -0.40046019852161402 -0.35242359340190882 -1.0298155546188352 -1.0923523902893064 -0.99682492017745961 0.48060745000839239 -0.047335436567664139 -1.1261851787567136 -1.1999563574790952 0.48457282781600958 -1.2736026644706724 -0.47532317042350763 1.949168384075165 1.8163871169090273 0.98318043351173412 -0.047462873160839074 -0.70294493436813343 -0.60456100106239308 0.45624069869518286 0.38735149800777441 -0.047476824373006814 -0.19662933796644208 -0.35311838984489435 -0.70586934685707081 0.41877903044223791 0.24428016692399981
decision_type=2 2 2 2 2 2 2 2 2 2 2 2 2 2 2 2 2 2 2 2 2 2 2 2 2 2 2 2 2 2 2 2 2 2 2 2 2 2 2
left_child=1 19 -3 4 5 6 7 8 9 11 -8 20 15 -11 -6 16 -13 -17 -15 -1 21 23 -23 -4 -19 26 27 28 30 -30 -26 32 33 38 35 36 -35 -33 -32
right_child=-2 2 3 -5 14 -7 10 -9 -10 13 -12 12 -14 18 -16 17 -18 24 -20 -21 -22 22 -24 -25 25 -27 -28 -29 29 -31 31 37 -34 34 -36 -37 -38 -39 -40
leaf_value=-0.74272333881394426 0.80188035853207118 0.87127651707692577 -0.028864748347946941 0.55843501448631283 -0.10524376324244909 1.1164349544048311 -0.13710546081420036 1.909255130943798 0.73997080989181996 -0.088916816440091209 -0.70785775813791485 -0.059835869716394929 0.54338445379620504 -0.71987890559046175 -0.6435073201358319 -0.5224429771304131 1.2177866280078888 -0.10013299389297226 -0.2795960256541245 -0.22476723094781242 -0.42354764369401066 0.46004636688601402 -0.20767312321811915 -0.40956901998781581 -0.20418372476518518 -0.1402389282943762 0.79770009865363445 -0.27002554892633973 0.80299400779540131 -0.028971352628790414 -0.06327070436225489 -0.22784537421429862 0.50159898142401993 0.2781576631466548 -0.029781296379237533 1.3054267244786024 -0.28822452545166016 0.12475571967661381 0.095644087538721015
leaf_weight=22 24 22 47 20 35 20 96 21 20 67 27 109 21 23 20 20 21 249 48 21 33 21 20 41 62 115 24 52 23 52 338 85 26 30 107 20 20 32 162
leaf_count=22 24 22 47 20 35 20 96 21 20 67 27 109 21 23 20 20 21 249 48 21 33 21 20 41 62 115 24 52 23 52 338 85 26 30 107 20 20 32 162
internal_value=-7.65173e-10 -0.00877971 0.00084453 -0.00815853 -0.0135367 -0.00583246 -0.0168784 -0.00105952 -0.0223077 -0.0304692 -0.262393 -0.0121278 0.00359527 -0.2604 -0.300976 -0.00373218 0.146549 -0.0175195 -0.422223 -0.489768 -0.164312 -0.0979958 0.13433 -0.206238 -0.0102908 0.00919589 0.0258319 0.0074723 0.0225506 0.226165 0.00523643 0.0210706 0.0464475 0.0289675 0.14408 0.40984 0.0516048 -0.131407 -0.0117823
internal_weight=2216 2192 2149 2127 2107 2052 2032 1909 1888 1868 123 1730 1568 138 55 1547 130 1417 71 43 162 129 41 88 1397 1148 1033 1009 957 75 882 820 703 677 177 70 50 117 500
internal_count=2216 2192 2149 2127 2107 2052 2032 1909 1888 1868 123 1730 1568 138 55 1547 130 1417 71 43 162 129 41 88 1397 1148 1033 1009 957 75 882 820 703 677 177 70 50 117 500
is_linear=0
shrinkage=0.05


Tree=135
num_leaves=40
num_cat=0
split_feature=30 28 22 8 30 6 3 6 6 21 21 16 18 19 30 23 33 7 27 15 20 29 12 11 14 24 28 19 5 16 19 29 3 8 31 20 22 15 5
split_gain=6180.11 3364.19 6747.76 2770.55 5084.76 2406.55 3467.68 2153.75 2026.6 1801.89 8534.17 2711.44 7448.64 1740.62 9809.85 1614.94 1568.64 9567.65 2149.69 1728.12 6744.31 1909.15 1622.52 968.932 2073.48 1003.4 910.894 3689.65 1695.36 894.916 3009.22 2269.57 876.765 844.428 1396.02 954.747 1131.88 837.488 829.433
threshold=-2.4608415365219112 -1.5968321561813352 -1.6769025325775144 -1.0538179278373716 1.0098809599876406 3.7202574014663701 2.5976400375366215 2.872025847434998 1.3081901073455813 2.3017901182174687 2.080769538879395 1.8878852128982546 1.7019748687744143 -1.0584476590156553 0.093663375824689879 -1.0520218610763548 -0.04747741483151912 0.92996451258659374 -0.62518873810768116 -0.19662933796644208 -0.25958095490932459 0.55552455782890331 0.89923599362373363 1.7405065298080447 1.4663060307502749 0.9187980890274049 0.4660057276487351 0.24622192233800891 -0.36989144980907435 -0.77186661958694447 -0.59974551200866688 -0.012016487307846544 0.83654806017875682 -0.267839565873146 0.50143270194530498 0.037093298509716995 0.16421953588724139 0.46003477275371557 -0.092589199542999254
decision_type=2 2 2 2 2 2 2 2 2 2 2 2 2 2 2 2 2 2 2 2 2 2 2 2 2 2 2 2 2 2 2 2 2 2 2 2 2 2 2
left_child=-1 -2 -3 15 5 6 7 8 9 10 11 12 13 14 -5 32 22 18 -18 20 21 29 26 24 25 -24 28 -28 37 -20 31 -31 -4 -21 -35 -36 -37 -15 -29
right_child=1 2 3 4 -6 -7 -8 -9 -10 -11 -12 -13 -14 16 -16 -17 17 -19 19 33 -22 -23 23 -25 -26 -27 27 38 -30 30 -32 -33 -34 34 35 36 -38 -39 -40
leaf_value=0.76633517375359173 -0.49536873525806835 0.71945250909775504 -0.18251237448996063 -0.086540321383911836 0.63141502463258803 -0.45614432312291248 0.55509793699852061 0.48617297184060926 -0.25441607560326412 -0.36041883820229592 1.0088996489842734 -0.49325472217585359 0.96198673859238637 0.017795699029039918 1.1797668415308 -0.61504711225628861 -0.39041211553849281 1.0721523331986231 -0.22644939222796398 -0.22661491371691228 0.87503162848728688 0.44371160638208196 -0.41435639629470966 0.022382744211097098 -0.68360779259515847 -0.08675208152909028 0.70170379479881384 -0.04494538829116846 -0.18036505872028033 0.7650516376644374 -0.14985033148345914 0.011796613335609437 0.15426356497813354 0.34769310305515927 -0.37584243594180972 0.33297546580433846 -0.079070633303374049 -0.31472079738974573 0.17913973106473102
leaf_weight=26 35 32 159 65 32 29 28 22 82 34 21 28 20 356 20 20 32 22 44 58 27 24 31 43 23 95 20 217 199 20 74 20 22 24 21 20 100 20 51
leaf_count=26 35 32 159 65 32 29 28 22 82 34 21 28 20 356 20 20 32 22 44 58 27 24 31 43 23 95 20 217 199 20 74 20 22 24 21 20 100 20 51
internal_value=1.24137e-09 -0.00909804 -0.00120037 -0.0120628 0.0064086 -0.00417352 0.00286955 -0.00556602 -0.0115397 -2.09368e-05 0.00720828 -0.00535774 0.00294185 -0.00885452 0.211414 -0.18869 -0.0210043 0.0533212 0.00501452 0.0343054 0.137604 0.0282052 -0.0552434 -0.186703 -0.247043 -0.167353 -0.0259962 0.046587 -0.0623509 -0.0349097 0.0390179 0.388424 -0.141578 -0.062508 -0.00482188 -0.0648244 -0.0103963 0.000108651 -0.00230232
internal_weight=2216 2190 2155 2123 1922 1890 1861 1833 1811 1729 1695 1674 1646 1626 85 201 1541 486 464 432 209 182 1055 192 149 126 863 288 575 158 114 40 181 223 165 141 120 376 268
internal_count=2216 2190 2155 2123 1922 1890 1861 1833 1811 1729 1695 1674 1646 1626 85 201 1541 486 464 432 209 182 1055 192 149 126 863 288 575 158 114 40 181 223 165 141 120 376 268
is_linear=0
shrinkage=0.05


Tree=136
num_leaves=40
num_cat=0
split_feature=12 29 30 13 27 4 5 3 3 26 26 24 11 5 11 14 0 17 28 3 30 6 29 27 30 27 22 18 3 6 4 8 27 8 33 28 27 5 5
split_gain=6338.61 25650.5 12232.9 7392.95 2808.07 2803.54 2301.32 1884.87 6159.23 2853.5 30451 3635.51 7996.28 2557.58 1760.61 1642.21 1542.03 1541.99 1479.08 7380.57 1495.71 1621.92 1630.65 11109.9 1760.27 1633.12 1247.41 1111.63 807.147 745.312 674.512 667.957 667.924 744.192 667.372 641.07 567.056 802.297 5031.38
threshold=-1.2811323404312132 2.3943476676940922 -2.4608415365219112 -1.2564845085144041 -1.9917369484901426 0.18121118843555453 3.5429087877273564 1.7308740615844729 1.6123655438423159 1.385194003582001 1.294765889644623 0.84042927622795116 0.90610828995704662 -0.18866241723299024 1.7405065298080447 0.96544003486633312 -0.64037886261939991 1.0420023798942568 -1.2250468134880064 -0.10531924664974211 -0.65878006815910328 2.872025847434998 0.72183758020401012 -0.24655509740114209 0.86204820871353161 0.82099193334579479 -0.5666460096836089 1.757795035839081 -0.64549770951271046 1.739593029022217 2.0524426698684697 -1.3067089319229124 -1.0505043268203733 0.85997202992439281 -0.047486081719398492 0.28842267394065862 0.96878236532211315 0.82119813561439525 1.3070229887962344
decision_type=2 2 2 2 2 2 2 2 2 2 2 2 2 2 2 2 2 2 2 2 2 2 2 2 2 2 2 2 2 2 2 2 2 2 2 2 2 2 2
left_child=2 3 -1 -2 -5 16 7 8 9 10 11 12 18 34 17 26 -4 -11 19 -6 -20 22 24 -24 29 -25 -9 -16 -29 32 -28 -18 -22 36 -13 -15 37 -34 -39
right_child=1 -3 5 4 6 -7 -8 15 -10 14 -12 13 -14 35 27 -17 31 -19 20 -21 21 -23 23 25 -26 -27 30 28 -30 -31 -32 -33 33 -35 -36 -37 -38 38 -40
leaf_value=-1.3605561465024949 0.91430576793764817 1.7189577416940169 0.0065514885792226502 -0.5967388375103474 -0.20593453771434725 0.36710002285738791 0.5323281702399254 -0.38349439606070518 0.78837665748596197 -0.7672270167441595 1.9562577736377715 -0.19422013901528859 0.9858583717828705 -0.74359389458383829 0.10013743386320446 -0.49599953422943754 -0.26775507330894471 -0.23335764321841693 -0.29690514633128812 1.018475146740675 -0.29190029993653299 0.41892303986393886 1.2427996642887593 -0.25885215047164822 -0.44408114782224106 0.21637864469968041 0.022756166575815192 -0.032876267792149021 -0.45649718570968378 -0.25776835064093273 -0.29290784023702149 -0.65900101244449616 0.0077928494206580103 -0.22111736697119638 0.073316191982578591 -0.38085078735803735 -0.071719366737217183 0.78430724392334628 -0.06281533816686044
leaf_weight=24 22 22 33 20 32 24 20 30 25 21 20 63 21 21 46 30 24 38 43 20 20 23 20 48 24 29 110 22 23 30 20 20 845 37 37 29 191 24 65
leaf_count=24 22 22 33 20 32 24 20 30 25 21 20 63 21 21 46 30 24 38 43 20 20 23 20 48 24 29 110 22 23 30 20 20 845 37 37 29 191 24 65
internal_value=-8.46942e-10 0.0206757 -0.345863 0.0026176 -0.00718071 -0.104748 -0.00136366 -0.00668196 0.00898685 -0.00188634 0.0171836 -0.00672609 0.0171696 -0.241222 -0.210638 -0.156525 -0.251817 -0.423379 0.00314994 0.264992 -0.00658258 0.00262381 -0.00455915 0.192846 -0.0200513 -0.0798691 -0.0928738 -0.0727076 -0.249394 -0.0116547 -0.0258075 -0.445594 -0.00540813 -0.000477114 -0.0952317 -0.533203 0.0067795 0.0228323 0.165622
internal_weight=2216 2091 125 2069 2047 101 2027 2007 1817 1792 1642 1622 1472 150 150 190 77 59 1451 52 1399 1356 1333 97 1236 77 160 91 45 1212 130 44 1182 1162 100 50 1125 934 89
internal_count=2216 2091 125 2069 2047 101 2027 2007 1817 1792 1642 1622 1472 150 150 190 77 59 1451 52 1399 1356 1333 97 1236 77 160 91 45 1212 130 44 1182 1162 100 50 1125 934 89
is_linear=0
shrinkage=0.05


Tree=137
num_leaves=40
num_cat=0
split_feature=30 29 6 20 27 28 30 8 8 11 3 3 11 17 27 29 27 27 5 30 12 26 12 10 24 26 21 27 27 0 33 5 30 29 3 25 30 30 33
split_gain=6471.65 3661.45 2990.25 4896.72 2381.5 20524.6 6416.79 3760.37 3308.56 5891.73 4438.99 3986.97 2562.86 5211.98 2104.49 11801.6 1536.06 1387.31 1763.04 1215.83 1150.46 934.963 3978.3 961.105 899.632 899.823 1089.7 1122.03 3573.24 4749.25 1319.87 2117.79 1161.1 1552.48 823.967 743.21 735.225 697.838 968.896
threshold=-2.4608415365219112 2.6909836530685429 4.711318016052247 -1.6137911677360532 0.25011114776134497 1.6180556416511538 1.0098809599876406 0.96793350577354442 1.1994026899337771 1.2636781334877016 2.3868050575256352 0.92474040389060985 0.37214694917202001 0.4809675812721253 -1.1976896524429319 -0.1409986540675163 -0.25334399938583368 -0.46763706207275385 0.09737375378608705 1.0098809599876406 0.35378600656986242 -0.41681288182735438 -0.30952669680118555 -0.19707467406988141 0.28792753815650945 0.19170516729354861 0.11068857461214067 -0.099173549562692628 1.0000000180025095e-35 -0.4446993470191955 -0.047487620264291756 -0.57513877749443043 -0.068619821220636354 -0.30403797328472132 0.042127428576350219 0.19646914303302768 0.50587067008018505 -0.40183690190315241 -0.047470171004533761
decision_type=2 2 2 2 2 2 2 2 2 2 2 2 2 2 2 2 2 2 2 2 2 2 2 2 2 2 2 2 2 2 2 2 2 2 2 2 2 2 2
left_child=-1 2 3 -2 5 6 8 19 9 10 12 16 13 14 15 -5 36 18 -14 21 24 34 -23 -24 25 26 27 30 29 -29 31 -16 -30 -34 37 -28 -10 -6 -39
right_child=1 -3 -4 4 7 -7 -8 -9 11 -11 -12 -13 17 -15 20 -17 -18 -19 -20 -21 -22 22 23 -25 -26 -27 35 28 32 -31 -32 -33 33 -35 -36 -37 -38 38 -40
leaf_value=0.78420186707606687 -0.5864025290227598 -0.62349358797073373 0.60604222476482394 -0.12168213077462638 -0.23969113962990898 1.4607662622928621 0.82484853168328609 -0.55406766243671113 -0.088409214879043019 0.88041713118553178 0.7178613525222648 -0.76631684126677335 -0.11649632829008626 0.84410948060452951 -0.047802703517900655 1.282717662198203 -0.50516463175415993 -0.034821748245295485 -0.5165434795121352 -0.38627908956259494 0.33353059270977981 0.50829279191399879 -0.22506149404647724 0.0060830935967400614 -0.27497539972105334 0.24733033360647305 -0.45857035629451276 0.0081207363693802451 -0.28393252924042295 0.97479438806573548 -0.080831962809454483 0.53848264726499717 0.44713194444775584 -0.055726674153949274 -0.20080380495801045 -0.047582107511433686 0.24513409383594992 -0.072985766251300141 0.17514363054120752
leaf_weight=26 36 24 20 52 35 25 24 38 95 20 22 27 80 20 43 21 20 176 42 25 25 38 54 269 31 35 22 27 34 24 336 24 20 66 114 22 20 127 57
leaf_count=26 36 24 20 52 35 25 24 38 95 20 22 27 80 20 43 21 20 176 42 25 25 38 54 269 31 35 22 27 34 24 336 24 20 66 114 22 20 127 57
internal_value=-5.65426e-10 -0.00931016 -0.0025048 -0.00817626 0.00168921 0.0414224 0.0147028 -0.0693266 -0.000207867 0.029789 0.0146262 -0.211667 0.000561536 0.0470834 0.0266991 0.282323 -0.100737 -0.124641 -0.254217 -0.0437074 0.000379493 -0.031367 0.0243716 -0.0325603 -0.0117971 0.000696834 -0.0132711 0.00511119 0.112429 0.463026 -0.0404255 0.16221 -0.0365752 0.0612172 -0.0917923 -0.253076 -0.0304017 -0.0350466 0.00388041
internal_weight=2216 2190 2166 2146 2110 1353 1328 757 1304 1142 1122 162 1100 802 782 73 135 298 122 719 709 694 361 323 684 653 618 574 171 51 403 67 120 86 333 44 115 219 184
internal_count=2216 2190 2166 2146 2110 1353 1328 757 1304 1142 1122 162 1100 802 782 73 135 298 122 719 709 694 361 323 684 653 618 574 171 51 403 67 120 86 333 44 115 219 184
is_linear=0
shrinkage=0.05


Tree=138
num_leaves=40
num_cat=0
split_feature=27 18 29 7 30 28 13 29 22 0 30 30 5 7 15 27 3 6 27 4 15 28 33 33 9 8 24 3 29 17 28 28 7 3 30 27 3 21 21
split_gain=5926.79 4850.15 16595.7 10049.6 3408.84 2267.55 2198.68 4420.65 2057.88 2013.02 1673.99 6792.3 25840.6 5821.18 4281.77 2014.12 2106.45 1864.64 1511.39 1448.47 1326.8 4394.79 1245.33 2839.4 1136.46 972.075 1874.49 894.985 864.618 863.838 840.523 1604.62 1205.67 1038.04 2108.61 1219.09 2187.96 936.836 901.702
threshold=-2.1934885978698726 -1.2136644124984739 3.2934920787811284 -1.1821424365043638 1.0098809599876406 -1.2250468134880064 -1.3370534777641294 0.32382850348949438 -1.6105053424835203 2.9056415557861333 0.18768508732318881 0.13509841263294223 0.068988487124443068 2.1604351997375493 1.8629074692726137 -0.65585789084434498 -0.3340682834386825 2.872025847434998 0.18816866725683215 -0.072671391069889055 -0.46841382980346674 -0.42508600652217859 -0.047485981136560433 -0.047486646100878709 1.1576012372970583 -1.1999563574790952 -1.1955017447471616 0.062797524034976973 -0.11295622587203978 1.8310874700546267 0.56415691971778881 0.67427051067352306 -0.23761315643787381 0.47482140362262731 -0.50479614734649647 -0.29657208919525141 0.95643454790115368 -0.0067854186054319135 0.75930988788604747
decision_type=2 2 2 2 2 2 2 2 2 2 2 2 2 2 2 2 2 2 2 2 2 2 2 2 2 2 2 2 2 2 2 2 2 2 2 2 2 2 2
left_child=-1 2 6 -3 5 -5 7 -2 -8 10 11 13 18 14 17 16 -12 22 -13 -20 21 -17 23 -7 30 -10 -27 -28 -18 -22 33 -32 -33 37 -35 36 -36 -24 -34
right_child=1 3 -4 4 -6 9 8 -9 25 -11 15 12 -14 -15 -16 20 28 -19 19 -21 29 -23 24 -25 -26 26 27 -29 -30 -31 31 32 38 34 35 -37 -38 -39 -40
leaf_value=0.64548884153366093 -0.18037735537387606 1.1308157547563316 -1.5314431380141866 0.38283013786013065 0.50039770432254849 -0.0069286339328620246 -0.63532783641763357 0.6269111384238516 -0.3789620188730104 0.47426429405098869 -0.075446022280537706 -0.17270140235149672 1.6474221288412811 0.8189028094150127 -0.67585589243815503 -0.086315734990132176 -0.29681708080073199 0.44055164470559077 -0.080596582941943787 0.52116600379347799 -0.057700630691251725 0.60952987344935539 -0.095575870949346414 0.48915992708820283 -0.38550064079463486 0.29131920322262012 -0.065184519953197906 -0.46049108866247396 -0.71299096254202032 -0.31499780927385607 0.46627409962937238 -0.31771623102518232 0.36495277322828773 0.47646859394652508 0.54774225123226639 -0.16511819730607832 -0.09549135001710593 -0.29951481209198633 -0.023531949409615185
leaf_weight=35 43 20 22 37 34 229 23 28 28 21 61 63 30 20 26 78 24 21 20 20 480 32 226 33 28 29 45 21 26 35 20 26 20 21 20 98 39 75 59
leaf_count=35 43 20 22 37 34 229 23 28 28 21 61 63 30 20 26 78 24 21 20 20 480 32 226 33 28 29 45 21 26 35 20 26 20 21 20 98 39 75 59
internal_value=-6.40022e-10 -0.0103586 -0.222901 0.0157988 0.00419608 -0.00473975 -0.0902376 0.13799 -0.201225 -0.012487 -0.0180726 0.0211513 0.356044 -0.025197 -0.0431375 -0.0763757 -0.272645 -0.0251586 -0.0200854 0.220285 -0.0415182 0.116112 -0.0360981 0.0555558 -0.0740938 -0.120051 -0.0437406 -0.190964 -0.513227 -0.0751868 -0.0596578 0.0558042 -0.0223805 -0.0897888 0.00592663 -0.0570121 0.122554 -0.146391 0.0748186
internal_weight=2216 2181 239 1942 1922 1888 217 71 146 1851 1830 1094 133 961 941 736 111 915 103 40 625 110 894 262 632 123 95 66 50 515 604 125 105 479 178 157 59 301 79
internal_count=2216 2181 239 1942 1922 1888 217 71 146 1851 1830 1094 133 961 941 736 111 915 103 40 625 110 894 262 632 123 95 66 50 515 604 125 105 479 178 157 59 301 79
is_linear=0
shrinkage=0.05


Tree=139
num_leaves=40
num_cat=0
split_feature=29 21 19 6 4 7 30 18 6 30 20 16 27 7 7 27 12 3 24 15 24 8 33 26 7 14 2 16 29 29 26 30 33 23 13 27 8 5 24
split_gain=6234.28 4078.76 6181.56 2388.36 3402.48 1961.94 10242.9 6400.72 2866.07 2654.97 1650.58 8309.51 19637.9 1531.67 6151.3 1842.31 1880.07 1626.52 1130.86 4972.56 1333.58 1751.08 1041.9 1018.04 1753.39 1013.23 938.898 826.436 821.12 1136.91 814.216 767.171 2217.32 795.096 921.399 732.265 724.64 690.525 668.658
threshold=3.2934920787811284 -1.6710991859436033 -1.5992504954338072 2.9755042791366582 2.1403487920761113 -0.66309869289398182 1.0098809599876406 -1.0717446804046629 2.2540702819824223 1.0098809599876406 2.2636622190475468 1.840181350708008 0.31322589516639715 1.2180948853492739 1.1032164096832278 -1.1536921858787534 0.99506542086601268 0.86135217547416698 -0.70586934685707081 -0.56291991472244252 -0.65101107954978932 -0.59926411509513844 -0.047335436567664139 1.6058637499809267 1.6315463185310366 -0.56611913442611683 1.1408391594886782 0.72392645478248607 -0.46601891517639155 -0.42408676445484156 -0.5431385040283202 -0.30713127553462977 -0.047480765730142586 -0.47538365423679346 -0.39906629920005793 -0.91746291518211354 -0.33529070019721979 -0.308753952383995 -0.57040518522262562
decision_type=2 2 2 2 2 2 2 2 2 2 2 2 2 2 2 2 2 2 2 2 2 2 2 2 2 2 2 2 2 2 2 2 2 2 2 2 2 2 2
left_child=1 22 -3 4 5 9 7 -7 10 35 11 13 -13 14 15 -9 18 23 19 -17 -20 -22 -1 24 -15 -5 28 -18 37 -30 -31 32 -32 -33 -35 -4 -28 -23 -37
right_child=-2 2 3 25 -6 6 -8 8 -10 -11 -12 12 -14 17 -16 16 27 -19 20 -21 21 26 -24 -25 -26 -27 36 -29 29 30 31 33 -34 34 -36 38 -38 -39 -40
leaf_value=-0.73140456622297112 0.80148049442796043 0.83469453779133884 -0.22894176837677757 -0.036137623637914659 0.63432223881993988 0.7836900474449906 1.0467729425678651 -0.48148578236048878 0.58706804305315019 -0.5953074194937944 -0.31033465922607678 1.7759667101360503 -0.33883785151917006 -0.04912881436092513 0.67410864393459635 -0.21641594524736757 -0.53185841449621052 -0.57076126707037 -0.36935968278692322 0.80944595158632326 0.43452867310155519 -0.030173721244292601 -0.23903012116040503 0.067920075533317123 -0.60014411239800136 -0.47581156700065264 -0.39323143405983085 -0.15356502997511556 0.35572836498419447 0.31381916162513557 -0.064550772173380538 -0.31165445352142512 0.56931534246964899 0.25153985393769818 -0.019034529404581068 -0.021673161435369456 -0.080208894237875944 -0.26635635165991833 -0.25355914934702656
leaf_weight=22 24 22 60 20 21 26 24 22 20 25 46 21 23 42 32 27 22 23 26 21 22 84 21 47 22 38 26 42 24 21 37 22 22 33 676 363 64 49 34
leaf_count=22 24 22 60 20 21 26 24 22 20 25 46 21 23 42 32 27 22 23 26 21 22 84 21 47 22 38 26 42 24 21 37 22 22 33 676 363 64 49 34
internal_value=-2.17111e-10 -0.00877533 0.000872499 -0.00775189 0.00111905 -0.00537376 0.0217766 0.00582332 -0.0075174 -0.0935841 -0.0154664 -0.00611197 0.670501 -0.0272862 -0.0103479 -0.0280113 -0.0198205 -0.188073 -0.00519126 0.232399 -0.0155026 -0.00698379 -0.490943 -0.108778 -0.23854 -0.3242 -0.0161646 -0.283603 -0.00180241 0.0165764 0.00653987 -0.00162831 0.171806 -0.0156264 -0.0064408 -0.0661376 -0.170638 -0.117188 -0.0415324
internal_weight=2216 2192 2149 2127 2069 2048 1566 1542 1516 482 1496 1450 44 1406 1272 1240 1218 134 1154 48 1106 1080 43 111 64 58 1058 64 968 835 811 790 59 731 709 457 90 133 397
internal_count=2216 2192 2149 2127 2069 2048 1566 1542 1516 482 1496 1450 44 1406 1272 1240 1218 134 1154 48 1106 1080 43 111 64 58 1058 64 968 835 811 790 59 731 709 457 90 133 397
is_linear=0
shrinkage=0.05


Tree=140
num_leaves=40
num_cat=0
split_feature=30 29 30 22 6 5 6 22 18 16 3 29 30 8 10 3 8 12 11 12 22 13 8 17 5 16 17 3 20 17 19 19 20 10 15 33 19 19 21
split_gain=5822.17 3447.74 7048.06 4452.58 2516.69 3197.5 2421.29 1831.03 3140.99 6528.93 1621.37 1476.45 2119.03 1406.52 7105.62 2158.72 1345.28 1337.94 1107.58 1059.92 7540.38 3464.71 1661.68 1655.9 1050.41 973.644 948.927 2079.11 3226.76 1099.27 1469.75 1058.96 3675.88 950.075 1518.86 2064.1 1240.69 1697.77 903.218
threshold=-2.4608415365219112 0.7793947458267213 1.0098809599876406 -1.6769025325775144 3.7202574014663701 3.3049092292785649 2.872025847434998 2.3331806659698491 1.8405267000198366 1.7381920218467715 -0.82119348645210255 2.6909836530685429 0.9120679795742036 1.1994026899337771 1.2258832454681399 -0.15286046266555783 1.2154778838157656 0.97913464903831493 -0.9180694818496703 -0.6477123200893401 -0.91419646143913258 -0.60128822922706593 -0.59926411509513844 -0.39838144183158869 -0.39390975236892695 0.72392645478248607 -0.13913081586360929 0.47482140362262731 -0.23963004350662229 0.059342432767152793 0.024090988561511043 0.20737794041633609 0.21227244287729266 -0.19707467406988141 0.27601341903209692 -0.047485817223787301 0.53583940863609325 0.58571070432662975 0.11068857461214067
decision_type=2 2 2 2 2 2 2 2 2 2 2 2 2 2 2 2 2 2 2 2 2 2 2 2 2 2 2 2 2 2 2 2 2 2 2 2 2 2 2
left_child=-1 2 3 -2 5 6 7 8 9 13 18 12 24 14 17 -15 -10 19 -3 -5 -21 -22 -23 -24 -12 -19 27 -25 -29 38 -31 -32 -33 -34 35 -35 -36 -38 -28
right_child=1 10 -4 4 -6 -7 -8 -9 16 -11 11 -13 -14 15 -16 -17 -18 25 -20 20 21 22 23 26 -26 -27 29 28 -30 30 31 32 33 34 36 -37 37 -39 -40
leaf_value=0.74381162845171422 0.67586226950710016 0.27632984959560897 0.79783872012714196 -0.080539626143693643 -0.44228501952055732 0.62700256705284119 0.49051298536360266 0.33825423202166954 -0.13852121600737941 0.8265272353856784 -0.37680768777926765 -0.70777903780341145 -0.70548103570938114 -0.03932392619723498 0.90488504980291651 -0.48021225908362286 -0.63798838406801228 -0.47699669422926727 -0.1816103467777852 0.97498103819787518 0.49258994634317999 0.42051685906591874 -0.17748143071273589 -0.0037531078060123106 -0.013431077602051074 -0.059759335579543285 -0.082712278371317352 -0.0070257398723201324 0.87048395544290535 0.42561237573623656 -0.17582752902442256 0.68118278078734873 -0.22162912927451545 0.65500173591077326 -0.1706552092723238 0.055674351613019028 0.45101164457472892 -0.0076774966446951087 -0.3833305594045669
leaf_weight=26 24 23 28 416 33 20 24 36 26 23 30 20 20 86 21 41 28 27 31 20 34 21 159 108 59 29 114 22 20 20 83 20 48 20 108 51 22 243 32
leaf_count=26 24 23 28 416 33 20 24 36 26 23 30 20 20 86 21 41 28 27 31 20 34 21 159 108 59 29 114 22 20 20 83 20 48 20 108 51 22 243 32
internal_value=-2.59381e-09 -0.00883064 0.0101131 -0.00103203 -0.00934173 -0.00190826 -0.00852142 -0.0148989 -0.0218009 -0.0104541 -0.216591 -0.312883 -0.240425 -0.021361 -0.00893256 -0.181658 -0.397504 -0.0208003 0.0134383 -0.0121859 0.0126483 -0.00445985 -0.0199499 -0.0285946 -0.135918 -0.260927 -0.00260888 0.112332 0.410836 -0.0252647 0.00401514 -0.0101562 0.0167007 -0.0103108 0.0125344 0.224499 -0.0278127 0.0304024 -0.148601
internal_weight=2216 2190 2007 1979 1955 1922 1902 1878 1842 1788 183 129 109 1765 1638 127 54 1617 54 1561 1145 1125 1091 1070 89 56 911 150 42 761 615 595 512 492 444 71 373 265 146
internal_count=2216 2190 2007 1979 1955 1922 1902 1878 1842 1788 183 129 109 1765 1638 127 54 1617 54 1561 1145 1125 1091 1070 89 56 911 150 42 761 615 595 512 492 444 71 373 265 146
is_linear=0
shrinkage=0.05


Tree=141
num_leaves=40
num_cat=0
split_feature=12 25 30 33 12 4 29 29 30 33 16 3 0 14 31 13 11 28 24 6 5 5 0 29 29 22 20 3 31 25 20 3 5 17 0 7 29 30 3
split_gain=6182.28 20878.7 6891.14 3402.92 6725.32 5951.76 2588.54 2380.84 3742.45 2200.68 3355.7 1732.34 2267.1 24729.3 4591.77 3050.61 9572.84 2659.53 2002.14 1184.44 1095.67 2510.05 1059.04 1009.8 3072.76 757.278 3001.87 1570.71 2311.28 1364.29 1668.69 1088.22 1695.87 950.391 943.258 723.849 722.795 752.053 738.678
threshold=-1.3944663405418394 -1.6300981044769285 -2.4608415365219112 -0.047459915280342095 -1.2313437461853025 2.1053092479705815 1.6874600648880007 1.3590816259384157 1.0098809599876406 -0.047462873160839074 -0.60225436091423024 2.2689856290817265 0.84778705239295971 1.4059720635414126 0.97795489430427562 0.90714541077613842 0.86738887429237377 -1.2250468134880064 0.93824729323387157 1.1405842304229739 -0.086038753390312181 0.47402445971965795 2.798500776290894 -0.5066140592098235 -0.44785918295383448 0.43905407190322882 0.45322860777378088 -0.42983973026275629 -0.64908450841903675 0.029295501299202446 -0.10507600754499434 -0.61862659454345692 -0.30438698828220362 0.086179636418819441 0.14126598089933398 0.64227843284606945 -0.15985984355211255 0.46835884451866155 0.14685590565204623
decision_type=2 2 2 2 2 2 2 2 2 2 2 2 2 2 2 2 2 2 2 2 2 2 2 2 2 2 2 2 2 2 2 2 2 2 2 2 2 2 2
left_child=2 -2 -1 4 -3 7 22 8 9 11 -11 12 15 14 -14 16 17 -6 35 23 -17 -22 36 -19 -25 27 -27 31 -29 30 34 33 -33 -26 -30 -16 -5 38 -38
right_child=1 3 -4 6 5 -7 -8 -9 -10 10 -12 -13 13 -15 18 20 -18 19 -20 -21 21 -23 -24 24 25 26 -28 28 29 -31 -32 32 -34 -35 -36 -37 37 -39 -40
leaf_value=-1.2030358585444363 1.4806733205914497 0.85382352174880605 -0.10131901048123837 -0.20580391272987156 0.41932548757110322 0.81058235748306573 -0.7126830941159279 -0.49352774219587447 0.54365523569285867 0.82256116762757303 -0.093367513678967951 -0.4323906965553761 0.6351664875234877 1.8201376661658288 -0.1458321086241908 -0.12016477745841861 1.0419933614575052 -0.13444866576055822 -0.60870941664491385 -0.26359597706064886 -0.62914765775203707 -0.0078735298252311254 -0.45442650799046869 0.45903427294558946 0.036114512326087769 0.59418433730800946 0.0072481056679261193 -0.4917840272972458 0.014344782540492252 -0.27398882908007455 0.37530191987752914 -0.025344088077545169 0.5841449433848972 -0.16128349205987022 -0.25219201489173354 0.16064463147521021 -0.12824587130546569 -0.2887611768167952 0.11794409294350026
leaf_weight=22 24 24 40 88 35 23 20 24 32 20 20 24 21 20 84 193 22 148 21 49 37 29 22 36 293 24 236 38 113 63 25 25 21 77 47 25 50 23 78
leaf_count=22 24 24 40 88 35 23 20 24 32 20 20 24 21 20 84 193 22 148 21 49 37 29 22 36 293 24 236 38 113 63 25 25 21 77 47 25 50 23 78
internal_value=-2.76329e-11 0.0141688 -0.492251 -0.00235522 0.022282 0.0113466 -0.16447 0.00114549 0.00782275 -0.00199778 0.364597 -0.0105932 -0.00457468 0.16798 -0.0508489 -0.0241027 0.00821039 -0.01028 -0.161667 -0.0228626 -0.180303 -0.356164 -0.122461 -0.0125695 0.00550478 -0.0114672 0.0614268 -0.038465 -0.128666 -0.0730275 -0.00459198 0.0235485 0.252901 -0.00496561 -0.0639504 -0.0755393 -0.0919034 -0.0255242 0.0217761
internal_weight=2216 2154 62 2130 1849 1825 281 1802 1778 1746 40 1706 1682 171 151 1511 1252 1230 130 1195 259 66 261 1146 998 962 260 702 286 248 185 416 46 370 160 109 239 151 128
internal_count=2216 2154 62 2130 1849 1825 281 1802 1778 1746 40 1706 1682 171 151 1511 1252 1230 130 1195 259 66 261 1146 998 962 260 702 286 248 185 416 46 370 160 109 239 151 128
is_linear=0
shrinkage=0.05


Tree=142
num_leaves=40
num_cat=0
split_feature=29 21 19 6 0 23 23 4 14 27 33 5 30 13 23 30 27 27 29 6 33 33 29 13 11 12 22 30 30 7 21 12 15 7 7 4 14 27 5
split_gain=6062.19 4003.44 5024.33 2119.14 4871.65 4742.12 28024.5 30326.9 3340.33 3363.38 2607.48 2308.81 2175.36 1606.45 1276.49 1202.48 1337.02 3114.05 2717.63 1367.91 2034.25 1074.35 1058.79 1037.34 858.79 1708.6 1395.9 869.364 3922.82 1288.15 1603.92 2197.14 1614.56 817.515 2592.53 1198.95 2051.76 1672.44 788.31
threshold=3.2934920787811284 -1.6710991859436033 -1.5992504954338072 -0.4392834603786468 2.7512800693511967 1.0580972433090212 1.1383608579635622 0.55250677466392528 0.72902238368988048 -1.1976896524429319 -0.047483224421739571 -0.41356109082698816 1.0567454695701601 -0.11228935420513152 1.2781210541725161 0.50587067008018505 -0.099173549562692628 0.014414219185709955 -0.51274108886718739 -0.1040716953575611 -0.047476824373006814 -0.047335436567664139 -0.9346151053905486 1.6231963038444521 -0.31712549924850458 -0.29847192764282221 -0.11134137585759162 0.13834507763385775 0.11743224784731866 0.37754268944263464 0.48020079731941229 0.1965630501508713 -0.3122249543666839 -0.25313408672809595 -0.34461495280265803 -0.89702138304710377 -0.76226675510406483 -0.051677344366908066 -0.41574457287788386
decision_type=2 2 2 2 2 2 2 2 2 2 2 2 2 2 2 2 2 2 2 2 2 2 2 2 2 2 2 2 2 2 2 2 2 2 2 2 2 2 2
left_child=1 21 -3 4 5 8 -7 10 9 -4 -8 14 22 -13 15 16 -5 -18 -19 20 -20 -1 -11 -16 26 -26 33 28 29 30 32 -32 -27 34 35 36 -24 -38 -10
right_child=-2 2 3 11 -6 6 7 -9 38 12 -12 13 -14 -15 23 -17 17 18 19 -21 -22 -23 24 -25 25 27 -28 -29 -30 -31 31 -33 -34 -35 -36 -37 37 -39 -40
leaf_value=-0.73052625060081489 0.7903410635888577 0.75263713706623436 0.61118775632070466 -0.086802060053949914 0.7886211335659028 2.0261755457613617 -0.17002910806046687 1.8259039729833604 -0.04171217206333365 -0.34702460519645528 -0.78397692058767587 -0.17112707609394151 0.49099960431287237 -0.62795087366744329 -0.4504434741102159 -0.18952798286918551 0.64534591951153497 0.45472383571459968 0.021381377923649317 -0.1058147755404145 0.57287004470825198 -0.23054262953145163 -0.0592990866259617 -0.07447440213588781 0.49388218551874163 0.35108864378184079 -0.276895236805631 -0.040622429280483631 0.76254579611122608 -0.17293753063861739 0.71283733482387934 -0.011260250210762025 -0.11065234572459491 -0.30742756614218592 0.55300721220672133 -0.12263934100978076 0.053865167842461516 0.63267780244350436 -0.34716400286009491
leaf_weight=22 24 22 23 224 21 20 98 20 28 23 21 67 22 27 32 88 22 34 102 177 20 21 102 43 20 25 61 256 20 57 22 20 78 23 20 175 26 24 86
leaf_count=22 24 22 23 224 21 20 98 20 28 23 21 67 22 27 32 88 22 34 102 177 20 21 102 43 20 25 61 256 20 57 22 20 78 23 20 175 26 24 86
internal_value=-7.39721e-10 -0.00865337 0.000904972 -0.00687035 0.0332908 0.020801 0.276196 0.0244008 -0.0157497 0.0135668 -0.278373 -0.0688895 -0.000545355 -0.302342 -0.0393146 -0.0173236 0.00884913 0.0692037 0.0311402 -0.0170265 0.111789 -0.486348 -0.0119046 -0.234888 -0.00360775 0.0411151 -0.0552829 0.0221709 0.0945812 0.0284461 0.107611 0.368029 0.00142071 -0.0187468 0.000387649 -0.0334117 0.0693175 0.331695 -0.272141
internal_weight=2216 2192 2149 2127 1291 1270 159 139 1111 997 119 836 974 94 742 667 579 355 333 299 122 43 952 75 929 498 431 478 222 202 145 42 103 370 347 327 152 50 114
internal_count=2216 2192 2149 2127 1291 1270 159 139 1111 997 119 836 974 94 742 667 579 355 333 299 122 43 952 75 929 498 431 478 222 202 145 42 103 370 347 327 152 50 114
is_linear=0
shrinkage=0.05


Tree=143
num_leaves=40
num_cat=0
split_feature=30 30 30 18 29 29 27 27 27 22 21 4 28 33 8 17 0 30 20 30 4 12 24 31 30 29 30 21 28 28 3 27 31 7 12 8 4 28 26
split_gain=6080.45 3465.84 4850.39 3856.27 2037.27 6639.93 2553.37 2284.67 24115.3 5498.41 26518.8 6873.79 20276.5 4588.21 2832.97 2275.97 2115.72 2056.26 2616.04 2193.95 7288.44 1893.48 1889.33 1585.2 1405.99 1381.08 1321.12 1257 1960.38 2641.98 1335.68 1138.33 1105.76 1089.5 1221.11 1060.63 1048.31 1382.16 954.057
threshold=-2.4608415365219112 -0.95633739233016957 -0.81057617068290699 -1.5910865664482114 0.7793947458267213 0.72183758020401012 0.4204875528812409 0.25011114776134497 0.21318208426237109 0.58130306005477916 0.53240445256233226 1.8600328564643862 -0.17140911519527433 -0.047436958178877824 0.96793350577354442 0.393465206027031 -0.0066562783904373637 0.52722483873367321 0.34888623654842382 0.25510999560356146 -1.0322614908218382 0.97913464903831493 -1.4537886977195738 0.69531184434890758 0.83155819773674022 0.071945838630199446 0.65969780087471019 0.14182383567094806 -0.14348310977220533 -0.027328914962708947 -0.65996679663658131 -0.76310309767723072 0.2944366335868836 0.94995784759521495 1.7161071300506594 0.46871942281723028 0.19350574910640719 -0.41530318558216089 0.70163902640342724
decision_type=2 2 2 2 2 2 2 2 2 2 2 2 2 2 2 2 2 2 2 2 2 2 2 2 2 2 2 2 2 2 2 2 2 2 2 2 2 2 2
left_child=-1 32 -3 22 5 7 26 8 9 10 11 13 -13 15 24 17 -8 18 19 27 -21 -17 -4 33 -9 -25 -6 28 -5 -30 -29 -19 -2 35 -35 -11 -22 -38 -37
right_child=1 2 3 4 6 -7 16 14 -10 23 -12 12 -14 -15 -16 21 -18 31 -20 20 36 -23 -24 25 -26 -27 -28 30 29 -31 -32 -33 -34 34 -36 38 37 -39 -40
leaf_value=0.7601309336148776 -0.20973503916494307 0.66688433824865911 -0.10322117354720831 -0.046719443657070023 -0.22786657036312166 0.86009311073500183 -0.16603106014430524 -0.029697312278947771 1.4462412432829541 -0.22952960085655963 1.7882247435775671 -0.3656534531194231 1.8111654810607434 0.72804376954833672 -0.48206916461006194 -0.12101940619660186 0.49787824273109438 -0.55767882423741477 0.58175022708518165 0.83817685192281555 -0.13014923572430717 -0.69209826677328068 -0.75521734118461614 -0.20679351038609944 -0.4556615751609206 -0.64865546635784477 -0.6647738109032314 -0.021160591185092927 0.67841523237850365 -0.064127253532409667 -0.54336866736412048 -0.1215098630780211 -0.66730033833047619 -0.33558923232637045 -0.038817668006275646 0.42576671421527862 -0.14137814250730335 0.38750958075126013 0.0092756153549999002
leaf_weight=26 31 27 20 395 62 23 30 617 30 28 22 23 20 21 39 47 20 21 21 33 68 21 25 48 20 28 24 25 23 25 24 52 23 73 66 20 21 30 44
leaf_count=26 31 27 20 395 62 23 30 617 30 28 22 23 20 21 39 47 20 21 21 33 68 21 25 48 20 28 24 25 23 25 24 52 23 73 66 20 21 30 44
internal_value=-4.97077e-10 -0.00902439 0.000976727 -0.00754841 0.00243472 0.0156281 -0.1846 0.00543244 0.0460423 0.0110081 0.0738234 0.0304708 0.64682 -0.00157643 -0.0683982 -0.0205864 0.0995327 0.00491781 0.0325701 0.0146621 0.180698 -0.297382 -0.465441 -0.171504 -0.0430714 -0.369585 -0.349794 -0.0366335 -0.0100537 0.291674 -0.276936 -0.246983 -0.404624 -0.106335 -0.194676 0.0271373 -0.00162858 0.169732 0.139429
internal_weight=2216 2190 2136 2109 2064 1928 136 1905 1229 1199 892 870 43 827 676 806 50 738 665 644 152 68 45 307 637 76 86 492 443 48 49 73 54 231 139 92 119 51 64
internal_count=2216 2190 2136 2109 2064 1928 136 1905 1229 1199 892 870 43 827 676 806 50 738 665 644 152 68 45 307 637 76 86 492 443 48 49 73 54 231 139 92 119 51 64
is_linear=0
shrinkage=0.05


Tree=144
num_leaves=40
num_cat=0
split_feature=12 29 30 13 27 29 3 5 4 22 11 12 8 10 13 11 9 4 30 17 18 7 7 12 11 7 29 30 21 9 18 10 12 6 9 31 10 12 11
split_gain=6000.67 24429.1 11846.3 6301.76 2908.55 2807.87 3222.8 1999.48 1909.56 2029.17 2920.5 11363.1 5068.1 2899.27 2411.65 2703.14 29958.6 5003.49 2258.85 2011.66 1768.37 1553.83 1713.4 3469.58 1446.62 1414.77 1612.7 1332.44 5187.92 1369.2 1268.98 1250.06 1293.79 1288.1 1986.54 1219.33 1166.59 1115.25 977.533
threshold=-1.2811323404312132 2.3943476676940922 -2.4608415365219112 -1.2564845085144041 -1.9917369484901426 0.27167963981628424 -0.26861298084259028 3.5429087877273564 2.0524426698684697 2.3331806659698491 1.4390780925750735 1.2761033177375796 1.3023713231086733 1.5550780892372134 0.26049153506755834 -0.4000240415334701 -0.4233239740133285 1.8600328564643862 0.80684712529182445 -0.37533284723758692 1.7937170863151553 -0.497776448726654 -0.3312095701694488 -0.29847192764282221 -0.45887897908687586 -0.064328864216804491 0.16813444346189502 0.2988771945238114 -0.62700664997100819 -0.40581667423248285 1.757795035839081 -0.16252391040325162 0.083669725805521025 -0.43636856973171229 0.24428016692399981 2.4671766757965092 -0.51517122983932484 -0.80681398510932911 0.048919921740889556
decision_type=2 2 2 2 2 2 2 2 2 2 2 2 2 2 2 2 2 2 2 2 2 2 2 2 2 2 2 2 2 2 2 2 2 2 2 2 2 2 2
left_child=2 3 -1 -2 -5 -4 -7 8 9 10 11 12 14 -12 15 18 -17 21 24 -16 -21 -18 23 -23 27 38 31 29 37 36 -15 -27 -33 34 -34 -10 -6 -29 -24
right_child=1 -3 5 4 7 6 -8 -9 35 -11 13 -13 -14 30 19 16 17 -19 -20 20 -22 22 25 -25 -26 26 -28 28 -30 -31 -32 32 33 -35 -36 -37 -38 -39 -40
leaf_value=-1.3350482324759165 0.84421499181877491 1.6774721733887088 -0.34519372641764307 -0.60656637698411942 -0.033557343767408626 0.53968571220283157 -0.29772577363066377 0.49682985074818142 -0.11790443655763623 0.38861470305744339 -0.74794014936070086 0.88172045109692876 0.76809773650907331 -0.0047042283652858306 -0.57282678044655111 1.8327154075105985 -0.41491705724461519 0.74982344948727153 -0.53326936054002982 -0.061925651458157253 -0.50224302684267363 0.78288126981684147 -0.084438392280811264 -0.0011886387716892155 -0.28863001450592157 0.38454633638262753 0.38567156505305322 0.040874282502465775 0.67258024252386717 0.35282025628146674 -0.422992762953043 -0.13662242353583376 -0.060632938506274395 -0.16731422846205535 0.50659632705377811 -0.51855247569084173 -0.31096740588545801 -0.40786211922764776 -0.43375233683087261
leaf_weight=24 22 22 54 20 388 27 20 20 79 34 23 37 21 66 22 24 22 23 23 457 24 21 155 43 49 20 32 45 33 21 25 120 29 28 33 25 42 20 23
leaf_count=24 22 22 54 20 388 27 20 20 79 34 23 37 21 66 22 24 22 23 23 457 24 21 155 43 49 20 32 45 33 21 25 120 29 28 33 25 42 20 23
internal_value=2.62954e-10 0.020117 -0.336517 0.00249407 -0.00655227 -0.0992422 0.18334 -0.000632052 -0.00558932 0.00581214 -0.00115163 0.0147781 -0.00389298 -0.246385 -0.0134462 0.0252411 0.103561 0.0279693 -0.0470249 -0.10528 -0.0838957 -0.00359465 0.0143599 0.256084 -0.0283232 -0.0208 0.0531002 -0.00508999 0.162013 -0.0414006 -0.119619 0.0068294 -0.0291436 0.114161 0.241279 -0.214214 -0.0606532 -0.0971985 -0.129574
internal_weight=2216 2091 125 2069 2047 101 47 2027 2007 1903 1869 1755 1718 114 1697 1194 573 549 621 503 481 526 504 64 598 440 262 549 98 451 91 230 210 90 62 104 430 65 178
internal_count=2216 2091 125 2069 2047 101 47 2027 2007 1903 1869 1755 1718 114 1697 1194 573 549 621 503 481 526 504 64 598 440 262 549 98 451 91 230 210 90 62 104 430 65 178
is_linear=0
shrinkage=0.05


Tree=145
num_leaves=40
num_cat=0
split_feature=30 29 6 20 27 28 30 8 11 3 3 8 26 17 27 29 30 27 17 23 13 15 33 0 4 30 17 13 17 29 15 9 27 30 9 20 18 0 7
split_gain=6358.07 3354.37 2917.07 4942.82 2018.17 17569 5043.77 2936.62 5191.84 3737.7 3533.6 2600.75 2051.16 7883.34 2329.23 13507.7 1604.15 1399.8 992.042 925.54 877.231 7007.04 1208.58 2114.18 1112 2785.18 1040.16 870.483 1554.4 956.877 859.482 846.227 821.314 798.004 751.573 1528.88 4650.44 1752.39 948.823
threshold=-2.4608415365219112 2.6909836530685429 4.711318016052247 -1.6137911677360532 0.25011114776134497 1.6180556416511538 1.0098809599876406 1.1994026899337771 1.2636781334877016 2.3868050575256352 0.92474040389060985 0.96793350577354442 0.24659895896911624 0.37747199833393102 -1.1976896524429319 -0.15985984355211255 1.0098809599876406 -0.25334399938583368 -0.39838144183158869 0.99978256225585949 -0.57643339037895192 -0.64103844761848439 -0.047473477199673646 0.39972749352455145 -1.0187374949455259 -0.050173349678516381 0.044704664498567588 -0.95354408025741566 -0.74541214108467091 -0.36237570643424982 -0.17019593715667722 -0.7009388506412505 0.16085347533226016 0.50587067008018505 -0.65864154696464527 0.13133033365011218 0.043499024584889419 0.16255104541778567 -0.18509795516729352
decision_type=2 2 2 2 2 2 2 2 2 2 2 2 2 2 2 2 2 2 2 2 2 2 2 2 2 2 2 2 2 2 2 2 2 2 2 2 2 2 2
left_child=-1 2 3 -2 5 6 7 8 9 12 17 16 13 14 15 -5 27 33 -14 32 21 24 23 26 25 -16 -22 -6 -29 30 -30 -26 -20 -9 -31 36 37 -36 -37
right_child=1 -3 -4 4 11 -7 -8 10 -10 -11 -12 -13 18 -15 20 -17 -18 -19 19 -21 22 -23 -24 -25 31 -27 -28 28 29 34 -32 -33 -34 -35 35 38 -38 -39 -40
leaf_value=0.77729021585904645 -0.58925777590937078 -0.5970921285450459 0.59834043949842453 -0.1384916630591832 -0.15394750215072672 1.3513521149158478 0.73171150286992392 -0.087844259682062428 0.82700038991868507 0.65955799140713434 -0.72114954850188007 -0.46690755012003998 -0.4368760923156515 1.0047638488667352 0.4959450227674097 1.3946780079603196 -0.43596647599339483 -0.48062761772423984 -0.025387753565945116 -0.30785932258555765 -0.079233925446867956 0.96247377693653113 -0.21939749163628997 0.46403319659558212 -0.02386845315798608 -0.12988692298531532 0.22352713741711341 0.41895663426035928 -0.43444713367657228 -0.12957736660177127 -0.08156296476256103 -0.29820265381320105 -0.35655537284910682 0.25964762285351756 -0.16723710709975825 -0.15253812321618704 0.87113948492776783 0.33118336187868286 0.044640549290541218
leaf_weight=26 36 24 20 51 115 25 24 95 20 22 27 38 20 21 32 20 25 20 293 38 250 20 87 22 117 40 32 21 22 78 80 37 20 20 45 89 21 29 194
leaf_count=26 36 24 20 51 115 25 24 95 20 22 27 38 20 21 32 20 25 20 293 38 250 20 87 22 117 40 32 21 22 78 80 37 20 20 45 89 21 29 194
internal_value=7.23393e-10 -0.0092281 -0.00271437 -0.008316 0.0015958 0.0381727 0.0134517 0.000232162 0.0284926 0.014259 -0.198987 -0.0637787 0.001353 0.0500606 0.0217432 0.293387 -0.0424729 -0.0945541 -0.0943555 -0.0748387 -0.00853427 0.0654396 -0.0550754 -0.00804896 -0.013944 0.148261 -0.0448781 -0.028298 -0.00334174 -0.0192347 -0.157675 -0.0897799 -0.0465486 -0.0274109 0.0117323 0.0408914 0.214448 0.0280898 -0.0173697
internal_weight=2216 2190 2166 2146 2110 1353 1328 1304 1142 1122 162 757 1100 729 708 71 719 135 371 351 637 246 391 304 226 72 282 694 579 558 102 154 313 115 456 378 95 74 283
internal_count=2216 2190 2166 2146 2110 1353 1328 1304 1142 1122 162 757 1100 729 708 71 719 135 371 351 637 246 391 304 226 72 282 694 579 558 102 154 313 115 456 378 95 74 283
is_linear=0
shrinkage=0.05


Tree=146
num_leaves=40
num_cat=0
split_feature=15 20 11 9 30 33 4 30 30 13 14 7 10 3 5 33 19 28 5 30 27 29 17 6 4 15 29 29 3 20 6 33 15 20 15 14 29 24 21
split_gain=6022.79 6790.33 2586.9 5351.59 15141.6 2091.94 5245.72 2204.77 1861.04 1685.57 18788.8 3161.84 2733.94 2118.47 1695.98 1609.27 3463.54 1866.1 1605.33 1165.86 1125.25 1090.58 945.511 836.148 796.844 638.005 624.625 1504.7 766.3 884.169 704.739 633.953 1526.53 7133.26 964.788 830.398 834.398 674.973 643.164
threshold=-1.584319472312927 -1.6137911677360532 -1.2946693301200864 -1.2051863074302671 -0.26025116443634028 -0.047459915280342095 2.1053092479705815 1.0098809599876406 -0.5347447097301482 1.5881919264793398 1.4663060307502749 1.6315463185310366 0.97683763504028331 0.11722877249121667 0.73058363795280468 -0.047462873160839074 -0.65598705410957325 -1.2250468134880064 2.941359400749207 -0.81057617068290699 -0.002907592104747891 -0.057934071868658059 0.60909369587898265 2.872025847434998 -0.60502564907073964 1.7172574996948244 0.45624069869518286 0.41948790848255163 -0.087405160069465623 0.12480547279119493 0.94237199425697338 -0.047476824373006814 -0.061277598142623894 -0.25958095490932459 0.46832557022571569 -0.75197574496269215 -0.20206198841333387 -0.33116236329078669 0.44877117872238165
decision_type=2 2 2 2 2 2 2 2 2 2 2 2 2 2 2 2 2 2 2 2 2 2 2 2 2 2 2 2 2 2 2 2 2 2 2 2 2 2 2
left_child=-1 -2 8 4 -4 6 7 9 -3 10 11 12 15 22 -15 17 -17 -5 24 -19 21 -11 -14 25 -7 26 27 30 -28 -30 31 38 33 35 -34 36 -33 -37 -21
right_child=1 2 3 5 -6 18 -8 -9 -10 20 -12 -13 13 14 -16 16 -18 19 -20 23 -22 -23 -24 -25 -26 -27 28 -29 29 -31 -32 32 34 -35 -36 37 -38 -39 -40
leaf_value=0.61585837633181839 -0.7340106039308012 -0.73042244344949725 1.588284491673112 0.33234795675827911 -0.16546764695085586 -0.40634355545043949 0.76359680230202887 0.40857867327603431 -0.10347327451253761 -0.0093477231463876317 1.4281705917223642 0.59852744128022883 0.22284332148730757 -0.24231778572003049 -0.82029467333446859 0.78145231727510689 -0.12768234644423834 -0.38805475561391739 -0.57547408387064936 -0.051197533292267373 -0.51882373917670488 -0.38417220181889006 -0.17861229076304219 0.30826253484934574 -0.074291642541115616 -0.2380130408331752 -0.029630451547791776 0.4309884372353554 -0.42486135264625774 -0.0073282028770162953 -0.17628119513392448 0.38456406197087334 -0.14923823895239896 0.85170626967184015 0.13378908412841459 -0.22693506521483264 -0.015442516305483878 0.11099982762878591 0.046369639484635822
leaf_weight=39 32 20 20 39 32 20 23 33 29 69 23 21 20 30 22 20 22 21 20 539 21 27 55 20 187 32 115 20 32 21 58 22 91 31 45 45 32 22 246
leaf_count=39 32 20 20 39 32 20 23 33 29 69 23 21 20 30 22 20 22 21 20 539 21 27 55 20 187 32 115 20 32 21 58 22 91 31 45 45 32 22 246
internal_value=-1.65156e-09 -0.0110328 -0.000247152 0.00814839 0.509052 -0.00459476 0.0132841 0.0036647 -0.359371 -0.00392313 0.00912671 -0.0110078 -0.0190079 -0.241597 -0.486846 0.000183396 0.305239 -0.00877002 -0.147704 -0.0183272 -0.18729 -0.114767 -0.0715575 -0.012664 -0.106374 -0.0174149 -0.012063 0.00108237 -0.102125 -0.259424 -0.00651986 0.00265643 0.0661073 0.174994 -0.0555895 0.00162122 0.147523 -0.115971 -0.0206223
internal_weight=2216 2177 2145 2096 52 2044 1817 1794 49 1761 1644 1621 1600 127 52 1473 42 1431 227 1392 117 96 75 1371 207 1351 1319 1151 168 53 1131 1073 288 152 136 121 54 67 785
internal_count=2216 2177 2145 2096 52 2044 1817 1794 49 1761 1644 1621 1600 127 52 1473 42 1431 227 1392 117 96 75 1371 207 1351 1319 1151 168 53 1131 1073 288 152 136 121 54 67 785
is_linear=0
shrinkage=0.05


Tree=147
num_leaves=40
num_cat=0
split_feature=18 16 15 16 29 18 33 27 31 30 18 30 7 5 31 18 5 29 18 28 6 6 28 3 30 4 8 29 0 27 27 29 8 15 27 16 9 9 27
split_gain=5636.92 26405.4 4339.89 11729 8699.52 3197.8 2874.18 2208.91 23264.6 16141.8 7630.04 5627.03 4711.94 23437.1 2366.11 2103.5 1622.56 1791.98 1768.96 1527.48 684.465 1281.74 681.635 638.833 567.889 1302.67 801.265 534.248 478.549 452.239 1434.89 2128.45 998.487 2221.46 3745.77 913.381 853.091 1588.4 1130.29
threshold=-1.642467141151428 -1.5978951454162595 -1.2326657772064207 -1.2166458368301389 2.0162298083305363 -1.5910865664482114 -0.04742735251784324 -0.58386245369911183 1.4600473046302798 0.73168373107910167 -1.0717446804046629 1.0098809599876406 1.5819175839424136 -0.38517582416534418 2.8130685091018681 1.7937170863151553 -0.36552448570728296 -0.0086820246651768667 0.41117008030414587 2.3325667381286626 3.2509608268737797 2.3458890914916997 -0.7546834647655486 -0.2038466930389404 0.73168373107910167 -0.75194561481475819 1.2336158156394961 0.66201218962669384 -0.45704109966754908 1.0000000180025095e-35 -0.051677344366908066 -0.048883771523833268 -0.25821840763092035 -0.24508886784315106 -0.37592837214469904 -0.63082122802734364 0.39516223967075353 0.50188912451267254 0.16876037418842318
decision_type=2 2 2 2 2 2 2 2 2 2 2 2 2 2 2 2 2 2 2 2 2 2 2 2 2 2 2 2 2 2 2 2 2 2 2 2 2 2 2
left_child=-1 -2 4 -4 5 -3 23 8 9 10 -5 12 14 -14 15 20 -12 18 22 -17 21 24 -18 27 26 -26 29 28 -7 30 32 -32 35 34 -34 -9 38 -38 -31
right_child=1 2 3 7 -6 6 -8 11 -10 -11 16 -13 13 -15 -16 19 17 -19 -20 -21 -22 -23 -24 -25 25 -27 -28 -29 -30 36 31 -33 33 -35 -36 -37 37 -39 -40
leaf_value=-0.66950037152536457 1.7739500959359464 -0.68172369274226108 1.1904674992674875 0.83439151797104971 -1.1912967457657768 -0.28670632147363256 0.3616877762973309 -0.0176555483100506 1.77080666333437 1.3972408476471903 -0.037089263965336093 -0.70174576719601955 -0.35044958449023617 1.8066198855638504 -0.49980094419577381 -0.60019687368319596 -0.18327126642388683 -0.63945750574079852 -0.46806856107644057 -0.072416906315704882 -0.29710617966949943 0.35971608435114227 0.14570174347609283 -0.33585785844856325 0.44707356379790747 -0.043924815484455655 -0.28519672403732937 0.095297049615403709 -0.0065419214743155027 -0.19488908279305087 -0.048547715172171595 0.68091293007135389 0.018770168045801776 -0.01491153112198864 0.86344728356315992 -0.30686640402390841 0.47518563053824692 0.0050574638329598373 -0.024697207686058174
leaf_weight=31 21 22 21 22 21 35 35 78 20 20 188 30 34 20 26 26 31 26 33 29 20 24 32 34 22 35 27 29 27 117 20 20 35 235 21 42 22 98 587
leaf_count=31 21 22 21 22 21 35 35 78 20 20 188 30 34 20 26 26 31 26 33 29 20 24 32 34 22 35 27 29 27 117 20 20 35 235 21 42 22 98 587
internal_value=7.0347e-10 0.00949863 -0.00762405 0.0151579 -0.227699 -0.116515 -0.038799 0.00243543 0.111972 0.0177203 -0.0653834 -0.0235516 -0.0103229 0.448465 -0.0270173 -0.0185863 -0.129238 -0.271239 -0.171513 -0.321913 -0.0066954 -0.00249568 -0.0161739 -0.150935 -0.00889235 0.145583 -0.0156551 -0.0818433 -0.164699 -0.00994717 0.0303036 0.316183 0.00248082 0.0525263 0.335524 -0.118879 -0.0319776 0.0912476 -0.0529819
internal_weight=2216 2185 2164 1961 203 182 160 1940 372 352 332 1568 1538 54 1484 1458 310 122 96 55 1403 1383 63 125 1359 57 1302 91 62 1275 451 40 411 291 56 120 824 120 704
internal_count=2216 2185 2164 1961 203 182 160 1940 372 352 332 1568 1538 54 1484 1458 310 122 96 55 1403 1383 63 125 1359 57 1302 91 62 1275 451 40 411 291 56 120 824 120 704
is_linear=0
shrinkage=0.05


Tree=148
num_leaves=40
num_cat=0
split_feature=30 30 30 28 30 30 30 31 15 13 14 11 10 5 27 29 13 27 29 9 6 6 29 29 31 31 33 29 29 20 22 16 3 0 4 27 20 24 29
split_gain=5799.5 3199.68 4985.16 3224.41 2825.91 7078.06 3528.46 1948.26 1676.77 1535.2 15600.6 2852.75 7440.01 2470.82 1947.59 8668.28 1153.52 1124.63 972.266 800.952 626.74 848.955 609.922 521.143 669.798 1896.79 2265.27 910.577 1223.99 1102.57 1263.35 740.952 733.229 4963.83 1338.81 1319.33 1129.11 921.823 778.827
threshold=-2.4608415365219112 -0.88363802433013905 -0.7744469642639159 -1.449693977832794 1.3463437557220461 1.0567454695701601 0.9120679795742036 2.9253710508346562 -1.5233836174011228 1.5881919264793398 1.4663060307502749 1.0874515175819399 1.0664635300636294 0.19999741762876513 -1.1976896524429319 -0.077669773250818239 -0.93772524595260609 -0.002907592104747891 -0.057934071868658059 1.0102975368499758 3.2509608268737797 2.2832190990448002 -0.9346151053905486 -0.77106696367263783 0.52946344017982494 0.42740285396575933 -0.047474885359406464 -0.26970542967319483 -0.081971365958452211 0.037093298509716995 0.41682322323322302 0.43896833062171942 -0.16595152020454404 -0.6044267714023589 -0.39355930685997004 0.54337596893310558 0.57737088203430187 -0.70586934685707081 -0.48707868158817286
decision_type=2 2 2 2 2 2 2 2 2 2 2 2 2 2 2 2 2 2 2 2 2 2 2 2 2 2 2 2 2 2 2 2 2 2 2 2 2 2 2
left_child=-1 16 -3 8 5 6 7 9 -4 10 11 12 14 -13 15 -5 -2 18 -11 20 21 22 -16 -24 25 32 -27 31 29 -29 -31 -26 38 -34 35 37 -36 -35 -25
right_child=1 2 3 4 -6 -7 -8 -9 -10 17 -12 13 -14 -15 19 -17 -18 -19 -20 -21 -22 -23 23 24 27 26 -28 28 -30 30 -32 -33 33 34 36 -37 -38 -39 -40
leaf_value=0.74236214275543511 -0.19774517424404622 0.67666513111304361 -0.75338408350944519 -0.18416720644847767 0.57991007169087727 -0.89506238847970965 0.60930458282430966 0.49037523489445456 -0.17319155895348751 -0.0088881182233019485 1.2715040139960669 -0.096020283533090903 0.91694810945879335 -0.62590212100749898 -0.25614489127810186 1.0876945928448725 -0.64213041565988371 -0.52786204248666768 -0.38286624538401764 -0.33294400870800023 -0.27375053075020728 0.24823671502451741 0.20180024898477963 -0.13623089161399124 -0.31302538828649484 -0.035052777139381285 0.69935212014686499 -0.14674967988615945 -0.093619812174221953 0.59022876881062991 0.065924340928042377 -0.024421715055193222 -0.79907310004769405 0.27261623249009803 -0.20050139728285699 0.40166063861473011 0.13529211306013167 -0.05885095323653932 0.030887240080574842
leaf_weight=26 40 27 20 37 21 22 24 20 33 63 24 66 22 33 26 21 23 20 24 20 23 31 28 77 61 21 21 21 185 20 27 35 22 27 115 27 32 94 737
leaf_count=26 40 27 20 37 21 22 24 20 33 63 24 66 22 33 26 21 23 20 24 20 23 31 28 77 61 21 21 21 185 20 27 35 22 27 115 27 32 94 737
internal_value=4.36526e-10 -0.00881343 0.00158787 -0.0070917 0.00287759 -0.00310349 0.00668847 -0.000615966 -0.392132 -0.00562608 0.00500748 -0.0116114 0.00332652 -0.272648 -0.00844144 0.276334 -0.359981 -0.189776 -0.112054 -0.0184517 -0.0145929 -0.0108838 -0.0159807 -0.0119521 -0.0158845 0.00220799 0.33215 -0.0766939 -0.0269442 0.154453 0.289033 -0.207805 -0.0100445 -0.0745566 -0.0205248 0.0856317 -0.127403 0.0151128 0.0150788
internal_weight=2216 2190 2127 2100 2047 2026 2004 1980 53 1960 1853 1829 1730 99 1708 58 63 107 87 1650 1630 1607 1576 1550 1522 1173 42 349 253 68 47 96 1131 317 295 148 147 121 814
internal_count=2216 2190 2127 2100 2047 2026 2004 1980 53 1960 1853 1829 1730 99 1708 58 63 107 87 1650 1630 1607 1576 1550 1522 1173 42 349 253 68 47 96 1131 317 295 148 147 121 814
is_linear=0
shrinkage=0.05


Tree=149
num_leaves=40
num_cat=0
split_feature=12 11 30 24 16 16 30 4 26 29 6 5 28 30 30 16 33 6 12 17 14 3 3 13 24 5 30 0 7 22 21 9 7 0 31 15 19 29 20
split_gain=5784.51 45657.4 12041.6 5083.92 4220.05 6280.18 4513.71 3241.93 2882.8 2306.79 2149.91 3314.83 1958.2 1756.68 7737.17 5116.72 18875 2810.05 1671.67 1593.8 1542.11 2142.29 1106.13 1090.04 1062.14 1017.01 990.423 1984.18 3895.5 954.352 5520.64 791.774 974.078 700.574 659.581 652.968 1068.65 4497.84 5074.74
threshold=-1.2547538876533506 -1.1931517720222471 -2.4608415365219112 -1.2445335388183592 -1.043636620044708 -0.99494946002960194 1.0098809599876406 0.51193472743034374 -0.82753142714500416 0.58843475580215465 2.9755042791366582 3.179359078407288 -1.3693305850028989 0.19448923319578174 0.18135225027799609 1.840181350708008 -0.047485608607530587 1.9975603222846987 0.93859082460403453 -1.4685845971107481 0.92901721596717846 0.92474040389060985 -0.49874004721641535 1.5602356195449831 -1.3911155462265012 -0.41137760877609247 0.11983910948038103 0.53459253907203685 0.11392801254987718 -0.63569137454032887 -0.54421627521514881 1.260655999183655 0.92996451258659374 -0.0066562783904373637 -0.14507064223289487 0.80621910095214855 0.18809021264314654 0.094810806214809432 0.48094770312309271
decision_type=2 2 2 2 2 2 2 2 2 2 2 2 2 2 2 2 2 2 2 2 2 2 2 2 2 2 2 2 2 2 2 2 2 2 2 2 2 2 2
left_child=2 -2 -1 -3 8 -6 10 12 19 -10 11 13 -4 14 15 17 -17 18 26 -5 29 31 24 25 -14 -20 35 28 -28 33 -31 32 -22 -15 -21 36 -7 -38 -39
right_child=1 3 7 4 5 6 -8 -9 9 -11 -12 -13 22 20 -16 16 -18 -19 23 34 21 -23 -24 -25 -26 -27 27 -29 -30 30 -32 -33 -34 -35 -36 -37 37 38 -40
leaf_value=-1.3292461186647415 2.3986334693431854 0.77203167866738076 -0.59143360277208001 -0.48638214349746706 0.81541823049386353 -0.048377889287943537 0.59955918317840939 0.47910916723310948 -0.24446482495828109 -0.97709844594910045 -0.346369925574602 0.63992589592933657 -0.0097032441269783755 -0.10447935699312777 0.96135050017725343 -0.28722685527416969 1.654216970716204 0.55978772285438727 -0.15254886177453131 0.057060256018303335 -0.082424418787871101 -0.5986713950490129 0.13419562550261618 0.030849371211869377 -0.51883185125887399 -0.55478913972775146 0.039918060600757602 -0.20342615387018992 0.74978547333567236 0.73392874263226993 -0.044102872877684017 -0.0067384165503195856 -0.53929531455039981 -0.45089769501239063 -0.20591947524563264 -0.16072979399817997 -0.059595860337002537 1.116864666417241 0.074058647240911213
leaf_weight=24 20 21 26 25 24 473 31 20 22 21 46 20 21 54 22 31 21 21 33 64 28 29 32 28 20 30 68 34 27 24 456 67 20 20 38 80 127 20 28
leaf_count=24 20 21 26 25 24 473 31 20 22 21 46 20 21 54 22 31 21 21 33 64 28 29 32 28 20 30 68 34 27 24 456 67 20 20 38 80 127 20 28
internal_value=-1.41747e-09 0.0212171 -0.307574 -0.00194327 -0.00994203 0.0118301 0.00133716 -0.101523 -0.248411 -0.602263 -0.00892564 -0.000111085 -0.218822 -0.00746361 0.0336233 0.0136331 0.496818 -0.0122964 -0.0249691 -0.128603 -0.0688584 -0.21463 -0.0861116 -0.228725 -0.258059 -0.344092 -0.00333339 0.124358 0.24167 -0.0309683 -0.00520129 -0.117785 -0.272787 -0.198106 -0.0409126 -0.02596 -0.00932173 0.0962415 0.508561
internal_weight=2216 2073 143 2053 2032 1862 1838 119 170 43 1807 1761 99 1741 1043 1021 52 969 948 127 698 144 73 91 41 63 857 129 95 554 480 115 48 74 102 728 648 175 48
internal_count=2216 2073 143 2053 2032 1862 1838 119 170 43 1807 1761 99 1741 1043 1021 52 969 948 127 698 144 73 91 41 63 857 129 95 554 480 115 48 74 102 728 648 175 48
is_linear=0
shrinkage=0.05


Tree=150
num_leaves=40
num_cat=0
split_feature=30 29 30 22 6 3 6 6 15 16 17 16 5 30 16 30 7 12 14 24 23 30 18 22 27 29 28 4 30 5 30 3 3 3 5 29 30 0 0
split_gain=6036.33 3260.53 5784.12 4159.39 1963.56 2622.16 1572.38 2002.72 1596.78 7790.24 2874.14 6526.25 1500.87 2057.95 1704.79 1210.18 1078.41 3570.93 2075.94 1505.58 888.078 867.423 1110.38 8576.87 2044.1 651.255 650.814 494.777 1034.55 881.523 757.12 1094.97 1975.62 1593.65 3132.23 1353.84 1069.52 1156.88 4253.75
threshold=-2.4608415365219112 0.7793947458267213 1.0098809599876406 -1.6769025325775144 3.8310228586196904 2.5976400375366215 2.872025847434998 1.5763595104217532 2.7634010314941411 2.2964339256286626 1.942263722419739 1.7777344584465029 -0.57513877749443043 0.95535138249397289 -1.2818565368652342 0.20421768724918368 1.5819175839424136 1.4253037571907046 1.5510139465332033 1.3269267678260805 -1.2721390724182127 -0.65878006815910328 -1.0717446804046629 -1.1590883731842039 -1.1536921858787534 0.1369530260562897 -0.33981266617774958 -1.0347204208374021 0.27967716753482824 -0.36770796775817866 0.19448923319578174 0.92474040389060985 0.78211680054664623 0.5092715620994569 0.82119813561439525 0.41948790848255163 0.11983910948038103 -0.40034055709838862 -0.73285263776779164
decision_type=2 2 2 2 2 2 2 2 2 2 2 2 2 2 2 2 2 2 2 2 2 2 2 2 2 2 2 2 2 2 2 2 2 2 2 2 2 2 2
left_child=-1 2 3 -2 5 6 7 8 9 10 11 16 15 14 20 -3 17 19 -18 21 -14 -5 23 25 -24 -23 -16 28 -26 -30 31 32 33 34 35 36 -29 38 -38
right_child=1 12 -4 4 -6 -7 -8 -9 -10 -11 -12 -13 13 -15 26 -17 18 -19 -20 -21 -22 22 24 -25 27 -27 -28 30 29 -31 -32 -33 -34 -35 -36 -37 37 -39 -40
leaf_value=0.75736834922662144 0.65356317280481269 -0.16478010462779624 0.72303741760551932 -0.19703354396052281 -0.40346366458482319 0.47799051329493525 0.38447998559474944 -0.27327236440032721 -0.40945204837868615 0.98236083865165724 -0.5219380852800829 0.81671375383933398 -0.2341978518664837 -0.78558868885040289 0.17971597328072503 0.28620917740322294 -0.54962453039156067 0.53529851431647935 0.0026789227257604186 -0.38550349181448973 -0.70538735635578631 -0.093516573088837207 -0.47287638691680817 1.0912958597391844 -0.14926965122918287 0.16576927557136076 -0.18320602566003799 -0.015773931307914227 0.23560388265177609 -0.13837067347306473 -0.044705264334477302 -0.10174694691663203 0.55554235070943836 -0.31110216212169878 0.59411482523988801 0.36089636039349343 -0.05509865219073911 -0.070557357576386689 0.85398028473877785
leaf_weight=26 24 51 28 59 31 28 25 72 24 20 27 24 20 20 21 21 27 30 46 27 20 91 24 20 150 33 30 380 40 26 447 115 20 29 27 31 31 29 22
leaf_count=26 24 51 28 59 31 28 25 72 24 20 27 24 20 20 21 21 27 30 46 27 20 91 24 20 150 33 30 380 40 26 447 115 20 29 27 31 31 29 22
internal_value=-1.24117e-09 -0.00899159 0.00943071 -0.000665797 -0.00869725 -0.00233667 -0.00943011 -0.0146935 -0.00434457 0.00113294 -0.0100491 -0.00205088 -0.211033 -0.326357 -0.225427 -0.0332416 -0.0135828 -0.00516764 -0.201598 -0.015295 -0.469793 -0.00894458 -0.00161967 0.13046 -0.0154924 -0.0245131 -0.0337676 -0.00734303 -0.0766849 0.0882806 0.00589997 0.0389709 0.0674113 0.0496287 0.0697464 0.0410285 0.0195655 0.183333 0.322255
internal_weight=2216 2190 2007 1979 1955 1924 1896 1871 1799 1775 1755 1728 183 111 91 72 1704 1631 73 1601 40 1574 1515 144 1371 124 51 1347 216 66 1131 684 569 549 520 493 462 82 53
internal_count=2216 2190 2007 1979 1955 1924 1896 1871 1799 1775 1755 1728 183 111 91 72 1704 1631 73 1601 40 1574 1515 144 1371 124 51 1347 216 66 1131 684 569 549 520 493 462 82 53
is_linear=0
shrinkage=0.05


Tree=151
num_leaves=40
num_cat=0
split_feature=28 4 7 30 30 11 7 27 29 22 10 2 30 20 31 8 33 16 3 7 6 29 6 24 15 16 29 10 18 29 8 29 29 33 15 0 5 33 20
split_gain=6020.1 17720.2 7294.4 5004.45 3075.35 2073.19 12900.1 4500.17 26257.7 46214.7 13719.3 30884 4590.16 2606.83 2351.94 2417.49 1726.93 1290.39 1153.65 980.511 909.431 873.966 832.125 799.793 732.919 711.353 769.976 686.686 1120.24 753.857 616.701 465.465 456.212 504.846 775.943 4451.36 973.125 1179.88 1584.33
threshold=-1.5452485680580137 0.2291599586606026 -1.3164669871330259 -2.4608415365219112 -1.3757219314575193 1.6160847544670107 1.6315463185310366 -0.58386245369911183 -0.0043747618328779927 0.1402021870017052 -0.34796234965324396 1.0000000180025095e-35 1.0098809599876406 0.23246715962886813 2.8130685091018681 1.2336158156394961 -0.047483431175351136 -1.5267844200134275 -0.46980190277099604 0.92996451258659374 2.872025847434998 -0.48264776170253748 2.3298573493957524 -1.4537886977195738 1.7172574996948244 1.9792343378067019 -0.1960262060165405 -1.0846204757690427 -1.3212270736694334 1.1304740905761721 0.70654883980751049 -0.08719931915402411 0.57625490427017223 -0.047462342306971543 -0.19662933796644208 0.31923775374889379 -0.048919554799795144 -0.047476824373006814 -0.60003775358200062
decision_type=2 2 2 2 2 2 2 2 2 2 2 2 2 2 2 2 2 2 2 2 2 2 2 2 2 2 2 2 2 2 2 2 2 2 2 2 2 2 2
left_child=1 -1 3 -2 -4 6 7 8 13 10 11 -10 14 17 15 20 21 -6 -12 31 22 -7 24 -5 27 26 -23 28 -9 32 -26 -19 33 34 35 36 37 -29 -39
right_child=2 -3 4 23 5 16 -8 12 9 -11 18 -13 -14 -15 -16 -17 -18 19 -20 -21 -22 25 -24 -25 30 -27 -28 29 -30 -31 -32 -33 -34 -35 -36 -37 -38 38 -40
leaf_value=-0.31503305029869083 -1.1384402491829613 1.6817238192260267 0.56761627569794659 -0.047764483866868199 -0.45862560823559761 -0.40851325705647473 1.1388237461447717 0.07412154991711889 2.3006433293223383 2.9607079240679743 -0.02474802824167105 -0.26800341331958771 -0.60751914445843014 -0.57873820683051802 -0.49992149116901258 -0.43711538327967425 -0.61958201286338621 -0.046409288534446612 -0.50547702002028627 0.26243407667304081 0.2715682197894369 0.29293432497334754 -0.33640886276960374 -0.45918674335504578 -0.012335878078426635 -0.26295544233011164 -0.10897787655076872 -0.0043667415271402667 -0.29470013111829757 0.30846535533666614 -0.38335679390778149 -0.28273709490895271 -0.10233108594867529 -0.086223788503337451 -0.0089897373117098257 0.60011442901717649 -0.19100764955374155 0.057908947552953449 0.61576912609860301
leaf_weight=25 22 20 24 27 20 20 25 35 22 20 26 25 35 29 26 34 21 158 24 24 28 22 20 21 21 23 26 177 50 20 24 24 102 127 730 37 47 35 20
leaf_count=25 22 20 24 27 20 20 25 35 22 20 26 25 35 29 26 34 21 158 24 24 28 22 20 21 21 23 26 177 50 20 24 24 102 127 730 37 47 35 20
internal_value=-4.57487e-10 0.572414 -0.0118649 -0.513975 0.00486416 -0.00163851 0.0102876 -0.00425539 0.15209 0.772251 0.321022 0.934342 -0.0413475 -0.132454 -0.0284212 -0.0202865 -0.210878 -0.0751878 -0.255498 -0.0379609 -0.0106652 -0.116562 -0.0161341 -0.227762 -0.011639 -0.0343218 0.0752319 -0.00516376 -0.142832 0.0038724 -0.210214 -0.0775734 -0.000905524 0.00791409 0.0193438 0.084798 0.0164585 0.0584883 0.260767
internal_weight=2216 45 2171 70 2101 2077 1965 1940 372 117 97 47 1568 255 1533 1507 112 226 50 206 1473 91 1445 48 1425 71 48 1380 85 1295 45 182 1275 1173 1046 316 279 232 55
internal_count=2216 45 2171 70 2101 2077 1965 1940 372 117 97 47 1568 255 1533 1507 112 226 50 206 1473 91 1445 48 1425 71 48 1380 85 1295 45 182 1275 1173 1046 316 279 232 55
is_linear=0
shrinkage=0.05


Tree=152
num_leaves=40
num_cat=0
split_feature=15 20 21 18 29 30 21 6 5 31 14 31 13 13 12 30 27 29 29 5 27 25 27 28 10 14 20 22 20 9 3 5 28 11 29 30 29 4 27
split_gain=6111.18 6641.65 2752.81 36012.8 5846.13 3261.41 1998.24 1927.09 2962.12 1673.38 20877.3 5585.72 2665.74 8916.93 1957.75 1498.7 1484.35 1401.76 2235.9 1291.9 1532.38 720.357 687.001 752.149 1116.67 2222.94 676.459 1061.37 889.999 651.982 587.682 543.661 539.423 547.608 535.272 1393.89 629.059 837.576 1060.51
threshold=-1.584319472312927 -1.6137911677360532 -1.056096017360687 -1.0568026304244993 1.6874600648880007 1.0098809599876406 -1.6194236874580381 2.9755042791366582 3.179359078407288 0.83366858959198009 1.4366199374198916 0.9533381760120393 0.90714541077613842 0.8507116734981538 0.93859082460403453 0.63923692703247081 -1.1536921858787534 -0.5066140592098235 -0.44785918295383448 -0.086038753390312181 -0.036157628521323197 0.95225039124488842 0.2687711119651795 1.4740961194038393 1.5550780892372134 1.3596132397651675 0.042302111163735397 0.46201211214065557 -0.092555843293666826 -0.7009388506412505 1.3491663336753847 -0.42447850108146662 0.33689612150192266 0.069042704999446883 -0.34416979551315302 0.11983910948038103 -0.31589841842651362 0.55250677466392528 0.60454520583152782
decision_type=2 2 2 2 2 2 2 2 2 2 2 2 2 2 2 2 2 2 2 2 2 2 2 2 2 2 2 2 2 2 2 2 2 2 2 2 2 2 2
left_child=-1 -2 4 -4 6 7 -3 8 9 12 11 -11 13 16 26 29 -5 31 -19 22 21 -21 23 24 25 -14 28 -28 30 -8 -13 -18 33 -33 35 -20 -36 -38 -39
right_child=1 2 3 5 -6 -7 15 -9 -10 10 -12 14 19 -15 -16 -17 17 18 34 20 -22 -23 -24 -25 -26 -27 27 -29 -30 -31 -32 32 -34 -35 36 -37 37 38 -40
leaf_value=0.62036094413353848 -0.72613230217248204 0.40246974945068364 2.1315575435012581 -0.44511767417192466 -0.89386854196588195 0.49882029222790153 -0.049061041074263761 -0.31968511108841219 0.60323409438133246 0.62656409929196044 1.6192694614330929 0.078519690913312581 -0.054043415946475527 0.99793097092346716 -0.52535953521728518 -0.53216652274131782 -0.057681092443699782 0.40309933223894667 -0.2895130664320188 -0.39680126309394836 -0.72247255827699397 0.017810962498188018 0.12611209068160792 -0.41569894759551346 0.059341699028608655 -0.60896384034019257 0.20710950011805612 -0.08909918998804274 -0.44875555992126465 -0.33673934455622329 -0.21134787061924323 -0.28719980699174547 -0.46372808686324529 0.042521684077801186 0.21879405993968248 0.12023198212896075 -0.019623641893129939 0.022733244353807289 0.35535324760845732
leaf_weight=39 32 20 20 20 24 32 188 49 20 30 21 34 59 22 24 20 74 35 51 22 21 20 26 23 59 26 49 79 20 22 36 34 21 20 34 35 744 76 35
leaf_count=39 32 20 20 20 24 32 188 49 20 30 21 34 59 22 24 20 74 35 51 22 21 20 26 23 59 26 49 79 20 22 36 34 21 20 34 35 744 76 35
internal_value=5.61444e-10 -0.0111135 -0.000446546 0.0212297 -0.148462 -0.00157238 -0.0769027 -0.0103753 -0.00181251 -0.00872733 0.100302 -0.0169711 -0.030653 0.000571695 -0.0967482 -0.118587 -0.0180389 -0.0106691 0.010451 -0.17714 -0.373735 -0.199367 -0.112967 -0.150189 -0.107781 -0.223784 -0.0495616 0.0242932 -0.1546 -0.0791988 -0.0705551 -0.153833 -0.248702 -0.165081 -0.00364405 -0.122756 0.00787863 -0.000508654 0.127613
internal_weight=2216 2177 2145 1871 274 1851 250 1819 1770 1750 293 272 1457 1201 242 230 1179 1159 1010 256 63 42 193 167 144 85 218 128 90 210 70 149 75 54 975 86 889 855 111
internal_count=2216 2177 2145 1871 274 1851 250 1819 1770 1750 293 272 1457 1201 242 230 1179 1159 1010 256 63 42 193 167 144 85 218 128 90 210 70 149 75 54 975 86 889 855 111
is_linear=0
shrinkage=0.05


Tree=153
num_leaves=40
num_cat=0
split_feature=30 6 18 33 29 29 33 29 29 27 3 30 17 24 29 4 24 30 30 5 6 29 21 12 29 15 3 27 15 16 16 0 5 5 16 17 17 16 20
split_gain=5831.09 3089.37 4814.67 3181.35 2085.93 5448.77 2325 2447.35 4969.55 30325.6 82854.3 3380.55 2959.58 25068.5 2519.3 2366.4 1777.28 1646 1654.98 1409.36 1386.86 1100.23 998.314 989.442 1515.27 1060.05 1493.16 981.222 947.909 4237.44 884.619 860.948 2412 1059.58 779.373 1390.54 1385.04 1317.13 2605.57
threshold=-2.4608415365219112 4.711318016052247 -1.5910865664482114 -0.047398863360285752 0.7793947458267213 0.72183758020401012 -0.047405436635017388 0.24387346208095553 -0.0043747618328779927 -0.61005219817161549 -0.12116631492972373 0.9120679795742036 1.8931055068969729 1.3891622424125674 0.21100564301013949 2.0923999547958378 2.2618991136550908 0.9120679795742036 0.50115749239921581 0.053704112768173225 2.6913030147552495 1.6874600648880007 -0.19473021477460858 0.89923599362373363 -0.53842404484748829 0.73461303114891063 0.70701545476913463 -0.61703410744667042 -0.57336550951004017 -0.54142406582832325 1.1638185381889345 -0.30554153025150294 -0.16464411467313764 -0.37862537801265711 0.099900886416435256 0.044704664498567588 -0.023909518495202061 -0.13545396178960797 -0.14573188126087186
decision_type=2 2 2 2 2 2 2 2 2 2 2 2 2 2 2 2 2 2 2 2 2 2 2 2 2 2 2 2 2 2 2 2 2 2 2 2 2 2 2
left_child=-1 2 3 -2 5 6 7 8 12 10 -10 27 15 -14 19 20 -15 18 21 -11 23 -6 -21 28 -25 26 -26 -9 -4 -30 -27 32 33 -29 35 36 37 -31 -39
right_child=1 -3 4 -5 17 -7 -8 11 9 14 -12 -13 13 16 -16 -17 -18 -19 -20 22 -22 -23 -24 24 25 30 -28 31 29 34 -32 -33 -34 -35 -36 -37 -38 38 -40
leaf_value=0.7443810537457467 -0.92765974117361982 0.60974499657750136 -0.10265250662822159 -0.14605202009280524 -0.10688377585221123 0.76013674959540367 0.53839853730052711 -0.35097220655410521 -0.20006704534803121 0.0098837900139322442 3.8341556206345562 -0.73658123924618679 1.7176025082351687 -0.72342943066642407 0.41535926579963417 -0.52611992341279989 -0.072919840372300579 -0.54077462966625511 0.30153104861577357 0.045666653253138068 0.36827144707952231 -0.50838838063535241 -0.37479115246678707 -0.51018520459532746 -0.084982400131868391 0.24804720883568129 -0.58593279811598009 0.0028078260220667367 0.7281467014551164 -0.025834529533468445 -0.091725661247125223 -0.13367625288326632 0.44108293765577777 -0.39041392682563691 -0.05868588213274032 0.36343961434904487 -0.33969693112373356 -0.0058881290256977085 0.68478540199046789
leaf_weight=26 23 20 252 30 91 24 20 31 35 216 20 21 21 21 32 25 21 26 21 20 21 21 48 25 51 30 21 93 20 145 53 165 29 21 362 32 25 36 22
leaf_count=26 23 20 252 30 91 24 20 31 35 216 20 21 21 21 32 25 21 26 21 20 21 21 48 25 51 30 21 93 20 145 53 165 29 21 362 32 25 36 22
internal_value=1.18742e-09 -0.0088374 -0.0145386 -0.48524 -0.0027544 0.0113889 0.00209732 -0.00350666 0.0237061 0.183371 1.26692 -0.120975 -0.0263662 0.307084 -0.0052223 -0.0451228 -0.398175 -0.176922 -0.105793 -0.0526118 -0.0341411 -0.182166 -0.251127 -0.0420095 -0.148963 -0.0907015 -0.231093 -0.0828404 -0.0204752 0.0117813 0.0310838 -0.0558531 0.0339429 -0.0696278 -0.011253 0.0547882 0.0114688 0.0547158 0.256091
internal_weight=2216 2190 2170 53 2117 1958 1934 1914 1554 371 55 360 1183 63 316 1120 42 159 133 284 1095 112 68 1074 180 155 72 339 894 642 83 308 143 114 622 260 228 203 58
internal_count=2216 2190 2170 53 2117 1958 1934 1914 1554 371 55 360 1183 63 316 1120 42 159 133 284 1095 112 68 1074 180 155 72 339 894 642 83 308 143 114 622 260 228 203 58
is_linear=0
shrinkage=0.05


Tree=154
num_leaves=40
num_cat=0
split_feature=28 20 7 30 30 30 29 29 27 3 22 25 25 4 5 30 4 5 20 22 27 33 33 30 8 31 31 5 5 3 2 9 12 33 5 0 7 24 19
split_gain=5710.34 17397.5 6751.54 5285.32 2719.69 2107.57 2130.61 2784.96 23997.9 64705.8 3159.27 2704.91 8894.86 2207.79 2177.41 2125.3 2085.44 1693.59 1255.73 6382.01 1216.48 1138.53 4402.47 1085.19 1290.75 1136.44 7244.28 1447.27 1990.58 1034.83 837.997 832.229 2396.25 1208.57 797.998 1254.55 742.706 687.963 554.482
threshold=-1.5452485680580137 -1.5288347005844114 -1.3164669871330259 -2.4608415365219112 -1.3757219314575193 1.2409112453460696 0.45624069869518286 -0.0043747618328779927 -0.61005219817161549 1.0000000180025095e-35 2.3331806659698491 1.6707471013069155 1.5501758456230166 -0.30196486413478846 1.8616274595260622 0.9120679795742036 2.0923999547958378 -0.41792805492877955 0.42660297453403478 0.35531395673751837 -0.55673480033874501 -0.047462873160839074 -0.04745486564934253 0.58546778559684765 1.2336158156394961 0.83366858959198009 1.0649219751358034 0.88779434561729442 0.63996911048889171 1.461473882198334 1.0000000180025095e-35 -0.51203489303588856 -0.7122400403022765 -0.047475527971982949 -0.47797383368015284 -0.65433043241500843 -0.34461495280265803 -1.4537886977195738 0.096158672124147429
decision_type=2 2 2 2 2 2 2 2 2 2 2 2 2 2 2 2 2 2 2 2 2 2 2 2 2 2 2 2 2 2 2 2 2 2 2 2 2 2 2
left_child=1 -1 3 -2 -4 6 7 10 9 13 11 12 16 -9 18 21 20 -13 19 -10 29 34 -23 24 25 27 -27 28 31 -6 -20 32 -22 36 -8 -36 -33 -5 -28
right_child=2 -3 4 37 5 -7 15 8 14 -11 -12 17 -14 -15 -16 -17 -18 -19 30 -21 23 22 -24 -25 -26 26 38 -29 -30 -31 -32 33 -34 -35 35 -37 -38 -39 -40
leaf_value=1.6566566541790964 -1.1363708170977505 -0.32183743166923523 0.53375050971905391 -0.033545314051486828 -0.086702579266937641 0.50921653509140019 -0.05785883911512793 -0.32061617673572268 -0.0048211816397002519 3.0165054278373717 0.52581607413291931 -0.16442157703141372 1.0188275587372482 0.34513882696628573 -0.47706623059511188 -0.61697626028742114 -0.52713526988571346 -0.75841705717146402 -0.14659336137401452 0.82995964329689742 -0.031489187424120151 0.66457240418954333 -0.1868361856560318 0.33063103752210737 -0.38822753537784926 0.96095760769464755 -0.17799022094834419 -0.33166923281308769 0.48108783736824989 -0.38631395334377888 0.13787864506725342 -0.23237387800943995 0.5023029793467787 -0.33898294394214951 -0.50376004323582435 -0.12582716486987569 -0.0084522870895913996 -0.41512178984426318 0.057303182264008837
leaf_weight=20 22 25 24 27 290 20 100 33 272 25 25 30 20 20 25 21 22 20 157 25 95 22 49 24 22 22 42 37 20 32 31 42 27 36 34 62 313 21 62
leaf_count=20 22 25 24 27 290 20 100 33 272 25 25 30 20 20 25 21 22 20 157 25 95 22 49 24 22 22 42 37 20 32 31 42 27 36 34 62 313 21 62
internal_value=-3.64208e-10 0.557493 -0.0115556 -0.494621 0.00453891 -0.0015762 -0.00654259 0.0139897 0.1029 0.91968 -0.0302772 -0.0423034 -0.0260414 -0.0693879 -0.0220195 -0.132659 -0.0452839 -0.40202 0.00143652 0.0654466 -0.0353208 -0.094567 0.0769806 -0.000101802 -0.0111569 0.000761959 0.136653 -0.0292771 -0.00828554 -0.116478 -0.0996857 -0.0273644 0.0866451 -0.0629377 -0.156709 -0.259678 -0.0349444 -0.200485 -0.0377192
internal_weight=2216 45 2171 70 2101 2077 2057 1769 588 78 1181 1156 1106 53 510 288 1086 50 485 297 1064 267 71 742 718 696 126 570 533 322 188 513 122 391 196 96 355 48 104
internal_count=2216 45 2171 70 2101 2077 2057 1769 588 78 1181 1156 1106 53 510 288 1086 50 485 297 1064 267 71 742 718 696 126 570 533 322 188 513 122 391 196 96 355 48 104
is_linear=0
shrinkage=0.05


Tree=155
num_leaves=40
num_cat=0
split_feature=30 30 30 25 29 29 30 30 27 30 3 5 15 15 8 11 3 27 7 30 0 27 20 13 33 14 16 3 33 6 6 3 29 0 28 9 10 21 28
split_gain=5903.27 3131.44 4531.99 2888.83 1872.63 6438.81 9709.9 4155.85 2781.92 2138.46 6450.53 3027.1 2561.49 15346.9 2314.54 6167.59 2756.29 2379.66 9493.25 2046.34 1633.47 1293.37 1073.37 1035.06 824.761 939.09 1463.85 795.196 1377.39 792.793 1332.75 699.932 649.193 545.476 529.219 515.326 470.342 643.07 733.845
threshold=-2.4608415365219112 -0.88363802433013905 -0.7744469642639159 -1.6367047429084776 0.79209810495376598 0.73190146684646618 1.0567454695701601 0.86204820871353161 0.4204875528812409 0.3407531082630158 2.5976400375366215 2.16840672492981 2.1951055526733403 1.8629074692726137 1.1994026899337771 1.1082034707069399 -0.15286046266555783 -1.1976896524429319 -0.56186982989311207 0.78961768746376049 -0.0066562783904373637 -0.56865572929382313 0.41756792366504675 -0.93772524595260609 -0.047471266239881509 -0.43961028754711146 -0.67826673388481129 0.11722877249121667 -0.047481721267104142 3.2509608268737797 2.3750380277633671 -0.81981548666954029 -0.0086820246651768667 0.17274641245603564 -0.36886328458786005 1.8097587227821352 0.95806521177291881 1.339504659175873 1.2505256533622744
decision_type=2 2 2 2 2 2 2 2 2 2 2 2 2 2 2 2 2 2 2 2 2 2 2 2 2 2 2 2 2 2 2 2 2 2 2 2 2 2 2
left_child=-1 23 -3 -4 5 6 7 9 19 10 12 21 13 14 15 17 31 18 -5 -6 -10 22 32 33 25 26 -23 -27 -29 30 36 35 -11 -2 -26 -16 37 38 -19
right_child=1 2 3 4 8 -7 -8 -9 20 11 -12 -13 -14 -15 16 -17 -18 29 -20 -21 -22 24 -24 -25 34 27 -28 28 -30 -31 -32 -33 -34 -35 -36 -37 -38 -39 -40
leaf_value=0.74897394592945399 -0.017974201589822769 0.64506100754219076 -0.53064581803404376 0.92980141889664436 -0.21647424914721236 0.86274262795394119 -1.0667777631964002 0.65470097780227665 -0.12131087822573526 0.016241605920451027 0.84796562877794113 -0.69230897843837746 -0.3782625178496043 1.285941967368126 -0.31729064416885377 0.84093514972406891 -0.58395618349313738 0.0055793856486315227 -0.32875682667925443 -0.7927972507476807 0.47032131075859074 -0.042825111814520582 -0.5052081839396404 -0.62356470816809206 0.042634010985493659 -0.085225440507392169 0.54821399216540156 0.46977338731288915 -0.018483408984656519 -0.31351128414273266 0.40859911561012274 0.14583750421802202 -0.33037472854961053 -0.38725587226450447 -0.26349635163011648 0.023221155516803267 -0.20192754474500646 0.23861597829631398 -0.18198457908562637
leaf_weight=26 20 27 26 31 67 22 21 25 28 35 24 20 39 24 25 23 34 1006 29 20 20 22 26 23 20 149 20 20 52 20 20 30 22 20 48 20 29 28 55
leaf_count=26 20 27 26 31 67 22 21 25 28 35 24 20 39 24 25 23 34 1006 29 20 20 22 26 23 20 149 20 20 52 20 20 30 22 20 48 20 29 28 55
internal_value=-8.53782e-10 -0.00889193 0.00139787 -0.0068778 -0.00031176 0.0122246 0.00246378 0.0143066 -0.18037 0.0057498 0.0351263 -0.0915176 0.0213201 0.032662 0.0103815 0.0297842 -0.210525 0.0144669 0.321498 -0.348962 0.125203 -0.0624939 -0.238978 -0.356295 -0.0182395 0.021893 0.238622 -0.0192953 0.117143 -0.00144144 0.00404309 -0.0412362 -0.11754 -0.202615 -0.173458 -0.165952 -0.00319404 0.00209822 -0.00414353
internal_weight=2216 2190 2127 2100 2074 1939 1917 1896 135 1871 1437 434 1413 1374 1350 1241 109 1218 60 87 48 414 83 63 331 263 42 221 72 1158 1138 75 57 40 68 45 1118 1089 1061
internal_count=2216 2190 2127 2100 2074 1939 1917 1896 135 1871 1437 434 1413 1374 1350 1241 109 1218 60 87 48 414 83 63 331 263 42 221 72 1158 1138 75 57 40 68 45 1118 1089 1061
is_linear=0
shrinkage=0.05


Tree=156
num_leaves=40
num_cat=0
split_feature=29 30 30 30 30 25 30 27 31 22 18 17 7 7 3 26 27 5 15 26 7 24 6 6 3 0 4 27 33 11 13 16 20 4 3 0 23 10 29
split_gain=5724.78 3312.5 4686.12 2960.08 6481.92 3342.46 3062.19 2623.24 1766.7 1441.25 2542.4 7073.66 1271.81 5682.56 1896.83 1868.65 1565.72 6717.19 1050.96 860.45 1200.3 753.562 672.443 753.327 537.158 4385.86 708.358 697.445 1453.47 687.985 2808.57 1013.93 1619.9 887.231 2138.79 1578.51 722.088 1587.45 1343.32
threshold=3.2934920787811284 -0.88363802433013905 -0.7744469642639159 1.3463437557220461 1.0567454695701601 -1.6367047429084776 0.9120679795742036 -1.9179521799087522 2.9253710508346562 2.3331806659698491 1.8405267000198366 1.7536767125129702 1.2180948853492739 1.1032164096832278 0.92474040389060985 1.3244962692260744 -1.1976896524429319 -0.32840529084205622 1.7542692422866824 1.6058637499809267 1.6315463185310366 -1.1411579251289365 2.872025847434998 2.3298573493957524 -0.16595152020454404 -0.6044267714023589 2.0167883634567265 -0.63516500592231739 -0.047477569431066506 -0.16188473254442212 -0.24041456729173658 0.093140266835689559 -0.14573188126087186 0.40312792360782629 1.2217007875442507 0.19599900394678119 0.36565770208835607 0.57539084553718578 -0.03583832643926143
decision_type=2 2 2 2 2 2 2 2 2 2 2 2 2 2 2 2 2 2 2 2 2 2 2 2 2 2 2 2 2 2 2 2 2 2 2 2 2 2 2
left_child=1 7 -3 4 5 -4 8 -1 9 10 11 12 13 15 19 16 17 -7 -12 20 -14 -9 23 24 26 -26 -18 28 -27 30 31 32 33 35 -35 -29 -31 38 -38
right_child=-2 2 3 -5 -6 6 -8 21 -10 -11 18 -13 14 -15 -16 -17 22 -19 -20 -21 -22 -23 -24 -25 25 27 -28 29 -30 36 -32 -33 -34 34 -36 -37 37 -39 -40
leaf_value=-0.76692907810211186 0.76803156075378265 0.67020559528699286 -0.60097951212007072 0.5854269490355537 -0.8281307741378745 0.75274624724552275 0.56661153746147952 0.087992377579212189 0.46602985531091695 0.29467389140373623 -0.058278405442833907 0.90999168583324974 -0.047959031346475799 0.65873206593096256 -0.59789438127052219 -0.46142868425535122 0.015764561637422479 -0.24954095989465716 -0.51263402280530757 0.077084146561671285 -0.51092746456464133 -0.30305019095540048 0.21698339181641738 -0.31944699031966078 -0.73066844745822579 0.056090193603074913 -0.21687384681666599 0.058229756483601208 -0.40972617265275296 -0.13371398790601505 0.46495653978415902 -0.26725729031159595 0.45509377598762513 0.54068325502531867 -0.18178941115736963 -0.27285740102330841 0.55358790174126626 -0.13457372054895933 0.039908196819680081
leaf_weight=24 24 26 23 21 24 32 24 22 20 39 20 21 42 32 21 23 870 35 35 49 21 28 30 21 23 33 34 90 34 162 35 34 20 21 20 60 20 68 35
leaf_count=24 24 26 23 21 24 32 24 22 20 39 20 21 42 32 21 23 870 35 35 49 21 28 30 21 23 33 34 90 34 162 35 34 20 21 20 60 20 68 35
internal_value=1.01418e-09 -0.0084091 0.00307985 -0.00521139 -0.0112005 -0.0016224 0.00518847 -0.337241 -0.0015486 -0.00627162 -0.0123184 -0.0025463 -0.0128215 -0.00137976 -0.161823 -0.0138054 -0.00766625 0.229163 -0.347414 -0.0800592 -0.202282 -0.130991 -0.0175219 -0.0219745 -0.0179675 -0.0524471 0.00701489 -0.0277649 -0.180294 -0.0096774 0.0459871 -0.0138656 0.0269653 -0.017865 0.188258 -0.0742051 -0.0643654 0.0269718 0.226701
internal_weight=2216 2192 2118 2092 2071 2047 2024 74 2000 1980 1941 1886 1865 1732 133 1700 1677 67 55 112 63 50 1610 1580 1559 655 904 632 67 565 280 245 211 191 41 150 285 123 55
internal_count=2216 2192 2118 2092 2071 2047 2024 74 2000 1980 1941 1886 1865 1732 133 1700 1677 67 55 112 63 50 1610 1580 1559 655 904 632 67 565 280 245 211 191 41 150 285 123 55
is_linear=0
shrinkage=0.05


Tree=157
num_leaves=40
num_cat=0
split_feature=27 18 29 15 13 29 27 0 30 25 7 5 30 3 17 17 29 5 5 13 0 17 14 8 13 12 6 6 29 13 11 22 30 28 15 15 29 30 21
split_gain=5842.53 4880.43 14500.1 8909.92 2578.14 3676.14 2350.15 19005.6 13256 8219.4 4382.1 21062.2 4141.23 2331.32 2041.49 1905.54 1689.63 2574.16 1687.37 1493.43 1250.86 851.216 1360.89 906.563 818.389 2063.26 963.963 2087.59 692.005 583.587 556.983 488.099 471.402 830.771 663.39 2497.74 3571.62 980.18 1189.19
threshold=-2.1934885978698726 -1.2136644124984739 3.2934920787811284 -1.1636229157447813 -1.3370534777641294 0.32382850348949438 -0.58386245369911183 1.4164023995399477 0.68561020493507396 -1.0298155546188352 1.5819175839424136 -0.38517582416534418 1.0098809599876406 2.6286451816558842 1.7914411425590517 -1.4685845971107481 -0.0086820246651768667 -0.3808088600635528 -0.39172627031803126 -1.1782376766204832 0.21424335986375811 0.38609384000301367 1.5510139465332033 1.3023713231086733 -0.95354408025741566 -0.92192900180816639 2.9755042791366582 2.2540702819824223 0.58843475580215465 -1.0021973252296446 -1.0942646265029905 -0.25100468099117274 0.73168373107910167 0.5095762610435487 0.28690831363201147 0.20969139039516452 0.10554993525147439 0.49311739206314092 0.11068857461214067
decision_type=2 2 2 2 2 2 2 2 2 2 2 2 2 2 2 2 2 2 2 2 2 2 2 2 2 2 2 2 2 2 2 2 2 2 2 2 2 2 2
left_child=-1 2 4 -3 5 -2 7 8 9 -5 12 -12 13 14 24 19 21 -18 -16 -6 -17 23 -23 31 29 -26 27 28 32 30 -8 -11 34 -34 35 37 -37 38 -27
right_child=1 3 -4 6 15 -7 10 -9 -10 16 11 -13 -14 -15 18 20 17 -19 -20 -21 -22 22 -24 -25 25 26 -28 -29 -30 -31 -32 -33 33 -35 -36 36 -38 -39 -40
leaf_value=0.64088398958955495 -0.14266894380020542 1.0402757652458692 -1.4466277332045139 0.9315951194241644 -0.76061330686012907 0.59350708137665487 -0.25525067623319297 1.5793553508108571 1.2467212290281342 0.041487677356185901 -0.33675314558341224 1.7081104803830387 -0.62953559735725673 -0.53704745634035633 -0.082469304231926804 0.0040281211535135907 -0.080907018586646687 -0.69047271013259892 -0.64392731215642851 -0.1755960162729025 -0.39285467487794384 -0.49070826721191407 -0.024774287184256883 0.32842776952311398 0.42878585883549286 0.059647462612438001 -0.29009491224484196 0.50821915417909624 -0.13490585724717563 -0.36312929780586911 0.016414631916968913 -0.14946686604784595 -0.048928062724215647 0.40134716108441354 -0.044969585017130081 0.001128003287773866 0.88987842941656714 -0.23126785444413744 -0.13935446974052035
leaf_weight=35 43 21 22 20 24 28 29 21 21 88 34 20 29 22 32 75 43 29 23 20 27 25 42 20 28 408 29 20 97 23 54 54 21 20 490 26 20 41 92
leaf_count=35 43 21 22 20 24 28 29 21 21 88 34 20 29 22 32 75 43 29 23 20 27 25 42 20 28 408 29 20 97 23 54 54 21 20 490 26 20 41 92
internal_value=4.05562e-11 -0.0102847 -0.223489 0.0159542 -0.0994847 0.147654 0.00475651 0.11933 0.0296794 -0.0499401 -0.0219381 0.420604 -0.0378272 -0.0261937 -0.0184588 -0.219669 -0.115158 -0.326427 -0.317261 -0.494696 -0.101029 -0.0487335 -0.19863 0.0132609 -0.00670333 0.00425433 -0.00514985 0.00154117 -0.00679921 -0.140263 -0.0785046 -0.0311288 0.00431559 0.170718 -0.00201915 0.0338338 0.387541 0.00375891 0.0230311
internal_weight=2216 2181 239 1942 217 71 1921 363 342 321 1558 54 1504 1475 1453 146 301 72 55 44 102 229 67 162 1398 1292 1264 1235 1215 106 83 142 1118 41 1077 587 46 541 500
internal_count=2216 2181 239 1942 217 71 1921 363 342 321 1558 54 1504 1475 1453 146 301 72 55 44 102 229 67 162 1398 1292 1264 1235 1215 106 83 142 1118 41 1077 587 46 541 500
is_linear=0
shrinkage=0.05


Tree=158
num_leaves=40
num_cat=0
split_feature=29 21 22 16 19 30 6 4 29 17 33 31 11 11 3 15 27 29 28 29 7 5 27 28 7 29 29 8 7 15 29 30 27 5 27 6 22 29 17
split_gain=6094.3 3347.73 6025.96 2783 4584.49 4566.67 1832.1 2789.08 1834.43 14844.7 4329.96 7089.04 1799.39 6322.49 2386.18 1534.82 1508.96 1872.77 1348.64 1222.85 1194.22 1075.29 1046.93 984.989 950.658 852.351 798.851 640.053 1417.91 1132.23 623.287 1636.78 1618.63 589.453 555.681 525.276 1604.29 636.878 521.473
threshold=3.2934920787811284 -1.6905580163002012 -1.6769025325775144 -1.043636620044708 -1.0584476590156553 1.0098809599876406 2.9755042791366582 2.1403487920761113 -0.44785918295383448 1.8931055068969729 -0.047474030405282967 1.0250321030616762 1.3433995842933657 1.2277661561965945 0.90682631731033336 0.50460931658744823 -0.91746291518211354 -0.077669773250818239 -1.0641618371009824 -0.49694004654884333 0.89212873578071605 -0.41137760877609247 1.0000000180025095e-35 -0.88334164023399342 1.0434747934341433 -0.21035738289356229 -0.057934071868658059 -1.1999563574790952 -1.0877574682235716 -1.4089726209640501 -0.36237570643424982 0.11983910948038103 0.050183769315481193 -0.1056900918483734 0.29725579917430883 1.3081901073455813 0.35531395673751837 1.1304740905761721 -0.012656976934522389
decision_type=2 2 2 2 2 2 2 2 2 2 2 2 2 2 2 2 2 2 2 2 2 2 2 2 2 2 2 2 2 2 2 2 2 2 2 2 2 2 2
left_child=1 -1 -3 16 -5 6 7 8 9 10 15 -12 13 18 22 19 17 33 -10 20 -6 -17 26 27 30 -26 -14 29 -29 -18 31 38 -33 -4 -8 37 -37 -32 -20
right_child=-2 2 3 4 5 -7 34 -9 12 -11 11 -13 14 -15 -16 21 23 -19 24 -21 -22 -23 -24 -25 25 -27 -28 28 -30 -31 35 32 -34 -35 -36 36 -38 -39 -40
leaf_value=-0.58396283662319182 0.79243134390562775 0.74025953406537026 -0.29890231224588859 0.72791231149299584 -0.13015871746371491 0.60358358515847121 -0.50613128865758583 0.58694468341767791 -0.42488496949275334 1.3876363286659832 0.96618868699297311 -0.13137502016559724 0.078469050520410144 0.84708390633265174 -0.68702213411981417 -0.090108521021902574 0.065617291268074154 -0.62911167591810235 -0.18770827192014883 0.35722132012957619 0.27710562149401413 -0.46152277032011435 -0.43157729327678684 -0.3343983040287577 -0.0082672559469938282 -0.45022928565740589 -0.27896952493624255 0.40060888578494391 -0.059988565092737027 -0.36261340919239771 -0.00072129400207437109 -0.21123251872403281 0.41727525077760225 -0.0093570224940776828 -0.1631962374697819 -0.40549782892239511 0.15367983022461768 0.28403363466262815 -0.51300578225742688
leaf_weight=25 24 27 39 22 99 31 21 20 21 21 28 31 54 21 22 40 33 32 28 21 22 38 20 29 20 24 22 24 55 29 1079 21 20 32 27 29 23 20 22
leaf_count=25 24 27 39 22 99 31 21 20 21 21 28 31 54 21 22 40 33 32 28 21 22 38 20 29 20 24 22 24 55 29 1079 21 20 32 27 29 23 20 22
internal_value=5.30159e-10 -0.00867626 -0.00203935 -0.0114048 0.0103988 0.00184312 -0.00844021 -0.00015599 -0.00688108 0.105637 0.00914233 0.389503 -0.0302251 -0.013599 -0.217339 -0.0928634 -0.160516 -0.311536 -0.0274278 0.0050159 -0.0561107 -0.271054 -0.109704 -0.069016 -0.0209375 -0.249337 -0.025 -0.0144339 0.0799398 -0.134684 -0.012846 -0.138817 0.0953566 -0.168403 -0.31323 -0.00288654 -0.158169 0.00446078 -0.330839
internal_weight=2216 2192 2167 2140 1867 1845 1814 1766 1746 300 279 59 1446 1328 118 220 273 103 1307 142 121 78 96 170 1286 44 76 141 79 62 1242 91 41 71 48 1151 52 1099 50
internal_count=2216 2192 2167 2140 1867 1845 1814 1766 1746 300 279 59 1446 1328 118 220 273 103 1307 142 121 78 96 170 1286 44 76 141 79 62 1242 91 41 71 48 1151 52 1099 50
is_linear=0
shrinkage=0.05


Tree=159
num_leaves=40
num_cat=0
split_feature=15 20 21 18 29 30 12 5 6 4 15 17 6 5 7 7 11 11 27 13 13 26 5 6 33 22 19 27 10 31 31 29 29 23 0 13 4 29 22
split_gain=5765.15 5855.62 2844.96 31749.6 5245.31 3310.18 1773.56 3132.45 1713.66 2534.06 1617.45 8105.33 1617.38 1151.4 1113.47 5082.71 1515.02 1469.34 1322.73 1253.91 862.971 949.888 758.579 614.054 959.818 889.635 575.68 517.979 503.33 476.825 1426.84 908.169 1635.34 543.069 488.332 486.125 483.902 1202.54 1944.63
threshold=-1.584319472312927 -1.6251678466796873 -1.056096017360687 -1.0568026304244993 2.0162298083305363 1.0098809599876406 -1.3265537619590757 -0.42447850108146662 2.9755042791366582 2.1403487920761113 2.1951055526733403 1.8931055068969729 2.2832190990448002 -0.35242359340190882 1.2180948853492739 1.1032164096832278 1.1336319446563723 1.7405065298080447 -1.1536921858787534 1.4338148832321169 -1.2825429439544676 -0.91640719771385182 -0.010708616115152834 -0.14196520298719403 -0.047466970980167382 -1.469295799732208 -1.2594140768051145 0.29725579917430883 1.9728446602821352 0.86960539221763622 0.77221661806106578 -0.5066140592098235 -0.44785918295383448 0.6718115806579591 -0.53842517733573902 -0.048472605645656579 0.55250677466392528 0.029149958863854412 -0.46897278726100916
decision_type=2 2 2 2 2 2 2 2 2 2 2 2 2 2 2 2 2 2 2 2 2 2 2 2 2 2 2 2 2 2 2 2 2 2 2 2 2 2 2
left_child=-1 -2 4 -4 6 8 7 -3 9 10 11 12 14 -12 15 16 18 19 -5 22 -8 23 -16 24 -22 -25 -26 -10 -19 30 31 34 -33 -31 -20 -36 -34 -38 -39
right_child=1 2 3 5 -6 -7 20 -9 27 -11 13 -13 -14 -15 17 -17 -18 28 29 -21 21 -23 -24 25 26 -27 -28 -29 -30 33 -32 32 36 -35 35 -37 37 38 -40
leaf_value=0.60254191813560631 -0.78747680385907493 -0.17058384922834546 2.0016606736183169 -0.40924681229960352 -0.93067175348143794 0.50288791325874627 -0.43331151070694135 0.6617344724386931 -0.4818733253939585 0.55759744539856915 -0.098995109015341975 0.74231945450107262 0.40984799455512655 -0.5797775933519006 -0.046933890403940894 0.59509043800918493 -0.3482986778872354 0.24184583997353915 -0.022714620381593706 -0.63654419362545012 0.027802296131849293 -0.3320970290526748 -0.40898516748262487 -0.094187971705506593 -0.43303652171577722 0.33313099504226734 -0.099320079782046378 -0.1550364269702523 -0.072587581934141263 -0.046376045380647372 0.39311663255743357 0.34714837125369485 -0.01331746981987883 -0.27827845596033951 -0.32565775521631757 -0.062130909965684017 -0.088438622112952031 -0.17916764169931412 0.40948865743393592
leaf_weight=39 24 26 20 21 20 32 24 20 22 20 33 36 22 20 39 34 35 20 60 20 50 40 23 29 28 21 24 27 35 195 23 35 880 29 42 30 51 20 47
leaf_count=39 24 26 20 21 20 32 24 20 22 20 33 36 22 20 39 34 35 20 60 20 50 40 23 29 28 21 24 27 35 195 23 35 880 29 42 30 51 20 47
internal_value=1.37944e-10 -0.0107943 -0.00213641 0.0201774 -0.150183 -0.00123249 -0.0906036 0.191294 -0.010101 -0.0020263 -0.008422 7.30073e-05 -0.0160142 -0.280422 -0.0217305 -0.00928405 -0.0232818 -0.158187 -0.0153435 -0.292292 -0.150637 -0.115303 -0.181243 -0.0582519 -0.128614 0.085286 -0.279014 -0.30178 0.0417518 -0.00948519 0.00313158 -0.0045677 0.011213 -0.0763991 -0.128064 -0.215855 -0.000568266 0.0945105 0.23377
internal_weight=2216 2177 2153 1871 282 1851 262 46 1819 1770 1750 1697 1661 53 1639 1502 1468 137 1433 82 216 192 62 152 102 50 52 49 55 1412 1188 1165 1033 224 132 72 998 118 67
internal_count=2216 2177 2153 1871 282 1851 262 46 1819 1770 1750 1697 1661 53 1639 1502 1468 137 1433 82 216 192 62 152 102 50 52 49 55 1412 1188 1165 1033 224 132 72 998 118 67
is_linear=0
shrinkage=0.05


Tree=160
num_leaves=40
num_cat=0
split_feature=29 21 22 6 13 4 23 23 27 3 3 27 0 30 30 33 4 22 8 33 27 26 27 26 12 17 30 22 26 23 6 6 18 9 24 24 33 27 14
split_gain=5441.32 3331.77 5826.42 2518.58 4233.2 26150.1 8282.36 19860.8 3385.85 2049.73 6380.44 12584 3146.13 2204.84 1964.18 1885.34 1717.8 1525.26 1466.63 1597.65 1812.04 1785.98 2070.84 1388.56 2387.19 1650.69 1998.77 1150.95 1086.62 4786.31 1082.36 963.513 876.99 853.912 811.778 1160.81 3390.8 3891.38 1737.76
threshold=3.2934920787811284 -1.6905580163002012 -1.6769025325775144 -0.4392834603786468 0.89478415250778209 0.58816099166870128 1.1383608579635622 1.0408725142478945 -1.1976896524429319 -0.16595152020454404 -0.27481402456760401 0.32900458574295049 -0.61802062392234791 0.86204820871353161 0.9120679795742036 -0.047483224421739571 2.1268247365951543 -1.6105053424835203 0.95140758156776439 -0.047462342306971543 1.0000000180025095e-35 -0.69132441282272328 0.16085347533226016 -0.4267969131469726 -0.30952669680118555 -0.16467360407114026 0.13509841263294223 0.77010071277618419 -0.083055350929498659 -0.10121124610304831 1.3081901073455813 2.3750380277633671 1.1009592413902285 -0.56202164292335499 0.70385780930519115 -0.024916724301874634 -0.047486646100878709 -0.21655220538377759 0.11632414907217027
decision_type=2 2 2 2 2 2 2 2 2 2 2 2 2 2 2 2 2 2 2 2 2 2 2 2 2 2 2 2 2 2 2 2 2 2 2 2 2 2 2
left_child=1 -1 -3 4 8 6 7 -6 -4 10 34 -12 -11 18 16 -8 17 -5 19 21 -21 22 -14 -23 -25 26 -26 -27 29 30 -19 -30 -29 -32 35 -10 38 -38 -37
right_child=-2 2 3 14 5 -7 15 -9 9 12 11 -13 13 -15 -16 -17 -18 28 -20 20 -22 23 -24 24 25 27 -28 32 31 -31 33 -33 -34 -35 -36 36 37 -39 -40
leaf_value=-0.5821117582321168 0.74877602513879538 0.7283280123990995 0.59214878236146073 -0.39163142021279784 -0.17658936532044955 1.5079310166046902 -0.15425884667261294 1.63648262626451 -0.045949729397479037 -0.69771668285131461 1.5496538920514287 -0.22404376849532129 0.6362731243794163 -0.57587257362902167 -0.53348926053099011 -0.66644845171408218 -0.51145782229446224 0.017801053759337652 -0.46217377096414564 -0.49313573263147303 -0.067784996871885508 -0.24396783092231222 -0.043609964860869307 0.47577701881527901 -0.042292433592956515 -0.13099912339972483 0.5479139643792923 0.36681349669461666 -0.072486304189145229 0.77325351059436809 -0.083441092464185906 -0.33761073665105201 -0.080096516722724553 -0.48038824170827871 -0.30976935740560296 0.36590074896812441 0.015480745434761049 0.9899966587179474 -0.152692387763943
leaf_weight=25 24 27 23 32 44 34 98 23 252 20 20 20 24 20 23 22 21 303 20 34 95 56 21 27 32 185 26 23 349 20 42 38 21 20 20 21 20 21 70
leaf_count=25 24 27 23 32 44 34 98 23 252 20 20 20 24 20 23 22 21 303 20 34 95 56 21 27 32 185 26 23 349 20 42 38 21 20 20 21 20 21 70
internal_value=5.43002e-10 -0.00819828 -0.00157722 -0.0107863 0.0331585 0.232396 0.000480938 0.445808 -0.00795404 -0.0211242 0.0604335 0.662805 -0.0810773 -0.0599595 -0.07774 -0.24816 -0.0650342 -0.0533739 -0.0416647 -0.0262048 -0.179893 0.0215681 0.318994 -0.0146053 0.0263001 -0.0159852 0.222283 -0.0763326 -0.0393529 0.0201208 -0.0211468 -0.0985192 0.153516 -0.211489 0.000792758 0.0169679 0.137083 0.514623 -0.033017
internal_weight=2216 2192 2167 2140 1292 221 187 67 1071 1048 444 40 604 584 848 120 825 804 564 544 129 415 45 370 314 287 58 229 772 385 365 387 44 62 404 384 132 41 91
internal_count=2216 2192 2167 2140 1292 221 187 67 1071 1048 444 40 604 584 848 120 825 804 564 544 129 415 45 370 314 287 58 229 772 385 365 387 44 62 404 384 132 41 91
is_linear=0
shrinkage=0.05


Tree=161
num_leaves=40
num_cat=0
split_feature=30 6 27 22 30 30 30 30 14 14 11 23 3 0 27 7 15 6 6 24 33 30 7 28 16 15 16 15 17 16 20 15 2 30 26 26 8 26 12
split_gain=5460.01 3082.22 4500.43 2343.36 2291.49 5965.43 2684.96 1540.32 1693.81 14405.9 3066.98 7735.42 3326.94 2806.73 2352.09 9571.63 1908.64 1680.89 1627.83 1612.66 1020.14 947.132 930.082 840.524 782.607 655.171 816.957 3454.93 948.415 1357.03 1951.52 820.142 1621.54 1180.16 769.291 4309.31 920.985 1593.62 880.599
threshold=-2.4608415365219112 4.711318016052247 -1.8494415283203123 -1.6634678840637205 1.3463437557220461 1.0567454695701601 0.9120679795742036 -0.65878006815910328 1.5888023972511294 1.4663060307502749 1.0874515175819399 1.0408725142478945 2.5976400375366215 0.67857974767684948 -1.1976896524429319 -0.56186982989311207 1.8295560479164126 2.872025847434998 2.3298573493957524 -0.66599541902542103 -0.047482984140515321 -0.55049610137939442 -1.0036913752555845 1.6180556416511538 1.1102374196052553 -0.832698494195938 -0.63082122802734364 -0.59217041730880726 -0.57772862911224354 -0.50446477532386769 -0.49013903737068171 -0.74974083900451649 1.0000000180025095e-35 0.0099871689453721064 -0.27762223780155176 -0.25226458907127375 -0.3808585107326507 -0.4267969131469726 -0.27101349830627436
decision_type=2 2 2 2 2 2 2 2 2 2 2 2 2 2 2 2 2 2 2 2 2 2 2 2 2 2 2 2 2 2 2 2 2 2 2 2 2 2 2
left_child=-1 2 3 -2 5 6 7 19 9 10 11 12 14 24 15 -9 17 18 21 22 23 -16 -4 -10 -12 -23 27 31 -28 30 -30 32 -27 -33 36 -36 37 -31 -37
right_child=1 -3 4 -5 -6 -7 -8 8 20 -11 13 -13 -14 -15 16 -17 -18 -19 -20 -21 -22 25 -24 -25 -26 26 28 -29 29 34 -32 33 -34 -35 35 38 -38 -39 -40
leaf_value=0.72030611485242846 -0.75477115248640381 0.60931528050452477 -0.23164163369398852 -0.12445888272647201 0.51748647434370854 -0.80822998855424977 0.52725182647506397 0.99865662209116501 -0.02656325893870122 1.2599260477916054 0.045099772814963315 0.99395319566130635 0.5773534858822823 -0.73986495484908421 0.2749749644049283 -0.38604352685312432 -0.43913332751164075 0.39147523575677323 -0.46206988930702214 -0.53773082317068022 -0.50592390179634095 -0.088537767967667255 0.14606676670955496 -0.36883581603566806 -0.27590796529100492 0.43733278028666978 -0.26489715700348221 0.67585744138645099 0.61728354821957299 -0.082018113800303175 -0.030767723917961121 0.17335257359913417 -0.17225916907191277 -0.29593968343090371 0.7324739554524422 0.30134102722460576 -0.21630047632460583 0.38716100415303595 -0.019447178318712517
leaf_weight=26 30 20 39 29 21 23 24 26 71 23 37 20 25 24 29 24 26 26 20 26 20 244 28 24 39 24 36 23 21 131 26 21 20 37 20 22 94 21 776
leaf_count=26 30 20 39 29 21 23 24 26 71 23 37 20 25 24 29 24 26 26 20 26 20 244 28 24 39 24 36 23 21 131 26 21 20 37 20 22 94 21 776
internal_value=-4.54335e-10 -0.00855158 -0.0142462 -0.444957 -0.00220835 -0.00743016 0.00148053 -0.00469593 0.00478531 0.0164512 0.000667545 0.0163891 0.00483393 -0.268485 -0.00375215 0.334001 -0.014196 -0.00725166 -0.0138759 -0.203496 -0.181361 -0.00807401 -0.0737933 -0.113032 -0.119628 -0.0134885 0.000907697 0.122289 -0.0123205 -0.00413616 0.258787 -0.00253491 0.160246 -0.126024 -0.0157502 0.00756476 -0.0932774 -0.0171973 -0.0106034
internal_weight=2216 2190 2170 59 2111 2090 2067 2043 1950 1835 1812 1712 1692 100 1667 50 1617 1591 1565 93 115 1545 67 95 76 1516 1272 125 1147 1111 47 102 44 58 1064 818 246 152 798
internal_count=2216 2190 2170 59 2111 2090 2067 2043 1950 1835 1812 1712 1692 100 1667 50 1617 1591 1565 93 115 1545 67 95 76 1516 1272 125 1147 1111 47 102 44 58 1064 818 246 152 798
is_linear=0
shrinkage=0.05


Tree=162
num_leaves=40
num_cat=0
split_feature=9 16 21 20 29 30 18 12 5 20 22 16 17 3 24 4 12 3 17 30 12 6 6 14 24 9 3 0 5 5 5 30 30 27 11 27 15 7 5
split_gain=5442.61 21173.2 3556.86 29123.8 3606.72 3369.12 2138.22 1955.25 1813.43 1401.95 6362.97 2667.19 4295.11 1481.76 21049.2 2916.44 1759.86 2065.1 1299.45 1297.78 1089.44 1039.53 1380.94 1026.8 965.953 903.43 1240.48 757.022 703.271 3712.74 753.51 847.673 1187.19 743.139 567.667 673.958 743.887 558.589 545.649
threshold=-1.4307110905647276 -1.5978951454162595 -1.056096017360687 -1.0417166352272031 2.0162298083305363 1.0098809599876406 -1.5910865664482114 -1.3265537619590757 -0.57513877749443043 2.2636622190475468 2.079553604125977 1.8878852128982546 1.7536767125129702 1.6654188036918642 0.9187980890274049 2.0573604106903081 0.91939166188240062 0.90682631731033336 -0.99682492017745961 0.63923692703247081 1.7689762711524966 2.9755042791366582 2.1986874341964726 1.4663060307502749 0.9187980890274049 -0.49795934557914728 1.8135544657707217 -0.45704109966754908 0.82119813561439525 1.1476287245750429 0.082089379429817214 -0.31357385218143458 -0.27151162922382349 -0.5767020285129546 -1.235800504684448 -0.90070486068725575 -1.2591415047645567 0.49783511459827429 -0.34696488082408899
decision_type=2 2 2 2 2 2 2 2 2 2 2 2 2 2 2 2 2 2 2 2 2 2 2 2 2 2 2 2 2 2 2 2 2 2 2 2 2 2 2
left_child=-1 -2 4 -4 6 9 -3 8 -8 10 11 12 13 16 15 25 18 20 -5 34 23 22 28 24 -18 -15 -27 -26 30 -30 31 -20 -33 -32 -9 -36 -37 -31 -11
right_child=1 2 3 5 -6 -7 7 19 -10 38 -12 -13 -14 14 -16 -17 17 -19 21 -21 -22 -23 -24 -25 27 26 -28 -29 29 37 33 32 -34 -35 35 36 -38 -39 -40
leaf_value=-0.6473515566438437 1.5894801749359995 -0.591735962304202 1.9172519421577456 -0.3658102466762066 -0.79941812682719471 0.50755753517150881 -0.093882036358118065 -0.33105295734561008 0.57943616643548013 -0.13413084053567478 0.88403492202982314 -0.48840285761859914 0.72358744151890286 0.22492259966675193 1.4698887130171061 -0.65376717466861012 -0.39237148603424432 -0.60288383141160018 -0.13013048826144377 -0.52180067658424378 0.11728889186491781 -0.32783616849531733 0.41651158601045613 -0.46623489856719974 -0.15799057737138927 -0.41281131235035984 0.0064832642653517517 0.1414754840027955 0.73451112568378452 -0.062448520838529212 -0.37423171463112037 0.36460476480424409 0.0079191757140489091 -0.070661006187872286 -0.18111626876311171 0.25584715557098392 -0.062494100371132726 0.23059593372046949 -0.47607365086674691
leaf_weight=32 21 22 20 25 21 32 20 23 20 28 20 29 20 32 25 20 24 24 109 20 41 24 20 25 51 22 89 36 20 87 24 24 834 126 72 25 69 20 20
leaf_count=32 21 22 20 25 21 32 20 23 20 28 20 29 20 32 25 20 24 24 109 20 41 24 20 25 51 22 89 36 20 87 24 24 834 126 72 25 69 20 20
internal_value=1.22772e-10 0.009485 -0.00585475 0.0194749 -0.168156 -0.00103051 -0.119238 -0.0774917 0.242777 -0.00997763 -0.00275108 -0.01288 -0.00487177 -0.0134318 0.11896 -0.0882372 -0.0298715 -0.16765 -0.00877985 -0.138787 -0.108635 -0.00184991 0.00433971 -0.176744 -0.111543 -0.00914206 -0.0766202 -0.0340736 -0.00228685 0.109206 -0.0149633 0.00121084 0.0178964 -0.119232 -0.0982566 -0.0660017 0.0221711 -0.00767386 -0.276607
internal_weight=2216 2184 2163 1871 292 1851 271 249 40 1819 1771 1751 1722 1702 188 163 1514 201 1313 209 177 1288 1264 136 111 143 111 87 1244 127 1117 967 858 150 189 166 94 107 48
internal_count=2216 2184 2163 1871 292 1851 271 249 40 1819 1771 1751 1722 1702 188 163 1514 201 1313 209 177 1288 1264 136 111 143 111 87 1244 127 1117 967 858 150 189 166 94 107 48
is_linear=0
shrinkage=0.05


Tree=163
num_leaves=40
num_cat=0
split_feature=28 6 7 30 30 30 29 3 0 15 11 26 29 4 30 18 3 0 10 27 31 33 33 22 3 27 27 30 28 21 14 17 11 13 16 20 11 11 16
split_gain=5422.65 15575.2 6482.84 4802.5 2427.23 2201.53 1902.99 2451.29 23100.1 8061.05 3479.08 8729.96 26101.8 2744.59 2042.13 1830.59 1827.04 1749.69 1453.74 1229.44 1193.67 1074.58 3744.73 900.285 896.222 1058.71 1491.57 981.927 865.583 2545.12 966.274 841.443 799.287 5027.49 830.24 1472.49 1048.38 1682.38 895.672
threshold=-1.5452485680580137 1.112892806529999 -1.3164669871330259 -2.4608415365219112 -1.3757219314575193 1.2409112453460696 0.45624069869518286 -0.094295192509889589 -0.58135303854942311 1.8629074692726137 1.3154855370521548 0.9546494483947755 -0.0086820246651768667 2.0991619825363164 0.9120679795742036 1.757795035839081 -0.15286046266555783 0.89286133646965038 -1.2564901709556577 -0.63516500592231739 -0.85590088367462147 -0.047462873160839074 -0.04745486564934253 -0.62284919619560231 -0.75918322801589955 -0.38315139710903162 -0.15071246773004529 0.15367031842470172 0.4660057276487351 0.62624451518058788 -0.45802585780620569 -0.12718012183904645 -0.1707700043916702 -0.24041456729173658 0.1098291613161564 -0.15640169382095334 -0.46645146608352656 -0.58524808287620533 -1.0655335187911985
decision_type=2 2 2 2 2 2 2 2 2 2 2 2 2 2 2 2 2 2 2 2 2 2 2 2 2 2 2 2 2 2 2 2 2 2 2 2 2 2 2
left_child=1 -1 3 -2 -4 6 7 15 -9 10 11 13 -13 19 21 16 17 18 -6 23 -17 -8 -23 -10 -20 -26 27 -27 30 -30 -28 -25 33 34 35 36 37 38 -21
right_child=2 -3 4 -5 5 -7 14 8 9 -11 -12 12 -14 -15 -16 20 -18 -19 24 32 -22 22 -24 31 25 26 28 -29 29 -31 -32 -33 -34 -35 -36 -37 -38 -39 -40
leaf_value=-0.28873445987701418 -1.0963513210415841 1.583272667825222 0.50445889085531237 -0.2042363735866578 0.40328837979584931 0.52078871160745621 -0.14856488496511797 1.7602096629142761 -0.35581557632256777 0.79891095764257702 -0.50228425995870074 -0.5014825667653765 2.0224189038015901 -0.57300607338547704 -0.60027837838445397 0.012118030786514283 -0.44992991900071505 0.43250184817747633 -0.061589957777473572 0.28871561812236907 -0.46096989665180443 0.62039098888635635 -0.16484481476399365 0.16578563058376314 -0.076082653748192675 0.62034749268066314 0.050484315731978806 0.13682690234411329 0.57151859892904766 -0.04635468429327011 -0.33425583195686343 -0.26932892709970474 -0.034264673230548701 0.8524572986364366 -0.21636704629467382 0.43722480678040054 -0.23667366802692413 0.48420039074761534 -0.086836237687762691
leaf_weight=25 22 20 24 48 20 20 196 20 39 33 33 21 20 22 21 20 24 22 630 20 40 22 49 25 116 21 47 21 25 50 25 20 249 20 31 23 34 21 77
leaf_count=25 22 20 24 48 20 20 196 20 39 33 33 21 20 22 21 20 24 22 630 20 40 22 49 25 116 21 47 21 25 50 25 20 249 20 31 23 34 21 77
internal_value=1.44043e-10 0.543269 -0.0112608 -0.484615 0.00451023 -0.00126675 -0.00634264 0.0130619 0.0851137 0.036419 -0.00199657 0.024546 0.729689 -0.0252145 -0.125532 -0.0350179 -0.0189386 -0.00835127 -0.0185071 -0.00365561 -0.303274 -0.0881929 0.0784677 -0.179985 -0.0275294 0.0428252 0.115806 0.378587 0.0407252 0.159603 -0.083106 -0.0275986 0.0275269 0.0956069 0.0221263 0.0643737 0.00795543 0.0784418 -0.00940287
internal_weight=2216 45 2171 70 2101 2077 2057 1769 708 688 655 622 41 581 288 1061 1001 977 955 559 60 267 71 84 935 305 189 42 147 75 72 45 475 226 206 175 152 118 97
internal_count=2216 45 2171 70 2101 2077 2057 1769 708 688 655 622 41 581 288 1061 1001 977 955 559 60 267 71 84 935 305 189 42 147 75 72 45 475 226 206 175 152 118 97
is_linear=0
shrinkage=0.05


Tree=164
num_leaves=40
num_cat=0
split_feature=30 28 22 16 28 30 24 6 4 29 22 33 7 8 5 23 19 20 20 17 7 7 31 29 29 8 18 33 12 17 33 33 29 0 22 25 28 17 28
split_gain=5904.05 2965.85 6001.53 2870.96 5269.6 3915.65 3155.89 1601.73 2479.05 1613.08 14428 4483.21 1769.6 5934.69 2060.01 1349.19 1012.88 928.868 849.287 815.992 1463.7 938.591 693.273 2222.86 1072.18 916.394 890.425 870.147 1628.21 1737.89 768.264 797.521 758.35 728.406 726.075 1018.22 702.402 2562.22 3780.51
threshold=-2.4608415365219112 -1.5968321561813352 -1.6769025325775144 -1.043636620044708 -1.2250468134880064 1.0098809599876406 -0.81174758076667775 2.9755042791366582 2.1403487920761113 -0.49694004654884333 1.4917302131652834 -0.047471635043621056 1.1276233196258547 1.1794789433479311 -0.13407536596059796 1.1995105743408205 -1.0293264985084531 -1.589679956436157 1.2315383553504946 0.49167969822883612 0.83773630857467662 0.94995784759521495 0.52946344017982494 -0.44785918295383448 -0.39011573791503901 0.75757864117622387 0.96812066435813915 -0.047472553327679627 -0.59154635667800892 -0.75296401977539051 -0.047474713996052735 -0.047476824373006814 -0.06245355308055877 -0.03849444538354873 -0.11874374747276305 0.21532672643661502 0.44649717211723333 0.393465206027031 0.58985432982444774
decision_type=2 2 2 2 2 2 2 2 2 2 2 2 2 2 2 2 2 2 2 2 2 2 2 2 2 2 2 2 2 2 2 2 2 2 2 2 2 2 2
left_child=-1 -2 -3 6 -5 7 17 8 9 10 11 19 13 15 -14 16 -11 -4 -16 20 -6 -21 23 -18 -24 26 32 30 29 -29 31 36 34 -31 -26 -36 -25 38 -38
right_child=1 2 3 4 5 -7 -8 -9 -10 12 -12 -13 14 -15 18 -17 22 -19 -20 21 -22 -23 24 27 25 -27 -28 28 -30 33 -32 -33 -34 -35 35 -37 37 -39 -40
leaf_value=0.74902360439300542 -0.46546746629556379 0.67816067091189325 -0.42873857900500295 0.74632589713049435 -0.13005316909930678 0.55777685238469032 -0.6397432716142748 -0.30023020404471978 0.55214240156114103 -0.31275993825069498 1.3983852130174637 0.49769774965337804 -0.058403632530208797 0.8459442764520646 -0.23764706589281559 -0.41011676639318467 0.47742620396614077 -0.072424399864503025 -0.65011481275925276 -0.074199280505999929 0.26957071093221507 -0.48464432587990403 -0.39482849637667339 -0.057083199087808616 -0.14769609582424165 -0.3360824443101883 0.27788383947766343 0.34075401588032644 0.52947687265418819 0.076216099832368933 -0.29598021106794475 0.21470236317499689 -0.11201284345785144 -0.29778261701265973 0.46241878014057874 0.017460589069459173 0.90053042583167553 -0.022460842928493839 -0.013840856918921838
leaf_weight=26 35 32 20 24 97 31 31 46 20 28 20 37 99 20 24 22 25 214 26 30 30 26 24 482 25 25 23 30 21 23 24 38 157 30 20 36 20 249 26
leaf_count=26 35 32 20 24 97 31 31 46 20 28 20 37 99 20 24 22 25 214 26 30 30 26 24 482 25 25 23 30 21 23 24 38 157 30 20 36 20 249 26
internal_value=9.37711e-10 -0.00889252 -0.00147715 -0.0117213 0.0102375 0.000604919 -0.165682 -0.00897485 -0.0013495 -0.00772246 0.112616 -0.0042725 -0.0270151 -0.00894154 -0.190527 -0.0218163 -0.0152753 -0.102879 -0.45213 -0.105764 -0.0356538 -0.264763 -0.00875762 0.0120825 -0.0738325 -0.0468958 -0.0191959 -0.00025431 0.136165 0.036652 -0.0171644 -0.00895388 -0.0479053 -0.135481 0.0763525 0.176374 -0.019892 0.0408746 0.383712
internal_weight=2216 2190 2155 2123 1858 1834 265 1803 1757 1737 240 220 1497 1348 149 1328 1306 234 50 183 127 56 1278 968 310 286 261 943 104 83 839 815 238 53 81 56 777 295 46
internal_count=2216 2190 2155 2123 1858 1834 265 1803 1757 1737 240 220 1497 1348 149 1328 1306 234 50 183 127 56 1278 968 310 286 261 943 104 83 839 815 238 53 81 56 777 295 46
is_linear=0
shrinkage=0.05


Tree=165
num_leaves=40
num_cat=0
split_feature=30 6 18 33 27 28 30 21 25 4 28 17 8 12 17 12 29 29 30 27 29 29 28 30 29 21 30 5 29 27 16 30 17 12 27 15 27 33 33
split_gain=5328.4 2785.04 4494.69 2850.88 1919.27 15259.8 4377.11 2435.79 9936.02 4708.22 18590.6 2473.44 2349.23 2108.81 1931.41 2038.23 1805.55 5950.55 7566.3 1910.63 1506.82 1366.41 2167.04 1324.04 1296.5 1075.76 1042.96 1404.31 1943.99 911.011 2294.79 1243.02 1206.8 879.252 2209.83 851.356 845.028 835.063 727.534
threshold=-2.4608415365219112 4.711318016052247 -1.5910865664482114 -0.047398863360285752 0.25011114776134497 1.6180556416511538 1.0098809599876406 0.62624451518058788 0.58964830636978161 1.8600328564643862 -0.11437208205461501 0.393465206027031 0.96793350577354442 0.99506542086601268 0.35513137280941015 -1.3265537619590757 0.094810806214809432 -0.0043747618328779927 0.20974023640155795 -1.1324552893638609 1.29120808839798 -0.048883771523833268 0.5568208396434785 1.0098809599876406 -0.35419803857803339 1.1611820459365847 -0.29523576796054835 0.82119813561439525 -0.4077103585004806 -0.036157628521323197 -0.50446477532386769 0.0032033097231760625 -0.032348794862627976 -0.92192900180816639 -0.14685618877410886 0.98048642277717601 -0.40951874852180475 -0.047474885359406464 -0.047486165538430207
decision_type=2 2 2 2 2 2 2 2 2 2 2 2 2 2 2 2 2 2 2 2 2 2 2 2 2 2 2 2 2 2 2 2 2 2 2 2 2 2 2
left_child=-1 2 3 -2 5 6 7 8 9 11 -11 14 20 -13 15 -4 17 26 -19 -18 23 24 -23 -6 25 -9 36 29 -29 31 -31 32 -28 34 -21 -26 -17 -33 -37
right_child=1 -3 4 -5 12 -7 -8 21 -10 10 -12 13 -14 -15 -16 16 19 18 -20 33 -22 22 -24 -25 35 -27 27 28 -30 30 -32 37 -34 -35 -36 38 -38 -39 -40
leaf_value=0.71157243194488384 -0.88746372642724403 0.57887727459892635 0.45235079564154151 -0.14756444790711007 -0.019503874846147719 1.2570555044412615 0.6525841435560813 -0.011554209148245198 1.1354266604408623 -0.3371342332969452 1.6162740254685994 -0.12344830103218557 -0.44921839949491088 -0.69572835737331351 0.46222167287183846 -0.060290389106622044 -0.58472654845565564 -0.014232752115830132 1.3155083180218936 -0.16155579690971683 -0.41236879130204518 -0.63537889776130518 -0.137074732799083 -0.42265052256130037 -0.10088017519530175 -0.40946981073780497 0.0034467001951905708 0.55413428651435037 -0.035053237314735142 0.50741304893184591 -0.1184950658120215 -0.07067271492716562 0.44111752808094029 -0.12076145127126625 0.5027385276697931 0.058344376575330203 -0.3806053814703021 -0.34633917338920361 0.44477622147117346
leaf_weight=26 23 20 24 30 675 25 26 35 20 29 21 60 38 22 23 71 20 23 20 31 27 30 80 21 35 33 63 28 28 27 32 164 21 232 21 29 29 33 21
leaf_count=26 23 20 24 30 675 25 26 35 20 29 21 60 38 22 23 71 20 23 20 31 27 30 80 21 35 33 63 28 28 27 32 164 21 232 21 29 29 33 21
internal_value=1.01144e-10 -0.00844789 -0.013861 -0.468653 -0.00247512 0.0331897 0.010202 -0.00259645 0.0317221 0.0101232 0.483297 -0.0142171 -0.066025 -0.276987 0.00999317 -0.00200367 -0.014939 0.0400154 0.604251 -0.112375 -0.0458848 -0.138566 -0.272976 -0.0316678 -0.0419308 -0.20466 -0.00890021 0.0275345 0.259541 -0.0106782 0.167937 -0.0481812 0.112864 -0.0791105 0.106717 0.0882527 -0.153182 -0.11685 0.220646
internal_weight=2216 2190 2170 53 2117 1356 1331 1305 1042 1022 50 972 761 82 890 867 843 539 43 304 723 263 110 696 153 68 496 396 56 340 59 281 84 284 52 85 100 197 50
internal_count=2216 2190 2170 53 2117 1356 1331 1305 1042 1022 50 972 761 82 890 867 843 539 43 304 723 263 110 696 153 68 496 396 56 340 59 281 84 284 52 85 100 197 50
is_linear=0
shrinkage=0.05


Tree=166
num_leaves=40
num_cat=0
split_feature=28 12 7 30 6 30 29 4 5 33 9 4 12 27 24 12 15 30 14 11 30 27 29 27 30 6 27 27 16 22 10 15 7 27 9 12 7 19 11
split_gain=5400.87 15239.3 6448.88 5113.17 2237.59 5218.04 6632.5 3766.53 3121.95 3959.28 3107.65 18847.2 4637.16 3775.82 1879.75 1653.45 1609.83 1435.04 1431.32 1406.04 1214.51 1111.41 1962.71 1351.53 1302.39 1199.02 1097.22 790.591 2664.21 1547.8 999.497 695.693 686.955 661.256 628.557 1769.34 2542.41 1023.15 1005.6
threshold=-1.5452485680580137 -0.7838660180568694 -1.3164669871330259 -2.4608415365219112 -0.43636856973171229 1.0098809599876406 1.29120808839798 2.0776464939117436 -0.3808088600635528 -0.047429881989955895 1.2217946052551272 0.44861778616905218 1.3774641752243044 -1.1976896524429319 -0.91190326213836659 -1.2313437461853025 1.7172574996948244 0.86204820871353161 0.98698854446411144 1.6160847544670107 -0.65878006815910328 -0.013289313763380049 -0.51274108886718739 0.045181393623352058 -0.29523576796054835 1.5763595104217532 -0.30422385036945337 0.6442432999610902 0.093140266835689559 -0.42892540991306299 -0.1929780766367912 1.8295560479164126 -0.57883545756340016 -0.33317387104034418 -0.40581667423248285 -0.36445645987987513 -0.30308943986892695 -0.041346823796629899 -0.222337931394577
decision_type=2 2 2 2 2 2 2 2 2 2 2 2 2 2 2 2 2 2 2 2 2 2 2 2 2 2 2 2 2 2 2 2 2 2 2 2 2 2 2
left_child=1 -1 3 -2 5 6 7 10 9 17 13 12 -12 -4 15 -10 18 21 20 -14 -15 25 -23 -24 -25 33 -20 32 29 -29 -30 -21 -26 -6 37 36 -36 -22 -37
right_child=2 -3 4 -5 8 -7 -8 -9 14 -11 11 -13 19 16 -16 -17 -18 -19 26 31 34 22 23 24 27 -27 -28 28 30 -31 -32 -33 -34 -35 35 38 -38 -39 -40
leaf_value=1.5709075725078583 -1.1145635603503747 -0.28080841040611271 0.6264661631123587 -0.19404607266187668 -0.014300254438374495 0.73332459286407192 0.89135638895359914 0.69610645115375525 -0.43762882103522616 0.64945816447337468 0.60440008586103267 1.6470134791638704 -0.5676139310179722 -0.31171126220953849 -0.62212725853443984 0.14928555351992448 -0.42388382450892376 -0.45433221814178282 -0.53267359286546712 0.076194096012040968 -0.032569688490965087 0.38464422232663154 0.37554296205441157 -0.3018218436238651 -0.30969601531441393 -0.35057479823224769 -0.031228454858064653 0.082261617965996278 -0.27240722055883254 0.67783164661377671 0.077698885193689074 -0.27717251433775975 -0.028858488625777303 -0.18788015452715068 0.64154355374199379 -0.17848433734498162 -0.058206549406051633 -0.34851663836411073 0.024618780533997235
leaf_weight=20 22 25 22 48 185 27 22 20 24 21 22 20 21 33 36 24 26 21 24 30 302 34 21 41 26 43 20 20 36 24 47 26 134 78 27 69 25 28 522
leaf_count=20 22 25 22 48 185 27 22 20 24 21 22 20 21 33 36 24 26 21 24 30 302 34 21 41 26 43 20 20 36 24 47 26 134 78 27 69 25 28 522
internal_value=3.07271e-10 0.542176 -0.0112381 -0.483352 0.00449151 0.0455691 0.0308198 0.0155152 -0.0603254 -0.0271524 0.00433046 0.24703 -0.0357955 -0.021973 -0.34901 -0.144172 -0.035231 -0.0471648 -0.0256073 -0.218709 -0.0133985 -0.0347548 0.0220075 -0.0133211 -0.0382178 -0.1058 -0.304744 -0.00056012 0.0925857 0.407118 -0.0741544 -0.087869 -0.0744946 -0.0657802 -0.003281 0.0255087 0.305125 -0.0593773 0.000906234
internal_weight=2216 45 2171 70 2101 1286 1259 1237 815 731 1217 119 99 1098 84 48 1076 710 1050 77 1006 689 383 349 328 306 44 287 127 44 83 56 160 263 973 643 52 330 591
internal_count=2216 45 2171 70 2101 1286 1259 1237 815 731 1217 119 99 1098 84 48 1076 710 1050 77 1006 689 383 349 328 306 44 287 127 44 83 56 160 263 973 643 52 330 591
is_linear=0
shrinkage=0.05


Tree=167
num_leaves=40
num_cat=0
split_feature=15 20 20 18 29 5 30 9 11 30 14 13 4 4 18 20 8 30 8 5 8 3 3 10 9 16 28 4 0 9 5 29 16 12 4 4 3 6 31
split_gain=5476.45 5808.44 2317.2 13345 5420.36 2352.53 11503.2 8001.72 21994.1 3617.34 3244 11005.5 2134.19 1931.83 1628.04 1594.99 1570.87 1014.38 959.386 920.116 1580.28 881.455 2301.15 821.137 1797.86 1050.6 926.608 976.168 907 866.931 1563.57 812.516 827.042 706.21 627.904 4964.9 733.655 634.394 911.727
threshold=-1.584319472312927 -1.6251678466796873 -1.1401053667068479 -1.0717446804046629 2.0162298083305363 -0.308753952383995 0.95535138249397289 1.2217946052551272 1.6160847544670107 0.9120679795742036 0.92901721596717846 0.8507116734981538 0.2291599586606026 1.8163871169090273 -1.5755656361579893 1.3027682304382326 1.1794789433479311 -0.0406404361128807 1.5056784152984621 -0.36552448570728296 -0.32342845201492304 -0.62276062369346608 -0.42983973026275629 -0.037270799279212945 -0.09692582860589026 0.22195098549127582 0.26274403929710394 0.40312792360782629 -0.086251690983772264 0.44274401664733892 0.63996911048889171 -0.41411091387271876 -0.28162352740764612 -0.92880499362945546 1.9227350354194643 1.7844213247299197 1.4042866230010989 0.98318043351173412 0.33342806994915014
decision_type=2 2 2 2 2 2 2 2 2 2 2 2 2 2 2 2 2 2 2 2 2 2 2 2 2 2 2 2 2 2 2 2 2 2 2 2 2 2 2
left_child=-1 -2 4 -4 14 9 7 10 -9 16 11 13 -12 21 -3 -10 19 -18 -19 34 -21 -7 -23 24 25 26 27 31 -25 -30 -31 -24 -33 -16 35 36 37 38 -5
right_child=1 2 3 5 -6 6 -8 8 15 -11 12 -13 -14 -15 33 -17 17 18 -20 20 -22 22 23 28 -26 -27 -28 -29 29 30 -32 32 -34 -35 -36 -37 -38 -39 -40
leaf_value=0.587261413400754 -0.78406819965069496 0.34457676763690653 0.93213028277342136 -0.010416422068739623 -0.91456304958888479 -0.24888181086215708 1.1937498317523436 1.5662545675039292 0.087466925010085114 -0.69737455546855931 -0.14911622144281864 1.162399986460805 -0.80752867519855498 -0.43601791922535216 -0.074706572700025772 -0.52947863757610325 -0.41428980944972293 -0.36176407492064216 -0.01020691247953885 -0.5664102134108544 0.0073706623073667293 0.42447824703018755 -0.292885843947016 -0.25930820637840335 0.44311839387938384 0.33344028918516067 -0.3298348935941855 0.23805651451860155 -0.11542142394303095 0.41196606010198594 -0.12650137405310358 -0.062253880461988355 0.27156265133424945 -0.31873818049466029 -0.10487445841317822 0.7922928182780743 0.27923036759549918 -0.17113567488425871 0.32404786621530857
leaf_weight=39 24 21 39 685 21 36 22 30 22 21 32 20 20 28 168 20 38 27 69 20 30 31 29 59 25 21 24 35 101 26 28 96 23 36 128 20 22 59 21
leaf_count=39 24 21 39 685 21 36 22 30 22 21 32 20 20 28 168 20 38 27 69 20 30 31 29 59 25 21 24 35 101 26 28 96 23 36 128 20 22 59 21
internal_value=-3.16244e-10 -0.0105205 -0.00189761 0.0167328 -0.146321 -0.00237883 0.0678372 0.0327521 0.532255 -0.0472185 -0.0239738 0.00983322 -0.402352 -0.0311834 -0.0746185 -0.206317 -0.0350172 -0.195634 -0.109082 -0.0131668 -0.222142 -0.00995611 0.00731563 -0.0203761 0.0406009 -0.0035348 -0.0377207 0.000589382 -0.0924657 -0.028958 0.132761 -0.0555684 0.00226528 -0.117771 -0.00199172 0.0143267 -0.00544369 -0.0136304 -0.000467768
internal_weight=2216 2177 2153 1907 246 1868 728 706 72 1140 634 582 52 562 225 42 1119 134 96 985 50 534 498 467 253 228 207 183 214 155 54 148 119 204 935 807 787 765 706
internal_count=2216 2177 2153 1907 246 1868 728 706 72 1140 634 582 52 562 225 42 1119 134 96 985 50 534 498 467 253 228 207 183 214 155 54 148 119 204 935 807 787 765 706
is_linear=0
shrinkage=0.05


Tree=168
num_leaves=40
num_cat=0
split_feature=30 28 22 16 19 30 14 13 14 7 11 13 5 4 7 20 3 27 6 6 7 30 4 6 3 28 15 13 12 13 29 33 0 33 33 29 29 15 22
split_gain=5267.63 2655.04 5861.62 2648.7 4851.93 3049.84 2876.25 1614.66 12928.3 3306.36 2567.09 11698.4 2794.65 2105.28 1471.56 860.455 829.057 817.82 754.7 1631.82 735.897 648.548 978.778 550.563 885.532 482.863 491.269 460.812 1989.31 526.77 430.215 585.858 816.627 767.097 835.123 559.403 3719.82 573.106 508.218
threshold=-2.4608415365219112 -1.5968321561813352 -1.6769025325775144 -1.043636620044708 -1.0584476590156553 1.0098809599876406 -0.84280133247375477 1.5881919264793398 1.4663060307502749 1.6315463185310366 0.84642362594604503 0.89478415250778209 -0.086038753390312181 2.1176037788391118 1.1276233196258547 -1.589679956436157 0.90682631731033336 -0.036157628521323197 2.9755042791366582 2.2832190990448002 0.9067816734313966 0.65969780087471019 -1.0371792912483213 0.7208407223224641 -0.27825903892517084 -1.0641618371009824 1.7172574996948244 -0.95354408025741566 -0.92192900180816639 -1.0140691399574278 -0.88827767968177784 -0.047466970980167382 1.1060696840286257 -0.047468002885580056 -0.04746978543698787 -0.48707868158817286 -0.44785918295383448 1.1937422156333926 -0.23650609701871869
decision_type=2 2 2 2 2 2 2 2 2 2 2 2 2 2 2 2 2 2 2 2 2 2 2 2 2 2 2 2 2 2 2 2 2 2 2 2 2 2 2
left_child=-1 -2 -3 6 -5 7 15 8 9 10 11 13 -12 18 20 -4 17 -9 19 25 -14 22 -17 24 -24 -6 27 29 -29 -27 -30 33 -33 34 35 -32 -37 38 -38
right_child=1 2 3 4 5 -7 -8 16 -10 -11 12 -13 14 -15 -16 21 -18 -19 -20 -21 -22 -23 23 -25 -26 26 -28 28 30 -31 31 32 -34 -35 -36 36 37 -39 -40
leaf_value=0.70750277552467133 -0.44038935269628254 0.67028534081764524 -0.40850491657853127 0.76528380853789191 -0.22939166973034542 0.49268125930140094 -0.5816584711841174 -0.048625826709707026 1.1568318085124096 0.61148557489116984 -0.042775111611898953 1.202943798005581 -0.46849548034369948 -0.46049325960473375 -0.76416899412870409 0.20391657446111952 -0.48371984764933584 -0.41059814989566806 -0.2293454984265908 0.44783395230770112 -0.063202058843203957 -0.31583085371100389 -0.051561520532647398 0.081456543132662776 -0.35253252025161474 -0.032161666890201362 -0.23221842724344005 0.47896259779279887 0.2088963965380875 -0.33438601446825839 -0.090713846006741136 -0.27006729305424593 -0.018554596675252454 0.31494439892470838 -0.24139024290968392 0.69846870809793471 0.05864784601710591 0.19857293188964065 -0.026273022456127299
leaf_weight=26 35 32 20 21 24 31 35 71 24 21 111 20 24 26 24 35 20 20 37 20 21 23 81 36 35 46 23 22 24 21 120 47 103 20 34 20 255 38 570
leaf_count=26 35 32 20 21 24 31 35 71 24 21 111 20 24 26 24 35 20 20 37 20 21 23 81 36 35 46 23 22 24 21 120 47 103 20 34 20 255 38 570
internal_value=-2.40332e-10 -0.00839958 -0.0013835 -0.0115076 0.00958411 0.000945195 -0.159388 -0.00749546 0.00460295 -0.0119461 -0.0198807 0.0019429 -0.198107 -0.0146226 -0.447988 -0.0951296 -0.192241 -0.12818 -0.00648173 -0.000536555 -0.279359 -0.0652844 -0.0344685 -0.0893598 -0.142372 -0.00709647 -0.00312396 0.000867836 0.00769919 -0.126889 -0.000723063 -0.00489114 -0.0973619 0.00823149 0.0023161 0.0105773 0.0243428 0.00871999 -2.4754e-05
internal_weight=2216 2190 2155 2123 1858 1837 265 1806 1695 1671 1650 1470 180 1450 69 230 111 91 1424 1387 45 210 187 152 116 1367 1343 1320 1253 67 1231 1207 150 1057 1037 1003 883 863 825
internal_count=2216 2190 2155 2123 1858 1837 265 1806 1695 1671 1650 1470 180 1450 69 230 111 91 1424 1387 45 210 187 152 116 1367 1343 1320 1253 67 1231 1207 150 1057 1037 1003 883 863 825
is_linear=0
shrinkage=0.05


Tree=169
num_leaves=40
num_cat=0
split_feature=18 16 21 18 30 5 30 9 11 30 14 24 11 26 0 4 28 8 20 27 8 17 3 30 8 28 33 16 29 4 0 21 5 8 33 11 10 6 31
split_gain=5377.18 21550.8 3319.97 26108.8 4330.16 2201.47 11347 7402.87 20156.9 3418.29 3019.95 10202.5 1969.8 2484.97 1835.6 1667.53 1538.83 1449.54 1330.82 1315.77 1356.35 1092.31 1041.93 995.547 908.933 848.932 2662.16 4766.48 1170.54 1375.51 2905.96 1053.48 831.453 1436.43 783.563 655.144 5732.64 920.81 2266.23
threshold=-1.642467141151428 -1.5978951454162595 -1.056096017360687 -1.0568026304244993 -1.1101645231246946 -0.308753952383995 0.95535138249397289 1.2217946052551272 1.6160847544670107 0.9120679795742036 0.92901721596717846 0.85250473022460949 -1.2816687226295469 -1.4173050522804258 0.34767746925354009 1.8163871169090273 1.5391963720321657 1.1794789433479311 1.3027682304382326 -0.90070486068725575 -1.1999563574790952 -1.2675908207893369 -0.40779161453247065 -0.0406404361128807 1.5056784152984621 0.4660057276487351 -0.047480288892984383 0.92965042591094982 -0.08719931915402411 0.1197384111583233 0.89286133646965038 0.032131286337971694 -0.36552448570728296 -0.32342845201492304 -0.047458374872803681 0.10718392953276636 0.092988241463899626 -0.048688882961869233 1.0000000180025095e-35
decision_type=2 2 2 2 2 2 2 2 2 2 2 2 2 2 2 2 2 2 2 2 2 2 2 2 2 2 2 2 2 2 2 2 2 2 2 2 2 2 2
left_child=-1 -2 4 -4 -3 9 7 10 -9 17 11 15 13 -6 -12 16 25 32 -10 22 -21 -22 -14 -19 -25 28 27 -27 29 31 -31 -7 35 -34 -30 36 37 38 -5
right_child=1 2 3 5 12 6 -8 8 18 -11 14 -13 19 -15 -16 -17 -18 23 -20 20 21 -23 -24 24 -26 26 -28 -29 34 30 -32 -33 33 -35 -36 -37 -38 -39 -40
leaf_value=-0.65389383319885508 1.6032999481473649 -0.7540235854286168 1.8151795069873335 0.0073843244730108755 -0.12734685009966293 0.039564922625819843 1.2121553073326747 1.5029369334379832 0.074365163255821584 -0.67679439041586154 -0.12249960894214695 1.1203482814133168 -0.17496976180403842 0.56344021247780851 -0.72063286842211438 -0.4050247672413077 -0.38428697792383343 -0.40361702191202264 -0.48917997539043423 -0.34662452861157367 0.35810963526368145 -0.058353909729300324 -0.52922832812581744 -0.34720371609760659 -0.0050154416025548747 0.93349911878290381 -0.063751307213810129 -0.084435155793376598 -0.15435555063914963 0.59855743387053095 -0.022493275379141173 -0.29840109828979738 -0.53837069392204284 0.008673163255055745 0.14614548641443253 -0.053915382789780142 0.8640776202082634 -0.089610512176487633 0.43064135160829342
leaf_weight=31 21 28 20 328 30 90 21 30 22 21 29 20 51 23 23 28 26 38 20 32 20 74 35 27 69 23 71 23 164 31 48 31 20 30 25 356 20 182 35
leaf_count=31 21 28 20 328 30 90 21 30 22 21 29 20 51 23 23 28 26 38 20 32 20 74 35 27 69 23 71 23 164 31 48 31 20 30 25 356 20 182 35
internal_value=9.86378e-11 0.00927721 -0.00619158 0.0183163 -0.162691 -0.00109876 0.0668566 0.0326929 0.513063 -0.0448533 -0.0220329 0.0106936 -0.10021 0.172429 -0.387059 -0.0289369 -0.00914285 -0.0328436 -0.19399 -0.16837 -0.0654602 0.0302554 -0.319145 -0.187 -0.101256 0.0101333 0.128223 0.424532 -0.0253847 0.0589301 0.22121 -0.0470214 -0.0115697 -0.210144 -0.114607 -0.000789285 0.0326849 0.00217503 0.0481942
internal_weight=2216 2185 2164 1871 293 1851 725 704 72 1126 632 580 265 53 52 560 532 1105 42 212 126 94 86 134 96 506 117 46 389 200 79 121 971 50 189 921 565 545 363
internal_count=2216 2185 2164 1871 293 1851 725 704 72 1126 632 580 265 53 52 560 532 1105 42 212 126 94 86 134 96 506 117 46 389 200 79 121 971 50 189 921 565 545 363
is_linear=0
shrinkage=0.05


Tree=170
num_leaves=40
num_cat=0
split_feature=28 4 7 30 30 11 7 27 31 30 30 20 30 3 8 3 33 4 30 27 29 29 6 6 13 3 27 29 29 29 15 27 29 14 8 27 27 29 12
split_gain=5439.1 14756.5 6338.23 4660.85 2311.03 1809.94 11499.3 4032.68 21066.2 15680.8 4701.62 4176.49 2693.19 7576.74 2093.3 2138.01 2049.48 1508.33 2517.72 1209.36 1161.63 1009.57 860.106 917.204 827.353 686.434 641.406 554.7 729.047 537.884 559.116 508.467 540.56 502.523 839.718 462.565 688.134 549.807 1842.29
threshold=-1.5452485680580137 0.2291599586606026 -1.3164669871330259 -2.4608415365219112 -1.3757219314575193 1.6160847544670107 1.6315463185310366 -0.58386245369911183 1.4257276058197024 0.65969780087471019 1.0098809599876406 0.41756792366504675 0.25510999560356146 -0.042619958519935601 1.2154778838157656 2.6286451816558842 -0.047483431175351136 0.67729654908180248 -0.043311089277267449 -0.036157628521323197 -0.08719931915402411 -0.48264776170253748 2.872025847434998 2.3298573493957524 -1.2151780724525449 -0.55937233567237843 -1.0741553902626035 1.3590816259384157 1.0929369330406191 0.70453321933746349 1.7172574996948244 0.050183769315481193 0.81186863780021679 1.8757705092430117 2.1217476129531865 1.0399777889251711 1.1864601373672488 0.38735149800777441 -0.28987129032611841
decision_type=2 2 2 2 2 2 2 2 2 2 2 2 2 2 2 2 2 2 2 2 2 2 2 2 2 2 2 2 2 2 2 2 2 2 2 2 2 2 2
left_child=1 -1 3 -2 -4 6 7 8 9 11 14 12 17 -14 15 22 21 20 -19 -16 24 -7 23 27 -6 -22 -5 28 29 30 35 -31 -33 -23 -35 37 -37 -9 -39
right_child=2 -3 4 26 5 16 -8 10 -10 -11 -12 -13 13 -15 19 -17 -18 18 -20 -21 25 33 -24 -25 -26 -27 -28 -29 -30 31 -32 32 -34 34 -36 36 -38 38 -40
leaf_value=-0.26574938970804218 -1.0819698122414676 1.5563940873742104 0.4921502033869426 -0.38588499830414857 -0.33209438920021062 -0.40786213710904118 1.0753279731273651 0.0035928778234538619 1.7226047749817373 1.3793175937164399 -0.61202506078141083 -0.6795920646708945 -0.037488520503044125 1.1140018814243378 -0.10796698123216629 -0.51731909456707192 -0.64206487252598721 0.61610202361829591 -0.16776190066621419 -0.65782132983207708 -0.12811413479428138 0.20672972686588764 0.24315750147921569 -0.3512559098750353 0.016564209269065606 -0.45824332947377117 -0.020335781015455724 -0.26534288284324464 0.2932658612728119 -0.33607534048673898 -0.18265737582530295 -0.21951488968558036 0.097094065416604286 -0.33148290089198523 0.080758539140224461 -0.28109098915010694 -0.02613125107817206 0.40797463301065806 -0.030443367526373444
leaf_weight=25 22 20 24 24 20 20 25 969 20 21 35 23 50 20 20 21 21 20 21 20 31 20 33 20 114 32 24 21 20 23 42 26 28 21 30 32 153 37 68
leaf_count=25 22 20 24 24 20 20 25 969 20 21 35 23 50 20 20 21 21 20 21 20 31 20 33 20 114 32 24 21 20 23 42 26 28 21 30 32 153 37 68
internal_value=9.57106e-10 0.544092 -0.0112778 -0.479323 0.00431627 -0.00132071 0.00982253 -0.00390821 0.144094 0.0544057 -0.0390209 -0.0296521 0.0188823 0.291509 -0.0259386 -0.0163752 -0.196825 -0.0613019 0.214611 -0.382894 -0.118725 -0.0940773 -0.00922859 -0.0150165 -0.0354744 -0.295799 -0.20311 -0.0102774 -0.00644589 -0.0107958 -0.00319615 -0.139201 -0.0553473 -0.00568719 -0.0889879 0.00279064 -0.0702324 0.0153691 0.124047
internal_weight=2216 45 2171 70 2101 2077 1965 1940 372 352 1568 331 308 70 1533 1493 112 238 41 40 197 91 1472 1439 134 63 48 1419 1398 1378 1301 77 54 71 51 1259 185 1074 105
internal_count=2216 45 2171 70 2101 2077 1965 1940 372 352 1568 331 308 70 1533 1493 112 238 41 40 197 91 1472 1439 134 63 48 1419 1398 1378 1301 77 54 71 51 1259 185 1074 105
is_linear=0
shrinkage=0.05


Tree=171
num_leaves=40
num_cat=0
split_feature=30 30 30 25 29 29 30 30 27 30 7 31 22 18 16 0 33 8 11 3 14 27 10 22 13 27 6 8 9 29 8 4 0 29 29 27 18 15 29
split_gain=5643.33 2632.84 4930.69 3560.91 1786.14 4841.03 7733.65 3160.69 2097.11 2515.54 1852.27 1511.4 1520.16 2548.43 4762.43 1430.27 1295.48 984.124 4244.33 2100.77 1214.01 1479.69 1060.43 8149.15 3699.69 1571.91 895.367 820.595 754.322 749.613 671.284 670.641 715.369 610.888 1302.8 623.454 718.443 664.197 598.891
threshold=-2.4608415365219112 -1.0270565152168272 -0.84001702070236195 -1.6367047429084776 0.7793947458267213 0.72183758020401012 1.0567454695701601 0.86204820871353161 0.54337596893310558 0.95535138249397289 -1.2210434079170225 2.9253710508346562 2.3331806659698491 1.8767962455749514 1.7777344584465029 0.28274907171726232 -0.047471363097429269 1.1994026899337771 1.1975004673004153 0.92474040389060985 0.92901721596717846 -0.58386245369911183 -0.57133969664573658 -0.96981996297836293 -0.60128822922706593 -1.1324552893638609 2.7452282905578618 1.2154778838157656 -0.61575543880462635 -0.52772429585456837 -0.63483852148056019 0.053962534293532378 -1.1594483256340025 -0.46601891517639155 -0.4286902099847793 -0.30422385036945337 0.31813330948352819 0.59002515673637401 -0.1960262060165405
decision_type=2 2 2 2 2 2 2 2 2 2 2 2 2 2 2 2 2 2 2 2 2 2 2 2 2 2 2 2 2 2 2 2 2 2 2 2 2 2 2
left_child=-1 15 -3 -4 5 6 7 10 9 -6 -5 12 13 14 17 -2 -10 18 20 29 22 -22 28 -24 -25 -26 33 -15 30 -19 31 32 -12 35 -35 -27 -37 -38 -31
right_child=1 2 3 4 8 -7 -8 -9 16 -11 11 -13 -14 27 -16 -17 -18 19 -20 -21 21 -23 23 24 25 26 -28 -29 -30 38 -32 -33 -34 34 -36 36 37 -39 -40
leaf_value=0.73229865274177153 -0.13506903728842737 0.67066177571261376 -0.55955918404305804 0.38857914557860745 -0.1722167468753206 0.73217815419901977 -0.97562649639323351 0.57123713600635539 -0.12430955705046653 -0.7968856859207154 -0.29102856288240714 0.43113669734448196 0.30290640191151164 -0.13319910585880279 0.71188363700133306 -0.70235351268202073 0.41558195620775229 -0.30245760312924785 0.70471309501500368 -0.58919481452215805 -0.55555023957382554 -0.053335741196166388 1.0232310708612204 0.60598499166965492 -0.44845021784305578 0.019907350667885373 0.33037074502557517 -0.55575721672287692 -0.29138167228084061 0.12650193528831005 0.20420827915271125 -0.17583020205846897 0.0095878873951733123 0.38950837227431212 -0.00029374151939559661 -0.32876632789713006 0.17400065558962524 -0.18537288494925533 -0.13683297610596609
leaf_weight=26 25 27 29 31 83 23 20 25 25 20 22 20 39 20 23 20 20 24 21 22 22 44 20 25 20 70 20 27 36 50 24 102 197 22 835 43 20 36 38
leaf_count=26 25 27 29 31 83 23 20 25 25 20 22 20 39 20 23 20 20 24 21 22 22 44 20 25 20 70 20 27 36 50 24 102 197 22 835 43 20 36 38
internal_value=4.07254e-10 -0.00869396 -0.000753365 -0.00931248 -0.00167382 0.0110928 0.00244582 0.0127522 -0.169107 -0.293512 0.00529775 -0.0011527 -0.00589791 -0.0126525 -0.00281678 -0.387195 0.115642 -0.0124129 -0.00137265 -0.142506 -0.0108899 -0.220741 -0.00160692 0.0230781 0.00474344 -0.00935697 -0.000961303 -0.375945 -0.0735885 -0.0547637 -0.0508623 -0.069933 -0.020611 -0.00742002 0.00971285 -0.0943009 -0.175054 -0.0570252 0.0127891
internal_weight=2216 2190 2145 2118 2089 1941 1918 1898 148 103 1873 1842 1822 1783 1736 45 45 1713 1579 134 1558 66 1492 1111 1091 1066 1046 47 381 112 345 321 219 1026 857 169 99 56 88
internal_count=2216 2190 2145 2118 2089 1941 1918 1898 148 103 1873 1842 1822 1783 1736 45 45 1713 1579 134 1558 66 1492 1111 1091 1066 1046 47 381 112 345 321 219 1026 857 169 99 56 88
is_linear=0
shrinkage=0.05


Tree=172
num_leaves=40
num_cat=0
split_feature=15 20 5 23 23 3 31 27 9 5 5 29 8 5 30 28 30 33 29 28 27 18 14 31 12 5 6 3 3 27 30 0 6 4 30 29 33 14 26
split_gain=5096.18 5821.83 2079.07 5298.82 11513.2 4901.9 27518.7 43352.8 17103.4 39748.5 9716.86 3836.58 3064.63 2063.73 1942.96 2236.12 1844.69 1566.9 1351.26 1289.83 1260.71 1266.51 1037.2 991.714 984.258 957.377 889.771 859.551 1364.53 1068.65 883.377 858.429 843.044 746.947 1709.81 693.361 644.961 639.346 1034.79
threshold=-1.584319472312927 -1.6251678466796873 0.73058363795280468 0.95278280973434459 0.80070456862449657 -0.32855626940727228 -0.57379686832427967 -0.4262572824954986 1.2217946052551272 0.068988487124443068 -0.4048271626234054 0.33711639046669012 1.3476914763450625 0.93583095073699962 1.0567454695701601 -1.4231314063072202 0.80684712529182445 -0.047453153878450387 1.29120808839798 -1.1200296878814695 -1.1976896524429319 1.757795035839081 0.72902238368988048 -0.85590088367462147 0.67860659956932079 0.082089379429817214 2.7452282905578618 2.2689856290817265 0.86135217547416698 -0.15071246773004529 -0.073169756680726991 0.13285927474498752 1.739593029022217 -0.39355930685997004 -0.30713127553462977 0.90327534079551708 -0.047477118670940392 0.04401648789644242 0.33132968842983251
decision_type=2 2 2 2 2 2 2 2 2 2 2 2 2 2 2 2 2 2 2 2 2 2 2 2 2 2 2 2 2 2 2 2 2 2 2 2 2 2 2
left_child=-1 -2 5 4 11 14 7 -7 16 -10 -9 13 -5 -4 15 -3 19 -13 20 31 -17 25 24 -23 33 26 32 28 30 -30 -15 -8 35 34 -21 -22 -35 -38 -39
right_child=1 2 3 12 -6 6 8 10 9 -11 -12 17 -14 27 -16 18 -18 -19 -20 22 21 23 -24 -25 -26 -27 -28 -29 29 -31 -32 -33 -34 36 -36 -37 37 38 -40
leaf_value=0.56650566271004776 -0.78458754097421968 0.44894427165551032 0.4102156746387482 -1.006163340061903 1.1195843742042779 3.0348207581043245 -0.54164774594828491 1.0907302562892436 -0.19644658723047803 2.5157569338652221 -0.36333842498284802 -0.27006568199977643 -0.18916579010811718 -0.40692286812342132 -0.53614338606596001 -0.33088055153687801 -0.52756146892905231 -0.77875244456032922 -0.39857194523016615 0.45454263198375711 -0.013700884784555096 0.028626826405525208 -0.20415576807590147 -0.40635422272117516 0.35061886042356494 -0.30894349821739731 0.32299307097680868 -0.35377688979109134 0.42475763820111756 -0.0072127987698810863 -0.052187575217060467 -0.098112679769595479 -0.30047468784824016 -0.20969113150709556 0.0099112733220681551 0.25352935791015624 -0.075378825260746865 0.30066798460834171 -0.10589420124888421
leaf_weight=39 24 23 25 24 20 20 20 20 35 22 27 41 22 26 20 36 20 24 27 25 835 20 66 38 20 27 20 24 22 41 54 24 25 57 160 25 155 34 29
leaf_count=39 24 23 25 24 20 20 20 20 35 22 27 41 22 26 20 36 20 24 27 25 835 20 66 38 20 27 20 24 22 41 54 24 25 57 160 25 155 34 29
internal_value=1.33035e-09 -0.0101487 -0.00151585 -0.118468 -0.0359404 0.0191265 0.119123 1.08509 0.0220919 0.850369 0.255414 -0.125865 -0.615425 -0.0134606 -0.0478419 -0.0387656 -0.0553045 -0.457888 -0.0494184 -0.0392958 -0.0402301 -0.029661 -0.0183093 -0.256361 0.00724461 -0.0155531 -0.00680001 -0.0768852 -0.0304138 0.143634 -0.167477 -0.29972 -0.014253 -0.0076847 0.0699966 -0.00593256 -0.059943 -0.0207887 0.11352
internal_weight=2216 2177 2153 323 277 1830 734 67 667 57 47 257 46 192 1096 1076 610 65 1053 590 1026 990 546 58 480 932 905 167 143 63 80 44 885 460 185 860 275 218 63
internal_count=2216 2177 2153 323 277 1830 734 67 667 57 47 257 46 192 1096 1076 610 65 1053 590 1026 990 546 58 480 932 905 167 143 63 80 44 885 460 185 860 275 218 63
is_linear=0
shrinkage=0.05


Tree=173
num_leaves=40
num_cat=0
split_feature=29 21 19 5 33 30 31 11 24 30 13 7 3 11 10 7 11 5 27 3 22 20 26 30 15 30 7 10 14 33 28 28 18 29 9 15 28 3 22
split_gain=5121.74 3297.8 5624.76 1683.41 1782.34 12574.1 9396.12 4660.88 6164.59 3473.85 3015.64 7454.95 4540.23 8857.05 2004.68 2114.23 1577.36 1138.58 1312.4 1089.27 905.392 1696.44 2592.45 1288.87 1837.74 2927.94 1500.36 2614.87 999.939 863.451 775.946 698.003 1017.15 660.57 799.949 655.772 629.192 613.117 581.958
threshold=3.2934920787811284 -1.6710991859436033 -1.5992504954338072 3.5429087877273564 -0.04748056270182132 1.0098809599876406 0.54671311378479015 1.4057140946388247 1.0651214122772219 1.0567454695701601 0.90714541077613842 1.0559886097908022 0.023524343967437748 0.092834148555994048 0.44268596172332769 0.40063431859016424 0.47236324846744543 -0.086038753390312181 -0.036157628521323197 -0.16595152020454404 -0.79357695579528797 -0.70294493436813343 -0.71250838041305531 0.098575331270694747 -0.23811689764261243 0.22692493349313739 -0.56898739933967579 -0.28055298328399653 0.15047965198755267 -0.047335436567664139 -0.96137806773185719 0.051101092249155051 1.0105893611907961 0.73190146684646618 -0.71817675232887257 0.81930962204933178 -0.86492326855659474 0.042127428576350219 -0.59783563017845143
decision_type=2 2 2 2 2 2 2 2 2 2 2 2 2 2 2 2 2 2 2 2 2 2 2 2 2 2 2 2 2 2 2 2 2 2 2 2 2 2 2
left_child=1 29 -3 4 5 6 10 8 9 14 11 12 19 -14 15 20 -15 -12 -19 30 33 22 -22 28 25 -25 -27 -28 38 -1 -4 -16 -33 34 -6 -26 -32 -35 -23
right_child=-2 2 3 -5 7 -7 -8 -9 -10 -11 17 -13 13 16 31 -17 -18 18 -20 -21 21 23 -24 24 35 26 27 -29 -30 -31 36 32 -34 37 -36 -37 -38 -39 -40
leaf_value=-0.66041414995085113 0.72645486965775496 0.79610416672446516 -0.18557148464024067 0.44905526526272299 -0.024858924504983559 1.2758737188577651 1.0833255275338889 -0.79527616614387153 0.82643387019634251 -0.65439310049017274 -0.10707910847001148 0.98927464770153173 1.2826923976093532 -0.24085636033117772 -0.4137123062067028 0.35083076214870895 0.30556157327124051 -0.18221705717699868 -0.68995061397552493 -0.30455406799035917 0.65184298139065511 -0.40068430787041076 -0.099584591930562807 0.74734259616760979 -0.080698334698600674 -0.18675636466472381 0.68769141510128984 -0.094027077082706537 0.16246682343811825 -0.21218306506496099 0.27880195779725908 -0.019828267338184213 -0.38167054869474903 -0.12064274366824859 -0.26242993142117155 0.21669742848191942 -0.0065116058866250383 -0.46135979813078176 -0.12254152068350879
leaf_weight=22 24 22 60 20 182 20 20 21 20 24 181 20 20 25 38 37 28 35 20 34 24 21 22 21 158 31 20 23 29 21 20 52 31 31 44 21 571 23 180
leaf_count=22 24 22 60 20 182 20 20 21 20 24 181 20 20 25 38 37 28 35 20 34 24 21 22 21 158 31 20 23 29 21 20 52 31 31 44 21 571 23 180
internal_value=-1.11351e-09 -0.00795389 0.000721283 -0.00750553 -0.0118393 0.0341257 0.0101074 -0.0578479 -0.0428421 -0.0600215 -0.0110606 0.0364299 0.0112888 0.386139 -0.0455833 -0.0189762 0.0478173 -0.167618 -0.366847 -0.0286587 -0.0354616 0.00179877 0.292465 -0.0247302 0.0485265 0.226273 0.0784021 0.269563 -0.112001 -0.441511 -0.0142494 -0.236231 -0.154974 -0.108652 -0.0711117 -0.0458083 0.00314368 -0.265763 -0.151601
internal_weight=2216 2192 2149 2127 2107 1054 1034 1053 1032 1012 1014 778 758 73 988 867 53 236 55 685 830 550 46 504 274 95 74 43 230 43 651 121 83 280 226 179 591 54 201
internal_count=2216 2192 2149 2127 2107 1054 1034 1053 1032 1012 1014 778 758 73 988 867 53 236 55 685 830 550 46 504 274 95 74 43 230 43 651 121 83 280 226 179 591 54 201
is_linear=0
shrinkage=0.05


Tree=174
num_leaves=40
num_cat=0
split_feature=28 20 7 30 30 30 11 7 12 11 30 11 13 5 31 33 27 29 29 19 21 27 8 13 24 8 7 5 7 4 18 6 29 9 12 6 33 29 5
split_gain=5049.66 14057.7 5829.21 4824.5 2238.23 2090.4 1553.08 10553.8 3427.91 17564.9 3584.71 2214.95 10457.1 2004.33 1993.55 1783.05 1520.1 7949.42 840.033 732.722 1931.25 684.959 1224.53 624.781 569.245 558.585 4852.66 895.107 3535.64 5935.51 807.053 705.107 703.002 890.643 698.464 625.354 619.265 580.299 551.038
threshold=-1.5452485680580137 -1.5288347005844114 -1.3164669871330259 -2.4608415365219112 -1.3757219314575193 1.2409112453460696 1.6160847544670107 1.6315463185310366 1.2761033177375796 1.3154855370521548 1.0098809599876406 0.84642362594604503 0.89478415250778209 3.0898362398147587 1.2981519699096682 -0.047483431175351136 -1.1976896524429319 -0.15099124610424039 -0.45463125407695765 -1.0293264985084531 -1.056096017360687 -0.79134586453437794 1.1794789433479311 -1.2151780724525449 -1.4537886977195738 0.15395923703908923 0.26829294860363012 0.82119813561439525 -0.34461495280265803 0.48734563589096075 -0.45720666646957392 1.3081901073455813 -0.42408676445484156 -0.51203489303588856 0.083669725805521025 1.7964332699775698 -0.047465024515986436 -0.55690127611160267 -0.070754379034042345
decision_type=2 2 2 2 2 2 2 2 2 2 2 2 2 2 2 2 2 2 2 2 2 2 2 2 2 2 2 2 2 2 2 2 2 2 2 2 2 2 2
left_child=1 -1 3 -2 -4 6 7 8 10 -10 11 12 13 16 21 18 17 23 -8 20 -18 -13 -23 -6 -5 26 27 31 30 -30 -29 32 33 -21 -27 -36 -33 -35 -34
right_child=2 -3 4 24 5 -7 15 -9 9 -11 -12 14 -14 -15 -16 -17 19 -19 -20 25 -22 22 -24 -25 -26 34 -28 28 29 -31 -32 36 38 37 35 -37 -38 -39 -40
leaf_value=1.5122941872477531 -1.0728604020889509 -0.26618266344070435 0.48417762331664566 -0.026850010509844181 -0.34474327300675212 0.50724827259778971 -0.33845044782757761 1.0247113337516784 1.4398406089647957 -0.34922748611253851 -0.6867479449510574 0.11674320312061658 1.1388336960971355 -0.47480651725731465 -0.63967575180259617 -0.60274819731712348 -0.051357459871759339 1.0615990084409714 0.0018770260171908323 0.15537047589367087 -0.5734254246950149 -0.078783449626250848 -0.48353347915410999 0.030191128015518189 -0.37394518142654781 -0.25122619210145414 0.78939175017178065 -0.42565452449023722 1.0719969391822814 0.014265038238631357 0.00047560048103332522 -0.36930837285518647 0.038190147317627703 -0.10278871411830187 -0.015023400700536522 -0.29527257324329448 -0.045377758352292907 -0.38709018150610586 -0.074762232353043773
leaf_weight=20 22 25 24 27 20 20 25 25 23 34 20 24 20 23 22 21 155 20 66 22 20 74 25 25 21 39 20 20 21 36 25 25 556 50 382 21 36 28 134
leaf_count=20 22 25 24 27 20 20 25 25 23 34 20 24 20 23 22 21 155 20 66 22 20 74 25 25 21 39 20 20 21 36 25 25 556 50 382 21 36 28 134
internal_value=1.37006e-09 0.524251 -0.0108666 -0.459725 0.00408825 -0.00145924 -0.00640535 0.00402019 -0.00927006 0.372677 -0.020956 -0.013731 0.00228692 -0.0112595 -0.201306 -0.187456 -0.00481748 0.232183 -0.0916195 -0.0145062 -0.111022 -0.122898 -0.180993 -0.136446 -0.178704 -0.00256955 0.0186039 0.00242785 0.142395 0.403956 -0.188916 -0.0143485 -0.00170155 -0.125598 -0.0491798 -0.029627 -0.178136 -0.204846 0.0162545
internal_weight=2216 45 2171 70 2101 2077 2057 1945 1920 57 1863 1843 1698 1678 145 112 1655 65 91 1590 175 123 99 45 48 1415 973 953 102 57 45 851 790 100 442 403 61 78 690
internal_count=2216 45 2171 70 2101 2077 2057 1945 1920 57 1863 1843 1698 1678 145 112 1655 65 91 1590 175 123 99 45 48 1415 973 953 102 57 45 851 790 100 442 403 61 78 690
is_linear=0
shrinkage=0.05


Tree=175
num_leaves=40
num_cat=0
split_feature=30 28 22 16 28 30 14 19 31 27 8 27 10 13 9 20 24 29 5 14 3 0 6 15 14 5 30 4 27 22 27 20 6 33 31 33 0 28 8
split_gain=5528.21 2729.16 5598.03 2229.69 4294.21 3100.3 2692.52 1469.26 1411.87 1432.5 17544.1 3358.13 4453.2 2058.44 3554.89 1366.41 3304.92 1298.94 1406.88 1261.61 1923.27 982.008 936.448 835.066 816.486 911.716 721.901 701.455 613.308 1279.13 654.819 2058.16 586.654 702.74 1604.13 1017.98 1002.26 875.298 1434.7
threshold=-2.4608415365219112 -1.5968321561813352 -1.6769025325775144 -1.043636620044708 -1.2250468134880064 1.0098809599876406 -0.84280133247375477 -1.0293264985084531 2.9253710508346562 0.16876037418842318 1.3476914763450625 0.20596565306186679 1.0000000180025095e-35 -0.58716601133346547 -0.61022239923477162 1.2315383553504946 1.5304850935935976 -0.42408676445484156 -0.25853385031223292 0.92901721596717846 0.70701545476913463 -0.086251690983772264 1.5763595104217532 -1.5233836174011228 2.3620543479919438 -0.5096343159675597 0.65969780087471019 -1.0371792912483213 0.0077290176413953313 0.77010071277618419 -0.099173549562692628 -0.099116485565900789 2.5266120433807377 -0.047481402754783623 -0.87925982475280751 -0.047479696571826928 -0.98219195008277882 0.26274403929710394 -0.21199841052293775
decision_type=2 2 2 2 2 2 2 2 2 2 2 2 2 2 2 2 2 2 2 2 2 2 2 2 2 2 2 2 2 2 2 2 2 2 2 2 2 2 2
left_child=-1 -2 -3 6 -5 7 23 -6 9 13 11 12 -11 14 21 16 19 18 -13 22 -21 -9 28 -4 25 -17 27 -25 30 -30 -15 -32 33 34 36 -35 -19 -37 -39
right_child=1 2 3 4 5 -7 -8 8 -10 10 -12 17 -14 15 -16 24 -18 32 -20 20 -22 -23 -24 26 -26 -27 -28 -29 29 -31 31 -33 -34 35 -36 37 -38 38 -40
leaf_value=0.72479090143281688 -0.44658258646726612 0.65490140742622316 -0.34078934360295537 0.67244768415888156 -0.33981428345044457 0.49505130167930356 -0.5556259983352253 -0.16417853559766499 0.40444548186801726 -0.064596900592247639 1.5049018544703723 -0.022896534204483034 0.97789688318967816 -0.030541148429442395 0.77457598714623599 -0.15078129988545791 0.40814803426987245 -0.0017721738928759641 -0.42534376245278582 -0.10182794348323998 -0.59573687425366151 0.26831318427409445 -0.33914968474553181 0.18307888810123718 0.024775313619862904 -0.49491020709668332 -0.33456005085259677 -0.065986286397060376 -0.23401477418320124 0.15507704051477569 0.54431398908297224 -0.066958260368555789 -0.23808724638074638 0.41239189401268961 -0.1621107617115721 0.13999756275434194 0.2990577133120717 -0.21086284715626669 0.098540498333818782
leaf_weight=26 35 32 28 24 33 31 35 35 21 21 20 49 20 475 20 39 38 110 39 73 27 21 26 35 22 38 20 147 86 28 21 40 24 20 141 127 37 67 85
leaf_count=26 35 32 28 24 33 31 35 35 21 21 20 49 20 475 20 39 38 110 39 73 27 21 26 35 22 38 20 147 86 28 21 40 24 20 141 127 37 67 85
internal_value=-1.1982e-09 -0.00860482 -0.0014915 -0.0113853 0.00796632 -0.000729187 -0.147066 -0.00925342 -0.00309042 -0.00798365 0.0436359 0.00414218 0.443937 -0.0476508 0.202366 -0.0684628 -0.0471308 -0.0216541 -0.201254 -0.0694254 -0.235183 -0.00199414 -0.044905 -0.0848936 -0.243859 -0.320611 -0.0494229 -0.0180891 -0.0331352 -0.138448 -0.0107365 0.14348 0.004213 0.0141197 -0.041623 0.0678116 0.0739469 0.0431105 -0.0378412
internal_weight=2216 2190 2155 2123 1858 1834 265 1803 1770 1749 760 740 41 989 76 913 814 699 88 776 100 56 676 230 99 77 202 182 650 114 536 61 611 587 288 299 147 279 152
internal_count=2216 2190 2155 2123 1858 1834 265 1803 1770 1749 760 740 41 989 76 913 814 699 88 776 100 56 676 230 99 77 202 182 650 114 536 61 611 587 288 299 147 279 152
is_linear=0
shrinkage=0.05


Tree=176
num_leaves=40
num_cat=0
split_feature=30 30 6 15 5 27 29 28 7 7 30 16 18 31 14 30 6 30 13 3 6 8 9 27 5 0 33 0 10 33 9 3 33 11 3 30 30 30 28
split_gain=4989.21 2555.83 3975.29 3413.49 1687.56 5133.64 34616.9 41463.5 20948.3 12492.3 3742.93 2869.23 1642.71 1463.08 1272.88 1262.39 1200.69 950.088 944.61 808.22 768.225 731.56 706.814 702.612 672.606 606.263 1835.01 924.842 834.081 1888.16 1530.54 819.365 1155.85 4534.06 912.622 689.407 1106.48 786.136 577.598
threshold=-2.4608415365219112 -0.88363802433013905 4.6428182125091562 -1.567071199417114 -0.39390975236892695 -0.58386245369911183 -0.0043747618328779927 -0.6654909849166869 1.5819175839424136 -0.50363174080848683 0.95535138249397289 1.7381920218467715 0.30296924710273748 2.6957347393035893 1.5510139465332033 0.9120679795742036 2.872025847434998 0.73168373107910167 -0.93772524595260609 -0.64549770951271046 1.5763595104217532 -1.1999563574790952 -1.0740126967430113 0.18121211230754855 1.4151052832603457 -0.7135351002216338 -0.047486646100878709 -0.64037886261939991 -0.037270799279212945 -0.04748056270182132 -0.09692582860589026 0.78211680054664623 -0.047462342306971543 -0.45074282586574549 0.5092715620994569 -0.14630585163831708 -0.011622950900346039 0.38225501775741583 -0.42508600652217859
decision_type=2 2 2 2 2 2 2 2 2 2 2 2 2 2 2 2 2 2 2 2 2 2 2 2 2 2 2 2 2 2 2 2 2 2 2 2 2 2 2
left_child=-1 18 3 -3 15 6 12 9 10 -8 11 13 24 17 -14 16 20 19 -2 -7 21 -5 -23 -22 -6 26 -21 -27 29 -29 31 34 33 -33 -31 -30 -37 -38 -34
right_child=1 2 -4 4 5 8 7 -9 -10 -11 -12 -13 14 -15 -16 -17 -18 -19 -20 25 23 22 -24 -25 -26 27 -28 28 35 30 -32 32 38 -35 -36 36 37 -39 -40
leaf_value=0.6885513366988073 -0.17521691501140596 -0.51801143437623975 0.70271898474544292 -0.24417042058010244 -0.1053771357815922 -0.22100281267685609 1.120738740942695 2.9395658998385721 1.5825846153497698 -0.60585541501641282 -0.71585193815685466 -0.56401891517639169 -0.65320719713750097 -0.439488070756197 -0.1078031674027443 -0.35917079364260041 0.25772184465612685 0.31032141842271971 -0.57735260647276176 -0.17651641028267998 -0.3683436411799807 0.21055358573794367 -0.02847850454350986 -0.039527999656274918 0.17559893090677048 -0.31953346841037278 0.45189211735358603 0.43564094649306662 -0.31888640820980074 -0.02466710231643408 0.43111273773014552 0.83944500893354412 -0.2371614011197255 -0.10931404793963713 -0.31503368816093397 0.22856472706602468 -0.17798684846013063 0.063648768424987789 0.078410773441709325
leaf_weight=26 40 32 20 38 89 45 22 23 20 20 21 25 23 20 20 30 35 23 23 21 33 32 922 32 28 24 26 29 26 94 20 20 29 34 38 31 103 50 29
leaf_count=26 40 32 20 38 89 45 22 23 20 20 21 25 23 20 20 30 35 23 23 21 33 32 922 32 28 24 26 29 26 94 20 20 29 34 38 31 103 50 29
internal_value=1.02329e-09 -0.00817458 0.00112151 -0.00553817 0.00236503 0.0512912 0.260033 1.23306 -0.013224 0.298551 -0.0583033 -0.0382036 -0.13526 -0.0183465 -0.399531 -0.0391917 -0.030401 -0.00522683 -0.322028 -0.0169516 -0.0399415 -0.0290302 -0.0204607 -0.206465 -0.038135 -0.000954514 0.171114 -0.0163003 -0.00183189 0.0526768 0.0106088 -0.0238587 0.0756112 0.242078 -0.108257 -0.0778845 -0.0438299 -0.099021 -0.0793753
internal_weight=2216 2190 2127 2107 2075 953 225 65 728 42 708 687 160 662 43 1122 1092 642 63 619 1057 992 954 65 117 574 47 527 503 293 264 244 112 54 132 210 184 153 58
internal_count=2216 2190 2127 2107 2075 953 225 65 728 42 708 687 160 662 43 1122 1092 642 63 619 1057 992 954 65 117 574 47 527 503 293 264 244 112 54 132 210 184 153 58
is_linear=0
shrinkage=0.05


Tree=177
num_leaves=40
num_cat=0
split_feature=28 30 7 30 30 30 11 7 12 9 30 11 13 5 5 33 27 5 11 28 17 30 30 18 19 3 17 16 6 27 17 29 21 30 29 29 29 15 19
split_gain=4886.88 13551.5 5723.69 5165.23 2094 1971.2 1791.97 9256.89 2971.49 16653 3182.76 1946.15 9309.37 1866.25 1804.17 1793.31 1298.99 8012.6 1027.65 931.187 740.604 649.516 700.868 741.208 2372.31 779.398 699.888 1469.26 690.623 606.898 602.359 588.76 893.657 836.842 824.628 787.55 762.037 586.023 530.453
threshold=-1.5452485680580137 -0.18787831068038938 -1.3164669871330259 -2.4608415365219112 -1.3757219314575193 1.2409112453460696 1.6160847544670107 1.6315463185310366 1.2761033177375796 1.2392280697822573 1.0098809599876406 0.84642362594604503 0.89478415250778209 -0.086038753390312181 3.0898362398147587 -0.047483431175351136 -1.1976896524429319 -0.32185484468936915 0.99067720770835888 1.6180556416511538 0.8607185184955598 -0.65878006815910328 -0.55049610137939442 -0.59442287683486927 -0.56351080536842335 1.6654188036918642 -0.68918251991271962 -0.7069265842437743 2.872025847434998 -1.0741553902626035 -0.96022716164588917 -0.46601891517639155 -0.55546247959136952 0.0032033097231760625 -0.52772429585456837 -0.42408676445484156 -0.58457487821578968 1.5760163068771365 0.18809021264314654
decision_type=2 2 2 2 2 2 2 2 2 2 2 2 2 2 2 2 2 2 2 2 2 2 2 2 2 2 2 2 2 2 2 2 2 2 2 2 2 2 2
left_child=1 -1 3 -2 -4 6 7 8 10 -10 11 12 14 -13 16 19 17 -6 -15 20 -8 30 -23 25 -25 26 27 -24 31 -5 -18 33 -33 36 -35 -34 -26 -22 -37
right_child=2 -3 4 29 5 -7 15 -9 9 -11 -12 13 -14 18 -16 -17 21 -19 -20 -21 37 22 23 24 28 -27 -28 -29 -30 -31 -32 32 35 34 -36 38 -38 -39 -40
leaf_value=1.4858234887197614 -1.0898844838142396 -0.26034009408950809 0.4684926973034938 -0.34248210222770775 0.83458923594704992 0.49275412201881413 -0.24998792613094506 0.96108249807357782 1.3874163660018342 -0.35459293801994884 -0.64552277803421021 -0.049004589289856647 1.0760182955861093 -0.20985994104828154 -0.44892031978005947 -0.61700306573794006 -0.35555244798843683 -0.28217899509602123 -0.64639892881879446 -0.37942127611326137 0.2974488595411891 0.23754845533905358 -0.053187064317811332 0.5495251882076263 -0.10440838097967207 -0.33505605848935938 -0.22098963272113067 0.37106089595366609 0.24982639406290322 0.013097733150546751 -0.024121159494950854 0.32353855825283312 0.28985490306564005 -0.11224549777805806 -0.48561034970695066 -0.045911877023373744 0.21776348907372048 -0.060834364786744123 0.031649180616555632
leaf_weight=20 22 25 24 24 29 20 22 25 23 34 20 91 20 28 23 21 26 36 26 23 21 29 282 20 50 26 52 22 27 24 29 22 23 50 21 434 29 25 448
leaf_count=20 22 25 24 24 29 20 22 25 23 34 20 91 20 28 23 21 26 36 26 23 21 29 282 20 50 26 52 22 27 24 29 22 23 50 21 434 29 25 448
internal_value=2.33472e-10 0.515733 -0.01069 -0.455467 0.00412885 -0.00123693 -0.00603996 0.00515873 -0.00728819 0.348323 -0.0181684 -0.0113604 0.00365405 -0.187185 -0.00912741 -0.200517 -0.00301548 0.216071 -0.420045 -0.104405 -0.0113848 -0.0119719 -0.00592273 -0.0106111 0.00983811 -0.070781 -0.05148 -0.0224849 6.11702e-05 -0.164692 -0.180798 -0.00620035 0.00867054 -0.0981025 -0.222677 0.00101629 0.0138572 0.10273 -0.00651578
internal_weight=2216 45 2171 70 2101 2077 2057 1945 1920 57 1863 1843 1698 145 1678 112 1655 65 54 91 68 1590 1535 1506 1124 382 356 304 1104 48 55 1077 927 150 71 905 79 46 882
internal_count=2216 45 2171 70 2101 2077 2057 1945 1920 57 1863 1843 1698 145 1678 112 1655 65 54 91 68 1590 1535 1506 1124 382 356 304 1104 48 55 1077 927 150 71 905 79 46 882
is_linear=0
shrinkage=0.05


Tree=178
num_leaves=40
num_cat=0
split_feature=15 20 21 20 30 30 33 15 22 18 17 31 27 29 7 12 11 24 27 20 21 15 10 15 6 6 17 18 9 27 27 15 16 18 25 25 14 31 33
split_gain=5081.4 5474.69 1873.47 24226.5 4835.27 2304.91 2004.68 1491.41 6663.19 2219.17 6334.41 1782.82 1397.11 1327.6 1133.69 3136.32 2305.3 1876.4 1325.66 1039.21 819.212 726.329 1200.26 672.681 604.758 1485.51 602.591 779.607 490.763 474.317 701.574 461.994 651.77 1947.44 1084.61 1501 727.22 707.441 3753.99
threshold=-1.584319472312927 -1.6251678466796873 -1.056096017360687 -1.0417166352272031 -1.3757219314575193 1.0098809599876406 -0.047405436635017388 2.7634010314941411 2.3331806659698491 1.8405267000198366 1.7536767125129702 2.9253710508346562 -0.90070486068725575 -0.077669773250818239 1.6315463185310366 1.4253037571907046 1.6160847544670107 1.1547682881355288 -1.1536921858787534 1.0602843761444094 1.9493653774261477 -1.4089726209640501 -1.2211973071098325 -1.2591415047645567 2.9755042791366582 2.2832190990448002 -0.99682492017745961 -0.93287667632102955 1.1875331997871401 1.61289519071579 1.3749015927314761 -0.832698494195938 -0.63082122802734364 -0.65026244521141041 -0.56966906785964955 -0.53781428933143605 -0.62279123067855824 0.52946344017982494 -0.047474885359406464
decision_type=2 2 2 2 2 2 2 2 2 2 2 2 2 2 2 2 2 2 2 2 2 2 2 2 2 2 2 2 2 2 2 2 2 2 2 2 2 2 2
left_child=-1 -2 4 -4 -3 7 12 8 9 10 11 14 13 -6 15 17 -16 18 -5 -19 -11 -14 -23 -24 25 26 -20 -28 29 30 31 -29 33 -33 -34 -36 -37 38 -38
right_child=1 2 3 5 6 -7 -8 -9 -10 20 -12 -13 21 -15 16 -17 -18 19 24 -21 -22 22 23 -25 -26 -27 27 28 -30 -31 -32 32 34 -35 35 36 37 -39 -40
leaf_value=0.56568381693691783 -0.76112903530399012 -0.85180645641826447 1.7472237318754198 -0.38153833970427514 -0.13982488620897821 0.41830694619566205 0.28894823840686257 -0.40130002630564077 0.90301219853106895 -0.5859272474050522 0.87970948541536931 0.45395485534332691 0.24348587441173467 -0.55906278384583341 -0.67175476014614111 0.47000529373233974 -0.034745951787549627 -0.55348245348036296 -0.25696293078362942 -0.087779708822136343 -0.18038687489249491 -0.37701088833808899 0.27014330074191095 -0.057151927918910161 -0.22923628933727744 0.41505533073629652 0.27824104527632393 -0.14170197125138909 -0.22870519959926608 -0.12495519568522771 0.23320202808827162 0.0020337362562052228 -0.24409969047980107 0.48746443501225223 0.43041550680994994 -0.23785182923981638 0.0036691072483230275 -0.066084452274806388 0.58441068971979204
leaf_weight=39 24 21 20 24 58 32 35 24 20 20 20 20 22 28 20 33 49 25 24 23 33 25 20 73 30 21 24 58 25 78 32 88 47 27 20 33 688 284 29
leaf_count=39 24 21 20 24 58 32 35 24 20 20 20 20 22 28 20 33 49 25 24 23 33 25 20 73 30 21 24 58 25 78 32 88 47 27 20 33 688 284 29
internal_value=7.05794e-10 -0.010134 -0.00176246 0.016345 -0.121901 -0.00235704 -0.0631733 -0.0097574 -0.00452229 -0.014748 -0.00493986 -0.0153353 -0.117705 -0.276321 -0.0209154 -0.0124253 -0.219386 -0.0225014 -0.0128566 -0.330333 -0.333421 -0.0202701 -0.0694449 0.0132341 -0.00698895 -0.00247784 -0.00849582 -0.00433448 -0.00914769 -0.00518169 0.0019717 -0.00383628 0.00273955 0.116004 -0.00909102 0.00138849 -0.0069099 0.000703568 0.027158
internal_weight=2216 2177 2153 1871 282 1851 261 1819 1795 1775 1722 1702 226 86 1682 1613 69 1580 1532 48 53 140 118 93 1508 1478 1457 1433 1409 1384 1306 1274 1216 115 1101 1054 1034 1001 717
internal_count=2216 2177 2153 1871 282 1851 261 1819 1795 1775 1722 1702 226 86 1682 1613 69 1580 1532 48 53 140 118 93 1508 1478 1457 1433 1409 1384 1306 1274 1216 115 1101 1054 1034 1001 717
is_linear=0
shrinkage=0.05


Tree=179
num_leaves=40
num_cat=0
split_feature=30 28 22 6 7 21 30 3 27 8 27 12 10 20 24 17 30 28 29 15 5 24 29 33 8 33 33 29 20 33 33 7 22 20 29 29 31 15 6
split_gain=4870.33 2574.96 5509.42 2106.43 1943.66 6273.8 6203.82 2370.84 1620.88 15166.1 3103.38 2010.71 3062.11 1507.97 2497.08 5352.83 1466.1 1205.64 1186.13 1108.4 1104.99 1091.79 982.517 954.209 778.783 772.256 1220.22 1597.93 1761.44 1356.33 1192.69 873.354 713.747 1246.65 710.524 616.888 572.617 559.393 537.326
threshold=-2.4608415365219112 -1.5968321561813352 -1.6769025325775144 3.8310228586196904 -0.66309869289398182 -1.0041311383247373 1.0098809599876406 2.5976400375366215 0.16876037418842318 1.3476914763450625 0.18816866725683215 -0.53883349895477284 -0.57133969664573658 1.2315383553504946 1.5304850935935976 0.67008617520332348 1.0098809599876406 -1.197591185569763 1.6874600648880007 1.7172574996948244 -0.4048271626234054 1.297549366950989 1.1304740905761721 -0.047483080998063081 2.1217476129531865 -0.047471197322010987 -0.047481402754783623 0.03774936497211457 0.41756792366504675 -0.047485353425145142 -0.047486646100878709 -0.42979031801223749 -0.083406765013933168 0.48825961351394659 0.91963148117065441 -0.1202118545770645 -0.90836864709854115 0.34701991081237799 1.232403099536896
decision_type=2 2 2 2 2 2 2 2 2 2 2 2 2 2 2 2 2 2 2 2 2 2 2 2 2 2 2 2 2 2 2 2 2 2 2 2 2 2 2
left_child=-1 -2 -3 4 16 -6 7 8 11 10 -10 12 -7 14 17 -16 18 -13 22 25 -21 38 34 24 -15 26 29 32 -29 30 36 -27 -28 -34 -4 -31 -12 -33 -19
right_child=1 2 3 -5 5 6 -8 -9 9 -11 19 13 -14 23 15 -17 -18 21 -20 20 -22 -23 -24 -25 -26 31 27 28 -30 35 -32 37 33 -35 -36 -37 -38 -39 -40
leaf_value=0.68029900330763604 -0.4335013542004994 0.65001044418895626 -0.053717484415283526 -0.4201187092450358 0.88094416494880401 -0.13188571148365735 0.82602275143498971 0.47212824592223535 0.58963418399745771 1.4100702056288721 0.057788235968766144 -0.43841914279120309 0.65068825244903561 -0.28051745986255505 -0.21822098737413231 0.8978067141913233 -0.45547717213630678 -0.034176376643359839 -0.38014504796472093 -0.023425327565359033 -0.53158970296382912 -0.3859376539786657 0.22620376884937288 -0.52607905138283972 0.063633596539497378 -0.3631274149968074 0.26963229358196256 0.75385464221239096 0.13948374816349574 -0.018119293484570725 0.36824833548494751 0.076199124485254288 -0.38738390371203424 0.12947094981292528 -0.32845752978324894 -0.26973323581122055 -0.22475081634792415 -0.18025072270349876 -0.25390200401688445
leaf_weight=26 35 32 401 31 21 25 23 26 22 20 97 21 25 48 22 21 26 686 29 23 20 24 30 24 25 26 20 20 28 42 28 50 20 28 25 58 22 37 29
leaf_count=26 35 32 401 31 21 25 23 26 22 20 97 21 25 48 22 21 26 686 29 23 20 24 30 24 25 26 20 20 28 42 28 50 20 28 25 58 22 37 29
internal_value=3.3669e-10 -0.00807661 -0.00116716 -0.0109824 -0.00491964 0.0224799 0.0109237 -0.00127364 -0.00941953 0.0579702 0.00798501 -0.049215 0.259401 -0.0663603 -0.043866 0.326816 -0.0896921 -0.0648388 -0.070083 -0.0166706 -0.259781 -0.0542228 -0.0503641 -0.252576 -0.162658 0.005291 0.0408241 0.174593 0.395472 -0.0219986 0.0746387 -0.108855 0.0186787 -0.0858852 -0.0698407 -0.164055 0.00555413 -0.0328658 -0.0430883
internal_weight=2216 2190 2155 2123 2092 1581 1560 1537 1511 561 541 950 50 900 803 43 511 760 485 519 43 739 456 97 73 476 363 116 48 247 147 113 68 48 426 100 119 87 715
internal_count=2216 2190 2155 2123 2092 1581 1560 1537 1511 561 541 950 50 900 803 43 511 760 485 519 43 739 456 97 73 476 363 116 48 247 147 113 68 48 426 100 119 87 715
is_linear=0
shrinkage=0.05


Tree=180
num_leaves=40
num_cat=0
split_feature=18 16 18 17 29 18 5 30 21 15 30 24 14 26 20 33 4 19 7 13 10 3 26 3 3 0 11 0 24 18 13 12 29 15 22 3 27 18 28
split_gain=5042.75 19796.2 2709.4 9000.84 5326.42 2003.76 1997.36 8854.39 6747.95 5042.16 3724.17 3204.82 3614.87 8220.33 1632.74 1604.13 1553.7 1205.51 1142.91 3181.99 957.712 891.753 870.135 850.405 2281.02 900.193 695.944 557.84 553.572 1241.21 930.427 2932.28 1051.93 1548.43 1085.3 1006.18 577.133 541.975 495.12
threshold=-1.642467141151428 -1.5978951454162595 -1.2136644124984739 -1.1646987795829771 2.3943476676940922 -1.5910865664482114 -0.35460707545280451 1.0098809599876406 -1.0440135598182676 1.8629074692726137 0.9120679795742036 1.5304850935935976 0.92901721596717846 0.88106653094291698 0.48094770312309271 -0.04742735251784324 1.8876955509185793 -0.93928578495979298 1.6315463185310366 1.7659478187561037 -1.0846204757690427 -0.10531924664974211 1.6058637499809267 -0.62276062369346608 -0.42983973026275629 -0.57419842481613148 0.78262057900428783 -0.62732163071632374 -0.70586934685707081 -0.65026244521141041 -0.35047191381454462 -0.28427974879741663 0.048317316919565208 -0.24508886784315106 0.77010071277618419 1.3119601607322695 0.0077290176413953313 -0.62287443876266468 -0.96137806773185719
decision_type=2 2 2 2 2 2 2 2 2 2 2 2 2 2 2 2 2 2 2 2 2 2 2 2 2 2 2 2 2 2 2 2 2 2 2 2 2 2 2
left_child=-1 -2 4 -4 5 -3 10 8 -8 11 18 12 13 16 -14 21 17 -10 20 -20 -5 -7 38 -19 -25 -26 28 -21 29 -27 37 -32 33 -33 35 36 -35 -30 -22
right_child=1 2 3 6 -6 15 7 -9 9 -11 -12 -13 14 -15 -16 -17 -18 23 19 27 22 -23 -24 24 25 26 -28 -29 30 -31 31 32 -34 34 -36 -37 -38 -39 -40
leaf_value=-0.63323325536424113 1.5367399227051508 -0.54245991639115598 1.0186763031916184 -0.34136812300844627 -0.92901853500377563 -0.03883075504785493 0.89858561456203467 1.1009926173090936 -0.38117011643268844 0.62432139348238713 -0.70088213171277736 0.48021451273272114 -0.7193732507850813 0.99730560176074512 -0.21192095478375755 0.25642272012459266 -0.46649356901645667 -0.23201981788795245 -0.70687731812181687 0.17630237607906263 -0.15725642115188143 -0.32428785187972564 -0.30534975839157902 0.42190133696421983 -0.28408165676840424 -0.078472486297999119 -0.27107071747834033 -0.15220263595027583 0.066801334828847939 0.38440577278534577 0.60616253046762381 0.44741989348245703 -0.14225832184261464 -0.048098190154059459 0.30873427653312685 0.16840450610663441 -0.31180894502322193 -0.2270944148422249 0.00739460418962985
leaf_weight=31 21 22 22 22 21 105 22 20 22 32 21 31 23 20 51 37 20 38 23 24 48 37 24 32 29 28 22 28 21 30 21 23 94 59 25 37 32 62 936
leaf_count=31 21 22 22 22 21 105 22 20 22 32 21 31 23 20 51 37 20 38 23 24 48 37 24 32 29 28 22 28 21 30 21 23 94 59 25 37 32 62 936
internal_value=-2.40921e-10 0.00898409 -0.00584164 0.0130744 -0.171314 -0.092151 0.00155185 0.0622823 0.0354422 0.0101907 -0.0412723 -0.017104 -0.0394797 0.000247178 -0.369643 -0.0368058 -0.0332674 -0.0181987 -0.0287367 -0.217181 -0.015015 -0.11321 -0.00789222 -0.00375856 0.013084 -0.0140012 0.00325065 -0.000584938 0.0172207 0.160947 -0.00506843 0.0370496 -0.00721474 0.0649108 0.00740944 -0.0514431 -0.140832 -0.152735 -0.000637153
internal_weight=2216 2185 2164 1942 222 201 1920 794 774 752 1126 720 689 615 74 179 595 575 1105 75 1030 142 1008 553 515 483 454 52 432 58 374 291 270 176 153 128 91 83 984
internal_count=2216 2185 2164 1942 222 201 1920 794 774 752 1126 720 689 615 74 179 595 575 1105 75 1030 142 1008 553 515 483 454 52 432 58 374 291 270 176 153 128 91 83 984
is_linear=0
shrinkage=0.05


Tree=181
num_leaves=40
num_cat=0
split_feature=29 21 19 5 4 13 12 14 8 11 13 12 12 10 4 30 7 31 27 13 12 31 29 30 8 11 19 3 4 22 27 13 17 2 0 9 29 29 27
split_gain=4850.93 3383.18 4797.14 1781.46 1571.56 1472.66 12416.2 3699.24 4869.63 4426.96 1792.11 1789.36 10642.9 5483.09 2797.86 1423.63 1406.73 1231.1 1063.71 1008.56 1025.74 1240.86 1002.68 983.893 966.89 963.422 881.83 860.118 833.505 799.189 1461.83 2165.57 964.096 762.684 1191.82 1298.47 751.142 2044.02 769.56
threshold=3.2934920787811284 -1.6710991859436033 -1.5992504954338072 3.5429087877273564 2.0524426698684697 1.5881919264793398 1.4253037571907046 1.3842077255249026 1.3819831013679507 1.2277661561965945 0.50363668799400341 -0.44482316076755518 -0.41852898895740503 -0.45356285572051996 1.8600328564643862 0.75794383883476268 -0.497776448726654 2.4671766757965092 -0.036157628521323197 0.44523750245571142 -0.34410430490970606 -0.29923959076404566 -0.039238667115569108 1.158700227737427 1.1794789433479311 -0.45887897908687586 -0.72336301207542408 -0.3678294420242309 -0.61977913975715626 -0.80938357114791859 0.028739431872963909 -0.57103973627090443 -0.75296401977539051 2.2576968073844914 0.31923775374889379 -0.66562154889106739 -0.46601891517639155 -0.39641098678112024 -0.3254187256097793
decision_type=2 2 2 2 2 2 2 2 2 2 2 2 2 2 2 2 2 2 2 2 2 2 2 2 2 2 2 2 2 2 2 2 2 2 2 2 2 2 2
left_child=1 28 -3 4 5 6 7 8 9 10 11 23 -13 -14 16 24 -15 27 22 20 21 -18 -7 25 -12 29 -22 -6 -1 -4 31 -31 -32 34 -34 -36 38 -38 -28
right_child=-2 2 3 -5 17 18 -8 -9 -10 -11 15 12 13 14 -16 -17 19 -19 -20 -21 26 -23 -24 -25 -26 -27 36 -29 -30 30 32 -33 33 -35 35 -37 37 -39 -40
leaf_value=-0.21080537009984257 0.70698849136630704 0.73558615767820323 -0.077827192316248711 0.46311742469668388 -0.32213890656571964 -0.016112576300899187 1.0360307839410059 -0.6664490139200574 0.77688534930348396 0.73219640247523787 -0.065656100769109771 1.054584666628104 0.842471971809864 -0.35247654894987746 0.46058213235810402 -0.52843805648386477 0.48220583295280284 -0.50534357360005389 -0.49749256996881397 0.28083134151995187 -0.35080671487819581 -0.06195742906536908 -0.41630105346441271 -0.39653311670292174 -0.36383292670051259 -0.30386590027447902 0.014674680147852219 0.017713977740361139 -0.65215148303819737 0.68477100372314459 0.25619311373809289 -0.013264608025550843 -0.1563917275940907 0.21356286381681763 -0.11190016995305602 0.43895925790071488 0.47556178264997223 -0.017826244706393723 -0.2684552070618208
leaf_weight=20 24 22 344 20 29 72 29 21 20 20 290 26 20 30 32 20 22 25 21 30 21 20 20 20 30 33 42 52 23 20 29 25 141 24 23 20 22 458 56
leaf_count=20 24 22 344 20 29 72 29 21 20 20 290 26 20 30 32 20 22 25 21 30 21 20 20 20 30 33 42 52 23 20 29 25 141 24 23 20 22 458 56
internal_value=5.57512e-10 -0.00774075 0.00104601 -0.00655149 -0.0110097 -0.00107091 0.00942298 -0.00659188 0.000947292 -0.00758888 -0.0158179 0.00828773 0.0600015 0.0256599 0.00337312 -0.119188 -0.0174981 -0.198627 -0.176402 -0.00252137 -0.0157828 0.22308 -0.10311 -0.0510422 -0.0936102 -0.0405569 -0.0325311 -0.103962 -0.446874 -0.0266763 0.0357204 0.296973 -0.0138846 -0.0515396 -0.0861182 0.144314 -0.0209675 0.00478737 -0.147114
internal_weight=2216 2192 2149 2127 2107 2001 1888 1859 1838 1818 1798 1458 779 753 733 340 701 106 113 671 641 42 92 679 320 659 599 81 43 626 282 45 237 208 184 43 578 480 98
internal_count=2216 2192 2149 2127 2107 2001 1888 1859 1838 1818 1798 1458 779 753 733 340 701 106 113 671 641 42 92 679 320 659 599 81 43 626 282 45 237 208 184 43 578 480 98
is_linear=0
shrinkage=0.05


Tree=182
num_leaves=40
num_cat=0
split_feature=28 4 7 30 30 11 7 27 20 29 30 5 5 29 0 8 5 29 6 27 33 6 15 27 8 28 29 10 18 29 4 30 28 29 15 16 33 33 29
split_gain=4772.62 12974.6 5520.73 4709.11 2077.88 1969.16 9115.79 3369.02 19960.9 7657.14 3825.43 3535.76 14505.7 3184.53 1937.69 1858.67 1698.99 1155.99 985.134 804.746 687.075 649.378 597.073 587.921 576.371 566.39 468.847 446.181 926.218 751.506 549.885 772.056 585.762 577.568 557.027 3654.88 889.152 1656.08 693.388
threshold=-1.5452485680580137 0.2291599586606026 -1.3164669871330259 -2.4608415365219112 -1.3757219314575193 1.6160847544670107 1.6315463185310366 -0.58386245369911183 0.39998349547386175 0.73190146684646618 1.0098809599876406 -0.3327722549438476 -0.39390975236892695 -0.091077558696269975 2.798500776290894 1.2336158156394961 0.082089379429817214 -0.46601891517639155 2.872025847434998 -1.1777949333190916 -0.047468399628996842 2.3298573493957524 1.7172574996948244 -1.0741553902626035 0.70654883980751049 -1.0515289902687071 -0.18148659914731977 -1.0846204757690427 -1.3212270736694334 1.1304740905761721 -1.0347204208374021 0.27967716753482824 -0.42508600652217859 -0.025630277581512925 -0.56291991472244252 -0.50446477532386769 -0.047473024576902383 -0.047474229708313935 -0.39011573791503901
decision_type=2 2 2 2 2 2 2 2 2 2 2 2 2 2 2 2 2 2 2 2 2 2 2 2 2 2 2 2 2 2 2 2 2 2 2 2 2 2 2
left_child=1 -1 3 -2 -4 6 7 8 9 11 14 12 19 20 15 18 17 -7 21 -6 -13 22 27 -5 -24 -15 -19 28 -9 30 31 32 33 -29 -32 -36 37 -37 -38
right_child=2 -3 4 23 5 16 -8 10 -10 -11 -12 13 -14 25 -16 -17 -18 26 -20 -21 -22 -23 24 -25 -26 -27 -28 29 -30 -31 34 -33 -34 -35 35 36 38 -39 -40
leaf_value=-0.24970485929399733 -1.0531426172364842 1.4588834939897062 0.46656222417950632 -0.34473284452299902 -0.30426225559464815 -0.41131583809852601 0.95894109964370733 0.08399412627731051 1.3072195727716793 0.96808355256915102 -0.55091295587165012 0.048653336392160046 1.2762393306130948 -0.75337142869830132 -0.45021863510975479 -0.38035774119198323 -0.51318969298154116 0.18745272567925544 0.28731447668480026 -0.013570976240518399 -0.25380466559103559 -0.29505197331309319 0.0039166334129515151 0.0052436599042266609 -0.35476750230494269 -0.40986314768503818 -0.094602999430807203 0.20376988753676414 -0.25137037295103076 0.30909371577203276 -0.065171915670303074 0.078814516528086243 -0.2176885543621323 -0.16004223246127369 0.52371214197741611 0.025009468970760514 -0.24942721377896226 0.48723897308111197 -0.031533317566759846
leaf_weight=25 22 20 24 24 29 20 25 35 33 20 35 57 23 21 26 34 32 26 28 133 28 20 21 24 24 28 34 20 50 20 185 55 89 24 36 623 46 20 177
leaf_count=25 22 20 24 24 29 20 25 35 33 20 35 57 23 21 26 34 32 26 28 133 28 20 21 24 24 28 34 20 50 20 185 55 89 24 36 623 46 20 177
internal_value=-6.76449e-10 0.509668 -0.0105643 -0.447384 0.00398945 -0.00135564 0.0102674 -0.00195777 0.133319 0.0190453 -0.0340515 -0.0404555 0.101216 -0.236047 -0.022251 -0.0148673 -0.205278 -0.0821131 -0.00643102 -0.0656083 -0.0509799 -0.012123 -0.00815204 -0.169745 -0.187382 -0.557081 0.0276211 -0.0023076 -0.113279 0.00497625 0.000205775 -0.0787505 -0.143909 0.00532691 0.0138615 0.0300712 0.00955038 0.0393867 -0.07648
internal_weight=2216 45 2171 70 2101 2077 1965 1940 372 339 1568 319 185 134 1533 1507 112 80 1473 162 85 1445 1425 48 45 49 60 1380 85 1295 1275 188 133 44 1087 902 866 643 223
internal_count=2216 45 2171 70 2101 2077 1965 1940 372 339 1568 319 185 134 1533 1507 112 80 1473 162 85 1445 1425 48 45 49 60 1380 85 1295 1275 188 133 44 1087 902 866 643 223
is_linear=0
shrinkage=0.05


Tree=183
num_leaves=40
num_cat=0
split_feature=30 28 22 6 4 5 6 5 33 30 15 22 30 14 24 30 7 13 27 24 3 4 23 7 5 5 5 29 8 5 5 28 3 26 10 24 9 8 5
split_gain=5260.69 2550.63 5048.79 1875.49 1960.22 2243.23 1593.09 1630.96 6682.97 24795.4 15010.4 7126.3 5543.82 3196.42 1687.97 1436.63 1086.56 3220.08 1088.99 884.201 1780.56 2104.15 976.851 1067.15 773.98 1812.22 951.748 1103.8 2993.57 783.949 676.361 890.759 613.375 595.691 604.278 1163.68 685.106 667.037 455.383
threshold=-2.4608415365219112 -1.5968321561813352 -1.6769025325775144 3.8310228586196904 2.1403487920761113 3.3049092292785649 2.872025847434998 -0.35460707545280451 -0.047481184825301163 0.73168373107910167 1.8629074692726137 -0.67624637484550465 0.71564781665802013 1.1104000210762026 0.79600855708122265 1.0098809599876406 1.6315463185310366 1.7659478187561037 -1.1777949333190916 -0.16323424130678174 -0.42983973026275629 -0.87243226170539845 0.71949946880340587 0.47772999107837683 -0.18429545313119886 -0.13407536596059796 0.27423581480979925 -0.44785918295383448 0.080681573599576964 0.56573072075843822 1.2699037194252016 0.24034354090690616 0.8902902901172639 1.6058637499809267 -1.0846204757690427 -1.1592360138893125 -1.2198464870452879 -1.0263187885284422 -0.018350804224610325
decision_type=2 2 2 2 2 2 2 2 2 2 2 2 2 2 2 2 2 2 2 2 2 2 2 2 2 2 2 2 2 2 2 2 2 2 2 2 2 2 2
left_child=-1 -2 -3 4 5 6 7 15 9 10 11 -9 13 14 24 16 18 -18 -4 -13 21 -21 23 -22 -10 -26 38 28 -28 32 31 -31 -29 34 35 36 -20 -36 -27
right_child=1 2 3 -5 -6 -7 -8 8 12 -11 -12 19 -14 -15 -16 -17 17 -19 33 20 22 -23 -24 -25 25 26 27 29 -30 30 -32 -33 -34 -35 37 -37 -38 -39 -40
leaf_value=0.70703664284486045 -0.43180433954511371 0.62184400372207171 -0.33536287184272495 -0.39697149924693576 0.45385561637256455 -0.5372610425949097 0.39154048849642281 0.8574608167012534 -0.19330502196594523 1.8195304630243261 1.3796030651955378 -0.36090037087599436 -0.66235287521071906 0.60723833508789538 -0.40097270622849468 -0.41556158615992622 -0.73114613700996756 0.004327707316564477 -0.15042304705436293 -0.13726369962096216 -0.16242700029503218 0.58801987960934643 -0.29334168767986391 0.26407149136066438 0.47227581508457661 -0.010855124355717139 0.56968763720604687 0.28635587800632822 -0.13705333481574883 -0.31297665209225989 0.015091887632809062 0.080029038304374342 -0.064556629657745362 -0.27690212056040764 0.26314764735491381 -0.44604671649310901 0.21111679660156368 -0.0094202279443992495 -0.19636946774974287
leaf_weight=26 35 32 28 31 23 20 25 21 54 23 21 30 35 20 30 26 22 46 38 20 44 20 65 22 20 55 31 33 29 46 101 21 20 22 23 23 20 932 83
leaf_count=26 35 32 28 31 23 20 25 21 54 23 21 30 35 20 30 26 22 46 38 20 44 20 65 22 20 55 31 33 29 46 101 21 20 22 23 23 20 932 83
internal_value=5.85307e-10 -0.00839404 -0.00151731 -0.0109132 -0.00519249 -0.0102955 -0.00515185 -0.0100517 0.0430191 0.250418 0.101901 -0.0189623 -0.0524275 -0.0131137 -0.0368365 -0.0480109 -0.0397298 -0.23362 -0.0275894 -0.110529 -0.0666041 0.225378 -0.155759 -0.0202608 -0.0146781 0.00729422 -0.0149006 0.0379087 0.228096 -0.0137259 -0.0666193 -0.189796 0.153936 -0.0194442 -0.0139769 -0.145096 -0.0257541 -0.00285577 -0.122433
internal_weight=2216 2190 2155 2123 2092 2069 2049 2024 844 266 243 222 578 543 523 1180 1154 68 1086 201 171 40 131 66 493 439 419 281 60 221 168 67 53 1058 1036 81 58 955 138
internal_count=2216 2190 2155 2123 2092 2069 2049 2024 844 266 243 222 578 543 523 1180 1154 68 1086 201 171 40 131 66 493 439 419 281 60 221 168 67 53 1058 1036 81 58 955 138
is_linear=0
shrinkage=0.05


Tree=184
num_leaves=40
num_cat=0
split_feature=30 30 6 25 30 30 30 15 17 31 7 7 11 26 12 27 29 6 29 13 5 6 27 20 7 3 30 29 7 5 21 13 7 9 8 9 5 7 27
split_gain=4747.77 2506.74 3794.45 3521.98 1942.87 6090.33 2123.48 1511.17 7028.71 2024.45 1364.04 3935.1 1647.84 1500.99 1423.88 1172.53 8057.73 1362.11 1003.11 989.701 721.334 507.056 486.601 1344.52 517.853 869.821 701.864 581.056 478.928 457.704 451.05 450.488 420.963 612.668 425.397 1040.92 1166.69 817.187 715.509
threshold=-2.4608415365219112 -0.88363802433013905 4.6428182125091562 -1.6367047429084776 1.3463437557220461 1.0567454695701601 0.9120679795742036 2.1951055526733403 1.8931055068969729 2.8130685091018681 1.2180948853492739 1.1032164096832278 1.6160847544670107 1.385194003582001 1.3774641752243044 -1.1976896524429319 -0.017847613431513306 2.872025847434998 -0.12860795110464093 -0.93772524595260609 0.082089379429817214 2.3298573493957524 -0.55673480033874501 0.2236004322767258 0.4650395959615708 -0.31615421175956721 0.23403161019086841 -0.021138607524335381 1.5522703528404238 -0.2192311808466911 1.1473011374473574 -1.2024326324462888 0.94995784759521495 0.88032019138336193 0.55667725205421459 0.39516223967075353 -0.08385527133941649 0.40063431859016424 0.0077290176413953313
decision_type=2 2 2 2 2 2 2 2 2 2 2 2 2 2 2 2 2 2 2 2 2 2 2 2 2 2 2 2 2 2 2 2 2 2 2 2 2 2 2
left_child=-1 19 3 -3 5 6 7 8 9 10 11 13 14 15 28 16 29 21 -9 31 30 22 23 24 25 -17 -26 -27 -12 -5 -14 -2 33 34 35 37 -37 38 -24
right_child=1 2 -4 4 -6 -7 -8 18 -10 -11 12 -13 20 -15 -16 17 -18 -19 -20 -21 -22 -23 32 -25 26 27 -28 -29 -30 -31 -32 -33 -34 -35 -36 36 -38 -39 -40
leaf_value=0.67168476899655971 -0.33632061310112477 -0.55248544139081035 0.6866856782883406 -0.27678097232624338 0.48085585009484061 -0.79436092749238019 0.47435521427541971 -0.46734442690919553 0.70062948208716191 0.47234070521186705 -0.056502552678988828 0.52676117143460688 -0.0080885709226131437 -0.41911991584030067 -0.66082427569411017 0.00090152552972237265 1.04689461261034 0.35403259390592579 -0.03604820737471947 -0.58014649748802183 -0.21585021554492415 -0.26197810435578939 0.06231151093305512 -0.43396206585069497 -0.056172359309026178 -0.10801685024052859 0.33164127342402938 -0.41529782259464265 -0.3703323246538639 0.020120417594909668 0.31048052564030515 -0.00072873041033744818 -0.17108900664995116 0.23793017417192461 -0.10395155895530479 0.03949399119457947 0.43981914083872531 -0.22351691320183731 -0.026715475211900864
leaf_weight=26 20 29 20 27 21 24 24 28 36 22 31 35 25 22 22 120 20 25 26 23 22 21 330 24 28 40 20 25 20 25 20 20 36 27 96 52 28 42 714
leaf_count=26 20 29 20 27 21 24 24 28 36 22 31 35 25 22 22 120 20 25 26 23 22 21 330 24 28 40 20 25 20 25 20 20 36 27 96 52 28 42 714
internal_value=4.59189e-10 -0.00797434 0.00123204 -0.0052744 0.00236233 -0.00252263 0.00682519 0.00123996 0.00844705 -0.00453814 -0.0100686 0.00189954 -0.160269 -0.00876838 -0.324608 -0.00345795 0.193997 -0.0121906 -0.259683 -0.318799 0.0187864 -0.0179021 -0.0146622 -0.0776266 -0.0409225 -0.0788915 0.105417 -0.226202 -0.179573 -0.13404 0.133498 -0.168525 -0.00244949 0.00226038 -0.00278169 0.00554791 0.179608 -0.00727418 0.00142524
internal_weight=2216 2190 2127 2107 2078 2057 2033 2009 1955 1919 1897 1757 140 1722 73 1700 72 1628 54 63 67 1603 1582 257 233 185 48 65 51 52 45 40 1325 1289 1262 1166 80 1086 1044
internal_count=2216 2190 2127 2107 2078 2057 2033 2009 1955 1919 1897 1757 140 1722 73 1700 72 1628 54 63 67 1603 1582 257 233 185 48 65 51 52 45 40 1325 1289 1262 1166 80 1086 1044
is_linear=0
shrinkage=0.05


Tree=185
num_leaves=40
num_cat=0
split_feature=9 16 27 33 29 5 5 30 5 8 30 28 29 29 5 20 0 23 5 11 6 21 29 27 5 14 8 9 5 8 22 27 22 20 0 7 13 4 29
split_gain=4731.6 15985 2432.88 1995.7 5105.59 1673.63 1576.01 2837.94 2652.24 8520.46 2544.6 2196.48 9549.09 2198.58 16684.6 3324.75 2215.19 1797.84 1342.8 1555.41 1032.76 1013.62 888.025 799.8 1609.19 770.578 631.333 1233.79 1936.09 714.183 669.549 1196.35 665.618 1673.31 873.413 1316.92 841.537 676.836 675.928
threshold=-1.4307110905647276 -1.5978951454162595 -1.9179521799087522 -0.04738738760352134 2.0162298083305363 3.5429087877273564 0.93583095073699962 1.0098809599876406 0.700014889240265 -0.039666689932346337 0.68561020493507396 -1.2250468134880064 -0.040798170492053025 -0.46025393903255457 0.068988487124443068 1.3485448360443117 0.91826033592224132 1.2781210541725161 0.09737375378608705 1.6160847544670107 2.5032929182052617 0.99927017092704784 -0.53842404484748829 -0.54561036825180043 0.017676653340458873 1.4663060307502749 0.37150499224662786 0.53685480356216442 -0.52273520827293385 0.13981591165065768 0.43905407190322882 0.78191867470741283 -0.23650609701871869 -0.24724111706018445 -0.88292127847671498 -0.064328864216804491 -0.33862903714179987 -0.60502564907073964 1.1304740905761721
decision_type=2 2 2 2 2 2 2 2 2 2 2 2 2 2 2 2 2 2 2 2 2 2 2 2 2 2 2 2 2 2 2 2 2 2 2 2 2 2 2
left_child=-1 -2 -3 4 5 6 7 8 11 -10 21 12 -4 14 15 16 -13 20 19 25 23 22 -8 24 -15 -19 29 28 -28 30 32 -32 33 38 36 37 -34 -36 -25
right_child=1 2 3 -5 -6 -7 10 -9 9 -11 -12 13 -14 17 -16 -17 -18 18 -20 -21 -22 -23 -24 26 -26 -27 27 -29 -30 -31 31 -33 34 -35 35 -37 -38 -39 -40
leaf_value=-0.60358764452976177 1.3816789763314385 -0.42409906150663601 -0.083041947073580924 -0.37778230015640424 0.80343446031212806 0.45589840978384022 0.21101259281558377 0.45168889686723968 -0.23311449921131136 1.1514804226160049 -0.6642763429880143 -0.026025052021226187 1.1642016697497597 -0.052462672379247288 1.1474152233889876 -0.56142707169055939 0.52896270245313648 -0.16155778792771427 -0.58107750524174084 0.028042199449105701 -0.25869346613307365 -0.35605171865650587 -0.081374685732880606 -0.023457821920913245 -0.46939415341174162 -0.5800448111512444 0.032351781013939117 -0.0026412520919450754 0.60511616098880772 -0.14322897994242537 0.35835468535695009 0.00080086244146029156 0.30341759742796426 0.45368290387448812 -0.40113203925745833 0.099917430310613578 -0.078723022056853068 -0.14923252729432923 0.25672007504364719
leaf_weight=32 21 34 57 34 20 20 31 36 25 20 20 178 21 162 34 27 20 22 22 55 46 28 160 336 27 22 36 139 25 102 34 75 25 21 35 45 34 112 23
leaf_count=32 21 34 57 34 20 20 31 36 25 20 20 178 21 162 34 27 20 22 22 55 46 28 160 336 27 22 36 139 25 102 34 75 25 21 35 45 34 112 23
internal_value=1.84195e-10 0.00884378 -0.00448472 0.00221649 0.00838354 0.000720397 -0.00370956 0.0121753 0.00328629 0.382261 -0.124408 -0.00654303 0.252754 -0.0187489 0.115059 -0.040941 0.0300343 -0.0435389 -0.227741 -0.149222 -0.0260852 -0.0751051 -0.0339192 -0.017393 -0.112024 -0.370801 -0.000228643 0.0796272 0.267091 -0.0191968 -0.00210044 0.112331 -0.0218676 0.0198686 -0.0850539 -0.136757 0.083201 -0.209209 -0.00550771
internal_weight=2216 2184 2163 2129 2095 2075 2055 1816 1780 45 239 1735 78 1657 259 225 198 1398 121 99 1277 219 191 1231 189 44 1042 200 61 842 740 109 631 380 251 192 59 147 359
internal_count=2216 2184 2163 2129 2095 2075 2055 1816 1780 45 239 1735 78 1657 259 225 198 1398 121 99 1277 219 191 1231 189 44 1042 200 61 842 740 109 631 380 251 192 59 147 359
is_linear=0
shrinkage=0.05


Tree=186
num_leaves=40
num_cat=0
split_feature=28 7 7 30 30 3 0 9 14 24 26 27 33 30 10 31 18 27 20 30 30 31 6 6 3 29 27 29 30 27 3 7 16 27 29 8 8 9 15
split_gain=4642.78 12368.2 5641.25 4482.01 1912.3 2058.39 47606.5 7189.62 15703.5 3912.73 10824.4 2701.41 2355.54 2222 2136.28 1611.6 1355.02 1433.4 1168.54 1149.15 1134.3 1125.02 1280.46 1120.96 1028.61 995.674 884.961 983.155 863.708 685.492 684.029 1644.45 1066.62 811.303 2546.76 955.476 658.409 1117.88 985.98
threshold=-1.5452485680580137 -0.59727227687835682 -1.3164669871330259 -2.4608415365219112 1.2409112453460696 -0.094295192509889589 -0.64681804180145253 1.2217946052551272 1.5510139465332033 0.93824729323387157 0.85170072317123424 -0.36435574293136591 -0.047424484044313424 0.9120679795742036 -1.2903800606727598 2.7546710968017583 1.757795035839081 -1.1976896524429319 1.3485448360443117 -0.61167719960212696 -0.7744469642639159 -0.85590088367462147 -0.13905031234025952 2.872025847434998 -0.15286046266555783 -0.30403797328472132 -0.63516500592231739 -0.070885017514228807 -0.50479614734649647 -1.0741553902626035 0.15994696319103244 -0.36946609616279596 0.96606171131134044 -0.094435125589370714 -0.44785918295383448 0.27343381941318518 -0.45636497437953943 -0.65864154696464527 0.18261754512786868
decision_type=2 2 2 2 2 2 2 2 2 2 2 2 2 2 2 2 2 2 2 2 2 2 2 2 2 2 2 2 2 2 2 2 2 2 2 2 2 2 2
left_child=1 -1 3 -2 5 13 -7 9 -9 10 12 -11 15 14 -4 18 17 25 26 -14 -19 -18 -23 24 -22 -16 27 -8 -28 -5 31 -30 33 34 -32 -36 37 -35 -38
right_child=2 -3 4 29 -6 6 7 8 -10 11 -12 -13 19 -15 16 -17 21 20 -20 -21 23 22 -24 -25 -26 -27 28 -29 30 -31 32 -33 -34 36 35 -37 38 -39 -40
leaf_value=1.4294552522897721 -1.0429531538351016 -0.23872763234376909 0.46794231512716844 -0.37007145816072207 0.49087431237101553 2.4703477758169177 -0.045646871360284946 1.2744811262145188 -0.25663646444240035 -0.90655909010342184 1.1045281104699132 -0.14409735374725782 -0.6751713804155588 -0.52805869294249497 -0.1200942928461652 -0.42431711647659542 0.043345773220062257 -0.34147891247501744 -0.3824803650379181 -0.17893853123698916 -0.0064940768658296238 -0.70316187322139745 -0.15613544712895933 0.36358159467577938 -0.33116681098937994 -0.55594291932880879 0.31633127200976019 -0.45404032476246359 0.4469899719002946 0.0078318831821282704 0.45699346230831001 -0.052960017186246426 0.27880303531885148 -0.11046131660498806 -0.13039498612674516 0.20588734676795351 -0.30122230611150225 0.25293291073405383 -0.043902327292240584
leaf_weight=20 22 25 21 24 20 20 56 33 34 21 21 26 20 23 38 24 20 26 20 28 1008 20 23 20 25 20 25 20 29 24 32 38 30 59 86 28 63 33 91
leaf_count=20 22 25 21 24 20 20 56 33 34 21 21 26 20 23 38 24 20 26 20 28 1008 20 23 20 25 20 25 20 29 24 32 38 30 59 86 28 63 33 91
internal_value=-1.24549e-09 0.502687 -0.0104196 -0.451982 0.00429215 -0.000384279 0.0602399 0.00124091 0.497496 -0.0430912 -0.0135621 -0.484772 -0.0479901 -0.041174 -0.0320025 -0.022422 -0.0407516 -0.0282449 -0.0066097 -0.385702 -0.0152289 -0.266467 -0.410566 -0.00717338 -0.0143516 -0.270387 0.00613168 -0.153119 0.0296784 -0.18112 0.0150234 0.163436 -0.00853979 -0.0305303 0.0628402 -0.0477993 -0.0859453 0.0198866 -0.14917
internal_weight=2216 45 2171 70 2101 2081 837 817 67 750 703 47 682 1244 1221 634 1200 1137 610 48 1079 63 43 1053 1033 58 590 76 514 48 489 67 422 392 146 114 246 92 154
internal_count=2216 45 2171 70 2101 2081 837 817 67 750 703 47 682 1244 1221 634 1200 1137 610 48 1079 63 43 1053 1033 58 590 76 514 48 489 67 422 392 146 114 246 92 154
is_linear=0
shrinkage=0.05


Tree=187
num_leaves=40
num_cat=0
split_feature=30 28 22 6 4 7 21 30 6 18 19 18 18 30 16 24 29 24 8 7 7 3 26 11 29 29 29 29 30 27 27 27 5 24 17 15 16 3 4
split_gain=5111.95 2413.84 4658.32 1901.95 2082.14 1644.23 5821.56 5719.05 1992.88 1327.55 5394.48 1945.69 6149.72 1162.31 1139.62 1119.43 1059.44 1054.55 1747.46 984.605 4352 1781.14 1424.16 834.334 671.156 741.297 633.98 854.01 642.352 1607.85 606.45 571.185 561.037 515.076 538.46 601.598 792.023 568.986 463.911
threshold=-2.4608415365219112 -1.5968321561813352 -1.6769025325775144 2.9478129148483281 2.1403487920761113 -0.66309869289398182 -1.0041311383247373 1.0098809599876406 2.1986874341964726 2.3164981603622441 2.0734702348709111 1.8405267000198366 1.7019748687744143 1.0098809599876406 -0.86362808942794789 -0.70586934685707081 1.6874600648880007 -0.65101107954978932 -0.59926411509513844 1.2180948853492739 1.1032164096832278 0.86135217547416698 1.3244962692260744 1.2636781334877016 1.1304740905761721 0.91963148117065441 -0.46601891517639155 -0.4286902099847793 -0.30713127553462977 0.3867646604776383 -0.14685618877410886 -0.29657208919525141 0.76551932096481334 -0.55274087190628041 -0.44081726670265192 -0.3122249543666839 -0.30314393341541285 -0.12116631492972373 1.4715248346328738
decision_type=2 2 2 2 2 2 2 2 2 2 2 2 2 2 2 2 2 2 2 2 2 2 2 2 2 2 2 2 2 2 2 2 2 2 2 2 2 2 2
left_child=-1 -2 -3 4 5 13 -7 8 9 10 11 12 14 16 -8 -16 24 -17 -19 20 22 23 26 -21 25 38 32 -28 29 31 -5 -29 -20 -30 37 36 -36 -35 -4
right_child=1 2 3 30 -6 6 7 -9 -10 -11 -12 -13 -14 -15 15 17 -18 18 19 21 -22 -23 -24 -25 -26 -27 27 28 33 -31 -32 -33 -34 34 35 -37 -38 -39 -40
leaf_value=0.69696988417552075 -0.42017415348972592 0.59718693923205135 -0.065406316484635074 -0.49382182743645742 0.49258288372130626 0.84445370350565241 -0.36274907477200036 0.7887201210726863 0.47793102576619106 -0.31250706596506972 0.77184737351807686 -0.41553067594766618 0.86189641058444977 -0.41223040062647603 0.25991605506795973 -0.35108810483167568 -0.36717764288187027 0.44714649237692355 -0.065823989457479026 -0.28234987574996373 0.58488002829874552 -0.58984853520989422 -0.40638017542660237 0.021928176094948407 0.18247864332435459 -0.33026143455505375 0.30661650181493982 0.17419633256352468 0.22970962271094325 0.51564428493380543 -0.16139092493583174 -0.1594582214437682 -0.31223490355270256 -0.05369983385317028 0.0076937502775436791 -0.027521799722405926 0.39469955027103426 -0.34412184071082336 0.13617181821215538
leaf_weight=26 35 32 360 23 21 21 24 23 21 36 22 30 20 26 36 24 28 20 132 33 30 20 24 71 29 25 22 23 20 20 34 29 28 48 39 684 20 26 31
leaf_count=26 35 32 360 23 21 21 24 23 21 36 22 30 20 26 36 24 28 20 132 33 30 20 24 71 29 25 22 23 20 20 34 29 28 48 39 684 20 26 31
internal_value=-7.33824e-10 -0.00827453 -0.00158474 -0.01061 -0.00274923 -0.00783577 0.0176355 0.00624976 -0.00573214 -0.0125903 -0.00511832 -0.0171304 -0.00855039 -0.0867506 -0.0212299 -0.0151539 -0.0688596 -0.0226958 -0.0165815 -0.02389 -0.00939635 -0.157723 -0.0253859 -0.0746216 -0.050089 -0.0663016 -0.0170047 -0.00120382 -0.00865382 0.134654 -0.29553 -0.0118802 -0.108946 -0.0209814 -0.0271183 -0.014308 0.138882 -0.15574 -0.0494244
internal_weight=2216 2190 2155 2123 2066 2045 1546 1525 1502 1481 1445 1423 1393 499 1373 1349 473 1313 1289 1269 1145 124 1115 104 445 416 1091 931 909 72 57 52 160 837 817 743 59 74 391
internal_count=2216 2190 2155 2123 2066 2045 1546 1525 1502 1481 1445 1423 1393 499 1373 1349 473 1313 1289 1269 1145 124 1115 104 445 416 1091 931 909 72 57 52 160 837 817 743 59 74 391
is_linear=0
shrinkage=0.05


Tree=188
num_leaves=40
num_cat=0
split_feature=30 6 27 22 30 30 30 4 4 30 27 15 3 24 26 6 3 30 27 3 20 29 5 5 0 8 27 3 7 6 11 30 7 17 29 29 4 0 13
split_gain=4613.54 2198.08 4768.41 2734.84 2084.36 5638.67 2005.94 1386.06 6086.26 10335.8 3887.03 22304.5 3219.07 2343.76 5364.86 1526.24 1429.53 1509.42 1127.15 4930.98 885.849 884.506 965.582 3417 874.725 836.61 758.203 700.724 672.777 672.632 643.879 606.87 757.656 568.839 556.239 505.986 472.856 623.188 462.825
threshold=-2.4608415365219112 4.711318016052247 -1.8494415283203123 -1.6634678840637205 1.3463437557220461 1.0567454695701601 0.9120679795742036 0.63365083932876598 0.73200729489326488 0.05640011094510556 -0.61005219817161549 0.36852522194385534 2.6286451816558842 0.84042927622795116 0.76333037018775951 2.872025847434998 -0.63102862238883961 0.38850161433219915 -1.1976896524429319 -0.55937233567237843 0.47406832873821264 -0.9346151053905486 0.82119813561439525 1.2087662220001223 0.033946326933801181 1.3023713231086733 -0.38315139710903162 -0.35542738437652582 0.87011989951133739 1.5763595104217532 2.0714380741119389 -0.61167719960212696 -0.97051039338111866 0.38609384000301367 -0.36884078383445734 -0.051848068833351128 1.4715248346328738 0.58968329429626476 1.374600410461426
decision_type=2 2 2 2 2 2 2 2 2 2 2 2 2 2 2 2 2 2 2 2 2 2 2 2 2 2 2 2 2 2 2 2 2 2 2 2 2 2 2
left_child=-1 2 3 -2 5 6 7 13 9 -9 11 27 15 14 18 24 30 20 19 -4 -18 -20 28 -24 -12 -22 -27 -10 31 34 38 32 -23 -31 -26 -19 -36 -38 -15
right_child=1 -3 4 -5 -6 -7 -8 8 10 -11 12 -13 -14 16 -16 -17 17 35 21 -21 25 22 23 -25 29 26 -28 -29 -30 33 -32 -33 -34 -35 36 -37 37 -39 -40
leaf_value=0.66212143754729869 -0.79071249506281072 0.51391602739691733 -0.19513944387435914 -0.10978271760817232 0.49537177994137721 -0.78381792682668439 0.45785554895798369 1.4656326705962419 -0.041567038541490381 -0.14183524969965219 0.25670815234382949 1.7765315975993872 -0.64594075963610698 -0.0073412844497296546 0.67413653171268006 0.40444451109284452 -0.65460453396258156 0.13029972379622254 -0.28258752883411947 0.82537906661629679 -0.096504204273223884 -0.38085143382016284 0.69935231208801274 -0.018225876386631045 -0.17329354775401784 -0.23966027919880373 -0.66502465844154368 -0.41663470454048368 -0.2594996911864127 -0.4347902619838715 0.19292011120915414 -0.014122037585370556 -0.012083776344855628 -0.07373774675652385 -0.075234368725708045 -0.20135807621738186 0.32672158105298882 0.022650906913609149 -0.24972883097587095
leaf_weight=26 30 20 29 29 21 23 24 20 33 20 24 20 21 54 29 21 23 23 32 20 30 26 21 79 53 22 20 20 31 20 25 993 30 24 99 23 20 107 31
leaf_count=26 30 20 29 29 21 23 24 20 33 20 24 20 21 54 29 21 23 23 32 20 30 26 21 79 53 22 20 20 31 20 25 993 30 24 99 23 20 107 31
internal_value=7.66085e-10 -0.0078608 -0.0126698 -0.456018 -0.000278732 -0.00525895 0.00340426 -0.00193438 0.0702222 0.661899 0.0189948 0.353784 -0.0438319 -0.0254403 0.00175963 -0.00947245 -0.165233 -0.270627 -0.0137034 0.221399 -0.384464 -0.0232084 -0.0161744 0.132466 -0.0345222 -0.298169 -0.442215 -0.183102 -0.0299373 -0.0561616 -0.0301365 -0.0231533 -0.183297 -0.237853 -0.0275078 -0.0355292 0.00668087 0.0705361 -0.0957414
internal_weight=2216 2190 2170 59 2111 2090 2067 2043 502 40 462 73 389 1541 1290 368 251 141 1261 49 95 1212 1180 100 347 72 42 53 1080 323 110 1049 56 44 279 46 226 127 85
internal_count=2216 2190 2170 59 2111 2090 2067 2043 502 40 462 73 389 1541 1290 368 251 141 1261 49 95 1212 1180 100 347 72 42 53 1080 323 110 1049 56 44 279 46 226 127 85
is_linear=0
shrinkage=0.05


Tree=189
num_leaves=40
num_cat=0
split_feature=12 22 30 16 30 29 29 27 3 27 27 10 30 3 22 20 18 29 15 6 5 13 9 24 10 8 22 33 19 25 2 15 15 25 3 0 20 31 6
split_gain=4581.92 16717.9 5499.72 2827.78 4510.37 1407.32 3618.99 20693.8 66751.3 2961.68 2876.8 12425.1 2575.16 1982.17 2467.28 2010.9 7376.74 1869.36 1572.96 1370.92 1249.59 981.268 679.118 1210.41 672.67 919.901 2285.25 738.606 686.368 2768.89 685.351 610.578 3105.17 662.999 573.44 965.493 1034.66 567.083 1214.33
threshold=-1.3944663405418394 -1.6634678840637205 -2.4608415365219112 -1.5391532182693479 -1.3757219314575193 0.24387346208095553 -0.0043747618328779927 -0.61005219817161549 -0.040552949532866471 -0.98058652877807606 -0.50910717248916615 -0.53129842877387989 1.0098809599876406 2.4729304313659672 2.3331806659698491 1.5960392355918886 1.4427022337913515 0.21100564301013949 1.8629074692726137 2.872025847434998 0.053704112768173225 0.52195915579795849 1.1875331997871401 1.0651214122772219 -1.0616104006767271 -0.88515466451644886 -0.73735532164573658 -0.047488911077380173 0.18809021264314654 0.35472053289413458 1.1408391594886782 -0.57336550951004017 -0.5110393464565276 -0.69581073522567738 -0.81843748688697804 -0.88292127847671498 0.14839695394039157 -0.10122772306203841 -0.20609266310930249
decision_type=2 2 2 2 2 2 2 2 2 2 2 2 2 2 2 2 2 2 2 2 2 2 2 2 2 2 2 2 2 2 2 2 2 2 2 2 2 2 2
left_child=2 -2 -1 -3 -5 6 13 8 -8 -7 11 -11 24 14 15 16 19 20 -17 22 37 -22 31 -24 30 26 -26 -27 -29 -30 -12 33 -33 -6 -34 36 -36 -9 -39
right_child=1 3 -4 4 5 9 7 17 -10 10 12 -13 -14 -15 -16 18 -18 -19 -20 -21 21 -23 23 -25 25 27 -28 28 29 -31 -32 32 34 -35 35 -37 -38 38 -40
leaf_value=-1.0587600710378451 1.2723919907441505 -0.56712903217835864 -0.074533907447475942 0.71486275656656784 -0.054395362889016113 -0.63018182205117279 -0.22618207601276608 -0.039549112666223275 3.3590852218866347 1.2511091533161345 -0.083579806052148348 -0.27926301336329845 -0.53222700689108149 -0.4393868272858007 0.47768285536766053 -0.076543583953753117 0.85773748146990936 0.35904320981353521 -0.60012155748330631 0.37107190184649969 -0.090716159942729233 -0.48816965371370319 -0.50998574733734137 -0.072209750428795821 -0.15141269017396303 0.17163999881033368 0.49414113482030536 -0.16856609663829722 0.51544066042240178 -0.11110412078147586 -0.4378038264472377 0.5712534706553688 -0.085921405735276818 -0.27272925958746957 0.39345853808335962 -0.017823597771609523 -0.0026608714833855629 0.42051725909113885 -0.023434989968704623
leaf_weight=22 26 22 40 22 202 23 37 149 20 21 36 36 31 28 25 32 24 32 26 21 44 24 20 75 29 29 26 145 21 110 22 23 219 42 32 379 34 24 43
leaf_count=22 26 22 40 22 202 23 37 149 20 21 36 36 31 28 25 32 24 32 26 21 44 24 20 75 29 29 26 145 21 110 22 23 219 42 32 379 34 24 43
internal_value=-5.17092e-10 0.0121978 -0.423775 -0.0031993 0.0026917 -0.00482642 0.0191387 0.154924 1.03181 -0.0752722 -0.050049 0.284558 -0.092527 -0.0237106 -0.0136249 -0.0245041 -0.00897538 -0.00324781 -0.311251 -0.0288427 -0.0440693 -0.230994 -0.0370281 -0.164373 -0.0599177 -0.0344584 0.153758 -0.0683991 -0.0936206 -0.0106656 -0.217941 -0.0240337 9.76739e-05 -0.0919774 -0.0196863 0.0129102 0.189397 0.0147773 0.135593
internal_weight=2216 2154 62 2128 2106 2084 1555 373 57 529 506 57 449 1182 1154 1129 1071 316 58 1047 284 68 1026 95 418 360 55 305 276 131 58 931 687 244 664 445 66 216 67
internal_count=2216 2154 62 2128 2106 2084 1555 373 57 529 506 57 449 1182 1154 1129 1071 316 58 1047 284 68 1026 95 418 360 55 305 276 131 58 931 687 244 664 445 66 216 67
is_linear=0
shrinkage=0.05


Tree=190
num_leaves=40
num_cat=0
split_feature=30 30 30 25 6 3 30 30 30 16 16 17 17 16 23 11 11 13 27 27 13 29 9 15 6 16 15 29 25 21 30 19 18 27 5 5 29 16 30
split_gain=4719.8 2306.86 3458.01 3201.78 1631.67 2175.47 1523.09 4818.01 2268.89 1245.81 1168.47 6151.36 2854.94 4788.92 1106.61 5359.21 2240.03 1252.62 1060.99 4996.11 907.573 828.494 807.49 589.06 905.427 711.927 2406.95 890.576 875.438 1155.43 836.656 702.774 570.672 838.009 531.818 809.257 853.416 687.987 552.023
threshold=-2.4608415365219112 -0.88363802433013905 -0.7744469642639159 -1.6367047429084776 2.9478129148483281 2.5976400375366215 1.3463437557220461 1.0567454695701601 0.9120679795742036 -1.5391532182693479 2.2964339256286626 2.6455668210983281 1.942263722419739 1.840181350708008 1.3886072635650637 1.2636781334877016 1.5929055213928225 0.88261732459068309 -1.2386001944541929 -1.1030309796333311 -0.93772524595260609 -0.48264776170253748 -0.51890775561332692 -0.81912797689437855 2.2540702819824223 -0.63082122802734364 -0.58635970950126637 -0.012016487307846544 -0.58439117670059193 -0.55546247959136952 0.0032033097231760625 -0.72336301207542408 0.62438172101974498 -0.8057689070701598 -0.15154322236776349 -0.54020306468009938 0.04523908160626889 -1.2818565368652342 -0.13918532431125638
decision_type=2 2 2 2 2 2 2 2 2 2 2 2 2 2 2 2 2 2 2 2 2 2 2 2 2 2 2 2 2 2 2 2 2 2 2 2 2 2 2
left_child=-1 20 -3 -4 5 6 7 8 9 -5 12 -12 13 14 15 17 -16 18 21 -20 -2 -11 -6 34 25 26 27 30 -27 -30 -25 -29 33 -19 35 37 -37 -21 -36
right_child=1 2 3 4 22 -7 -8 -9 -10 10 11 -13 -14 -15 16 -17 -18 32 19 23 -22 -23 -24 24 -26 28 -28 31 29 -31 -32 -33 -34 -35 38 36 -38 -39 -40
leaf_value=0.66970331531304583 -0.16222155058756471 0.56312785579098601 -0.55775731412264018 0.37441853394901214 -0.007280379384756089 0.45381762142534615 0.42553620395206271 -0.72197593644909241 0.5228625419593993 -0.035023459792137147 0.83795149922370915 -0.35842800857055757 -0.49377623716990149 0.74867878449814662 -0.56192025407044977 0.72526254355907449 -0.025812519022396636 -0.11695882552303374 0.7547307739203627 0.17429479770844097 -0.5563947673725046 -0.4694012048698607 -0.40161067059112565 0.082113477350635969 0.34377926424145699 -0.23452498156849932 0.62133266914635898 0.35208408804237845 0.33014409501965231 -0.0073236839067129817 -0.3447660273561875 -0.019200030656961298 -0.065905334946000954 -0.50780663861272235 -0.14875422823429107 -0.061593111488036811 -0.41204847356206492 -0.10651529961773619 0.14099295479245486
leaf_weight=26 40 27 26 22 20 27 21 23 21 23 22 21 30 21 27 25 70 32 22 29 23 21 37 22 20 41 20 25 26 1037 24 26 64 24 25 32 38 88 48
leaf_count=26 40 27 26 22 20 27 21 23 21 23 22 21 30 21 27 25 70 32 22 29 23 21 37 22 20 41 20 25 26 1037 24 26 64 24 25 32 38 88 48
internal_value=-1.12606e-09 -0.00795082 0.00088089 -0.006348 0.000564557 0.00801988 0.00197137 -0.00254609 0.00595694 0.000317969 -0.00400689 0.253673 -0.00996401 -0.00203266 -0.0107474 -0.00143885 -0.175038 -0.012208 -0.000285186 0.00670786 -0.306126 -0.24234 -0.263249 -0.00425583 0.0100812 0.00461526 0.121895 0.0189177 -0.0078138 0.000930467 -0.140606 0.162802 -0.1679 -0.284465 -0.0726877 -0.117367 -0.25184 -0.0369128 0.0417645
internal_weight=2216 2190 2127 2100 2074 2017 1990 1969 1946 1925 1903 43 1860 1830 1809 1712 97 1687 1567 1523 63 44 57 1501 1241 1221 117 97 1104 1063 46 51 120 56 260 187 70 117 73
internal_count=2216 2190 2127 2100 2074 2017 1990 1969 1946 1925 1903 43 1860 1830 1809 1712 97 1687 1567 1523 63 44 57 1501 1241 1221 117 97 1104 1063 46 51 120 56 260 187 70 117 73
is_linear=0
shrinkage=0.05


Tree=191
num_leaves=40
num_cat=0
split_feature=28 30 7 30 11 7 8 12 3 4 5 5 12 3 30 28 30 33 27 22 30 15 21 29 5 5 27 0 30 29 29 7 8 12 6 33 27 27 0
split_gain=4486.07 11447.2 5335.4 4614.45 1819.76 9373.64 2747.06 12955.9 2054.64 1986.64 2491.49 7516.92 7426.04 15636 4237.11 2449.57 2206.28 1484.64 1475.39 1500.13 1363.1 1175.15 878.202 941.242 764.978 861.8 861.184 1372.44 886.505 1975.71 901.51 753.744 1341.65 728.012 627.424 606.268 719.735 584.701 571.455
threshold=-1.5452485680580137 -0.18787831068038938 -1.3164669871330259 -2.4608415365219112 1.6160847544670107 1.6315463185310366 1.1994026899337771 1.2761033177375796 0.11722877249121667 2.1403487920761113 -0.25416688621044153 -0.27381822466850275 -1.2313437461853025 -0.81981548666954029 0.9120679795742036 -1.2078976035118101 -1.0270565152168272 -0.047483431175351136 -0.60438063740730275 0.028128980658948425 0.9120679795742036 1.0725123882293703 -0.69065865874290455 -0.091077558696269975 -0.18429545313119886 -0.14062581211328504 0.57176432013511669 -0.7135351002216338 -0.13500295579433438 -0.44785918295383448 -0.43391843140125269 1.8037331700325014 2.1217476129531865 2.6859822273254399 2.872025847434998 -0.047482512891292565 0.3867646604776383 -1.0741553902626035 0.41779297590255743
decision_type=2 2 2 2 2 2 2 2 2 2 2 2 2 2 2 2 2 2 2 2 2 2 2 2 2 2 2 2 2 2 2 2 2 2 2 2 2 2 2
left_child=1 -1 3 -2 5 6 7 9 21 10 11 12 13 -4 16 -14 -12 31 19 22 34 -8 23 -18 -20 -26 27 -27 30 -30 -29 -6 -33 -34 -17 -31 -37 -5 -32
right_child=2 -3 4 37 17 -7 8 -9 -10 -11 14 -13 15 -15 -16 20 18 -19 24 -21 -22 -23 -24 -25 25 26 -28 28 29 35 38 32 33 -35 -36 36 -38 -39 -40
leaf_value=1.385728577375412 -1.0393072192980486 -0.21914760768413544 -0.20228755042965837 -0.33934089780474702 0.13584995520456386 0.97717933684587488 0.16720437180736791 1.1229172702019032 -0.61568259497483568 0.48259845049608324 -0.57565105374902481 0.99900463765021419 0.48495692074298857 1.6906615871191026 -0.7349028666814168 -0.014472819507654817 -0.085887224266403606 -0.5709829790251596 -0.242327440623194 -0.57296277338808232 -0.38828423991799355 -0.35684483256191019 0.068202913627744874 -0.49684115634723147 0.32336894060884203 0.40997656609701078 -0.11689840180108385 -0.43206570189446208 0.42043307963758708 0.23658269140869381 -0.21237784044250199 -0.48071355462074283 0.19008338018542245 -0.22625334816319601 0.19794070604774688 -0.063625419444166303 0.24644561551866079 0.0096757921079794577 0.13296268850564957
leaf_weight=20 22 25 24 24 24 25 23 26 30 21 20 20 25 20 24 1013 38 21 32 22 24 20 39 22 21 23 124 20 32 24 23 25 21 21 36 172 21 24 25
leaf_count=20 22 25 24 24 24 25 23 26 30 21 20 20 25 20 24 1013 38 21 32 22 24 20 39 22 21 23 124 20 32 24 23 25 21 21 36 172 21 24 25
internal_value=5.97611e-10 0.494131 -0.0102422 -0.439667 0.00406513 0.0151073 0.002861 0.0144795 -0.298105 -0.000973279 -0.00648033 0.0380451 0.0212157 0.658144 -0.0823433 -0.00430783 -0.0585418 -0.192033 -0.0423315 -0.1995 -0.0157073 -0.0765394 -0.116508 -0.23657 -0.00554735 0.0100753 -0.00410398 0.0370328 0.00997379 0.0536692 -0.150028 -0.104583 -0.190708 -0.018085 -0.00718313 -0.000415805 -0.0298871 -0.164833 -0.032513
internal_weight=2216 45 2171 70 2101 1989 1964 1891 73 1865 1844 1162 1142 44 682 1098 658 112 638 121 1073 43 99 60 517 485 464 340 317 249 68 91 67 42 1049 217 193 48 48
internal_count=2216 45 2171 70 2101 1989 1964 1891 73 1865 1844 1162 1142 44 682 1098 658 112 638 121 1073 43 99 60 517 485 464 340 317 249 68 91 67 42 1049 217 193 48 48
is_linear=0
shrinkage=0.05


Tree=192
num_leaves=40
num_cat=0
split_feature=15 20 5 5 30 29 30 30 16 26 9 27 5 7 29 29 23 4 28 29 26 10 19 28 5 28 4 6 21 6 5 28 16 30 27 11 20 8 23
split_gain=4845.58 5876.35 1724.53 20863.8 6786.74 4600.6 4412.33 4039.49 3353.18 15077.2 1604.48 1703.42 7699.05 1696.33 2752.48 1359.09 1296.86 1193.3 1046.03 965.191 1107.54 1245.41 1003.99 1771.37 2074.92 1344.76 809.412 736.584 595.541 549.973 545.578 498.333 492.46 694.286 465.282 981.867 1999.15 1195.09 677.875
threshold=-1.584319472312927 -1.6251678466796873 0.11047465354204179 0.068988487124443068 1.0098809599876406 1.6874600648880007 0.73168373107910167 -1.0270565152168272 0.64076015353202831 0.9546494483947755 0.46836832165718084 -1.1976896524429319 -0.57513877749443043 0.32105529308319097 -0.39011573791503901 -0.34897872805595392 0.38480401039123541 0.30046838521957403 2.1302229166030888 -0.12860795110464093 0.24659895896911624 -0.19707467406988141 -0.68080735206603993 -0.095167335122823701 0.82119813561439525 0.065179686993360533 -0.2023789584636688 2.5266120433807377 -1.345325708389282 1.5763595104217532 0.36375859379768377 0.33689612150192266 0.71212014555931102 0.40120925009250646 0.54337596893310558 -0.34948767721652979 0.41036282479763037 -0.41646523773670191 -0.96705266833305348
decision_type=2 2 2 2 2 2 2 2 2 2 2 2 2 2 2 2 2 2 2 2 2 2 2 2 2 2 2 2 2 2 2 2 2 2 2 2 2 2 2
left_child=-1 -2 3 4 5 10 7 -4 9 19 11 12 -3 27 -15 -10 -16 26 29 22 21 30 28 24 -24 -25 -17 34 -9 32 -21 -27 33 -12 -13 37 -37 38 -36
right_child=1 2 6 -5 -6 -7 -8 8 15 -11 18 13 -14 14 16 17 -18 -19 -20 20 -22 -23 23 25 -26 31 -28 -29 -30 -31 -32 -33 -34 -35 35 36 -38 -39 -40
leaf_value=0.55240156136644192 -0.78795212929447489 -0.25929947406626663 -0.73621741652488715 1.5907890910194036 0.71381335005615698 0.74255171887576576 -0.60459589547402148 0.054441950178664669 -0.53043933078165983 1.2469431037902832 -0.087135212810435264 -0.038407334751096575 1.0455661708116533 0.67629917762849645 -0.18838091716170313 -0.17199500370770693 0.24629429325058655 -0.34714846083751094 -0.36739302567073279 0.074467822087222135 -0.34532905849383067 0.27128886995980372 0.055396767476430311 -0.3099229312860049 0.70010520570601031 0.27425075567194396 0.24787697643041612 -0.24391579959386342 -0.29178833586888181 -0.29039076836458566 -0.17706740765743667 -0.026807467584256773 -0.011974400263849876 -0.39229642315344382 -0.11194835492051565 0.58363624496216127 0.049510086778832903 -0.34455830884667549 0.089133424747545847
leaf_weight=39 24 26 20 21 33 20 37 23 31 25 122 628 20 23 32 24 37 39 35 29 38 26 26 26 24 28 22 36 27 29 84 27 196 22 65 22 86 26 118
leaf_count=39 24 26 20 21 33 20 37 23 31 25 122 628 20 23 32 24 37 39 35 29 38 26 26 26 24 28 22 36 27 29 84 27 196 22 65 22 86 26 118
internal_value=2.50398e-10 -0.00989603 -0.00122286 0.0251811 0.00431953 -0.0108543 -0.0770629 -0.0394546 -0.0115282 0.0598027 -0.0207481 0.0100883 0.308033 -0.00268476 0.202604 -0.247043 0.0447058 -0.143687 -0.106159 -0.0230982 -0.106119 -0.0407236 0.0580881 0.13084 0.364857 -0.0136145 0.0288133 -0.0219371 -0.132522 -0.0813803 -0.112514 0.126459 -0.0635529 -0.133757 -0.0134808 0.0359005 0.158314 -0.0273561 0.0177109
internal_weight=2216 2177 2153 1597 1576 1543 556 519 499 383 1523 1119 46 1073 92 116 69 85 404 358 177 139 181 131 50 81 46 981 50 369 113 55 340 144 945 317 108 209 183
internal_count=2216 2177 2153 1597 1576 1543 556 519 499 383 1523 1119 46 1073 92 116 69 85 404 358 177 139 181 131 50 81 46 981 50 369 113 55 340 144 945 317 108 209 183
is_linear=0
shrinkage=0.05


Tree=193
num_leaves=40
num_cat=0
split_feature=30 28 22 16 19 30 26 6 5 31 14 31 13 7 13 15 5 30 15 12 5 22 27 12 7 28 33 3 6 29 29 29 30 3 3 22 21 4 21
split_gain=4592.71 2348.89 4605.23 1854.74 4046.48 2844.93 2707.09 1328.92 2600.07 1399.51 14918 4031.06 1903.06 6713.83 1892.61 904.628 826.935 846.588 735.628 626.865 639.782 663.684 862.827 1244.21 608.753 599.578 588.921 573.199 470.19 455.737 1513.14 610.742 565.779 663.376 1779.4 1495.3 2335.9 1166.99 1122.98
threshold=-2.4608415365219112 -1.5968321561813352 -1.6769025325775144 -1.043636620044708 -1.0584476590156553 1.0098809599876406 -0.82753142714500416 2.9755042791366582 3.179359078407288 0.83366858959198009 1.4366199374198916 0.9533381760120393 0.90714541077613842 1.1551225781440737 0.68816852569580089 -1.5233836174011228 0.053704112768173225 0.40120925009250646 1.7172574996948244 -0.90808945894241322 0.24803403764963153 -1.3616196513175962 0.48457282781600958 -1.0976715683937071 -0.16928865760564801 -1.0641618371009824 -0.047448830679059022 -0.18731062114238736 1.0881162881851199 -0.5066140592098235 -0.44785918295383448 -0.42408676445484156 -0.57159388065338124 -0.60071250796318043 -0.63929668068885792 0.43905407190322882 0.62624451518058788 -0.18270766735076902 0.051940530538558967
decision_type=2 2 2 2 2 2 2 2 2 2 2 2 2 2 2 2 2 2 2 2 2 2 2 2 2 2 2 2 2 2 2 2 2 2 2 2 2 2 2
left_child=-1 -2 -3 6 -5 7 15 8 9 12 11 -11 13 18 26 -4 -14 -18 25 20 21 27 23 -23 -9 -6 -13 -17 29 -27 -31 -32 -33 34 -34 38 -37 -38 -35
right_child=1 2 3 4 5 -7 -8 24 -10 10 -12 14 16 -15 -16 19 17 -19 -20 -21 -22 22 -24 -25 -26 28 -28 -29 -30 30 31 32 33 35 -36 36 37 -39 -40
leaf_value=0.66062537202468286 -0.41416341264333045 0.59410547781153589 -0.3435996404649424 0.697561773515883 -0.25970961021569872 0.47447211665491906 -0.58123723035057384 -0.066521634608507157 0.56517134368419641 0.53901955602069707 1.3754635351044793 0.029456870815519134 -0.10610742758560394 0.90624467082321647 -0.36800714585516192 -0.078995898308662271 -0.47892582661965322 -0.068959257751703265 -0.31825114488601686 -0.29310340420766312 0.17209919593051862 0.46472404420375829 -0.22591148252998081 -0.032278954259612982 -0.43343861681910661 -0.089521783457476967 -0.20492004854604604 -0.39396806374192239 -0.18247017944986757 0.35420891147467404 -0.27418655718676749 0.20525843097883115 0.014780030661583787 -0.052508627406146591 0.45637274086475377 0.55977800558118718 -0.15988112120147871 0.2545471030359085 -0.2813447195983359
leaf_weight=26 35 32 28 21 24 31 30 20 20 30 21 165 196 20 45 52 34 20 20 22 38 20 21 34 26 129 32 20 37 31 20 34 461 229 24 23 49 26 70
leaf_count=26 35 32 28 21 24 31 30 20 20 30 21 165 196 20 45 52 34 20 20 22 38 20 21 34 26 129 32 20 37 31 20 34 461 229 24 23 49 26 70
internal_value=-6.13303e-10 -0.00784304 -0.00124387 -0.0102176 0.00743207 -0.000457272 -0.133965 -0.00860944 -0.00167546 -0.00819094 0.0914606 -0.00767203 -0.0283692 -0.00216412 -0.0754437 -0.0768663 -0.153839 -0.327086 -0.0176001 -0.0407865 -0.0107812 -0.0580564 0.0460381 0.151796 -0.273909 -0.012403 -0.00861451 -0.166488 -0.00716443 -0.00124626 0.0105299 -0.000852635 0.00511535 -0.00259991 0.036632 -0.0505281 0.118969 -0.0162127 -0.106082
internal_weight=2216 2190 2155 2123 1858 1837 265 1806 1760 1740 293 272 1447 1197 242 235 250 54 1177 207 185 147 75 54 46 1157 197 72 1133 1096 967 936 916 882 485 397 98 75 299
internal_count=2216 2190 2155 2123 1858 1837 265 1806 1760 1740 293 272 1447 1197 242 235 250 54 1177 207 185 147 75 54 46 1157 197 72 1133 1096 967 936 916 882 485 397 98 75 299
is_linear=0
shrinkage=0.05


Tree=194
num_leaves=40
num_cat=0
split_feature=18 16 17 12 13 6 12 29 29 27 3 11 30 7 27 17 24 10 4 24 6 0 33 15 17 24 7 29 13 28 30 16 17 17 16 20 15 29 15
split_gain=4452.66 16675.6 2665.49 4592.65 4160.51 2961.47 1886.6 1332.37 2947.61 22198.5 54645.3 2536.65 4135.89 3911.55 9178.43 1962.07 18729.7 1889.36 1872.4 1571.13 1255.84 1245.98 1491.64 2036.53 1294.3 1162.07 1672.98 2214.29 892.66 835.392 760.491 744.611 1082 857.927 1040.63 1933.88 831.232 804.032 959.126
threshold=-1.642467141151428 -1.5978951454162595 -1.4076604247093198 -1.2313437461853025 -1.3370534777641294 -0.16528427600860593 -1.3754690289497373 0.24387346208095553 -0.0043747618328779927 -0.61005219817161549 -0.1287453509867191 0.048919921740889556 0.83155819773674022 -0.27723200619220728 -0.15071246773004529 1.8931055068969729 1.3891622424125674 -0.31344148516654963 2.0923999547958378 2.2618991136550908 2.872025847434998 -1.0934466719627378 -0.047464711591601365 -1.0029363632202146 -0.72542607784271229 0.54888731241226207 -0.010048244614154099 0.10849614441394807 -1.1893352270126341 0.5568208396434785 -0.41576202213764185 0.099900886416435256 0.044704664498567588 -0.023909518495202061 -0.13545396178960797 -0.10507600754499434 0.19653815776109698 -0.43391843140125269 0.50460931658744823
decision_type=2 2 2 2 2 2 2 2 2 2 2 2 2 2 2 2 2 2 2 2 2 2 2 2 2 2 2 2 2 2 2 2 2 2 2 2 2 2 2
left_child=-1 -2 4 -4 6 -6 -3 8 15 10 -10 13 -13 17 -15 18 -17 21 20 -18 31 -9 30 -24 -25 26 -11 -28 -7 -27 -23 32 33 34 -5 -36 -33 38 -38
right_child=1 2 3 7 5 28 -8 11 9 25 -12 12 -14 14 -16 16 19 -19 -20 -21 -22 22 23 24 -26 29 27 -29 -30 -31 -32 36 -34 -35 35 -37 37 -39 -40
leaf_value=-0.59503121061190478 1.4106248855590822 -0.15765424471284295 0.59358000543081402 -0.022857654293279642 -0.99343960413709276 -0.51941871128299022 0.44873043506041821 0.18902300862329346 -0.15769460100793478 -0.027816916947525125 3.1544726634025575 -0.13814200409993407 -0.89782631879761121 1.210483051965102 -0.064781890878843715 1.4336262017488481 -0.6730824765704928 0.25173651323114571 -0.46985841303442916 -0.061463173195010136 0.35058530887419526 -0.51810438651591539 -0.32666860063870751 0.50630140408873558 -0.00060836891917621396 -0.43037166414053546 -0.075864377611486067 0.59445460396818817 -0.10010146478811899 -0.076760518587515009 -0.21020553958464841 -0.23890644280296383 0.26863068569647636 -0.27715453218136515 0.005449014115479908 0.60281630188226698 0.048531180731952193 -0.0074904823528102989 -0.24623500438972137
leaf_weight=31 21 29 33 378 20 22 23 28 33 178 20 122 21 21 43 22 21 38 24 21 22 24 30 20 34 23 22 28 30 61 122 66 38 28 42 20 40 328 89
leaf_count=31 21 29 33 378 20 22 23 28 33 178 20 122 21 21 43 22 21 38 24 21 22 24 30 20 34 23 22 28 30 61 122 66 38 28 42 20 40 328 89
internal_value=3.07734e-10 0.00844209 -0.00516504 0.00851621 -0.230244 -0.476376 0.110554 -0.00110367 0.0224559 0.146107 1.09218 -0.0715483 -0.249704 -0.000780947 0.353664 -0.0171687 0.251786 -0.0774178 -0.0331809 -0.367273 -0.0232092 -0.125898 -0.164236 0.00363435 0.187136 -0.0146046 0.0439662 0.299514 -0.277505 -0.173583 -0.260819 -0.0312009 0.0120408 -0.00879345 0.00828407 0.198148 -0.073037 -0.0490822 -0.154835
internal_weight=2216 2185 2164 2040 124 72 52 2007 1504 365 53 503 143 360 64 1139 64 296 1075 42 1051 258 230 84 54 312 228 50 52 84 146 1029 506 468 440 62 523 457 129
internal_count=2216 2185 2164 2040 124 72 52 2007 1504 365 53 503 143 360 64 1139 64 296 1075 42 1051 258 230 84 54 312 228 50 52 84 146 1029 506 468 440 62 523 457 129
is_linear=0
shrinkage=0.05


Tree=195
num_leaves=40
num_cat=0
split_feature=30 21 22 29 29 27 3 27 27 30 17 24 4 29 30 24 31 4 6 6 10 2 28 7 24 30 22 30 4 33 6 29 0 11 16 15 15 30 19
split_gain=4427.82 2132.36 3377.27 1695.87 2910.75 16879.4 54859.3 2757.38 9275.66 2220.01 1822.37 16903.6 1659.34 1545.02 1490.55 1417.94 1150.47 933.26 870.591 1936.61 847.703 905.726 824.029 754.109 2483.54 691.072 1819.37 648.488 1578.58 634.197 511.507 476.754 422.715 486.452 371.46 1010.52 2083.29 977.148 1431.35
threshold=-2.4608415365219112 -1.6710991859436033 -1.6503179669380186 0.24387346208095553 -0.0043747618328779927 -0.61005219817161549 -0.040552949532866471 -0.68579265475273121 -0.51698425412178028 1.0098809599876406 1.8931055068969729 1.3891622424125674 2.0923999547958378 0.21100564301013949 0.33584715425968176 2.2618991136550908 1.2160363197326662 1.5120968818664553 3.3894180059432988 2.1986874341964726 -1.0616104006767271 1.1408391594886782 -1.179234445095062 1.5819175839424136 1.3891622424125674 0.46395739912986761 -0.28413601219654078 -0.30386248230934138 -0.3167183250188827 -0.047485232353210442 0.46287341415882116 0.45624069869518286 -0.54879942536354054 0.11486974731087686 0.11696172505617143 -0.57336550951004017 -0.5110393464565276 0.21499668806791308 -0.16315869987010953
decision_type=2 2 2 2 2 2 2 2 2 2 2 2 2 2 2 2 2 2 2 2 2 2 2 2 2 2 2 2 2 2 2 2 2 2 2 2 2 2 2
left_child=-1 -2 -3 4 10 6 -6 14 -9 20 12 -12 18 16 22 -13 17 30 19 23 21 -10 -5 34 -25 27 -27 28 -22 31 -7 -29 -31 -34 35 -4 -37 38 -38
right_child=1 2 3 7 5 13 -8 8 9 -11 11 15 -14 -15 -16 -17 -18 -19 -20 -21 25 -23 -24 24 -26 26 -28 29 -30 32 -32 -33 33 -35 -36 36 37 -39 -40
leaf_value=0.6486577956149211 -0.44929693571671292 0.56423345741171105 -0.063703778475199063 -0.42545571717477987 -0.2089617871836684 -0.056906932745993989 3.041288295686245 0.84044649797890869 -0.086363402770625222 -0.49837210811674598 1.3619449057362296 -0.63942835841860091 -0.4298636426146214 0.32632000558078289 -0.70284075563152637 -0.058390025404237572 -0.32256012754514818 0.30681128059937196 -0.33717953530563549 0.44486695040356034 0.416737914227304 -0.45267149268959961 0.022988581769168376 -0.56442938513225982 0.042144154695173103 0.50483293913304805 -0.035906766567911419 0.15716493032929121 -0.16126779161945537 -0.37450447309762241 0.20766614869236949 -0.13937998877271363 -0.086132231391355646 -0.31395638543983989 -0.051716471419491795 0.52934439720019044 -0.015609897267633836 -0.10688548901940094 0.26501574534922839
leaf_weight=26 27 26 253 21 37 211 20 28 45 32 22 21 26 32 24 21 32 22 22 22 21 27 20 27 45 20 70 33 27 20 20 23 122 29 445 23 113 85 76
leaf_count=26 27 26 253 21 37 211 20 28 45 32 22 21 26 32 24 21 32 22 22 22 21 27 20 27 45 20 70 33 27 20 20 23 122 29 445 23 113 85 76
internal_value=9.07819e-10 -0.00770096 -0.00218867 -0.00908009 0.0175267 0.139332 0.931477 -0.0836453 -0.0435929 -0.0963714 -0.0204045 0.239197 -0.0350171 -0.00310371 -0.389892 -0.348909 -0.0400916 -0.00436439 -0.0257767 -0.0194858 -0.0669343 -0.223729 -0.206702 -0.02906 -0.185321 -0.0360049 0.0842576 -0.0753636 0.0916097 -0.110671 -0.0340002 0.0353697 -0.158497 -0.129887 -0.0177527 0.00972705 0.0722792 0.0339125 0.0972343
internal_weight=2216 2190 2163 2137 1575 374 57 562 497 469 1201 64 1137 317 65 42 285 253 1111 1089 437 72 41 1067 72 365 90 275 48 227 231 56 171 151 995 550 297 274 189
internal_count=2216 2190 2163 2137 1575 374 57 562 497 469 1201 64 1137 317 65 42 285 253 1111 1089 437 72 41 1067 72 365 90 275 48 227 231 56 171 151 995 550 297 274 189
is_linear=0
shrinkage=0.05


Tree=196
num_leaves=40
num_cat=0
split_feature=12 29 30 26 4 22 5 4 22 11 11 33 7 13 4 12 17 33 33 30 13 18 27 31 30 5 3 10 27 27 33 5 27 11 27 10 30 15 5
split_gain=4431.91 15335.9 5399.35 3098.02 10217.3 4798.46 1417.7 1337.2 1461.53 2486.43 15633.9 3223.13 2415.61 1567.61 1820.02 2761.74 1518.94 1447.23 20895.8 4459.06 1556.4 1139.31 938.684 865.343 800.77 789.684 775.277 752.412 677.468 4547.94 900.791 956.018 865.66 794.748 691.291 1245.11 3527.38 1198.79 1306.55
threshold=-1.3944663405418394 2.6909836530685429 -2.4608415365219112 -1.354209244251251 -0.3167183250188827 -1.6105053424835203 3.5429087877273564 2.0524426698684697 2.3331806659698491 1.2957069873809817 1.1975004673004153 -0.047482879832386964 1.4905631542205813 0.26049153506755834 1.8600328564643862 -0.25682184100151056 -0.39341582357883448 -0.04748337343335151 -0.047483706846833222 1.0567454695701601 0.20815832167863849 1.7937170863151553 -0.92757096886634816 2.4671766757965092 0.77898994088172924 1.0000000180025095e-35 -0.3678294420242309 1.5550780892372134 -0.099173549562692628 1.0000000180025095e-35 -0.047462873160839074 0.31572198867797857 0.050183769315481193 -1.1441652178764341 0.54337596893310558 -0.29336719214916224 0.04796248301863671 -0.028527256101369854 -0.26071733236312861
decision_type=2 2 2 2 2 2 2 2 2 2 2 2 2 2 2 2 2 2 2 2 2 2 2 2 2 2 2 2 2 2 2 2 2 2 2 2 2 2 2
left_child=2 3 -1 4 -2 -5 7 8 9 10 12 27 13 14 17 -16 -15 18 20 28 22 24 -7 26 -18 -24 -9 -11 30 -30 -19 -32 -31 -34 -35 37 -37 38 -36
right_child=1 -3 -4 5 -6 6 -8 23 -10 11 -12 -13 -14 16 15 -17 21 19 -20 -21 -22 -23 25 -25 -26 -27 -28 -29 29 32 31 -33 33 34 35 36 -38 -39 -40
leaf_value=-1.0459444776177407 -0.34140984217325848 1.3253573756326329 -0.070740779507905249 -0.68501720543091116 1.2376740808412432 -0.35866756737232208 0.41742610264569519 -0.31126155321087157 0.32874678051730905 -0.28840270880609753 1.3703829272871926 -0.67314871087156503 0.54427041806280607 -0.51054333999752999 -0.024046018533408643 0.77150360897183423 -0.033908935870737011 -0.11155667346979481 1.5497351542115212 -0.73263893262906521 0.38205679094791417 -0.42570356329282122 0.01247782593775641 -0.43615503656864169 -0.34318594942716035 -0.29679165347055958 0.015072776491825396 -0.0025329060807097251 0.55997719245182498 -0.34013527505099778 -0.097104035041505291 0.29249466917244721 -0.25892279203981161 -0.059551916232544792 0.3045625678870989 0.80771227851510052 -0.075517190377845864 -0.19453439243758719 -0.061255801784304481
leaf_weight=22 21 22 40 26 20 20 20 28 34 32 21 29 20 20 24 20 430 241 23 22 25 21 334 25 22 22 52 82 37 20 31 32 28 158 46 20 26 48 52
leaf_count=22 21 22 40 26 20 20 20 28 34 32 21 29 20 20 24 20 430 241 23 22 25 21 334 25 22 22 52 82 37 20 31 32 28 158 46 20 26 48 52
internal_value=2.78319e-10 0.0119965 -0.416781 -0.00155603 0.428875 -0.00999585 -0.00149679 -0.00559384 0.00381238 -0.00198393 0.0142805 -0.202503 -0.00206746 -0.00841285 0.021802 0.337567 -0.0837354 0.0100774 0.0841041 -0.0311675 4.05135e-05 -0.0656886 -0.0253595 -0.179385 -0.0489622 -0.00663433 -0.0991442 -0.0827771 -0.0102847 0.0297359 -0.0675512 0.100787 -0.0195578 -0.00259608 0.0179101 0.0816548 0.308496 0.0101844 0.110455
internal_weight=2216 2154 62 2132 41 2091 2065 2045 1940 1906 1763 143 1742 1722 1229 44 493 1185 424 761 401 473 376 105 452 356 80 114 739 435 304 63 398 378 350 192 46 146 98
internal_count=2216 2154 62 2132 41 2091 2065 2045 1940 1906 1763 143 1742 1722 1229 44 493 1185 424 761 401 473 376 105 452 356 80 114 739 435 304 63 398 378 350 192 46 146 98
is_linear=0
shrinkage=0.05


Tree=197
num_leaves=40
num_cat=0
split_feature=28 20 7 30 30 33 30 10 29 29 27 3 30 3 17 3 29 14 6 5 7 24 13 22 13 27 10 16 4 10 12 24 30 8 13 2 24 16 30
split_gain=4509.94 11108.2 5137.72 4053.08 2046.22 1931.11 5479.06 1748.99 1458.23 2954.12 16195.3 47212 1917.18 1821.65 2885.68 17800.1 1657.08 1620.91 1114.52 1038.02 912.288 2094.6 755.51 737.783 708.231 599.61 945.31 2430.36 1303.53 658.415 869.141 573.526 566.202 619.049 530.967 543.493 513.629 494.434 1182.34
threshold=-1.5452485680580137 -1.5288347005844114 -1.3164669871330259 -2.4608415365219112 1.2409112453460696 -0.047398863360285752 -1.1101645231246946 -1.2736026644706724 0.24387346208095553 -0.0043747618328779927 -0.61005219817161549 -0.1287453509867191 0.95535138249397289 1.461473882198334 1.8931055068969729 -0.094295192509889589 0.21100564301013949 0.94673392176628124 2.5557608604431157 0.053704112768173225 1.5819175839424136 1.3269267678260805 0.52195915579795849 -0.49671018123626703 -1.2302657961845396 0.36348617076873785 -0.31344148516654963 0.64076015353202831 0.40312792360782629 1.0000000180025095e-35 0.32469847798347479 -1.4537886977195738 0.44159604609012609 -0.18921527266502378 -0.39906629920005793 1.1408391594886782 1.0351665616035464 0.093140266835689559 0.54583135247230541
decision_type=2 2 2 2 2 2 2 2 2 2 2 2 2 2 2 2 2 2 2 2 2 2 2 2 2 2 2 2 2 2 2 2 2 2 2 2 2 2 2
left_child=1 -1 3 -2 5 6 -4 -8 9 13 11 -11 25 14 18 -16 19 23 20 -12 24 -22 -21 -15 -9 29 28 -28 -27 32 -31 -5 33 34 35 -10 -32 -26 -39
right_child=2 -3 4 31 -6 -7 7 8 12 10 16 -13 -14 17 15 -17 -18 -19 -20 22 21 -23 -24 -25 37 26 27 -29 -30 30 36 -33 -34 -35 -36 -37 -38 38 -40
leaf_value=1.3737389618158342 -0.99364726584066043 -0.2071930614411831 0.75579542207221195 -0.021664805655126219 0.50710153281688697 -0.39932102938493097 0.46112618111073972 -0.27717371720075606 -0.15307559021360551 -0.17754421689680644 0.015567090542510499 2.8677435016632082 -0.53005149157150933 -0.38452935538121635 -0.34115316937951484 1.5386981028318407 0.34677741455454986 -0.56602536247422297 0.34876734197139742 -0.085470662579279058 -0.58029960741599396 0.005248589485528924 -0.43421945910279947 -0.057952797200948918 0.029611408348772041 -0.17815873693260884 0.61756569623947144 -0.03649363488871224 0.1814500891417265 -0.48583064623500993 -0.01529562959447503 -0.37006270218463172 0.12886510497671277 0.11648639708205506 -0.28323344628016156 0.15715592995285987 -0.29451158721266046 -0.071208689882560822 0.25002348533561153
leaf_weight=20 22 25 24 27 20 30 20 25 48 35 215 20 23 21 34 20 31 24 20 44 24 42 24 98 440 90 20 49 35 23 40 21 34 27 45 20 28 377 31
leaf_count=20 22 25 24 27 20 30 20 25 48 35 215 20 23 21 34 20 31 24 20 44 24 42 24 98 440 90 20 49 35 23 40 21 34 27 45 20 28 377 31
internal_value=-1.58261e-09 0.495443 -0.0102694 -0.431664 0.00377037 -0.00106703 0.00475824 -0.00413416 -0.00877053 0.0151901 0.138363 0.929833 -0.0845795 -0.0241272 -0.000544837 0.355088 -0.000270547 -0.191183 -0.02057 -0.0382864 -0.0284367 -0.207678 -0.208558 -0.115584 -0.0148858 -0.0622574 0.00453398 0.153089 -0.0774683 -0.111154 -0.220135 -0.174089 -0.0541579 -0.0986063 -0.15 -0.061831 -0.130267 -0.00715322 -0.0468013
internal_weight=2216 45 2171 70 2101 2081 2051 2027 2007 1525 369 55 482 1156 1013 54 314 143 959 283 939 66 68 119 873 459 194 69 125 265 91 48 174 140 113 68 68 848 408
internal_count=2216 45 2171 70 2101 2081 2051 2027 2007 1525 369 55 482 1156 1013 54 314 143 959 283 939 66 68 119 873 459 194 69 125 265 91 48 174 140 113 68 68 848 408
is_linear=0
shrinkage=0.05


Tree=198
num_leaves=40
num_cat=0
split_feature=30 30 6 18 24 33 31 5 30 5 8 11 16 5 6 13 4 29 27 28 27 30 17 10 3 29 5 29 5 28 16 6 25 3 10 0 3 29 30
split_gain=5063.04 2442.62 3416.2 3581.66 2174.9 1346.27 1375.8 1235.31 2861.29 2489.04 6886.75 2055.02 1415.37 12876.4 1185.13 880.634 861.886 848.182 753.096 4686.47 900.568 1573.23 908.024 932.821 735.179 693.626 622.01 1122.87 598.982 584.546 686.628 500.349 477.305 868.364 430.716 439.103 1568.84 701.325 627.283
threshold=-2.4608415365219112 -0.88363802433013905 4.6428182125091562 -1.5910865664482114 -1.4537886977195738 -0.047405436635017388 2.8130685091018681 0.93583095073699962 1.0098809599876406 0.700014889240265 -0.039666689932346337 1.3154855370521548 1.840181350708008 -0.19084589928388593 2.872025847434998 -0.93772524595260609 -0.85276097059249867 -0.35419803857803339 -1.2386001944541929 -1.2250468134880064 -0.55673480033874501 0.57472524046897899 -0.11803339794278143 1.3998546004295351 -0.37196347117424006 -0.53842404484748829 0.41179519891738897 -0.17851312458515164 0.33974029123783117 -0.51322025060653675 0.43896833062171942 -0.38098575174808497 -0.58439117670059193 -0.63929668068885792 -1.2105705142021177 0.2337397634983063 1.14246541261673 -0.29497282207012171 -0.48024511337280268
decision_type=2 2 2 2 2 2 2 2 2 2 2 2 2 2 2 2 2 2 2 2 2 2 2 2 2 2 2 2 2 2 2 2 2 2 2 2 2 2 2
left_child=-1 15 3 4 -3 6 7 8 9 12 -11 16 14 17 18 -2 -9 -14 -5 -20 21 22 32 24 -24 -18 28 -28 34 -27 -31 -19 33 -21 -22 36 38 -37 -36
right_child=1 2 -4 5 -6 -7 -8 11 -10 10 -12 -13 13 -15 -16 -17 25 31 19 20 26 -23 23 -25 -26 29 27 -29 -30 30 -32 -33 -34 -35 35 37 -38 -39 -40
leaf_value=0.69362699916729564 -0.17330643359571696 -0.041712837666273123 0.65124548634514223 -0.20866430992329563 -0.72963825236592028 0.36203857860886135 0.37628296273760498 -0.35979587367989802 0.43889386544102121 -0.21407585976564369 1.0545471799373627 -0.56131845971002525 -0.42517565634101634 1.2982603406906128 0.31518022589958633 -0.56158554839051289 0.19586329069630853 0.12863772582748664 0.70582360659133314 0.066427415236830711 -0.21813809734582904 -0.47231974734200377 -0.17325452494952415 0.011033488335087896 -0.51592698190361264 -0.24415513001180986 0.44059480545776231 -0.039481629277097773 -0.27056846527949624 0.081935915940751641 -0.15785456407157816 -0.20892883468241918 0.11194511423818768 -0.25563037345806755 -0.21272713182603611 -0.19163882755372044 0.40764171111707886 -0.012621900721615743 0.0065479049472325487
leaf_weight=26 40 20 20 54 27 26 24 22 38 23 20 23 20 20 26 23 29 23 22 50 25 27 45 40 24 37 21 29 23 72 51 21 64 36 34 77 24 189 801
leaf_count=26 40 20 20 54 27 26 24 22 38 23 20 23 20 20 26 23 29 23 22 50 25 27 45 40 24 37 21 29 23 72 51 21 64 36 34 77 24 189 801
internal_value=-8.13294e-10 -0.00823484 0.000853042 -0.00532059 -0.436904 0.00452621 -4.37571e-05 -0.00453721 0.00969085 0.00030666 0.375981 -0.112525 -0.00922373 0.190867 -0.0196568 -0.315059 -0.0636038 -0.155193 -0.0251494 -0.0186766 -0.0292392 -0.109115 -0.0712517 -0.181077 -0.292445 -0.0291265 -0.0105602 0.16215 -0.0179222 -0.0699059 -0.0174894 -0.0324736 0.00855443 -0.0683875 -0.0128692 -0.00830771 0.00907515 -0.0644426 -0.00238066
internal_weight=2216 2190 2127 2107 47 2060 2034 2010 1776 1738 43 234 1695 84 1611 63 211 64 1585 1531 1509 286 259 109 69 189 1223 50 1173 160 123 44 150 86 1150 1125 859 266 835
internal_count=2216 2190 2127 2107 47 2060 2034 2010 1776 1738 43 234 1695 84 1611 63 211 64 1585 1531 1509 286 259 109 69 189 1223 50 1173 160 123 44 150 86 1150 1125 859 266 835
is_linear=0
shrinkage=0.05


Tree=199
num_leaves=40
num_cat=0
split_feature=15 20 11 9 30 22 17 25 30 26 6 0 4 9 10 15 16 5 10 27 3 29 6 29 17 4 28 33 16 9 28 29 29 16 33 20 24 16 2
split_gain=4623.67 5731.79 1876.71 4522.42 11659 2084.75 1599.16 4788.22 2278.44 1782.07 1406.17 2437.16 1224.3 5949.15 18407.2 1922.73 5406.81 2765.67 1638.49 1585.4 1803.07 2218.21 1171.19 1049.87 868.004 795.742 1203.33 781.424 778.448 744.002 710.143 681.268 1315.08 721.916 673.12 3249.28 1573.87 1199.59 684.787
threshold=-1.584319472312927 -1.6251678466796873 -1.2946693301200864 -1.2051863074302671 -0.26025116443634028 -1.5647881627082822 -1.0575495958328245 -1.0298155546188352 1.0098809599876406 -0.82753142714500416 2.9755042791366582 2.7011975049972539 0.55250677466392528 1.2217946052551272 1.6993367671966555 1.9299823045730593 1.840181350708008 -0.31312091648578638 0.95806521177291881 -0.54561036825180043 -0.32855626940727228 0.04523908160626889 1.9975603222846987 -0.26970542967319483 1.4656423330307009 0.94101473689079296 -0.091142848134040819 -0.047456894069910042 -1.2818565368652342 1.1024599671363833 -0.47271479666233057 0.45624069869518286 0.38735149800777441 -0.79089617729187001 -0.047474030405282967 -0.10507600754499434 -0.70586934685707081 -0.75628745555877674 2.2576968073844914
decision_type=2 2 2 2 2 2 2 2 2 2 2 2 2 2 2 2 2 2 2 2 2 2 2 2 2 2 2 2 2 2 2 2 2 2 2 2 2 2 2
left_child=-1 -2 5 4 -4 -3 9 -8 10 27 11 12 15 18 -15 16 19 -17 22 20 30 29 23 -14 31 26 -25 -5 -29 -22 -9 32 34 -33 38 36 37 -36 -21
right_child=1 2 3 6 -6 -7 7 8 -10 -11 -12 -13 13 14 -16 17 -18 -19 -20 24 21 -23 -24 25 -26 -27 -28 28 -30 -31 -32 33 -34 -35 35 -37 -38 -39 -40
leaf_value=0.53960464634956462 -0.77809303924441342 -0.040911101449455603 1.4149048757134006 0.031619902427603562 -0.11500857251160074 -0.68204751326924284 0.77776069968938832 0.036430236495829917 0.41816686647944157 -0.46782067819365436 -0.27164934302623178 0.4544777592708325 -0.1296259476672858 1.6864289045333862 -0.3610377552068752 -0.05984946888040852 0.79652874857187284 -0.78962884936481714 -0.40653475175571185 -0.017740504485172458 -0.06653649951176098 -0.66844812348998828 0.40055226817727085 0.49375377548858523 -0.25087461260092608 0.0087649955076503239 0.047972606704002475 -0.047719185613095766 -0.399234759594713 -0.39119050216674811 -0.22186938038894108 0.1699308609678632 0.354251219794668 -0.14975913433139926 -0.11045744679868222 0.70203784525394441 -0.25416540642445157 0.34850081130795713 0.27247806588808693
leaf_weight=39 24 32 20 82 33 21 20 111 32 35 49 29 100 21 23 37 20 20 23 633 60 29 20 24 34 182 41 36 28 25 35 21 29 111 24 20 37 35 21
leaf_count=39 24 32 20 82 33 21 20 111 32 35 49 29 100 21 23 37 20 20 23 633 60 29 20 24 34 182 41 36 28 25 35 21 29 111 24 20 37 35 21
internal_value=-6.89162e-10 -0.00966678 -0.00110095 0.00631514 0.462317 -0.294946 -0.00549146 0.00827242 -6.43931e-05 -0.147389 -0.00744223 -0.000107304 -0.00770118 0.0650265 0.616162 -0.0319437 -0.0189428 -0.315912 0.00284705 -0.0322566 -0.141841 -0.29085 0.0285031 0.00705937 -0.00273128 0.0623976 0.212569 -0.0705728 -0.201507 -0.162023 -0.0254909 0.00633089 0.0237156 -0.0988994 0.0112669 0.122269 0.00148364 0.161806 -0.00842156
internal_weight=2216 2177 2153 2100 53 53 2047 1866 1846 181 1814 1765 1736 434 44 1302 1245 57 390 1225 260 114 367 347 965 247 65 146 64 85 146 931 799 132 770 116 96 59 654
internal_count=2216 2177 2153 2100 53 53 2047 1866 1846 181 1814 1765 1736 434 44 1302 1245 57 390 1225 260 114 367 347 965 247 65 146 64 85 146 931 799 132 770 116 96 59 654
is_linear=0
shrinkage=0.05


end of trees

feature_importances:
Column_30=854
Column_29=722
Column_5=537
Column_27=517
Column_3=361
Column_7=326
Column_4=301
Column_33=297
Column_15=285
Column_6=280
Column_28=272
Column_0=220
Column_16=214
Column_8=191
Column_12=191
Column_22=184
Column_18=181
Column_20=173
Column_11=171
Column_13=162
Column_9=151
Column_17=150
Column_31=148
Column_24=144
Column_14=129
Column_21=127
Column_10=123
Column_23=101
Column_19=94
Column_26=83
Column_25=67
Column_2=44

parameters:
[boosting: gbdt]
[objective: regression]
[metric: l2]
[tree_learner: serial]
[device_type: cpu]
[data_sample_strategy: bagging]
[data: ]
[valid: ]
[num_iterations: 200]
[learning_rate: 0.05]
[num_leaves: 40]
[num_threads: 10]
[seed: 42]
[deterministic: 0]
[force_col_wise: 0]
[force_row_wise: 0]
[histogram_pool_size: -1]
[max_depth: -1]
[min_data_in_leaf: 20]
[min_sum_hessian_in_leaf: 0.001]
[bagging_fraction: 1]
[pos_bagging_fraction: 1]
[neg_bagging_fraction: 1]
[bagging_freq: 0]
[bagging_seed: 400]
[bagging_by_query: 0]
[feature_fraction: 1]
[feature_fraction_bynode: 1]
[feature_fraction_seed: 30056]
[extra_trees: 0]
[extra_seed: 12879]
[early_stopping_round: 0]
[early_stopping_min_delta: 0]
[first_metric_only: 0]
[max_delta_step: 0]
[lambda_l1: 0]
[lambda_l2: 0]
[linear_lambda: 0]
[min_gain_to_split: 0]
[drop_rate: 0.1]
[max_drop: 50]
[skip_drop: 0.5]
[xgboost_dart_mode: 0]
[uniform_drop: 0]
[drop_seed: 17869]
[top_rate: 0.2]
[other_rate: 0.1]
[min_data_per_group: 100]
[max_cat_threshold: 32]
[cat_l2: 10]
[cat_smooth: 10]
[max_cat_to_onehot: 4]
[top_k: 20]
[monotone_constraints: ]
[monotone_constraints_method: basic]
[monotone_penalty: 0]
[feature_contri: ]
[forcedsplits_filename: ]
[refit_decay_rate: 0.9]
[cegb_tradeoff: 1]
[cegb_penalty_split: 0]
[cegb_penalty_feature_lazy: ]
[cegb_penalty_feature_coupled: ]
[path_smooth: 0]
[interaction_constraints: ]
[verbosity: -1]
[saved_feature_importance_type: 0]
[use_quantized_grad: 0]
[num_grad_quant_bins: 4]
[quant_train_renew_leaf: 0]
[stochastic_rounding: 1]
[linear_tree: 0]
[max_bin: 255]
[max_bin_by_feature: ]
[min_data_in_bin: 3]
[bin_construct_sample_cnt: 200000]
[data_random_seed: 175]
[is_enable_sparse: 1]
[enable_bundle: 1]
[use_missing: 1]
[zero_as_missing: 0]
[feature_pre_filter: 1]
[pre_partition: 0]
[two_round: 0]
[header: 0]
[label_column: ]
[weight_column: ]
[group_column: ]
[ignore_column: ]
[categorical_feature: ]
[forcedbins_filename: ]
[precise_float_parser: 0]
[parser_config_file: ]
[objective_seed: 16083]
[num_class: 1]
[is_unbalance: 0]
[scale_pos_weight: 1]
[sigmoid: 1]
[boost_from_average: 1]
[reg_sqrt: 0]
[alpha: 0.9]
[fair_c: 1]
[poisson_max_delta_step: 0.7]
[tweedie_variance_power: 1.5]
[lambdarank_truncation_level: 30]
[lambdarank_norm: 1]
[label_gain: ]
[lambdarank_position_bias_regularization: 0]
[eval_at: ]
[multi_error_top_k: 1]
[auc_mu_weights: ]
[num_machines: 1]
[local_listen_port: 12400]
[time_out: 120]
[machine_list_filename: ]
[machines: ]
[gpu_platform_id: -1]
[gpu_device_id: -1]
[gpu_use_dp: 0]
[num_gpu: 1]

end of parameters

pandas_categorical:null
