terminal_id,tarih,ariza_kodu
T-00001,2025-01-07,CCDM_JAM
T-00001,2025-01-10,EPP_FAIL
T-00001,2025-01-28,CARD_JAM
T-00001,2025-02-07,EPP_FAIL
T-00001,2025-04-15,DISPENSER_FAIL
T-00001,2025-04-30,PRINTER_ERROR
T-00001,2025-06-01,NETWORK_DOWN
T-00001,2025-09-21,NETWORK_DOWN
T-00001,2025-10-11,EPP_FAIL
T-00001,2025-10-17,CCDM_JAM
T-00001,2025-10-21,PRINTER_ERROR
T-00001,2025-11-12,DISPENSER_FAIL
T-00001,2025-11-22,CARD_JAM
T-00001,2025-11-29,EPP_FAIL
T-00001,2025-12-09,PRINTER_ERROR
T-00001,2025-12-23,NETWORK_DOWN
T-00002,2025-02-04,CARD_JAM
T-00002,2025-04-06,NETWORK_DOWN
T-00002,2025-04-08,PRINTER_ERROR
T-00002,2025-05-21,CCDM_JAM
T-00002,2025-05-24,EPP_FAIL
T-00002,2025-06-23,NETWORK_DOWN
T-00002,2025-07-23,PRINTER_ERROR
T-00002,2025-07-31,EPP_FAIL
T-00002,2025-09-07,NETWORK_DOWN
T-00002,2025-09-09,CCDM_JAM
T-00002,2025-10-23,CARD_JAM
T-00002,2025-10-26,PRINTER_ERROR
T-00002,2025-11-23,CARD_JAM
T-00002,2025-11-26,EPP_FAIL
T-00002,2025-12-04,EPP_FAIL
T-00003,2025-01-05,PRINTER_ERROR
T-00003,2025-01-10,DISPENSER_FAIL
T-00003,2025-01-12,EPP_FAIL
T-00003,2025-01-14,CARD_JAM
T-00003,2025-01-15,CCDM_JAM
T-00003,2025-01-17,EPP_FAIL
T-00003,2025-01-21,CARD_JAM
T-00003,2025-01-23,NETWORK_DOWN
T-00003,2025-01-24,EPP_FAIL
T-00003,2025-01-29,CARD_JAM
T-00003,2025-02-01,CCDM_JAM
T-00003,2025-02-02,PRINTER_ERROR
T-00003,2025-02-15,CARD_JAM
T-00003,2025-02-16,CARD_JAM
T-00003,2025-02-17,DISPENSER_FAIL
T-00003,2025-02-24,CCDM_JAM
T-00003,2025-02-25,NETWORK_DOWN
T-00003,2025-02-27,CARD_JAM
T-00003,2025-02-28,CARD_JAM
T-00003,2025-03-01,EPP_FAIL
T-00003,2025-03-04,CARD_JAM
T-00003,2025-03-06,NETWORK_DOWN
T-00003,2025-03-17,CCDM_JAM
T-00003,2025-03-18,DISPENSER_FAIL
T-00003,2025-03-23,DISPENSER_FAIL
T-00003,2025-03-25,EPP_FAIL
T-00003,2025-03-28,CCDM_JAM
T-00003,2025-03-29,PRINTER_ERROR
T-00003,2025-03-31,CARD_JAM
T-00003,2025-04-03,CCDM_JAM
T-00003,2025-04-09,DISPENSER_FAIL
T-00003,2025-04-10,PRINTER_ERROR
T-00003,2025-04-14,NETWORK_DOWN
T-00003,2025-04-15,CARD_JAM
T-00003,2025-04-18,CARD_JAM
T-00003,2025-04-24,CARD_JAM
T-00003,2025-04-28,DISPENSER_FAIL
T-00003,2025-04-30,DISPENSER_FAIL
T-00003,2025-05-08,PRINTER_ERROR
T-00003,2025-05-09,EPP_FAIL
T-00003,2025-05-22,PRINTER_ERROR
T-00003,2025-05-25,NETWORK_DOWN
T-00003,2025-05-29,EPP_FAIL
T-00003,2025-05-30,CARD_JAM
T-00003,2025-06-01,PRINTER_ERROR
T-00003,2025-06-04,EPP_FAIL
T-00003,2025-06-12,NETWORK_DOWN
T-00003,2025-06-13,PRINTER_ERROR
T-00003,2025-06-19,EPP_FAIL
T-00003,2025-06-30,CCDM_JAM
T-00003,2025-07-04,NETWORK_DOWN
T-00003,2025-07-05,CARD_JAM
T-00003,2025-07-17,DISPENSER_FAIL
T-00003,2025-07-22,DISPENSER_FAIL
T-00003,2025-07-26,PRINTER_ERROR
T-00003,2025-07-27,CCDM_JAM
T-00003,2025-07-30,EPP_FAIL
T-00003,2025-08-02,PRINTER_ERROR
T-00003,2025-08-03,EPP_FAIL
T-00003,2025-08-05,NETWORK_DOWN
T-00003,2025-08-06,EPP_FAIL
T-00003,2025-08-08,EPP_FAIL
T-00003,2025-08-11,EPP_FAIL
T-00003,2025-08-15,CCDM_JAM
T-00003,2025-08-16,PRINTER_ERROR
T-00003,2025-08-18,PRINTER_ERROR
T-00003,2025-08-19,PRINTER_ERROR
T-00003,2025-08-20,DISPENSER_FAIL
T-00003,2025-08-22,CCDM_JAM
T-00003,2025-08-26,NETWORK_DOWN
T-00003,2025-08-27,NETWORK_DOWN
T-00003,2025-08-28,DISPENSER_FAIL
T-00003,2025-09-01,CARD_JAM
T-00003,2025-09-04,DISPENSER_FAIL
T-00003,2025-09-06,CCDM_JAM
T-00003,2025-09-08,EPP_FAIL
T-00003,2025-09-09,DISPENSER_FAIL
T-00003,2025-09-14,NETWORK_DOWN
T-00003,2025-09-16,DISPENSER_FAIL
T-00003,2025-09-17,DISPENSER_FAIL
T-00003,2025-09-21,CARD_JAM
T-00003,2025-09-29,EPP_FAIL
T-00003,2025-10-02,CCDM_JAM
T-00003,2025-10-03,CCDM_JAM
T-00003,2025-10-06,CCDM_JAM
T-00003,2025-10-10,PRINTER_ERROR
T-00003,2025-10-15,PRINTER_ERROR
T-00003,2025-10-19,DISPENSER_FAIL
T-00003,2025-10-24,PRINTER_ERROR
T-00003,2025-11-01,DISPENSER_FAIL
T-00003,2025-11-03,EPP_FAIL
T-00003,2025-11-04,PRINTER_ERROR
T-00003,2025-11-07,EPP_FAIL
T-00003,2025-11-10,DISPENSER_FAIL
T-00003,2025-11-12,NETWORK_DOWN
T-00003,2025-11-13,CARD_JAM
T-00003,2025-11-15,PRINTER_ERROR
T-00003,2025-11-19,CCDM_JAM
T-00003,2025-11-20,NETWORK_DOWN
T-00003,2025-11-21,CCDM_JAM
T-00003,2025-11-22,DISPENSER_FAIL
T-00003,2025-11-26,NETWORK_DOWN
T-00003,2025-11-27,CARD_JAM
T-00003,2025-11-28,DISPENSER_FAIL
T-00003,2025-12-02,CARD_JAM
T-00003,2025-12-04,EPP_FAIL
T-00003,2025-12-06,EPP_FAIL
T-00003,2025-12-08,CCDM_JAM
T-00003,2025-12-09,DISPENSER_FAIL
T-00003,2025-12-11,NETWORK_DOWN
T-00003,2025-12-16,DISPENSER_FAIL
T-00003,2025-12-17,CCDM_JAM
T-00003,2025-12-19,PRINTER_ERROR
T-00003,2025-12-24,CCDM_JAM
T-00003,2025-12-26,NETWORK_DOWN
T-00003,2025-12-31,CARD_JAM
T-00004,2025-01-05,NETWORK_DOWN
T-00004,2025-01-08,PRINTER_ERROR
T-00004,2025-01-12,CCDM_JAM
T-00004,2025-01-13,EPP_FAIL
T-00004,2025-01-14,EPP_FAIL
T-00004,2025-01-17,DISPENSER_FAIL
T-00004,2025-01-28,CCDM_JAM
T-00004,2025-02-03,CARD_JAM
T-00004,2025-02-05,PRINTER_ERROR
T-00004,2025-02-06,CCDM_JAM
T-00004,2025-02-18,CCDM_JAM
T-00004,2025-02-23,DISPENSER_FAIL
T-00004,2025-02-24,EPP_FAIL
T-00004,2025-03-06,DISPENSER_FAIL
T-00004,2025-03-08,CCDM_JAM
T-00004,2025-03-11,DISPENSER_FAIL
T-00004,2025-03-14,CCDM_JAM
T-00004,2025-03-16,PRINTER_ERROR
T-00004,2025-03-20,DISPENSER_FAIL
T-00004,2025-04-04,EPP_FAIL
T-00004,2025-04-07,EPP_FAIL
T-00004,2025-04-08,PRINTER_ERROR
T-00004,2025-04-10,NETWORK_DOWN
T-00004,2025-04-13,PRINTER_ERROR
T-00004,2025-04-17,EPP_FAIL
T-00004,2025-04-21,CARD_JAM
T-00004,2025-04-22,PRINTER_ERROR
T-00004,2025-04-24,CARD_JAM
T-00004,2025-04-28,EPP_FAIL
T-00004,2025-05-07,CARD_JAM
T-00004,2025-05-10,EPP_FAIL
T-00004,2025-05-12,PRINTER_ERROR
T-00004,2025-05-13,CARD_JAM
T-00004,2025-05-16,NETWORK_DOWN
T-00004,2025-05-18,EPP_FAIL
T-00004,2025-05-19,NETWORK_DOWN
T-00004,2025-05-20,CARD_JAM
T-00004,2025-05-21,EPP_FAIL
T-00004,2025-05-29,EPP_FAIL
T-00004,2025-05-30,CCDM_JAM
T-00004,2025-06-03,PRINTER_ERROR
T-00004,2025-06-11,EPP_FAIL
T-00004,2025-06-16,PRINTER_ERROR
T-00004,2025-06-17,CCDM_JAM
T-00004,2025-06-18,CARD_JAM
T-00004,2025-06-21,CARD_JAM
T-00004,2025-06-23,NETWORK_DOWN
T-00004,2025-06-26,CCDM_JAM
T-00004,2025-06-28,CARD_JAM
T-00004,2025-06-29,DISPENSER_FAIL
T-00004,2025-06-30,PRINTER_ERROR
T-00004,2025-07-01,NETWORK_DOWN
T-00004,2025-07-05,CARD_JAM
T-00004,2025-07-06,CARD_JAM
T-00004,2025-07-08,CCDM_JAM
T-00004,2025-07-10,EPP_FAIL
T-00004,2025-07-16,NETWORK_DOWN
T-00004,2025-07-23,EPP_FAIL
T-00004,2025-07-24,CARD_JAM
T-00004,2025-07-25,EPP_FAIL
T-00004,2025-07-26,EPP_FAIL
T-00004,2025-08-02,DISPENSER_FAIL
T-00004,2025-08-03,PRINTER_ERROR
T-00004,2025-08-05,DISPENSER_FAIL
T-00004,2025-08-07,PRINTER_ERROR
T-00004,2025-08-13,DISPENSER_FAIL
T-00004,2025-08-19,NETWORK_DOWN
T-00004,2025-08-21,PRINTER_ERROR
T-00004,2025-08-23,DISPENSER_FAIL
T-00004,2025-08-24,CARD_JAM
T-00004,2025-08-29,PRINTER_ERROR
T-00004,2025-09-03,DISPENSER_FAIL
T-00004,2025-09-09,NETWORK_DOWN
T-00004,2025-09-12,EPP_FAIL
T-00004,2025-09-26,CCDM_JAM
T-00004,2025-09-27,EPP_FAIL
T-00004,2025-10-01,PRINTER_ERROR
T-00004,2025-10-03,NETWORK_DOWN
T-00004,2025-10-04,CARD_JAM
T-00004,2025-10-05,EPP_FAIL
T-00004,2025-10-10,DISPENSER_FAIL
T-00004,2025-10-16,PRINTER_ERROR
T-00004,2025-10-23,EPP_FAIL
T-00004,2025-10-25,CARD_JAM
T-00004,2025-10-26,NETWORK_DOWN
T-00004,2025-10-30,CCDM_JAM
T-00004,2025-10-31,CARD_JAM
T-00004,2025-11-06,PRINTER_ERROR
T-00004,2025-11-14,EPP_FAIL
T-00004,2025-11-17,CCDM_JAM
T-00004,2025-11-20,DISPENSER_FAIL
T-00004,2025-11-21,NETWORK_DOWN
T-00004,2025-11-24,DISPENSER_FAIL
T-00004,2025-11-26,DISPENSER_FAIL
T-00004,2025-11-30,NETWORK_DOWN
T-00004,2025-12-01,DISPENSER_FAIL
T-00004,2025-12-06,CCDM_JAM
T-00004,2025-12-07,DISPENSER_FAIL
T-00004,2025-12-09,EPP_FAIL
T-00004,2025-12-15,PRINTER_ERROR
T-00004,2025-12-19,CCDM_JAM
T-00004,2025-12-21,CARD_JAM
T-00004,2025-12-23,NETWORK_DOWN
T-00004,2025-12-24,DISPENSER_FAIL
T-00004,2025-12-31,EPP_FAIL
T-00005,2025-01-02,CCDM_JAM
T-00005,2025-01-03,CARD_JAM
T-00005,2025-01-11,EPP_FAIL
T-00005,2025-01-16,CARD_JAM
T-00005,2025-01-19,PRINTER_ERROR
T-00005,2025-01-20,PRINTER_ERROR
T-00005,2025-02-03,NETWORK_DOWN
T-00005,2025-02-04,CARD_JAM
T-00005,2025-02-07,NETWORK_DOWN
T-00005,2025-02-09,CCDM_JAM
T-00005,2025-02-15,NETWORK_DOWN
T-00005,2025-02-17,CCDM_JAM
T-00005,2025-02-18,PRINTER_ERROR
T-00005,2025-02-21,NETWORK_DOWN
T-00005,2025-02-22,NETWORK_DOWN
T-00005,2025-03-05,PRINTER_ERROR
T-00005,2025-03-12,CARD_JAM
T-00005,2025-03-13,DISPENSER_FAIL
T-00005,2025-03-19,DISPENSER_FAIL
T-00005,2025-03-24,NETWORK_DOWN
T-00005,2025-03-26,CCDM_JAM
T-00005,2025-03-30,NETWORK_DOWN
T-00005,2025-04-04,EPP_FAIL
T-00005,2025-04-18,CARD_JAM
T-00005,2025-04-19,EPP_FAIL
T-00005,2025-04-20,PRINTER_ERROR
T-00005,2025-04-21,PRINTER_ERROR
T-00005,2025-04-30,NETWORK_DOWN
T-00005,2025-05-07,PRINTER_ERROR
T-00005,2025-05-09,CARD_JAM
T-00005,2025-05-12,NETWORK_DOWN
T-00005,2025-05-13,NETWORK_DOWN
T-00005,2025-05-15,NETWORK_DOWN
T-00005,2025-05-17,CCDM_JAM
T-00005,2025-05-21,CARD_JAM
T-00005,2025-05-25,NETWORK_DOWN
T-00005,2025-05-27,DISPENSER_FAIL
T-00005,2025-05-31,PRINTER_ERROR
T-00005,2025-06-04,NETWORK_DOWN
T-00005,2025-06-05,DISPENSER_FAIL
T-00005,2025-06-09,EPP_FAIL
T-00005,2025-06-11,CARD_JAM
T-00005,2025-06-13,DISPENSER_FAIL
T-00005,2025-06-17,NETWORK_DOWN
T-00005,2025-06-25,NETWORK_DOWN
T-00005,2025-06-27,CCDM_JAM
T-00005,2025-07-02,PRINTER_ERROR
T-00005,2025-07-06,DISPENSER_FAIL
T-00005,2025-07-10,DISPENSER_FAIL
T-00005,2025-07-11,EPP_FAIL
T-00005,2025-07-14,CARD_JAM
T-00005,2025-07-15,PRINTER_ERROR
T-00005,2025-07-19,DISPENSER_FAIL
T-00005,2025-07-21,DISPENSER_FAIL
T-00005,2025-07-22,PRINTER_ERROR
T-00005,2025-07-23,DISPENSER_FAIL
T-00005,2025-07-28,PRINTER_ERROR
T-00005,2025-07-30,EPP_FAIL
T-00005,2025-08-17,NETWORK_DOWN
T-00005,2025-08-19,NETWORK_DOWN
T-00005,2025-08-20,PRINTER_ERROR
T-00005,2025-08-28,EPP_FAIL
T-00005,2025-08-31,CARD_JAM
T-00005,2025-09-03,PRINTER_ERROR
T-00005,2025-09-07,PRINTER_ERROR
T-00005,2025-09-10,CCDM_JAM
T-00005,2025-09-13,EPP_FAIL
T-00005,2025-09-29,NETWORK_DOWN
T-00005,2025-10-01,EPP_FAIL
T-00005,2025-10-09,CARD_JAM
T-00005,2025-10-11,DISPENSER_FAIL
T-00005,2025-10-13,DISPENSER_FAIL
T-00005,2025-10-17,EPP_FAIL
T-00005,2025-10-18,NETWORK_DOWN
T-00005,2025-10-19,NETWORK_DOWN
T-00005,2025-10-22,CCDM_JAM
T-00005,2025-10-24,EPP_FAIL
T-00005,2025-10-27,PRINTER_ERROR
T-00005,2025-10-28,DISPENSER_FAIL
T-00005,2025-11-02,EPP_FAIL
T-00005,2025-11-06,NETWORK_DOWN
T-00005,2025-11-19,CARD_JAM
T-00005,2025-11-20,NETWORK_DOWN
T-00005,2025-11-30,EPP_FAIL
T-00005,2025-12-01,PRINTER_ERROR
T-00005,2025-12-05,DISPENSER_FAIL
T-00005,2025-12-07,CARD_JAM
T-00005,2025-12-11,NETWORK_DOWN
T-00005,2025-12-18,EPP_FAIL
T-00005,2025-12-20,CARD_JAM
T-00005,2025-12-25,PRINTER_ERROR
T-00005,2025-12-30,NETWORK_DOWN
T-00006,2025-01-03,PRINTER_ERROR
T-00006,2025-01-06,EPP_FAIL
T-00006,2025-01-07,NETWORK_DOWN
T-00006,2025-01-11,PRINTER_ERROR
T-00006,2025-01-12,NETWORK_DOWN
T-00006,2025-01-17,CARD_JAM
T-00006,2025-01-21,PRINTER_ERROR
T-00006,2025-01-22,DISPENSER_FAIL
T-00006,2025-01-24,NETWORK_DOWN
T-00006,2025-01-29,DISPENSER_FAIL
T-00006,2025-01-30,CCDM_JAM
T-00006,2025-02-02,DISPENSER_FAIL
T-00006,2025-02-03,EPP_FAIL
T-00006,2025-02-11,NETWORK_DOWN
T-00006,2025-02-13,DISPENSER_FAIL
T-00006,2025-02-14,PRINTER_ERROR
T-00006,2025-02-15,DISPENSER_FAIL
T-00006,2025-02-19,CCDM_JAM
T-00006,2025-02-21,NETWORK_DOWN
T-00006,2025-02-24,CARD_JAM
T-00006,2025-02-25,CARD_JAM
T-00006,2025-02-27,DISPENSER_FAIL
T-00006,2025-02-28,DISPENSER_FAIL
T-00006,2025-03-02,DISPENSER_FAIL
T-00006,2025-03-04,CARD_JAM
T-00006,2025-03-09,CARD_JAM
T-00006,2025-03-16,DISPENSER_FAIL
T-00006,2025-03-19,CCDM_JAM
T-00006,2025-03-21,NETWORK_DOWN
T-00006,2025-03-23,PRINTER_ERROR
T-00006,2025-03-24,EPP_FAIL
T-00006,2025-03-29,EPP_FAIL
T-00006,2025-04-08,DISPENSER_FAIL
T-00006,2025-04-10,CARD_JAM
T-00006,2025-04-11,CCDM_JAM
T-00006,2025-04-17,PRINTER_ERROR
T-00006,2025-04-20,NETWORK_DOWN
T-00006,2025-04-25,NETWORK_DOWN
T-00006,2025-04-26,EPP_FAIL
T-00006,2025-04-28,EPP_FAIL
T-00006,2025-05-01,CARD_JAM
T-00006,2025-05-03,CCDM_JAM
T-00006,2025-05-07,CCDM_JAM
T-00006,2025-05-08,CARD_JAM
T-00006,2025-05-11,CCDM_JAM
T-00006,2025-05-13,NETWORK_DOWN
T-00006,2025-05-16,CARD_JAM
T-00006,2025-05-18,NETWORK_DOWN
T-00006,2025-05-22,CARD_JAM
T-00006,2025-05-23,PRINTER_ERROR
T-00006,2025-05-26,CARD_JAM
T-00006,2025-05-27,PRINTER_ERROR
T-00006,2025-05-29,PRINTER_ERROR
T-00006,2025-06-04,CCDM_JAM
T-00006,2025-06-14,PRINTER_ERROR
T-00006,2025-06-18,CARD_JAM
T-00006,2025-06-20,DISPENSER_FAIL
T-00006,2025-06-25,CARD_JAM
T-00006,2025-06-28,NETWORK_DOWN
T-00006,2025-06-29,NETWORK_DOWN
T-00006,2025-06-30,DISPENSER_FAIL
T-00006,2025-07-04,DISPENSER_FAIL
T-00006,2025-07-05,CARD_JAM
T-00006,2025-07-07,PRINTER_ERROR
T-00006,2025-07-08,DISPENSER_FAIL
T-00006,2025-07-09,CARD_JAM
T-00006,2025-07-11,NETWORK_DOWN
T-00006,2025-07-23,EPP_FAIL
T-00006,2025-07-27,DISPENSER_FAIL
T-00006,2025-08-02,PRINTER_ERROR
T-00006,2025-08-03,DISPENSER_FAIL
T-00006,2025-08-13,CCDM_JAM
T-00006,2025-08-14,CCDM_JAM
T-00006,2025-08-15,DISPENSER_FAIL
T-00006,2025-08-16,PRINTER_ERROR
T-00006,2025-08-21,DISPENSER_FAIL
T-00006,2025-08-26,PRINTER_ERROR
T-00006,2025-08-29,DISPENSER_FAIL
T-00006,2025-08-30,EPP_FAIL
T-00006,2025-09-06,DISPENSER_FAIL
T-00006,2025-09-08,NETWORK_DOWN
T-00006,2025-09-12,EPP_FAIL
T-00006,2025-09-13,DISPENSER_FAIL
T-00006,2025-09-15,CCDM_JAM
T-00006,2025-09-19,CCDM_JAM
T-00006,2025-09-20,CARD_JAM
T-00006,2025-10-01,NETWORK_DOWN
T-00006,2025-10-05,CCDM_JAM
T-00006,2025-10-06,DISPENSER_FAIL
T-00006,2025-10-07,CARD_JAM
T-00006,2025-10-09,CARD_JAM
T-00006,2025-10-15,EPP_FAIL
T-00006,2025-10-17,PRINTER_ERROR
T-00006,2025-10-23,CARD_JAM
T-00006,2025-10-31,CCDM_JAM
T-00006,2025-11-02,CCDM_JAM
T-00006,2025-11-03,NETWORK_DOWN
T-00006,2025-11-04,CARD_JAM
T-00006,2025-11-10,NETWORK_DOWN
T-00006,2025-11-14,DISPENSER_FAIL
T-00006,2025-11-16,CARD_JAM
T-00006,2025-11-17,DISPENSER_FAIL
T-00006,2025-11-19,CCDM_JAM
T-00006,2025-11-26,DISPENSER_FAIL
T-00006,2025-12-01,EPP_FAIL
T-00006,2025-12-08,DISPENSER_FAIL
T-00006,2025-12-09,NETWORK_DOWN
T-00006,2025-12-10,NETWORK_DOWN
T-00006,2025-12-13,CARD_JAM
T-00006,2025-12-17,EPP_FAIL
T-00006,2025-12-18,DISPENSER_FAIL
T-00006,2025-12-20,DISPENSER_FAIL
T-00006,2025-12-22,DISPENSER_FAIL
T-00006,2025-12-23,CARD_JAM
T-00006,2025-12-25,CCDM_JAM
T-00007,2025-01-18,CCDM_JAM
T-00007,2025-01-21,EPP_FAIL
T-00007,2025-01-23,CARD_JAM
T-00007,2025-02-11,CARD_JAM
T-00007,2025-02-16,PRINTER_ERROR
T-00007,2025-03-06,DISPENSER_FAIL
T-00007,2025-03-29,DISPENSER_FAIL
T-00007,2025-04-13,PRINTER_ERROR
T-00007,2025-04-23,CCDM_JAM
T-00007,2025-04-24,EPP_FAIL
T-00007,2025-04-25,CCDM_JAM
T-00007,2025-05-28,EPP_FAIL
T-00007,2025-06-10,CARD_JAM
T-00007,2025-06-27,CCDM_JAM
T-00007,2025-07-26,EPP_FAIL
T-00007,2025-08-09,NETWORK_DOWN
T-00007,2025-08-14,DISPENSER_FAIL
T-00007,2025-08-25,EPP_FAIL
T-00007,2025-10-04,PRINTER_ERROR
T-00007,2025-10-09,PRINTER_ERROR
T-00007,2025-10-12,CARD_JAM
T-00007,2025-12-05,CARD_JAM
T-00008,2025-01-01,NETWORK_DOWN
T-00008,2025-01-09,EPP_FAIL
T-00008,2025-01-14,CCDM_JAM
T-00008,2025-01-15,EPP_FAIL
T-00008,2025-01-17,CARD_JAM
T-00008,2025-01-18,NETWORK_DOWN
T-00008,2025-01-19,EPP_FAIL
T-00008,2025-01-21,PRINTER_ERROR
T-00008,2025-01-22,EPP_FAIL
T-00008,2025-02-01,PRINTER_ERROR
T-00008,2025-02-18,EPP_FAIL
T-00008,2025-02-25,NETWORK_DOWN
T-00008,2025-03-02,CARD_JAM
T-00008,2025-03-03,DISPENSER_FAIL
T-00008,2025-03-04,PRINTER_ERROR
T-00008,2025-03-06,CCDM_JAM
T-00008,2025-03-11,EPP_FAIL
T-00008,2025-03-12,CCDM_JAM
T-00008,2025-03-16,CARD_JAM
T-00008,2025-03-23,CARD_JAM
T-00008,2025-03-27,CARD_JAM
T-00008,2025-03-28,CCDM_JAM
T-00008,2025-03-29,PRINTER_ERROR
T-00008,2025-03-30,CCDM_JAM
T-00008,2025-03-31,EPP_FAIL
T-00008,2025-04-02,CCDM_JAM
T-00008,2025-04-05,NETWORK_DOWN
T-00008,2025-04-13,PRINTER_ERROR
T-00008,2025-04-14,EPP_FAIL
T-00008,2025-04-20,CCDM_JAM
T-00008,2025-04-21,NETWORK_DOWN
T-00008,2025-04-24,CCDM_JAM
T-00008,2025-04-26,DISPENSER_FAIL
T-00008,2025-04-29,EPP_FAIL
T-00008,2025-04-30,PRINTER_ERROR
T-00008,2025-05-03,CARD_JAM
T-00008,2025-05-06,DISPENSER_FAIL
T-00008,2025-05-08,CARD_JAM
T-00008,2025-05-11,CARD_JAM
T-00008,2025-05-12,PRINTER_ERROR
T-00008,2025-05-14,DISPENSER_FAIL
T-00008,2025-05-16,PRINTER_ERROR
T-00008,2025-05-20,CCDM_JAM
T-00008,2025-05-29,DISPENSER_FAIL
T-00008,2025-05-30,NETWORK_DOWN
T-00008,2025-06-04,CARD_JAM
T-00008,2025-06-05,EPP_FAIL
T-00008,2025-06-08,CARD_JAM
T-00008,2025-06-09,DISPENSER_FAIL
T-00008,2025-06-14,DISPENSER_FAIL
T-00008,2025-06-16,CARD_JAM
T-00008,2025-06-22,DISPENSER_FAIL
T-00008,2025-06-27,NETWORK_DOWN
T-00008,2025-06-30,CCDM_JAM
T-00008,2025-07-02,PRINTER_ERROR
T-00008,2025-07-06,DISPENSER_FAIL
T-00008,2025-07-09,PRINTER_ERROR
T-00008,2025-07-17,CARD_JAM
T-00008,2025-07-20,PRINTER_ERROR
T-00008,2025-07-26,PRINTER_ERROR
T-00008,2025-07-30,CARD_JAM
T-00008,2025-08-01,CARD_JAM
T-00008,2025-08-02,CARD_JAM
T-00008,2025-08-08,PRINTER_ERROR
T-00008,2025-08-14,EPP_FAIL
T-00008,2025-08-16,CARD_JAM
T-00008,2025-08-17,PRINTER_ERROR
T-00008,2025-08-19,CARD_JAM
T-00008,2025-08-22,CCDM_JAM
T-00008,2025-08-23,CARD_JAM
T-00008,2025-08-25,CARD_JAM
T-00008,2025-08-28,PRINTER_ERROR
T-00008,2025-08-31,CARD_JAM
T-00008,2025-09-01,NETWORK_DOWN
T-00008,2025-09-03,EPP_FAIL
T-00008,2025-09-06,CARD_JAM
T-00008,2025-09-12,EPP_FAIL
T-00008,2025-09-14,PRINTER_ERROR
T-00008,2025-09-19,CARD_JAM
T-00008,2025-09-22,PRINTER_ERROR
T-00008,2025-09-26,NETWORK_DOWN
T-00008,2025-10-02,DISPENSER_FAIL
T-00008,2025-10-03,CCDM_JAM
T-00008,2025-10-05,PRINTER_ERROR
T-00008,2025-10-07,DISPENSER_FAIL
T-00008,2025-10-10,NETWORK_DOWN
T-00008,2025-10-21,CARD_JAM
T-00008,2025-11-04,DISPENSER_FAIL
T-00008,2025-11-06,CCDM_JAM
T-00008,2025-11-15,EPP_FAIL
T-00008,2025-11-20,PRINTER_ERROR
T-00008,2025-11-22,CCDM_JAM
T-00008,2025-11-26,EPP_FAIL
T-00008,2025-11-30,CCDM_JAM
T-00008,2025-12-02,EPP_FAIL
T-00008,2025-12-07,DISPENSER_FAIL
T-00008,2025-12-08,CCDM_JAM
T-00008,2025-12-11,DISPENSER_FAIL
T-00008,2025-12-12,CARD_JAM
T-00008,2025-12-13,EPP_FAIL
T-00008,2025-12-15,CCDM_JAM
T-00008,2025-12-16,CARD_JAM
T-00008,2025-12-21,EPP_FAIL
T-00008,2025-12-27,CCDM_JAM
T-00008,2025-12-29,DISPENSER_FAIL
T-00009,2025-01-26,DISPENSER_FAIL
T-00009,2025-01-29,CCDM_JAM
T-00009,2025-02-01,DISPENSER_FAIL
T-00009,2025-02-09,CARD_JAM
T-00009,2025-02-28,CARD_JAM
T-00009,2025-03-05,CCDM_JAM
T-00009,2025-03-21,PRINTER_ERROR
T-00009,2025-03-28,EPP_FAIL
T-00009,2025-04-27,DISPENSER_FAIL
T-00009,2025-05-07,DISPENSER_FAIL
T-00009,2025-05-26,EPP_FAIL
T-00009,2025-06-16,CARD_JAM
T-00009,2025-06-19,CCDM_JAM
T-00009,2025-07-09,PRINTER_ERROR
T-00009,2025-07-15,EPP_FAIL
T-00009,2025-07-29,DISPENSER_FAIL
T-00009,2025-08-08,CARD_JAM
T-00009,2025-10-01,EPP_FAIL
T-00009,2025-10-25,CARD_JAM
T-00009,2025-10-31,PRINTER_ERROR
T-00009,2025-11-20,PRINTER_ERROR
T-00009,2025-12-26,DISPENSER_FAIL
T-00010,2025-01-06,NETWORK_DOWN
T-00010,2025-01-11,DISPENSER_FAIL
T-00010,2025-01-18,CCDM_JAM
T-00010,2025-02-01,DISPENSER_FAIL
T-00010,2025-02-13,DISPENSER_FAIL
T-00010,2025-02-15,DISPENSER_FAIL
T-00010,2025-03-19,NETWORK_DOWN
T-00010,2025-05-30,PRINTER_ERROR
T-00010,2025-07-01,EPP_FAIL
T-00010,2025-07-07,DISPENSER_FAIL
T-00010,2025-08-16,CCDM_JAM
T-00010,2025-09-20,NETWORK_DOWN
T-00010,2025-09-28,NETWORK_DOWN
T-00010,2025-10-10,NETWORK_DOWN
T-00010,2025-10-28,DISPENSER_FAIL
T-00010,2025-11-01,DISPENSER_FAIL
T-00010,2025-12-27,DISPENSER_FAIL
T-00011,2025-01-05,PRINTER_ERROR
T-00011,2025-01-12,CCDM_JAM
T-00011,2025-01-23,EPP_FAIL
T-00011,2025-01-26,PRINTER_ERROR
T-00011,2025-03-19,DISPENSER_FAIL
T-00011,2025-03-21,NETWORK_DOWN
T-00011,2025-04-08,PRINTER_ERROR
T-00011,2025-04-16,EPP_FAIL
T-00011,2025-05-15,CARD_JAM
T-00011,2025-05-27,PRINTER_ERROR
T-00011,2025-06-05,CCDM_JAM
T-00011,2025-06-18,NETWORK_DOWN
T-00011,2025-06-28,EPP_FAIL
T-00011,2025-07-20,CARD_JAM
T-00011,2025-07-22,CARD_JAM
T-00011,2025-07-27,CARD_JAM
T-00011,2025-08-03,DISPENSER_FAIL
T-00011,2025-08-24,PRINTER_ERROR
T-00011,2025-08-28,EPP_FAIL
T-00011,2025-08-31,CARD_JAM
T-00011,2025-09-03,CARD_JAM
T-00011,2025-09-16,DISPENSER_FAIL
T-00011,2025-10-04,CCDM_JAM
T-00011,2025-10-06,CCDM_JAM
T-00011,2025-10-10,CCDM_JAM
T-00011,2025-10-22,CARD_JAM
T-00011,2025-10-23,CARD_JAM
T-00011,2025-10-28,DISPENSER_FAIL
T-00011,2025-11-02,CARD_JAM
T-00011,2025-11-04,DISPENSER_FAIL
T-00011,2025-11-11,NETWORK_DOWN
T-00011,2025-11-26,CCDM_JAM
T-00011,2025-12-08,PRINTER_ERROR
T-00012,2025-01-01,NETWORK_DOWN
T-00012,2025-01-02,PRINTER_ERROR
T-00012,2025-01-14,NETWORK_DOWN
T-00012,2025-01-16,DISPENSER_FAIL
T-00012,2025-01-22,NETWORK_DOWN
T-00012,2025-01-24,EPP_FAIL
T-00012,2025-01-25,CCDM_JAM
T-00012,2025-01-28,NETWORK_DOWN
T-00012,2025-02-03,EPP_FAIL
T-00012,2025-02-05,EPP_FAIL
T-00012,2025-02-16,NETWORK_DOWN
T-00012,2025-02-18,CCDM_JAM
T-00012,2025-02-20,EPP_FAIL
T-00012,2025-02-22,DISPENSER_FAIL
T-00012,2025-02-25,DISPENSER_FAIL
T-00012,2025-02-28,DISPENSER_FAIL
T-00012,2025-03-08,EPP_FAIL
T-00012,2025-03-31,CCDM_JAM
T-00012,2025-04-09,DISPENSER_FAIL
T-00012,2025-04-15,CARD_JAM
T-00012,2025-04-17,PRINTER_ERROR
T-00012,2025-04-25,PRINTER_ERROR
T-00012,2025-04-27,DISPENSER_FAIL
T-00012,2025-04-30,DISPENSER_FAIL
T-00012,2025-05-04,CCDM_JAM
T-00012,2025-05-10,EPP_FAIL
T-00012,2025-05-16,NETWORK_DOWN
T-00012,2025-05-17,NETWORK_DOWN
T-00012,2025-05-21,DISPENSER_FAIL
T-00012,2025-05-30,CCDM_JAM
T-00012,2025-06-09,CARD_JAM
T-00012,2025-06-11,NETWORK_DOWN
T-00012,2025-06-19,CARD_JAM
T-00012,2025-06-24,PRINTER_ERROR
T-00012,2025-06-25,PRINTER_ERROR
T-00012,2025-06-29,CCDM_JAM
T-00012,2025-07-03,DISPENSER_FAIL
T-00012,2025-07-05,CCDM_JAM
T-00012,2025-07-08,PRINTER_ERROR
T-00012,2025-07-09,DISPENSER_FAIL
T-00012,2025-07-27,EPP_FAIL
T-00012,2025-07-30,DISPENSER_FAIL
T-00012,2025-08-01,DISPENSER_FAIL
T-00012,2025-08-06,DISPENSER_FAIL
T-00012,2025-08-14,EPP_FAIL
T-00012,2025-08-18,EPP_FAIL
T-00012,2025-08-23,DISPENSER_FAIL
T-00012,2025-09-03,NETWORK_DOWN
T-00012,2025-09-08,DISPENSER_FAIL
T-00012,2025-09-15,PRINTER_ERROR
T-00012,2025-09-20,NETWORK_DOWN
T-00012,2025-09-23,DISPENSER_FAIL
T-00012,2025-09-26,EPP_FAIL
T-00012,2025-09-29,CCDM_JAM
T-00012,2025-10-02,PRINTER_ERROR
T-00012,2025-10-04,CCDM_JAM
T-00012,2025-10-15,EPP_FAIL
T-00012,2025-10-16,NETWORK_DOWN
T-00012,2025-10-22,CCDM_JAM
T-00012,2025-10-31,EPP_FAIL
T-00012,2025-11-10,CARD_JAM
T-00012,2025-11-17,DISPENSER_FAIL
T-00012,2025-11-26,CCDM_JAM
T-00012,2025-11-29,EPP_FAIL
T-00012,2025-12-06,PRINTER_ERROR
T-00012,2025-12-11,PRINTER_ERROR
T-00012,2025-12-13,NETWORK_DOWN
T-00012,2025-12-17,NETWORK_DOWN
T-00012,2025-12-18,NETWORK_DOWN
T-00012,2025-12-21,CARD_JAM
T-00012,2025-12-23,CARD_JAM
T-00013,2025-01-10,EPP_FAIL
T-00013,2025-01-31,CARD_JAM
T-00013,2025-02-12,EPP_FAIL
T-00013,2025-02-16,NETWORK_DOWN
T-00013,2025-02-20,CARD_JAM
T-00013,2025-03-03,PRINTER_ERROR
T-00013,2025-04-17,PRINTER_ERROR
T-00013,2025-04-20,EPP_FAIL
T-00013,2025-05-08,EPP_FAIL
T-00013,2025-05-29,CARD_JAM
T-00013,2025-06-08,CARD_JAM
T-00013,2025-06-17,EPP_FAIL
T-00013,2025-06-20,CARD_JAM
T-00013,2025-07-04,CARD_JAM
T-00013,2025-07-07,CCDM_JAM
T-00013,2025-07-12,NETWORK_DOWN
T-00013,2025-07-15,PRINTER_ERROR
T-00013,2025-08-09,DISPENSER_FAIL
T-00013,2025-12-01,NETWORK_DOWN
T-00013,2025-12-24,DISPENSER_FAIL
T-00014,2025-01-05,CARD_JAM
T-00014,2025-01-09,NETWORK_DOWN
T-00014,2025-01-10,NETWORK_DOWN
T-00014,2025-01-12,CCDM_JAM
T-00014,2025-01-15,CARD_JAM
T-00014,2025-01-17,DISPENSER_FAIL
T-00014,2025-01-23,NETWORK_DOWN
T-00014,2025-01-24,CARD_JAM
T-00014,2025-02-03,CARD_JAM
T-00014,2025-02-10,CCDM_JAM
T-00014,2025-02-15,DISPENSER_FAIL
T-00014,2025-02-17,CCDM_JAM
T-00014,2025-02-19,DISPENSER_FAIL
T-00014,2025-02-21,CCDM_JAM
T-00014,2025-02-22,CCDM_JAM
T-00014,2025-02-24,EPP_FAIL
T-00014,2025-02-26,PRINTER_ERROR
T-00014,2025-02-27,CCDM_JAM
T-00014,2025-03-05,DISPENSER_FAIL
T-00014,2025-03-06,EPP_FAIL
T-00014,2025-03-10,EPP_FAIL
T-00014,2025-03-19,NETWORK_DOWN
T-00014,2025-03-24,EPP_FAIL
T-00014,2025-03-30,DISPENSER_FAIL
T-00014,2025-04-02,CARD_JAM
T-00014,2025-04-03,CARD_JAM
T-00014,2025-04-08,NETWORK_DOWN
T-00014,2025-04-15,CCDM_JAM
T-00014,2025-04-16,NETWORK_DOWN
T-00014,2025-04-22,PRINTER_ERROR
T-00014,2025-04-26,CCDM_JAM
T-00014,2025-04-28,CCDM_JAM
T-00014,2025-05-03,CCDM_JAM
T-00014,2025-05-04,CCDM_JAM
T-00014,2025-05-05,NETWORK_DOWN
T-00014,2025-05-11,NETWORK_DOWN
T-00014,2025-05-12,DISPENSER_FAIL
T-00014,2025-05-16,CCDM_JAM
T-00014,2025-05-18,CARD_JAM
T-00014,2025-05-20,CARD_JAM
T-00014,2025-05-22,CARD_JAM
T-00014,2025-05-26,CCDM_JAM
T-00014,2025-05-27,CCDM_JAM
T-00014,2025-05-30,PRINTER_ERROR
T-00014,2025-05-31,CCDM_JAM
T-00014,2025-06-04,CARD_JAM
T-00014,2025-06-05,NETWORK_DOWN
T-00014,2025-06-07,DISPENSER_FAIL
T-00014,2025-06-08,CARD_JAM
T-00014,2025-06-10,CCDM_JAM
T-00014,2025-06-11,DISPENSER_FAIL
T-00014,2025-06-12,CARD_JAM
T-00014,2025-06-13,CARD_JAM
T-00014,2025-06-14,DISPENSER_FAIL
T-00014,2025-06-15,CCDM_JAM
T-00014,2025-06-17,DISPENSER_FAIL
T-00014,2025-06-20,DISPENSER_FAIL
T-00014,2025-06-28,DISPENSER_FAIL
T-00014,2025-07-08,NETWORK_DOWN
T-00014,2025-07-13,EPP_FAIL
T-00014,2025-07-14,CCDM_JAM
T-00014,2025-07-17,CARD_JAM
T-00014,2025-07-21,DISPENSER_FAIL
T-00014,2025-07-23,CCDM_JAM
T-00014,2025-07-24,DISPENSER_FAIL
T-00014,2025-07-26,CARD_JAM
T-00014,2025-07-27,NETWORK_DOWN
T-00014,2025-08-02,PRINTER_ERROR
T-00014,2025-08-03,DISPENSER_FAIL
T-00014,2025-08-04,CCDM_JAM
T-00014,2025-08-05,DISPENSER_FAIL
T-00014,2025-08-10,NETWORK_DOWN
T-00014,2025-08-11,CCDM_JAM
T-00014,2025-08-12,EPP_FAIL
T-00014,2025-08-14,NETWORK_DOWN
T-00014,2025-08-15,DISPENSER_FAIL
T-00014,2025-08-17,DISPENSER_FAIL
T-00014,2025-08-18,PRINTER_ERROR
T-00014,2025-08-20,NETWORK_DOWN
T-00014,2025-08-21,NETWORK_DOWN
T-00014,2025-08-22,CCDM_JAM
T-00014,2025-08-23,NETWORK_DOWN
T-00014,2025-08-25,EPP_FAIL
T-00014,2025-09-02,EPP_FAIL
T-00014,2025-09-06,EPP_FAIL
T-00014,2025-09-08,PRINTER_ERROR
T-00014,2025-09-12,CCDM_JAM
T-00014,2025-09-16,CARD_JAM
T-00014,2025-09-17,CCDM_JAM
T-00014,2025-09-18,CCDM_JAM
T-00014,2025-09-21,DISPENSER_FAIL
T-00014,2025-09-25,DISPENSER_FAIL
T-00014,2025-09-26,CARD_JAM
T-00014,2025-09-30,EPP_FAIL
T-00014,2025-10-03,PRINTER_ERROR
T-00014,2025-10-05,EPP_FAIL
T-00014,2025-10-06,NETWORK_DOWN
T-00014,2025-10-14,CCDM_JAM
T-00014,2025-10-15,EPP_FAIL
T-00014,2025-10-19,DISPENSER_FAIL
T-00014,2025-10-21,PRINTER_ERROR
T-00014,2025-10-22,CARD_JAM
T-00014,2025-10-23,NETWORK_DOWN
T-00014,2025-10-26,DISPENSER_FAIL
T-00014,2025-10-27,NETWORK_DOWN
T-00014,2025-10-28,CCDM_JAM
T-00014,2025-10-30,EPP_FAIL
T-00014,2025-11-03,DISPENSER_FAIL
T-00014,2025-11-05,CCDM_JAM
T-00014,2025-11-07,DISPENSER_FAIL
T-00014,2025-11-09,EPP_FAIL
T-00014,2025-11-10,NETWORK_DOWN
T-00014,2025-11-13,NETWORK_DOWN
T-00014,2025-11-16,DISPENSER_FAIL
T-00014,2025-11-17,PRINTER_ERROR
T-00014,2025-11-19,EPP_FAIL
T-00014,2025-11-20,NETWORK_DOWN
T-00014,2025-11-21,EPP_FAIL
T-00014,2025-11-22,CARD_JAM
T-00014,2025-11-24,PRINTER_ERROR
T-00014,2025-11-25,PRINTER_ERROR
T-00014,2025-11-30,NETWORK_DOWN
T-00014,2025-12-02,NETWORK_DOWN
T-00014,2025-12-07,DISPENSER_FAIL
T-00014,2025-12-10,CARD_JAM
T-00014,2025-12-14,NETWORK_DOWN
T-00014,2025-12-17,CARD_JAM
T-00014,2025-12-24,CARD_JAM
T-00014,2025-12-25,NETWORK_DOWN
T-00014,2025-12-29,PRINTER_ERROR
T-00014,2025-12-30,DISPENSER_FAIL
T-00015,2025-01-13,DISPENSER_FAIL
T-00015,2025-01-17,CARD_JAM
T-00015,2025-02-02,PRINTER_ERROR
T-00015,2025-04-20,PRINTER_ERROR
T-00015,2025-05-16,CARD_JAM
T-00015,2025-06-06,DISPENSER_FAIL
T-00015,2025-06-19,NETWORK_DOWN
T-00015,2025-07-04,PRINTER_ERROR
T-00015,2025-08-08,PRINTER_ERROR
T-00015,2025-08-13,CCDM_JAM
T-00015,2025-08-24,PRINTER_ERROR
T-00015,2025-09-06,PRINTER_ERROR
T-00015,2025-10-05,NETWORK_DOWN
T-00015,2025-10-26,PRINTER_ERROR
T-00015,2025-11-04,CCDM_JAM
T-00015,2025-11-17,CCDM_JAM
T-00015,2025-11-18,DISPENSER_FAIL
T-00015,2025-12-14,EPP_FAIL
T-00015,2025-12-19,DISPENSER_FAIL
T-00016,2025-01-09,CARD_JAM
T-00016,2025-01-20,CARD_JAM
T-00016,2025-01-23,DISPENSER_FAIL
T-00016,2025-01-28,EPP_FAIL
T-00016,2025-03-01,DISPENSER_FAIL
T-00016,2025-03-02,CCDM_JAM
T-00016,2025-03-04,EPP_FAIL
T-00016,2025-03-09,CCDM_JAM
T-00016,2025-03-20,CCDM_JAM
T-00016,2025-03-27,EPP_FAIL
T-00016,2025-04-20,CCDM_JAM
T-00016,2025-05-01,EPP_FAIL
T-00016,2025-05-06,PRINTER_ERROR
T-00016,2025-05-10,DISPENSER_FAIL
T-00016,2025-06-06,NETWORK_DOWN
T-00016,2025-06-10,NETWORK_DOWN
T-00016,2025-06-11,PRINTER_ERROR
T-00016,2025-06-17,PRINTER_ERROR
T-00016,2025-07-12,EPP_FAIL
T-00016,2025-07-21,EPP_FAIL
T-00016,2025-07-30,PRINTER_ERROR
T-00016,2025-08-04,EPP_FAIL
T-00016,2025-08-06,PRINTER_ERROR
T-00016,2025-08-12,CCDM_JAM
T-00016,2025-08-15,CARD_JAM
T-00016,2025-08-31,NETWORK_DOWN
T-00016,2025-09-27,NETWORK_DOWN
T-00016,2025-09-28,DISPENSER_FAIL
T-00016,2025-10-17,EPP_FAIL
T-00016,2025-10-27,CARD_JAM
T-00016,2025-11-11,CCDM_JAM
T-00016,2025-11-16,EPP_FAIL
T-00016,2025-11-19,EPP_FAIL
T-00016,2025-12-05,PRINTER_ERROR
T-00016,2025-12-23,PRINTER_ERROR
T-00016,2025-12-26,NETWORK_DOWN
T-00017,2025-01-19,EPP_FAIL
T-00017,2025-01-27,NETWORK_DOWN
T-00017,2025-01-28,PRINTER_ERROR
T-00017,2025-02-06,NETWORK_DOWN
T-00017,2025-02-23,EPP_FAIL
T-00017,2025-03-16,EPP_FAIL
T-00017,2025-03-17,PRINTER_ERROR
T-00017,2025-04-09,NETWORK_DOWN
T-00017,2025-04-14,PRINTER_ERROR
T-00017,2025-04-15,DISPENSER_FAIL
T-00017,2025-04-22,CARD_JAM
T-00017,2025-04-28,CCDM_JAM
T-00017,2025-05-07,DISPENSER_FAIL
T-00017,2025-05-13,PRINTER_ERROR
T-00017,2025-05-17,EPP_FAIL
T-00017,2025-06-12,PRINTER_ERROR
T-00017,2025-06-20,CARD_JAM
T-00017,2025-06-30,CCDM_JAM
T-00017,2025-07-11,DISPENSER_FAIL
T-00017,2025-07-16,DISPENSER_FAIL
T-00017,2025-08-01,CCDM_JAM
T-00017,2025-08-02,DISPENSER_FAIL
T-00017,2025-08-17,CCDM_JAM
T-00017,2025-08-21,CARD_JAM
T-00017,2025-08-31,EPP_FAIL
T-00017,2025-09-05,CARD_JAM
T-00017,2025-09-10,CCDM_JAM
T-00017,2025-09-19,CARD_JAM
T-00017,2025-09-30,DISPENSER_FAIL
T-00017,2025-10-07,PRINTER_ERROR
T-00017,2025-10-30,CARD_JAM
T-00017,2025-11-08,CCDM_JAM
T-00017,2025-12-01,CARD_JAM
T-00017,2025-12-28,CARD_JAM
T-00017,2025-12-31,PRINTER_ERROR
T-00018,2025-01-01,NETWORK_DOWN
T-00018,2025-01-03,CARD_JAM
T-00018,2025-01-10,EPP_FAIL
T-00018,2025-01-14,PRINTER_ERROR
T-00018,2025-01-17,CCDM_JAM
T-00018,2025-01-19,DISPENSER_FAIL
T-00018,2025-01-20,NETWORK_DOWN
T-00018,2025-01-21,DISPENSER_FAIL
T-00018,2025-02-05,CARD_JAM
T-00018,2025-02-07,NETWORK_DOWN
T-00018,2025-02-16,NETWORK_DOWN
T-00018,2025-02-20,NETWORK_DOWN
T-00018,2025-02-21,CCDM_JAM
T-00018,2025-02-26,NETWORK_DOWN
T-00018,2025-02-28,PRINTER_ERROR
T-00018,2025-03-03,CCDM_JAM
T-00018,2025-03-05,NETWORK_DOWN
T-00018,2025-03-07,DISPENSER_FAIL
T-00018,2025-03-11,PRINTER_ERROR
T-00018,2025-03-21,DISPENSER_FAIL
T-00018,2025-03-23,CARD_JAM
T-00018,2025-03-25,PRINTER_ERROR
T-00018,2025-03-27,PRINTER_ERROR
T-00018,2025-03-29,CARD_JAM
T-00018,2025-03-31,CCDM_JAM
T-00018,2025-04-02,EPP_FAIL
T-00018,2025-04-09,CARD_JAM
T-00018,2025-04-16,NETWORK_DOWN
T-00018,2025-04-17,DISPENSER_FAIL
T-00018,2025-04-24,EPP_FAIL
T-00018,2025-04-30,NETWORK_DOWN
T-00018,2025-05-01,NETWORK_DOWN
T-00018,2025-05-02,PRINTER_ERROR
T-00018,2025-05-05,CCDM_JAM
T-00018,2025-05-07,NETWORK_DOWN
T-00018,2025-05-11,EPP_FAIL
T-00018,2025-05-14,PRINTER_ERROR
T-00018,2025-05-15,CCDM_JAM
T-00018,2025-06-03,CARD_JAM
T-00018,2025-06-05,DISPENSER_FAIL
T-00018,2025-06-15,NETWORK_DOWN
T-00018,2025-06-16,NETWORK_DOWN
T-00018,2025-06-23,DISPENSER_FAIL
T-00018,2025-06-25,CCDM_JAM
T-00018,2025-06-26,EPP_FAIL
T-00018,2025-06-27,DISPENSER_FAIL
T-00018,2025-06-30,NETWORK_DOWN
T-00018,2025-07-03,CCDM_JAM
T-00018,2025-07-05,CCDM_JAM
T-00018,2025-07-08,CCDM_JAM
T-00018,2025-07-11,EPP_FAIL
T-00018,2025-07-12,CCDM_JAM
T-00018,2025-07-13,CARD_JAM
T-00018,2025-07-15,PRINTER_ERROR
T-00018,2025-07-16,DISPENSER_FAIL
T-00018,2025-07-17,CARD_JAM
T-00018,2025-07-18,EPP_FAIL
T-00018,2025-07-23,EPP_FAIL
T-00018,2025-07-24,NETWORK_DOWN
T-00018,2025-07-29,CCDM_JAM
T-00018,2025-08-01,CCDM_JAM
T-00018,2025-08-03,CCDM_JAM
T-00018,2025-08-04,NETWORK_DOWN
T-00018,2025-08-06,NETWORK_DOWN
T-00018,2025-08-08,NETWORK_DOWN
T-00018,2025-08-10,DISPENSER_FAIL
T-00018,2025-08-13,NETWORK_DOWN
T-00018,2025-08-20,CARD_JAM
T-00018,2025-08-24,CCDM_JAM
T-00018,2025-09-03,DISPENSER_FAIL
T-00018,2025-09-05,CCDM_JAM
T-00018,2025-09-07,EPP_FAIL
T-00018,2025-09-11,NETWORK_DOWN
T-00018,2025-09-16,DISPENSER_FAIL
T-00018,2025-09-18,PRINTER_ERROR
T-00018,2025-09-22,DISPENSER_FAIL
T-00018,2025-09-23,CCDM_JAM
T-00018,2025-09-25,CCDM_JAM
T-00018,2025-10-04,CCDM_JAM
T-00018,2025-10-08,CARD_JAM
T-00018,2025-10-11,DISPENSER_FAIL
T-00018,2025-10-13,PRINTER_ERROR
T-00018,2025-10-16,CCDM_JAM
T-00018,2025-10-20,NETWORK_DOWN
T-00018,2025-10-23,CARD_JAM
T-00018,2025-10-25,CARD_JAM
T-00018,2025-10-28,EPP_FAIL
T-00018,2025-10-31,PRINTER_ERROR
T-00018,2025-11-08,EPP_FAIL
T-00018,2025-11-10,NETWORK_DOWN
T-00018,2025-11-14,DISPENSER_FAIL
T-00018,2025-11-15,DISPENSER_FAIL
T-00018,2025-11-20,CARD_JAM
T-00018,2025-11-23,PRINTER_ERROR
T-00018,2025-11-26,DISPENSER_FAIL
T-00018,2025-11-30,DISPENSER_FAIL
T-00018,2025-12-01,PRINTER_ERROR
T-00018,2025-12-10,DISPENSER_FAIL
T-00018,2025-12-12,EPP_FAIL
T-00018,2025-12-13,PRINTER_ERROR
T-00018,2025-12-16,CARD_JAM
T-00018,2025-12-18,DISPENSER_FAIL
T-00018,2025-12-21,CARD_JAM
T-00018,2025-12-22,PRINTER_ERROR
T-00018,2025-12-26,CCDM_JAM
T-00019,2025-01-27,NETWORK_DOWN
T-00019,2025-02-24,NETWORK_DOWN
T-00019,2025-04-03,CCDM_JAM
T-00019,2025-04-05,CCDM_JAM
T-00019,2025-07-04,NETWORK_DOWN
T-00019,2025-07-24,EPP_FAIL
T-00019,2025-08-14,DISPENSER_FAIL
T-00019,2025-09-08,DISPENSER_FAIL
T-00019,2025-09-17,CCDM_JAM
T-00019,2025-10-08,DISPENSER_FAIL
T-00019,2025-10-10,EPP_FAIL
T-00019,2025-11-09,EPP_FAIL
T-00019,2025-11-18,CCDM_JAM
T-00020,2025-01-02,CCDM_JAM
T-00020,2025-01-04,DISPENSER_FAIL
T-00020,2025-01-07,NETWORK_DOWN
T-00020,2025-01-12,EPP_FAIL
T-00020,2025-01-13,CCDM_JAM
T-00020,2025-01-15,CCDM_JAM
T-00020,2025-01-18,CCDM_JAM
T-00020,2025-01-20,PRINTER_ERROR
T-00020,2025-01-21,DISPENSER_FAIL
T-00020,2025-01-22,DISPENSER_FAIL
T-00020,2025-01-25,DISPENSER_FAIL
T-00020,2025-02-01,CCDM_JAM
T-00020,2025-02-02,CARD_JAM
T-00020,2025-02-06,CCDM_JAM
T-00020,2025-02-07,CCDM_JAM
T-00020,2025-02-10,DISPENSER_FAIL
T-00020,2025-02-11,CCDM_JAM
T-00020,2025-02-14,EPP_FAIL
T-00020,2025-02-15,NETWORK_DOWN
T-00020,2025-02-16,PRINTER_ERROR
T-00020,2025-02-23,CCDM_JAM
T-00020,2025-02-25,CARD_JAM
T-00020,2025-02-27,EPP_FAIL
T-00020,2025-03-01,PRINTER_ERROR
T-00020,2025-03-04,EPP_FAIL
T-00020,2025-03-13,CCDM_JAM
T-00020,2025-03-31,NETWORK_DOWN
T-00020,2025-04-02,CCDM_JAM
T-00020,2025-04-09,PRINTER_ERROR
T-00020,2025-04-11,CARD_JAM
T-00020,2025-04-12,CCDM_JAM
T-00020,2025-04-13,DISPENSER_FAIL
T-00020,2025-04-18,DISPENSER_FAIL
T-00020,2025-04-20,CARD_JAM
T-00020,2025-04-22,CCDM_JAM
T-00020,2025-04-23,DISPENSER_FAIL
T-00020,2025-04-25,NETWORK_DOWN
T-00020,2025-04-26,DISPENSER_FAIL
T-00020,2025-04-30,CARD_JAM
T-00020,2025-05-02,DISPENSER_FAIL
T-00020,2025-05-03,CARD_JAM
T-00020,2025-05-04,EPP_FAIL
T-00020,2025-05-05,EPP_FAIL
T-00020,2025-05-07,EPP_FAIL
T-00020,2025-05-11,CCDM_JAM
T-00020,2025-05-14,EPP_FAIL
T-00020,2025-05-15,EPP_FAIL
T-00020,2025-05-20,CARD_JAM
T-00020,2025-05-21,PRINTER_ERROR
T-00020,2025-05-23,CARD_JAM
T-00020,2025-05-27,CARD_JAM
T-00020,2025-05-28,CARD_JAM
T-00020,2025-05-30,PRINTER_ERROR
T-00020,2025-06-01,DISPENSER_FAIL
T-00020,2025-06-02,CARD_JAM
T-00020,2025-06-07,EPP_FAIL
T-00020,2025-06-09,EPP_FAIL
T-00020,2025-06-10,NETWORK_DOWN
T-00020,2025-06-20,CCDM_JAM
T-00020,2025-06-22,NETWORK_DOWN
T-00020,2025-06-23,CARD_JAM
T-00020,2025-07-01,CARD_JAM
T-00020,2025-07-04,CCDM_JAM
T-00020,2025-07-08,DISPENSER_FAIL
T-00020,2025-07-10,CARD_JAM
T-00020,2025-07-12,EPP_FAIL
T-00020,2025-07-16,CCDM_JAM
T-00020,2025-07-23,CARD_JAM
T-00020,2025-07-24,CARD_JAM
T-00020,2025-07-25,PRINTER_ERROR
T-00020,2025-08-03,NETWORK_DOWN
T-00020,2025-08-06,DISPENSER_FAIL
T-00020,2025-08-07,DISPENSER_FAIL
T-00020,2025-08-12,CCDM_JAM
T-00020,2025-08-16,CARD_JAM
T-00020,2025-08-17,PRINTER_ERROR
T-00020,2025-08-18,EPP_FAIL
T-00020,2025-08-19,EPP_FAIL
T-00020,2025-08-21,NETWORK_DOWN
T-00020,2025-08-23,CCDM_JAM
T-00020,2025-08-26,CARD_JAM
T-00020,2025-08-29,DISPENSER_FAIL
T-00020,2025-08-30,PRINTER_ERROR
T-00020,2025-08-31,CCDM_JAM
T-00020,2025-09-01,PRINTER_ERROR
T-00020,2025-09-02,EPP_FAIL
T-00020,2025-09-05,CCDM_JAM
T-00020,2025-09-06,CCDM_JAM
T-00020,2025-09-09,EPP_FAIL
T-00020,2025-09-11,NETWORK_DOWN
T-00020,2025-09-14,CARD_JAM
T-00020,2025-09-25,PRINTER_ERROR
T-00020,2025-09-28,DISPENSER_FAIL
T-00020,2025-10-02,CCDM_JAM
T-00020,2025-10-04,DISPENSER_FAIL
T-00020,2025-10-06,CARD_JAM
T-00020,2025-10-11,DISPENSER_FAIL
T-00020,2025-10-14,PRINTER_ERROR
T-00020,2025-10-19,CARD_JAM
T-00020,2025-10-22,CARD_JAM
T-00020,2025-10-28,CARD_JAM
T-00020,2025-10-29,EPP_FAIL
T-00020,2025-11-04,CARD_JAM
T-00020,2025-11-10,CARD_JAM
T-00020,2025-11-14,EPP_FAIL
T-00020,2025-11-17,CARD_JAM
T-00020,2025-11-19,PRINTER_ERROR
T-00020,2025-11-22,PRINTER_ERROR
T-00020,2025-12-02,NETWORK_DOWN
T-00020,2025-12-14,CCDM_JAM
T-00020,2025-12-15,CCDM_JAM
T-00020,2025-12-16,DISPENSER_FAIL
T-00020,2025-12-18,CCDM_JAM
T-00020,2025-12-20,PRINTER_ERROR
T-00020,2025-12-23,CCDM_JAM
T-00020,2025-12-25,CARD_JAM
T-00021,2025-01-01,CARD_JAM
T-00021,2025-01-12,PRINTER_ERROR
T-00021,2025-01-30,EPP_FAIL
T-00021,2025-02-06,CARD_JAM
T-00021,2025-03-05,DISPENSER_FAIL
T-00021,2025-03-14,PRINTER_ERROR
T-00021,2025-03-17,NETWORK_DOWN
T-00021,2025-03-23,EPP_FAIL
T-00021,2025-04-01,CARD_JAM
T-00021,2025-04-08,CARD_JAM
T-00021,2025-04-16,NETWORK_DOWN
T-00021,2025-04-22,CCDM_JAM
T-00021,2025-05-02,NETWORK_DOWN
T-00021,2025-05-12,CARD_JAM
T-00021,2025-05-20,CCDM_JAM
T-00021,2025-05-26,PRINTER_ERROR
T-00021,2025-05-27,NETWORK_DOWN
T-00021,2025-06-09,CCDM_JAM
T-00021,2025-06-19,PRINTER_ERROR
T-00021,2025-07-19,PRINTER_ERROR
T-00021,2025-07-24,EPP_FAIL
T-00021,2025-08-19,NETWORK_DOWN
T-00021,2025-09-11,PRINTER_ERROR
T-00021,2025-09-14,CCDM_JAM
T-00021,2025-09-15,EPP_FAIL
T-00021,2025-09-18,DISPENSER_FAIL
T-00021,2025-09-22,CARD_JAM
T-00021,2025-10-01,EPP_FAIL
T-00021,2025-10-20,EPP_FAIL
T-00021,2025-11-11,CARD_JAM
T-00021,2025-11-14,CCDM_JAM
T-00021,2025-11-18,DISPENSER_FAIL
T-00021,2025-11-23,NETWORK_DOWN
T-00021,2025-11-27,DISPENSER_FAIL
T-00021,2025-12-10,DISPENSER_FAIL
T-00021,2025-12-13,CARD_JAM
T-00021,2025-12-16,DISPENSER_FAIL
T-00022,2025-01-03,DISPENSER_FAIL
T-00022,2025-02-02,EPP_FAIL
T-00022,2025-02-22,CCDM_JAM
T-00022,2025-02-23,DISPENSER_FAIL
T-00022,2025-03-06,NETWORK_DOWN
T-00022,2025-03-21,DISPENSER_FAIL
T-00022,2025-05-07,NETWORK_DOWN
T-00022,2025-05-20,EPP_FAIL
T-00022,2025-06-13,PRINTER_ERROR
T-00022,2025-07-18,EPP_FAIL
T-00022,2025-07-31,CCDM_JAM
T-00022,2025-08-02,CCDM_JAM
T-00022,2025-08-05,EPP_FAIL
T-00022,2025-08-11,CCDM_JAM
T-00022,2025-08-26,CCDM_JAM
T-00022,2025-09-02,CARD_JAM
T-00022,2025-09-21,EPP_FAIL
T-00022,2025-10-08,EPP_FAIL
T-00022,2025-12-19,CARD_JAM
T-00023,2025-01-02,CARD_JAM
T-00023,2025-02-05,PRINTER_ERROR
T-00023,2025-02-09,PRINTER_ERROR
T-00023,2025-02-16,CARD_JAM
T-00023,2025-02-17,PRINTER_ERROR
T-00023,2025-03-06,CARD_JAM
T-00023,2025-03-09,EPP_FAIL
T-00023,2025-05-03,PRINTER_ERROR
T-00023,2025-05-22,CCDM_JAM
T-00023,2025-06-16,EPP_FAIL
T-00023,2025-06-29,DISPENSER_FAIL
T-00023,2025-08-07,CARD_JAM
T-00023,2025-08-21,DISPENSER_FAIL
T-00023,2025-08-31,PRINTER_ERROR
T-00023,2025-09-01,PRINTER_ERROR
T-00023,2025-10-08,PRINTER_ERROR
T-00023,2025-11-01,CARD_JAM
T-00023,2025-11-02,CCDM_JAM
T-00023,2025-12-10,DISPENSER_FAIL
T-00023,2025-12-14,DISPENSER_FAIL
T-00024,2025-01-31,NETWORK_DOWN
T-00024,2025-02-04,CCDM_JAM
T-00024,2025-02-10,EPP_FAIL
T-00024,2025-03-20,NETWORK_DOWN
T-00024,2025-04-06,DISPENSER_FAIL
T-00024,2025-04-07,PRINTER_ERROR
T-00024,2025-04-27,CARD_JAM
T-00024,2025-05-16,DISPENSER_FAIL
T-00024,2025-05-17,CARD_JAM
T-00024,2025-06-04,CCDM_JAM
T-00024,2025-06-16,DISPENSER_FAIL
T-00024,2025-07-26,EPP_FAIL
T-00024,2025-08-25,CARD_JAM
T-00024,2025-08-27,DISPENSER_FAIL
T-00024,2025-09-08,CARD_JAM
T-00024,2025-09-22,PRINTER_ERROR
T-00024,2025-10-09,EPP_FAIL
T-00024,2025-10-21,CARD_JAM
T-00024,2025-10-23,PRINTER_ERROR
T-00024,2025-10-27,PRINTER_ERROR
T-00024,2025-11-18,PRINTER_ERROR
T-00024,2025-12-04,NETWORK_DOWN
T-00024,2025-12-26,NETWORK_DOWN
T-00025,2025-01-05,PRINTER_ERROR
T-00025,2025-01-11,CCDM_JAM
T-00025,2025-01-14,CARD_JAM
T-00025,2025-01-18,PRINTER_ERROR
T-00025,2025-01-19,PRINTER_ERROR
T-00025,2025-01-26,DISPENSER_FAIL
T-00025,2025-01-27,NETWORK_DOWN
T-00025,2025-01-30,PRINTER_ERROR
T-00025,2025-02-08,CARD_JAM
T-00025,2025-02-13,EPP_FAIL
T-00025,2025-02-15,PRINTER_ERROR
T-00025,2025-02-16,NETWORK_DOWN
T-00025,2025-02-19,CARD_JAM
T-00025,2025-02-20,NETWORK_DOWN
T-00025,2025-03-01,NETWORK_DOWN
T-00025,2025-03-02,CARD_JAM
T-00025,2025-03-03,EPP_FAIL
T-00025,2025-03-08,NETWORK_DOWN
T-00025,2025-03-11,CARD_JAM
T-00025,2025-03-12,DISPENSER_FAIL
T-00025,2025-03-13,NETWORK_DOWN
T-00025,2025-03-15,CCDM_JAM
T-00025,2025-03-18,NETWORK_DOWN
T-00025,2025-03-19,PRINTER_ERROR
T-00025,2025-03-23,NETWORK_DOWN
T-00025,2025-03-26,EPP_FAIL
T-00025,2025-03-30,DISPENSER_FAIL
T-00025,2025-04-01,DISPENSER_FAIL
T-00025,2025-04-04,CARD_JAM
T-00025,2025-04-07,EPP_FAIL
T-00025,2025-04-09,CCDM_JAM
T-00025,2025-04-11,CCDM_JAM
T-00025,2025-04-14,CCDM_JAM
T-00025,2025-04-17,EPP_FAIL
T-00025,2025-04-26,DISPENSER_FAIL
T-00025,2025-04-28,DISPENSER_FAIL
T-00025,2025-05-03,NETWORK_DOWN
T-00025,2025-05-08,CARD_JAM
T-00025,2025-05-10,PRINTER_ERROR
T-00025,2025-05-13,PRINTER_ERROR
T-00025,2025-05-14,DISPENSER_FAIL
T-00025,2025-05-17,PRINTER_ERROR
T-00025,2025-05-29,DISPENSER_FAIL
T-00025,2025-05-30,DISPENSER_FAIL
T-00025,2025-06-17,PRINTER_ERROR
T-00025,2025-06-22,CCDM_JAM
T-00025,2025-06-24,CCDM_JAM
T-00025,2025-07-03,EPP_FAIL
T-00025,2025-07-08,PRINTER_ERROR
T-00025,2025-07-09,DISPENSER_FAIL
T-00025,2025-07-10,PRINTER_ERROR
T-00025,2025-07-19,PRINTER_ERROR
T-00025,2025-07-27,CCDM_JAM
T-00025,2025-08-05,EPP_FAIL
T-00025,2025-08-10,EPP_FAIL
T-00025,2025-08-16,CCDM_JAM
T-00025,2025-08-21,NETWORK_DOWN
T-00025,2025-08-23,EPP_FAIL
T-00025,2025-08-24,NETWORK_DOWN
T-00025,2025-08-31,EPP_FAIL
T-00025,2025-09-02,NETWORK_DOWN
T-00025,2025-09-14,CARD_JAM
T-00025,2025-09-18,NETWORK_DOWN
T-00025,2025-09-23,CARD_JAM
T-00025,2025-09-24,NETWORK_DOWN
T-00025,2025-09-28,CCDM_JAM
T-00025,2025-10-02,NETWORK_DOWN
T-00025,2025-10-04,DISPENSER_FAIL
T-00025,2025-10-05,CCDM_JAM
T-00025,2025-10-14,EPP_FAIL
T-00025,2025-10-20,CARD_JAM
T-00025,2025-10-24,CARD_JAM
T-00025,2025-10-25,NETWORK_DOWN
T-00025,2025-10-28,CARD_JAM
T-00025,2025-10-31,CCDM_JAM
T-00025,2025-11-07,DISPENSER_FAIL
T-00025,2025-11-09,CCDM_JAM
T-00025,2025-11-10,EPP_FAIL
T-00025,2025-11-16,CARD_JAM
T-00025,2025-11-18,CCDM_JAM
T-00025,2025-11-19,NETWORK_DOWN
T-00025,2025-12-04,PRINTER_ERROR
T-00025,2025-12-10,NETWORK_DOWN
T-00025,2025-12-16,EPP_FAIL
T-00025,2025-12-20,CARD_JAM
T-00025,2025-12-26,NETWORK_DOWN
T-00025,2025-12-28,CARD_JAM
T-00025,2025-12-30,EPP_FAIL
T-00026,2025-01-02,PRINTER_ERROR
T-00026,2025-01-08,NETWORK_DOWN
T-00026,2025-01-09,CCDM_JAM
T-00026,2025-01-16,CCDM_JAM
T-00026,2025-01-20,NETWORK_DOWN
T-00026,2025-01-25,CARD_JAM
T-00026,2025-01-28,CCDM_JAM
T-00026,2025-01-29,DISPENSER_FAIL
T-00026,2025-01-31,EPP_FAIL
T-00026,2025-02-02,NETWORK_DOWN
T-00026,2025-02-10,NETWORK_DOWN
T-00026,2025-02-15,CCDM_JAM
T-00026,2025-02-20,CCDM_JAM
T-00026,2025-02-22,NETWORK_DOWN
T-00026,2025-02-26,PRINTER_ERROR
T-00026,2025-02-27,CARD_JAM
T-00026,2025-02-28,DISPENSER_FAIL
T-00026,2025-03-01,NETWORK_DOWN
T-00026,2025-03-03,DISPENSER_FAIL
T-00026,2025-03-04,DISPENSER_FAIL
T-00026,2025-03-09,DISPENSER_FAIL
T-00026,2025-03-12,PRINTER_ERROR
T-00026,2025-03-14,EPP_FAIL
T-00026,2025-03-16,CARD_JAM
T-00026,2025-03-17,CCDM_JAM
T-00026,2025-03-18,PRINTER_ERROR
T-00026,2025-03-22,CARD_JAM
T-00026,2025-03-24,PRINTER_ERROR
T-00026,2025-03-31,CCDM_JAM
T-00026,2025-04-01,CCDM_JAM
T-00026,2025-04-02,EPP_FAIL
T-00026,2025-04-04,NETWORK_DOWN
T-00026,2025-04-05,PRINTER_ERROR
T-00026,2025-04-11,NETWORK_DOWN
T-00026,2025-04-12,DISPENSER_FAIL
T-00026,2025-04-13,DISPENSER_FAIL
T-00026,2025-04-14,CCDM_JAM
T-00026,2025-04-22,NETWORK_DOWN
T-00026,2025-04-28,NETWORK_DOWN
T-00026,2025-04-29,EPP_FAIL
T-00026,2025-05-03,PRINTER_ERROR
T-00026,2025-05-05,EPP_FAIL
T-00026,2025-05-09,NETWORK_DOWN
T-00026,2025-05-18,NETWORK_DOWN
T-00026,2025-05-19,CARD_JAM
T-00026,2025-05-25,CARD_JAM
T-00026,2025-06-02,CCDM_JAM
T-00026,2025-06-07,CCDM_JAM
T-00026,2025-06-09,EPP_FAIL
T-00026,2025-06-11,NETWORK_DOWN
T-00026,2025-06-18,PRINTER_ERROR
T-00026,2025-06-22,DISPENSER_FAIL
T-00026,2025-07-06,CCDM_JAM
T-00026,2025-07-15,PRINTER_ERROR
T-00026,2025-07-17,NETWORK_DOWN
T-00026,2025-07-24,EPP_FAIL
T-00026,2025-07-25,DISPENSER_FAIL
T-00026,2025-07-29,NETWORK_DOWN
T-00026,2025-08-01,PRINTER_ERROR
T-00026,2025-08-02,CARD_JAM
T-00026,2025-08-03,EPP_FAIL
T-00026,2025-08-04,PRINTER_ERROR
T-00026,2025-08-09,EPP_FAIL
T-00026,2025-08-12,NETWORK_DOWN
T-00026,2025-08-17,CCDM_JAM
T-00026,2025-08-19,NETWORK_DOWN
T-00026,2025-08-22,CARD_JAM
T-00026,2025-08-23,CCDM_JAM
T-00026,2025-08-26,CARD_JAM
T-00026,2025-08-28,EPP_FAIL
T-00026,2025-08-31,PRINTER_ERROR
T-00026,2025-09-03,CCDM_JAM
T-00026,2025-09-06,DISPENSER_FAIL
T-00026,2025-09-09,DISPENSER_FAIL
T-00026,2025-09-19,DISPENSER_FAIL
T-00026,2025-09-21,NETWORK_DOWN
T-00026,2025-09-25,EPP_FAIL
T-00026,2025-09-27,CARD_JAM
T-00026,2025-09-28,EPP_FAIL
T-00026,2025-09-30,NETWORK_DOWN
T-00026,2025-10-03,CCDM_JAM
T-00026,2025-10-07,DISPENSER_FAIL
T-00026,2025-10-08,CARD_JAM
T-00026,2025-10-10,PRINTER_ERROR
T-00026,2025-10-13,PRINTER_ERROR
T-00026,2025-10-21,EPP_FAIL
T-00026,2025-10-22,PRINTER_ERROR
T-00026,2025-10-25,CARD_JAM
T-00026,2025-10-26,CARD_JAM
T-00026,2025-10-31,CARD_JAM
T-00026,2025-11-05,PRINTER_ERROR
T-00026,2025-11-09,PRINTER_ERROR
T-00026,2025-11-10,PRINTER_ERROR
T-00026,2025-11-14,CCDM_JAM
T-00026,2025-11-15,DISPENSER_FAIL
T-00026,2025-11-16,DISPENSER_FAIL
T-00026,2025-11-21,EPP_FAIL
T-00026,2025-11-23,NETWORK_DOWN
T-00026,2025-11-25,NETWORK_DOWN
T-00026,2025-11-26,DISPENSER_FAIL
T-00026,2025-11-27,CARD_JAM
T-00026,2025-11-28,DISPENSER_FAIL
T-00026,2025-12-02,CCDM_JAM
T-00026,2025-12-05,EPP_FAIL
T-00026,2025-12-09,EPP_FAIL
T-00026,2025-12-12,DISPENSER_FAIL
T-00026,2025-12-13,CCDM_JAM
T-00026,2025-12-14,CCDM_JAM
T-00026,2025-12-19,PRINTER_ERROR
T-00026,2025-12-21,DISPENSER_FAIL
T-00026,2025-12-22,PRINTER_ERROR
T-00026,2025-12-30,NETWORK_DOWN
T-00027,2025-01-04,NETWORK_DOWN
T-00027,2025-01-06,NETWORK_DOWN
T-00027,2025-01-13,DISPENSER_FAIL
T-00027,2025-01-17,CARD_JAM
T-00027,2025-01-22,CCDM_JAM
T-00027,2025-01-30,EPP_FAIL
T-00027,2025-02-02,PRINTER_ERROR
T-00027,2025-02-06,EPP_FAIL
T-00027,2025-02-07,CARD_JAM
T-00027,2025-02-09,CARD_JAM
T-00027,2025-02-14,CARD_JAM
T-00027,2025-02-15,PRINTER_ERROR
T-00027,2025-02-18,DISPENSER_FAIL
T-00027,2025-02-21,DISPENSER_FAIL
T-00027,2025-02-22,NETWORK_DOWN
T-00027,2025-03-04,CCDM_JAM
T-00027,2025-03-06,EPP_FAIL
T-00027,2025-03-08,DISPENSER_FAIL
T-00027,2025-03-09,EPP_FAIL
T-00027,2025-03-12,CARD_JAM
T-00027,2025-03-16,NETWORK_DOWN
T-00027,2025-03-18,CCDM_JAM
T-00027,2025-03-20,DISPENSER_FAIL
T-00027,2025-03-21,PRINTER_ERROR
T-00027,2025-03-25,NETWORK_DOWN
T-00027,2025-04-01,PRINTER_ERROR
T-00027,2025-04-05,NETWORK_DOWN
T-00027,2025-04-09,CARD_JAM
T-00027,2025-04-10,CCDM_JAM
T-00027,2025-04-12,DISPENSER_FAIL
T-00027,2025-04-13,CARD_JAM
T-00027,2025-04-15,CARD_JAM
T-00027,2025-04-17,DISPENSER_FAIL
T-00027,2025-04-19,DISPENSER_FAIL
T-00027,2025-04-20,EPP_FAIL
T-00027,2025-04-21,CARD_JAM
T-00027,2025-04-26,NETWORK_DOWN
T-00027,2025-04-28,NETWORK_DOWN
T-00027,2025-04-29,DISPENSER_FAIL
T-00027,2025-04-30,EPP_FAIL
T-00027,2025-05-01,CCDM_JAM
T-00027,2025-05-02,NETWORK_DOWN
T-00027,2025-05-08,DISPENSER_FAIL
T-00027,2025-05-12,EPP_FAIL
T-00027,2025-05-14,NETWORK_DOWN
T-00027,2025-05-15,EPP_FAIL
T-00027,2025-05-17,CCDM_JAM
T-00027,2025-05-19,NETWORK_DOWN
T-00027,2025-05-25,CARD_JAM
T-00027,2025-06-15,PRINTER_ERROR
T-00027,2025-06-23,PRINTER_ERROR
T-00027,2025-06-24,DISPENSER_FAIL
T-00027,2025-06-26,PRINTER_ERROR
T-00027,2025-06-28,PRINTER_ERROR
T-00027,2025-07-03,PRINTER_ERROR
T-00027,2025-07-04,PRINTER_ERROR
T-00027,2025-07-09,CCDM_JAM
T-00027,2025-07-21,CCDM_JAM
T-00027,2025-07-25,EPP_FAIL
T-00027,2025-07-26,CCDM_JAM
T-00027,2025-07-27,DISPENSER_FAIL
T-00027,2025-07-31,EPP_FAIL
T-00027,2025-08-07,NETWORK_DOWN
T-00027,2025-08-10,DISPENSER_FAIL
T-00027,2025-08-14,NETWORK_DOWN
T-00027,2025-08-15,PRINTER_ERROR
T-00027,2025-08-16,CARD_JAM
T-00027,2025-08-17,NETWORK_DOWN
T-00027,2025-08-18,NETWORK_DOWN
T-00027,2025-08-25,CARD_JAM
T-00027,2025-08-30,CCDM_JAM
T-00027,2025-08-31,CCDM_JAM
T-00027,2025-09-01,NETWORK_DOWN
T-00027,2025-09-03,EPP_FAIL
T-00027,2025-09-05,PRINTER_ERROR
T-00027,2025-09-17,PRINTER_ERROR
T-00027,2025-09-18,PRINTER_ERROR
T-00027,2025-09-21,EPP_FAIL
T-00027,2025-09-22,PRINTER_ERROR
T-00027,2025-09-23,CARD_JAM
T-00027,2025-09-24,CARD_JAM
T-00027,2025-10-01,NETWORK_DOWN
T-00027,2025-10-04,DISPENSER_FAIL
T-00027,2025-10-08,PRINTER_ERROR
T-00027,2025-10-13,EPP_FAIL
T-00027,2025-10-14,CARD_JAM
T-00027,2025-10-15,CCDM_JAM
T-00027,2025-10-25,PRINTER_ERROR
T-00027,2025-10-27,CARD_JAM
T-00027,2025-10-31,PRINTER_ERROR
T-00027,2025-11-03,CCDM_JAM
T-00027,2025-11-10,DISPENSER_FAIL
T-00027,2025-11-24,NETWORK_DOWN
T-00027,2025-11-25,PRINTER_ERROR
T-00027,2025-11-29,NETWORK_DOWN
T-00027,2025-12-01,PRINTER_ERROR
T-00027,2025-12-03,CCDM_JAM
T-00027,2025-12-08,CCDM_JAM
T-00027,2025-12-10,EPP_FAIL
T-00027,2025-12-12,EPP_FAIL
T-00027,2025-12-16,NETWORK_DOWN
T-00027,2025-12-29,EPP_FAIL
T-00028,2025-01-06,CARD_JAM
T-00028,2025-01-09,NETWORK_DOWN
T-00028,2025-01-10,EPP_FAIL
T-00028,2025-01-18,EPP_FAIL
T-00028,2025-01-19,PRINTER_ERROR
T-00028,2025-01-24,CARD_JAM
T-00028,2025-01-27,CARD_JAM
T-00028,2025-01-28,CARD_JAM
T-00028,2025-02-01,DISPENSER_FAIL
T-00028,2025-02-06,EPP_FAIL
T-00028,2025-02-15,DISPENSER_FAIL
T-00028,2025-02-16,CARD_JAM
T-00028,2025-02-22,EPP_FAIL
T-00028,2025-02-27,PRINTER_ERROR
T-00028,2025-03-02,NETWORK_DOWN
T-00028,2025-03-06,PRINTER_ERROR
T-00028,2025-03-07,CARD_JAM
T-00028,2025-03-09,NETWORK_DOWN
T-00028,2025-03-11,PRINTER_ERROR
T-00028,2025-03-14,PRINTER_ERROR
T-00028,2025-03-15,PRINTER_ERROR
T-00028,2025-03-18,CCDM_JAM
T-00028,2025-03-21,DISPENSER_FAIL
T-00028,2025-03-23,NETWORK_DOWN
T-00028,2025-03-24,DISPENSER_FAIL
T-00028,2025-03-25,CARD_JAM
T-00028,2025-03-27,CARD_JAM
T-00028,2025-03-29,DISPENSER_FAIL
T-00028,2025-04-01,PRINTER_ERROR
T-00028,2025-04-03,DISPENSER_FAIL
T-00028,2025-04-08,DISPENSER_FAIL
T-00028,2025-04-11,DISPENSER_FAIL
T-00028,2025-04-12,DISPENSER_FAIL
T-00028,2025-04-14,CARD_JAM
T-00028,2025-04-23,NETWORK_DOWN
T-00028,2025-04-29,DISPENSER_FAIL
T-00028,2025-04-30,CARD_JAM
T-00028,2025-05-03,CARD_JAM
T-00028,2025-05-04,CARD_JAM
T-00028,2025-05-06,CARD_JAM
T-00028,2025-05-10,CCDM_JAM
T-00028,2025-05-12,NETWORK_DOWN
T-00028,2025-05-13,DISPENSER_FAIL
T-00028,2025-05-24,DISPENSER_FAIL
T-00028,2025-05-27,CARD_JAM
T-00028,2025-05-28,CCDM_JAM
T-00028,2025-05-31,CARD_JAM
T-00028,2025-06-03,NETWORK_DOWN
T-00028,2025-06-05,PRINTER_ERROR
T-00028,2025-06-08,NETWORK_DOWN
T-00028,2025-06-09,PRINTER_ERROR
T-00028,2025-06-14,DISPENSER_FAIL
T-00028,2025-06-16,NETWORK_DOWN
T-00028,2025-06-17,NETWORK_DOWN
T-00028,2025-06-19,CARD_JAM
T-00028,2025-06-20,CCDM_JAM
T-00028,2025-06-22,EPP_FAIL
T-00028,2025-06-28,NETWORK_DOWN
T-00028,2025-06-29,PRINTER_ERROR
T-00028,2025-07-07,CARD_JAM
T-00028,2025-07-13,PRINTER_ERROR
T-00028,2025-07-14,PRINTER_ERROR
T-00028,2025-07-18,NETWORK_DOWN
T-00028,2025-07-24,NETWORK_DOWN
T-00028,2025-07-26,NETWORK_DOWN
T-00028,2025-07-30,NETWORK_DOWN
T-00028,2025-08-03,NETWORK_DOWN
T-00028,2025-08-09,PRINTER_ERROR
T-00028,2025-08-11,CARD_JAM
T-00028,2025-08-15,CCDM_JAM
T-00028,2025-08-16,CARD_JAM
T-00028,2025-08-20,EPP_FAIL
T-00028,2025-08-23,NETWORK_DOWN
T-00028,2025-08-27,DISPENSER_FAIL
T-00028,2025-08-29,CCDM_JAM
T-00028,2025-09-14,CARD_JAM
T-00028,2025-09-17,CARD_JAM
T-00028,2025-09-22,EPP_FAIL
T-00028,2025-09-30,EPP_FAIL
T-00028,2025-10-02,CCDM_JAM
T-00028,2025-10-13,PRINTER_ERROR
T-00028,2025-10-16,PRINTER_ERROR
T-00028,2025-10-17,PRINTER_ERROR
T-00028,2025-10-26,DISPENSER_FAIL
T-00028,2025-10-27,NETWORK_DOWN
T-00028,2025-10-28,CARD_JAM
T-00028,2025-10-29,EPP_FAIL
T-00028,2025-10-30,EPP_FAIL
T-00028,2025-11-01,CCDM_JAM
T-00028,2025-11-02,DISPENSER_FAIL
T-00028,2025-11-21,EPP_FAIL
T-00028,2025-11-23,PRINTER_ERROR
T-00028,2025-11-26,EPP_FAIL
T-00028,2025-12-05,EPP_FAIL
T-00028,2025-12-07,DISPENSER_FAIL
T-00028,2025-12-08,PRINTER_ERROR
T-00028,2025-12-10,NETWORK_DOWN
T-00028,2025-12-13,CCDM_JAM
T-00028,2025-12-16,DISPENSER_FAIL
T-00028,2025-12-17,DISPENSER_FAIL
T-00028,2025-12-19,DISPENSER_FAIL
T-00028,2025-12-21,NETWORK_DOWN
T-00028,2025-12-22,PRINTER_ERROR
T-00028,2025-12-23,EPP_FAIL
T-00028,2025-12-27,PRINTER_ERROR
T-00028,2025-12-28,EPP_FAIL
T-00028,2025-12-29,NETWORK_DOWN
T-00028,2025-12-31,CCDM_JAM
T-00029,2025-01-01,CCDM_JAM
T-00029,2025-01-04,NETWORK_DOWN
T-00029,2025-01-10,CARD_JAM
T-00029,2025-01-12,DISPENSER_FAIL
T-00029,2025-01-15,CARD_JAM
T-00029,2025-01-18,NETWORK_DOWN
T-00029,2025-01-28,EPP_FAIL
T-00029,2025-02-02,CCDM_JAM
T-00029,2025-02-05,CARD_JAM
T-00029,2025-02-09,CCDM_JAM
T-00029,2025-02-15,PRINTER_ERROR
T-00029,2025-02-20,CARD_JAM
T-00029,2025-02-24,NETWORK_DOWN
T-00029,2025-03-06,PRINTER_ERROR
T-00029,2025-03-13,CARD_JAM
T-00029,2025-03-14,CARD_JAM
T-00029,2025-03-19,DISPENSER_FAIL
T-00029,2025-03-24,CARD_JAM
T-00029,2025-03-28,EPP_FAIL
T-00029,2025-04-01,EPP_FAIL
T-00029,2025-04-07,DISPENSER_FAIL
T-00029,2025-04-14,CCDM_JAM
T-00029,2025-04-19,EPP_FAIL
T-00029,2025-04-21,DISPENSER_FAIL
T-00029,2025-04-23,EPP_FAIL
T-00029,2025-05-04,CCDM_JAM
T-00029,2025-05-16,DISPENSER_FAIL
T-00029,2025-05-20,DISPENSER_FAIL
T-00029,2025-05-24,NETWORK_DOWN
T-00029,2025-05-25,NETWORK_DOWN
T-00029,2025-06-04,CCDM_JAM
T-00029,2025-06-11,CARD_JAM
T-00029,2025-06-22,DISPENSER_FAIL
T-00029,2025-07-03,PRINTER_ERROR
T-00029,2025-07-16,EPP_FAIL
T-00029,2025-07-18,CCDM_JAM
T-00029,2025-07-21,EPP_FAIL
T-00029,2025-08-03,CARD_JAM
T-00029,2025-08-04,CARD_JAM
T-00029,2025-08-05,DISPENSER_FAIL
T-00029,2025-08-08,CARD_JAM
T-00029,2025-08-13,EPP_FAIL
T-00029,2025-08-17,EPP_FAIL
T-00029,2025-08-18,CARD_JAM
T-00029,2025-08-24,NETWORK_DOWN
T-00029,2025-08-27,CARD_JAM
T-00029,2025-08-28,CARD_JAM
T-00029,2025-09-08,DISPENSER_FAIL
T-00029,2025-09-11,PRINTER_ERROR
T-00029,2025-09-14,EPP_FAIL
T-00029,2025-09-15,CCDM_JAM
T-00029,2025-09-16,EPP_FAIL
T-00029,2025-09-17,CARD_JAM
T-00029,2025-09-19,EPP_FAIL
T-00029,2025-09-24,EPP_FAIL
T-00029,2025-09-25,NETWORK_DOWN
T-00029,2025-09-29,CCDM_JAM
T-00029,2025-10-01,EPP_FAIL
T-00029,2025-10-10,EPP_FAIL
T-00029,2025-10-12,CARD_JAM
T-00029,2025-10-15,CCDM_JAM
T-00029,2025-10-16,EPP_FAIL
T-00029,2025-10-17,CCDM_JAM
T-00029,2025-10-18,CARD_JAM
T-00029,2025-10-25,CARD_JAM
T-00029,2025-10-28,DISPENSER_FAIL
T-00029,2025-11-01,CARD_JAM
T-00029,2025-11-04,EPP_FAIL
T-00029,2025-11-07,DISPENSER_FAIL
T-00029,2025-11-08,CCDM_JAM
T-00029,2025-11-25,DISPENSER_FAIL
T-00029,2025-11-27,CARD_JAM
T-00029,2025-12-01,DISPENSER_FAIL
T-00029,2025-12-02,EPP_FAIL
T-00029,2025-12-03,PRINTER_ERROR
T-00029,2025-12-04,CARD_JAM
T-00029,2025-12-14,PRINTER_ERROR
T-00029,2025-12-19,PRINTER_ERROR
T-00029,2025-12-27,PRINTER_ERROR
T-00029,2025-12-29,NETWORK_DOWN
T-00029,2025-12-30,EPP_FAIL
T-00030,2025-01-22,NETWORK_DOWN
T-00030,2025-02-17,PRINTER_ERROR
T-00030,2025-04-05,PRINTER_ERROR
T-00030,2025-06-12,NETWORK_DOWN
T-00030,2025-06-18,CARD_JAM
T-00030,2025-06-26,CARD_JAM
T-00030,2025-07-30,EPP_FAIL
T-00030,2025-08-27,NETWORK_DOWN
T-00030,2025-08-30,EPP_FAIL
T-00030,2025-09-06,EPP_FAIL
T-00030,2025-10-26,CARD_JAM
T-00030,2025-11-24,NETWORK_DOWN
T-00030,2025-12-08,CARD_JAM
T-00031,2025-01-02,PRINTER_ERROR
T-00031,2025-01-03,CCDM_JAM
T-00031,2025-01-06,CARD_JAM
T-00031,2025-01-11,EPP_FAIL
T-00031,2025-01-12,NETWORK_DOWN
T-00031,2025-01-16,DISPENSER_FAIL
T-00031,2025-01-23,EPP_FAIL
T-00031,2025-01-30,PRINTER_ERROR
T-00031,2025-02-01,DISPENSER_FAIL
T-00031,2025-02-02,NETWORK_DOWN
T-00031,2025-02-03,CCDM_JAM
T-00031,2025-02-13,NETWORK_DOWN
T-00031,2025-02-14,EPP_FAIL
T-00031,2025-02-18,CARD_JAM
T-00031,2025-02-19,CCDM_JAM
T-00031,2025-02-26,NETWORK_DOWN
T-00031,2025-02-27,DISPENSER_FAIL
T-00031,2025-03-09,DISPENSER_FAIL
T-00031,2025-03-12,CCDM_JAM
T-00031,2025-03-21,CCDM_JAM
T-00031,2025-03-22,CCDM_JAM
T-00031,2025-03-30,PRINTER_ERROR
T-00031,2025-04-10,EPP_FAIL
T-00031,2025-04-11,EPP_FAIL
T-00031,2025-04-14,EPP_FAIL
T-00031,2025-04-18,CARD_JAM
T-00031,2025-04-22,EPP_FAIL
T-00031,2025-04-26,CARD_JAM
T-00031,2025-04-30,EPP_FAIL
T-00031,2025-05-13,CARD_JAM
T-00031,2025-05-16,CARD_JAM
T-00031,2025-05-18,DISPENSER_FAIL
T-00031,2025-05-25,CARD_JAM
T-00031,2025-05-26,NETWORK_DOWN
T-00031,2025-06-05,CCDM_JAM
T-00031,2025-06-09,CARD_JAM
T-00031,2025-06-12,CARD_JAM
T-00031,2025-06-13,EPP_FAIL
T-00031,2025-06-14,CARD_JAM
T-00031,2025-06-15,DISPENSER_FAIL
T-00031,2025-06-20,NETWORK_DOWN
T-00031,2025-06-27,CCDM_JAM
T-00031,2025-07-06,PRINTER_ERROR
T-00031,2025-07-12,CARD_JAM
T-00031,2025-07-13,EPP_FAIL
T-00031,2025-07-16,NETWORK_DOWN
T-00031,2025-07-18,DISPENSER_FAIL
T-00031,2025-07-19,NETWORK_DOWN
T-00031,2025-07-22,PRINTER_ERROR
T-00031,2025-07-24,CCDM_JAM
T-00031,2025-07-26,CCDM_JAM
T-00031,2025-07-30,EPP_FAIL
T-00031,2025-08-01,NETWORK_DOWN
T-00031,2025-08-02,DISPENSER_FAIL
T-00031,2025-08-25,DISPENSER_FAIL
T-00031,2025-08-26,PRINTER_ERROR
T-00031,2025-08-27,CARD_JAM
T-00031,2025-09-01,DISPENSER_FAIL
T-00031,2025-09-15,EPP_FAIL
T-00031,2025-10-03,PRINTER_ERROR
T-00031,2025-10-05,CARD_JAM
T-00031,2025-10-09,EPP_FAIL
T-00031,2025-10-15,CARD_JAM
T-00031,2025-10-18,PRINTER_ERROR
T-00031,2025-10-21,CARD_JAM
T-00031,2025-10-29,CCDM_JAM
T-00031,2025-11-02,PRINTER_ERROR
T-00031,2025-11-04,EPP_FAIL
T-00031,2025-11-06,NETWORK_DOWN
T-00031,2025-11-13,NETWORK_DOWN
T-00031,2025-11-14,EPP_FAIL
T-00031,2025-11-15,CCDM_JAM
T-00031,2025-11-18,NETWORK_DOWN
T-00031,2025-11-24,EPP_FAIL
T-00031,2025-11-26,CCDM_JAM
T-00031,2025-11-27,CARD_JAM
T-00031,2025-12-07,CARD_JAM
T-00031,2025-12-13,EPP_FAIL
T-00031,2025-12-17,DISPENSER_FAIL
T-00031,2025-12-18,DISPENSER_FAIL
T-00031,2025-12-22,NETWORK_DOWN
T-00032,2025-01-07,DISPENSER_FAIL
T-00032,2025-01-12,NETWORK_DOWN
T-00032,2025-01-13,NETWORK_DOWN
T-00032,2025-01-14,CARD_JAM
T-00032,2025-02-07,EPP_FAIL
T-00032,2025-02-16,CCDM_JAM
T-00032,2025-04-14,DISPENSER_FAIL
T-00032,2025-04-26,DISPENSER_FAIL
T-00032,2025-06-10,CARD_JAM
T-00032,2025-06-13,CARD_JAM
T-00032,2025-07-19,PRINTER_ERROR
T-00032,2025-08-12,NETWORK_DOWN
T-00032,2025-08-31,PRINTER_ERROR
T-00032,2025-09-22,PRINTER_ERROR
T-00032,2025-09-25,DISPENSER_FAIL
T-00032,2025-10-25,PRINTER_ERROR
T-00032,2025-10-28,NETWORK_DOWN
T-00032,2025-11-30,EPP_FAIL
T-00032,2025-12-11,DISPENSER_FAIL
T-00032,2025-12-14,NETWORK_DOWN
T-00032,2025-12-15,EPP_FAIL
T-00032,2025-12-17,DISPENSER_FAIL
T-00032,2025-12-24,DISPENSER_FAIL
T-00033,2025-01-10,CARD_JAM
T-00033,2025-01-22,DISPENSER_FAIL
T-00033,2025-01-27,CCDM_JAM
T-00033,2025-01-29,PRINTER_ERROR
T-00033,2025-02-05,CARD_JAM
T-00033,2025-02-11,CCDM_JAM
T-00033,2025-02-21,CCDM_JAM
T-00033,2025-03-02,CCDM_JAM
T-00033,2025-03-12,CARD_JAM
T-00033,2025-03-13,CCDM_JAM
T-00033,2025-03-14,EPP_FAIL
T-00033,2025-03-19,NETWORK_DOWN
T-00033,2025-03-22,CCDM_JAM
T-00033,2025-03-25,CARD_JAM
T-00033,2025-03-30,CCDM_JAM
T-00033,2025-04-08,DISPENSER_FAIL
T-00033,2025-04-10,DISPENSER_FAIL
T-00033,2025-04-11,NETWORK_DOWN
T-00033,2025-04-18,PRINTER_ERROR
T-00033,2025-04-19,PRINTER_ERROR
T-00033,2025-04-22,DISPENSER_FAIL
T-00033,2025-05-03,DISPENSER_FAIL
T-00033,2025-05-16,CCDM_JAM
T-00033,2025-05-20,PRINTER_ERROR
T-00033,2025-05-23,NETWORK_DOWN
T-00033,2025-05-24,EPP_FAIL
T-00033,2025-06-19,DISPENSER_FAIL
T-00033,2025-06-21,DISPENSER_FAIL
T-00033,2025-06-23,CCDM_JAM
T-00033,2025-07-06,CCDM_JAM
T-00033,2025-07-07,CCDM_JAM
T-00033,2025-07-11,CARD_JAM
T-00033,2025-07-24,CARD_JAM
T-00033,2025-08-11,PRINTER_ERROR
T-00033,2025-08-13,DISPENSER_FAIL
T-00033,2025-08-16,CARD_JAM
T-00033,2025-08-20,PRINTER_ERROR
T-00033,2025-08-25,DISPENSER_FAIL
T-00033,2025-08-26,DISPENSER_FAIL
T-00033,2025-09-05,NETWORK_DOWN
T-00033,2025-09-06,NETWORK_DOWN
T-00033,2025-09-10,PRINTER_ERROR
T-00033,2025-09-15,CARD_JAM
T-00033,2025-09-17,DISPENSER_FAIL
T-00033,2025-09-21,EPP_FAIL
T-00033,2025-09-29,EPP_FAIL
T-00033,2025-09-30,DISPENSER_FAIL
T-00033,2025-10-03,CARD_JAM
T-00033,2025-10-06,NETWORK_DOWN
T-00033,2025-10-11,CARD_JAM
T-00033,2025-10-14,PRINTER_ERROR
T-00033,2025-10-21,CCDM_JAM
T-00033,2025-10-22,NETWORK_DOWN
T-00033,2025-10-23,EPP_FAIL
T-00033,2025-10-28,DISPENSER_FAIL
T-00033,2025-10-29,CARD_JAM
T-00033,2025-10-30,CCDM_JAM
T-00033,2025-11-01,EPP_FAIL
T-00033,2025-11-06,NETWORK_DOWN
T-00033,2025-11-09,EPP_FAIL
T-00033,2025-11-17,NETWORK_DOWN
T-00033,2025-11-21,EPP_FAIL
T-00033,2025-11-23,CCDM_JAM
T-00033,2025-11-26,EPP_FAIL
T-00033,2025-12-03,CARD_JAM
T-00033,2025-12-04,PRINTER_ERROR
T-00033,2025-12-06,DISPENSER_FAIL
T-00033,2025-12-22,NETWORK_DOWN
T-00033,2025-12-23,CCDM_JAM
T-00033,2025-12-28,PRINTER_ERROR
T-00034,2025-01-13,PRINTER_ERROR
T-00034,2025-01-14,CARD_JAM
T-00034,2025-01-18,DISPENSER_FAIL
T-00034,2025-02-06,DISPENSER_FAIL
T-00034,2025-02-14,DISPENSER_FAIL
T-00034,2025-03-02,CCDM_JAM
T-00034,2025-03-06,EPP_FAIL
T-00034,2025-03-19,CARD_JAM
T-00034,2025-03-21,EPP_FAIL
T-00034,2025-03-22,CCDM_JAM
T-00034,2025-03-23,CCDM_JAM
T-00034,2025-04-02,PRINTER_ERROR
T-00034,2025-04-13,NETWORK_DOWN
T-00034,2025-04-21,DISPENSER_FAIL
T-00034,2025-04-25,EPP_FAIL
T-00034,2025-04-29,EPP_FAIL
T-00034,2025-05-02,DISPENSER_FAIL
T-00034,2025-05-08,CCDM_JAM
T-00034,2025-05-11,CARD_JAM
T-00034,2025-05-14,PRINTER_ERROR
T-00034,2025-05-20,NETWORK_DOWN
T-00034,2025-06-07,NETWORK_DOWN
T-00034,2025-06-18,PRINTER_ERROR
T-00034,2025-06-23,EPP_FAIL
T-00034,2025-07-02,EPP_FAIL
T-00034,2025-07-03,DISPENSER_FAIL
T-00034,2025-07-08,EPP_FAIL
T-00034,2025-07-16,CCDM_JAM
T-00034,2025-07-25,CCDM_JAM
T-00034,2025-07-27,DISPENSER_FAIL
T-00034,2025-07-28,CCDM_JAM
T-00034,2025-08-04,NETWORK_DOWN
T-00034,2025-08-07,EPP_FAIL
T-00034,2025-08-10,NETWORK_DOWN
T-00034,2025-08-13,CARD_JAM
T-00034,2025-08-14,EPP_FAIL
T-00034,2025-08-23,NETWORK_DOWN
T-00034,2025-08-25,CARD_JAM
T-00034,2025-08-26,PRINTER_ERROR
T-00034,2025-09-24,CCDM_JAM
T-00034,2025-10-01,PRINTER_ERROR
T-00034,2025-10-03,EPP_FAIL
T-00034,2025-10-10,CCDM_JAM
T-00034,2025-10-12,DISPENSER_FAIL
T-00034,2025-10-15,CARD_JAM
T-00034,2025-10-19,PRINTER_ERROR
T-00034,2025-10-27,NETWORK_DOWN
T-00034,2025-10-28,CCDM_JAM
T-00034,2025-10-29,DISPENSER_FAIL
T-00034,2025-10-31,NETWORK_DOWN
T-00034,2025-11-03,CARD_JAM
T-00034,2025-11-20,CARD_JAM
T-00034,2025-11-25,EPP_FAIL
T-00034,2025-11-26,CARD_JAM
T-00034,2025-11-29,CCDM_JAM
T-00034,2025-12-01,NETWORK_DOWN
T-00034,2025-12-02,EPP_FAIL
T-00034,2025-12-08,CCDM_JAM
T-00034,2025-12-11,CARD_JAM
T-00034,2025-12-13,DISPENSER_FAIL
T-00034,2025-12-15,CARD_JAM
T-00034,2025-12-28,DISPENSER_FAIL
T-00035,2025-01-07,NETWORK_DOWN
T-00035,2025-01-30,CARD_JAM
T-00035,2025-02-03,PRINTER_ERROR
T-00035,2025-02-18,CCDM_JAM
T-00035,2025-02-19,DISPENSER_FAIL
T-00035,2025-02-20,NETWORK_DOWN
T-00035,2025-02-27,CARD_JAM
T-00035,2025-03-08,PRINTER_ERROR
T-00035,2025-03-10,NETWORK_DOWN
T-00035,2025-03-11,CCDM_JAM
T-00035,2025-03-24,NETWORK_DOWN
T-00035,2025-04-18,CCDM_JAM
T-00035,2025-04-24,PRINTER_ERROR
T-00035,2025-05-07,EPP_FAIL
T-00035,2025-05-10,PRINTER_ERROR
T-00035,2025-05-29,PRINTER_ERROR
T-00035,2025-06-12,CARD_JAM
T-00035,2025-06-28,DISPENSER_FAIL
T-00035,2025-07-04,NETWORK_DOWN
T-00035,2025-07-18,EPP_FAIL
T-00035,2025-07-22,EPP_FAIL
T-00035,2025-07-23,CARD_JAM
T-00035,2025-07-25,CCDM_JAM
T-00035,2025-08-07,NETWORK_DOWN
T-00035,2025-08-19,DISPENSER_FAIL
T-00035,2025-08-22,DISPENSER_FAIL
T-00035,2025-09-05,EPP_FAIL
T-00035,2025-09-08,EPP_FAIL
T-00035,2025-09-09,PRINTER_ERROR
T-00035,2025-09-20,CCDM_JAM
T-00035,2025-10-20,DISPENSER_FAIL
T-00035,2025-10-29,CARD_JAM
T-00035,2025-11-01,DISPENSER_FAIL
T-00035,2025-11-08,CCDM_JAM
T-00035,2025-11-18,DISPENSER_FAIL
T-00035,2025-11-24,PRINTER_ERROR
T-00035,2025-12-08,PRINTER_ERROR
T-00035,2025-12-16,PRINTER_ERROR
T-00035,2025-12-22,CCDM_JAM
T-00036,2025-01-02,CARD_JAM
T-00036,2025-01-04,CARD_JAM
T-00036,2025-01-05,PRINTER_ERROR
T-00036,2025-01-07,CCDM_JAM
T-00036,2025-01-08,NETWORK_DOWN
T-00036,2025-01-09,CARD_JAM
T-00036,2025-01-10,PRINTER_ERROR
T-00036,2025-01-12,EPP_FAIL
T-00036,2025-01-16,EPP_FAIL
T-00036,2025-01-17,NETWORK_DOWN
T-00036,2025-01-19,CCDM_JAM
T-00036,2025-01-22,DISPENSER_FAIL
T-00036,2025-01-27,NETWORK_DOWN
T-00036,2025-02-08,NETWORK_DOWN
T-00036,2025-02-17,CCDM_JAM
T-00036,2025-02-19,PRINTER_ERROR
T-00036,2025-03-01,CCDM_JAM
T-00036,2025-03-03,EPP_FAIL
T-00036,2025-03-05,CCDM_JAM
T-00036,2025-03-09,CCDM_JAM
T-00036,2025-03-12,DISPENSER_FAIL
T-00036,2025-04-01,CCDM_JAM
T-00036,2025-04-05,PRINTER_ERROR
T-00036,2025-04-06,PRINTER_ERROR
T-00036,2025-04-07,CCDM_JAM
T-00036,2025-04-10,CARD_JAM
T-00036,2025-04-18,EPP_FAIL
T-00036,2025-04-20,EPP_FAIL
T-00036,2025-04-26,PRINTER_ERROR
T-00036,2025-05-04,NETWORK_DOWN
T-00036,2025-05-06,PRINTER_ERROR
T-00036,2025-05-17,CCDM_JAM
T-00036,2025-05-22,EPP_FAIL
T-00036,2025-05-23,DISPENSER_FAIL
T-00036,2025-06-15,EPP_FAIL
T-00036,2025-06-21,DISPENSER_FAIL
T-00036,2025-06-28,CCDM_JAM
T-00036,2025-07-05,EPP_FAIL
T-00036,2025-07-07,PRINTER_ERROR
T-00036,2025-07-12,DISPENSER_FAIL
T-00036,2025-07-14,DISPENSER_FAIL
T-00036,2025-07-21,NETWORK_DOWN
T-00036,2025-07-30,CCDM_JAM
T-00036,2025-08-03,EPP_FAIL
T-00036,2025-08-05,EPP_FAIL
T-00036,2025-08-06,EPP_FAIL
T-00036,2025-08-07,PRINTER_ERROR
T-00036,2025-08-11,CCDM_JAM
T-00036,2025-08-21,CARD_JAM
T-00036,2025-08-22,PRINTER_ERROR
T-00036,2025-08-23,EPP_FAIL
T-00036,2025-08-26,EPP_FAIL
T-00036,2025-08-28,CCDM_JAM
T-00036,2025-08-31,DISPENSER_FAIL
T-00036,2025-09-10,NETWORK_DOWN
T-00036,2025-09-22,CARD_JAM
T-00036,2025-09-26,NETWORK_DOWN
T-00036,2025-09-27,DISPENSER_FAIL
T-00036,2025-09-28,CCDM_JAM
T-00036,2025-10-02,CARD_JAM
T-00036,2025-10-07,EPP_FAIL
T-00036,2025-10-10,CCDM_JAM
T-00036,2025-10-20,EPP_FAIL
T-00036,2025-10-21,CARD_JAM
T-00036,2025-10-29,DISPENSER_FAIL
T-00036,2025-10-31,PRINTER_ERROR
T-00036,2025-11-05,CCDM_JAM
T-00036,2025-11-11,EPP_FAIL
T-00036,2025-11-15,EPP_FAIL
T-00036,2025-11-21,DISPENSER_FAIL
T-00036,2025-12-02,NETWORK_DOWN
T-00036,2025-12-09,EPP_FAIL
T-00036,2025-12-13,CARD_JAM
T-00036,2025-12-17,CCDM_JAM
T-00036,2025-12-18,PRINTER_ERROR
T-00036,2025-12-22,DISPENSER_FAIL
T-00036,2025-12-28,PRINTER_ERROR
T-00037,2025-01-04,DISPENSER_FAIL
T-00037,2025-01-05,CARD_JAM
T-00037,2025-01-13,NETWORK_DOWN
T-00037,2025-02-21,CARD_JAM
T-00037,2025-03-03,CARD_JAM
T-00037,2025-03-11,CARD_JAM
T-00037,2025-03-29,EPP_FAIL
T-00037,2025-04-11,DISPENSER_FAIL
T-00037,2025-05-03,EPP_FAIL
T-00037,2025-05-11,CARD_JAM
T-00037,2025-05-27,EPP_FAIL
T-00037,2025-05-29,CCDM_JAM
T-00037,2025-06-05,DISPENSER_FAIL
T-00037,2025-06-15,NETWORK_DOWN
T-00037,2025-07-02,EPP_FAIL
T-00037,2025-07-30,DISPENSER_FAIL
T-00037,2025-09-06,EPP_FAIL
T-00037,2025-09-26,CCDM_JAM
T-00037,2025-11-21,NETWORK_DOWN
T-00037,2025-11-27,CARD_JAM
T-00037,2025-12-12,PRINTER_ERROR
T-00038,2025-01-03,NETWORK_DOWN
T-00038,2025-01-08,EPP_FAIL
T-00038,2025-01-13,EPP_FAIL
T-00038,2025-01-16,NETWORK_DOWN
T-00038,2025-01-21,CCDM_JAM
T-00038,2025-01-23,EPP_FAIL
T-00038,2025-01-24,DISPENSER_FAIL
T-00038,2025-01-29,CCDM_JAM
T-00038,2025-01-30,CARD_JAM
T-00038,2025-02-01,DISPENSER_FAIL
T-00038,2025-02-02,NETWORK_DOWN
T-00038,2025-02-06,CCDM_JAM
T-00038,2025-02-08,DISPENSER_FAIL
T-00038,2025-02-09,PRINTER_ERROR
T-00038,2025-02-11,DISPENSER_FAIL
T-00038,2025-02-21,PRINTER_ERROR
T-00038,2025-02-22,PRINTER_ERROR
T-00038,2025-02-23,CARD_JAM
T-00038,2025-02-27,CARD_JAM
T-00038,2025-03-04,EPP_FAIL
T-00038,2025-03-07,CARD_JAM
T-00038,2025-03-15,PRINTER_ERROR
T-00038,2025-03-16,NETWORK_DOWN
T-00038,2025-03-18,EPP_FAIL
T-00038,2025-03-19,CARD_JAM
T-00038,2025-03-20,EPP_FAIL
T-00038,2025-03-24,PRINTER_ERROR
T-00038,2025-03-30,EPP_FAIL
T-00038,2025-04-01,EPP_FAIL
T-00038,2025-04-02,CCDM_JAM
T-00038,2025-04-03,CARD_JAM
T-00038,2025-04-04,NETWORK_DOWN
T-00038,2025-04-11,CARD_JAM
T-00038,2025-04-12,DISPENSER_FAIL
T-00038,2025-04-17,NETWORK_DOWN
T-00038,2025-04-19,CARD_JAM
T-00038,2025-04-20,CCDM_JAM
T-00038,2025-04-22,PRINTER_ERROR
T-00038,2025-04-23,CCDM_JAM
T-00038,2025-04-24,EPP_FAIL
T-00038,2025-05-05,EPP_FAIL
T-00038,2025-05-11,EPP_FAIL
T-00038,2025-05-12,CARD_JAM
T-00038,2025-05-13,NETWORK_DOWN
T-00038,2025-05-21,NETWORK_DOWN
T-00038,2025-05-22,CCDM_JAM
T-00038,2025-05-24,DISPENSER_FAIL
T-00038,2025-06-06,CARD_JAM
T-00038,2025-06-10,CARD_JAM
T-00038,2025-06-14,CCDM_JAM
T-00038,2025-06-16,DISPENSER_FAIL
T-00038,2025-06-18,DISPENSER_FAIL
T-00038,2025-06-21,CARD_JAM
T-00038,2025-06-24,PRINTER_ERROR
T-00038,2025-06-27,PRINTER_ERROR
T-00038,2025-06-29,CCDM_JAM
T-00038,2025-07-02,NETWORK_DOWN
T-00038,2025-07-03,NETWORK_DOWN
T-00038,2025-07-07,NETWORK_DOWN
T-00038,2025-07-10,NETWORK_DOWN
T-00038,2025-07-12,NETWORK_DOWN
T-00038,2025-07-15,CCDM_JAM
T-00038,2025-07-20,NETWORK_DOWN
T-00038,2025-07-24,PRINTER_ERROR
T-00038,2025-07-26,NETWORK_DOWN
T-00038,2025-08-01,CARD_JAM
T-00038,2025-08-06,DISPENSER_FAIL
T-00038,2025-08-09,NETWORK_DOWN
T-00038,2025-08-12,DISPENSER_FAIL
T-00038,2025-08-13,NETWORK_DOWN
T-00038,2025-08-16,NETWORK_DOWN
T-00038,2025-08-17,DISPENSER_FAIL
T-00038,2025-08-29,NETWORK_DOWN
T-00038,2025-09-05,DISPENSER_FAIL
T-00038,2025-09-06,DISPENSER_FAIL
T-00038,2025-09-18,DISPENSER_FAIL
T-00038,2025-09-19,PRINTER_ERROR
T-00038,2025-09-21,DISPENSER_FAIL
T-00038,2025-09-24,NETWORK_DOWN
T-00038,2025-09-27,PRINTER_ERROR
T-00038,2025-09-30,EPP_FAIL
T-00038,2025-10-02,NETWORK_DOWN
T-00038,2025-10-07,EPP_FAIL
T-00038,2025-10-11,CARD_JAM
T-00038,2025-10-12,CCDM_JAM
T-00038,2025-10-15,PRINTER_ERROR
T-00038,2025-10-18,PRINTER_ERROR
T-00038,2025-10-21,NETWORK_DOWN
T-00038,2025-10-22,DISPENSER_FAIL
T-00038,2025-10-23,NETWORK_DOWN
T-00038,2025-10-26,NETWORK_DOWN
T-00038,2025-10-27,DISPENSER_FAIL
T-00038,2025-11-01,CARD_JAM
T-00038,2025-11-04,PRINTER_ERROR
T-00038,2025-11-07,PRINTER_ERROR
T-00038,2025-11-08,EPP_FAIL
T-00038,2025-11-14,CCDM_JAM
T-00038,2025-11-17,EPP_FAIL
T-00038,2025-11-21,CCDM_JAM
T-00038,2025-11-22,PRINTER_ERROR
T-00038,2025-11-23,PRINTER_ERROR
T-00038,2025-11-24,PRINTER_ERROR
T-00038,2025-11-28,DISPENSER_FAIL
T-00038,2025-11-29,NETWORK_DOWN
T-00038,2025-12-05,CARD_JAM
T-00038,2025-12-08,NETWORK_DOWN
T-00038,2025-12-09,EPP_FAIL
T-00038,2025-12-12,CCDM_JAM
T-00038,2025-12-13,PRINTER_ERROR
T-00038,2025-12-14,CARD_JAM
T-00038,2025-12-17,NETWORK_DOWN
T-00038,2025-12-23,PRINTER_ERROR
T-00038,2025-12-24,NETWORK_DOWN
T-00038,2025-12-28,EPP_FAIL
T-00039,2025-01-07,EPP_FAIL
T-00039,2025-01-08,DISPENSER_FAIL
T-00039,2025-01-21,EPP_FAIL
T-00039,2025-01-24,CCDM_JAM
T-00039,2025-01-28,CCDM_JAM
T-00039,2025-01-30,PRINTER_ERROR
T-00039,2025-02-01,DISPENSER_FAIL
T-00039,2025-02-03,EPP_FAIL
T-00039,2025-02-04,CCDM_JAM
T-00039,2025-02-07,CCDM_JAM
T-00039,2025-02-15,PRINTER_ERROR
T-00039,2025-02-25,CARD_JAM
T-00039,2025-03-01,CARD_JAM
T-00039,2025-03-02,CCDM_JAM
T-00039,2025-03-03,NETWORK_DOWN
T-00039,2025-03-07,CCDM_JAM
T-00039,2025-03-10,NETWORK_DOWN
T-00039,2025-03-12,EPP_FAIL
T-00039,2025-03-13,CCDM_JAM
T-00039,2025-03-14,NETWORK_DOWN
T-00039,2025-03-15,DISPENSER_FAIL
T-00039,2025-03-16,PRINTER_ERROR
T-00039,2025-03-18,DISPENSER_FAIL
T-00039,2025-03-19,CCDM_JAM
T-00039,2025-03-23,NETWORK_DOWN
T-00039,2025-03-25,EPP_FAIL
T-00039,2025-03-30,EPP_FAIL
T-00039,2025-04-21,CARD_JAM
T-00039,2025-04-24,CARD_JAM
T-00039,2025-04-26,DISPENSER_FAIL
T-00039,2025-05-04,NETWORK_DOWN
T-00039,2025-05-07,CARD_JAM
T-00039,2025-05-15,NETWORK_DOWN
T-00039,2025-05-16,EPP_FAIL
T-00039,2025-05-25,CCDM_JAM
T-00039,2025-05-30,CARD_JAM
T-00039,2025-05-31,CCDM_JAM
T-00039,2025-06-02,PRINTER_ERROR
T-00039,2025-06-07,CARD_JAM
T-00039,2025-06-11,NETWORK_DOWN
T-00039,2025-06-12,CCDM_JAM
T-00039,2025-06-13,PRINTER_ERROR
T-00039,2025-06-14,NETWORK_DOWN
T-00039,2025-06-18,CARD_JAM
T-00039,2025-06-21,NETWORK_DOWN
T-00039,2025-06-24,CCDM_JAM
T-00039,2025-06-27,PRINTER_ERROR
T-00039,2025-07-02,CCDM_JAM
T-00039,2025-07-03,NETWORK_DOWN
T-00039,2025-07-17,NETWORK_DOWN
T-00039,2025-07-19,CCDM_JAM
T-00039,2025-07-20,PRINTER_ERROR
T-00039,2025-07-22,CARD_JAM
T-00039,2025-07-27,CCDM_JAM
T-00039,2025-08-03,EPP_FAIL
T-00039,2025-08-05,DISPENSER_FAIL
T-00039,2025-08-09,EPP_FAIL
T-00039,2025-08-13,NETWORK_DOWN
T-00039,2025-08-18,DISPENSER_FAIL
T-00039,2025-08-20,CCDM_JAM
T-00039,2025-08-21,CCDM_JAM
T-00039,2025-08-24,EPP_FAIL
T-00039,2025-08-25,DISPENSER_FAIL
T-00039,2025-08-30,CCDM_JAM
T-00039,2025-09-02,CCDM_JAM
T-00039,2025-09-04,EPP_FAIL
T-00039,2025-09-05,NETWORK_DOWN
T-00039,2025-09-13,NETWORK_DOWN
T-00039,2025-09-15,PRINTER_ERROR
T-00039,2025-09-25,PRINTER_ERROR
T-00039,2025-09-26,CCDM_JAM
T-00039,2025-09-27,NETWORK_DOWN
T-00039,2025-09-30,PRINTER_ERROR
T-00039,2025-10-04,NETWORK_DOWN
T-00039,2025-10-05,EPP_FAIL
T-00039,2025-10-06,NETWORK_DOWN
T-00039,2025-10-07,PRINTER_ERROR
T-00039,2025-10-14,EPP_FAIL
T-00039,2025-10-22,CARD_JAM
T-00039,2025-10-23,PRINTER_ERROR
T-00039,2025-10-24,PRINTER_ERROR
T-00039,2025-10-29,CCDM_JAM
T-00039,2025-10-30,CCDM_JAM
T-00039,2025-11-02,CARD_JAM
T-00039,2025-11-06,EPP_FAIL
T-00039,2025-11-08,EPP_FAIL
T-00039,2025-11-10,DISPENSER_FAIL
T-00039,2025-11-12,CARD_JAM
T-00039,2025-11-14,EPP_FAIL
T-00039,2025-11-15,PRINTER_ERROR
T-00039,2025-11-18,PRINTER_ERROR
T-00039,2025-11-19,EPP_FAIL
T-00039,2025-11-23,DISPENSER_FAIL
T-00039,2025-11-25,CCDM_JAM
T-00039,2025-11-26,NETWORK_DOWN
T-00039,2025-12-10,EPP_FAIL
T-00039,2025-12-12,CCDM_JAM
T-00039,2025-12-13,PRINTER_ERROR
T-00039,2025-12-15,CCDM_JAM
T-00039,2025-12-20,CCDM_JAM
T-00039,2025-12-24,CARD_JAM
T-00039,2025-12-27,EPP_FAIL
T-00039,2025-12-29,CCDM_JAM
T-00040,2025-01-01,CCDM_JAM
T-00040,2025-01-03,PRINTER_ERROR
T-00040,2025-01-06,CCDM_JAM
T-00040,2025-01-08,CCDM_JAM
T-00040,2025-01-11,CCDM_JAM
T-00040,2025-01-17,CARD_JAM
T-00040,2025-01-18,DISPENSER_FAIL
T-00040,2025-01-19,CCDM_JAM
T-00040,2025-01-21,NETWORK_DOWN
T-00040,2025-02-04,CARD_JAM
T-00040,2025-02-09,PRINTER_ERROR
T-00040,2025-02-15,PRINTER_ERROR
T-00040,2025-02-23,NETWORK_DOWN
T-00040,2025-02-27,DISPENSER_FAIL
T-00040,2025-03-04,DISPENSER_FAIL
T-00040,2025-03-14,PRINTER_ERROR
T-00040,2025-03-27,NETWORK_DOWN
T-00040,2025-03-29,CARD_JAM
T-00040,2025-04-04,EPP_FAIL
T-00040,2025-04-19,NETWORK_DOWN
T-00040,2025-04-21,DISPENSER_FAIL
T-00040,2025-04-27,EPP_FAIL
T-00040,2025-05-02,CCDM_JAM
T-00040,2025-05-14,PRINTER_ERROR
T-00040,2025-05-22,CCDM_JAM
T-00040,2025-05-23,CARD_JAM
T-00040,2025-06-06,CCDM_JAM
T-00040,2025-06-16,EPP_FAIL
T-00040,2025-06-17,CCDM_JAM
T-00040,2025-06-19,CARD_JAM
T-00040,2025-06-23,EPP_FAIL
T-00040,2025-06-25,NETWORK_DOWN
T-00040,2025-07-04,DISPENSER_FAIL
T-00040,2025-07-07,DISPENSER_FAIL
T-00040,2025-07-17,CCDM_JAM
T-00040,2025-07-21,NETWORK_DOWN
T-00040,2025-07-23,PRINTER_ERROR
T-00040,2025-08-06,NETWORK_DOWN
T-00040,2025-08-15,CARD_JAM
T-00040,2025-08-17,CARD_JAM
T-00040,2025-08-18,NETWORK_DOWN
T-00040,2025-08-21,PRINTER_ERROR
T-00040,2025-08-27,NETWORK_DOWN
T-00040,2025-09-03,CARD_JAM
T-00040,2025-09-04,PRINTER_ERROR
T-00040,2025-09-06,NETWORK_DOWN
T-00040,2025-09-11,PRINTER_ERROR
T-00040,2025-09-12,CCDM_JAM
T-00040,2025-09-23,EPP_FAIL
T-00040,2025-09-26,EPP_FAIL
T-00040,2025-09-28,PRINTER_ERROR
T-00040,2025-10-23,NETWORK_DOWN
T-00040,2025-10-24,PRINTER_ERROR
T-00040,2025-10-28,NETWORK_DOWN
T-00040,2025-11-03,CCDM_JAM
T-00040,2025-11-07,EPP_FAIL
T-00040,2025-11-26,PRINTER_ERROR
T-00040,2025-11-30,CCDM_JAM
T-00040,2025-12-04,DISPENSER_FAIL
T-00040,2025-12-10,CCDM_JAM
T-00040,2025-12-11,CCDM_JAM
T-00040,2025-12-23,NETWORK_DOWN
T-00040,2025-12-26,CARD_JAM
T-00040,2025-12-27,CCDM_JAM
T-00040,2025-12-31,NETWORK_DOWN
T-00041,2025-01-10,CARD_JAM
T-00041,2025-01-12,PRINTER_ERROR
T-00041,2025-01-18,CARD_JAM
T-00041,2025-01-25,EPP_FAIL
T-00041,2025-01-31,DISPENSER_FAIL
T-00041,2025-02-01,CARD_JAM
T-00041,2025-02-04,DISPENSER_FAIL
T-00041,2025-02-08,DISPENSER_FAIL
T-00041,2025-02-12,EPP_FAIL
T-00041,2025-02-24,EPP_FAIL
T-00041,2025-02-27,NETWORK_DOWN
T-00041,2025-03-05,NETWORK_DOWN
T-00041,2025-03-06,CARD_JAM
T-00041,2025-03-12,CCDM_JAM
T-00041,2025-03-13,NETWORK_DOWN
T-00041,2025-03-20,DISPENSER_FAIL
T-00041,2025-03-23,CARD_JAM
T-00041,2025-03-24,DISPENSER_FAIL
T-00041,2025-03-25,EPP_FAIL
T-00041,2025-03-26,NETWORK_DOWN
T-00041,2025-04-08,PRINTER_ERROR
T-00041,2025-04-10,EPP_FAIL
T-00041,2025-04-11,NETWORK_DOWN
T-00041,2025-04-19,CARD_JAM
T-00041,2025-04-27,EPP_FAIL
T-00041,2025-04-29,DISPENSER_FAIL
T-00041,2025-05-16,EPP_FAIL
T-00041,2025-05-17,NETWORK_DOWN
T-00041,2025-05-23,NETWORK_DOWN
T-00041,2025-05-24,CCDM_JAM
T-00041,2025-05-28,PRINTER_ERROR
T-00041,2025-05-30,CARD_JAM
T-00041,2025-06-05,NETWORK_DOWN
T-00041,2025-06-10,DISPENSER_FAIL
T-00041,2025-06-21,PRINTER_ERROR
T-00041,2025-06-26,NETWORK_DOWN
T-00041,2025-06-30,NETWORK_DOWN
T-00041,2025-07-04,DISPENSER_FAIL
T-00041,2025-07-11,CARD_JAM
T-00041,2025-07-30,CARD_JAM
T-00041,2025-08-09,EPP_FAIL
T-00041,2025-08-14,EPP_FAIL
T-00041,2025-08-17,CCDM_JAM
T-00041,2025-08-28,NETWORK_DOWN
T-00041,2025-08-31,CCDM_JAM
T-00041,2025-09-02,EPP_FAIL
T-00041,2025-09-03,CCDM_JAM
T-00041,2025-09-04,DISPENSER_FAIL
T-00041,2025-09-08,CCDM_JAM
T-00041,2025-09-16,CCDM_JAM
T-00041,2025-09-18,CARD_JAM
T-00041,2025-09-27,NETWORK_DOWN
T-00041,2025-10-04,PRINTER_ERROR
T-00041,2025-10-10,EPP_FAIL
T-00041,2025-10-16,PRINTER_ERROR
T-00041,2025-10-21,CCDM_JAM
T-00041,2025-10-23,CARD_JAM
T-00041,2025-10-27,CCDM_JAM
T-00041,2025-11-06,CARD_JAM
T-00041,2025-11-08,NETWORK_DOWN
T-00041,2025-11-13,NETWORK_DOWN
T-00041,2025-11-14,NETWORK_DOWN
T-00041,2025-11-19,NETWORK_DOWN
T-00041,2025-11-25,EPP_FAIL
T-00041,2025-11-30,NETWORK_DOWN
T-00041,2025-12-08,CARD_JAM
T-00041,2025-12-12,NETWORK_DOWN
T-00041,2025-12-14,CCDM_JAM
T-00041,2025-12-15,DISPENSER_FAIL
T-00041,2025-12-22,CCDM_JAM
T-00041,2025-12-24,CCDM_JAM
T-00042,2025-01-03,DISPENSER_FAIL
T-00042,2025-01-04,PRINTER_ERROR
T-00042,2025-01-06,CCDM_JAM
T-00042,2025-01-07,DISPENSER_FAIL
T-00042,2025-01-10,CCDM_JAM
T-00042,2025-01-15,EPP_FAIL
T-00042,2025-01-19,CCDM_JAM
T-00042,2025-01-26,NETWORK_DOWN
T-00042,2025-02-02,NETWORK_DOWN
T-00042,2025-02-03,PRINTER_ERROR
T-00042,2025-02-05,NETWORK_DOWN
T-00042,2025-02-06,DISPENSER_FAIL
T-00042,2025-02-07,DISPENSER_FAIL
T-00042,2025-02-15,CARD_JAM
T-00042,2025-02-23,CARD_JAM
T-00042,2025-02-27,DISPENSER_FAIL
T-00042,2025-03-02,CARD_JAM
T-00042,2025-03-03,NETWORK_DOWN
T-00042,2025-03-08,PRINTER_ERROR
T-00042,2025-03-12,CCDM_JAM
T-00042,2025-03-18,DISPENSER_FAIL
T-00042,2025-03-19,EPP_FAIL
T-00042,2025-03-22,PRINTER_ERROR
T-00042,2025-03-26,NETWORK_DOWN
T-00042,2025-03-27,CCDM_JAM
T-00042,2025-03-28,CCDM_JAM
T-00042,2025-04-01,CARD_JAM
T-00042,2025-04-05,NETWORK_DOWN
T-00042,2025-04-22,DISPENSER_FAIL
T-00042,2025-04-23,NETWORK_DOWN
T-00042,2025-04-26,CARD_JAM
T-00042,2025-05-03,PRINTER_ERROR
T-00042,2025-05-04,PRINTER_ERROR
T-00042,2025-05-09,PRINTER_ERROR
T-00042,2025-05-20,PRINTER_ERROR
T-00042,2025-05-31,PRINTER_ERROR
T-00042,2025-06-09,CCDM_JAM
T-00042,2025-06-11,CARD_JAM
T-00042,2025-06-17,CARD_JAM
T-00042,2025-06-18,NETWORK_DOWN
T-00042,2025-06-19,CCDM_JAM
T-00042,2025-06-24,CARD_JAM
T-00042,2025-06-27,NETWORK_DOWN
T-00042,2025-06-28,EPP_FAIL
T-00042,2025-06-29,CCDM_JAM
T-00042,2025-07-06,PRINTER_ERROR
T-00042,2025-07-11,DISPENSER_FAIL
T-00042,2025-07-12,DISPENSER_FAIL
T-00042,2025-07-23,PRINTER_ERROR
T-00042,2025-07-28,CARD_JAM
T-00042,2025-07-31,PRINTER_ERROR
T-00042,2025-08-01,EPP_FAIL
T-00042,2025-08-13,CARD_JAM
T-00042,2025-08-14,CARD_JAM
T-00042,2025-08-23,EPP_FAIL
T-00042,2025-08-26,CARD_JAM
T-00042,2025-09-03,PRINTER_ERROR
T-00042,2025-09-11,NETWORK_DOWN
T-00042,2025-09-14,EPP_FAIL
T-00042,2025-09-25,PRINTER_ERROR
T-00042,2025-09-27,CARD_JAM
T-00042,2025-10-06,NETWORK_DOWN
T-00042,2025-10-15,EPP_FAIL
T-00042,2025-10-23,CARD_JAM
T-00042,2025-10-28,EPP_FAIL
T-00042,2025-10-31,EPP_FAIL
T-00042,2025-11-03,CARD_JAM
T-00042,2025-11-04,CCDM_JAM
T-00042,2025-11-15,CCDM_JAM
T-00042,2025-11-17,CCDM_JAM
T-00042,2025-11-21,EPP_FAIL
T-00042,2025-11-22,NETWORK_DOWN
T-00042,2025-11-26,CCDM_JAM
T-00042,2025-11-27,CARD_JAM
T-00042,2025-12-01,DISPENSER_FAIL
T-00042,2025-12-12,EPP_FAIL
T-00042,2025-12-16,CCDM_JAM
T-00042,2025-12-21,CCDM_JAM
T-00042,2025-12-23,PRINTER_ERROR
T-00042,2025-12-25,PRINTER_ERROR
T-00042,2025-12-28,NETWORK_DOWN
T-00042,2025-12-29,CARD_JAM
T-00042,2025-12-30,PRINTER_ERROR
T-00043,2025-01-01,EPP_FAIL
T-00043,2025-01-04,NETWORK_DOWN
T-00043,2025-01-21,NETWORK_DOWN
T-00043,2025-02-07,CARD_JAM
T-00043,2025-02-22,EPP_FAIL
T-00043,2025-03-17,EPP_FAIL
T-00043,2025-04-11,CCDM_JAM
T-00043,2025-04-19,NETWORK_DOWN
T-00043,2025-04-25,DISPENSER_FAIL
T-00043,2025-05-12,CARD_JAM
T-00043,2025-05-15,EPP_FAIL
T-00043,2025-05-18,CCDM_JAM
T-00043,2025-05-31,NETWORK_DOWN
T-00043,2025-06-03,NETWORK_DOWN
T-00043,2025-06-16,DISPENSER_FAIL
T-00043,2025-06-24,EPP_FAIL
T-00043,2025-07-08,DISPENSER_FAIL
T-00043,2025-07-19,NETWORK_DOWN
T-00043,2025-08-07,DISPENSER_FAIL
T-00043,2025-08-09,PRINTER_ERROR
T-00043,2025-09-10,EPP_FAIL
T-00043,2025-09-15,DISPENSER_FAIL
T-00043,2025-09-22,PRINTER_ERROR
T-00043,2025-10-03,PRINTER_ERROR
T-00043,2025-10-24,NETWORK_DOWN
T-00043,2025-10-31,DISPENSER_FAIL
T-00043,2025-11-10,NETWORK_DOWN
T-00043,2025-11-24,CARD_JAM
T-00043,2025-12-12,PRINTER_ERROR
T-00043,2025-12-15,DISPENSER_FAIL
T-00043,2025-12-20,PRINTER_ERROR
T-00043,2025-12-24,EPP_FAIL
T-00043,2025-12-28,EPP_FAIL
T-00044,2025-01-12,CCDM_JAM
T-00044,2025-02-10,PRINTER_ERROR
T-00044,2025-02-21,CARD_JAM
T-00044,2025-02-23,CARD_JAM
T-00044,2025-02-24,EPP_FAIL
T-00044,2025-03-04,CCDM_JAM
T-00044,2025-05-18,DISPENSER_FAIL
T-00044,2025-06-28,EPP_FAIL
T-00044,2025-07-01,NETWORK_DOWN
T-00044,2025-07-16,NETWORK_DOWN
T-00044,2025-08-16,NETWORK_DOWN
T-00044,2025-08-22,CCDM_JAM
T-00044,2025-08-25,PRINTER_ERROR
T-00044,2025-09-03,CARD_JAM
T-00044,2025-09-22,EPP_FAIL
T-00044,2025-09-26,DISPENSER_FAIL
T-00044,2025-10-09,PRINTER_ERROR
T-00044,2025-11-29,PRINTER_ERROR
T-00045,2025-01-01,PRINTER_ERROR
T-00045,2025-01-09,DISPENSER_FAIL
T-00045,2025-01-24,CARD_JAM
T-00045,2025-02-08,EPP_FAIL
T-00045,2025-02-21,EPP_FAIL
T-00045,2025-03-02,NETWORK_DOWN
T-00045,2025-04-28,CARD_JAM
T-00045,2025-05-16,PRINTER_ERROR
T-00045,2025-07-05,NETWORK_DOWN
T-00045,2025-08-05,CARD_JAM
T-00045,2025-08-07,DISPENSER_FAIL
T-00045,2025-08-27,PRINTER_ERROR
T-00045,2025-09-08,NETWORK_DOWN
T-00045,2025-09-20,CARD_JAM
T-00045,2025-09-21,EPP_FAIL
T-00045,2025-09-22,PRINTER_ERROR
T-00045,2025-11-17,CARD_JAM
T-00045,2025-11-21,DISPENSER_FAIL
T-00045,2025-11-28,PRINTER_ERROR
T-00045,2025-12-31,CARD_JAM
T-00046,2025-01-23,EPP_FAIL
T-00046,2025-01-24,DISPENSER_FAIL
T-00046,2025-01-25,PRINTER_ERROR
T-00046,2025-02-19,EPP_FAIL
T-00046,2025-02-22,DISPENSER_FAIL
T-00046,2025-02-25,PRINTER_ERROR
T-00046,2025-03-04,DISPENSER_FAIL
T-00046,2025-03-05,EPP_FAIL
T-00046,2025-03-10,PRINTER_ERROR
T-00046,2025-03-18,CARD_JAM
T-00046,2025-04-06,PRINTER_ERROR
T-00046,2025-04-26,NETWORK_DOWN
T-00046,2025-05-12,CCDM_JAM
T-00046,2025-05-17,NETWORK_DOWN
T-00046,2025-05-22,EPP_FAIL
T-00046,2025-06-18,PRINTER_ERROR
T-00046,2025-07-14,CCDM_JAM
T-00046,2025-07-24,NETWORK_DOWN
T-00046,2025-08-10,PRINTER_ERROR
T-00046,2025-08-27,NETWORK_DOWN
T-00046,2025-09-02,NETWORK_DOWN
T-00046,2025-09-06,CARD_JAM
T-00046,2025-09-18,CARD_JAM
T-00046,2025-09-21,EPP_FAIL
T-00046,2025-09-22,PRINTER_ERROR
T-00046,2025-09-30,PRINTER_ERROR
T-00046,2025-10-02,PRINTER_ERROR
T-00046,2025-10-14,CCDM_JAM
T-00046,2025-10-19,DISPENSER_FAIL
T-00046,2025-10-30,CARD_JAM
T-00046,2025-11-21,EPP_FAIL
T-00046,2025-11-26,CARD_JAM
T-00046,2025-12-11,EPP_FAIL
T-00046,2025-12-18,DISPENSER_FAIL
T-00046,2025-12-22,CCDM_JAM
T-00047,2025-01-17,CCDM_JAM
T-00047,2025-02-13,EPP_FAIL
T-00047,2025-02-19,CCDM_JAM
T-00047,2025-02-26,CARD_JAM
T-00047,2025-03-21,NETWORK_DOWN
T-00047,2025-04-04,PRINTER_ERROR
T-00047,2025-04-14,NETWORK_DOWN
T-00047,2025-05-26,EPP_FAIL
T-00047,2025-05-27,DISPENSER_FAIL
T-00047,2025-06-09,CCDM_JAM
T-00047,2025-06-16,PRINTER_ERROR
T-00047,2025-06-24,DISPENSER_FAIL
T-00047,2025-06-26,NETWORK_DOWN
T-00047,2025-07-01,EPP_FAIL
T-00047,2025-07-05,PRINTER_ERROR
T-00047,2025-07-08,NETWORK_DOWN
T-00047,2025-07-24,DISPENSER_FAIL
T-00047,2025-08-04,DISPENSER_FAIL
T-00047,2025-08-08,EPP_FAIL
T-00047,2025-08-18,CCDM_JAM
T-00047,2025-08-26,EPP_FAIL
T-00047,2025-08-30,PRINTER_ERROR
T-00047,2025-09-14,CCDM_JAM
T-00047,2025-10-07,EPP_FAIL
T-00047,2025-10-12,EPP_FAIL
T-00047,2025-10-17,EPP_FAIL
T-00047,2025-10-22,DISPENSER_FAIL
T-00047,2025-10-24,CCDM_JAM
T-00047,2025-11-04,PRINTER_ERROR
T-00047,2025-11-06,DISPENSER_FAIL
T-00047,2025-11-08,CARD_JAM
T-00047,2025-11-10,EPP_FAIL
T-00047,2025-11-24,CARD_JAM
T-00047,2025-11-26,CARD_JAM
T-00048,2025-01-16,PRINTER_ERROR
T-00048,2025-01-17,DISPENSER_FAIL
T-00048,2025-01-18,CCDM_JAM
T-00048,2025-01-20,PRINTER_ERROR
T-00048,2025-01-21,DISPENSER_FAIL
T-00048,2025-01-24,EPP_FAIL
T-00048,2025-01-30,EPP_FAIL
T-00048,2025-02-02,CCDM_JAM
T-00048,2025-02-06,PRINTER_ERROR
T-00048,2025-02-07,CCDM_JAM
T-00048,2025-02-12,EPP_FAIL
T-00048,2025-02-13,PRINTER_ERROR
T-00048,2025-02-17,NETWORK_DOWN
T-00048,2025-02-20,DISPENSER_FAIL
T-00048,2025-02-22,PRINTER_ERROR
T-00048,2025-03-05,CCDM_JAM
T-00048,2025-03-09,CCDM_JAM
T-00048,2025-03-15,NETWORK_DOWN
T-00048,2025-03-16,EPP_FAIL
T-00048,2025-03-19,CARD_JAM
T-00048,2025-03-22,CARD_JAM
T-00048,2025-03-25,EPP_FAIL
T-00048,2025-03-27,PRINTER_ERROR
T-00048,2025-04-01,NETWORK_DOWN
T-00048,2025-04-05,PRINTER_ERROR
T-00048,2025-04-08,CCDM_JAM
T-00048,2025-04-10,NETWORK_DOWN
T-00048,2025-04-12,CARD_JAM
T-00048,2025-04-15,CCDM_JAM
T-00048,2025-04-17,CCDM_JAM
T-00048,2025-04-18,NETWORK_DOWN
T-00048,2025-04-23,CARD_JAM
T-00048,2025-04-25,CCDM_JAM
T-00048,2025-05-02,CARD_JAM
T-00048,2025-05-03,EPP_FAIL
T-00048,2025-05-06,CCDM_JAM
T-00048,2025-05-11,EPP_FAIL
T-00048,2025-05-16,EPP_FAIL
T-00048,2025-05-17,CARD_JAM
T-00048,2025-05-18,PRINTER_ERROR
T-00048,2025-05-19,NETWORK_DOWN
T-00048,2025-05-21,DISPENSER_FAIL
T-00048,2025-05-24,PRINTER_ERROR
T-00048,2025-05-29,NETWORK_DOWN
T-00048,2025-05-30,DISPENSER_FAIL
T-00048,2025-05-31,DISPENSER_FAIL
T-00048,2025-06-04,CARD_JAM
T-00048,2025-06-05,CARD_JAM
T-00048,2025-06-17,CCDM_JAM
T-00048,2025-06-19,NETWORK_DOWN
T-00048,2025-06-22,CARD_JAM
T-00048,2025-07-05,CARD_JAM
T-00048,2025-07-07,CCDM_JAM
T-00048,2025-07-11,DISPENSER_FAIL
T-00048,2025-07-15,NETWORK_DOWN
T-00048,2025-07-16,CCDM_JAM
T-00048,2025-07-20,PRINTER_ERROR
T-00048,2025-07-21,CARD_JAM
T-00048,2025-08-09,NETWORK_DOWN
T-00048,2025-08-13,DISPENSER_FAIL
T-00048,2025-08-15,EPP_FAIL
T-00048,2025-08-16,DISPENSER_FAIL
T-00048,2025-08-19,CCDM_JAM
T-00048,2025-08-24,CCDM_JAM
T-00048,2025-08-25,NETWORK_DOWN
T-00048,2025-09-02,NETWORK_DOWN
T-00048,2025-09-06,CCDM_JAM
T-00048,2025-09-08,NETWORK_DOWN
T-00048,2025-09-15,CARD_JAM
T-00048,2025-09-24,CCDM_JAM
T-00048,2025-10-06,NETWORK_DOWN
T-00048,2025-10-12,CCDM_JAM
T-00048,2025-10-18,CCDM_JAM
T-00048,2025-10-28,PRINTER_ERROR
T-00048,2025-10-31,EPP_FAIL
T-00048,2025-11-04,PRINTER_ERROR
T-00048,2025-11-14,NETWORK_DOWN
T-00048,2025-11-15,DISPENSER_FAIL
T-00048,2025-11-20,NETWORK_DOWN
T-00048,2025-11-21,EPP_FAIL
T-00048,2025-11-27,CARD_JAM
T-00048,2025-11-28,NETWORK_DOWN
T-00048,2025-12-09,EPP_FAIL
T-00048,2025-12-12,CCDM_JAM
T-00048,2025-12-13,CCDM_JAM
T-00048,2025-12-16,DISPENSER_FAIL
T-00048,2025-12-25,DISPENSER_FAIL
T-00048,2025-12-29,NETWORK_DOWN
T-00048,2025-12-30,CCDM_JAM
T-00049,2025-01-01,NETWORK_DOWN
T-00049,2025-01-02,EPP_FAIL
T-00049,2025-01-04,DISPENSER_FAIL
T-00049,2025-01-07,EPP_FAIL
T-00049,2025-01-11,CCDM_JAM
T-00049,2025-01-12,DISPENSER_FAIL
T-00049,2025-01-16,DISPENSER_FAIL
T-00049,2025-01-19,DISPENSER_FAIL
T-00049,2025-01-26,EPP_FAIL
T-00049,2025-01-29,DISPENSER_FAIL
T-00049,2025-01-30,CCDM_JAM
T-00049,2025-01-31,CCDM_JAM
T-00049,2025-02-02,CARD_JAM
T-00049,2025-02-09,PRINTER_ERROR
T-00049,2025-02-14,PRINTER_ERROR
T-00049,2025-02-17,CARD_JAM
T-00049,2025-02-19,CARD_JAM
T-00049,2025-02-28,EPP_FAIL
T-00049,2025-03-01,CCDM_JAM
T-00049,2025-03-09,NETWORK_DOWN
T-00049,2025-03-10,CARD_JAM
T-00049,2025-03-16,CCDM_JAM
T-00049,2025-03-22,PRINTER_ERROR
T-00049,2025-03-30,CCDM_JAM
T-00049,2025-03-31,PRINTER_ERROR
T-00049,2025-04-03,DISPENSER_FAIL
T-00049,2025-04-05,PRINTER_ERROR
T-00049,2025-04-07,CARD_JAM
T-00049,2025-04-09,PRINTER_ERROR
T-00049,2025-04-11,CCDM_JAM
T-00049,2025-04-12,DISPENSER_FAIL
T-00049,2025-04-16,EPP_FAIL
T-00049,2025-04-18,DISPENSER_FAIL
T-00049,2025-04-23,NETWORK_DOWN
T-00049,2025-04-27,CARD_JAM
T-00049,2025-05-02,CCDM_JAM
T-00049,2025-05-05,EPP_FAIL
T-00049,2025-05-08,DISPENSER_FAIL
T-00049,2025-05-09,DISPENSER_FAIL
T-00049,2025-05-10,CCDM_JAM
T-00049,2025-05-11,CARD_JAM
T-00049,2025-05-12,NETWORK_DOWN
T-00049,2025-05-15,EPP_FAIL
T-00049,2025-05-17,DISPENSER_FAIL
T-00049,2025-05-20,CCDM_JAM
T-00049,2025-05-21,CCDM_JAM
T-00049,2025-05-23,NETWORK_DOWN
T-00049,2025-05-28,CCDM_JAM
T-00049,2025-05-30,CCDM_JAM
T-00049,2025-05-31,CARD_JAM
T-00049,2025-06-02,DISPENSER_FAIL
T-00049,2025-06-04,CARD_JAM
T-00049,2025-06-07,DISPENSER_FAIL
T-00049,2025-06-08,DISPENSER_FAIL
T-00049,2025-06-11,PRINTER_ERROR
T-00049,2025-06-15,NETWORK_DOWN
T-00049,2025-06-16,NETWORK_DOWN
T-00049,2025-06-23,CCDM_JAM
T-00049,2025-06-24,CARD_JAM
T-00049,2025-06-27,CCDM_JAM
T-00049,2025-06-28,EPP_FAIL
T-00049,2025-07-03,EPP_FAIL
T-00049,2025-07-06,EPP_FAIL
T-00049,2025-07-09,CCDM_JAM
T-00049,2025-07-15,EPP_FAIL
T-00049,2025-07-20,CARD_JAM
T-00049,2025-07-25,CARD_JAM
T-00049,2025-07-27,CCDM_JAM
T-00049,2025-07-28,PRINTER_ERROR
T-00049,2025-08-05,DISPENSER_FAIL
T-00049,2025-08-06,PRINTER_ERROR
T-00049,2025-08-07,EPP_FAIL
T-00049,2025-08-08,CARD_JAM
T-00049,2025-08-10,CCDM_JAM
T-00049,2025-08-12,CARD_JAM
T-00049,2025-08-17,DISPENSER_FAIL
T-00049,2025-08-22,NETWORK_DOWN
T-00049,2025-08-24,PRINTER_ERROR
T-00049,2025-08-28,CCDM_JAM
T-00049,2025-09-03,CCDM_JAM
T-00049,2025-09-04,PRINTER_ERROR
T-00049,2025-09-05,DISPENSER_FAIL
T-00049,2025-09-07,EPP_FAIL
T-00049,2025-09-08,EPP_FAIL
T-00049,2025-09-14,PRINTER_ERROR
T-00049,2025-09-16,CCDM_JAM
T-00049,2025-09-18,CARD_JAM
T-00049,2025-09-23,EPP_FAIL
T-00049,2025-09-24,CCDM_JAM
T-00049,2025-10-03,NETWORK_DOWN
T-00049,2025-10-05,NETWORK_DOWN
T-00049,2025-10-06,CCDM_JAM
T-00049,2025-10-10,CARD_JAM
T-00049,2025-10-13,NETWORK_DOWN
T-00049,2025-10-19,PRINTER_ERROR
T-00049,2025-10-23,CCDM_JAM
T-00049,2025-10-27,EPP_FAIL
T-00049,2025-10-31,PRINTER_ERROR
T-00049,2025-11-01,CARD_JAM
T-00049,2025-11-07,CARD_JAM
T-00049,2025-11-08,PRINTER_ERROR
T-00049,2025-11-16,PRINTER_ERROR
T-00049,2025-11-17,CCDM_JAM
T-00049,2025-11-18,EPP_FAIL
T-00049,2025-11-19,NETWORK_DOWN
T-00049,2025-11-29,CARD_JAM
T-00049,2025-12-05,CCDM_JAM
T-00049,2025-12-10,CCDM_JAM
T-00049,2025-12-11,EPP_FAIL
T-00049,2025-12-18,NETWORK_DOWN
T-00049,2025-12-23,CARD_JAM
T-00049,2025-12-26,CARD_JAM
T-00049,2025-12-31,NETWORK_DOWN
T-00050,2025-01-03,NETWORK_DOWN
T-00050,2025-01-07,DISPENSER_FAIL
T-00050,2025-01-14,CCDM_JAM
T-00050,2025-01-18,PRINTER_ERROR
T-00050,2025-01-23,EPP_FAIL
T-00050,2025-01-30,CCDM_JAM
T-00050,2025-02-04,CARD_JAM
T-00050,2025-02-09,CARD_JAM
T-00050,2025-02-13,NETWORK_DOWN
T-00050,2025-02-14,EPP_FAIL
T-00050,2025-02-18,DISPENSER_FAIL
T-00050,2025-02-19,CCDM_JAM
T-00050,2025-02-21,DISPENSER_FAIL
T-00050,2025-02-22,CCDM_JAM
T-00050,2025-02-23,CCDM_JAM
T-00050,2025-03-02,EPP_FAIL
T-00050,2025-03-03,PRINTER_ERROR
T-00050,2025-03-04,NETWORK_DOWN
T-00050,2025-03-06,NETWORK_DOWN
T-00050,2025-03-09,EPP_FAIL
T-00050,2025-03-13,NETWORK_DOWN
T-00050,2025-03-15,CCDM_JAM
T-00050,2025-03-21,PRINTER_ERROR
T-00050,2025-03-22,CARD_JAM
T-00050,2025-03-23,CCDM_JAM
T-00050,2025-03-24,NETWORK_DOWN
T-00050,2025-03-25,CCDM_JAM
T-00050,2025-03-31,EPP_FAIL
T-00050,2025-04-06,EPP_FAIL
T-00050,2025-04-07,CARD_JAM
T-00050,2025-04-09,PRINTER_ERROR
T-00050,2025-04-11,CCDM_JAM
T-00050,2025-04-17,NETWORK_DOWN
T-00050,2025-04-18,EPP_FAIL
T-00050,2025-04-20,CARD_JAM
T-00050,2025-04-23,PRINTER_ERROR
T-00050,2025-04-29,NETWORK_DOWN
T-00050,2025-04-30,CARD_JAM
T-00050,2025-05-05,NETWORK_DOWN
T-00050,2025-05-06,CARD_JAM
T-00050,2025-05-07,DISPENSER_FAIL
T-00050,2025-05-08,NETWORK_DOWN
T-00050,2025-05-10,CARD_JAM
T-00050,2025-05-16,DISPENSER_FAIL
T-00050,2025-05-20,DISPENSER_FAIL
T-00050,2025-05-24,NETWORK_DOWN
T-00050,2025-06-01,NETWORK_DOWN
T-00050,2025-06-02,DISPENSER_FAIL
T-00050,2025-06-06,CCDM_JAM
T-00050,2025-06-07,CCDM_JAM
T-00050,2025-06-12,CCDM_JAM
T-00050,2025-06-13,NETWORK_DOWN
T-00050,2025-06-15,EPP_FAIL
T-00050,2025-06-16,EPP_FAIL
T-00050,2025-06-18,EPP_FAIL
T-00050,2025-06-19,EPP_FAIL
T-00050,2025-06-20,CCDM_JAM
T-00050,2025-06-21,PRINTER_ERROR
T-00050,2025-06-26,DISPENSER_FAIL
T-00050,2025-06-27,PRINTER_ERROR
T-00050,2025-06-28,DISPENSER_FAIL
T-00050,2025-06-30,CARD_JAM
T-00050,2025-07-04,EPP_FAIL
T-00050,2025-07-07,EPP_FAIL
T-00050,2025-07-08,EPP_FAIL
T-00050,2025-07-10,CARD_JAM
T-00050,2025-07-11,NETWORK_DOWN
T-00050,2025-07-12,NETWORK_DOWN
T-00050,2025-07-16,PRINTER_ERROR
T-00050,2025-07-18,NETWORK_DOWN
T-00050,2025-07-19,PRINTER_ERROR
T-00050,2025-07-26,EPP_FAIL
T-00050,2025-07-29,CARD_JAM
T-00050,2025-08-01,CCDM_JAM
T-00050,2025-08-10,EPP_FAIL
T-00050,2025-08-11,CARD_JAM
T-00050,2025-08-12,EPP_FAIL
T-00050,2025-08-13,PRINTER_ERROR
T-00050,2025-08-14,CARD_JAM
T-00050,2025-08-15,CARD_JAM
T-00050,2025-08-17,PRINTER_ERROR
T-00050,2025-08-18,NETWORK_DOWN
T-00050,2025-08-23,CCDM_JAM
T-00050,2025-08-28,NETWORK_DOWN
T-00050,2025-09-03,CCDM_JAM
T-00050,2025-09-04,DISPENSER_FAIL
T-00050,2025-09-05,PRINTER_ERROR
T-00050,2025-09-10,DISPENSER_FAIL
T-00050,2025-09-12,DISPENSER_FAIL
T-00050,2025-09-13,EPP_FAIL
T-00050,2025-09-15,CARD_JAM
T-00050,2025-09-19,NETWORK_DOWN
T-00050,2025-09-24,CCDM_JAM
T-00050,2025-09-26,PRINTER_ERROR
T-00050,2025-10-01,EPP_FAIL
T-00050,2025-10-10,EPP_FAIL
T-00050,2025-10-16,NETWORK_DOWN
T-00050,2025-10-18,CARD_JAM
T-00050,2025-10-22,NETWORK_DOWN
T-00050,2025-11-03,EPP_FAIL
T-00050,2025-11-04,NETWORK_DOWN
T-00050,2025-11-05,CARD_JAM
T-00050,2025-11-06,NETWORK_DOWN
T-00050,2025-11-17,PRINTER_ERROR
T-00050,2025-11-18,CCDM_JAM
T-00050,2025-11-28,PRINTER_ERROR
T-00050,2025-12-01,EPP_FAIL
T-00050,2025-12-03,PRINTER_ERROR
T-00050,2025-12-04,NETWORK_DOWN
T-00050,2025-12-13,CARD_JAM
T-00050,2025-12-14,PRINTER_ERROR
T-00050,2025-12-16,NETWORK_DOWN
T-00050,2025-12-18,CCDM_JAM
T-00050,2025-12-20,CCDM_JAM
T-00050,2025-12-21,EPP_FAIL
T-00050,2025-12-23,CCDM_JAM
T-00050,2025-12-25,EPP_FAIL
T-00050,2025-12-27,EPP_FAIL
T-00050,2025-12-28,CARD_JAM
T-00050,2025-12-29,NETWORK_DOWN
T-00050,2025-12-30,CCDM_JAM
T-00051,2025-01-01,CARD_JAM
T-00051,2025-01-04,CCDM_JAM
T-00051,2025-01-08,CARD_JAM
T-00051,2025-01-11,NETWORK_DOWN
T-00051,2025-01-14,PRINTER_ERROR
T-00051,2025-01-15,EPP_FAIL
T-00051,2025-01-16,CARD_JAM
T-00051,2025-01-17,CARD_JAM
T-00051,2025-01-21,EPP_FAIL
T-00051,2025-01-23,DISPENSER_FAIL
T-00051,2025-01-26,CCDM_JAM
T-00051,2025-01-28,EPP_FAIL
T-00051,2025-01-31,PRINTER_ERROR
T-00051,2025-02-01,DISPENSER_FAIL
T-00051,2025-02-02,EPP_FAIL
T-00051,2025-02-14,CCDM_JAM
T-00051,2025-02-20,NETWORK_DOWN
T-00051,2025-02-26,PRINTER_ERROR
T-00051,2025-02-28,EPP_FAIL
T-00051,2025-03-01,EPP_FAIL
T-00051,2025-03-03,PRINTER_ERROR
T-00051,2025-03-04,CARD_JAM
T-00051,2025-03-05,PRINTER_ERROR
T-00051,2025-03-11,NETWORK_DOWN
T-00051,2025-03-13,PRINTER_ERROR
T-00051,2025-03-17,EPP_FAIL
T-00051,2025-03-20,CARD_JAM
T-00051,2025-03-21,NETWORK_DOWN
T-00051,2025-03-24,CCDM_JAM
T-00051,2025-03-26,PRINTER_ERROR
T-00051,2025-03-27,PRINTER_ERROR
T-00051,2025-03-31,CCDM_JAM
T-00051,2025-04-02,PRINTER_ERROR
T-00051,2025-04-06,EPP_FAIL
T-00051,2025-04-08,DISPENSER_FAIL
T-00051,2025-04-14,CARD_JAM
T-00051,2025-04-17,EPP_FAIL
T-00051,2025-04-26,CARD_JAM
T-00051,2025-04-28,CARD_JAM
T-00051,2025-05-05,DISPENSER_FAIL
T-00051,2025-05-06,PRINTER_ERROR
T-00051,2025-05-11,CARD_JAM
T-00051,2025-05-13,CCDM_JAM
T-00051,2025-05-14,NETWORK_DOWN
T-00051,2025-05-16,CARD_JAM
T-00051,2025-05-20,EPP_FAIL
T-00051,2025-05-25,DISPENSER_FAIL
T-00051,2025-05-26,PRINTER_ERROR
T-00051,2025-05-29,CCDM_JAM
T-00051,2025-06-02,CARD_JAM
T-00051,2025-06-07,DISPENSER_FAIL
T-00051,2025-06-08,CARD_JAM
T-00051,2025-06-12,CCDM_JAM
T-00051,2025-06-18,PRINTER_ERROR
T-00051,2025-06-21,CARD_JAM
T-00051,2025-06-24,DISPENSER_FAIL
T-00051,2025-07-06,DISPENSER_FAIL
T-00051,2025-07-09,CCDM_JAM
T-00051,2025-07-11,DISPENSER_FAIL
T-00051,2025-07-15,CARD_JAM
T-00051,2025-07-19,CCDM_JAM
T-00051,2025-07-22,DISPENSER_FAIL
T-00051,2025-07-24,EPP_FAIL
T-00051,2025-07-27,NETWORK_DOWN
T-00051,2025-07-29,NETWORK_DOWN
T-00051,2025-08-06,EPP_FAIL
T-00051,2025-08-10,CARD_JAM
T-00051,2025-08-13,CARD_JAM
T-00051,2025-08-15,EPP_FAIL
T-00051,2025-08-21,EPP_FAIL
T-00051,2025-08-26,PRINTER_ERROR
T-00051,2025-09-02,PRINTER_ERROR
T-00051,2025-09-05,PRINTER_ERROR
T-00051,2025-09-09,NETWORK_DOWN
T-00051,2025-09-12,EPP_FAIL
T-00051,2025-09-18,DISPENSER_FAIL
T-00051,2025-10-03,CARD_JAM
T-00051,2025-10-05,NETWORK_DOWN
T-00051,2025-10-10,CCDM_JAM
T-00051,2025-10-11,CARD_JAM
T-00051,2025-10-13,CCDM_JAM
T-00051,2025-10-17,CARD_JAM
T-00051,2025-10-19,NETWORK_DOWN
T-00051,2025-10-21,DISPENSER_FAIL
T-00051,2025-10-24,EPP_FAIL
T-00051,2025-10-29,PRINTER_ERROR
T-00051,2025-11-04,EPP_FAIL
T-00051,2025-11-09,DISPENSER_FAIL
T-00051,2025-11-11,CCDM_JAM
T-00051,2025-11-13,NETWORK_DOWN
T-00051,2025-11-18,CARD_JAM
T-00051,2025-11-20,NETWORK_DOWN
T-00051,2025-11-21,EPP_FAIL
T-00051,2025-11-23,CCDM_JAM
T-00051,2025-12-01,EPP_FAIL
T-00051,2025-12-05,PRINTER_ERROR
T-00051,2025-12-10,EPP_FAIL
T-00051,2025-12-11,DISPENSER_FAIL
T-00051,2025-12-12,DISPENSER_FAIL
T-00051,2025-12-14,EPP_FAIL
T-00051,2025-12-18,CCDM_JAM
T-00051,2025-12-20,EPP_FAIL
T-00051,2025-12-22,EPP_FAIL
T-00051,2025-12-24,CARD_JAM
T-00051,2025-12-28,CARD_JAM
T-00051,2025-12-31,PRINTER_ERROR
T-00052,2025-01-04,PRINTER_ERROR
T-00052,2025-01-14,EPP_FAIL
T-00052,2025-02-01,CARD_JAM
T-00052,2025-02-07,PRINTER_ERROR
T-00052,2025-02-15,PRINTER_ERROR
T-00052,2025-03-22,CCDM_JAM
T-00052,2025-03-25,PRINTER_ERROR
T-00052,2025-03-28,EPP_FAIL
T-00052,2025-04-04,CCDM_JAM
T-00052,2025-04-07,DISPENSER_FAIL
T-00052,2025-04-13,PRINTER_ERROR
T-00052,2025-05-12,EPP_FAIL
T-00052,2025-05-15,CARD_JAM
T-00052,2025-06-03,CARD_JAM
T-00052,2025-06-19,EPP_FAIL
T-00052,2025-06-30,CCDM_JAM
T-00052,2025-07-04,PRINTER_ERROR
T-00052,2025-07-05,CARD_JAM
T-00052,2025-07-06,NETWORK_DOWN
T-00052,2025-07-09,DISPENSER_FAIL
T-00052,2025-07-14,EPP_FAIL
T-00052,2025-07-28,DISPENSER_FAIL
T-00052,2025-08-16,DISPENSER_FAIL
T-00052,2025-08-21,PRINTER_ERROR
T-00052,2025-08-24,CCDM_JAM
T-00052,2025-08-27,PRINTER_ERROR
T-00052,2025-08-29,DISPENSER_FAIL
T-00052,2025-09-09,CARD_JAM
T-00052,2025-09-11,PRINTER_ERROR
T-00052,2025-09-12,EPP_FAIL
T-00052,2025-09-25,NETWORK_DOWN
T-00052,2025-09-26,EPP_FAIL
T-00052,2025-10-12,CARD_JAM
T-00052,2025-10-25,EPP_FAIL
T-00052,2025-10-29,NETWORK_DOWN
T-00052,2025-11-07,EPP_FAIL
T-00052,2025-11-08,DISPENSER_FAIL
T-00052,2025-11-18,DISPENSER_FAIL
T-00052,2025-11-26,EPP_FAIL
T-00052,2025-12-02,CARD_JAM
T-00052,2025-12-06,EPP_FAIL
T-00052,2025-12-09,CARD_JAM
T-00052,2025-12-23,CARD_JAM
T-00053,2025-01-01,PRINTER_ERROR
T-00053,2025-01-07,CARD_JAM
T-00053,2025-01-08,NETWORK_DOWN
T-00053,2025-01-10,CARD_JAM
T-00053,2025-01-13,CARD_JAM
T-00053,2025-01-15,CCDM_JAM
T-00053,2025-01-17,CARD_JAM
T-00053,2025-01-18,CCDM_JAM
T-00053,2025-01-20,NETWORK_DOWN
T-00053,2025-01-22,DISPENSER_FAIL
T-00053,2025-01-27,EPP_FAIL
T-00053,2025-01-31,DISPENSER_FAIL
T-00053,2025-02-01,CCDM_JAM
T-00053,2025-02-02,EPP_FAIL
T-00053,2025-02-03,PRINTER_ERROR
T-00053,2025-02-11,CCDM_JAM
T-00053,2025-02-15,NETWORK_DOWN
T-00053,2025-02-18,CARD_JAM
T-00053,2025-02-22,PRINTER_ERROR
T-00053,2025-02-23,PRINTER_ERROR
T-00053,2025-02-26,PRINTER_ERROR
T-00053,2025-02-27,NETWORK_DOWN
T-00053,2025-03-01,PRINTER_ERROR
T-00053,2025-03-03,CCDM_JAM
T-00053,2025-03-04,CCDM_JAM
T-00053,2025-03-06,NETWORK_DOWN
T-00053,2025-03-10,PRINTER_ERROR
T-00053,2025-03-17,CARD_JAM
T-00053,2025-03-19,DISPENSER_FAIL
T-00053,2025-03-21,CARD_JAM
T-00053,2025-03-22,CARD_JAM
T-00053,2025-03-27,DISPENSER_FAIL
T-00053,2025-03-28,CARD_JAM
T-00053,2025-03-31,PRINTER_ERROR
T-00053,2025-04-02,NETWORK_DOWN
T-00053,2025-04-04,EPP_FAIL
T-00053,2025-04-06,EPP_FAIL
T-00053,2025-04-09,CARD_JAM
T-00053,2025-04-12,NETWORK_DOWN
T-00053,2025-04-14,EPP_FAIL
T-00053,2025-04-15,PRINTER_ERROR
T-00053,2025-04-16,EPP_FAIL
T-00053,2025-04-20,CARD_JAM
T-00053,2025-04-24,PRINTER_ERROR
T-00053,2025-04-28,DISPENSER_FAIL
T-00053,2025-05-13,EPP_FAIL
T-00053,2025-05-14,PRINTER_ERROR
T-00053,2025-05-29,PRINTER_ERROR
T-00053,2025-05-30,CCDM_JAM
T-00053,2025-06-01,EPP_FAIL
T-00053,2025-06-02,NETWORK_DOWN
T-00053,2025-06-05,EPP_FAIL
T-00053,2025-06-10,NETWORK_DOWN
T-00053,2025-06-13,EPP_FAIL
T-00053,2025-06-24,EPP_FAIL
T-00053,2025-06-29,NETWORK_DOWN
T-00053,2025-07-02,EPP_FAIL
T-00053,2025-07-04,CCDM_JAM
T-00053,2025-07-05,CCDM_JAM
T-00053,2025-07-06,NETWORK_DOWN
T-00053,2025-07-07,EPP_FAIL
T-00053,2025-07-09,EPP_FAIL
T-00053,2025-07-12,NETWORK_DOWN
T-00053,2025-07-15,DISPENSER_FAIL
T-00053,2025-07-20,PRINTER_ERROR
T-00053,2025-07-21,CARD_JAM
T-00053,2025-07-22,CARD_JAM
T-00053,2025-07-26,NETWORK_DOWN
T-00053,2025-07-28,CCDM_JAM
T-00053,2025-07-31,EPP_FAIL
T-00053,2025-08-01,EPP_FAIL
T-00053,2025-08-02,CARD_JAM
T-00053,2025-08-05,EPP_FAIL
T-00053,2025-08-08,CCDM_JAM
T-00053,2025-08-12,CARD_JAM
T-00053,2025-08-14,CARD_JAM
T-00053,2025-08-15,CARD_JAM
T-00053,2025-08-16,NETWORK_DOWN
T-00053,2025-08-18,CCDM_JAM
T-00053,2025-08-23,PRINTER_ERROR
T-00053,2025-08-24,CCDM_JAM
T-00053,2025-08-27,CCDM_JAM
T-00053,2025-08-28,CARD_JAM
T-00053,2025-08-29,DISPENSER_FAIL
T-00053,2025-09-03,CARD_JAM
T-00053,2025-09-09,CCDM_JAM
T-00053,2025-09-10,CARD_JAM
T-00053,2025-09-11,NETWORK_DOWN
T-00053,2025-09-18,CARD_JAM
T-00053,2025-09-20,CARD_JAM
T-00053,2025-09-21,NETWORK_DOWN
T-00053,2025-09-24,EPP_FAIL
T-00053,2025-10-01,NETWORK_DOWN
T-00053,2025-10-03,DISPENSER_FAIL
T-00053,2025-10-05,DISPENSER_FAIL
T-00053,2025-10-12,CARD_JAM
T-00053,2025-10-15,EPP_FAIL
T-00053,2025-10-18,CARD_JAM
T-00053,2025-10-19,CCDM_JAM
T-00053,2025-10-20,NETWORK_DOWN
T-00053,2025-10-28,PRINTER_ERROR
T-00053,2025-10-29,CCDM_JAM
T-00053,2025-10-30,CCDM_JAM
T-00053,2025-10-31,CARD_JAM
T-00053,2025-11-04,EPP_FAIL
T-00053,2025-11-10,DISPENSER_FAIL
T-00053,2025-11-11,CARD_JAM
T-00053,2025-11-15,NETWORK_DOWN
T-00053,2025-11-19,CARD_JAM
T-00053,2025-11-26,NETWORK_DOWN
T-00053,2025-11-27,DISPENSER_FAIL
T-00053,2025-11-28,DISPENSER_FAIL
T-00053,2025-11-29,DISPENSER_FAIL
T-00053,2025-11-30,DISPENSER_FAIL
T-00053,2025-12-07,CCDM_JAM
T-00053,2025-12-12,CARD_JAM
T-00053,2025-12-13,DISPENSER_FAIL
T-00053,2025-12-19,CCDM_JAM
T-00053,2025-12-20,NETWORK_DOWN
T-00053,2025-12-21,EPP_FAIL
T-00053,2025-12-24,CCDM_JAM
T-00054,2025-01-04,EPP_FAIL
T-00054,2025-01-05,CARD_JAM
T-00054,2025-01-06,CCDM_JAM
T-00054,2025-01-07,NETWORK_DOWN
T-00054,2025-01-13,CCDM_JAM
T-00054,2025-01-18,PRINTER_ERROR
T-00054,2025-01-20,NETWORK_DOWN
T-00054,2025-01-23,EPP_FAIL
T-00054,2025-01-26,CARD_JAM
T-00054,2025-01-29,EPP_FAIL
T-00054,2025-02-06,NETWORK_DOWN
T-00054,2025-02-07,PRINTER_ERROR
T-00054,2025-02-08,EPP_FAIL
T-00054,2025-02-11,DISPENSER_FAIL
T-00054,2025-02-13,NETWORK_DOWN
T-00054,2025-02-15,NETWORK_DOWN
T-00054,2025-02-17,CCDM_JAM
T-00054,2025-02-18,DISPENSER_FAIL
T-00054,2025-02-22,NETWORK_DOWN
T-00054,2025-03-03,PRINTER_ERROR
T-00054,2025-03-04,PRINTER_ERROR
T-00054,2025-03-06,CCDM_JAM
T-00054,2025-03-07,CCDM_JAM
T-00054,2025-03-15,PRINTER_ERROR
T-00054,2025-03-18,PRINTER_ERROR
T-00054,2025-03-24,CARD_JAM
T-00054,2025-03-25,DISPENSER_FAIL
T-00054,2025-03-27,DISPENSER_FAIL
T-00054,2025-04-04,NETWORK_DOWN
T-00054,2025-04-05,CCDM_JAM
T-00054,2025-04-08,EPP_FAIL
T-00054,2025-04-09,DISPENSER_FAIL
T-00054,2025-04-12,CARD_JAM
T-00054,2025-04-16,PRINTER_ERROR
T-00054,2025-04-17,CARD_JAM
T-00054,2025-04-22,NETWORK_DOWN
T-00054,2025-05-01,NETWORK_DOWN
T-00054,2025-05-03,EPP_FAIL
T-00054,2025-05-04,CARD_JAM
T-00054,2025-05-05,DISPENSER_FAIL
T-00054,2025-05-10,CARD_JAM
T-00054,2025-05-12,NETWORK_DOWN
T-00054,2025-05-13,CARD_JAM
T-00054,2025-05-14,CCDM_JAM
T-00054,2025-05-16,NETWORK_DOWN
T-00054,2025-05-17,DISPENSER_FAIL
T-00054,2025-05-19,CCDM_JAM
T-00054,2025-05-26,EPP_FAIL
T-00054,2025-06-05,CARD_JAM
T-00054,2025-06-07,CARD_JAM
T-00054,2025-06-08,NETWORK_DOWN
T-00054,2025-06-13,DISPENSER_FAIL
T-00054,2025-06-15,DISPENSER_FAIL
T-00054,2025-06-30,CARD_JAM
T-00054,2025-07-03,NETWORK_DOWN
T-00054,2025-07-04,NETWORK_DOWN
T-00054,2025-07-10,NETWORK_DOWN
T-00054,2025-07-11,CARD_JAM
T-00054,2025-07-24,CCDM_JAM
T-00054,2025-07-29,NETWORK_DOWN
T-00054,2025-07-31,CCDM_JAM
T-00054,2025-08-06,NETWORK_DOWN
T-00054,2025-08-07,NETWORK_DOWN
T-00054,2025-08-13,EPP_FAIL
T-00054,2025-08-15,CARD_JAM
T-00054,2025-08-16,CARD_JAM
T-00054,2025-08-20,CCDM_JAM
T-00054,2025-08-21,NETWORK_DOWN
T-00054,2025-08-22,CARD_JAM
T-00054,2025-08-25,NETWORK_DOWN
T-00054,2025-08-27,PRINTER_ERROR
T-00054,2025-09-04,PRINTER_ERROR
T-00054,2025-09-05,CARD_JAM
T-00054,2025-09-11,EPP_FAIL
T-00054,2025-09-14,CARD_JAM
T-00054,2025-09-21,PRINTER_ERROR
T-00054,2025-09-23,PRINTER_ERROR
T-00054,2025-10-04,CCDM_JAM
T-00054,2025-10-08,CCDM_JAM
T-00054,2025-10-12,DISPENSER_FAIL
T-00054,2025-10-13,EPP_FAIL
T-00054,2025-10-18,NETWORK_DOWN
T-00054,2025-10-20,DISPENSER_FAIL
T-00054,2025-11-01,DISPENSER_FAIL
T-00054,2025-11-07,CARD_JAM
T-00054,2025-11-09,EPP_FAIL
T-00054,2025-11-15,EPP_FAIL
T-00054,2025-11-21,CCDM_JAM
T-00054,2025-11-26,DISPENSER_FAIL
T-00054,2025-11-29,NETWORK_DOWN
T-00054,2025-12-04,CCDM_JAM
T-00054,2025-12-09,EPP_FAIL
T-00054,2025-12-10,PRINTER_ERROR
T-00054,2025-12-11,DISPENSER_FAIL
T-00054,2025-12-15,EPP_FAIL
T-00054,2025-12-18,CARD_JAM
T-00054,2025-12-20,CARD_JAM
T-00054,2025-12-28,CCDM_JAM
T-00055,2025-01-24,EPP_FAIL
T-00055,2025-02-02,EPP_FAIL
T-00055,2025-02-07,DISPENSER_FAIL
T-00055,2025-02-20,PRINTER_ERROR
T-00055,2025-03-05,EPP_FAIL
T-00055,2025-03-12,CARD_JAM
T-00055,2025-03-20,EPP_FAIL
T-00055,2025-04-21,NETWORK_DOWN
T-00055,2025-05-09,CARD_JAM
T-00055,2025-08-21,PRINTER_ERROR
T-00055,2025-08-26,CARD_JAM
T-00055,2025-08-28,DISPENSER_FAIL
T-00056,2025-01-24,EPP_FAIL
T-00056,2025-03-09,DISPENSER_FAIL
T-00056,2025-03-14,CARD_JAM
T-00056,2025-03-18,CARD_JAM
T-00056,2025-03-23,CCDM_JAM
T-00056,2025-04-13,PRINTER_ERROR
T-00056,2025-04-22,PRINTER_ERROR
T-00056,2025-04-26,NETWORK_DOWN
T-00056,2025-05-03,CCDM_JAM
T-00056,2025-06-09,EPP_FAIL
T-00056,2025-07-07,DISPENSER_FAIL
T-00056,2025-08-23,CCDM_JAM
T-00056,2025-09-12,CARD_JAM
T-00056,2025-09-21,CARD_JAM
T-00056,2025-09-26,DISPENSER_FAIL
T-00056,2025-09-30,DISPENSER_FAIL
T-00056,2025-10-10,CARD_JAM
T-00056,2025-10-29,PRINTER_ERROR
T-00056,2025-11-28,CARD_JAM
T-00056,2025-11-30,NETWORK_DOWN
T-00056,2025-12-01,CCDM_JAM
T-00056,2025-12-02,PRINTER_ERROR
T-00057,2025-01-14,PRINTER_ERROR
T-00057,2025-02-04,CCDM_JAM
T-00057,2025-02-12,CARD_JAM
T-00057,2025-02-23,PRINTER_ERROR
T-00057,2025-03-30,EPP_FAIL
T-00057,2025-04-20,CCDM_JAM
T-00057,2025-05-03,CCDM_JAM
T-00057,2025-05-15,EPP_FAIL
T-00057,2025-05-23,NETWORK_DOWN
T-00057,2025-05-26,EPP_FAIL
T-00057,2025-05-27,CCDM_JAM
T-00057,2025-05-29,NETWORK_DOWN
T-00057,2025-06-07,DISPENSER_FAIL
T-00057,2025-08-17,DISPENSER_FAIL
T-00057,2025-09-08,DISPENSER_FAIL
T-00057,2025-10-13,CARD_JAM
T-00057,2025-11-15,CARD_JAM
T-00057,2025-12-17,EPP_FAIL
T-00057,2025-12-26,PRINTER_ERROR
T-00058,2025-01-05,CARD_JAM
T-00058,2025-01-11,DISPENSER_FAIL
T-00058,2025-01-13,CCDM_JAM
T-00058,2025-01-17,CARD_JAM
T-00058,2025-01-24,NETWORK_DOWN
T-00058,2025-01-26,CCDM_JAM
T-00058,2025-01-30,CCDM_JAM
T-00058,2025-02-14,NETWORK_DOWN
T-00058,2025-02-15,DISPENSER_FAIL
T-00058,2025-03-01,PRINTER_ERROR
T-00058,2025-03-05,EPP_FAIL
T-00058,2025-03-06,NETWORK_DOWN
T-00058,2025-03-15,PRINTER_ERROR
T-00058,2025-03-17,PRINTER_ERROR
T-00058,2025-03-22,CCDM_JAM
T-00058,2025-03-28,PRINTER_ERROR
T-00058,2025-03-30,CCDM_JAM
T-00058,2025-04-01,CARD_JAM
T-00058,2025-04-04,EPP_FAIL
T-00058,2025-04-06,DISPENSER_FAIL
T-00058,2025-04-13,CCDM_JAM
T-00058,2025-04-15,CARD_JAM
T-00058,2025-04-19,CARD_JAM
T-00058,2025-04-21,NETWORK_DOWN
T-00058,2025-04-22,CARD_JAM
T-00058,2025-05-02,NETWORK_DOWN
T-00058,2025-05-07,NETWORK_DOWN
T-00058,2025-05-15,CCDM_JAM
T-00058,2025-05-17,PRINTER_ERROR
T-00058,2025-05-22,PRINTER_ERROR
T-00058,2025-05-24,PRINTER_ERROR
T-00058,2025-05-27,PRINTER_ERROR
T-00058,2025-06-03,EPP_FAIL
T-00058,2025-06-06,DISPENSER_FAIL
T-00058,2025-06-09,PRINTER_ERROR
T-00058,2025-06-18,NETWORK_DOWN
T-00058,2025-06-20,CARD_JAM
T-00058,2025-06-21,CARD_JAM
T-00058,2025-06-26,PRINTER_ERROR
T-00058,2025-06-29,EPP_FAIL
T-00058,2025-07-03,EPP_FAIL
T-00058,2025-07-04,NETWORK_DOWN
T-00058,2025-07-06,CCDM_JAM
T-00058,2025-07-22,NETWORK_DOWN
T-00058,2025-07-29,NETWORK_DOWN
T-00058,2025-07-30,CARD_JAM
T-00058,2025-08-01,CCDM_JAM
T-00058,2025-08-05,DISPENSER_FAIL
T-00058,2025-08-09,DISPENSER_FAIL
T-00058,2025-09-03,PRINTER_ERROR
T-00058,2025-09-04,NETWORK_DOWN
T-00058,2025-09-06,PRINTER_ERROR
T-00058,2025-09-11,CARD_JAM
T-00058,2025-09-14,CCDM_JAM
T-00058,2025-09-19,CCDM_JAM
T-00058,2025-09-28,PRINTER_ERROR
T-00058,2025-09-29,DISPENSER_FAIL
T-00058,2025-09-30,CCDM_JAM
T-00058,2025-10-03,CCDM_JAM
T-00058,2025-10-04,CCDM_JAM
T-00058,2025-10-05,PRINTER_ERROR
T-00058,2025-10-21,NETWORK_DOWN
T-00058,2025-11-03,EPP_FAIL
T-00058,2025-11-04,CARD_JAM
T-00058,2025-11-10,CARD_JAM
T-00058,2025-11-17,CCDM_JAM
T-00058,2025-11-18,CCDM_JAM
T-00058,2025-11-22,CARD_JAM
T-00058,2025-11-24,DISPENSER_FAIL
T-00058,2025-12-02,CCDM_JAM
T-00058,2025-12-08,EPP_FAIL
T-00058,2025-12-17,CCDM_JAM
T-00058,2025-12-18,CCDM_JAM
T-00058,2025-12-30,DISPENSER_FAIL
T-00059,2025-01-01,NETWORK_DOWN
T-00059,2025-01-12,CARD_JAM
T-00059,2025-01-30,PRINTER_ERROR
T-00059,2025-02-04,PRINTER_ERROR
T-00059,2025-02-09,NETWORK_DOWN
T-00059,2025-02-25,DISPENSER_FAIL
T-00059,2025-03-02,CARD_JAM
T-00059,2025-03-14,DISPENSER_FAIL
T-00059,2025-04-21,EPP_FAIL
T-00059,2025-04-25,CCDM_JAM
T-00059,2025-05-13,NETWORK_DOWN
T-00059,2025-05-19,DISPENSER_FAIL
T-00059,2025-05-21,DISPENSER_FAIL
T-00059,2025-06-05,CCDM_JAM
T-00059,2025-06-09,NETWORK_DOWN
T-00059,2025-06-15,DISPENSER_FAIL
T-00059,2025-06-27,CARD_JAM
T-00059,2025-06-29,EPP_FAIL
T-00059,2025-07-12,PRINTER_ERROR
T-00059,2025-07-15,DISPENSER_FAIL
T-00059,2025-07-24,CARD_JAM
T-00059,2025-08-28,DISPENSER_FAIL
T-00059,2025-09-01,NETWORK_DOWN
T-00059,2025-09-17,CCDM_JAM
T-00059,2025-09-21,DISPENSER_FAIL
T-00059,2025-09-22,EPP_FAIL
T-00059,2025-09-27,EPP_FAIL
T-00059,2025-10-14,NETWORK_DOWN
T-00059,2025-10-16,EPP_FAIL
T-00059,2025-10-20,EPP_FAIL
T-00059,2025-10-27,EPP_FAIL
T-00059,2025-11-28,PRINTER_ERROR
T-00059,2025-12-05,DISPENSER_FAIL
T-00059,2025-12-13,DISPENSER_FAIL
T-00059,2025-12-29,EPP_FAIL
T-00060,2025-01-05,CCDM_JAM
T-00060,2025-01-06,CARD_JAM
T-00060,2025-01-07,PRINTER_ERROR
T-00060,2025-01-12,NETWORK_DOWN
T-00060,2025-01-14,NETWORK_DOWN
T-00060,2025-01-15,NETWORK_DOWN
T-00060,2025-01-17,EPP_FAIL
T-00060,2025-01-23,PRINTER_ERROR
T-00060,2025-01-24,PRINTER_ERROR
T-00060,2025-01-29,DISPENSER_FAIL
T-00060,2025-02-01,CCDM_JAM
T-00060,2025-02-04,EPP_FAIL
T-00060,2025-02-14,PRINTER_ERROR
T-00060,2025-02-16,PRINTER_ERROR
T-00060,2025-02-19,EPP_FAIL
T-00060,2025-02-21,EPP_FAIL
T-00060,2025-02-22,CARD_JAM
T-00060,2025-02-26,NETWORK_DOWN
T-00060,2025-02-27,DISPENSER_FAIL
T-00060,2025-03-04,CCDM_JAM
T-00060,2025-03-08,NETWORK_DOWN
T-00060,2025-03-11,CCDM_JAM
T-00060,2025-03-18,CCDM_JAM
T-00060,2025-03-21,DISPENSER_FAIL
T-00060,2025-03-27,CARD_JAM
T-00060,2025-03-28,EPP_FAIL
T-00060,2025-03-31,NETWORK_DOWN
T-00060,2025-04-01,CCDM_JAM
T-00060,2025-04-05,CCDM_JAM
T-00060,2025-04-07,NETWORK_DOWN
T-00060,2025-04-20,NETWORK_DOWN
T-00060,2025-04-23,EPP_FAIL
T-00060,2025-04-24,PRINTER_ERROR
T-00060,2025-04-26,EPP_FAIL
T-00060,2025-04-27,DISPENSER_FAIL
T-00060,2025-04-30,CARD_JAM
T-00060,2025-05-02,EPP_FAIL
T-00060,2025-05-06,NETWORK_DOWN
T-00060,2025-05-10,DISPENSER_FAIL
T-00060,2025-05-12,NETWORK_DOWN
T-00060,2025-05-15,DISPENSER_FAIL
T-00060,2025-05-18,CCDM_JAM
T-00060,2025-05-21,CARD_JAM
T-00060,2025-05-23,CCDM_JAM
T-00060,2025-05-28,PRINTER_ERROR
T-00060,2025-05-29,EPP_FAIL
T-00060,2025-05-30,CCDM_JAM
T-00060,2025-05-31,PRINTER_ERROR
T-00060,2025-06-01,CCDM_JAM
T-00060,2025-06-02,NETWORK_DOWN
T-00060,2025-06-04,EPP_FAIL
T-00060,2025-06-05,NETWORK_DOWN
T-00060,2025-06-08,DISPENSER_FAIL
T-00060,2025-06-10,DISPENSER_FAIL
T-00060,2025-06-13,NETWORK_DOWN
T-00060,2025-06-16,DISPENSER_FAIL
T-00060,2025-06-18,CARD_JAM
T-00060,2025-06-25,CCDM_JAM
T-00060,2025-06-26,EPP_FAIL
T-00060,2025-06-27,DISPENSER_FAIL
T-00060,2025-07-04,PRINTER_ERROR
T-00060,2025-07-06,DISPENSER_FAIL
T-00060,2025-07-10,CARD_JAM
T-00060,2025-07-11,PRINTER_ERROR
T-00060,2025-07-12,CCDM_JAM
T-00060,2025-07-15,PRINTER_ERROR
T-00060,2025-07-18,PRINTER_ERROR
T-00060,2025-07-24,EPP_FAIL
T-00060,2025-07-27,CARD_JAM
T-00060,2025-08-04,PRINTER_ERROR
T-00060,2025-08-06,CARD_JAM
T-00060,2025-08-15,NETWORK_DOWN
T-00060,2025-08-17,CCDM_JAM
T-00060,2025-08-18,EPP_FAIL
T-00060,2025-08-19,DISPENSER_FAIL
T-00060,2025-08-22,CARD_JAM
T-00060,2025-08-27,CARD_JAM
T-00060,2025-08-28,EPP_FAIL
T-00060,2025-08-29,DISPENSER_FAIL
T-00060,2025-08-30,CARD_JAM
T-00060,2025-09-01,PRINTER_ERROR
T-00060,2025-09-02,DISPENSER_FAIL
T-00060,2025-09-03,EPP_FAIL
T-00060,2025-09-04,EPP_FAIL
T-00060,2025-09-05,CARD_JAM
T-00060,2025-09-08,CARD_JAM
T-00060,2025-09-09,CCDM_JAM
T-00060,2025-09-17,CARD_JAM
T-00060,2025-09-20,CCDM_JAM
T-00060,2025-09-21,EPP_FAIL
T-00060,2025-09-26,CCDM_JAM
T-00060,2025-09-29,EPP_FAIL
T-00060,2025-10-03,DISPENSER_FAIL
T-00060,2025-10-04,CCDM_JAM
T-00060,2025-10-07,CCDM_JAM
T-00060,2025-10-09,DISPENSER_FAIL
T-00060,2025-10-11,CCDM_JAM
T-00060,2025-10-12,CARD_JAM
T-00060,2025-10-13,NETWORK_DOWN
T-00060,2025-10-14,CARD_JAM
T-00060,2025-10-15,EPP_FAIL
T-00060,2025-10-16,NETWORK_DOWN
T-00060,2025-10-17,DISPENSER_FAIL
T-00060,2025-10-21,CARD_JAM
T-00060,2025-10-30,NETWORK_DOWN
T-00060,2025-11-04,CARD_JAM
T-00060,2025-11-05,PRINTER_ERROR
T-00060,2025-11-11,NETWORK_DOWN
T-00060,2025-11-13,CCDM_JAM
T-00060,2025-11-21,CARD_JAM
T-00060,2025-11-22,CCDM_JAM
T-00060,2025-11-23,CARD_JAM
T-00060,2025-11-30,NETWORK_DOWN
T-00060,2025-12-05,NETWORK_DOWN
T-00060,2025-12-07,DISPENSER_FAIL
T-00060,2025-12-11,NETWORK_DOWN
T-00060,2025-12-13,CCDM_JAM
T-00060,2025-12-14,EPP_FAIL
T-00060,2025-12-16,CCDM_JAM
T-00060,2025-12-19,DISPENSER_FAIL
T-00060,2025-12-21,EPP_FAIL
T-00060,2025-12-25,EPP_FAIL
T-00060,2025-12-26,NETWORK_DOWN
T-00060,2025-12-31,DISPENSER_FAIL
T-00061,2025-04-02,DISPENSER_FAIL
T-00061,2025-04-07,EPP_FAIL
T-00061,2025-05-10,NETWORK_DOWN
T-00061,2025-05-21,NETWORK_DOWN
T-00061,2025-05-29,PRINTER_ERROR
T-00061,2025-06-11,EPP_FAIL
T-00061,2025-07-07,NETWORK_DOWN
T-00061,2025-07-14,CARD_JAM
T-00061,2025-08-15,PRINTER_ERROR
T-00061,2025-08-27,NETWORK_DOWN
T-00061,2025-09-06,CARD_JAM
T-00061,2025-09-10,NETWORK_DOWN
T-00061,2025-09-27,DISPENSER_FAIL
T-00061,2025-10-01,CARD_JAM
T-00061,2025-10-07,EPP_FAIL
T-00061,2025-10-18,PRINTER_ERROR
T-00061,2025-10-22,CCDM_JAM
T-00061,2025-11-09,PRINTER_ERROR
T-00061,2025-11-16,DISPENSER_FAIL
T-00061,2025-11-28,EPP_FAIL
T-00062,2025-01-13,EPP_FAIL
T-00062,2025-02-17,NETWORK_DOWN
T-00062,2025-03-22,NETWORK_DOWN
T-00062,2025-03-25,PRINTER_ERROR
T-00062,2025-03-31,CCDM_JAM
T-00062,2025-04-02,PRINTER_ERROR
T-00062,2025-04-26,CCDM_JAM
T-00062,2025-04-28,NETWORK_DOWN
T-00062,2025-04-30,DISPENSER_FAIL
T-00062,2025-05-06,NETWORK_DOWN
T-00062,2025-05-13,CCDM_JAM
T-00062,2025-05-29,DISPENSER_FAIL
T-00062,2025-06-07,PRINTER_ERROR
T-00062,2025-06-24,PRINTER_ERROR
T-00062,2025-06-30,CCDM_JAM
T-00062,2025-07-03,CARD_JAM
T-00062,2025-07-10,CARD_JAM
T-00062,2025-07-17,PRINTER_ERROR
T-00062,2025-07-20,DISPENSER_FAIL
T-00062,2025-07-28,DISPENSER_FAIL
T-00062,2025-08-08,DISPENSER_FAIL
T-00062,2025-08-17,EPP_FAIL
T-00062,2025-08-28,NETWORK_DOWN
T-00062,2025-09-22,CCDM_JAM
T-00062,2025-09-25,PRINTER_ERROR
T-00062,2025-10-09,NETWORK_DOWN
T-00062,2025-10-12,PRINTER_ERROR
T-00062,2025-10-20,DISPENSER_FAIL
T-00062,2025-10-23,CCDM_JAM
T-00062,2025-10-25,CCDM_JAM
T-00062,2025-10-31,CCDM_JAM
T-00062,2025-11-24,PRINTER_ERROR
T-00062,2025-11-29,CCDM_JAM
T-00062,2025-12-05,DISPENSER_FAIL
T-00062,2025-12-26,EPP_FAIL
T-00063,2025-01-10,EPP_FAIL
T-00063,2025-01-12,DISPENSER_FAIL
T-00063,2025-01-27,DISPENSER_FAIL
T-00063,2025-01-31,EPP_FAIL
T-00063,2025-02-05,NETWORK_DOWN
T-00063,2025-02-06,EPP_FAIL
T-00063,2025-02-18,CCDM_JAM
T-00063,2025-03-21,CCDM_JAM
T-00063,2025-03-26,PRINTER_ERROR
T-00063,2025-04-04,PRINTER_ERROR
T-00063,2025-04-21,PRINTER_ERROR
T-00063,2025-08-04,EPP_FAIL
T-00063,2025-08-11,DISPENSER_FAIL
T-00063,2025-08-30,CCDM_JAM
T-00063,2025-09-07,PRINTER_ERROR
T-00063,2025-09-19,EPP_FAIL
T-00063,2025-09-22,CARD_JAM
T-00063,2025-10-27,CARD_JAM
T-00064,2025-02-17,DISPENSER_FAIL
T-00064,2025-04-06,CARD_JAM
T-00064,2025-04-07,NETWORK_DOWN
T-00064,2025-04-14,CCDM_JAM
T-00064,2025-04-16,CARD_JAM
T-00064,2025-04-20,NETWORK_DOWN
T-00064,2025-05-16,CCDM_JAM
T-00064,2025-09-15,CCDM_JAM
T-00064,2025-09-26,CCDM_JAM
T-00064,2025-10-02,NETWORK_DOWN
T-00064,2025-10-03,CARD_JAM
T-00064,2025-10-19,NETWORK_DOWN
T-00064,2025-10-27,DISPENSER_FAIL
T-00064,2025-11-06,DISPENSER_FAIL
T-00064,2025-11-10,PRINTER_ERROR
T-00064,2025-12-03,PRINTER_ERROR
T-00064,2025-12-19,DISPENSER_FAIL
T-00064,2025-12-23,NETWORK_DOWN
T-00065,2025-02-03,CCDM_JAM
T-00065,2025-02-12,CCDM_JAM
T-00065,2025-03-01,PRINTER_ERROR
T-00065,2025-03-31,PRINTER_ERROR
T-00065,2025-04-08,PRINTER_ERROR
T-00065,2025-05-30,CARD_JAM
T-00065,2025-06-04,DISPENSER_FAIL
T-00065,2025-07-31,CARD_JAM
T-00065,2025-08-14,EPP_FAIL
T-00065,2025-08-19,EPP_FAIL
T-00065,2025-09-03,DISPENSER_FAIL
T-00065,2025-09-09,CCDM_JAM
T-00065,2025-10-08,EPP_FAIL
T-00065,2025-10-13,CCDM_JAM
T-00065,2025-11-09,CCDM_JAM
T-00065,2025-11-25,PRINTER_ERROR
T-00065,2025-12-18,CCDM_JAM
T-00065,2025-12-24,EPP_FAIL
T-00065,2025-12-27,NETWORK_DOWN
T-00066,2025-01-15,EPP_FAIL
T-00066,2025-01-18,NETWORK_DOWN
T-00066,2025-01-20,CARD_JAM
T-00066,2025-03-25,CCDM_JAM
T-00066,2025-04-12,PRINTER_ERROR
T-00066,2025-04-15,CCDM_JAM
T-00066,2025-05-23,PRINTER_ERROR
T-00066,2025-06-03,EPP_FAIL
T-00066,2025-06-21,PRINTER_ERROR
T-00066,2025-06-28,CARD_JAM
T-00066,2025-07-08,PRINTER_ERROR
T-00066,2025-07-22,EPP_FAIL
T-00066,2025-08-06,NETWORK_DOWN
T-00066,2025-08-14,CCDM_JAM
T-00066,2025-08-20,PRINTER_ERROR
T-00066,2025-08-23,NETWORK_DOWN
T-00066,2025-08-27,EPP_FAIL
T-00066,2025-09-03,NETWORK_DOWN
T-00066,2025-09-10,CARD_JAM
T-00066,2025-09-12,CCDM_JAM
T-00066,2025-10-24,CARD_JAM
T-00066,2025-10-28,NETWORK_DOWN
T-00066,2025-11-14,PRINTER_ERROR
T-00066,2025-11-17,CCDM_JAM
T-00066,2025-11-23,NETWORK_DOWN
T-00066,2025-12-10,PRINTER_ERROR
T-00066,2025-12-20,EPP_FAIL
T-00066,2025-12-23,DISPENSER_FAIL
T-00067,2025-01-04,NETWORK_DOWN
T-00067,2025-01-13,PRINTER_ERROR
T-00067,2025-01-30,CARD_JAM
T-00067,2025-02-14,CCDM_JAM
T-00067,2025-02-15,NETWORK_DOWN
T-00067,2025-02-24,EPP_FAIL
T-00067,2025-02-25,CARD_JAM
T-00067,2025-03-01,CARD_JAM
T-00067,2025-03-02,PRINTER_ERROR
T-00067,2025-03-05,CCDM_JAM
T-00067,2025-03-06,DISPENSER_FAIL
T-00067,2025-03-07,PRINTER_ERROR
T-00067,2025-03-17,NETWORK_DOWN
T-00067,2025-03-27,EPP_FAIL
T-00067,2025-03-28,PRINTER_ERROR
T-00067,2025-04-01,NETWORK_DOWN
T-00067,2025-04-02,EPP_FAIL
T-00067,2025-04-07,DISPENSER_FAIL
T-00067,2025-04-19,CCDM_JAM
T-00067,2025-04-22,PRINTER_ERROR
T-00067,2025-04-23,PRINTER_ERROR
T-00067,2025-04-25,EPP_FAIL
T-00067,2025-04-26,CCDM_JAM
T-00067,2025-04-27,PRINTER_ERROR
T-00067,2025-04-28,CARD_JAM
T-00067,2025-05-03,CCDM_JAM
T-00067,2025-05-08,NETWORK_DOWN
T-00067,2025-05-10,NETWORK_DOWN
T-00067,2025-05-12,CCDM_JAM
T-00067,2025-05-19,NETWORK_DOWN
T-00067,2025-05-26,CCDM_JAM
T-00067,2025-06-04,EPP_FAIL
T-00067,2025-06-16,CCDM_JAM
T-00067,2025-06-20,EPP_FAIL
T-00067,2025-06-24,PRINTER_ERROR
T-00067,2025-06-29,CCDM_JAM
T-00067,2025-06-30,CARD_JAM
T-00067,2025-07-23,CCDM_JAM
T-00067,2025-07-24,CCDM_JAM
T-00067,2025-07-26,NETWORK_DOWN
T-00067,2025-07-31,DISPENSER_FAIL
T-00067,2025-08-03,NETWORK_DOWN
T-00067,2025-08-11,CARD_JAM
T-00067,2025-08-17,CCDM_JAM
T-00067,2025-08-23,EPP_FAIL
T-00067,2025-08-28,DISPENSER_FAIL
T-00067,2025-09-07,EPP_FAIL
T-00067,2025-09-09,EPP_FAIL
T-00067,2025-09-13,DISPENSER_FAIL
T-00067,2025-09-16,CARD_JAM
T-00067,2025-09-17,EPP_FAIL
T-00067,2025-09-27,CCDM_JAM
T-00067,2025-09-28,NETWORK_DOWN
T-00067,2025-10-03,EPP_FAIL
T-00067,2025-10-07,CARD_JAM
T-00067,2025-10-23,CCDM_JAM
T-00067,2025-11-04,EPP_FAIL
T-00067,2025-11-08,CCDM_JAM
T-00067,2025-11-15,CCDM_JAM
T-00067,2025-12-15,DISPENSER_FAIL
T-00067,2025-12-24,CARD_JAM
T-00068,2025-01-15,EPP_FAIL
T-00068,2025-02-03,DISPENSER_FAIL
T-00068,2025-02-14,PRINTER_ERROR
T-00068,2025-03-11,DISPENSER_FAIL
T-00068,2025-03-12,CCDM_JAM
T-00068,2025-03-15,PRINTER_ERROR
T-00068,2025-03-25,CCDM_JAM
T-00068,2025-03-27,DISPENSER_FAIL
T-00068,2025-04-05,DISPENSER_FAIL
T-00068,2025-04-14,DISPENSER_FAIL
T-00068,2025-04-29,NETWORK_DOWN
T-00068,2025-05-02,EPP_FAIL
T-00068,2025-07-09,DISPENSER_FAIL
T-00068,2025-07-13,PRINTER_ERROR
T-00068,2025-07-18,DISPENSER_FAIL
T-00068,2025-07-27,EPP_FAIL
T-00068,2025-07-28,DISPENSER_FAIL
T-00068,2025-08-06,EPP_FAIL
T-00068,2025-08-09,CCDM_JAM
T-00068,2025-08-25,DISPENSER_FAIL
T-00068,2025-08-30,CARD_JAM
T-00068,2025-09-21,NETWORK_DOWN
T-00068,2025-10-16,NETWORK_DOWN
T-00068,2025-10-18,PRINTER_ERROR
T-00068,2025-10-22,DISPENSER_FAIL
T-00068,2025-10-29,NETWORK_DOWN
T-00068,2025-11-03,PRINTER_ERROR
T-00068,2025-11-05,CCDM_JAM
T-00068,2025-11-13,EPP_FAIL
T-00068,2025-11-18,DISPENSER_FAIL
T-00068,2025-12-16,EPP_FAIL
T-00068,2025-12-26,NETWORK_DOWN
T-00068,2025-12-30,PRINTER_ERROR
T-00069,2025-01-09,CCDM_JAM
T-00069,2025-02-13,CCDM_JAM
T-00069,2025-02-25,CCDM_JAM
T-00069,2025-03-02,PRINTER_ERROR
T-00069,2025-03-06,NETWORK_DOWN
T-00069,2025-04-22,CCDM_JAM
T-00069,2025-05-02,NETWORK_DOWN
T-00069,2025-05-12,CARD_JAM
T-00069,2025-05-28,EPP_FAIL
T-00069,2025-06-20,CCDM_JAM
T-00069,2025-07-07,CARD_JAM
T-00069,2025-09-04,NETWORK_DOWN
T-00069,2025-09-19,EPP_FAIL
T-00069,2025-10-13,EPP_FAIL
T-00069,2025-10-21,CCDM_JAM
T-00069,2025-11-26,PRINTER_ERROR
T-00069,2025-12-05,CARD_JAM
T-00069,2025-12-19,NETWORK_DOWN
T-00069,2025-12-30,DISPENSER_FAIL
T-00070,2025-01-03,CCDM_JAM
T-00070,2025-01-13,EPP_FAIL
T-00070,2025-01-17,CARD_JAM
T-00070,2025-02-05,PRINTER_ERROR
T-00070,2025-02-10,CCDM_JAM
T-00070,2025-03-19,NETWORK_DOWN
T-00070,2025-03-22,CARD_JAM
T-00070,2025-04-06,CCDM_JAM
T-00070,2025-05-03,EPP_FAIL
T-00070,2025-06-04,NETWORK_DOWN
T-00070,2025-06-09,CARD_JAM
T-00070,2025-06-10,DISPENSER_FAIL
T-00070,2025-06-12,NETWORK_DOWN
T-00070,2025-06-18,CARD_JAM
T-00070,2025-07-09,DISPENSER_FAIL
T-00070,2025-07-14,EPP_FAIL
T-00070,2025-07-15,CCDM_JAM
T-00070,2025-07-24,CCDM_JAM
T-00070,2025-09-17,NETWORK_DOWN
T-00070,2025-10-01,CCDM_JAM
T-00070,2025-10-07,PRINTER_ERROR
T-00070,2025-10-10,NETWORK_DOWN
T-00070,2025-11-16,CCDM_JAM
T-00070,2025-11-25,PRINTER_ERROR
T-00070,2025-12-14,EPP_FAIL
T-00070,2025-12-28,PRINTER_ERROR
T-00071,2025-01-17,NETWORK_DOWN
T-00071,2025-01-25,PRINTER_ERROR
T-00071,2025-02-05,EPP_FAIL
T-00071,2025-02-16,PRINTER_ERROR
T-00071,2025-02-23,CARD_JAM
T-00071,2025-02-24,CARD_JAM
T-00071,2025-02-27,PRINTER_ERROR
T-00071,2025-03-02,DISPENSER_FAIL
T-00071,2025-03-14,CARD_JAM
T-00071,2025-03-21,CCDM_JAM
T-00071,2025-03-23,NETWORK_DOWN
T-00071,2025-03-30,CARD_JAM
T-00071,2025-04-12,DISPENSER_FAIL
T-00071,2025-04-22,PRINTER_ERROR
T-00071,2025-05-07,CCDM_JAM
T-00071,2025-05-14,DISPENSER_FAIL
T-00071,2025-06-05,EPP_FAIL
T-00071,2025-06-14,EPP_FAIL
T-00071,2025-07-04,PRINTER_ERROR
T-00071,2025-07-09,EPP_FAIL
T-00071,2025-08-04,CCDM_JAM
T-00071,2025-08-09,NETWORK_DOWN
T-00071,2025-09-07,CARD_JAM
T-00071,2025-09-17,CARD_JAM
T-00071,2025-09-18,NETWORK_DOWN
T-00071,2025-09-21,DISPENSER_FAIL
T-00071,2025-09-22,EPP_FAIL
T-00071,2025-09-24,CCDM_JAM
T-00071,2025-10-07,NETWORK_DOWN
T-00071,2025-10-16,DISPENSER_FAIL
T-00071,2025-11-04,PRINTER_ERROR
T-00071,2025-12-02,DISPENSER_FAIL
T-00071,2025-12-07,PRINTER_ERROR
T-00071,2025-12-11,EPP_FAIL
T-00071,2025-12-12,DISPENSER_FAIL
T-00071,2025-12-18,DISPENSER_FAIL
T-00071,2025-12-27,EPP_FAIL
T-00071,2025-12-31,DISPENSER_FAIL
T-00072,2025-01-07,DISPENSER_FAIL
T-00072,2025-01-08,NETWORK_DOWN
T-00072,2025-01-26,NETWORK_DOWN
T-00072,2025-01-28,CCDM_JAM
T-00072,2025-02-05,EPP_FAIL
T-00072,2025-02-12,CARD_JAM
T-00072,2025-02-17,EPP_FAIL
T-00072,2025-02-23,PRINTER_ERROR
T-00072,2025-02-26,NETWORK_DOWN
T-00072,2025-03-14,EPP_FAIL
T-00072,2025-03-30,CARD_JAM
T-00072,2025-03-31,DISPENSER_FAIL
T-00072,2025-04-08,CCDM_JAM
T-00072,2025-04-12,EPP_FAIL
T-00072,2025-04-18,NETWORK_DOWN
T-00072,2025-04-21,DISPENSER_FAIL
T-00072,2025-05-07,DISPENSER_FAIL
T-00072,2025-05-11,DISPENSER_FAIL
T-00072,2025-05-20,CARD_JAM
T-00072,2025-05-22,PRINTER_ERROR
T-00072,2025-06-04,CCDM_JAM
T-00072,2025-06-11,DISPENSER_FAIL
T-00072,2025-06-12,CARD_JAM
T-00072,2025-06-30,NETWORK_DOWN
T-00072,2025-08-02,PRINTER_ERROR
T-00072,2025-08-13,EPP_FAIL
T-00072,2025-08-15,CCDM_JAM
T-00072,2025-08-22,PRINTER_ERROR
T-00072,2025-08-29,CARD_JAM
T-00072,2025-09-04,CARD_JAM
T-00072,2025-09-11,NETWORK_DOWN
T-00072,2025-10-01,PRINTER_ERROR
T-00072,2025-10-13,CCDM_JAM
T-00072,2025-10-15,CARD_JAM
T-00072,2025-10-26,DISPENSER_FAIL
T-00072,2025-11-04,NETWORK_DOWN
T-00072,2025-11-13,DISPENSER_FAIL
T-00072,2025-11-17,CARD_JAM
T-00072,2025-12-01,CARD_JAM
T-00072,2025-12-17,DISPENSER_FAIL
T-00073,2025-01-20,CCDM_JAM
T-00073,2025-02-01,PRINTER_ERROR
T-00073,2025-03-23,DISPENSER_FAIL
T-00073,2025-04-27,CARD_JAM
T-00073,2025-05-08,EPP_FAIL
T-00073,2025-05-16,NETWORK_DOWN
T-00073,2025-05-31,CCDM_JAM
T-00073,2025-06-07,CCDM_JAM
T-00073,2025-06-23,NETWORK_DOWN
T-00073,2025-07-23,CCDM_JAM
T-00073,2025-08-11,DISPENSER_FAIL
T-00073,2025-09-29,EPP_FAIL
T-00073,2025-10-10,DISPENSER_FAIL
T-00073,2025-10-28,CARD_JAM
T-00073,2025-11-09,DISPENSER_FAIL
T-00073,2025-12-09,NETWORK_DOWN
T-00073,2025-12-29,PRINTER_ERROR
T-00073,2025-12-30,CARD_JAM
T-00074,2025-01-10,NETWORK_DOWN
T-00074,2025-01-13,DISPENSER_FAIL
T-00074,2025-01-14,NETWORK_DOWN
T-00074,2025-01-19,PRINTER_ERROR
T-00074,2025-01-22,DISPENSER_FAIL
T-00074,2025-01-24,DISPENSER_FAIL
T-00074,2025-01-26,NETWORK_DOWN
T-00074,2025-01-27,PRINTER_ERROR
T-00074,2025-01-29,EPP_FAIL
T-00074,2025-02-02,PRINTER_ERROR
T-00074,2025-02-06,CCDM_JAM
T-00074,2025-02-08,CCDM_JAM
T-00074,2025-02-09,CCDM_JAM
T-00074,2025-02-10,EPP_FAIL
T-00074,2025-02-21,DISPENSER_FAIL
T-00074,2025-02-23,DISPENSER_FAIL
T-00074,2025-02-24,NETWORK_DOWN
T-00074,2025-02-28,DISPENSER_FAIL
T-00074,2025-03-04,CCDM_JAM
T-00074,2025-03-09,CARD_JAM
T-00074,2025-03-10,DISPENSER_FAIL
T-00074,2025-03-11,PRINTER_ERROR
T-00074,2025-03-22,CARD_JAM
T-00074,2025-03-27,EPP_FAIL
T-00074,2025-03-30,DISPENSER_FAIL
T-00074,2025-04-03,PRINTER_ERROR
T-00074,2025-04-06,PRINTER_ERROR
T-00074,2025-04-10,CARD_JAM
T-00074,2025-05-02,NETWORK_DOWN
T-00074,2025-05-05,CARD_JAM
T-00074,2025-05-06,PRINTER_ERROR
T-00074,2025-05-11,CCDM_JAM
T-00074,2025-05-14,EPP_FAIL
T-00074,2025-05-15,NETWORK_DOWN
T-00074,2025-05-22,EPP_FAIL
T-00074,2025-05-23,EPP_FAIL
T-00074,2025-05-27,CCDM_JAM
T-00074,2025-05-28,CCDM_JAM
T-00074,2025-06-02,NETWORK_DOWN
T-00074,2025-06-04,PRINTER_ERROR
T-00074,2025-06-06,CARD_JAM
T-00074,2025-06-07,PRINTER_ERROR
T-00074,2025-06-09,CARD_JAM
T-00074,2025-06-18,CCDM_JAM
T-00074,2025-06-20,EPP_FAIL
T-00074,2025-07-02,PRINTER_ERROR
T-00074,2025-07-03,NETWORK_DOWN
T-00074,2025-07-05,PRINTER_ERROR
T-00074,2025-07-06,NETWORK_DOWN
T-00074,2025-07-10,EPP_FAIL
T-00074,2025-07-13,CCDM_JAM
T-00074,2025-07-14,PRINTER_ERROR
T-00074,2025-07-18,CCDM_JAM
T-00074,2025-07-19,PRINTER_ERROR
T-00074,2025-07-22,NETWORK_DOWN
T-00074,2025-07-23,PRINTER_ERROR
T-00074,2025-07-31,CARD_JAM
T-00074,2025-08-03,PRINTER_ERROR
T-00074,2025-08-12,CARD_JAM
T-00074,2025-08-19,EPP_FAIL
T-00074,2025-08-28,DISPENSER_FAIL
T-00074,2025-08-29,CARD_JAM
T-00074,2025-08-30,NETWORK_DOWN
T-00074,2025-08-31,EPP_FAIL
T-00074,2025-09-01,EPP_FAIL
T-00074,2025-09-02,PRINTER_ERROR
T-00074,2025-09-03,EPP_FAIL
T-00074,2025-09-04,PRINTER_ERROR
T-00074,2025-09-05,CCDM_JAM
T-00074,2025-09-16,CCDM_JAM
T-00074,2025-09-18,DISPENSER_FAIL
T-00074,2025-09-21,CARD_JAM
T-00074,2025-10-03,CCDM_JAM
T-00074,2025-10-04,CARD_JAM
T-00074,2025-10-05,DISPENSER_FAIL
T-00074,2025-10-06,CCDM_JAM
T-00074,2025-10-09,DISPENSER_FAIL
T-00074,2025-10-15,CCDM_JAM
T-00074,2025-10-16,PRINTER_ERROR
T-00074,2025-10-22,EPP_FAIL
T-00074,2025-10-23,PRINTER_ERROR
T-00074,2025-10-31,CCDM_JAM
T-00074,2025-11-10,EPP_FAIL
T-00074,2025-11-14,CCDM_JAM
T-00074,2025-11-16,CCDM_JAM
T-00074,2025-11-20,DISPENSER_FAIL
T-00074,2025-11-23,NETWORK_DOWN
T-00074,2025-11-27,CCDM_JAM
T-00074,2025-11-30,CARD_JAM
T-00074,2025-12-02,NETWORK_DOWN
T-00074,2025-12-04,CARD_JAM
T-00074,2025-12-05,DISPENSER_FAIL
T-00074,2025-12-10,EPP_FAIL
T-00074,2025-12-22,PRINTER_ERROR
T-00074,2025-12-23,EPP_FAIL
T-00074,2025-12-26,PRINTER_ERROR
T-00074,2025-12-31,EPP_FAIL
T-00075,2025-01-05,CCDM_JAM
T-00075,2025-01-09,DISPENSER_FAIL
T-00075,2025-01-17,DISPENSER_FAIL
T-00075,2025-01-22,CARD_JAM
T-00075,2025-02-07,PRINTER_ERROR
T-00075,2025-02-13,PRINTER_ERROR
T-00075,2025-02-16,CCDM_JAM
T-00075,2025-02-18,EPP_FAIL
T-00075,2025-02-25,PRINTER_ERROR
T-00075,2025-03-04,CCDM_JAM
T-00075,2025-03-06,DISPENSER_FAIL
T-00075,2025-03-10,CCDM_JAM
T-00075,2025-03-11,CCDM_JAM
T-00075,2025-03-19,EPP_FAIL
T-00075,2025-03-20,DISPENSER_FAIL
T-00075,2025-03-22,CCDM_JAM
T-00075,2025-03-29,PRINTER_ERROR
T-00075,2025-04-01,CCDM_JAM
T-00075,2025-04-14,PRINTER_ERROR
T-00075,2025-04-15,EPP_FAIL
T-00075,2025-04-16,CCDM_JAM
T-00075,2025-04-25,CCDM_JAM
T-00075,2025-04-30,PRINTER_ERROR
T-00075,2025-05-01,CARD_JAM
T-00075,2025-05-14,EPP_FAIL
T-00075,2025-05-19,CARD_JAM
T-00075,2025-05-21,PRINTER_ERROR
T-00075,2025-05-23,DISPENSER_FAIL
T-00075,2025-05-26,CARD_JAM
T-00075,2025-06-08,PRINTER_ERROR
T-00075,2025-06-13,EPP_FAIL
T-00075,2025-06-21,DISPENSER_FAIL
T-00075,2025-06-29,PRINTER_ERROR
T-00075,2025-07-03,DISPENSER_FAIL
T-00075,2025-07-04,PRINTER_ERROR
T-00075,2025-07-11,CARD_JAM
T-00075,2025-07-12,PRINTER_ERROR
T-00075,2025-08-05,CCDM_JAM
T-00075,2025-08-17,NETWORK_DOWN
T-00075,2025-08-19,CARD_JAM
T-00075,2025-08-21,DISPENSER_FAIL
T-00075,2025-08-24,PRINTER_ERROR
T-00075,2025-08-26,NETWORK_DOWN
T-00075,2025-08-31,PRINTER_ERROR
T-00075,2025-09-02,EPP_FAIL
T-00075,2025-09-04,EPP_FAIL
T-00075,2025-09-08,CARD_JAM
T-00075,2025-09-09,CARD_JAM
T-00075,2025-09-11,PRINTER_ERROR
T-00075,2025-09-28,DISPENSER_FAIL
T-00075,2025-10-02,NETWORK_DOWN
T-00075,2025-10-04,EPP_FAIL
T-00075,2025-10-07,NETWORK_DOWN
T-00075,2025-10-13,NETWORK_DOWN
T-00075,2025-10-16,PRINTER_ERROR
T-00075,2025-10-28,CARD_JAM
T-00075,2025-10-31,PRINTER_ERROR
T-00075,2025-11-03,EPP_FAIL
T-00075,2025-11-12,NETWORK_DOWN
T-00075,2025-11-17,PRINTER_ERROR
T-00075,2025-11-18,CCDM_JAM
T-00075,2025-12-01,DISPENSER_FAIL
T-00075,2025-12-11,NETWORK_DOWN
T-00075,2025-12-14,CCDM_JAM
T-00075,2025-12-17,DISPENSER_FAIL
T-00075,2025-12-20,CARD_JAM
T-00075,2025-12-30,PRINTER_ERROR
T-00076,2025-01-12,CARD_JAM
T-00076,2025-01-16,CCDM_JAM
T-00076,2025-01-21,PRINTER_ERROR
T-00076,2025-02-09,DISPENSER_FAIL
T-00076,2025-02-27,EPP_FAIL
T-00076,2025-04-11,NETWORK_DOWN
T-00076,2025-05-28,PRINTER_ERROR
T-00076,2025-06-01,DISPENSER_FAIL
T-00076,2025-06-17,EPP_FAIL
T-00076,2025-06-29,PRINTER_ERROR
T-00076,2025-07-01,EPP_FAIL
T-00076,2025-07-12,CCDM_JAM
T-00076,2025-07-13,DISPENSER_FAIL
T-00076,2025-08-16,DISPENSER_FAIL
T-00076,2025-08-18,NETWORK_DOWN
T-00076,2025-09-11,PRINTER_ERROR
T-00076,2025-10-22,NETWORK_DOWN
T-00076,2025-10-24,CARD_JAM
T-00076,2025-11-17,PRINTER_ERROR
T-00076,2025-12-16,EPP_FAIL
T-00076,2025-12-18,DISPENSER_FAIL
T-00076,2025-12-30,EPP_FAIL
T-00077,2025-01-01,NETWORK_DOWN
T-00077,2025-01-03,EPP_FAIL
T-00077,2025-01-09,NETWORK_DOWN
T-00077,2025-01-11,PRINTER_ERROR
T-00077,2025-01-12,CCDM_JAM
T-00077,2025-01-15,EPP_FAIL
T-00077,2025-01-16,EPP_FAIL
T-00077,2025-01-20,PRINTER_ERROR
T-00077,2025-01-21,PRINTER_ERROR
T-00077,2025-01-22,CCDM_JAM
T-00077,2025-01-31,NETWORK_DOWN
T-00077,2025-02-03,EPP_FAIL
T-00077,2025-02-05,PRINTER_ERROR
T-00077,2025-02-06,PRINTER_ERROR
T-00077,2025-02-08,NETWORK_DOWN
T-00077,2025-02-13,NETWORK_DOWN
T-00077,2025-02-15,DISPENSER_FAIL
T-00077,2025-02-18,CCDM_JAM
T-00077,2025-02-20,EPP_FAIL
T-00077,2025-02-23,NETWORK_DOWN
T-00077,2025-02-26,EPP_FAIL
T-00077,2025-03-01,PRINTER_ERROR
T-00077,2025-03-02,PRINTER_ERROR
T-00077,2025-03-11,CCDM_JAM
T-00077,2025-03-13,CARD_JAM
T-00077,2025-03-18,NETWORK_DOWN
T-00077,2025-03-20,PRINTER_ERROR
T-00077,2025-03-21,DISPENSER_FAIL
T-00077,2025-03-24,DISPENSER_FAIL
T-00077,2025-03-25,DISPENSER_FAIL
T-00077,2025-03-29,PRINTER_ERROR
T-00077,2025-03-30,DISPENSER_FAIL
T-00077,2025-03-31,EPP_FAIL
T-00077,2025-04-02,CARD_JAM
T-00077,2025-04-27,EPP_FAIL
T-00077,2025-04-29,PRINTER_ERROR
T-00077,2025-05-02,NETWORK_DOWN
T-00077,2025-05-04,CARD_JAM
T-00077,2025-05-05,PRINTER_ERROR
T-00077,2025-05-09,PRINTER_ERROR
T-00077,2025-05-13,DISPENSER_FAIL
T-00077,2025-05-15,CARD_JAM
T-00077,2025-05-16,DISPENSER_FAIL
T-00077,2025-05-21,PRINTER_ERROR
T-00077,2025-05-24,EPP_FAIL
T-00077,2025-05-27,DISPENSER_FAIL
T-00077,2025-05-30,EPP_FAIL
T-00077,2025-06-05,CCDM_JAM
T-00077,2025-06-10,CCDM_JAM
T-00077,2025-06-14,PRINTER_ERROR
T-00077,2025-06-17,PRINTER_ERROR
T-00077,2025-06-28,PRINTER_ERROR
T-00077,2025-07-05,NETWORK_DOWN
T-00077,2025-07-07,DISPENSER_FAIL
T-00077,2025-07-09,CARD_JAM
T-00077,2025-07-11,EPP_FAIL
T-00077,2025-07-12,CCDM_JAM
T-00077,2025-07-17,DISPENSER_FAIL
T-00077,2025-07-20,CARD_JAM
T-00077,2025-08-04,CCDM_JAM
T-00077,2025-08-05,PRINTER_ERROR
T-00077,2025-08-09,PRINTER_ERROR
T-00077,2025-08-11,EPP_FAIL
T-00077,2025-08-13,NETWORK_DOWN
T-00077,2025-08-21,CCDM_JAM
T-00077,2025-08-29,NETWORK_DOWN
T-00077,2025-09-01,CARD_JAM
T-00077,2025-09-08,EPP_FAIL
T-00077,2025-09-11,DISPENSER_FAIL
T-00077,2025-09-12,PRINTER_ERROR
T-00077,2025-09-13,CARD_JAM
T-00077,2025-09-16,CARD_JAM
T-00077,2025-09-19,DISPENSER_FAIL
T-00077,2025-09-26,NETWORK_DOWN
T-00077,2025-09-29,DISPENSER_FAIL
T-00077,2025-10-03,NETWORK_DOWN
T-00077,2025-10-04,CARD_JAM
T-00077,2025-10-14,PRINTER_ERROR
T-00077,2025-10-18,NETWORK_DOWN
T-00077,2025-10-19,EPP_FAIL
T-00077,2025-10-23,NETWORK_DOWN
T-00077,2025-10-26,NETWORK_DOWN
T-00077,2025-11-01,NETWORK_DOWN
T-00077,2025-11-02,EPP_FAIL
T-00077,2025-11-05,DISPENSER_FAIL
T-00077,2025-11-08,CARD_JAM
T-00077,2025-11-10,CCDM_JAM
T-00077,2025-11-11,EPP_FAIL
T-00077,2025-11-12,DISPENSER_FAIL
T-00077,2025-11-14,CARD_JAM
T-00077,2025-11-16,NETWORK_DOWN
T-00077,2025-11-23,PRINTER_ERROR
T-00077,2025-12-09,PRINTER_ERROR
T-00077,2025-12-12,CARD_JAM
T-00077,2025-12-18,CARD_JAM
T-00077,2025-12-20,CCDM_JAM
T-00077,2025-12-22,CARD_JAM
T-00077,2025-12-26,CCDM_JAM
T-00077,2025-12-27,CCDM_JAM
T-00078,2025-02-11,EPP_FAIL
T-00078,2025-02-25,EPP_FAIL
T-00078,2025-03-06,CCDM_JAM
T-00078,2025-03-12,CCDM_JAM
T-00078,2025-03-13,EPP_FAIL
T-00078,2025-03-26,EPP_FAIL
T-00078,2025-04-24,PRINTER_ERROR
T-00078,2025-04-30,NETWORK_DOWN
T-00078,2025-05-01,CARD_JAM
T-00078,2025-05-18,PRINTER_ERROR
T-00078,2025-06-11,DISPENSER_FAIL
T-00078,2025-06-12,CCDM_JAM
T-00078,2025-06-18,PRINTER_ERROR
T-00078,2025-07-04,NETWORK_DOWN
T-00078,2025-07-14,DISPENSER_FAIL
T-00078,2025-08-05,NETWORK_DOWN
T-00078,2025-08-11,DISPENSER_FAIL
T-00078,2025-08-27,NETWORK_DOWN
T-00078,2025-09-11,CARD_JAM
T-00078,2025-09-15,PRINTER_ERROR
T-00078,2025-09-27,EPP_FAIL
T-00078,2025-10-08,NETWORK_DOWN
T-00078,2025-10-12,DISPENSER_FAIL
T-00078,2025-10-19,EPP_FAIL
T-00078,2025-10-24,DISPENSER_FAIL
T-00078,2025-10-30,PRINTER_ERROR
T-00078,2025-11-12,CARD_JAM
T-00078,2025-11-22,CCDM_JAM
T-00078,2025-12-05,PRINTER_ERROR
T-00079,2025-01-01,EPP_FAIL
T-00079,2025-01-05,CARD_JAM
T-00079,2025-01-09,CARD_JAM
T-00079,2025-01-10,CCDM_JAM
T-00079,2025-01-14,EPP_FAIL
T-00079,2025-01-16,CCDM_JAM
T-00079,2025-01-17,NETWORK_DOWN
T-00079,2025-01-19,PRINTER_ERROR
T-00079,2025-01-26,PRINTER_ERROR
T-00079,2025-01-27,DISPENSER_FAIL
T-00079,2025-01-28,EPP_FAIL
T-00079,2025-01-30,NETWORK_DOWN
T-00079,2025-02-01,NETWORK_DOWN
T-00079,2025-02-02,EPP_FAIL
T-00079,2025-02-07,PRINTER_ERROR
T-00079,2025-02-08,EPP_FAIL
T-00079,2025-02-10,EPP_FAIL
T-00079,2025-02-11,EPP_FAIL
T-00079,2025-02-12,DISPENSER_FAIL
T-00079,2025-02-16,EPP_FAIL
T-00079,2025-02-18,DISPENSER_FAIL
T-00079,2025-02-23,PRINTER_ERROR
T-00079,2025-03-01,PRINTER_ERROR
T-00079,2025-03-02,EPP_FAIL
T-00079,2025-03-04,DISPENSER_FAIL
T-00079,2025-03-09,PRINTER_ERROR
T-00079,2025-03-11,NETWORK_DOWN
T-00079,2025-03-12,CARD_JAM
T-00079,2025-03-13,NETWORK_DOWN
T-00079,2025-03-14,CCDM_JAM
T-00079,2025-03-16,NETWORK_DOWN
T-00079,2025-03-21,NETWORK_DOWN
T-00079,2025-03-22,EPP_FAIL
T-00079,2025-03-28,NETWORK_DOWN
T-00079,2025-04-02,NETWORK_DOWN
T-00079,2025-04-04,CCDM_JAM
T-00079,2025-04-05,DISPENSER_FAIL
T-00079,2025-04-06,PRINTER_ERROR
T-00079,2025-04-07,CARD_JAM
T-00079,2025-04-10,EPP_FAIL
T-00079,2025-04-13,CCDM_JAM
T-00079,2025-04-14,NETWORK_DOWN
T-00079,2025-04-22,EPP_FAIL
T-00079,2025-05-02,CCDM_JAM
T-00079,2025-05-06,PRINTER_ERROR
T-00079,2025-05-11,DISPENSER_FAIL
T-00079,2025-05-12,EPP_FAIL
T-00079,2025-05-16,EPP_FAIL
T-00079,2025-05-17,EPP_FAIL
T-00079,2025-05-21,CARD_JAM
T-00079,2025-05-24,EPP_FAIL
T-00079,2025-05-26,CCDM_JAM
T-00079,2025-05-28,PRINTER_ERROR
T-00079,2025-05-29,CARD_JAM
T-00079,2025-05-31,NETWORK_DOWN
T-00079,2025-06-03,DISPENSER_FAIL
T-00079,2025-06-04,DISPENSER_FAIL
T-00079,2025-06-05,CCDM_JAM
T-00079,2025-06-07,NETWORK_DOWN
T-00079,2025-06-10,NETWORK_DOWN
T-00079,2025-06-15,DISPENSER_FAIL
T-00079,2025-06-17,EPP_FAIL
T-00079,2025-06-18,EPP_FAIL
T-00079,2025-06-19,DISPENSER_FAIL
T-00079,2025-06-20,PRINTER_ERROR
T-00079,2025-06-23,NETWORK_DOWN
T-00079,2025-06-25,CCDM_JAM
T-00079,2025-06-29,EPP_FAIL
T-00079,2025-07-04,PRINTER_ERROR
T-00079,2025-07-12,DISPENSER_FAIL
T-00079,2025-07-19,PRINTER_ERROR
T-00079,2025-07-21,NETWORK_DOWN
T-00079,2025-07-24,PRINTER_ERROR
T-00079,2025-07-25,NETWORK_DOWN
T-00079,2025-07-27,CCDM_JAM
T-00079,2025-07-28,PRINTER_ERROR
T-00079,2025-07-29,CCDM_JAM
T-00079,2025-07-30,NETWORK_DOWN
T-00079,2025-08-04,CCDM_JAM
T-00079,2025-08-05,EPP_FAIL
T-00079,2025-08-07,CCDM_JAM
T-00079,2025-08-10,CARD_JAM
T-00079,2025-08-12,CCDM_JAM
T-00079,2025-08-22,CCDM_JAM
T-00079,2025-08-24,EPP_FAIL
T-00079,2025-08-27,CARD_JAM
T-00079,2025-09-03,DISPENSER_FAIL
T-00079,2025-09-07,EPP_FAIL
T-00079,2025-09-10,CCDM_JAM
T-00079,2025-09-11,CCDM_JAM
T-00079,2025-09-14,PRINTER_ERROR
T-00079,2025-09-19,EPP_FAIL
T-00079,2025-09-24,DISPENSER_FAIL
T-00079,2025-09-30,EPP_FAIL
T-00079,2025-10-02,EPP_FAIL
T-00079,2025-10-07,NETWORK_DOWN
T-00079,2025-10-12,EPP_FAIL
T-00079,2025-10-25,NETWORK_DOWN
T-00079,2025-10-30,CARD_JAM
T-00079,2025-11-01,PRINTER_ERROR
T-00079,2025-11-03,EPP_FAIL
T-00079,2025-11-08,DISPENSER_FAIL
T-00079,2025-11-14,CARD_JAM
T-00079,2025-11-16,PRINTER_ERROR
T-00079,2025-11-17,PRINTER_ERROR
T-00079,2025-11-18,CCDM_JAM
T-00079,2025-11-23,EPP_FAIL
T-00079,2025-11-29,NETWORK_DOWN
T-00079,2025-12-01,NETWORK_DOWN
T-00079,2025-12-04,NETWORK_DOWN
T-00079,2025-12-17,DISPENSER_FAIL
T-00079,2025-12-22,NETWORK_DOWN
T-00079,2025-12-25,CCDM_JAM
T-00080,2025-01-06,CARD_JAM
T-00080,2025-01-16,PRINTER_ERROR
T-00080,2025-02-01,PRINTER_ERROR
T-00080,2025-02-04,EPP_FAIL
T-00080,2025-02-09,CARD_JAM
T-00080,2025-02-12,DISPENSER_FAIL
T-00080,2025-02-15,CARD_JAM
T-00080,2025-02-27,CCDM_JAM
T-00080,2025-03-03,EPP_FAIL
T-00080,2025-03-11,DISPENSER_FAIL
T-00080,2025-03-12,DISPENSER_FAIL
T-00080,2025-03-13,DISPENSER_FAIL
T-00080,2025-03-15,NETWORK_DOWN
T-00080,2025-03-16,CCDM_JAM
T-00080,2025-03-30,EPP_FAIL
T-00080,2025-04-07,NETWORK_DOWN
T-00080,2025-04-11,CCDM_JAM
T-00080,2025-04-14,EPP_FAIL
T-00080,2025-04-15,CARD_JAM
T-00080,2025-04-21,EPP_FAIL
T-00080,2025-04-25,DISPENSER_FAIL
T-00080,2025-04-29,CCDM_JAM
T-00080,2025-05-01,NETWORK_DOWN
T-00080,2025-05-02,CCDM_JAM
T-00080,2025-05-04,CCDM_JAM
T-00080,2025-05-06,PRINTER_ERROR
T-00080,2025-05-08,DISPENSER_FAIL
T-00080,2025-05-13,CCDM_JAM
T-00080,2025-05-18,DISPENSER_FAIL
T-00080,2025-05-19,CCDM_JAM
T-00080,2025-05-26,CCDM_JAM
T-00080,2025-05-28,CCDM_JAM
T-00080,2025-06-01,DISPENSER_FAIL
T-00080,2025-06-03,EPP_FAIL
T-00080,2025-06-08,DISPENSER_FAIL
T-00080,2025-06-11,DISPENSER_FAIL
T-00080,2025-06-12,EPP_FAIL
T-00080,2025-06-21,NETWORK_DOWN
T-00080,2025-07-04,NETWORK_DOWN
T-00080,2025-07-07,EPP_FAIL
T-00080,2025-07-09,NETWORK_DOWN
T-00080,2025-07-13,PRINTER_ERROR
T-00080,2025-07-17,PRINTER_ERROR
T-00080,2025-07-27,NETWORK_DOWN
T-00080,2025-07-29,NETWORK_DOWN
T-00080,2025-08-02,DISPENSER_FAIL
T-00080,2025-08-04,CARD_JAM
T-00080,2025-08-09,NETWORK_DOWN
T-00080,2025-08-13,PRINTER_ERROR
T-00080,2025-08-22,CARD_JAM
T-00080,2025-08-27,CCDM_JAM
T-00080,2025-08-30,PRINTER_ERROR
T-00080,2025-08-31,NETWORK_DOWN
T-00080,2025-09-02,DISPENSER_FAIL
T-00080,2025-09-23,DISPENSER_FAIL
T-00080,2025-09-25,CCDM_JAM
T-00080,2025-09-27,CCDM_JAM
T-00080,2025-09-29,DISPENSER_FAIL
T-00080,2025-09-30,PRINTER_ERROR
T-00080,2025-10-01,NETWORK_DOWN
T-00080,2025-10-04,CCDM_JAM
T-00080,2025-10-07,CARD_JAM
T-00080,2025-10-14,DISPENSER_FAIL
T-00080,2025-10-18,CARD_JAM
T-00080,2025-10-22,PRINTER_ERROR
T-00080,2025-10-29,CCDM_JAM
T-00080,2025-11-02,EPP_FAIL
T-00080,2025-11-03,CARD_JAM
T-00080,2025-11-10,CARD_JAM
T-00080,2025-11-19,EPP_FAIL
T-00080,2025-11-21,EPP_FAIL
T-00080,2025-11-23,CARD_JAM
T-00080,2025-12-01,CARD_JAM
T-00080,2025-12-02,NETWORK_DOWN
T-00080,2025-12-03,DISPENSER_FAIL
T-00080,2025-12-04,CCDM_JAM
T-00080,2025-12-08,CCDM_JAM
T-00080,2025-12-13,CCDM_JAM
T-00080,2025-12-14,PRINTER_ERROR
T-00080,2025-12-18,PRINTER_ERROR
T-00080,2025-12-23,CARD_JAM
T-00080,2025-12-26,DISPENSER_FAIL
T-00081,2025-01-08,CCDM_JAM
T-00081,2025-01-13,CCDM_JAM
T-00081,2025-01-16,DISPENSER_FAIL
T-00081,2025-02-09,PRINTER_ERROR
T-00081,2025-03-16,CARD_JAM
T-00081,2025-04-09,CARD_JAM
T-00081,2025-04-10,NETWORK_DOWN
T-00081,2025-04-29,CCDM_JAM
T-00081,2025-05-01,PRINTER_ERROR
T-00081,2025-05-02,EPP_FAIL
T-00081,2025-05-08,CARD_JAM
T-00081,2025-05-09,NETWORK_DOWN
T-00081,2025-05-15,NETWORK_DOWN
T-00081,2025-05-25,EPP_FAIL
T-00081,2025-07-10,EPP_FAIL
T-00081,2025-07-22,DISPENSER_FAIL
T-00081,2025-07-26,NETWORK_DOWN
T-00081,2025-08-06,DISPENSER_FAIL
T-00081,2025-09-06,EPP_FAIL
T-00081,2025-09-10,EPP_FAIL
T-00081,2025-09-28,NETWORK_DOWN
T-00081,2025-09-30,CARD_JAM
T-00081,2025-10-16,PRINTER_ERROR
T-00081,2025-10-18,EPP_FAIL
T-00081,2025-10-25,EPP_FAIL
T-00081,2025-10-28,CCDM_JAM
T-00081,2025-11-02,EPP_FAIL
T-00081,2025-11-13,EPP_FAIL
T-00081,2025-12-04,PRINTER_ERROR
T-00081,2025-12-05,DISPENSER_FAIL
T-00081,2025-12-09,NETWORK_DOWN
T-00081,2025-12-21,PRINTER_ERROR
T-00081,2025-12-22,NETWORK_DOWN
T-00082,2025-01-04,EPP_FAIL
T-00082,2025-01-12,CARD_JAM
T-00082,2025-01-15,PRINTER_ERROR
T-00082,2025-01-26,NETWORK_DOWN
T-00082,2025-02-09,CARD_JAM
T-00082,2025-02-13,CARD_JAM
T-00082,2025-02-15,CARD_JAM
T-00082,2025-02-22,EPP_FAIL
T-00082,2025-03-09,CCDM_JAM
T-00082,2025-03-13,NETWORK_DOWN
T-00082,2025-03-17,CARD_JAM
T-00082,2025-03-20,CCDM_JAM
T-00082,2025-03-31,CARD_JAM
T-00082,2025-04-04,EPP_FAIL
T-00082,2025-04-05,NETWORK_DOWN
T-00082,2025-04-11,EPP_FAIL
T-00082,2025-04-12,PRINTER_ERROR
T-00082,2025-04-13,CARD_JAM
T-00082,2025-04-15,NETWORK_DOWN
T-00082,2025-04-28,EPP_FAIL
T-00082,2025-05-02,NETWORK_DOWN
T-00082,2025-05-16,PRINTER_ERROR
T-00082,2025-05-18,PRINTER_ERROR
T-00082,2025-05-25,DISPENSER_FAIL
T-00082,2025-05-29,NETWORK_DOWN
T-00082,2025-06-22,EPP_FAIL
T-00082,2025-06-26,CCDM_JAM
T-00082,2025-06-30,EPP_FAIL
T-00082,2025-07-03,DISPENSER_FAIL
T-00082,2025-07-04,EPP_FAIL
T-00082,2025-07-11,PRINTER_ERROR
T-00082,2025-07-13,CARD_JAM
T-00082,2025-07-15,EPP_FAIL
T-00082,2025-07-17,DISPENSER_FAIL
T-00082,2025-07-24,DISPENSER_FAIL
T-00082,2025-08-03,CCDM_JAM
T-00082,2025-08-20,PRINTER_ERROR
T-00082,2025-08-21,NETWORK_DOWN
T-00082,2025-08-25,CARD_JAM
T-00082,2025-08-29,PRINTER_ERROR
T-00082,2025-08-30,NETWORK_DOWN
T-00082,2025-09-09,CARD_JAM
T-00082,2025-09-10,DISPENSER_FAIL
T-00082,2025-09-22,CARD_JAM
T-00082,2025-09-23,CARD_JAM
T-00082,2025-09-29,EPP_FAIL
T-00082,2025-09-30,CCDM_JAM
T-00082,2025-10-02,NETWORK_DOWN
T-00082,2025-10-07,CCDM_JAM
T-00082,2025-10-20,CCDM_JAM
T-00082,2025-10-28,CARD_JAM
T-00082,2025-10-31,NETWORK_DOWN
T-00082,2025-11-21,DISPENSER_FAIL
T-00082,2025-11-23,CCDM_JAM
T-00082,2025-12-16,CARD_JAM
T-00082,2025-12-20,CCDM_JAM
T-00082,2025-12-21,CARD_JAM
T-00082,2025-12-24,NETWORK_DOWN
T-00082,2025-12-28,CCDM_JAM
T-00082,2025-12-29,DISPENSER_FAIL
T-00082,2025-12-31,EPP_FAIL
T-00083,2025-01-12,CARD_JAM
T-00083,2025-01-19,EPP_FAIL
T-00083,2025-02-10,PRINTER_ERROR
T-00083,2025-03-01,CARD_JAM
T-00083,2025-05-01,CARD_JAM
T-00083,2025-05-19,DISPENSER_FAIL
T-00083,2025-05-24,DISPENSER_FAIL
T-00083,2025-06-19,DISPENSER_FAIL
T-00083,2025-06-30,CCDM_JAM
T-00083,2025-07-19,PRINTER_ERROR
T-00083,2025-08-23,DISPENSER_FAIL
T-00083,2025-09-04,EPP_FAIL
T-00083,2025-10-10,DISPENSER_FAIL
T-00083,2025-10-17,CARD_JAM
T-00083,2025-11-11,NETWORK_DOWN
T-00084,2025-01-09,PRINTER_ERROR
T-00084,2025-01-23,DISPENSER_FAIL
T-00084,2025-01-24,CCDM_JAM
T-00084,2025-01-27,DISPENSER_FAIL
T-00084,2025-01-28,CCDM_JAM
T-00084,2025-01-31,NETWORK_DOWN
T-00084,2025-02-02,CARD_JAM
T-00084,2025-02-07,CARD_JAM
T-00084,2025-02-13,DISPENSER_FAIL
T-00084,2025-02-15,CCDM_JAM
T-00084,2025-02-16,EPP_FAIL
T-00084,2025-02-17,PRINTER_ERROR
T-00084,2025-02-18,CCDM_JAM
T-00084,2025-02-20,CCDM_JAM
T-00084,2025-02-22,EPP_FAIL
T-00084,2025-02-23,CARD_JAM
T-00084,2025-02-27,CCDM_JAM
T-00084,2025-03-01,EPP_FAIL
T-00084,2025-03-03,CCDM_JAM
T-00084,2025-03-07,CCDM_JAM
T-00084,2025-03-08,PRINTER_ERROR
T-00084,2025-03-12,CARD_JAM
T-00084,2025-03-17,DISPENSER_FAIL
T-00084,2025-03-18,CCDM_JAM
T-00084,2025-03-22,CARD_JAM
T-00084,2025-03-26,EPP_FAIL
T-00084,2025-03-30,EPP_FAIL
T-00084,2025-04-03,CCDM_JAM
T-00084,2025-04-08,DISPENSER_FAIL
T-00084,2025-04-09,DISPENSER_FAIL
T-00084,2025-04-12,EPP_FAIL
T-00084,2025-04-14,CCDM_JAM
T-00084,2025-04-16,NETWORK_DOWN
T-00084,2025-04-17,DISPENSER_FAIL
T-00084,2025-04-19,NETWORK_DOWN
T-00084,2025-04-21,DISPENSER_FAIL
T-00084,2025-04-24,EPP_FAIL
T-00084,2025-04-25,CARD_JAM
T-00084,2025-04-27,PRINTER_ERROR
T-00084,2025-04-30,PRINTER_ERROR
T-00084,2025-05-03,DISPENSER_FAIL
T-00084,2025-05-05,CARD_JAM
T-00084,2025-05-09,EPP_FAIL
T-00084,2025-05-10,CCDM_JAM
T-00084,2025-05-11,CARD_JAM
T-00084,2025-05-14,DISPENSER_FAIL
T-00084,2025-05-15,CARD_JAM
T-00084,2025-05-17,DISPENSER_FAIL
T-00084,2025-05-21,CARD_JAM
T-00084,2025-05-28,PRINTER_ERROR
T-00084,2025-05-29,EPP_FAIL
T-00084,2025-06-03,CCDM_JAM
T-00084,2025-06-04,CCDM_JAM
T-00084,2025-06-06,CARD_JAM
T-00084,2025-06-11,DISPENSER_FAIL
T-00084,2025-06-12,EPP_FAIL
T-00084,2025-06-13,NETWORK_DOWN
T-00084,2025-06-14,CCDM_JAM
T-00084,2025-06-15,PRINTER_ERROR
T-00084,2025-06-16,PRINTER_ERROR
T-00084,2025-06-18,PRINTER_ERROR
T-00084,2025-06-20,PRINTER_ERROR
T-00084,2025-06-23,CARD_JAM
T-00084,2025-06-27,CCDM_JAM
T-00084,2025-07-09,CARD_JAM
T-00084,2025-07-16,EPP_FAIL
T-00084,2025-07-18,DISPENSER_FAIL
T-00084,2025-07-20,CCDM_JAM
T-00084,2025-07-22,EPP_FAIL
T-00084,2025-07-23,EPP_FAIL
T-00084,2025-07-24,CARD_JAM
T-00084,2025-07-28,NETWORK_DOWN
T-00084,2025-07-31,CCDM_JAM
T-00084,2025-08-02,DISPENSER_FAIL
T-00084,2025-08-05,CARD_JAM
T-00084,2025-08-10,PRINTER_ERROR
T-00084,2025-08-18,PRINTER_ERROR
T-00084,2025-08-22,DISPENSER_FAIL
T-00084,2025-08-23,DISPENSER_FAIL
T-00084,2025-08-24,EPP_FAIL
T-00084,2025-08-27,CCDM_JAM
T-00084,2025-08-29,PRINTER_ERROR
T-00084,2025-09-08,CARD_JAM
T-00084,2025-09-10,CCDM_JAM
T-00084,2025-09-15,CARD_JAM
T-00084,2025-09-19,EPP_FAIL
T-00084,2025-09-22,PRINTER_ERROR
T-00084,2025-09-26,CARD_JAM
T-00084,2025-09-29,EPP_FAIL
T-00084,2025-09-30,PRINTER_ERROR
T-00084,2025-10-03,PRINTER_ERROR
T-00084,2025-10-09,CARD_JAM
T-00084,2025-10-13,DISPENSER_FAIL
T-00084,2025-10-18,PRINTER_ERROR
T-00084,2025-10-19,NETWORK_DOWN
T-00084,2025-10-20,NETWORK_DOWN
T-00084,2025-10-28,DISPENSER_FAIL
T-00084,2025-10-31,DISPENSER_FAIL
T-00084,2025-11-11,EPP_FAIL
T-00084,2025-11-14,EPP_FAIL
T-00084,2025-11-19,CCDM_JAM
T-00084,2025-11-21,PRINTER_ERROR
T-00084,2025-11-23,DISPENSER_FAIL
T-00084,2025-11-25,CARD_JAM
T-00084,2025-11-27,DISPENSER_FAIL
T-00084,2025-11-29,CARD_JAM
T-00084,2025-11-30,EPP_FAIL
T-00084,2025-12-05,CARD_JAM
T-00084,2025-12-06,PRINTER_ERROR
T-00084,2025-12-07,PRINTER_ERROR
T-00084,2025-12-09,DISPENSER_FAIL
T-00084,2025-12-11,PRINTER_ERROR
T-00084,2025-12-13,CCDM_JAM
T-00084,2025-12-15,NETWORK_DOWN
T-00084,2025-12-16,NETWORK_DOWN
T-00084,2025-12-19,CCDM_JAM
T-00084,2025-12-22,DISPENSER_FAIL
T-00084,2025-12-27,NETWORK_DOWN
T-00084,2025-12-28,CARD_JAM
T-00084,2025-12-29,CARD_JAM
T-00084,2025-12-31,PRINTER_ERROR
T-00085,2025-01-04,CARD_JAM
T-00085,2025-01-13,EPP_FAIL
T-00085,2025-01-15,PRINTER_ERROR
T-00085,2025-01-17,DISPENSER_FAIL
T-00085,2025-01-18,NETWORK_DOWN
T-00085,2025-01-19,PRINTER_ERROR
T-00085,2025-01-24,CARD_JAM
T-00085,2025-01-27,DISPENSER_FAIL
T-00085,2025-01-28,CCDM_JAM
T-00085,2025-01-29,NETWORK_DOWN
T-00085,2025-01-30,PRINTER_ERROR
T-00085,2025-02-01,EPP_FAIL
T-00085,2025-02-13,CARD_JAM
T-00085,2025-02-16,CCDM_JAM
T-00085,2025-02-20,CARD_JAM
T-00085,2025-02-24,CCDM_JAM
T-00085,2025-03-02,CCDM_JAM
T-00085,2025-03-04,CCDM_JAM
T-00085,2025-03-06,CCDM_JAM
T-00085,2025-03-09,EPP_FAIL
T-00085,2025-03-10,CCDM_JAM
T-00085,2025-03-11,PRINTER_ERROR
T-00085,2025-03-13,CARD_JAM
T-00085,2025-03-14,NETWORK_DOWN
T-00085,2025-03-19,EPP_FAIL
T-00085,2025-03-20,EPP_FAIL
T-00085,2025-03-21,CARD_JAM
T-00085,2025-03-23,DISPENSER_FAIL
T-00085,2025-03-25,PRINTER_ERROR
T-00085,2025-03-26,CARD_JAM
T-00085,2025-04-03,CCDM_JAM
T-00085,2025-04-05,PRINTER_ERROR
T-00085,2025-04-07,CARD_JAM
T-00085,2025-04-08,CARD_JAM
T-00085,2025-04-09,CARD_JAM
T-00085,2025-04-10,DISPENSER_FAIL
T-00085,2025-04-13,PRINTER_ERROR
T-00085,2025-04-15,DISPENSER_FAIL
T-00085,2025-04-20,PRINTER_ERROR
T-00085,2025-04-23,CARD_JAM
T-00085,2025-04-26,EPP_FAIL
T-00085,2025-04-27,PRINTER_ERROR
T-00085,2025-05-08,PRINTER_ERROR
T-00085,2025-05-16,CCDM_JAM
T-00085,2025-05-28,NETWORK_DOWN
T-00085,2025-06-05,EPP_FAIL
T-00085,2025-06-06,CCDM_JAM
T-00085,2025-06-08,EPP_FAIL
T-00085,2025-06-12,CCDM_JAM
T-00085,2025-06-15,PRINTER_ERROR
T-00085,2025-06-17,NETWORK_DOWN
T-00085,2025-06-30,CARD_JAM
T-00085,2025-07-07,PRINTER_ERROR
T-00085,2025-07-14,PRINTER_ERROR
T-00085,2025-07-21,DISPENSER_FAIL
T-00085,2025-07-24,EPP_FAIL
T-00085,2025-07-28,PRINTER_ERROR
T-00085,2025-08-02,NETWORK_DOWN
T-00085,2025-08-04,NETWORK_DOWN
T-00085,2025-08-07,CCDM_JAM
T-00085,2025-08-11,CCDM_JAM
T-00085,2025-08-12,PRINTER_ERROR
T-00085,2025-08-17,CARD_JAM
T-00085,2025-08-21,DISPENSER_FAIL
T-00085,2025-08-23,EPP_FAIL
T-00085,2025-09-03,CCDM_JAM
T-00085,2025-09-05,CARD_JAM
T-00085,2025-09-07,CARD_JAM
T-00085,2025-09-08,NETWORK_DOWN
T-00085,2025-09-11,EPP_FAIL
T-00085,2025-09-17,EPP_FAIL
T-00085,2025-09-19,CCDM_JAM
T-00085,2025-09-25,EPP_FAIL
T-00085,2025-09-26,DISPENSER_FAIL
T-00085,2025-09-28,NETWORK_DOWN
T-00085,2025-09-30,CCDM_JAM
T-00085,2025-10-10,CARD_JAM
T-00085,2025-10-15,NETWORK_DOWN
T-00085,2025-10-16,CARD_JAM
T-00085,2025-10-23,CARD_JAM
T-00085,2025-10-28,NETWORK_DOWN
T-00085,2025-10-30,NETWORK_DOWN
T-00085,2025-10-31,PRINTER_ERROR
T-00085,2025-11-03,DISPENSER_FAIL
T-00085,2025-11-05,CCDM_JAM
T-00085,2025-11-06,NETWORK_DOWN
T-00085,2025-11-07,PRINTER_ERROR
T-00085,2025-11-09,CCDM_JAM
T-00085,2025-11-12,DISPENSER_FAIL
T-00085,2025-11-13,DISPENSER_FAIL
T-00085,2025-11-15,PRINTER_ERROR
T-00085,2025-11-22,CCDM_JAM
T-00085,2025-11-23,PRINTER_ERROR
T-00085,2025-11-24,EPP_FAIL
T-00085,2025-11-28,CCDM_JAM
T-00085,2025-12-02,NETWORK_DOWN
T-00085,2025-12-04,CARD_JAM
T-00085,2025-12-07,PRINTER_ERROR
T-00085,2025-12-13,NETWORK_DOWN
T-00085,2025-12-14,CARD_JAM
T-00085,2025-12-20,DISPENSER_FAIL
T-00085,2025-12-24,CARD_JAM
T-00085,2025-12-26,NETWORK_DOWN
T-00085,2025-12-27,PRINTER_ERROR
T-00085,2025-12-31,DISPENSER_FAIL
T-00086,2025-01-05,DISPENSER_FAIL
T-00086,2025-01-14,NETWORK_DOWN
T-00086,2025-01-15,PRINTER_ERROR
T-00086,2025-01-16,PRINTER_ERROR
T-00086,2025-01-17,EPP_FAIL
T-00086,2025-01-25,CCDM_JAM
T-00086,2025-01-31,DISPENSER_FAIL
T-00086,2025-02-03,NETWORK_DOWN
T-00086,2025-02-13,DISPENSER_FAIL
T-00086,2025-02-15,CARD_JAM
T-00086,2025-02-17,DISPENSER_FAIL
T-00086,2025-02-21,EPP_FAIL
T-00086,2025-02-22,CCDM_JAM
T-00086,2025-02-27,DISPENSER_FAIL
T-00086,2025-03-07,NETWORK_DOWN
T-00086,2025-03-11,NETWORK_DOWN
T-00086,2025-03-16,PRINTER_ERROR
T-00086,2025-03-24,PRINTER_ERROR
T-00086,2025-04-07,NETWORK_DOWN
T-00086,2025-04-11,CCDM_JAM
T-00086,2025-04-15,EPP_FAIL
T-00086,2025-04-18,EPP_FAIL
T-00086,2025-04-21,EPP_FAIL
T-00086,2025-04-22,EPP_FAIL
T-00086,2025-05-09,CARD_JAM
T-00086,2025-05-11,EPP_FAIL
T-00086,2025-05-13,DISPENSER_FAIL
T-00086,2025-05-17,PRINTER_ERROR
T-00086,2025-05-21,CCDM_JAM
T-00086,2025-05-23,PRINTER_ERROR
T-00086,2025-05-27,CARD_JAM
T-00086,2025-05-29,NETWORK_DOWN
T-00086,2025-05-30,NETWORK_DOWN
T-00086,2025-06-08,EPP_FAIL
T-00086,2025-06-09,CCDM_JAM
T-00086,2025-06-18,NETWORK_DOWN
T-00086,2025-06-21,PRINTER_ERROR
T-00086,2025-06-28,EPP_FAIL
T-00086,2025-07-11,NETWORK_DOWN
T-00086,2025-07-13,EPP_FAIL
T-00086,2025-07-26,DISPENSER_FAIL
T-00086,2025-07-30,EPP_FAIL
T-00086,2025-08-01,CARD_JAM
T-00086,2025-08-03,EPP_FAIL
T-00086,2025-08-13,PRINTER_ERROR
T-00086,2025-08-16,EPP_FAIL
T-00086,2025-08-19,EPP_FAIL
T-00086,2025-08-23,EPP_FAIL
T-00086,2025-08-27,DISPENSER_FAIL
T-00086,2025-08-28,EPP_FAIL
T-00086,2025-08-29,PRINTER_ERROR
T-00086,2025-08-31,DISPENSER_FAIL
T-00086,2025-09-10,CARD_JAM
T-00086,2025-09-14,DISPENSER_FAIL
T-00086,2025-09-17,NETWORK_DOWN
T-00086,2025-09-20,PRINTER_ERROR
T-00086,2025-09-21,DISPENSER_FAIL
T-00086,2025-09-28,CCDM_JAM
T-00086,2025-10-03,CARD_JAM
T-00086,2025-10-27,DISPENSER_FAIL
T-00086,2025-11-15,PRINTER_ERROR
T-00086,2025-11-20,EPP_FAIL
T-00086,2025-11-29,CCDM_JAM
T-00086,2025-12-02,CARD_JAM
T-00086,2025-12-03,CARD_JAM
T-00086,2025-12-04,PRINTER_ERROR
T-00086,2025-12-09,CARD_JAM
T-00086,2025-12-10,DISPENSER_FAIL
T-00086,2025-12-11,EPP_FAIL
T-00086,2025-12-17,NETWORK_DOWN
T-00086,2025-12-24,CARD_JAM
T-00086,2025-12-31,DISPENSER_FAIL
T-00087,2025-01-09,PRINTER_ERROR
T-00087,2025-02-22,CCDM_JAM
T-00087,2025-03-13,NETWORK_DOWN
T-00087,2025-03-23,PRINTER_ERROR
T-00087,2025-04-25,DISPENSER_FAIL
T-00087,2025-05-29,CCDM_JAM
T-00087,2025-06-27,NETWORK_DOWN
T-00087,2025-07-03,CARD_JAM
T-00087,2025-08-08,CCDM_JAM
T-00087,2025-08-24,PRINTER_ERROR
T-00087,2025-08-29,NETWORK_DOWN
T-00087,2025-10-05,DISPENSER_FAIL
T-00087,2025-10-29,DISPENSER_FAIL
T-00087,2025-11-21,CARD_JAM
T-00087,2025-12-08,EPP_FAIL
T-00087,2025-12-18,CARD_JAM
T-00088,2025-01-05,CARD_JAM
T-00088,2025-01-11,NETWORK_DOWN
T-00088,2025-01-12,PRINTER_ERROR
T-00088,2025-01-14,NETWORK_DOWN
T-00088,2025-01-21,EPP_FAIL
T-00088,2025-01-22,NETWORK_DOWN
T-00088,2025-01-23,CCDM_JAM
T-00088,2025-01-24,EPP_FAIL
T-00088,2025-01-27,CCDM_JAM
T-00088,2025-01-28,EPP_FAIL
T-00088,2025-02-05,CCDM_JAM
T-00088,2025-02-09,DISPENSER_FAIL
T-00088,2025-02-13,CCDM_JAM
T-00088,2025-02-14,DISPENSER_FAIL
T-00088,2025-02-15,CARD_JAM
T-00088,2025-02-16,CARD_JAM
T-00088,2025-02-23,CCDM_JAM
T-00088,2025-03-01,NETWORK_DOWN
T-00088,2025-03-04,CCDM_JAM
T-00088,2025-03-07,CARD_JAM
T-00088,2025-03-13,CARD_JAM
T-00088,2025-03-15,NETWORK_DOWN
T-00088,2025-03-16,CCDM_JAM
T-00088,2025-03-22,DISPENSER_FAIL
T-00088,2025-03-26,CCDM_JAM
T-00088,2025-03-30,CARD_JAM
T-00088,2025-04-01,EPP_FAIL
T-00088,2025-04-04,EPP_FAIL
T-00088,2025-04-06,EPP_FAIL
T-00088,2025-04-12,CCDM_JAM
T-00088,2025-04-15,CARD_JAM
T-00088,2025-04-19,DISPENSER_FAIL
T-00088,2025-04-26,NETWORK_DOWN
T-00088,2025-05-02,CARD_JAM
T-00088,2025-05-05,CCDM_JAM
T-00088,2025-05-06,NETWORK_DOWN
T-00088,2025-05-08,NETWORK_DOWN
T-00088,2025-05-09,CCDM_JAM
T-00088,2025-05-11,DISPENSER_FAIL
T-00088,2025-05-13,DISPENSER_FAIL
T-00088,2025-05-14,NETWORK_DOWN
T-00088,2025-05-18,CARD_JAM
T-00088,2025-05-21,EPP_FAIL
T-00088,2025-05-25,PRINTER_ERROR
T-00088,2025-05-28,DISPENSER_FAIL
T-00088,2025-05-29,DISPENSER_FAIL
T-00088,2025-05-31,NETWORK_DOWN
T-00088,2025-06-01,CCDM_JAM
T-00088,2025-06-02,DISPENSER_FAIL
T-00088,2025-06-06,PRINTER_ERROR
T-00088,2025-06-10,EPP_FAIL
T-00088,2025-06-12,CCDM_JAM
T-00088,2025-06-17,DISPENSER_FAIL
T-00088,2025-06-19,NETWORK_DOWN
T-00088,2025-06-21,DISPENSER_FAIL
T-00088,2025-06-25,CCDM_JAM
T-00088,2025-06-29,CARD_JAM
T-00088,2025-07-03,PRINTER_ERROR
T-00088,2025-07-06,PRINTER_ERROR
T-00088,2025-07-10,NETWORK_DOWN
T-00088,2025-07-11,PRINTER_ERROR
T-00088,2025-07-12,EPP_FAIL
T-00088,2025-07-15,CCDM_JAM
T-00088,2025-07-18,CARD_JAM
T-00088,2025-07-20,CCDM_JAM
T-00088,2025-07-24,DISPENSER_FAIL
T-00088,2025-07-25,EPP_FAIL
T-00088,2025-08-11,CARD_JAM
T-00088,2025-08-16,EPP_FAIL
T-00088,2025-08-17,CCDM_JAM
T-00088,2025-08-19,NETWORK_DOWN
T-00088,2025-08-22,EPP_FAIL
T-00088,2025-08-26,PRINTER_ERROR
T-00088,2025-08-27,EPP_FAIL
T-00088,2025-08-29,CCDM_JAM
T-00088,2025-08-30,NETWORK_DOWN
T-00088,2025-09-09,DISPENSER_FAIL
T-00088,2025-09-10,EPP_FAIL
T-00088,2025-09-14,DISPENSER_FAIL
T-00088,2025-09-16,EPP_FAIL
T-00088,2025-09-19,NETWORK_DOWN
T-00088,2025-09-20,NETWORK_DOWN
T-00088,2025-09-21,EPP_FAIL
T-00088,2025-09-26,DISPENSER_FAIL
T-00088,2025-10-02,NETWORK_DOWN
T-00088,2025-10-05,CCDM_JAM
T-00088,2025-10-06,PRINTER_ERROR
T-00088,2025-10-12,CARD_JAM
T-00088,2025-10-13,DISPENSER_FAIL
T-00088,2025-10-16,NETWORK_DOWN
T-00088,2025-10-18,CARD_JAM
T-00088,2025-10-20,PRINTER_ERROR
T-00088,2025-10-28,CCDM_JAM
T-00088,2025-10-31,PRINTER_ERROR
T-00088,2025-11-06,CCDM_JAM
T-00088,2025-11-09,CCDM_JAM
T-00088,2025-11-16,DISPENSER_FAIL
T-00088,2025-11-24,DISPENSER_FAIL
T-00088,2025-11-30,CARD_JAM
T-00088,2025-12-01,CCDM_JAM
T-00088,2025-12-02,PRINTER_ERROR
T-00088,2025-12-09,EPP_FAIL
T-00088,2025-12-14,EPP_FAIL
T-00088,2025-12-17,CARD_JAM
T-00088,2025-12-23,NETWORK_DOWN
T-00088,2025-12-29,DISPENSER_FAIL
T-00089,2025-01-01,DISPENSER_FAIL
T-00089,2025-01-07,PRINTER_ERROR
T-00089,2025-01-12,NETWORK_DOWN
T-00089,2025-01-19,DISPENSER_FAIL
T-00089,2025-01-21,CARD_JAM
T-00089,2025-01-23,EPP_FAIL
T-00089,2025-01-26,CARD_JAM
T-00089,2025-02-03,DISPENSER_FAIL
T-00089,2025-02-08,EPP_FAIL
T-00089,2025-03-08,CCDM_JAM
T-00089,2025-03-13,DISPENSER_FAIL
T-00089,2025-03-15,CARD_JAM
T-00089,2025-03-18,PRINTER_ERROR
T-00089,2025-03-19,CARD_JAM
T-00089,2025-03-20,DISPENSER_FAIL
T-00089,2025-03-21,PRINTER_ERROR
T-00089,2025-03-26,CARD_JAM
T-00089,2025-03-28,PRINTER_ERROR
T-00089,2025-03-29,CCDM_JAM
T-00089,2025-04-11,CARD_JAM
T-00089,2025-04-14,PRINTER_ERROR
T-00089,2025-04-15,DISPENSER_FAIL
T-00089,2025-04-19,PRINTER_ERROR
T-00089,2025-04-22,DISPENSER_FAIL
T-00089,2025-04-26,CARD_JAM
T-00089,2025-04-27,DISPENSER_FAIL
T-00089,2025-04-30,DISPENSER_FAIL
T-00089,2025-05-03,NETWORK_DOWN
T-00089,2025-05-07,CARD_JAM
T-00089,2025-05-08,PRINTER_ERROR
T-00089,2025-05-12,DISPENSER_FAIL
T-00089,2025-05-13,EPP_FAIL
T-00089,2025-05-15,DISPENSER_FAIL
T-00089,2025-05-21,CCDM_JAM
T-00089,2025-05-23,NETWORK_DOWN
T-00089,2025-05-26,EPP_FAIL
T-00089,2025-05-27,DISPENSER_FAIL
T-00089,2025-05-28,DISPENSER_FAIL
T-00089,2025-06-05,EPP_FAIL
T-00089,2025-06-13,NETWORK_DOWN
T-00089,2025-06-22,PRINTER_ERROR
T-00089,2025-06-24,EPP_FAIL
T-00089,2025-07-06,CCDM_JAM
T-00089,2025-07-19,EPP_FAIL
T-00089,2025-07-30,CARD_JAM
T-00089,2025-08-02,DISPENSER_FAIL
T-00089,2025-08-03,DISPENSER_FAIL
T-00089,2025-08-17,EPP_FAIL
T-00089,2025-08-19,PRINTER_ERROR
T-00089,2025-08-27,PRINTER_ERROR
T-00089,2025-08-29,PRINTER_ERROR
T-00089,2025-08-31,EPP_FAIL
T-00089,2025-09-05,EPP_FAIL
T-00089,2025-09-06,DISPENSER_FAIL
T-00089,2025-09-10,DISPENSER_FAIL
T-00089,2025-09-13,PRINTER_ERROR
T-00089,2025-09-15,NETWORK_DOWN
T-00089,2025-09-17,NETWORK_DOWN
T-00089,2025-09-19,NETWORK_DOWN
T-00089,2025-10-09,NETWORK_DOWN
T-00089,2025-10-16,CCDM_JAM
T-00089,2025-10-18,PRINTER_ERROR
T-00089,2025-10-20,CCDM_JAM
T-00089,2025-11-03,EPP_FAIL
T-00089,2025-11-07,DISPENSER_FAIL
T-00089,2025-11-10,EPP_FAIL
T-00089,2025-11-12,PRINTER_ERROR
T-00089,2025-11-17,CCDM_JAM
T-00089,2025-11-18,DISPENSER_FAIL
T-00089,2025-11-22,EPP_FAIL
T-00089,2025-11-23,PRINTER_ERROR
T-00089,2025-12-04,EPP_FAIL
T-00089,2025-12-13,CARD_JAM
T-00089,2025-12-18,CCDM_JAM
T-00089,2025-12-22,EPP_FAIL
T-00089,2025-12-27,PRINTER_ERROR
T-00089,2025-12-30,DISPENSER_FAIL
T-00090,2025-01-03,EPP_FAIL
T-00090,2025-01-20,DISPENSER_FAIL
T-00090,2025-01-21,PRINTER_ERROR
T-00090,2025-01-26,EPP_FAIL
T-00090,2025-02-05,EPP_FAIL
T-00090,2025-02-06,NETWORK_DOWN
T-00090,2025-02-09,PRINTER_ERROR
T-00090,2025-02-15,EPP_FAIL
T-00090,2025-03-04,EPP_FAIL
T-00090,2025-03-06,CARD_JAM
T-00090,2025-03-09,EPP_FAIL
T-00090,2025-03-13,CARD_JAM
T-00090,2025-03-20,DISPENSER_FAIL
T-00090,2025-03-23,DISPENSER_FAIL
T-00090,2025-03-27,NETWORK_DOWN
T-00090,2025-04-02,CARD_JAM
T-00090,2025-04-08,CCDM_JAM
T-00090,2025-04-10,DISPENSER_FAIL
T-00090,2025-04-26,DISPENSER_FAIL
T-00090,2025-04-28,PRINTER_ERROR
T-00090,2025-05-02,EPP_FAIL
T-00090,2025-05-11,CCDM_JAM
T-00090,2025-05-15,CCDM_JAM
T-00090,2025-05-29,CCDM_JAM
T-00090,2025-06-17,PRINTER_ERROR
T-00090,2025-06-20,PRINTER_ERROR
T-00090,2025-06-22,CARD_JAM
T-00090,2025-07-08,EPP_FAIL
T-00090,2025-07-15,CCDM_JAM
T-00090,2025-07-16,NETWORK_DOWN
T-00090,2025-07-22,NETWORK_DOWN
T-00090,2025-07-28,NETWORK_DOWN
T-00090,2025-08-11,NETWORK_DOWN
T-00090,2025-08-13,CCDM_JAM
T-00090,2025-08-14,PRINTER_ERROR
T-00090,2025-08-15,CARD_JAM
T-00090,2025-08-26,DISPENSER_FAIL
T-00090,2025-08-28,DISPENSER_FAIL
T-00090,2025-08-31,NETWORK_DOWN
T-00090,2025-09-01,DISPENSER_FAIL
T-00090,2025-09-06,EPP_FAIL
T-00090,2025-09-19,CCDM_JAM
T-00090,2025-09-24,PRINTER_ERROR
T-00090,2025-09-25,DISPENSER_FAIL
T-00090,2025-10-09,PRINTER_ERROR
T-00090,2025-10-12,DISPENSER_FAIL
T-00090,2025-10-13,PRINTER_ERROR
T-00090,2025-10-22,NETWORK_DOWN
T-00090,2025-10-23,CARD_JAM
T-00090,2025-10-24,DISPENSER_FAIL
T-00090,2025-11-10,EPP_FAIL
T-00090,2025-11-16,EPP_FAIL
T-00090,2025-11-18,NETWORK_DOWN
T-00090,2025-11-20,PRINTER_ERROR
T-00090,2025-11-29,CCDM_JAM
T-00090,2025-12-01,DISPENSER_FAIL
T-00090,2025-12-10,DISPENSER_FAIL
T-00090,2025-12-18,NETWORK_DOWN
T-00090,2025-12-28,NETWORK_DOWN
T-00091,2025-01-06,DISPENSER_FAIL
T-00091,2025-01-07,PRINTER_ERROR
T-00091,2025-01-08,NETWORK_DOWN
T-00091,2025-01-17,DISPENSER_FAIL
T-00091,2025-02-07,PRINTER_ERROR
T-00091,2025-02-11,CCDM_JAM
T-00091,2025-02-23,EPP_FAIL
T-00091,2025-03-05,CCDM_JAM
T-00091,2025-03-22,CARD_JAM
T-00091,2025-05-02,DISPENSER_FAIL
T-00091,2025-05-06,CCDM_JAM
T-00091,2025-05-10,NETWORK_DOWN
T-00091,2025-05-11,NETWORK_DOWN
T-00091,2025-05-17,DISPENSER_FAIL
T-00091,2025-05-20,NETWORK_DOWN
T-00091,2025-05-21,CCDM_JAM
T-00091,2025-06-27,CCDM_JAM
T-00091,2025-07-08,DISPENSER_FAIL
T-00091,2025-07-09,CARD_JAM
T-00091,2025-07-28,PRINTER_ERROR
T-00091,2025-08-21,CARD_JAM
T-00091,2025-08-30,EPP_FAIL
T-00091,2025-09-07,NETWORK_DOWN
T-00091,2025-09-18,CCDM_JAM
T-00091,2025-09-21,PRINTER_ERROR
T-00091,2025-09-27,DISPENSER_FAIL
T-00091,2025-10-11,CARD_JAM
T-00091,2025-10-22,CARD_JAM
T-00091,2025-11-19,CARD_JAM
T-00091,2025-11-25,CCDM_JAM
T-00091,2025-12-09,CARD_JAM
T-00091,2025-12-21,PRINTER_ERROR
T-00092,2025-01-18,NETWORK_DOWN
T-00092,2025-01-30,EPP_FAIL
T-00092,2025-02-06,NETWORK_DOWN
T-00092,2025-02-12,DISPENSER_FAIL
T-00092,2025-02-16,EPP_FAIL
T-00092,2025-02-17,CARD_JAM
T-00092,2025-02-23,NETWORK_DOWN
T-00092,2025-03-04,NETWORK_DOWN
T-00092,2025-03-26,CCDM_JAM
T-00092,2025-03-27,DISPENSER_FAIL
T-00092,2025-04-02,NETWORK_DOWN
T-00092,2025-04-06,PRINTER_ERROR
T-00092,2025-04-11,NETWORK_DOWN
T-00092,2025-04-12,PRINTER_ERROR
T-00092,2025-04-14,PRINTER_ERROR
T-00092,2025-04-15,CCDM_JAM
T-00092,2025-04-22,DISPENSER_FAIL
T-00092,2025-04-23,DISPENSER_FAIL
T-00092,2025-04-25,DISPENSER_FAIL
T-00092,2025-05-04,CCDM_JAM
T-00092,2025-05-08,DISPENSER_FAIL
T-00092,2025-05-10,DISPENSER_FAIL
T-00092,2025-05-15,DISPENSER_FAIL
T-00092,2025-06-01,EPP_FAIL
T-00092,2025-06-22,CCDM_JAM
T-00092,2025-06-28,DISPENSER_FAIL
T-00092,2025-07-07,CCDM_JAM
T-00092,2025-07-11,NETWORK_DOWN
T-00092,2025-07-14,CCDM_JAM
T-00092,2025-07-17,CARD_JAM
T-00092,2025-07-21,CCDM_JAM
T-00092,2025-07-29,PRINTER_ERROR
T-00092,2025-08-02,CARD_JAM
T-00092,2025-08-04,PRINTER_ERROR
T-00092,2025-08-06,CARD_JAM
T-00092,2025-08-11,NETWORK_DOWN
T-00092,2025-08-18,CCDM_JAM
T-00092,2025-08-28,CARD_JAM
T-00092,2025-08-29,PRINTER_ERROR
T-00092,2025-08-30,CCDM_JAM
T-00092,2025-09-03,CARD_JAM
T-00092,2025-09-07,EPP_FAIL
T-00092,2025-09-13,CARD_JAM
T-00092,2025-09-21,EPP_FAIL
T-00092,2025-09-28,NETWORK_DOWN
T-00092,2025-09-29,NETWORK_DOWN
T-00092,2025-10-06,CARD_JAM
T-00092,2025-10-08,CARD_JAM
T-00092,2025-10-17,PRINTER_ERROR
T-00092,2025-10-18,EPP_FAIL
T-00092,2025-10-21,EPP_FAIL
T-00092,2025-10-22,CARD_JAM
T-00092,2025-10-27,DISPENSER_FAIL
T-00092,2025-10-29,CCDM_JAM
T-00092,2025-11-10,PRINTER_ERROR
T-00092,2025-11-13,CCDM_JAM
T-00092,2025-11-16,EPP_FAIL
T-00092,2025-11-18,DISPENSER_FAIL
T-00092,2025-11-19,NETWORK_DOWN
T-00092,2025-11-22,EPP_FAIL
T-00092,2025-11-23,CARD_JAM
T-00092,2025-11-24,EPP_FAIL
T-00092,2025-11-27,CARD_JAM
T-00092,2025-12-05,DISPENSER_FAIL
T-00092,2025-12-13,NETWORK_DOWN
T-00092,2025-12-16,CCDM_JAM
T-00093,2025-01-02,EPP_FAIL
T-00093,2025-01-03,CCDM_JAM
T-00093,2025-01-07,CCDM_JAM
T-00093,2025-01-15,CCDM_JAM
T-00093,2025-01-20,CCDM_JAM
T-00093,2025-01-21,CARD_JAM
T-00093,2025-01-22,CCDM_JAM
T-00093,2025-01-23,CARD_JAM
T-00093,2025-01-24,CCDM_JAM
T-00093,2025-01-27,NETWORK_DOWN
T-00093,2025-02-02,PRINTER_ERROR
T-00093,2025-02-03,DISPENSER_FAIL
T-00093,2025-02-07,CARD_JAM
T-00093,2025-02-08,CCDM_JAM
T-00093,2025-02-11,DISPENSER_FAIL
T-00093,2025-02-16,CARD_JAM
T-00093,2025-02-18,CCDM_JAM
T-00093,2025-02-22,EPP_FAIL
T-00093,2025-02-27,PRINTER_ERROR
T-00093,2025-02-28,NETWORK_DOWN
T-00093,2025-03-02,CARD_JAM
T-00093,2025-03-04,EPP_FAIL
T-00093,2025-03-07,CCDM_JAM
T-00093,2025-03-09,PRINTER_ERROR
T-00093,2025-03-18,NETWORK_DOWN
T-00093,2025-03-26,NETWORK_DOWN
T-00093,2025-03-27,NETWORK_DOWN
T-00093,2025-03-28,CARD_JAM
T-00093,2025-04-01,CCDM_JAM
T-00093,2025-04-03,EPP_FAIL
T-00093,2025-04-04,DISPENSER_FAIL
T-00093,2025-04-06,PRINTER_ERROR
T-00093,2025-04-09,CCDM_JAM
T-00093,2025-04-12,CCDM_JAM
T-00093,2025-04-16,CCDM_JAM
T-00093,2025-04-29,EPP_FAIL
T-00093,2025-05-04,EPP_FAIL
T-00093,2025-05-05,NETWORK_DOWN
T-00093,2025-05-10,PRINTER_ERROR
T-00093,2025-05-13,DISPENSER_FAIL
T-00093,2025-05-18,DISPENSER_FAIL
T-00093,2025-05-19,NETWORK_DOWN
T-00093,2025-05-24,CARD_JAM
T-00093,2025-05-29,CARD_JAM
T-00093,2025-05-30,CARD_JAM
T-00093,2025-06-02,PRINTER_ERROR
T-00093,2025-06-06,PRINTER_ERROR
T-00093,2025-06-10,DISPENSER_FAIL
T-00093,2025-06-13,NETWORK_DOWN
T-00093,2025-06-14,EPP_FAIL
T-00093,2025-06-15,EPP_FAIL
T-00093,2025-06-16,CCDM_JAM
T-00093,2025-06-21,EPP_FAIL
T-00093,2025-06-22,CCDM_JAM
T-00093,2025-06-27,CCDM_JAM
T-00093,2025-06-28,CARD_JAM
T-00093,2025-06-29,NETWORK_DOWN
T-00093,2025-07-04,CARD_JAM
T-00093,2025-07-05,EPP_FAIL
T-00093,2025-07-09,CARD_JAM
T-00093,2025-07-11,CARD_JAM
T-00093,2025-07-14,CARD_JAM
T-00093,2025-07-15,CCDM_JAM
T-00093,2025-07-18,CCDM_JAM
T-00093,2025-07-19,CCDM_JAM
T-00093,2025-07-21,NETWORK_DOWN
T-00093,2025-07-22,CARD_JAM
T-00093,2025-07-24,PRINTER_ERROR
T-00093,2025-08-01,PRINTER_ERROR
T-00093,2025-08-06,CARD_JAM
T-00093,2025-08-13,EPP_FAIL
T-00093,2025-08-15,DISPENSER_FAIL
T-00093,2025-08-16,NETWORK_DOWN
T-00093,2025-08-20,CARD_JAM
T-00093,2025-08-23,NETWORK_DOWN
T-00093,2025-08-24,EPP_FAIL
T-00093,2025-08-28,PRINTER_ERROR
T-00093,2025-08-31,PRINTER_ERROR
T-00093,2025-09-01,EPP_FAIL
T-00093,2025-09-11,NETWORK_DOWN
T-00093,2025-09-22,CCDM_JAM
T-00093,2025-09-25,PRINTER_ERROR
T-00093,2025-09-26,PRINTER_ERROR
T-00093,2025-09-27,PRINTER_ERROR
T-00093,2025-10-04,DISPENSER_FAIL
T-00093,2025-10-11,CCDM_JAM
T-00093,2025-10-17,PRINTER_ERROR
T-00093,2025-10-20,CCDM_JAM
T-00093,2025-10-29,CCDM_JAM
T-00093,2025-10-30,DISPENSER_FAIL
T-00093,2025-10-31,EPP_FAIL
T-00093,2025-11-06,EPP_FAIL
T-00093,2025-11-07,EPP_FAIL
T-00093,2025-11-13,CCDM_JAM
T-00093,2025-11-19,EPP_FAIL
T-00093,2025-11-27,CARD_JAM
T-00093,2025-11-29,DISPENSER_FAIL
T-00093,2025-11-30,DISPENSER_FAIL
T-00093,2025-12-04,CARD_JAM
T-00093,2025-12-06,CARD_JAM
T-00093,2025-12-08,NETWORK_DOWN
T-00093,2025-12-09,EPP_FAIL
T-00093,2025-12-11,CARD_JAM
T-00093,2025-12-14,CCDM_JAM
T-00093,2025-12-19,NETWORK_DOWN
T-00093,2025-12-21,DISPENSER_FAIL
T-00093,2025-12-23,PRINTER_ERROR
T-00093,2025-12-27,CARD_JAM
T-00093,2025-12-28,PRINTER_ERROR
T-00093,2025-12-31,CARD_JAM
T-00094,2025-01-01,CCDM_JAM
T-00094,2025-01-05,EPP_FAIL
T-00094,2025-01-15,DISPENSER_FAIL
T-00094,2025-01-16,CARD_JAM
T-00094,2025-01-19,CARD_JAM
T-00094,2025-01-25,NETWORK_DOWN
T-00094,2025-02-15,CARD_JAM
T-00094,2025-02-25,CCDM_JAM
T-00094,2025-02-28,DISPENSER_FAIL
T-00094,2025-03-01,PRINTER_ERROR
T-00094,2025-03-06,NETWORK_DOWN
T-00094,2025-03-12,PRINTER_ERROR
T-00094,2025-03-18,CARD_JAM
T-00094,2025-03-28,PRINTER_ERROR
T-00094,2025-03-30,DISPENSER_FAIL
T-00094,2025-04-15,CCDM_JAM
T-00094,2025-04-16,DISPENSER_FAIL
T-00094,2025-04-22,EPP_FAIL
T-00094,2025-04-25,CARD_JAM
T-00094,2025-04-27,CCDM_JAM
T-00094,2025-05-04,EPP_FAIL
T-00094,2025-05-09,EPP_FAIL
T-00094,2025-05-12,EPP_FAIL
T-00094,2025-05-17,CCDM_JAM
T-00094,2025-05-20,NETWORK_DOWN
T-00094,2025-05-22,NETWORK_DOWN
T-00094,2025-05-25,DISPENSER_FAIL
T-00094,2025-05-27,DISPENSER_FAIL
T-00094,2025-05-29,CCDM_JAM
T-00094,2025-06-02,PRINTER_ERROR
T-00094,2025-06-18,EPP_FAIL
T-00094,2025-06-21,NETWORK_DOWN
T-00094,2025-06-23,DISPENSER_FAIL
T-00094,2025-06-25,NETWORK_DOWN
T-00094,2025-06-26,EPP_FAIL
T-00094,2025-06-28,DISPENSER_FAIL
T-00094,2025-06-29,DISPENSER_FAIL
T-00094,2025-07-01,CARD_JAM
T-00094,2025-07-05,PRINTER_ERROR
T-00094,2025-07-13,EPP_FAIL
T-00094,2025-07-15,EPP_FAIL
T-00094,2025-07-24,DISPENSER_FAIL
T-00094,2025-07-28,CARD_JAM
T-00094,2025-07-29,NETWORK_DOWN
T-00094,2025-08-04,EPP_FAIL
T-00094,2025-08-06,DISPENSER_FAIL
T-00094,2025-08-08,DISPENSER_FAIL
T-00094,2025-08-09,CCDM_JAM
T-00094,2025-08-13,CCDM_JAM
T-00094,2025-08-15,CARD_JAM
T-00094,2025-08-23,DISPENSER_FAIL
T-00094,2025-08-29,EPP_FAIL
T-00094,2025-09-09,EPP_FAIL
T-00094,2025-09-17,CCDM_JAM
T-00094,2025-09-19,NETWORK_DOWN
T-00094,2025-09-26,NETWORK_DOWN
T-00094,2025-10-05,PRINTER_ERROR
T-00094,2025-10-12,CCDM_JAM
T-00094,2025-10-16,DISPENSER_FAIL
T-00094,2025-10-20,NETWORK_DOWN
T-00094,2025-10-22,CARD_JAM
T-00094,2025-11-03,CARD_JAM
T-00094,2025-11-05,CARD_JAM
T-00094,2025-11-06,EPP_FAIL
T-00094,2025-11-18,EPP_FAIL
T-00094,2025-11-24,CARD_JAM
T-00094,2025-12-12,CARD_JAM
T-00094,2025-12-16,PRINTER_ERROR
T-00094,2025-12-20,EPP_FAIL
T-00095,2025-01-07,DISPENSER_FAIL
T-00095,2025-01-10,PRINTER_ERROR
T-00095,2025-01-23,CCDM_JAM
T-00095,2025-01-31,EPP_FAIL
T-00095,2025-02-03,CCDM_JAM
T-00095,2025-02-06,DISPENSER_FAIL
T-00095,2025-02-16,PRINTER_ERROR
T-00095,2025-02-17,PRINTER_ERROR
T-00095,2025-03-01,NETWORK_DOWN
T-00095,2025-03-03,PRINTER_ERROR
T-00095,2025-03-05,CARD_JAM
T-00095,2025-03-07,EPP_FAIL
T-00095,2025-03-12,NETWORK_DOWN
T-00095,2025-03-13,DISPENSER_FAIL
T-00095,2025-03-17,DISPENSER_FAIL
T-00095,2025-03-20,NETWORK_DOWN
T-00095,2025-03-22,EPP_FAIL
T-00095,2025-03-23,CCDM_JAM
T-00095,2025-04-08,CCDM_JAM
T-00095,2025-04-12,EPP_FAIL
T-00095,2025-04-13,CARD_JAM
T-00095,2025-04-15,PRINTER_ERROR
T-00095,2025-04-27,DISPENSER_FAIL
T-00095,2025-05-01,CCDM_JAM
T-00095,2025-05-18,PRINTER_ERROR
T-00095,2025-05-24,CCDM_JAM
T-00095,2025-06-08,CARD_JAM
T-00095,2025-06-21,CCDM_JAM
T-00095,2025-07-05,CCDM_JAM
T-00095,2025-07-08,PRINTER_ERROR
T-00095,2025-07-09,NETWORK_DOWN
T-00095,2025-07-12,CARD_JAM
T-00095,2025-07-16,PRINTER_ERROR
T-00095,2025-07-20,DISPENSER_FAIL
T-00095,2025-08-05,CCDM_JAM
T-00095,2025-08-10,PRINTER_ERROR
T-00095,2025-08-24,CARD_JAM
T-00095,2025-09-11,DISPENSER_FAIL
T-00095,2025-09-19,DISPENSER_FAIL
T-00095,2025-10-13,CARD_JAM
T-00095,2025-10-17,NETWORK_DOWN
T-00095,2025-10-22,CARD_JAM
T-00095,2025-10-25,PRINTER_ERROR
T-00095,2025-11-01,PRINTER_ERROR
T-00095,2025-11-03,CCDM_JAM
T-00095,2025-11-12,CCDM_JAM
T-00095,2025-11-13,NETWORK_DOWN
T-00095,2025-11-14,CARD_JAM
T-00095,2025-11-21,NETWORK_DOWN
T-00095,2025-11-22,EPP_FAIL
T-00095,2025-11-27,CARD_JAM
T-00095,2025-11-29,CARD_JAM
T-00095,2025-12-06,CARD_JAM
T-00095,2025-12-11,DISPENSER_FAIL
T-00095,2025-12-12,PRINTER_ERROR
T-00095,2025-12-24,CCDM_JAM
T-00095,2025-12-26,EPP_FAIL
T-00096,2025-01-02,EPP_FAIL
T-00096,2025-01-07,CARD_JAM
T-00096,2025-01-14,EPP_FAIL
T-00096,2025-01-20,EPP_FAIL
T-00096,2025-01-21,DISPENSER_FAIL
T-00096,2025-01-22,CARD_JAM
T-00096,2025-01-24,CCDM_JAM
T-00096,2025-02-01,CARD_JAM
T-00096,2025-02-04,DISPENSER_FAIL
T-00096,2025-02-08,CARD_JAM
T-00096,2025-02-09,NETWORK_DOWN
T-00096,2025-02-19,EPP_FAIL
T-00096,2025-02-28,PRINTER_ERROR
T-00096,2025-03-01,CARD_JAM
T-00096,2025-03-04,CARD_JAM
T-00096,2025-03-08,DISPENSER_FAIL
T-00096,2025-03-09,DISPENSER_FAIL
T-00096,2025-03-11,DISPENSER_FAIL
T-00096,2025-03-13,PRINTER_ERROR
T-00096,2025-03-14,CCDM_JAM
T-00096,2025-03-16,CCDM_JAM
T-00096,2025-03-18,PRINTER_ERROR
T-00096,2025-03-19,DISPENSER_FAIL
T-00096,2025-03-20,CCDM_JAM
T-00096,2025-03-22,PRINTER_ERROR
T-00096,2025-03-25,CARD_JAM
T-00096,2025-03-26,PRINTER_ERROR
T-00096,2025-03-28,EPP_FAIL
T-00096,2025-04-01,CCDM_JAM
T-00096,2025-04-06,CCDM_JAM
T-00096,2025-04-14,EPP_FAIL
T-00096,2025-04-15,CARD_JAM
T-00096,2025-04-20,CCDM_JAM
T-00096,2025-04-25,EPP_FAIL
T-00096,2025-04-26,NETWORK_DOWN
T-00096,2025-04-29,CCDM_JAM
T-00096,2025-04-30,PRINTER_ERROR
T-00096,2025-05-03,NETWORK_DOWN
T-00096,2025-05-05,EPP_FAIL
T-00096,2025-05-08,CCDM_JAM
T-00096,2025-05-10,CARD_JAM
T-00096,2025-05-15,DISPENSER_FAIL
T-00096,2025-05-17,PRINTER_ERROR
T-00096,2025-05-18,NETWORK_DOWN
T-00096,2025-05-22,NETWORK_DOWN
T-00096,2025-05-24,CCDM_JAM
T-00096,2025-05-27,PRINTER_ERROR
T-00096,2025-06-06,EPP_FAIL
T-00096,2025-06-09,DISPENSER_FAIL
T-00096,2025-06-16,PRINTER_ERROR
T-00096,2025-06-17,NETWORK_DOWN
T-00096,2025-06-20,CARD_JAM
T-00096,2025-06-23,PRINTER_ERROR
T-00096,2025-06-25,CCDM_JAM
T-00096,2025-07-01,DISPENSER_FAIL
T-00096,2025-07-04,CCDM_JAM
T-00096,2025-07-06,CARD_JAM
T-00096,2025-07-07,CCDM_JAM
T-00096,2025-07-26,DISPENSER_FAIL
T-00096,2025-07-27,PRINTER_ERROR
T-00096,2025-07-29,EPP_FAIL
T-00096,2025-08-06,PRINTER_ERROR
T-00096,2025-08-08,CCDM_JAM
T-00096,2025-08-09,DISPENSER_FAIL
T-00096,2025-08-13,NETWORK_DOWN
T-00096,2025-08-14,NETWORK_DOWN
T-00096,2025-08-17,PRINTER_ERROR
T-00096,2025-08-18,DISPENSER_FAIL
T-00096,2025-08-21,CCDM_JAM
T-00096,2025-08-26,CARD_JAM
T-00096,2025-08-29,PRINTER_ERROR
T-00096,2025-08-31,EPP_FAIL
T-00096,2025-09-05,CCDM_JAM
T-00096,2025-09-07,CARD_JAM
T-00096,2025-09-10,CARD_JAM
T-00096,2025-09-12,CARD_JAM
T-00096,2025-09-17,CARD_JAM
T-00096,2025-09-20,PRINTER_ERROR
T-00096,2025-10-02,EPP_FAIL
T-00096,2025-10-04,NETWORK_DOWN
T-00096,2025-10-06,CCDM_JAM
T-00096,2025-10-09,PRINTER_ERROR
T-00096,2025-10-10,EPP_FAIL
T-00096,2025-10-14,CARD_JAM
T-00096,2025-10-16,DISPENSER_FAIL
T-00096,2025-10-17,NETWORK_DOWN
T-00096,2025-10-19,DISPENSER_FAIL
T-00096,2025-10-23,PRINTER_ERROR
T-00096,2025-10-31,DISPENSER_FAIL
T-00096,2025-11-04,NETWORK_DOWN
T-00096,2025-11-05,CCDM_JAM
T-00096,2025-11-09,CARD_JAM
T-00096,2025-11-11,CCDM_JAM
T-00096,2025-11-14,CCDM_JAM
T-00096,2025-11-17,CCDM_JAM
T-00096,2025-11-18,PRINTER_ERROR
T-00096,2025-12-08,PRINTER_ERROR
T-00096,2025-12-09,CARD_JAM
T-00096,2025-12-11,EPP_FAIL
T-00096,2025-12-14,PRINTER_ERROR
T-00096,2025-12-20,NETWORK_DOWN
T-00096,2025-12-24,DISPENSER_FAIL
T-00096,2025-12-27,NETWORK_DOWN
T-00096,2025-12-30,CCDM_JAM
T-00097,2025-01-11,CCDM_JAM
T-00097,2025-02-07,CARD_JAM
T-00097,2025-02-19,CCDM_JAM
T-00097,2025-02-28,PRINTER_ERROR
T-00097,2025-03-10,DISPENSER_FAIL
T-00097,2025-03-25,PRINTER_ERROR
T-00097,2025-04-02,DISPENSER_FAIL
T-00097,2025-04-08,PRINTER_ERROR
T-00097,2025-04-10,PRINTER_ERROR
T-00097,2025-04-29,EPP_FAIL
T-00097,2025-05-03,CCDM_JAM
T-00097,2025-06-22,EPP_FAIL
T-00097,2025-06-23,EPP_FAIL
T-00097,2025-07-02,EPP_FAIL
T-00097,2025-07-07,CCDM_JAM
T-00097,2025-07-08,PRINTER_ERROR
T-00097,2025-07-15,CARD_JAM
T-00097,2025-07-25,EPP_FAIL
T-00097,2025-08-05,NETWORK_DOWN
T-00097,2025-08-16,NETWORK_DOWN
T-00097,2025-08-31,CARD_JAM
T-00097,2025-09-07,DISPENSER_FAIL
T-00097,2025-09-24,CCDM_JAM
T-00097,2025-09-25,CCDM_JAM
T-00097,2025-10-24,DISPENSER_FAIL
T-00097,2025-11-03,CARD_JAM
T-00097,2025-11-05,DISPENSER_FAIL
T-00097,2025-12-19,PRINTER_ERROR
T-00097,2025-12-26,CCDM_JAM
T-00098,2025-01-03,PRINTER_ERROR
T-00098,2025-01-06,NETWORK_DOWN
T-00098,2025-01-09,EPP_FAIL
T-00098,2025-01-11,CARD_JAM
T-00098,2025-01-12,DISPENSER_FAIL
T-00098,2025-01-15,DISPENSER_FAIL
T-00098,2025-01-16,PRINTER_ERROR
T-00098,2025-01-18,EPP_FAIL
T-00098,2025-01-22,CARD_JAM
T-00098,2025-02-01,DISPENSER_FAIL
T-00098,2025-02-09,PRINTER_ERROR
T-00098,2025-02-13,PRINTER_ERROR
T-00098,2025-02-14,DISPENSER_FAIL
T-00098,2025-02-22,CARD_JAM
T-00098,2025-02-23,DISPENSER_FAIL
T-00098,2025-02-24,CARD_JAM
T-00098,2025-02-26,CARD_JAM
T-00098,2025-02-28,CARD_JAM
T-00098,2025-03-01,NETWORK_DOWN
T-00098,2025-03-05,NETWORK_DOWN
T-00098,2025-03-06,CARD_JAM
T-00098,2025-03-13,CCDM_JAM
T-00098,2025-03-14,NETWORK_DOWN
T-00098,2025-03-17,DISPENSER_FAIL
T-00098,2025-03-22,CCDM_JAM
T-00098,2025-03-26,DISPENSER_FAIL
T-00098,2025-04-01,CARD_JAM
T-00098,2025-04-03,CCDM_JAM
T-00098,2025-04-09,DISPENSER_FAIL
T-00098,2025-04-17,DISPENSER_FAIL
T-00098,2025-04-19,EPP_FAIL
T-00098,2025-04-23,CARD_JAM
T-00098,2025-04-26,PRINTER_ERROR
T-00098,2025-05-01,CARD_JAM
T-00098,2025-05-04,PRINTER_ERROR
T-00098,2025-05-06,CARD_JAM
T-00098,2025-05-08,CCDM_JAM
T-00098,2025-05-10,NETWORK_DOWN
T-00098,2025-05-25,DISPENSER_FAIL
T-00098,2025-05-26,PRINTER_ERROR
T-00098,2025-05-28,NETWORK_DOWN
T-00098,2025-05-31,EPP_FAIL
T-00098,2025-06-01,CCDM_JAM
T-00098,2025-06-05,DISPENSER_FAIL
T-00098,2025-06-06,EPP_FAIL
T-00098,2025-06-10,PRINTER_ERROR
T-00098,2025-06-11,DISPENSER_FAIL
T-00098,2025-06-22,CARD_JAM
T-00098,2025-06-24,DISPENSER_FAIL
T-00098,2025-06-27,NETWORK_DOWN
T-00098,2025-07-02,PRINTER_ERROR
T-00098,2025-07-03,CCDM_JAM
T-00098,2025-07-08,NETWORK_DOWN
T-00098,2025-07-11,EPP_FAIL
T-00098,2025-07-13,NETWORK_DOWN
T-00098,2025-07-14,CARD_JAM
T-00098,2025-07-16,EPP_FAIL
T-00098,2025-07-25,NETWORK_DOWN
T-00098,2025-07-27,DISPENSER_FAIL
T-00098,2025-08-03,PRINTER_ERROR
T-00098,2025-08-10,EPP_FAIL
T-00098,2025-08-12,DISPENSER_FAIL
T-00098,2025-08-16,DISPENSER_FAIL
T-00098,2025-08-17,DISPENSER_FAIL
T-00098,2025-08-18,PRINTER_ERROR
T-00098,2025-08-20,PRINTER_ERROR
T-00098,2025-08-28,DISPENSER_FAIL
T-00098,2025-08-30,NETWORK_DOWN
T-00098,2025-08-31,DISPENSER_FAIL
T-00098,2025-09-01,CCDM_JAM
T-00098,2025-09-02,PRINTER_ERROR
T-00098,2025-09-04,DISPENSER_FAIL
T-00098,2025-09-07,CARD_JAM
T-00098,2025-09-10,CARD_JAM
T-00098,2025-09-15,CCDM_JAM
T-00098,2025-09-22,CARD_JAM
T-00098,2025-09-28,CARD_JAM
T-00098,2025-09-30,CARD_JAM
T-00098,2025-10-02,DISPENSER_FAIL
T-00098,2025-10-08,NETWORK_DOWN
T-00098,2025-10-12,DISPENSER_FAIL
T-00098,2025-10-13,NETWORK_DOWN
T-00098,2025-10-16,NETWORK_DOWN
T-00098,2025-10-20,CCDM_JAM
T-00098,2025-10-24,NETWORK_DOWN
T-00098,2025-10-31,NETWORK_DOWN
T-00098,2025-11-01,CARD_JAM
T-00098,2025-11-08,NETWORK_DOWN
T-00098,2025-11-14,EPP_FAIL
T-00098,2025-11-15,DISPENSER_FAIL
T-00098,2025-11-18,DISPENSER_FAIL
T-00098,2025-11-19,PRINTER_ERROR
T-00098,2025-11-23,CARD_JAM
T-00098,2025-11-28,CCDM_JAM
T-00098,2025-12-01,NETWORK_DOWN
T-00098,2025-12-15,DISPENSER_FAIL
T-00098,2025-12-16,DISPENSER_FAIL
T-00098,2025-12-18,NETWORK_DOWN
T-00098,2025-12-21,CARD_JAM
T-00098,2025-12-25,NETWORK_DOWN
T-00098,2025-12-29,CARD_JAM
T-00098,2025-12-30,CARD_JAM
T-00099,2025-01-04,PRINTER_ERROR
T-00099,2025-01-14,DISPENSER_FAIL
T-00099,2025-01-31,NETWORK_DOWN
T-00099,2025-02-06,PRINTER_ERROR
T-00099,2025-02-13,DISPENSER_FAIL
T-00099,2025-02-19,EPP_FAIL
T-00099,2025-02-20,NETWORK_DOWN
T-00099,2025-02-23,PRINTER_ERROR
T-00099,2025-03-09,PRINTER_ERROR
T-00099,2025-03-13,EPP_FAIL
T-00099,2025-04-03,DISPENSER_FAIL
T-00099,2025-04-13,CARD_JAM
T-00099,2025-04-22,EPP_FAIL
T-00099,2025-04-29,CARD_JAM
T-00099,2025-05-06,CCDM_JAM
T-00099,2025-05-08,CARD_JAM
T-00099,2025-05-15,CCDM_JAM
T-00099,2025-06-02,EPP_FAIL
T-00099,2025-06-06,DISPENSER_FAIL
T-00099,2025-06-27,CCDM_JAM
T-00099,2025-07-13,PRINTER_ERROR
T-00099,2025-07-17,CCDM_JAM
T-00099,2025-08-11,EPP_FAIL
T-00099,2025-08-17,EPP_FAIL
T-00099,2025-08-20,PRINTER_ERROR
T-00099,2025-09-14,NETWORK_DOWN
T-00099,2025-09-24,DISPENSER_FAIL
T-00099,2025-09-27,CARD_JAM
T-00099,2025-10-05,CCDM_JAM
T-00099,2025-10-20,EPP_FAIL
T-00099,2025-10-21,CCDM_JAM
T-00099,2025-11-12,NETWORK_DOWN
T-00099,2025-11-13,CCDM_JAM
T-00100,2025-01-02,DISPENSER_FAIL
T-00100,2025-01-06,DISPENSER_FAIL
T-00100,2025-01-18,DISPENSER_FAIL
T-00100,2025-01-23,PRINTER_ERROR
T-00100,2025-01-25,PRINTER_ERROR
T-00100,2025-01-26,DISPENSER_FAIL
T-00100,2025-01-29,DISPENSER_FAIL
T-00100,2025-02-01,EPP_FAIL
T-00100,2025-02-04,CARD_JAM
T-00100,2025-02-06,DISPENSER_FAIL
T-00100,2025-02-11,CCDM_JAM
T-00100,2025-02-15,EPP_FAIL
T-00100,2025-02-22,CCDM_JAM
T-00100,2025-02-27,EPP_FAIL
T-00100,2025-03-13,CARD_JAM
T-00100,2025-03-22,NETWORK_DOWN
T-00100,2025-04-10,DISPENSER_FAIL
T-00100,2025-04-14,NETWORK_DOWN
T-00100,2025-04-22,NETWORK_DOWN
T-00100,2025-04-26,CCDM_JAM
T-00100,2025-05-06,CARD_JAM
T-00100,2025-05-10,EPP_FAIL
T-00100,2025-05-11,EPP_FAIL
T-00100,2025-05-15,DISPENSER_FAIL
T-00100,2025-05-16,NETWORK_DOWN
T-00100,2025-05-29,DISPENSER_FAIL
T-00100,2025-05-30,NETWORK_DOWN
T-00100,2025-06-02,PRINTER_ERROR
T-00100,2025-06-03,NETWORK_DOWN
T-00100,2025-06-07,NETWORK_DOWN
T-00100,2025-06-12,CCDM_JAM
T-00100,2025-06-13,CCDM_JAM
T-00100,2025-07-01,CCDM_JAM
T-00100,2025-07-03,DISPENSER_FAIL
T-00100,2025-07-11,NETWORK_DOWN
T-00100,2025-07-12,NETWORK_DOWN
T-00100,2025-07-13,PRINTER_ERROR
T-00100,2025-07-17,NETWORK_DOWN
T-00100,2025-07-25,CCDM_JAM
T-00100,2025-07-28,NETWORK_DOWN
T-00100,2025-08-05,CARD_JAM
T-00100,2025-08-09,CCDM_JAM
T-00100,2025-08-10,EPP_FAIL
T-00100,2025-08-11,CCDM_JAM
T-00100,2025-08-13,CCDM_JAM
T-00100,2025-08-20,CCDM_JAM
T-00100,2025-08-23,CARD_JAM
T-00100,2025-08-26,PRINTER_ERROR
T-00100,2025-08-27,CARD_JAM
T-00100,2025-08-28,CARD_JAM
T-00100,2025-08-29,NETWORK_DOWN
T-00100,2025-08-30,NETWORK_DOWN
T-00100,2025-09-01,CCDM_JAM
T-00100,2025-09-02,CCDM_JAM
T-00100,2025-09-05,PRINTER_ERROR
T-00100,2025-09-06,CARD_JAM
T-00100,2025-09-08,EPP_FAIL
T-00100,2025-09-10,EPP_FAIL
T-00100,2025-09-13,NETWORK_DOWN
T-00100,2025-09-19,PRINTER_ERROR
T-00100,2025-09-28,DISPENSER_FAIL
T-00100,2025-10-12,CARD_JAM
T-00100,2025-10-16,PRINTER_ERROR
T-00100,2025-10-20,EPP_FAIL
T-00100,2025-10-21,PRINTER_ERROR
T-00100,2025-10-25,EPP_FAIL
T-00100,2025-10-27,CARD_JAM
T-00100,2025-10-29,NETWORK_DOWN
T-00100,2025-11-01,CCDM_JAM
T-00100,2025-11-03,EPP_FAIL
T-00100,2025-11-09,CARD_JAM
T-00100,2025-11-16,PRINTER_ERROR
T-00100,2025-11-18,CCDM_JAM
T-00100,2025-11-19,NETWORK_DOWN
T-00100,2025-11-24,DISPENSER_FAIL
T-00100,2025-12-14,NETWORK_DOWN
T-00100,2025-12-15,DISPENSER_FAIL
T-00100,2025-12-17,EPP_FAIL
T-00100,2025-12-18,CCDM_JAM
T-00100,2025-12-25,NETWORK_DOWN
T-00100,2025-12-26,CARD_JAM
T-00100,2025-12-28,PRINTER_ERROR
T-00100,2025-12-29,DISPENSER_FAIL
T-00100,2025-12-31,CARD_JAM
