terminal_id,tarih,ikmal_tutar,kaset_1,kaset_2,kaset_3
T-00001,2025-01-01,516837,258418,155051,103367
T-00001,2025-01-08,471024,235512,141307,94204
T-00001,2025-01-15,590886,295443,177265,118177
T-00001,2025-01-22,464105,232052,139231,92821
T-00001,2025-01-29,594940,297470,178482,118988
T-00001,2025-02-05,536370,268185,160911,107274
T-00001,2025-02-12,520145,260072,156043,104029
T-00001,2025-02-19,447564,223782,134269,89512
T-00001,2025-02-26,498457,249228,149537,99691
T-00001,2025-03-05,342956,171478,102887,68591
T-00001,2025-03-12,440430,220215,132129,88086
T-00001,2025-03-19,407924,203962,122377,81584
T-00001,2025-03-26,415486,207743,124645,83097
T-00001,2025-04-02,379102,189551,113730,75820
T-00001,2025-04-09,464710,232355,139413,92942
T-00001,2025-04-16,485872,242936,145761,97174
T-00001,2025-04-23,441722,220861,132516,88344
T-00001,2025-04-30,489003,244501,146700,97800
T-00001,2025-05-07,508106,254053,152431,101621
T-00001,2025-05-14,437663,218831,131299,87532
T-00001,2025-05-21,437586,218793,131276,87517
T-00001,2025-05-28,614641,307320,184392,122928
T-00001,2025-06-04,404686,202343,121405,80937
T-00001,2025-06-11,540346,270173,162103,108069
T-00001,2025-06-18,496069,248034,148820,99213
T-00001,2025-06-25,339609,169804,101882,67921
T-00001,2025-07-02,495203,247601,148561,99040
T-00001,2025-07-09,534280,267140,160284,106856
T-00001,2025-07-16,472655,236327,141796,94531
T-00001,2025-07-23,459275,229637,137782,91855
T-00001,2025-07-30,429063,214531,128718,85812
T-00001,2025-08-06,447764,223882,134329,89552
T-00001,2025-08-13,505792,252896,151737,101158
T-00001,2025-08-20,353796,176898,106138,70759
T-00001,2025-08-27,453216,226608,135964,90643
T-00001,2025-09-03,432160,216080,129648,86432
T-00001,2025-09-10,555386,277693,166615,111077
T-00001,2025-09-17,548191,274095,164457,109638
T-00001,2025-09-24,458690,229345,137607,91738
T-00001,2025-10-01,504900,252450,151470,100980
T-00001,2025-10-08,446427,223213,133928,89285
T-00001,2025-10-15,467604,233802,140281,93520
T-00001,2025-10-22,394693,197346,118408,78938
T-00001,2025-10-29,539623,269811,161887,107924
T-00001,2025-11-05,475804,237902,142741,95160
T-00001,2025-11-12,553404,276702,166021,110680
T-00001,2025-11-19,434454,217227,130336,86890
T-00001,2025-11-26,507074,253537,152122,101414
T-00001,2025-12-03,478415,239207,143524,95683
T-00001,2025-12-10,593889,296944,178166,118777
T-00001,2025-12-17,540300,270150,162090,108060
T-00001,2025-12-24,487280,243640,146184,97456
T-00001,2025-12-31,487620,243810,146286,97524
T-00002,2025-01-01,355845,177922,106753,71169
T-00002,2025-01-19,534158,267079,160247,106831
T-00002,2025-02-06,445514,222757,133654,89102
T-00002,2025-02-24,576616,288308,172984,115323
T-00002,2025-03-14,466711,233355,140013,93342
T-00002,2025-04-01,514382,257191,154314,102876
T-00002,2025-04-19,482081,241040,144624,96416
T-00002,2025-05-07,395699,197849,118709,79139
T-00002,2025-05-25,526853,263426,158055,105370
T-00002,2025-06-12,399361,199680,119808,79872
T-00002,2025-06-30,480936,240468,144280,96187
T-00002,2025-07-18,494734,247367,148420,98946
T-00002,2025-08-05,650444,325222,195133,130088
T-00002,2025-08-23,501338,250669,150401,100267
T-00002,2025-09-10,504983,252491,151495,100996
T-00002,2025-09-28,694329,347164,208298,138865
T-00002,2025-10-16,504360,252180,151308,100872
T-00002,2025-11-03,593911,296955,178173,118782
T-00002,2025-11-21,567157,283578,170147,113431
T-00002,2025-12-09,613682,306841,184104,122736
T-00002,2025-12-27,673584,336792,202075,134716
T-00003,2025-01-01,333756,166878,100126,66751
T-00003,2025-01-08,358701,179350,107610,71740
T-00003,2025-01-15,362395,181197,108718,72479
T-00003,2025-01-22,300820,150410,90246,60164
T-00003,2025-01-29,329536,164768,98860,65907
T-00003,2025-02-05,419847,209923,125954,83969
T-00003,2025-02-12,483136,241568,144940,96627
T-00003,2025-02-19,345944,172972,103783,69188
T-00003,2025-02-26,439834,219917,131950,87966
T-00003,2025-03-05,319625,159812,95887,63925
T-00003,2025-03-12,468859,234429,140657,93771
T-00003,2025-03-19,297479,148739,89243,59495
T-00003,2025-03-26,407281,203640,122184,81456
T-00003,2025-04-02,437971,218985,131391,87594
T-00003,2025-04-09,314357,157178,94307,62871
T-00003,2025-04-16,422690,211345,126807,84538
T-00003,2025-04-23,406728,203364,122018,81345
T-00003,2025-04-30,412371,206185,123711,82474
T-00003,2025-05-07,405656,202828,121696,81131
T-00003,2025-05-14,409232,204616,122769,81846
T-00003,2025-05-21,501707,250853,150512,100341
T-00003,2025-05-28,419861,209930,125958,83972
T-00003,2025-06-04,430605,215302,129181,86121
T-00003,2025-06-11,334688,167344,100406,66937
T-00003,2025-06-18,460125,230062,138037,92025
T-00003,2025-06-25,343743,171871,103123,68748
T-00003,2025-07-02,416271,208135,124881,83254
T-00003,2025-07-09,440337,220168,132101,88067
T-00003,2025-07-16,377571,188785,113271,75514
T-00003,2025-07-23,347680,173840,104304,69536
T-00003,2025-07-30,344030,172015,103209,68806
T-00003,2025-08-06,387466,193733,116239,77493
T-00003,2025-08-13,408269,204134,122480,81653
T-00003,2025-08-20,440638,220319,132191,88127
T-00003,2025-08-27,477467,238733,143240,95493
T-00003,2025-09-03,376438,188219,112931,75287
T-00003,2025-09-10,428789,214394,128636,85757
T-00003,2025-09-17,341599,170799,102479,68319
T-00003,2025-09-24,420369,210184,126110,84073
T-00003,2025-10-01,378860,189430,113658,75772
T-00003,2025-10-08,419826,209913,125947,83965
T-00003,2025-10-15,387717,193858,116315,77543
T-00003,2025-10-22,302926,151463,90878,60585
T-00003,2025-10-29,365744,182872,109723,73148
T-00003,2025-11-05,404588,202294,121376,80917
T-00003,2025-11-12,318750,159375,95625,63750
T-00003,2025-11-19,414656,207328,124396,82931
T-00003,2025-11-26,340029,170014,102008,68005
T-00003,2025-12-03,395422,197711,118626,79084
T-00003,2025-12-10,324793,162396,97438,64958
T-00003,2025-12-17,424974,212487,127492,84994
T-00003,2025-12-24,455683,227841,136705,91136
T-00003,2025-12-31,310993,155496,93297,62198
T-00004,2025-01-01,240611,120305,72183,48122
T-00004,2025-01-16,301579,150789,90473,60315
T-00004,2025-01-31,441814,220907,132544,88362
T-00004,2025-02-15,327693,163846,98308,65538
T-00004,2025-03-02,307358,153679,92207,61471
T-00004,2025-03-17,311876,155938,93563,62375
T-00004,2025-04-01,270053,135026,81016,54010
T-00004,2025-04-16,283438,141719,85031,56687
T-00004,2025-05-01,308822,154411,92646,61764
T-00004,2025-05-16,260178,130089,78053,52035
T-00004,2025-05-31,282699,141349,84809,56539
T-00004,2025-06-15,249957,124978,74987,49991
T-00004,2025-06-30,249324,124662,74797,49864
T-00004,2025-07-15,281914,140957,84574,56382
T-00004,2025-07-30,370045,185022,111013,74009
T-00004,2025-08-14,194944,97472,58483,38988
T-00004,2025-08-29,252204,126102,75661,50440
T-00004,2025-09-13,246714,123357,74014,49342
T-00004,2025-09-28,301209,150604,90362,60241
T-00004,2025-10-13,229587,114793,68876,45917
T-00004,2025-10-28,260052,130026,78015,52010
T-00004,2025-11-12,354149,177074,106244,70829
T-00004,2025-11-27,318550,159275,95565,63710
T-00004,2025-12-12,323363,161681,97009,64672
T-00004,2025-12-27,259662,129831,77898,51932
T-00005,2025-01-01,562887,281443,168866,112577
T-00005,2025-01-09,504488,252244,151346,100897
T-00005,2025-01-17,527960,263980,158388,105592
T-00005,2025-01-25,468776,234388,140633,93755
T-00005,2025-02-02,243032,121516,72909,48606
T-00005,2025-02-10,455080,227540,136524,91016
T-00005,2025-02-18,384469,192234,115340,76893
T-00005,2025-02-26,371531,185765,111459,74306
T-00005,2025-03-06,482276,241138,144682,96455
T-00005,2025-03-14,575258,287629,172577,115051
T-00005,2025-03-22,555526,277763,166657,111105
T-00005,2025-03-30,473726,236863,142117,94745
T-00005,2025-04-07,505786,252893,151735,101157
T-00005,2025-04-15,487123,243561,146136,97424
T-00005,2025-04-23,477952,238976,143385,95590
T-00005,2025-05-01,481054,240527,144316,96210
T-00005,2025-05-09,519978,259989,155993,103995
T-00005,2025-05-17,385176,192588,115553,77035
T-00005,2025-05-25,624338,312169,187301,124867
T-00005,2025-06-02,462230,231115,138669,92446
T-00005,2025-06-10,514741,257370,154422,102948
T-00005,2025-06-18,428819,214409,128645,85763
T-00005,2025-06-26,438021,219010,131406,87604
T-00005,2025-07-04,431184,215592,129355,86236
T-00005,2025-07-12,498330,249165,149499,99666
T-00005,2025-07-20,423838,211919,127151,84767
T-00005,2025-07-28,494802,247401,148440,98960
T-00005,2025-08-05,530672,265336,159201,106134
T-00005,2025-08-13,414182,207091,124254,82836
T-00005,2025-08-21,526020,263010,157806,105204
T-00005,2025-08-29,516305,258152,154891,103261
T-00005,2025-09-06,481324,240662,144397,96264
T-00005,2025-09-14,563650,281825,169095,112730
T-00005,2025-09-22,511816,255908,153544,102363
T-00005,2025-09-30,458654,229327,137596,91730
T-00005,2025-10-08,550958,275479,165287,110191
T-00005,2025-10-16,530718,265359,159215,106143
T-00005,2025-10-24,565623,282811,169687,113124
T-00005,2025-11-01,521384,260692,156415,104276
T-00005,2025-11-09,450986,225493,135295,90197
T-00005,2025-11-17,463766,231883,139129,92753
T-00005,2025-11-25,479881,239940,143964,95976
T-00005,2025-12-03,414947,207473,124484,82989
T-00005,2025-12-11,401623,200811,120486,80324
T-00005,2025-12-19,386853,193426,116055,77370
T-00005,2025-12-27,529168,264584,158750,105833
T-00006,2025-01-01,743660,371830,223098,148732
T-00006,2025-01-09,678750,339375,203625,135750
T-00006,2025-01-17,588480,294240,176544,117696
T-00006,2025-01-25,610929,305464,183278,122185
T-00006,2025-02-02,779462,389731,233838,155892
T-00006,2025-02-10,595799,297899,178739,119159
T-00006,2025-02-18,647218,323609,194165,129443
T-00006,2025-02-26,622500,311250,186750,124500
T-00006,2025-03-06,704856,352428,211456,140971
T-00006,2025-03-14,704986,352493,211495,140997
T-00006,2025-03-22,631954,315977,189586,126390
T-00006,2025-03-30,703669,351834,211100,140733
T-00006,2025-04-07,536438,268219,160931,107287
T-00006,2025-04-15,606718,303359,182015,121343
T-00006,2025-04-23,711712,355856,213513,142342
T-00006,2025-05-01,767481,383740,230244,153496
T-00006,2025-05-09,663686,331843,199105,132737
T-00006,2025-05-17,577742,288871,173322,115548
T-00006,2025-05-25,678111,339055,203433,135622
T-00006,2025-06-02,712917,356458,213875,142583
T-00006,2025-06-10,595622,297811,178686,119124
T-00006,2025-06-18,836339,418169,250901,167267
T-00006,2025-06-26,720974,360487,216292,144194
T-00006,2025-07-04,750394,375197,225118,150078
T-00006,2025-07-12,702857,351428,210857,140571
T-00006,2025-07-20,681284,340642,204385,136256
T-00006,2025-07-28,601153,300576,180345,120230
T-00006,2025-08-05,682500,341250,204750,136500
T-00006,2025-08-13,828016,414008,248404,165603
T-00006,2025-08-21,899624,449812,269887,179924
T-00006,2025-08-29,601730,300865,180519,120346
T-00006,2025-09-06,698700,349350,209610,139740
T-00006,2025-09-14,903359,451679,271007,180671
T-00006,2025-09-22,594348,297174,178304,118869
T-00006,2025-09-30,618861,309430,185658,123772
T-00006,2025-10-08,626372,313186,187911,125274
T-00006,2025-10-16,695340,347670,208602,139068
T-00006,2025-10-24,714859,357429,214457,142971
T-00006,2025-11-01,776943,388471,233082,155388
T-00006,2025-11-09,621155,310577,186346,124231
T-00006,2025-11-17,730175,365087,219052,146035
T-00006,2025-11-25,545336,272668,163600,109067
T-00006,2025-12-03,800302,400151,240090,160060
T-00006,2025-12-11,505260,252630,151578,101052
T-00006,2025-12-19,818094,409047,245428,163618
T-00006,2025-12-27,806257,403128,241877,161251
T-00007,2025-01-01,224446,112223,67333,44889
T-00007,2025-01-21,295232,147616,88569,59046
T-00007,2025-02-10,322561,161280,96768,64512
T-00007,2025-03-02,288699,144349,86609,57739
T-00007,2025-03-22,326488,163244,97946,65297
T-00007,2025-04-11,227115,113557,68134,45423
T-00007,2025-05-01,261879,130939,78563,52375
T-00007,2025-05-21,300118,150059,90035,60023
T-00007,2025-06-10,297987,148993,89396,59597
T-00007,2025-06-30,283983,141991,85195,56796
T-00007,2025-07-20,323557,161778,97067,64711
T-00007,2025-08-09,325357,162678,97607,65071
T-00007,2025-08-29,217175,108587,65152,43435
T-00007,2025-09-18,283078,141539,84923,56615
T-00007,2025-10-08,361479,180739,108443,72295
T-00007,2025-10-28,367066,183533,110119,73413
T-00007,2025-11-17,292542,146271,87762,58508
T-00007,2025-12-07,293553,146776,88065,58710
T-00007,2025-12-27,237277,118638,71183,47455
T-00008,2025-01-01,414869,207434,124460,82973
T-00008,2025-01-13,323849,161924,97154,64769
T-00008,2025-01-25,317101,158550,95130,63420
T-00008,2025-02-06,431013,215506,129303,86202
T-00008,2025-02-18,321257,160628,96377,64251
T-00008,2025-03-02,347013,173506,104104,69402
T-00008,2025-03-14,370947,185473,111284,74189
T-00008,2025-03-26,345691,172845,103707,69138
T-00008,2025-04-07,488105,244052,146431,97621
T-00008,2025-04-19,337430,168715,101229,67486
T-00008,2025-05-01,370647,185323,111194,74129
T-00008,2025-05-13,364504,182252,109351,72900
T-00008,2025-05-25,419837,209918,125951,83967
T-00008,2025-06-06,344437,172218,103331,68887
T-00008,2025-06-18,246826,123413,74047,49365
T-00008,2025-06-30,454296,227148,136289,90859
T-00008,2025-07-12,362917,181458,108875,72583
T-00008,2025-07-24,394601,197300,118380,78920
T-00008,2025-08-05,551110,275555,165333,110222
T-00008,2025-08-17,369766,184883,110929,73953
T-00008,2025-08-29,286155,143077,85846,57231
T-00008,2025-09-10,334228,167114,100268,66845
T-00008,2025-09-22,340436,170218,102130,68087
T-00008,2025-10-04,472407,236203,141722,94481
T-00008,2025-10-16,376549,188274,112964,75309
T-00008,2025-10-28,460690,230345,138207,92138
T-00008,2025-11-09,328294,164147,98488,65658
T-00008,2025-11-21,407475,203737,122242,81495
T-00008,2025-12-03,366236,183118,109870,73247
T-00008,2025-12-15,298802,149401,89640,59760
T-00008,2025-12-27,484977,242488,145493,96995
T-00009,2025-01-01,565003,282501,169501,113000
T-00009,2025-01-14,645218,322609,193565,129043
T-00009,2025-01-27,651465,325732,195439,130293
T-00009,2025-02-09,720203,360101,216061,144040
T-00009,2025-02-22,744006,372003,223201,148801
T-00009,2025-03-07,689372,344686,206811,137874
T-00009,2025-03-20,653141,326570,195942,130628
T-00009,2025-04-02,796015,398007,238804,159203
T-00009,2025-04-15,610157,305078,183047,122031
T-00009,2025-04-28,795586,397793,238675,159117
T-00009,2025-05-11,773275,386637,231982,154655
T-00009,2025-05-24,776196,388098,232859,155239
T-00009,2025-06-06,521426,260713,156427,104285
T-00009,2025-06-19,720157,360078,216047,144031
T-00009,2025-07-02,618012,309006,185403,123602
T-00009,2025-07-15,536801,268400,161040,107360
T-00009,2025-07-28,585118,292559,175535,117023
T-00009,2025-08-10,720083,360041,216025,144016
T-00009,2025-08-23,673756,336878,202126,134751
T-00009,2025-09-05,653128,326564,195938,130625
T-00009,2025-09-18,593838,296919,178151,118767
T-00009,2025-10-01,771821,385910,231546,154364
T-00009,2025-10-14,449916,224958,134974,89983
T-00009,2025-10-27,776890,388445,233067,155378
T-00009,2025-11-09,754805,377402,226441,150961
T-00009,2025-11-22,724286,362143,217286,144857
T-00009,2025-12-05,840244,420122,252073,168048
T-00009,2025-12-18,751207,375603,225362,150241
T-00009,2025-12-31,662704,331352,198811,132540
T-00010,2025-01-01,493741,246870,148122,98748
T-00010,2025-01-18,494658,247329,148397,98931
T-00010,2025-02-04,692371,346185,207711,138474
T-00010,2025-02-21,623136,311568,186940,124627
T-00010,2025-03-10,366580,183290,109974,73316
T-00010,2025-03-27,379833,189916,113949,75966
T-00010,2025-04-13,529458,264729,158837,105891
T-00010,2025-04-30,553892,276946,166167,110778
T-00010,2025-05-17,352878,176439,105863,70575
T-00010,2025-06-03,589052,294526,176715,117810
T-00010,2025-06-20,618585,309292,185575,123717
T-00010,2025-07-07,495109,247554,148532,99021
T-00010,2025-07-24,542403,271201,162721,108480
T-00010,2025-08-10,491618,245809,147485,98323
T-00010,2025-08-27,593762,296881,178128,118752
T-00010,2025-09-13,533668,266834,160100,106733
T-00010,2025-09-30,565935,282967,169780,113187
T-00010,2025-10-17,487606,243803,146282,97521
T-00010,2025-11-03,450481,225240,135144,90096
T-00010,2025-11-20,557882,278941,167364,111576
T-00010,2025-12-07,454964,227482,136489,90992
T-00010,2025-12-24,635366,317683,190609,127073
T-00011,2025-01-01,478006,239003,143402,95601
T-00011,2025-01-17,303361,151680,91008,60672
T-00011,2025-02-02,456703,228351,137011,91340
T-00011,2025-02-18,369890,184945,110967,73978
T-00011,2025-03-06,509839,254919,152951,101967
T-00011,2025-03-22,379120,189560,113736,75824
T-00011,2025-04-07,399912,199956,119973,79982
T-00011,2025-04-23,328772,164386,98631,65754
T-00011,2025-05-09,478299,239149,143489,95659
T-00011,2025-05-25,462138,231069,138641,92427
T-00011,2025-06-10,317631,158815,95289,63526
T-00011,2025-06-26,434220,217110,130266,86844
T-00011,2025-07-12,458578,229289,137573,91715
T-00011,2025-07-28,349116,174558,104734,69823
T-00011,2025-08-13,280410,140205,84123,56082
T-00011,2025-08-29,377102,188551,113130,75420
T-00011,2025-09-14,300540,150270,90162,60108
T-00011,2025-09-30,466381,233190,139914,93276
T-00011,2025-10-16,359250,179625,107775,71850
T-00011,2025-11-01,222109,111054,66632,44421
T-00011,2025-11-17,360079,180039,108023,72015
T-00011,2025-12-03,476449,238224,142934,95289
T-00011,2025-12-19,357955,178977,107386,71591
T-00012,2025-01-01,1063065,531532,318919,212613
T-00012,2025-01-21,768602,384301,230580,153720
T-00012,2025-02-10,750391,375195,225117,150078
T-00012,2025-03-02,704083,352041,211225,140816
T-00012,2025-03-22,684987,342493,205496,136997
T-00012,2025-04-11,737664,368832,221299,147532
T-00012,2025-05-01,892577,446288,267773,178515
T-00012,2025-05-21,528456,264228,158536,105691
T-00012,2025-06-10,724265,362132,217279,144853
T-00012,2025-06-30,639228,319614,191768,127845
T-00012,2025-07-20,874649,437324,262394,174929
T-00012,2025-08-09,637102,318551,191130,127420
T-00012,2025-08-29,823302,411651,246990,164660
T-00012,2025-09-18,739350,369675,221805,147870
T-00012,2025-10-08,848795,424397,254638,169759
T-00012,2025-10-28,725470,362735,217641,145094
T-00012,2025-11-17,837863,418931,251359,167572
T-00012,2025-12-07,731386,365693,219416,146277
T-00012,2025-12-27,873309,436654,261992,174661
T-00013,2025-01-01,307235,153617,92170,61447
T-00013,2025-01-09,365723,182861,109716,73144
T-00013,2025-01-17,282614,141307,84784,56522
T-00013,2025-01-25,242215,121107,72664,48443
T-00013,2025-02-02,344724,172362,103417,68944
T-00013,2025-02-10,399177,199588,119753,79835
T-00013,2025-02-18,217316,108658,65194,43463
T-00013,2025-02-26,326002,163001,97800,65200
T-00013,2025-03-06,290170,145085,87051,58034
T-00013,2025-03-14,334919,167459,100475,66983
T-00013,2025-03-22,368296,184148,110488,73659
T-00013,2025-03-30,321414,160707,96424,64282
T-00013,2025-04-07,298764,149382,89629,59752
T-00013,2025-04-15,313300,156650,93990,62660
T-00013,2025-04-23,234938,117469,70481,46987
T-00013,2025-05-01,351230,175615,105369,70246
T-00013,2025-05-09,324099,162049,97229,64819
T-00013,2025-05-17,316873,158436,95062,63374
T-00013,2025-05-25,332475,166237,99742,66495
T-00013,2025-06-02,279108,139554,83732,55821
T-00013,2025-06-10,325283,162641,97584,65056
T-00013,2025-06-18,335351,167675,100605,67070
T-00013,2025-06-26,364781,182390,109434,72956
T-00013,2025-07-04,338401,169200,101520,67680
T-00013,2025-07-12,362579,181289,108773,72515
T-00013,2025-07-20,394943,197471,118483,78988
T-00013,2025-07-28,228742,114371,68622,45748
T-00013,2025-08-05,255348,127674,76604,51069
T-00013,2025-08-13,317236,158618,95171,63447
T-00013,2025-08-21,281599,140799,84479,56319
T-00013,2025-08-29,324852,162426,97455,64970
T-00013,2025-09-06,287014,143507,86104,57402
T-00013,2025-09-14,249324,124662,74797,49864
T-00013,2025-09-22,251930,125965,75579,50386
T-00013,2025-09-30,269743,134871,80923,53948
T-00013,2025-10-08,270998,135499,81299,54199
T-00013,2025-10-16,339383,169691,101814,67876
T-00013,2025-10-24,324761,162380,97428,64952
T-00013,2025-11-01,349194,174597,104758,69838
T-00013,2025-11-09,288714,144357,86614,57742
T-00013,2025-11-17,437348,218674,131204,87469
T-00013,2025-11-25,311446,155723,93434,62289
T-00013,2025-12-03,282669,141334,84800,56533
T-00013,2025-12-11,399935,199967,119980,79987
T-00013,2025-12-19,286281,143140,85884,57256
T-00013,2025-12-27,349547,174773,104864,69909
T-00014,2025-01-01,351601,175800,105480,70320
T-00014,2025-01-17,440019,220009,132005,88003
T-00014,2025-02-02,293555,146777,88066,58711
T-00014,2025-02-18,369742,184871,110922,73948
T-00014,2025-03-06,394235,197117,118270,78847
T-00014,2025-03-22,405899,202949,121769,81179
T-00014,2025-04-07,416243,208121,124873,83248
T-00014,2025-04-23,432033,216016,129610,86406
T-00014,2025-05-09,379958,189979,113987,75991
T-00014,2025-05-25,408746,204373,122623,81749
T-00014,2025-06-10,399642,199821,119892,79928
T-00014,2025-06-26,444661,222330,133398,88932
T-00014,2025-07-12,423254,211627,126976,84650
T-00014,2025-07-28,385713,192856,115714,77142
T-00014,2025-08-13,354275,177137,106282,70855
T-00014,2025-08-29,357372,178686,107211,71474
T-00014,2025-09-14,366191,183095,109857,73238
T-00014,2025-09-30,356424,178212,106927,71284
T-00014,2025-10-16,373236,186618,111970,74647
T-00014,2025-11-01,467345,233672,140203,93469
T-00014,2025-11-17,443434,221717,133030,88686
T-00014,2025-12-03,399382,199691,119814,79876
T-00014,2025-12-19,388739,194369,116621,77747
T-00015,2025-01-01,472272,236136,141681,94454
T-00015,2025-01-15,688555,344277,206566,137711
T-00015,2025-01-29,477785,238892,143335,95557
T-00015,2025-02-12,633311,316655,189993,126662
T-00015,2025-02-26,479729,239864,143918,95945
T-00015,2025-03-12,408746,204373,122623,81749
T-00015,2025-03-26,434881,217440,130464,86976
T-00015,2025-04-09,509336,254668,152800,101867
T-00015,2025-04-23,631078,315539,189323,126215
T-00015,2025-05-07,587595,293797,176278,117519
T-00015,2025-05-21,508201,254100,152460,101640
T-00015,2025-06-04,425774,212887,127732,85154
T-00015,2025-06-18,524783,262391,157435,104956
T-00015,2025-07-02,534208,267104,160262,106841
T-00015,2025-07-16,463021,231510,138906,92604
T-00015,2025-07-30,464142,232071,139242,92828
T-00015,2025-08-13,463048,231524,138914,92609
T-00015,2025-08-27,621094,310547,186328,124218
T-00015,2025-09-10,448075,224037,134422,89615
T-00015,2025-09-24,469589,234794,140876,93917
T-00015,2025-10-08,527584,263792,158275,105516
T-00015,2025-10-22,630848,315424,189254,126169
T-00015,2025-11-05,464937,232468,139481,92987
T-00015,2025-11-19,533954,266977,160186,106790
T-00015,2025-12-03,562576,281288,168772,112515
T-00015,2025-12-17,498410,249205,149523,99682
T-00015,2025-12-31,406068,203034,121820,81213
T-00016,2025-01-01,280463,140231,84139,56092
T-00016,2025-01-14,399792,199896,119937,79958
T-00016,2025-01-27,325573,162786,97672,65114
T-00016,2025-02-09,371151,185575,111345,74230
T-00016,2025-02-22,289916,144958,86974,57983
T-00016,2025-03-07,364336,182168,109300,72867
T-00016,2025-03-20,402256,201128,120677,80451
T-00016,2025-04-02,342590,171295,102777,68518
T-00016,2025-04-15,342908,171454,102872,68581
T-00016,2025-04-28,353767,176883,106130,70753
T-00016,2025-05-11,365400,182700,109620,73080
T-00016,2025-05-24,380307,190153,114092,76061
T-00016,2025-06-06,307103,153551,92131,61420
T-00016,2025-06-19,372007,186003,111602,74401
T-00016,2025-07-02,332419,166209,99725,66483
T-00016,2025-07-15,316358,158179,94907,63271
T-00016,2025-07-28,324029,162014,97208,64805
T-00016,2025-08-10,250746,125373,75224,50149
T-00016,2025-08-23,345499,172749,103649,69099
T-00016,2025-09-05,300457,150228,90137,60091
T-00016,2025-09-18,326783,163391,98035,65356
T-00016,2025-10-01,389534,194767,116860,77906
T-00016,2025-10-14,328183,164091,98455,65636
T-00016,2025-10-27,323817,161908,97145,64763
T-00016,2025-11-09,324170,162085,97251,64834
T-00016,2025-11-22,266497,133248,79949,53299
T-00016,2025-12-05,281919,140959,84575,56383
T-00016,2025-12-18,243029,121514,72908,48605
T-00016,2025-12-31,332823,166411,99846,66564
T-00017,2025-01-01,582839,291419,174851,116567
T-00017,2025-01-11,432691,216345,129807,86538
T-00017,2025-01-21,605185,302592,181555,121037
T-00017,2025-01-31,316324,158162,94897,63264
T-00017,2025-02-10,436454,218227,130936,87290
T-00017,2025-02-20,522151,261075,156645,104430
T-00017,2025-03-02,489261,244630,146778,97852
T-00017,2025-03-12,381354,190677,114406,76270
T-00017,2025-03-22,518034,259017,155410,103606
T-00017,2025-04-01,464978,232489,139493,92995
T-00017,2025-04-11,396237,198118,118871,79247
T-00017,2025-04-21,423012,211506,126903,84602
T-00017,2025-05-01,489228,244614,146768,97845
T-00017,2025-05-11,454920,227460,136476,90984
T-00017,2025-05-21,383391,191695,115017,76678
T-00017,2025-05-31,466183,233091,139855,93236
T-00017,2025-06-10,551104,275552,165331,110220
T-00017,2025-06-20,504338,252169,151301,100867
T-00017,2025-06-30,503697,251848,151109,100739
T-00017,2025-07-10,566103,283051,169831,113220
T-00017,2025-07-20,485913,242956,145774,97182
T-00017,2025-07-30,465646,232823,139694,93129
T-00017,2025-08-09,424111,212055,127233,84822
T-00017,2025-08-19,599506,299753,179851,119901
T-00017,2025-08-29,370701,185350,111210,74140
T-00017,2025-09-08,423781,211890,127134,84756
T-00017,2025-09-18,425794,212897,127738,85158
T-00017,2025-09-28,440410,220205,132123,88082
T-00017,2025-10-08,439976,219988,131993,87995
T-00017,2025-10-18,359859,179929,107957,71971
T-00017,2025-10-28,525837,262918,157751,105167
T-00017,2025-11-07,502122,251061,150636,100424
T-00017,2025-11-17,468622,234311,140586,93724
T-00017,2025-11-27,389987,194993,116996,77997
T-00017,2025-12-07,578440,289220,173532,115688
T-00017,2025-12-17,456355,228177,136906,91271
T-00017,2025-12-27,486753,243376,146026,97350
T-00018,2025-01-01,312876,156438,93862,62575
T-00018,2025-01-13,404863,202431,121459,80972
T-00018,2025-01-25,431983,215991,129595,86396
T-00018,2025-02-06,494353,247176,148305,98870
T-00018,2025-02-18,412359,206179,123707,82471
T-00018,2025-03-02,545666,272833,163699,109133
T-00018,2025-03-14,455033,227516,136510,91006
T-00018,2025-03-26,498234,249117,149470,99646
T-00018,2025-04-07,511559,255779,153467,102311
T-00018,2025-04-19,522002,261001,156600,104400
T-00018,2025-05-01,540121,270060,162036,108024
T-00018,2025-05-13,464367,232183,139310,92873
T-00018,2025-05-25,404376,202188,121312,80875
T-00018,2025-06-06,464388,232194,139316,92877
T-00018,2025-06-18,418265,209132,125479,83653
T-00018,2025-06-30,479694,239847,143908,95938
T-00018,2025-07-12,412189,206094,123656,82437
T-00018,2025-07-24,595924,297962,178777,119184
T-00018,2025-08-05,567868,283934,170360,113573
T-00018,2025-08-17,453570,226785,136071,90714
T-00018,2025-08-29,492504,246252,147751,98500
T-00018,2025-09-10,433588,216794,130076,86717
T-00018,2025-09-22,478007,239003,143402,95601
T-00018,2025-10-04,418312,209156,125493,83662
T-00018,2025-10-16,368076,184038,110423,73615
T-00018,2025-10-28,351935,175967,105580,70387
T-00018,2025-11-09,521836,260918,156550,104367
T-00018,2025-11-21,419956,209978,125986,83991
T-00018,2025-12-03,448394,224197,134518,89678
T-00018,2025-12-15,510779,255389,153233,102155
T-00018,2025-12-27,344357,172178,103307,68871
T-00019,2025-01-01,285826,142913,85747,57165
T-00019,2025-01-08,282441,141220,84732,56488
T-00019,2025-01-15,247892,123946,74367,49578
T-00019,2025-01-22,251340,125670,75402,50268
T-00019,2025-01-29,214684,107342,64405,42936
T-00019,2025-02-05,210426,105213,63127,42085
T-00019,2025-02-12,275162,137581,82548,55032
T-00019,2025-02-19,253080,126540,75924,50616
T-00019,2025-02-26,261086,130543,78325,52217
T-00019,2025-03-05,134016,67008,40204,26803
T-00019,2025-03-12,172936,86468,51880,34587
T-00019,2025-03-19,221278,110639,66383,44255
T-00019,2025-03-26,188556,94278,56567,37711
T-00019,2025-04-02,274745,137372,82423,54949
T-00019,2025-04-09,246162,123081,73848,49232
T-00019,2025-04-16,232353,116176,69705,46470
T-00019,2025-04-23,236696,118348,71008,47339
T-00019,2025-04-30,188966,94483,56690,37793
T-00019,2025-05-07,216669,108334,65000,43333
T-00019,2025-05-14,179363,89681,53809,35872
T-00019,2025-05-21,286676,143338,86003,57335
T-00019,2025-05-28,263842,131921,79152,52768
T-00019,2025-06-04,221741,110870,66522,44348
T-00019,2025-06-11,222710,111355,66813,44542
T-00019,2025-06-18,247405,123702,74221,49481
T-00019,2025-06-25,249094,124547,74728,49818
T-00019,2025-07-02,242381,121190,72714,48476
T-00019,2025-07-09,224907,112453,67472,44981
T-00019,2025-07-16,231486,115743,69446,46297
T-00019,2025-07-23,232693,116346,69808,46538
T-00019,2025-07-30,235823,117911,70746,47164
T-00019,2025-08-06,259715,129857,77914,51943
T-00019,2025-08-13,236760,118380,71028,47352
T-00019,2025-08-20,163863,81931,49158,32772
T-00019,2025-08-27,246161,123080,73848,49232
T-00019,2025-09-03,269030,134515,80709,53806
T-00019,2025-09-10,307301,153650,92190,61460
T-00019,2025-09-17,229100,114550,68730,45820
T-00019,2025-09-24,197499,98749,59249,39499
T-00019,2025-10-01,255508,127754,76652,51101
T-00019,2025-10-08,212105,106052,63631,42421
T-00019,2025-10-15,301182,150591,90354,60236
T-00019,2025-10-22,241631,120815,72489,48326
T-00019,2025-10-29,264539,132269,79361,52907
T-00019,2025-11-05,239279,119639,71783,47855
T-00019,2025-11-12,246810,123405,74043,49362
T-00019,2025-11-19,231977,115988,69593,46395
T-00019,2025-11-26,241058,120529,72317,48211
T-00019,2025-12-03,272803,136401,81841,54560
T-00019,2025-12-10,275664,137832,82699,55132
T-00019,2025-12-17,193880,96940,58164,38776
T-00019,2025-12-24,291333,145666,87400,58266
T-00019,2025-12-31,244622,122311,73386,48924
T-00020,2025-01-01,353856,176928,106156,70771
T-00020,2025-01-21,418676,209338,125602,83735
T-00020,2025-02-10,495580,247790,148674,99116
T-00020,2025-03-02,384387,192193,115316,76877
T-00020,2025-03-22,325527,162763,97658,65105
T-00020,2025-04-11,440965,220482,132289,88193
T-00020,2025-05-01,390019,195009,117005,78003
T-00020,2025-05-21,388641,194320,116592,77728
T-00020,2025-06-10,333387,166693,100016,66677
T-00020,2025-06-30,348309,174154,104492,69661
T-00020,2025-07-20,270119,135059,81035,54023
T-00020,2025-08-09,497274,248637,149182,99454
T-00020,2025-08-29,357814,178907,107344,71562
T-00020,2025-09-18,379558,189779,113867,75911
T-00020,2025-10-08,536112,268056,160833,107222
T-00020,2025-10-28,300522,150261,90156,60104
T-00020,2025-11-17,481848,240924,144554,96369
T-00020,2025-12-07,434596,217298,130378,86919
T-00020,2025-12-27,415829,207914,124748,83165
T-00021,2025-01-01,613440,306720,184032,122688
T-00021,2025-01-09,535690,267845,160707,107138
T-00021,2025-01-17,578570,289285,173571,115714
T-00021,2025-01-25,595090,297545,178527,119018
T-00021,2025-02-02,514433,257216,154330,102886
T-00021,2025-02-10,620298,310149,186089,124059
T-00021,2025-02-18,730115,365057,219034,146023
T-00021,2025-02-26,461712,230856,138513,92342
T-00021,2025-03-06,689233,344616,206770,137846
T-00021,2025-03-14,514986,257493,154495,102997
T-00021,2025-03-22,653834,326917,196150,130766
T-00021,2025-03-30,516267,258133,154880,103253
T-00021,2025-04-07,483137,241568,144941,96627
T-00021,2025-04-15,549516,274758,164854,109903
T-00021,2025-04-23,459674,229837,137902,91934
T-00021,2025-05-01,602220,301110,180666,120444
T-00021,2025-05-09,654055,327027,196216,130811
T-00021,2025-05-17,727591,363795,218277,145518
T-00021,2025-05-25,615345,307672,184603,123069
T-00021,2025-06-02,615080,307540,184524,123016
T-00021,2025-06-10,653222,326611,195966,130644
T-00021,2025-06-18,607677,303838,182303,121535
T-00021,2025-06-26,543941,271970,163182,108788
T-00021,2025-07-04,476923,238461,143077,95384
T-00021,2025-07-12,491305,245652,147391,98261
T-00021,2025-07-20,541222,270611,162366,108244
T-00021,2025-07-28,685080,342540,205524,137016
T-00021,2025-08-05,577277,288638,173183,115455
T-00021,2025-08-13,542981,271490,162894,108596
T-00021,2025-08-21,528317,264158,158495,105663
T-00021,2025-08-29,798350,399175,239505,159670
T-00021,2025-09-06,632069,316034,189620,126413
T-00021,2025-09-14,661420,330710,198426,132284
T-00021,2025-09-22,587212,293606,176163,117442
T-00021,2025-09-30,592238,296119,177671,118447
T-00021,2025-10-08,590681,295340,177204,118136
T-00021,2025-10-16,804273,402136,241282,160854
T-00021,2025-10-24,553491,276745,166047,110698
T-00021,2025-11-01,596001,298000,178800,119200
T-00021,2025-11-09,837721,418860,251316,167544
T-00021,2025-11-17,752503,376251,225751,150500
T-00021,2025-11-25,755999,377999,226799,151199
T-00021,2025-12-03,655549,327774,196664,131109
T-00021,2025-12-11,569651,284825,170895,113930
T-00021,2025-12-19,585555,292777,175666,117111
T-00021,2025-12-27,512063,256031,153618,102412
T-00022,2025-01-01,199476,99738,59842,39895
T-00022,2025-01-09,222129,111064,66638,44425
T-00022,2025-01-17,195475,97737,58642,39095
T-00022,2025-01-25,169422,84711,50826,33884
T-00022,2025-02-02,231968,115984,69590,46393
T-00022,2025-02-10,154907,77453,46472,30981
T-00022,2025-02-18,233399,116699,70019,46679
T-00022,2025-02-26,180900,90450,54270,36180
T-00022,2025-03-06,234890,117445,70467,46978
T-00022,2025-03-14,197628,98814,59288,39525
T-00022,2025-03-22,239508,119754,71852,47901
T-00022,2025-03-30,223519,111759,67055,44703
T-00022,2025-04-07,190479,95239,57143,38095
T-00022,2025-04-15,226614,113307,67984,45322
T-00022,2025-04-23,217312,108656,65193,43462
T-00022,2025-05-01,196617,98308,58985,39323
T-00022,2025-05-09,261976,130988,78592,52395
T-00022,2025-05-17,241192,120596,72357,48238
T-00022,2025-05-25,184789,92394,55436,36957
T-00022,2025-06-02,261214,130607,78364,52242
T-00022,2025-06-10,225697,112848,67709,45139
T-00022,2025-06-18,234038,117019,70211,46807
T-00022,2025-06-26,210752,105376,63225,42150
T-00022,2025-07-04,225426,112713,67628,45085
T-00022,2025-07-12,244473,122236,73342,48894
T-00022,2025-07-20,252714,126357,75814,50542
T-00022,2025-07-28,176869,88434,53060,35373
T-00022,2025-08-05,160129,80064,48038,32025
T-00022,2025-08-13,184423,92211,55327,36884
T-00022,2025-08-21,233881,116940,70164,46776
T-00022,2025-08-29,303642,151821,91092,60728
T-00022,2025-09-06,248795,124397,74638,49759
T-00022,2025-09-14,223712,111856,67113,44742
T-00022,2025-09-22,251467,125733,75440,50293
T-00022,2025-09-30,211377,105688,63413,42275
T-00022,2025-10-08,231664,115832,69499,46332
T-00022,2025-10-16,253886,126943,76165,50777
T-00022,2025-10-24,215200,107600,64560,43040
T-00022,2025-11-01,238785,119392,71635,47757
T-00022,2025-11-09,191215,95607,57364,38243
T-00022,2025-11-17,220697,110348,66209,44139
T-00022,2025-11-25,256997,128498,77099,51399
T-00022,2025-12-03,220170,110085,66051,44034
T-00022,2025-12-11,267085,133542,80125,53417
T-00022,2025-12-19,239491,119745,71847,47898
T-00022,2025-12-27,177512,88756,53253,35502
T-00023,2025-01-01,316767,158383,95030,63353
T-00023,2025-01-17,342532,171266,102759,68506
T-00023,2025-02-02,380203,190101,114061,76040
T-00023,2025-02-18,373013,186506,111903,74602
T-00023,2025-03-06,265287,132643,79586,53057
T-00023,2025-03-22,368851,184425,110655,73770
T-00023,2025-04-07,410925,205462,123277,82185
T-00023,2025-04-23,445920,222960,133776,89184
T-00023,2025-05-09,461300,230650,138390,92260
T-00023,2025-05-25,357937,178968,107381,71587
T-00023,2025-06-10,359895,179947,107968,71979
T-00023,2025-06-26,386080,193040,115824,77216
T-00023,2025-07-12,401708,200854,120512,80341
T-00023,2025-07-28,430697,215348,129209,86139
T-00023,2025-08-13,232575,116287,69772,46515
T-00023,2025-08-29,299703,149851,89910,59940
T-00023,2025-09-14,310830,155415,93249,62166
T-00023,2025-09-30,407619,203809,122285,81523
T-00023,2025-10-16,230476,115238,69142,46095
T-00023,2025-11-01,399156,199578,119746,79831
T-00023,2025-11-17,387369,193684,116210,77473
T-00023,2025-12-03,409758,204879,122927,81951
T-00023,2025-12-19,321972,160986,96591,64394
T-00024,2025-01-01,654067,327033,196220,130813
T-00024,2025-01-09,576206,288103,172861,115241
T-00024,2025-01-17,625450,312725,187635,125090
T-00024,2025-01-25,652618,326309,195785,130523
T-00024,2025-02-02,842026,421013,252608,168405
T-00024,2025-02-10,507837,253918,152351,101567
T-00024,2025-02-18,817852,408926,245355,163570
T-00024,2025-02-26,602758,301379,180827,120551
T-00024,2025-03-06,609135,304567,182740,121827
T-00024,2025-03-14,853513,426756,256054,170702
T-00024,2025-03-22,620964,310482,186289,124192
T-00024,2025-03-30,886809,443404,266042,177361
T-00024,2025-04-07,744580,372290,223374,148916
T-00024,2025-04-15,700078,350039,210023,140015
T-00024,2025-04-23,826931,413465,248079,165386
T-00024,2025-05-01,594281,297140,178284,118856
T-00024,2025-05-09,716227,358113,214868,143245
T-00024,2025-05-17,872345,436172,261703,174469
T-00024,2025-05-25,683721,341860,205116,136744
T-00024,2025-06-02,688560,344280,206568,137712
T-00024,2025-06-10,534613,267306,160384,106922
T-00024,2025-06-18,790641,395320,237192,158128
T-00024,2025-06-26,564785,282392,169435,112957
T-00024,2025-07-04,723933,361966,217180,144786
T-00024,2025-07-12,742254,371127,222676,148450
T-00024,2025-07-20,770102,385051,231030,154020
T-00024,2025-07-28,527108,263554,158132,105421
T-00024,2025-08-05,820884,410442,246265,164176
T-00024,2025-08-13,644791,322395,193437,128958
T-00024,2025-08-21,725901,362950,217770,145180
T-00024,2025-08-29,715816,357908,214745,143163
T-00024,2025-09-06,605326,302663,181597,121065
T-00024,2025-09-14,763247,381623,228974,152649
T-00024,2025-09-22,696993,348496,209098,139398
T-00024,2025-09-30,823611,411805,247083,164722
T-00024,2025-10-08,724098,362049,217229,144819
T-00024,2025-10-16,633322,316661,189996,126664
T-00024,2025-10-24,585659,292829,175697,117131
T-00024,2025-11-01,472381,236190,141714,94476
T-00024,2025-11-09,876648,438324,262994,175329
T-00024,2025-11-17,647764,323882,194329,129552
T-00024,2025-11-25,642180,321090,192654,128436
T-00024,2025-12-03,751981,375990,225594,150396
T-00024,2025-12-11,611400,305700,183420,122280
T-00024,2025-12-19,653204,326602,195961,130640
T-00024,2025-12-27,645006,322503,193501,129001
T-00025,2025-01-01,387223,193611,116167,77444
T-00025,2025-01-12,346392,173196,103917,69278
T-00025,2025-01-23,366918,183459,110075,73383
T-00025,2025-02-03,320471,160235,96141,64094
T-00025,2025-02-14,330705,165352,99211,66141
T-00025,2025-02-25,287260,143630,86178,57452
T-00025,2025-03-08,369951,184975,110985,73990
T-00025,2025-03-19,312995,156497,93898,62599
T-00025,2025-03-30,391663,195831,117499,78332
T-00025,2025-04-10,433758,216879,130127,86751
T-00025,2025-04-21,229596,114798,68878,45919
T-00025,2025-05-02,329838,164919,98951,65967
T-00025,2025-05-13,372360,186180,111708,74472
T-00025,2025-05-24,305520,152760,91656,61104
T-00025,2025-06-04,302217,151108,90665,60443
T-00025,2025-06-15,284831,142415,85449,56966
T-00025,2025-06-26,390151,195075,117045,78030
T-00025,2025-07-07,330470,165235,99141,66094
T-00025,2025-07-18,332807,166403,99842,66561
T-00025,2025-07-29,283462,141731,85038,56692
T-00025,2025-08-09,312687,156343,93806,62537
T-00025,2025-08-20,275266,137633,82580,55053
T-00025,2025-08-31,306339,153169,91901,61267
T-00025,2025-09-11,270465,135232,81139,54093
T-00025,2025-09-22,345807,172903,103742,69161
T-00025,2025-10-03,392821,196410,117846,78564
T-00025,2025-10-14,293297,146648,87989,58659
T-00025,2025-10-25,355645,177822,106693,71129
T-00025,2025-11-05,229594,114797,68878,45918
T-00025,2025-11-16,371088,185544,111326,74217
T-00025,2025-11-27,431723,215861,129517,86344
T-00025,2025-12-08,285593,142796,85677,57118
T-00025,2025-12-19,384170,192085,115251,76834
T-00025,2025-12-30,408478,204239,122543,81695
T-00026,2025-01-01,298857,149428,89657,59771
T-00026,2025-01-16,275486,137743,82645,55097
T-00026,2025-01-31,232082,116041,69624,46416
T-00026,2025-02-15,252871,126435,75861,50574
T-00026,2025-03-02,235799,117899,70739,47159
T-00026,2025-03-17,289253,144626,86776,57850
T-00026,2025-04-01,309072,154536,92721,61814
T-00026,2025-04-16,245650,122825,73695,49130
T-00026,2025-05-01,249862,124931,74958,49972
T-00026,2025-05-16,310435,155217,93130,62087
T-00026,2025-05-31,214132,107066,64239,42826
T-00026,2025-06-15,299338,149669,89801,59867
T-00026,2025-06-30,244404,122202,73321,48880
T-00026,2025-07-15,238874,119437,71662,47774
T-00026,2025-07-30,324520,162260,97356,64904
T-00026,2025-08-14,234448,117224,70334,46889
T-00026,2025-08-29,258346,129173,77503,51669
T-00026,2025-09-13,265264,132632,79579,53052
T-00026,2025-09-28,235313,117656,70594,47062
T-00026,2025-10-13,272491,136245,81747,54498
T-00026,2025-10-28,208601,104300,62580,41720
T-00026,2025-11-12,251955,125977,75586,50391
T-00026,2025-11-27,235653,117826,70695,47130
T-00026,2025-12-12,270789,135394,81236,54157
T-00026,2025-12-27,264453,132226,79335,52890
T-00027,2025-01-01,239706,119853,71911,47941
T-00027,2025-01-08,254568,127284,76370,50913
T-00027,2025-01-15,208431,104215,62529,41686
T-00027,2025-01-22,186685,93342,56005,37337
T-00027,2025-01-29,207696,103848,62308,41539
T-00027,2025-02-05,226847,113423,68054,45369
T-00027,2025-02-12,189097,94548,56729,37819
T-00027,2025-02-19,263139,131569,78941,52627
T-00027,2025-02-26,214310,107155,64293,42862
T-00027,2025-03-05,190902,95451,57270,38180
T-00027,2025-03-12,243510,121755,73053,48702
T-00027,2025-03-19,238763,119381,71628,47752
T-00027,2025-03-26,217160,108580,65148,43432
T-00027,2025-04-02,231639,115819,69491,46327
T-00027,2025-04-09,197938,98969,59381,39587
T-00027,2025-04-16,240615,120307,72184,48123
T-00027,2025-04-23,224467,112233,67340,44893
T-00027,2025-04-30,171250,85625,51375,34250
T-00027,2025-05-07,213850,106925,64155,42770
T-00027,2025-05-14,162911,81455,48873,32582
T-00027,2025-05-21,191309,95654,57392,38261
T-00027,2025-05-28,188869,94434,56660,37773
T-00027,2025-06-04,252043,126021,75613,50408
T-00027,2025-06-11,182239,91119,54671,36447
T-00027,2025-06-18,228829,114414,68648,45765
T-00027,2025-06-25,237352,118676,71205,47470
T-00027,2025-07-02,203163,101581,60949,40632
T-00027,2025-07-09,188310,94155,56493,37662
T-00027,2025-07-16,180423,90211,54127,36084
T-00027,2025-07-23,120786,60393,36235,24157
T-00027,2025-07-30,244151,122075,73245,48830
T-00027,2025-08-06,138795,69397,41638,27759
T-00027,2025-08-13,234967,117483,70490,46993
T-00027,2025-08-20,281354,140677,84406,56270
T-00027,2025-08-27,191521,95760,57456,38304
T-00027,2025-09-03,209101,104550,62730,41820
T-00027,2025-09-10,194167,97083,58250,38833
T-00027,2025-09-17,189226,94613,56767,37845
T-00027,2025-09-24,184255,92127,55276,36851
T-00027,2025-10-01,218956,109478,65686,43791
T-00027,2025-10-08,225419,112709,67625,45083
T-00027,2025-10-15,206861,103430,62058,41372
T-00027,2025-10-22,164587,82293,49376,32917
T-00027,2025-10-29,243480,121740,73044,48696
T-00027,2025-11-05,209179,104589,62753,41835
T-00027,2025-11-12,317977,158988,95393,63595
T-00027,2025-11-19,190754,95377,57226,38150
T-00027,2025-11-26,201249,100624,60374,40249
T-00027,2025-12-03,218652,109326,65595,43730
T-00027,2025-12-10,168615,84307,50584,33723
T-00027,2025-12-17,193452,96726,58035,38690
T-00027,2025-12-24,275413,137706,82624,55082
T-00027,2025-12-31,200573,100286,60172,40114
T-00028,2025-01-01,636609,318304,190982,127321
T-00028,2025-01-20,602307,301153,180692,120461
T-00028,2025-02-08,482451,241225,144735,96490
T-00028,2025-02-27,507184,253592,152155,101436
T-00028,2025-03-18,457494,228747,137248,91498
T-00028,2025-04-06,448490,224245,134547,89698
T-00028,2025-04-25,647118,323559,194135,129423
T-00028,2025-05-14,570234,285117,171070,114046
T-00028,2025-06-02,519009,259504,155702,103801
T-00028,2025-06-21,629109,314554,188732,125821
T-00028,2025-07-10,560096,280048,168028,112019
T-00028,2025-07-29,505711,252855,151713,101142
T-00028,2025-08-17,510338,255169,153101,102067
T-00028,2025-09-05,453375,226687,136012,90675
T-00028,2025-09-24,639500,319750,191850,127900
T-00028,2025-10-13,364039,182019,109211,72807
T-00028,2025-11-01,532168,266084,159650,106433
T-00028,2025-11-20,493567,246783,148070,98713
T-00028,2025-12-09,577793,288896,173338,115558
T-00028,2025-12-28,502620,251310,150786,100524
T-00029,2025-01-01,236088,118044,70826,47217
T-00029,2025-01-20,260752,130376,78225,52150
T-00029,2025-02-08,315030,157515,94509,63006
T-00029,2025-02-27,290593,145296,87177,58118
T-00029,2025-03-18,236857,118428,71057,47371
T-00029,2025-04-06,322813,161406,96844,64562
T-00029,2025-04-25,282267,141133,84680,56453
T-00029,2025-05-14,263359,131679,79007,52671
T-00029,2025-06-02,309810,154905,92943,61962
T-00029,2025-06-21,279194,139597,83758,55838
T-00029,2025-07-10,246144,123072,73843,49228
T-00029,2025-07-29,281380,140690,84414,56276
T-00029,2025-08-17,294105,147052,88231,58821
T-00029,2025-09-05,290843,145421,87253,58168
T-00029,2025-09-24,301642,150821,90492,60328
T-00029,2025-10-13,268548,134274,80564,53709
T-00029,2025-11-01,269052,134526,80715,53810
T-00029,2025-11-20,308829,154414,92648,61765
T-00029,2025-12-09,270279,135139,81083,54055
T-00029,2025-12-28,303158,151579,90947,60631
T-00030,2025-01-01,713158,356579,213947,142631
T-00030,2025-01-09,733294,366647,219988,146658
T-00030,2025-01-17,847556,423778,254267,169511
T-00030,2025-01-25,655939,327969,196781,131187
T-00030,2025-02-02,887290,443645,266187,177458
T-00030,2025-02-10,855482,427741,256644,171096
T-00030,2025-02-18,805036,402518,241510,161007
T-00030,2025-02-26,737424,368712,221227,147484
T-00030,2025-03-06,760777,380388,228233,152155
T-00030,2025-03-14,728301,364150,218490,145660
T-00030,2025-03-22,578013,289006,173403,115602
T-00030,2025-03-30,642406,321203,192721,128481
T-00030,2025-04-07,871762,435881,261528,174352
T-00030,2025-04-15,958779,479389,287633,191755
T-00030,2025-04-23,743678,371839,223103,148735
T-00030,2025-05-01,895976,447988,268793,179195
T-00030,2025-05-09,656864,328432,197059,131372
T-00030,2025-05-17,874611,437305,262383,174922
T-00030,2025-05-25,820350,410175,246105,164070
T-00030,2025-06-02,877569,438784,263270,175513
T-00030,2025-06-10,453615,226807,136084,90723
T-00030,2025-06-18,688141,344070,206442,137628
T-00030,2025-06-26,821507,410753,246452,164301
T-00030,2025-07-04,920215,460107,276064,184043
T-00030,2025-07-12,872056,436028,261616,174411
T-00030,2025-07-20,947525,473762,284257,189505
T-00030,2025-07-28,950693,475346,285208,190138
T-00030,2025-08-05,847936,423968,254380,169587
T-00030,2025-08-13,579655,289827,173896,115931
T-00030,2025-08-21,666490,333245,199947,133298
T-00030,2025-08-29,1011464,505732,303439,202292
T-00030,2025-09-06,777100,388550,233130,155420
T-00030,2025-09-14,826117,413058,247835,165223
T-00030,2025-09-22,956998,478499,287099,191399
T-00030,2025-09-30,691737,345868,207521,138347
T-00030,2025-10-08,678024,339012,203407,135604
T-00030,2025-10-16,692983,346491,207894,138596
T-00030,2025-10-24,758761,379380,227628,151752
T-00030,2025-11-01,683752,341876,205125,136750
T-00030,2025-11-09,602046,301023,180614,120409
T-00030,2025-11-17,590784,295392,177235,118156
T-00030,2025-11-25,849988,424994,254996,169997
T-00030,2025-12-03,596183,298091,178854,119236
T-00030,2025-12-11,676915,338457,203074,135383
T-00030,2025-12-19,799529,399764,239858,159905
T-00030,2025-12-27,548386,274193,164515,109677
T-00031,2025-01-01,266520,133260,79956,53304
T-00031,2025-01-08,255706,127853,76712,51141
T-00031,2025-01-15,270378,135189,81113,54075
T-00031,2025-01-22,232447,116223,69734,46489
T-00031,2025-01-29,230716,115358,69214,46143
T-00031,2025-02-05,304287,152143,91286,60857
T-00031,2025-02-12,336716,168358,101015,67343
T-00031,2025-02-19,259616,129808,77884,51923
T-00031,2025-02-26,202511,101255,60753,40502
T-00031,2025-03-05,191136,95568,57340,38227
T-00031,2025-03-12,272498,136249,81749,54499
T-00031,2025-03-19,281992,140996,84597,56398
T-00031,2025-03-26,297175,148587,89152,59435
T-00031,2025-04-02,243015,121507,72904,48603
T-00031,2025-04-09,325360,162680,97608,65072
T-00031,2025-04-16,297245,148622,89173,59449
T-00031,2025-04-23,226976,113488,68092,45395
T-00031,2025-04-30,177433,88716,53230,35486
T-00031,2025-05-07,253702,126851,76110,50740
T-00031,2025-05-14,223203,111601,66961,44640
T-00031,2025-05-21,265020,132510,79506,53004
T-00031,2025-05-28,253163,126581,75948,50632
T-00031,2025-06-04,268628,134314,80588,53725
T-00031,2025-06-11,279368,139684,83810,55873
T-00031,2025-06-18,317449,158724,95234,63489
T-00031,2025-06-25,258125,129062,77437,51625
T-00031,2025-07-02,289832,144916,86949,57966
T-00031,2025-07-09,271165,135582,81349,54233
T-00031,2025-07-16,273283,136641,81985,54656
T-00031,2025-07-23,237931,118965,71379,47586
T-00031,2025-07-30,217051,108525,65115,43410
T-00031,2025-08-06,266266,133133,79879,53253
T-00031,2025-08-13,253821,126910,76146,50764
T-00031,2025-08-20,256948,128474,77084,51389
T-00031,2025-08-27,240435,120217,72130,48087
T-00031,2025-09-03,265648,132824,79694,53129
T-00031,2025-09-10,221612,110806,66483,44322
T-00031,2025-09-17,311742,155871,93522,62348
T-00031,2025-09-24,300099,150049,90029,60019
T-00031,2025-10-01,278788,139394,83636,55757
T-00031,2025-10-08,331769,165884,99530,66353
T-00031,2025-10-15,215090,107545,64527,43018
T-00031,2025-10-22,301322,150661,90396,60264
T-00031,2025-10-29,235644,117822,70693,47128
T-00031,2025-11-05,252173,126086,75651,50434
T-00031,2025-11-12,273345,136672,82003,54669
T-00031,2025-11-19,256721,128360,77016,51344
T-00031,2025-11-26,293864,146932,88159,58772
T-00031,2025-12-03,193282,96641,57984,38656
T-00031,2025-12-10,313260,156630,93978,62652
T-00031,2025-12-17,302579,151289,90773,60515
T-00031,2025-12-24,306279,153139,91883,61255
T-00031,2025-12-31,245854,122927,73756,49170
T-00032,2025-01-01,438759,219379,131627,87751
T-00032,2025-01-15,501696,250848,150508,100339
T-00032,2025-01-29,629383,314691,188815,125876
T-00032,2025-02-12,481644,240822,144493,96328
T-00032,2025-02-26,393176,196588,117953,78635
T-00032,2025-03-12,602126,301063,180638,120425
T-00032,2025-03-26,428609,214304,128582,85721
T-00032,2025-04-09,523916,261958,157174,104783
T-00032,2025-04-23,462122,231061,138636,92424
T-00032,2025-05-07,488614,244307,146584,97722
T-00032,2025-05-21,569101,284550,170730,113820
T-00032,2025-06-04,491569,245784,147470,98313
T-00032,2025-06-18,519028,259514,155708,103805
T-00032,2025-07-02,505580,252790,151674,101116
T-00032,2025-07-16,570256,285128,171076,114051
T-00032,2025-07-30,580989,290494,174296,116197
T-00032,2025-08-13,618559,309279,185567,123711
T-00032,2025-08-27,517533,258766,155260,103506
T-00032,2025-09-10,402057,201028,120617,80411
T-00032,2025-09-24,431799,215899,129539,86359
T-00032,2025-10-08,662695,331347,198808,132539
T-00032,2025-10-22,576342,288171,172902,115268
T-00032,2025-11-05,383896,191948,115168,76779
T-00032,2025-11-19,463843,231921,139153,92768
T-00032,2025-12-03,512733,256366,153820,102546
T-00032,2025-12-17,369833,184916,110949,73966
T-00032,2025-12-31,441360,220680,132408,88272
T-00033,2025-01-01,553163,276581,165949,110632
T-00033,2025-01-11,460357,230178,138107,92071
T-00033,2025-01-21,331323,165661,99397,66264
T-00033,2025-01-31,622186,311093,186656,124437
T-00033,2025-02-10,435513,217756,130653,87102
T-00033,2025-02-20,496728,248364,149018,99345
T-00033,2025-03-02,525513,262756,157654,105102
T-00033,2025-03-12,413612,206806,124083,82722
T-00033,2025-03-22,571462,285731,171438,114292
T-00033,2025-04-01,620971,310485,186291,124194
T-00033,2025-04-11,558674,279337,167602,111734
T-00033,2025-04-21,555557,277778,166667,111111
T-00033,2025-05-01,583787,291893,175136,116757
T-00033,2025-05-11,504394,252197,151318,100878
T-00033,2025-05-21,531656,265828,159496,106331
T-00033,2025-05-31,529883,264941,158965,105976
T-00033,2025-06-10,391980,195990,117594,78396
T-00033,2025-06-20,461450,230725,138435,92290
T-00033,2025-06-30,486287,243143,145886,97257
T-00033,2025-07-10,362932,181466,108879,72586
T-00033,2025-07-20,785333,392666,235600,157066
T-00033,2025-07-30,551881,275940,165564,110376
T-00033,2025-08-09,556872,278436,167061,111374
T-00033,2025-08-19,575741,287870,172722,115148
T-00033,2025-08-29,578503,289251,173551,115700
T-00033,2025-09-08,518193,259096,155457,103638
T-00033,2025-09-18,518387,259193,155516,103677
T-00033,2025-09-28,624814,312407,187444,124962
T-00033,2025-10-08,298474,149237,89542,59694
T-00033,2025-10-18,549598,274799,164879,109919
T-00033,2025-10-28,532501,266250,159750,106500
T-00033,2025-11-07,624041,312020,187212,124808
T-00033,2025-11-17,472092,236046,141627,94418
T-00033,2025-11-27,456170,228085,136851,91234
T-00033,2025-12-07,423492,211746,127047,84698
T-00033,2025-12-17,603077,301538,180923,120615
T-00033,2025-12-27,575098,287549,172529,115019
T-00034,2025-01-01,829355,414677,248806,165871
T-00034,2025-01-12,676025,338012,202807,135205
T-00034,2025-01-23,837805,418902,251341,167561
T-00034,2025-02-03,832631,416315,249789,166526
T-00034,2025-02-14,827471,413735,248241,165494
T-00034,2025-02-25,868070,434035,260421,173614
T-00034,2025-03-08,649053,324526,194716,129810
T-00034,2025-03-19,729703,364851,218911,145940
T-00034,2025-03-30,672244,336122,201673,134448
T-00034,2025-04-10,659090,329545,197727,131818
T-00034,2025-04-21,535536,267768,160660,107107
T-00034,2025-05-02,748135,374067,224440,149627
T-00034,2025-05-13,656322,328161,196896,131264
T-00034,2025-05-24,853195,426597,255958,170639
T-00034,2025-06-04,662422,331211,198726,132484
T-00034,2025-06-15,642542,321271,192762,128508
T-00034,2025-06-26,726252,363126,217875,145250
T-00034,2025-07-07,718321,359160,215496,143664
T-00034,2025-07-18,819293,409646,245788,163858
T-00034,2025-07-29,754724,377362,226417,150944
T-00034,2025-08-09,900665,450332,270199,180133
T-00034,2025-08-20,601150,300575,180345,120230
T-00034,2025-08-31,768627,384313,230588,153725
T-00034,2025-09-11,887009,443504,266102,177401
T-00034,2025-09-22,692838,346419,207851,138567
T-00034,2025-10-03,638768,319384,191630,127753
T-00034,2025-10-14,801447,400723,240434,160289
T-00034,2025-10-25,866955,433477,260086,173391
T-00034,2025-11-05,792029,396014,237608,158405
T-00034,2025-11-16,745130,372565,223539,149026
T-00034,2025-11-27,670053,335026,201015,134010
T-00034,2025-12-08,702078,351039,210623,140415
T-00034,2025-12-19,765094,382547,229528,153018
T-00034,2025-12-30,873779,436889,262133,174755
T-00035,2025-01-01,222006,111003,66602,44401
T-00035,2025-01-11,211081,105540,63324,42216
T-00035,2025-01-21,227167,113583,68150,45433
T-00035,2025-01-31,193124,96562,57937,38624
T-00035,2025-02-10,211885,105942,63565,42377
T-00035,2025-02-20,194718,97359,58415,38943
T-00035,2025-03-02,206141,103070,61842,41228
T-00035,2025-03-12,230743,115371,69222,46148
T-00035,2025-03-22,250334,125167,75100,50066
T-00035,2025-04-01,217425,108712,65227,43485
T-00035,2025-04-11,218562,109281,65568,43712
T-00035,2025-04-21,202594,101297,60778,40518
T-00035,2025-05-01,217528,108764,65258,43505
T-00035,2025-05-11,269377,134688,80813,53875
T-00035,2025-05-21,254147,127073,76244,50829
T-00035,2025-05-31,224952,112476,67485,44990
T-00035,2025-06-10,228570,114285,68571,45714
T-00035,2025-06-20,211474,105737,63442,42294
T-00035,2025-06-30,262089,131044,78626,52417
T-00035,2025-07-10,207008,103504,62102,41401
T-00035,2025-07-20,222017,111008,66605,44403
T-00035,2025-07-30,173919,86959,52175,34783
T-00035,2025-08-09,203667,101833,61100,40733
T-00035,2025-08-19,181350,90675,54405,36270
T-00035,2025-08-29,217078,108539,65123,43415
T-00035,2025-09-08,270367,135183,81110,54073
T-00035,2025-09-18,232005,116002,69601,46401
T-00035,2025-09-28,242719,121359,72815,48543
T-00035,2025-10-08,256602,128301,76980,51320
T-00035,2025-10-18,244327,122163,73298,48865
T-00035,2025-10-28,186307,93153,55892,37261
T-00035,2025-11-07,249235,124617,74770,49847
T-00035,2025-11-17,191961,95980,57588,38392
T-00035,2025-11-27,259476,129738,77843,51895
T-00035,2025-12-07,182392,91196,54717,36478
T-00035,2025-12-17,192009,96004,57602,38401
T-00035,2025-12-27,211057,105528,63317,42211
T-00036,2025-01-01,834215,417107,250264,166843
T-00036,2025-01-22,746319,373159,223895,149263
T-00036,2025-02-12,850009,425004,255002,170001
T-00036,2025-03-05,738768,369384,221630,147753
T-00036,2025-03-26,743079,371539,222923,148615
T-00036,2025-04-16,855033,427516,256510,171006
T-00036,2025-05-07,767577,383788,230273,153515
T-00036,2025-05-28,629501,314750,188850,125900
T-00036,2025-06-18,847411,423705,254223,169482
T-00036,2025-07-09,767251,383625,230175,153450
T-00036,2025-07-30,724373,362186,217312,144874
T-00036,2025-08-20,776688,388344,233006,155337
T-00036,2025-09-10,596601,298300,178980,119320
T-00036,2025-10-01,770839,385419,231251,154167
T-00036,2025-10-22,739387,369693,221816,147877
T-00036,2025-11-12,581296,290648,174388,116259
T-00036,2025-12-03,576444,288222,172933,115288
T-00036,2025-12-24,955653,477826,286696,191130
T-00037,2025-01-01,534890,267445,160467,106978
T-00037,2025-01-13,469201,234600,140760,93840
T-00037,2025-01-25,492361,246180,147708,98472
T-00037,2025-02-06,560248,280124,168074,112049
T-00037,2025-02-18,430806,215403,129241,86161
T-00037,2025-03-02,555637,277818,166691,111127
T-00037,2025-03-14,639570,319785,191871,127914
T-00037,2025-03-26,454118,227059,136235,90823
T-00037,2025-04-07,498851,249425,149655,99770
T-00037,2025-04-19,593567,296783,178070,118713
T-00037,2025-05-01,492195,246097,147658,98439
T-00037,2025-05-13,528768,264384,158630,105753
T-00037,2025-05-25,679043,339521,203713,135808
T-00037,2025-06-06,531326,265663,159397,106265
T-00037,2025-06-18,517527,258763,155258,103505
T-00037,2025-06-30,489280,244640,146784,97856
T-00037,2025-07-12,623464,311732,187039,124692
T-00037,2025-07-24,635917,317958,190775,127183
T-00037,2025-08-05,406572,203286,121971,81314
T-00037,2025-08-17,483712,241856,145113,96742
T-00037,2025-08-29,393065,196532,117919,78613
T-00037,2025-09-10,673985,336992,202195,134797
T-00037,2025-09-22,531711,265855,159513,106342
T-00037,2025-10-04,550027,275013,165008,110005
T-00037,2025-10-16,467252,233626,140175,93450
T-00037,2025-10-28,554834,277417,166450,110966
T-00037,2025-11-09,502195,251097,150658,100439
T-00037,2025-11-21,416706,208353,125012,83341
T-00037,2025-12-03,553635,276817,166090,110727
T-00037,2025-12-15,544577,272288,163373,108915
T-00037,2025-12-27,516945,258472,155083,103389
T-00038,2025-01-01,500462,250231,150138,100092
T-00038,2025-01-13,697527,348763,209258,139505
T-00038,2025-01-25,572568,286284,171770,114513
T-00038,2025-02-06,575647,287823,172694,115129
T-00038,2025-02-18,609889,304944,182966,121977
T-00038,2025-03-02,593174,296587,177952,118634
T-00038,2025-03-14,556167,278083,166850,111233
T-00038,2025-03-26,599254,299627,179776,119850
T-00038,2025-04-07,738088,369044,221426,147617
T-00038,2025-04-19,560520,280260,168156,112104
T-00038,2025-05-01,709094,354547,212728,141818
T-00038,2025-05-13,552740,276370,165822,110548
T-00038,2025-05-25,433962,216981,130188,86792
T-00038,2025-06-06,504087,252043,151226,100817
T-00038,2025-06-18,617318,308659,185195,123463
T-00038,2025-06-30,578389,289194,173516,115677
T-00038,2025-07-12,625784,312892,187735,125156
T-00038,2025-07-24,798623,399311,239586,159724
T-00038,2025-08-05,471464,235732,141439,94292
T-00038,2025-08-17,625642,312821,187692,125128
T-00038,2025-08-29,493079,246539,147923,98615
T-00038,2025-09-10,701160,350580,210348,140232
T-00038,2025-09-22,755630,377815,226689,151126
T-00038,2025-10-04,614882,307441,184464,122976
T-00038,2025-10-16,649599,324799,194879,129919
T-00038,2025-10-28,697948,348974,209384,139589
T-00038,2025-11-09,375370,187685,112611,75074
T-00038,2025-11-21,656354,328177,196906,131270
T-00038,2025-12-03,730186,365093,219055,146037
T-00038,2025-12-15,678851,339425,203655,135770
T-00038,2025-12-27,451658,225829,135497,90331
T-00039,2025-01-01,271418,135709,81425,54283
T-00039,2025-01-14,255832,127916,76749,51166
T-00039,2025-01-27,240071,120035,72021,48014
T-00039,2025-02-09,260326,130163,78098,52065
T-00039,2025-02-22,216815,108407,65044,43363
T-00039,2025-03-07,214369,107184,64310,42873
T-00039,2025-03-20,276971,138485,83091,55394
T-00039,2025-04-02,191952,95976,57585,38390
T-00039,2025-04-15,305391,152695,91617,61078
T-00039,2025-04-28,240957,120478,72287,48191
T-00039,2025-05-11,289434,144717,86830,57886
T-00039,2025-05-24,235786,117893,70736,47157
T-00039,2025-06-06,326556,163278,97966,65311
T-00039,2025-06-19,262314,131157,78694,52462
T-00039,2025-07-02,226737,113368,68021,45347
T-00039,2025-07-15,275254,137627,82576,55050
T-00039,2025-07-28,284269,142134,85280,56853
T-00039,2025-08-10,299868,149934,89960,59973
T-00039,2025-08-23,244082,122041,73224,48816
T-00039,2025-09-05,336531,168265,100959,67306
T-00039,2025-09-18,282571,141285,84771,56514
T-00039,2025-10-01,251882,125941,75564,50376
T-00039,2025-10-14,293485,146742,88045,58697
T-00039,2025-10-27,328743,164371,98623,65748
T-00039,2025-11-09,278337,139168,83501,55667
T-00039,2025-11-22,275378,137689,82613,55075
T-00039,2025-12-05,235019,117509,70505,47003
T-00039,2025-12-18,216259,108129,64877,43251
T-00039,2025-12-31,289261,144630,86778,57852
T-00040,2025-01-01,330217,165108,99065,66043
T-00040,2025-01-15,308740,154370,92622,61748
T-00040,2025-01-29,258399,129199,77519,51679
T-00040,2025-02-12,341238,170619,102371,68247
T-00040,2025-02-26,295374,147687,88612,59074
T-00040,2025-03-12,238646,119323,71593,47729
T-00040,2025-03-26,350269,175134,105080,70053
T-00040,2025-04-09,332205,166102,99661,66441
T-00040,2025-04-23,309327,154663,92798,61865
T-00040,2025-05-07,341390,170695,102417,68278
T-00040,2025-05-21,331805,165902,99541,66361
T-00040,2025-06-04,209192,104596,62757,41838
T-00040,2025-06-18,286805,143402,86041,57361
T-00040,2025-07-02,341142,170571,102342,68228
T-00040,2025-07-16,358128,179064,107438,71625
T-00040,2025-07-30,340683,170341,102205,68136
T-00040,2025-08-13,365173,182586,109552,73034
T-00040,2025-08-27,291884,145942,87565,58376
T-00040,2025-09-10,226671,113335,68001,45334
T-00040,2025-09-24,261288,130644,78386,52257
T-00040,2025-10-08,238438,119219,71531,47687
T-00040,2025-10-22,279833,139916,83950,55966
T-00040,2025-11-05,284165,142082,85249,56833
T-00040,2025-11-19,257249,128624,77174,51449
T-00040,2025-12-03,301774,150887,90532,60354
T-00040,2025-12-17,316416,158208,94925,63283
T-00040,2025-12-31,360791,180395,108237,72158
T-00041,2025-01-01,301884,150942,90565,60376
T-00041,2025-01-10,198671,99335,59601,39734
T-00041,2025-01-19,232619,116309,69785,46523
T-00041,2025-01-28,212148,106074,63644,42429
T-00041,2025-02-06,260788,130394,78236,52157
T-00041,2025-02-15,246190,123095,73857,49238
T-00041,2025-02-24,219783,109891,65935,43956
T-00041,2025-03-05,239429,119714,71828,47885
T-00041,2025-03-14,281115,140557,84334,56223
T-00041,2025-03-23,179321,89660,53796,35864
T-00041,2025-04-01,213422,106711,64026,42684
T-00041,2025-04-10,223819,111909,67145,44763
T-00041,2025-04-19,194073,97036,58221,38814
T-00041,2025-04-28,213706,106853,64112,42741
T-00041,2025-05-07,255710,127855,76713,51142
T-00041,2025-05-16,221151,110575,66345,44230
T-00041,2025-05-25,254577,127288,76373,50915
T-00041,2025-06-03,237894,118947,71368,47578
T-00041,2025-06-12,297865,148932,89359,59573
T-00041,2025-06-21,199655,99827,59896,39931
T-00041,2025-06-30,278183,139091,83455,55636
T-00041,2025-07-09,205284,102642,61585,41056
T-00041,2025-07-18,305211,152605,91563,61042
T-00041,2025-07-27,213868,106934,64160,42773
T-00041,2025-08-05,285857,142928,85757,57171
T-00041,2025-08-14,268514,134257,80554,53702
T-00041,2025-08-23,262533,131266,78760,52506
T-00041,2025-09-01,198655,99327,59596,39731
T-00041,2025-09-10,291508,145754,87452,58301
T-00041,2025-09-19,246382,123191,73914,49276
T-00041,2025-09-28,191042,95521,57312,38208
T-00041,2025-10-07,269280,134640,80784,53856
T-00041,2025-10-16,289825,144912,86947,57965
T-00041,2025-10-25,235572,117786,70671,47114
T-00041,2025-11-03,210068,105034,63020,42013
T-00041,2025-11-12,247123,123561,74137,49424
T-00041,2025-11-21,256381,128190,76914,51276
T-00041,2025-11-30,243109,121554,72932,48621
T-00041,2025-12-09,278728,139364,83618,55745
T-00041,2025-12-18,188235,94117,56470,37647
T-00041,2025-12-27,299390,149695,89817,59878
T-00042,2025-01-01,540933,270466,162280,108186
T-00042,2025-01-09,620375,310187,186112,124075
T-00042,2025-01-17,697519,348759,209255,139503
T-00042,2025-01-25,647406,323703,194222,129481
T-00042,2025-02-02,592113,296056,177634,118422
T-00042,2025-02-10,578785,289392,173635,115757
T-00042,2025-02-18,587277,293638,176183,117455
T-00042,2025-02-26,598958,299479,179687,119791
T-00042,2025-03-06,820691,410345,246207,164138
T-00042,2025-03-14,612617,306308,183785,122523
T-00042,2025-03-22,721293,360646,216387,144258
T-00042,2025-03-30,718507,359253,215552,143701
T-00042,2025-04-07,745750,372875,223725,149150
T-00042,2025-04-15,719538,359769,215861,143907
T-00042,2025-04-23,758480,379240,227544,151696
T-00042,2025-05-01,594175,297087,178252,118835
T-00042,2025-05-09,674818,337409,202445,134963
T-00042,2025-05-17,649932,324966,194979,129986
T-00042,2025-05-25,778995,389497,233698,155799
T-00042,2025-06-02,591890,295945,177567,118378
T-00042,2025-06-10,531997,265998,159599,106399
T-00042,2025-06-18,743625,371812,223087,148725
T-00042,2025-06-26,817270,408635,245181,163454
T-00042,2025-07-04,536269,268134,160880,107253
T-00042,2025-07-12,610020,305010,183006,122004
T-00042,2025-07-20,844055,422027,253216,168811
T-00042,2025-07-28,593836,296918,178150,118767
T-00042,2025-08-05,615687,307843,184706,123137
T-00042,2025-08-13,632035,316017,189610,126407
T-00042,2025-08-21,673555,336777,202066,134711
T-00042,2025-08-29,477784,238892,143335,95556
T-00042,2025-09-06,601578,300789,180473,120315
T-00042,2025-09-14,621367,310683,186410,124273
T-00042,2025-09-22,544532,272266,163359,108906
T-00042,2025-09-30,752849,376424,225854,150569
T-00042,2025-10-08,642842,321421,192852,128568
T-00042,2025-10-16,705226,352613,211567,141045
T-00042,2025-10-24,728432,364216,218529,145686
T-00042,2025-11-01,637653,318826,191296,127530
T-00042,2025-11-09,609378,304689,182813,121875
T-00042,2025-11-17,587922,293961,176376,117584
T-00042,2025-11-25,967826,483913,290347,193565
T-00042,2025-12-03,535014,267507,160504,107002
T-00042,2025-12-11,719499,359749,215849,143899
T-00042,2025-12-19,726082,363041,217824,145216
T-00042,2025-12-27,645338,322669,193601,129067
T-00043,2025-01-01,748641,374320,224592,149728
T-00043,2025-01-19,772830,386415,231849,154566
T-00043,2025-02-06,665556,332778,199666,133111
T-00043,2025-02-24,1104662,552331,331398,220932
T-00043,2025-03-14,727116,363558,218134,145423
T-00043,2025-04-01,818243,409121,245473,163648
T-00043,2025-04-19,998371,499185,299511,199674
T-00043,2025-05-07,817207,408603,245162,163441
T-00043,2025-05-25,826578,413289,247973,165315
T-00043,2025-06-12,729226,364613,218768,145845
T-00043,2025-06-30,868117,434058,260435,173623
T-00043,2025-07-18,769287,384643,230786,153857
T-00043,2025-08-05,618964,309482,185689,123792
T-00043,2025-08-23,1040737,520368,312221,208147
T-00043,2025-09-10,605331,302665,181599,121066
T-00043,2025-09-28,879897,439948,263969,175979
T-00043,2025-10-16,547842,273921,164352,109568
T-00043,2025-11-03,807591,403795,242277,161518
T-00043,2025-11-21,824188,412094,247256,164837
T-00043,2025-12-09,763386,381693,229015,152677
T-00043,2025-12-27,646959,323479,194087,129391
T-00044,2025-01-01,229917,114958,68975,45983
T-00044,2025-01-14,235695,117847,70708,47139
T-00044,2025-01-27,213104,106552,63931,42620
T-00044,2025-02-09,249171,124585,74751,49834
T-00044,2025-02-22,219011,109505,65703,43802
T-00044,2025-03-07,177675,88837,53302,35535
T-00044,2025-03-20,225290,112645,67587,45058
T-00044,2025-04-02,316238,158119,94871,63247
T-00044,2025-04-15,276855,138427,83056,55371
T-00044,2025-04-28,236555,118277,70966,47311
T-00044,2025-05-11,239670,119835,71901,47934
T-00044,2025-05-24,225191,112595,67557,45038
T-00044,2025-06-06,264334,132167,79300,52866
T-00044,2025-06-19,182079,91039,54623,36415
T-00044,2025-07-02,199758,99879,59927,39951
T-00044,2025-07-15,269134,134567,80740,53826
T-00044,2025-07-28,225541,112770,67662,45108
T-00044,2025-08-10,255889,127944,76766,51177
T-00044,2025-08-23,206341,103170,61902,41268
T-00044,2025-09-05,267862,133931,80358,53572
T-00044,2025-09-18,163103,81551,48931,32620
T-00044,2025-10-01,248101,124050,74430,49620
T-00044,2025-10-14,186491,93245,55947,37298
T-00044,2025-10-27,220716,110358,66215,44143
T-00044,2025-11-09,151900,75950,45570,30380
T-00044,2025-11-22,270409,135204,81122,54081
T-00044,2025-12-05,188261,94130,56478,37652
T-00044,2025-12-18,226777,113388,68033,45355
T-00044,2025-12-31,249756,124878,74927,49951
T-00045,2025-01-01,186873,93436,56062,37374
T-00045,2025-01-11,224404,112202,67321,44880
T-00045,2025-01-21,255858,127929,76757,51171
T-00045,2025-01-31,234855,117427,70456,46971
T-00045,2025-02-10,254429,127214,76328,50885
T-00045,2025-02-20,182875,91437,54862,36575
T-00045,2025-03-02,254206,127103,76261,50841
T-00045,2025-03-12,196044,98022,58813,39208
T-00045,2025-03-22,219342,109671,65802,43868
T-00045,2025-04-01,224590,112295,67377,44918
T-00045,2025-04-11,219806,109903,65941,43961
T-00045,2025-04-21,243753,121876,73126,48750
T-00045,2025-05-01,239651,119825,71895,47930
T-00045,2025-05-11,177475,88737,53242,35495
T-00045,2025-05-21,266993,133496,80097,53398
T-00045,2025-05-31,183299,91649,54989,36659
T-00045,2025-06-10,189459,94729,56837,37891
T-00045,2025-06-20,185279,92639,55583,37055
T-00045,2025-06-30,165724,82862,49717,33144
T-00045,2025-07-10,238421,119210,71526,47684
T-00045,2025-07-20,181405,90702,54421,36281
T-00045,2025-07-30,226089,113044,67826,45217
T-00045,2025-08-09,189278,94639,56783,37855
T-00045,2025-08-19,236917,118458,71075,47383
T-00045,2025-08-29,238042,119021,71412,47608
T-00045,2025-09-08,227427,113713,68228,45485
T-00045,2025-09-18,181805,90902,54541,36361
T-00045,2025-09-28,228812,114406,68643,45762
T-00045,2025-10-08,224590,112295,67377,44918
T-00045,2025-10-18,236717,118358,71015,47343
T-00045,2025-10-28,171175,85587,51352,34235
T-00045,2025-11-07,229707,114853,68912,45941
T-00045,2025-11-17,228333,114166,68500,45666
T-00045,2025-11-27,193026,96513,57907,38605
T-00045,2025-12-07,178230,89115,53469,35646
T-00045,2025-12-17,221013,110506,66304,44202
T-00045,2025-12-27,213003,106501,63901,42600
T-00046,2025-01-01,685784,342892,205735,137156
T-00046,2025-01-17,681650,340825,204495,136330
T-00046,2025-02-02,792383,396191,237715,158476
T-00046,2025-02-18,747860,373930,224358,149572
T-00046,2025-03-06,795052,397526,238515,159010
T-00046,2025-03-22,605113,302556,181533,121022
T-00046,2025-04-07,709790,354895,212937,141958
T-00046,2025-04-23,749756,374878,224926,149951
T-00046,2025-05-09,829857,414928,248957,165971
T-00046,2025-05-25,780623,390311,234187,156124
T-00046,2025-06-10,755427,377713,226628,151085
T-00046,2025-06-26,823639,411819,247091,164727
T-00046,2025-07-12,825928,412964,247778,165185
T-00046,2025-07-28,716560,358280,214968,143312
T-00046,2025-08-13,881441,440720,264432,176288
T-00046,2025-08-29,878116,439058,263434,175623
T-00046,2025-09-14,564134,282067,169240,112826
T-00046,2025-09-30,489087,244543,146726,97817
T-00046,2025-10-16,650558,325279,195167,130111
T-00046,2025-11-01,923290,461645,276987,184658
T-00046,2025-11-17,600590,300295,180177,120118
T-00046,2025-12-03,924193,462096,277257,184838
T-00046,2025-12-19,822327,411163,246698,164465
T-00047,2025-01-01,492299,246149,147689,98459
T-00047,2025-01-17,656285,328142,196885,131257
T-00047,2025-02-02,600775,300387,180232,120155
T-00047,2025-02-18,719124,359562,215737,143824
T-00047,2025-03-06,582448,291224,174734,116489
T-00047,2025-03-22,624965,312482,187489,124993
T-00047,2025-04-07,592499,296249,177749,118499
T-00047,2025-04-23,600381,300190,180114,120076
T-00047,2025-05-09,529351,264675,158805,105870
T-00047,2025-05-25,458350,229175,137505,91670
T-00047,2025-06-10,537008,268504,161102,107401
T-00047,2025-06-26,515291,257645,154587,103058
T-00047,2025-07-12,547854,273927,164356,109570
T-00047,2025-07-28,570206,285103,171061,114041
T-00047,2025-08-13,460045,230022,138013,92009
T-00047,2025-08-29,606313,303156,181894,121262
T-00047,2025-09-14,628404,314202,188521,125680
T-00047,2025-09-30,575038,287519,172511,115007
T-00047,2025-10-16,591788,295894,177536,118357
T-00047,2025-11-01,537673,268836,161302,107534
T-00047,2025-11-17,491959,245979,147587,98391
T-00047,2025-12-03,425309,212654,127592,85061
T-00047,2025-12-19,530326,265163,159098,106065
T-00048,2025-01-01,226487,113243,67946,45297
T-00048,2025-01-20,251900,125950,75570,50380
T-00048,2025-02-08,192587,96293,57776,38517
T-00048,2025-02-27,217826,108913,65347,43565
T-00048,2025-03-18,207857,103928,62357,41571
T-00048,2025-04-06,241395,120697,72418,48279
T-00048,2025-04-25,215350,107675,64605,43070
T-00048,2025-05-14,202333,101166,60700,40466
T-00048,2025-06-02,255202,127601,76560,51040
T-00048,2025-06-21,222323,111161,66696,44464
T-00048,2025-07-10,329929,164964,98978,65985
T-00048,2025-07-29,199607,99803,59882,39921
T-00048,2025-08-17,172387,86193,51716,34477
T-00048,2025-09-05,267267,133633,80180,53453
T-00048,2025-09-24,230884,115442,69265,46176
T-00048,2025-10-13,296294,148147,88888,59258
T-00048,2025-11-01,263698,131849,79109,52739
T-00048,2025-11-20,247997,123998,74399,49599
T-00048,2025-12-09,167049,83524,50114,33409
T-00048,2025-12-28,233276,116638,69982,46655
T-00049,2025-01-01,201251,100625,60375,40250
T-00049,2025-01-08,252995,126497,75898,50599
T-00049,2025-01-15,302693,151346,90808,60538
T-00049,2025-01-22,252628,126314,75788,50525
T-00049,2025-01-29,240981,120490,72294,48196
T-00049,2025-02-05,189826,94913,56948,37965
T-00049,2025-02-12,314780,157390,94434,62956
T-00049,2025-02-19,244519,122259,73355,48903
T-00049,2025-02-26,243531,121765,73059,48706
T-00049,2025-03-05,327833,163916,98349,65566
T-00049,2025-03-12,339868,169934,101960,67973
T-00049,2025-03-19,248916,124458,74674,49783
T-00049,2025-03-26,196988,98494,59096,39397
T-00049,2025-04-02,311492,155746,93447,62298
T-00049,2025-04-09,263291,131645,78987,52658
T-00049,2025-04-16,213028,106514,63908,42605
T-00049,2025-04-23,222974,111487,66892,44594
T-00049,2025-04-30,231748,115874,69524,46349
T-00049,2025-05-07,234028,117014,70208,46805
T-00049,2025-05-14,286875,143437,86062,57375
T-00049,2025-05-21,263435,131717,79030,52687
T-00049,2025-05-28,301586,150793,90476,60317
T-00049,2025-06-04,227539,113769,68261,45507
T-00049,2025-06-11,246182,123091,73854,49236
T-00049,2025-06-18,262424,131212,78727,52484
T-00049,2025-06-25,234681,117340,70404,46936
T-00049,2025-07-02,212837,106418,63851,42567
T-00049,2025-07-09,281062,140531,84318,56212
T-00049,2025-07-16,243226,121613,72967,48645
T-00049,2025-07-23,222924,111462,66877,44584
T-00049,2025-07-30,275456,137728,82637,55091
T-00049,2025-08-06,302008,151004,90602,60401
T-00049,2025-08-13,272533,136266,81759,54506
T-00049,2025-08-20,175171,87585,52551,35034
T-00049,2025-08-27,253811,126905,76143,50762
T-00049,2025-09-03,220204,110102,66061,44040
T-00049,2025-09-10,229457,114728,68837,45891
T-00049,2025-09-17,266176,133088,79852,53235
T-00049,2025-09-24,169387,84693,50816,33877
T-00049,2025-10-01,173883,86941,52164,34776
T-00049,2025-10-08,272506,136253,81751,54501
T-00049,2025-10-15,149907,74953,44972,29981
T-00049,2025-10-22,234871,117435,70461,46974
T-00049,2025-10-29,308103,154051,92431,61620
T-00049,2025-11-05,269649,134824,80894,53929
T-00049,2025-11-12,260403,130201,78120,52080
T-00049,2025-11-19,284383,142191,85315,56876
T-00049,2025-11-26,263238,131619,78971,52647
T-00049,2025-12-03,405178,202589,121553,81035
T-00049,2025-12-10,175282,87641,52584,35056
T-00049,2025-12-17,244005,122002,73201,48801
T-00049,2025-12-24,265990,132995,79797,53198
T-00049,2025-12-31,238772,119386,71631,47754
T-00050,2025-01-01,573407,286703,172022,114681
T-00050,2025-01-15,484309,242154,145292,96861
T-00050,2025-01-29,587856,293928,176357,117571
T-00050,2025-02-12,584676,292338,175402,116935
T-00050,2025-02-26,576651,288325,172995,115330
T-00050,2025-03-12,558253,279126,167476,111650
T-00050,2025-03-26,691472,345736,207441,138294
T-00050,2025-04-09,610488,305244,183146,122097
T-00050,2025-04-23,636223,318111,190866,127244
T-00050,2025-05-07,559393,279696,167818,111878
T-00050,2025-05-21,608688,304344,182606,121737
T-00050,2025-06-04,635629,317814,190688,127125
T-00050,2025-06-18,616068,308034,184820,123213
T-00050,2025-07-02,775422,387711,232626,155084
T-00050,2025-07-16,708743,354371,212623,141748
T-00050,2025-07-30,543366,271683,163010,108673
T-00050,2025-08-13,709392,354696,212817,141878
T-00050,2025-08-27,570195,285097,171058,114039
T-00050,2025-09-10,472806,236403,141841,94561
T-00050,2025-09-24,720727,360363,216218,144145
T-00050,2025-10-08,687237,343618,206171,137447
T-00050,2025-10-22,657477,328738,197243,131495
T-00050,2025-11-05,635013,317506,190504,127002
T-00050,2025-11-19,609422,304711,182826,121884
T-00050,2025-12-03,740423,370211,222127,148084
T-00050,2025-12-17,670890,335445,201267,134178
T-00050,2025-12-31,537754,268877,161326,107550
T-00051,2025-01-01,935219,467609,280565,187043
T-00051,2025-01-08,844613,422306,253383,168922
T-00051,2025-01-15,867224,433612,260167,173444
T-00051,2025-01-22,618035,309017,185410,123607
T-00051,2025-01-29,673355,336677,202006,134671
T-00051,2025-02-05,682204,341102,204661,136440
T-00051,2025-02-12,876945,438472,263083,175389
T-00051,2025-02-19,712228,356114,213668,142445
T-00051,2025-02-26,677605,338802,203281,135521
T-00051,2025-03-05,538639,269319,161591,107727
T-00051,2025-03-12,528452,264226,158535,105690
T-00051,2025-03-19,733371,366685,220011,146674
T-00051,2025-03-26,961885,480942,288565,192377
T-00051,2025-04-02,842297,421148,252689,168459
T-00051,2025-04-09,881460,440730,264438,176292
T-00051,2025-04-16,646931,323465,194079,129386
T-00051,2025-04-23,763208,381604,228962,152641
T-00051,2025-04-30,770345,385172,231103,154069
T-00051,2025-05-07,822416,411208,246724,164483
T-00051,2025-05-14,773091,386545,231927,154618
T-00051,2025-05-21,634290,317145,190287,126858
T-00051,2025-05-28,727360,363680,218208,145472
T-00051,2025-06-04,615377,307688,184613,123075
T-00051,2025-06-11,1009057,504528,302717,201811
T-00051,2025-06-18,807925,403962,242377,161585
T-00051,2025-06-25,749006,374503,224702,149801
T-00051,2025-07-02,635194,317597,190558,127038
T-00051,2025-07-09,749611,374805,224883,149922
T-00051,2025-07-16,602978,301489,180893,120595
T-00051,2025-07-23,778143,389071,233443,155628
T-00051,2025-07-30,528947,264473,158684,105789
T-00051,2025-08-06,645368,322684,193610,129073
T-00051,2025-08-13,950816,475408,285244,190163
T-00051,2025-08-20,802860,401430,240858,160572
T-00051,2025-08-27,795022,397511,238506,159004
T-00051,2025-09-03,569017,284508,170705,113803
T-00051,2025-09-10,688634,344317,206590,137726
T-00051,2025-09-17,730592,365296,219177,146118
T-00051,2025-09-24,597931,298965,179379,119586
T-00051,2025-10-01,585710,292855,175713,117142
T-00051,2025-10-08,856415,428207,256924,171283
T-00051,2025-10-15,572124,286062,171637,114424
T-00051,2025-10-22,690853,345426,207256,138170
T-00051,2025-10-29,802325,401162,240697,160465
T-00051,2025-11-05,689519,344759,206855,137903
T-00051,2025-11-12,695269,347634,208580,139053
T-00051,2025-11-19,533178,266589,159953,106635
T-00051,2025-11-26,697815,348907,209344,139563
T-00051,2025-12-03,790930,395465,237279,158186
T-00051,2025-12-10,684334,342167,205300,136866
T-00051,2025-12-17,464422,232211,139326,92884
T-00051,2025-12-24,667835,333917,200350,133567
T-00051,2025-12-31,631818,315909,189545,126363
T-00052,2025-01-01,529645,264822,158893,105929
T-00052,2025-01-14,498024,249012,149407,99604
T-00052,2025-01-27,449184,224592,134755,89836
T-00052,2025-02-09,573054,286527,171916,114610
T-00052,2025-02-22,478810,239405,143643,95762
T-00052,2025-03-07,581275,290637,174382,116255
T-00052,2025-03-20,616277,308138,184883,123255
T-00052,2025-04-02,498519,249259,149555,99703
T-00052,2025-04-15,619283,309641,185784,123856
T-00052,2025-04-28,469131,234565,140739,93826
T-00052,2025-05-11,463279,231639,138983,92655
T-00052,2025-05-24,457529,228764,137258,91505
T-00052,2025-06-06,541095,270547,162328,108219
T-00052,2025-06-19,493840,246920,148152,98768
T-00052,2025-07-02,498787,249393,149636,99757
T-00052,2025-07-15,483315,241657,144994,96663
T-00052,2025-07-28,550325,275162,165097,110065
T-00052,2025-08-10,526449,263224,157934,105289
T-00052,2025-08-23,579551,289775,173865,115910
T-00052,2025-09-05,659073,329536,197721,131814
T-00052,2025-09-18,653508,326754,196052,130701
T-00052,2025-10-01,467273,233636,140182,93454
T-00052,2025-10-14,586043,293021,175813,117208
T-00052,2025-10-27,543429,271714,163028,108685
T-00052,2025-11-09,619541,309770,185862,123908
T-00052,2025-11-22,370093,185046,111027,74018
T-00052,2025-12-05,510364,255182,153109,102072
T-00052,2025-12-18,520543,260271,156163,104108
T-00052,2025-12-31,371350,185675,111405,74270
T-00053,2025-01-01,630289,315144,189086,126057
T-00053,2025-01-10,687311,343655,206193,137462
T-00053,2025-01-19,608257,304128,182477,121651
T-00053,2025-01-28,537047,268523,161114,107409
T-00053,2025-02-06,713411,356705,214023,142682
T-00053,2025-02-15,671007,335503,201302,134201
T-00053,2025-02-24,670665,335332,201199,134133
T-00053,2025-03-05,551577,275788,165473,110315
T-00053,2025-03-14,769659,384829,230897,153931
T-00053,2025-03-23,549475,274737,164842,109895
T-00053,2025-04-01,650449,325224,195134,130089
T-00053,2025-04-10,669974,334987,200992,133994
T-00053,2025-04-19,443948,221974,133184,88789
T-00053,2025-04-28,509476,254738,152843,101895
T-00053,2025-05-07,589155,294577,176746,117831
T-00053,2025-05-16,652999,326499,195899,130599
T-00053,2025-05-25,640273,320136,192082,128054
T-00053,2025-06-03,547051,273525,164115,109410
T-00053,2025-06-12,770207,385103,231062,154041
T-00053,2025-06-21,572246,286123,171673,114449
T-00053,2025-06-30,662461,331230,198738,132492
T-00053,2025-07-09,583864,291932,175159,116772
T-00053,2025-07-18,685454,342727,205636,137090
T-00053,2025-07-27,739008,369504,221702,147801
T-00053,2025-08-05,623726,311863,187117,124745
T-00053,2025-08-14,608741,304370,182622,121748
T-00053,2025-08-23,456777,228388,137033,91355
T-00053,2025-09-01,755356,377678,226606,151071
T-00053,2025-09-10,657999,328999,197399,131599
T-00053,2025-09-19,522491,261245,156747,104498
T-00053,2025-09-28,660819,330409,198245,132163
T-00053,2025-10-07,695368,347684,208610,139073
T-00053,2025-10-16,607828,303914,182348,121565
T-00053,2025-10-25,561208,280604,168362,112241
T-00053,2025-11-03,660502,330251,198150,132100
T-00053,2025-11-12,551509,275754,165452,110301
T-00053,2025-11-21,606757,303378,182027,121351
T-00053,2025-11-30,694925,347462,208477,138985
T-00053,2025-12-09,582829,291414,174848,116565
T-00053,2025-12-18,582310,291155,174693,116462
T-00053,2025-12-27,466025,233012,139807,93205
T-00054,2025-01-01,435696,217848,130708,87139
T-00054,2025-01-13,641623,320811,192487,128324
T-00054,2025-01-25,486328,243164,145898,97265
T-00054,2025-02-06,498158,249079,149447,99631
T-00054,2025-02-18,479258,239629,143777,95851
T-00054,2025-03-02,394415,197207,118324,78883
T-00054,2025-03-14,547683,273841,164305,109536
T-00054,2025-03-26,501618,250809,150485,100323
T-00054,2025-04-07,583811,291905,175143,116762
T-00054,2025-04-19,597276,298638,179182,119455
T-00054,2025-05-01,474617,237308,142385,94923
T-00054,2025-05-13,417290,208645,125187,83458
T-00054,2025-05-25,613268,306634,183980,122653
T-00054,2025-06-06,613518,306759,184055,122703
T-00054,2025-06-18,446430,223215,133929,89286
T-00054,2025-06-30,472389,236194,141716,94477
T-00054,2025-07-12,438957,219478,131687,87791
T-00054,2025-07-24,606659,303329,181997,121331
T-00054,2025-08-05,681827,340913,204548,136365
T-00054,2025-08-17,592163,296081,177649,118432
T-00054,2025-08-29,485434,242717,145630,97086
T-00054,2025-09-10,384129,192064,115238,76825
T-00054,2025-09-22,383877,191938,115163,76775
T-00054,2025-10-04,570094,285047,171028,114018
T-00054,2025-10-16,569141,284570,170742,113828
T-00054,2025-10-28,552838,276419,165851,110567
T-00054,2025-11-09,458576,229288,137572,91715
T-00054,2025-11-21,472994,236497,141898,94598
T-00054,2025-12-03,607256,303628,182177,121451
T-00054,2025-12-15,629975,314987,188992,125995
T-00054,2025-12-27,668794,334397,200638,133758
T-00055,2025-01-01,325548,162774,97664,65109
T-00055,2025-01-14,335826,167913,100747,67165
T-00055,2025-01-27,244153,122076,73245,48830
T-00055,2025-02-09,293678,146839,88103,58735
T-00055,2025-02-22,295110,147555,88533,59022
T-00055,2025-03-07,292634,146317,87790,58526
T-00055,2025-03-20,225732,112866,67719,45146
T-00055,2025-04-02,231337,115668,69401,46267
T-00055,2025-04-15,295979,147989,88793,59195
T-00055,2025-04-28,248388,124194,74516,49677
T-00055,2025-05-11,222433,111216,66730,44486
T-00055,2025-05-24,214101,107050,64230,42820
T-00055,2025-06-06,305045,152522,91513,61009
T-00055,2025-06-19,272342,136171,81702,54468
T-00055,2025-07-02,265496,132748,79649,53099
T-00055,2025-07-15,198673,99336,59601,39734
T-00055,2025-07-28,258131,129065,77439,51626
T-00055,2025-08-10,282541,141270,84762,56508
T-00055,2025-08-23,274102,137051,82230,54820
T-00055,2025-09-05,288979,144489,86693,57795
T-00055,2025-09-18,290386,145193,87116,58077
T-00055,2025-10-01,307060,153530,92118,61412
T-00055,2025-10-14,270886,135443,81265,54177
T-00055,2025-10-27,236689,118344,71006,47337
T-00055,2025-11-09,322094,161047,96628,64418
T-00055,2025-11-22,266828,133414,80048,53365
T-00055,2025-12-05,311617,155808,93485,62323
T-00055,2025-12-18,342163,171081,102649,68432
T-00055,2025-12-31,249974,124987,74992,49994
T-00056,2025-01-01,308345,154172,92503,61669
T-00056,2025-01-14,288359,144179,86507,57671
T-00056,2025-01-27,337398,168699,101219,67479
T-00056,2025-02-09,257042,128521,77112,51408
T-00056,2025-02-22,350307,175153,105092,70061
T-00056,2025-03-07,301558,150779,90467,60311
T-00056,2025-03-20,259481,129740,77844,51896
T-00056,2025-04-02,299342,149671,89802,59868
T-00056,2025-04-15,337177,168588,101153,67435
T-00056,2025-04-28,365202,182601,109560,73040
T-00056,2025-05-11,288538,144269,86561,57707
T-00056,2025-05-24,285124,142562,85537,57024
T-00056,2025-06-06,186794,93397,56038,37358
T-00056,2025-06-19,313109,156554,93932,62621
T-00056,2025-07-02,249933,124966,74980,49986
T-00056,2025-07-15,255735,127867,76720,51147
T-00056,2025-07-28,348837,174418,104651,69767
T-00056,2025-08-10,256074,128037,76822,51214
T-00056,2025-08-23,252148,126074,75644,50429
T-00056,2025-09-05,345443,172721,103632,69088
T-00056,2025-09-18,314166,157083,94249,62833
T-00056,2025-10-01,376725,188362,113017,75345
T-00056,2025-10-14,245170,122585,73551,49034
T-00056,2025-10-27,391246,195623,117373,78249
T-00056,2025-11-09,281842,140921,84552,56368
T-00056,2025-11-22,295590,147795,88677,59118
T-00056,2025-12-05,348147,174073,104444,69629
T-00056,2025-12-18,306767,153383,92030,61353
T-00056,2025-12-31,228761,114380,68628,45752
T-00057,2025-01-01,448716,224358,134615,89743
T-00057,2025-01-18,462790,231395,138837,92558
T-00057,2025-02-04,393815,196907,118144,78763
T-00057,2025-02-21,491212,245606,147363,98242
T-00057,2025-03-10,535021,267510,160506,107004
T-00057,2025-03-27,522693,261346,156808,104538
T-00057,2025-04-13,343494,171747,103048,68698
T-00057,2025-04-30,464580,232290,139374,92916
T-00057,2025-05-17,416274,208137,124882,83254
T-00057,2025-06-03,511704,255852,153511,102340
T-00057,2025-06-20,537524,268762,161257,107504
T-00057,2025-07-07,535069,267534,160520,107013
T-00057,2025-07-24,398343,199171,119502,79668
T-00057,2025-08-10,459754,229877,137926,91950
T-00057,2025-08-27,393521,196760,118056,78704
T-00057,2025-09-13,437091,218545,131127,87418
T-00057,2025-09-30,461689,230844,138506,92337
T-00057,2025-10-17,322660,161330,96798,64532
T-00057,2025-11-03,344167,172083,103250,68833
T-00057,2025-11-20,558571,279285,167571,111714
T-00057,2025-12-07,443518,221759,133055,88703
T-00057,2025-12-24,440493,220246,132147,88098
T-00058,2025-01-01,207638,103819,62291,41527
T-00058,2025-01-19,321583,160791,96474,64316
T-00058,2025-02-06,242381,121190,72714,48476
T-00058,2025-02-24,272201,136100,81660,54440
T-00058,2025-03-14,335163,167581,100549,67032
T-00058,2025-04-01,261067,130533,78320,52213
T-00058,2025-04-19,231598,115799,69479,46319
T-00058,2025-05-07,255965,127982,76789,51193
T-00058,2025-05-25,258277,129138,77483,51655
T-00058,2025-06-12,250192,125096,75057,50038
T-00058,2025-06-30,327857,163928,98357,65571
T-00058,2025-07-18,272187,136093,81656,54437
T-00058,2025-08-05,339201,169600,101760,67840
T-00058,2025-08-23,274622,137311,82386,54924
T-00058,2025-09-10,249248,124624,74774,49849
T-00058,2025-09-28,156901,78450,47070,31380
T-00058,2025-10-16,244557,122278,73367,48911
T-00058,2025-11-03,227386,113693,68215,45477
T-00058,2025-11-21,328579,164289,98573,65715
T-00058,2025-12-09,232123,116061,69636,46424
T-00058,2025-12-27,260886,130443,78265,52177
T-00059,2025-01-01,390961,195480,117288,78192
T-00059,2025-01-13,440814,220407,132244,88162
T-00059,2025-01-25,515980,257990,154794,103196
T-00059,2025-02-06,355795,177897,106738,71159
T-00059,2025-02-18,562401,281200,168720,112480
T-00059,2025-03-02,585724,292862,175717,117144
T-00059,2025-03-14,565121,282560,169536,113024
T-00059,2025-03-26,582937,291468,174881,116587
T-00059,2025-04-07,477876,238938,143362,95575
T-00059,2025-04-19,549677,274838,164903,109935
T-00059,2025-05-01,392148,196074,117644,78429
T-00059,2025-05-13,391275,195637,117382,78255
T-00059,2025-05-25,495586,247793,148676,99117
T-00059,2025-06-06,495256,247628,148576,99051
T-00059,2025-06-18,535590,267795,160677,107118
T-00059,2025-06-30,476887,238443,143066,95377
T-00059,2025-07-12,456794,228397,137038,91358
T-00059,2025-07-24,450251,225125,135075,90050
T-00059,2025-08-05,393688,196844,118106,78737
T-00059,2025-08-17,444215,222107,133264,88843
T-00059,2025-08-29,634353,317176,190306,126870
T-00059,2025-09-10,457624,228812,137287,91524
T-00059,2025-09-22,399762,199881,119928,79952
T-00059,2025-10-04,623027,311513,186908,124605
T-00059,2025-10-16,559461,279730,167838,111892
T-00059,2025-10-28,497752,248876,149325,99550
T-00059,2025-11-09,455039,227519,136511,91007
T-00059,2025-11-21,451931,225965,135579,90386
T-00059,2025-12-03,478350,239175,143505,95670
T-00059,2025-12-15,488801,244400,146640,97760
T-00059,2025-12-27,432837,216418,129851,86567
T-00060,2025-01-01,511028,255514,153308,102205
T-00060,2025-01-13,433068,216534,129920,86613
T-00060,2025-01-25,764633,382316,229390,152926
T-00060,2025-02-06,385832,192916,115749,77166
T-00060,2025-02-18,598693,299346,179608,119738
T-00060,2025-03-02,537043,268521,161113,107408
T-00060,2025-03-14,778292,389146,233487,155658
T-00060,2025-03-26,545212,272606,163563,109042
T-00060,2025-04-07,601949,300974,180584,120389
T-00060,2025-04-19,680114,340057,204034,136022
T-00060,2025-05-01,681566,340783,204470,136313
T-00060,2025-05-13,816742,408371,245022,163348
T-00060,2025-05-25,628433,314216,188530,125686
T-00060,2025-06-06,599133,299566,179740,119826
T-00060,2025-06-18,573436,286718,172030,114687
T-00060,2025-06-30,637861,318930,191358,127572
T-00060,2025-07-12,502684,251342,150805,100536
T-00060,2025-07-24,627207,313603,188162,125441
T-00060,2025-08-05,680497,340248,204149,136099
T-00060,2025-08-17,748916,374458,224675,149783
T-00060,2025-08-29,795558,397779,238667,159111
T-00060,2025-09-10,674281,337140,202284,134856
T-00060,2025-09-22,557461,278730,167238,111492
T-00060,2025-10-04,754490,377245,226347,150898
T-00060,2025-10-16,680735,340367,204220,136147
T-00060,2025-10-28,396263,198131,118879,79252
T-00060,2025-11-09,787689,393844,236306,157537
T-00060,2025-11-21,521540,260770,156462,104308
T-00060,2025-12-03,829347,414673,248804,165869
T-00060,2025-12-15,533178,266589,159953,106635
T-00060,2025-12-27,809388,404694,242816,161877
T-00061,2025-01-01,676341,338170,202902,135268
T-00061,2025-01-11,902976,451488,270893,180595
T-00061,2025-01-21,851307,425653,255392,170261
T-00061,2025-01-31,603281,301640,180984,120656
T-00061,2025-02-10,670474,335237,201142,134094
T-00061,2025-02-20,836525,418262,250957,167305
T-00061,2025-03-02,777623,388811,233287,155524
T-00061,2025-03-12,828847,414423,248654,165769
T-00061,2025-03-22,757802,378901,227340,151560
T-00061,2025-04-01,838127,419063,251438,167625
T-00061,2025-04-11,683308,341654,204992,136661
T-00061,2025-04-21,525432,262716,157629,105086
T-00061,2025-05-01,945815,472907,283744,189163
T-00061,2025-05-11,497379,248689,149213,99475
T-00061,2025-05-21,753007,376503,225902,150601
T-00061,2025-05-31,675342,337671,202602,135068
T-00061,2025-06-10,553115,276557,165934,110623
T-00061,2025-06-20,609015,304507,182704,121803
T-00061,2025-06-30,810102,405051,243030,162020
T-00061,2025-07-10,692323,346161,207697,138464
T-00061,2025-07-20,710606,355303,213181,142121
T-00061,2025-07-30,710118,355059,213035,142023
T-00061,2025-08-09,656344,328172,196903,131268
T-00061,2025-08-19,822199,411099,246659,164439
T-00061,2025-08-29,706997,353498,212099,141399
T-00061,2025-09-08,716570,358285,214971,143314
T-00061,2025-09-18,621224,310612,186367,124244
T-00061,2025-09-28,602975,301487,180892,120595
T-00061,2025-10-08,905957,452978,271787,181191
T-00061,2025-10-18,884893,442446,265468,176978
T-00061,2025-10-28,560980,280490,168294,112196
T-00061,2025-11-07,553704,276852,166111,110740
T-00061,2025-11-17,592387,296193,177716,118477
T-00061,2025-11-27,646168,323084,193850,129233
T-00061,2025-12-07,797096,398548,239128,159419
T-00061,2025-12-17,924389,462194,277316,184877
T-00061,2025-12-27,816763,408381,245029,163352
T-00062,2025-01-01,587155,293577,176146,117431
T-00062,2025-01-08,427850,213925,128355,85570
T-00062,2025-01-15,526261,263130,157878,105252
T-00062,2025-01-22,483905,241952,145171,96781
T-00062,2025-01-29,446958,223479,134087,89391
T-00062,2025-02-05,655043,327521,196513,131008
T-00062,2025-02-12,559777,279888,167933,111955
T-00062,2025-02-19,441563,220781,132469,88312
T-00062,2025-02-26,582311,291155,174693,116462
T-00062,2025-03-05,399579,199789,119873,79915
T-00062,2025-03-12,503557,251778,151067,100711
T-00062,2025-03-19,509369,254684,152810,101873
T-00062,2025-03-26,530745,265372,159223,106149
T-00062,2025-04-02,553068,276534,165920,110613
T-00062,2025-04-09,426916,213458,128075,85383
T-00062,2025-04-16,479645,239822,143893,95929
T-00062,2025-04-23,568232,284116,170469,113646
T-00062,2025-04-30,397829,198914,119348,79565
T-00062,2025-05-07,352336,176168,105700,70467
T-00062,2025-05-14,504527,252263,151358,100905
T-00062,2025-05-21,429765,214882,128929,85953
T-00062,2025-05-28,438300,219150,131490,87660
T-00062,2025-06-04,385058,192529,115517,77011
T-00062,2025-06-11,453448,226724,136034,90689
T-00062,2025-06-18,453333,226666,136000,90666
T-00062,2025-06-25,483266,241633,144980,96653
T-00062,2025-07-02,532679,266339,159803,106535
T-00062,2025-07-09,521051,260525,156315,104210
T-00062,2025-07-16,528810,264405,158643,105762
T-00062,2025-07-23,491701,245850,147510,98340
T-00062,2025-07-30,463655,231827,139096,92731
T-00062,2025-08-06,487279,243639,146183,97455
T-00062,2025-08-13,498369,249184,149510,99673
T-00062,2025-08-20,440053,220026,132015,88010
T-00062,2025-08-27,520438,260219,156131,104087
T-00062,2025-09-03,516987,258493,155096,103397
T-00062,2025-09-10,468600,234300,140580,93720
T-00062,2025-09-17,531665,265832,159499,106333
T-00062,2025-09-24,534424,267212,160327,106884
T-00062,2025-10-01,438952,219476,131685,87790
T-00062,2025-10-08,528365,264182,158509,105673
T-00062,2025-10-15,501539,250769,150461,100307
T-00062,2025-10-22,513060,256530,153918,102612
T-00062,2025-10-29,667271,333635,200181,133454
T-00062,2025-11-05,446285,223142,133885,89257
T-00062,2025-11-12,529057,264528,158717,105811
T-00062,2025-11-19,590634,295317,177190,118126
T-00062,2025-11-26,406471,203235,121941,81294
T-00062,2025-12-03,545370,272685,163611,109074
T-00062,2025-12-10,490317,245158,147095,98063
T-00062,2025-12-17,578363,289181,173509,115672
T-00062,2025-12-24,566554,283277,169966,113310
T-00062,2025-12-31,562634,281317,168790,112526
T-00063,2025-01-01,774412,387206,232323,154882
T-00063,2025-01-13,790586,395293,237175,158117
T-00063,2025-01-25,921787,460893,276536,184357
T-00063,2025-02-06,650677,325338,195203,130135
T-00063,2025-02-18,735838,367919,220751,147167
T-00063,2025-03-02,926186,463093,277856,185237
T-00063,2025-03-14,682232,341116,204669,136446
T-00063,2025-03-26,813058,406529,243917,162611
T-00063,2025-04-07,764203,382101,229261,152840
T-00063,2025-04-19,880469,440234,264140,176093
T-00063,2025-05-01,906029,453014,271808,181205
T-00063,2025-05-13,884308,442154,265292,176861
T-00063,2025-05-25,714934,357467,214480,142986
T-00063,2025-06-06,891455,445727,267436,178291
T-00063,2025-06-18,906944,453472,272083,181388
T-00063,2025-06-30,674515,337257,202354,134903
T-00063,2025-07-12,765534,382767,229660,153106
T-00063,2025-07-24,720468,360234,216140,144093
T-00063,2025-08-05,940613,470306,282184,188122
T-00063,2025-08-17,786627,393313,235988,157325
T-00063,2025-08-29,627654,313827,188296,125530
T-00063,2025-09-10,531846,265923,159553,106369
T-00063,2025-09-22,763448,381724,229034,152689
T-00063,2025-10-04,1052718,526359,315815,210543
T-00063,2025-10-16,769526,384763,230858,153905
T-00063,2025-10-28,898781,449390,269634,179756
T-00063,2025-11-09,589859,294929,176957,117971
T-00063,2025-11-21,709035,354517,212710,141807
T-00063,2025-12-03,840283,420141,252084,168056
T-00063,2025-12-15,641275,320637,192382,128255
T-00063,2025-12-27,882645,441322,264793,176529
T-00064,2025-01-01,697113,348556,209134,139422
T-00064,2025-01-21,813320,406660,243996,162664
T-00064,2025-02-10,741332,370666,222399,148266
T-00064,2025-03-02,751752,375876,225525,150350
T-00064,2025-03-22,858240,429120,257472,171648
T-00064,2025-04-11,816066,408033,244819,163213
T-00064,2025-05-01,536058,268029,160817,107211
T-00064,2025-05-21,966605,483302,289981,193321
T-00064,2025-06-10,726040,363020,217812,145208
T-00064,2025-06-30,742481,371240,222744,148496
T-00064,2025-07-20,560910,280455,168273,112182
T-00064,2025-08-09,829116,414558,248734,165823
T-00064,2025-08-29,834456,417228,250336,166891
T-00064,2025-09-18,894299,447149,268289,178859
T-00064,2025-10-08,798103,399051,239430,159620
T-00064,2025-10-28,951638,475819,285491,190327
T-00064,2025-11-17,915617,457808,274685,183123
T-00064,2025-12-07,702628,351314,210788,140525
T-00064,2025-12-27,852302,426151,255690,170460
T-00065,2025-01-01,448252,224126,134475,89650
T-00065,2025-01-08,504123,252061,151236,100824
T-00065,2025-01-15,610021,305010,183006,122004
T-00065,2025-01-22,604065,302032,181219,120813
T-00065,2025-01-29,521353,260676,156405,104270
T-00065,2025-02-05,509333,254666,152800,101866
T-00065,2025-02-12,566963,283481,170089,113392
T-00065,2025-02-19,647326,323663,194197,129465
T-00065,2025-02-26,634784,317392,190435,126956
T-00065,2025-03-05,738813,369406,221644,147762
T-00065,2025-03-12,579769,289884,173930,115953
T-00065,2025-03-19,641842,320921,192552,128368
T-00065,2025-03-26,618730,309365,185619,123746
T-00065,2025-04-02,587815,293907,176344,117563
T-00065,2025-04-09,637661,318830,191298,127532
T-00065,2025-04-16,525915,262957,157774,105183
T-00065,2025-04-23,489282,244641,146784,97856
T-00065,2025-04-30,469654,234827,140896,93930
T-00065,2025-05-07,632782,316391,189834,126556
T-00065,2025-05-14,535238,267619,160571,107047
T-00065,2025-05-21,621217,310608,186365,124243
T-00065,2025-05-28,435519,217759,130655,87103
T-00065,2025-06-04,693161,346580,207948,138632
T-00065,2025-06-11,525868,262934,157760,105173
T-00065,2025-06-18,538602,269301,161580,107720
T-00065,2025-06-25,627054,313527,188116,125410
T-00065,2025-07-02,451779,225889,135533,90355
T-00065,2025-07-09,582512,291256,174753,116502
T-00065,2025-07-16,581135,290567,174340,116227
T-00065,2025-07-23,508240,254120,152472,101648
T-00065,2025-07-30,642963,321481,192889,128592
T-00065,2025-08-06,613838,306919,184151,122767
T-00065,2025-08-13,555880,277940,166764,111176
T-00065,2025-08-20,726618,363309,217985,145323
T-00065,2025-08-27,663196,331598,198959,132639
T-00065,2025-09-03,727561,363780,218268,145512
T-00065,2025-09-10,599226,299613,179767,119845
T-00065,2025-09-17,569026,284513,170708,113805
T-00065,2025-09-24,486090,243045,145827,97218
T-00065,2025-10-01,528069,264034,158420,105613
T-00065,2025-10-08,732730,366365,219819,146546
T-00065,2025-10-15,653204,326602,195961,130640
T-00065,2025-10-22,589234,294617,176770,117846
T-00065,2025-10-29,561052,280526,168315,112210
T-00065,2025-11-05,708743,354371,212622,141748
T-00065,2025-11-12,490839,245419,147251,98167
T-00065,2025-11-19,694776,347388,208433,138955
T-00065,2025-11-26,719122,359561,215736,143824
T-00065,2025-12-03,604100,302050,181230,120820
T-00065,2025-12-10,485146,242573,145544,97029
T-00065,2025-12-17,663761,331880,199128,132752
T-00065,2025-12-24,738145,369072,221443,147629
T-00065,2025-12-31,584117,292058,175235,116823
T-00066,2025-01-01,645021,322510,193506,129004
T-00066,2025-01-17,718543,359271,215563,143708
T-00066,2025-02-02,640656,320328,192196,128131
T-00066,2025-02-18,581855,290927,174556,116371
T-00066,2025-03-06,623186,311593,186955,124637
T-00066,2025-03-22,691632,345816,207489,138326
T-00066,2025-04-07,673848,336924,202154,134769
T-00066,2025-04-23,522368,261184,156710,104473
T-00066,2025-05-09,551360,275680,165408,110272
T-00066,2025-05-25,586802,293401,176040,117360
T-00066,2025-06-10,754051,377025,226215,150810
T-00066,2025-06-26,640568,320284,192170,128113
T-00066,2025-07-12,677378,338689,203213,135475
T-00066,2025-07-28,571858,285929,171557,114371
T-00066,2025-08-13,713092,356546,213927,142618
T-00066,2025-08-29,643949,321974,193184,128789
T-00066,2025-09-14,744111,372055,223233,148822
T-00066,2025-09-30,717674,358837,215302,143534
T-00066,2025-10-16,621087,310543,186326,124217
T-00066,2025-11-01,797951,398975,239385,159590
T-00066,2025-11-17,702504,351252,210751,140500
T-00066,2025-12-03,604944,302472,181483,120988
T-00066,2025-12-19,825237,412618,247571,165047
T-00067,2025-01-01,840980,420490,252294,168196
T-00067,2025-01-08,644298,322149,193289,128859
T-00067,2025-01-15,534137,267068,160241,106827
T-00067,2025-01-22,736498,368249,220949,147299
T-00067,2025-01-29,533279,266639,159983,106655
T-00067,2025-02-05,699192,349596,209757,139838
T-00067,2025-02-12,591196,295598,177358,118239
T-00067,2025-02-19,524774,262387,157432,104954
T-00067,2025-02-26,668120,334060,200436,133624
T-00067,2025-03-05,732681,366340,219804,146536
T-00067,2025-03-12,670966,335483,201289,134193
T-00067,2025-03-19,865426,432713,259627,173085
T-00067,2025-03-26,641820,320910,192546,128364
T-00067,2025-04-02,513345,256672,154003,102669
T-00067,2025-04-09,642839,321419,192851,128567
T-00067,2025-04-16,774518,387259,232355,154903
T-00067,2025-04-23,557235,278617,167170,111447
T-00067,2025-04-30,694492,347246,208347,138898
T-00067,2025-05-07,832171,416085,249651,166434
T-00067,2025-05-14,767126,383563,230137,153425
T-00067,2025-05-21,683101,341550,204930,136620
T-00067,2025-05-28,716433,358216,214929,143286
T-00067,2025-06-04,541656,270828,162496,108331
T-00067,2025-06-11,641514,320757,192454,128302
T-00067,2025-06-18,715502,357751,214650,143100
T-00067,2025-06-25,801929,400964,240578,160385
T-00067,2025-07-02,434264,217132,130279,86852
T-00067,2025-07-09,635138,317569,190541,127027
T-00067,2025-07-16,731596,365798,219478,146319
T-00067,2025-07-23,720482,360241,216144,144096
T-00067,2025-07-30,547114,273557,164134,109422
T-00067,2025-08-06,729328,364664,218798,145865
T-00067,2025-08-13,898795,449397,269638,179759
T-00067,2025-08-20,734935,367467,220480,146987
T-00067,2025-08-27,614913,307456,184474,122982
T-00067,2025-09-03,667561,333780,200268,133512
T-00067,2025-09-10,790414,395207,237124,158082
T-00067,2025-09-17,695930,347965,208779,139186
T-00067,2025-09-24,868974,434487,260692,173794
T-00067,2025-10-01,682007,341003,204602,136401
T-00067,2025-10-08,615234,307617,184570,123046
T-00067,2025-10-15,713874,356937,214162,142774
T-00067,2025-10-22,485106,242553,145531,97021
T-00067,2025-10-29,881651,440825,264495,176330
T-00067,2025-11-05,636664,318332,190999,127332
T-00067,2025-11-12,565064,282532,169519,113012
T-00067,2025-11-19,685804,342902,205741,137160
T-00067,2025-11-26,713118,356559,213935,142623
T-00067,2025-12-03,728408,364204,218522,145681
T-00067,2025-12-10,823973,411986,247192,164794
T-00067,2025-12-17,570407,285203,171122,114081
T-00067,2025-12-24,815368,407684,244610,163073
T-00067,2025-12-31,997091,498545,299127,199418
T-00068,2025-01-01,332590,166295,99777,66518
T-00068,2025-01-22,275074,137537,82522,55014
T-00068,2025-02-12,515406,257703,154622,103081
T-00068,2025-03-05,298649,149324,89594,59729
T-00068,2025-03-26,445065,222532,133519,89013
T-00068,2025-04-16,401707,200853,120512,80341
T-00068,2025-05-07,498602,249301,149580,99720
T-00068,2025-05-28,348190,174095,104457,69638
T-00068,2025-06-18,428357,214178,128507,85671
T-00068,2025-07-09,435554,217777,130666,87110
T-00068,2025-07-30,370703,185351,111211,74140
T-00068,2025-08-20,401357,200678,120407,80271
T-00068,2025-09-10,411920,205960,123576,82384
T-00068,2025-10-01,365252,182626,109575,73050
T-00068,2025-10-22,368938,184469,110681,73787
T-00068,2025-11-12,530196,265098,159058,106039
T-00068,2025-12-03,447015,223507,134104,89403
T-00068,2025-12-24,380905,190452,114271,76181
T-00069,2025-01-01,591994,295997,177598,118398
T-00069,2025-01-15,690116,345058,207035,138023
T-00069,2025-01-29,485140,242570,145542,97028
T-00069,2025-02-12,353669,176834,106100,70733
T-00069,2025-02-26,704399,352199,211319,140879
T-00069,2025-03-12,595532,297766,178659,119106
T-00069,2025-03-26,552346,276173,165704,110469
T-00069,2025-04-09,686767,343383,206030,137353
T-00069,2025-04-23,643687,321843,193106,128737
T-00069,2025-05-07,577644,288822,173293,115528
T-00069,2025-05-21,876074,438037,262822,175214
T-00069,2025-06-04,652341,326170,195702,130468
T-00069,2025-06-18,632747,316373,189824,126549
T-00069,2025-07-02,634003,317001,190201,126800
T-00069,2025-07-16,635067,317533,190520,127013
T-00069,2025-07-30,657453,328726,197236,131490
T-00069,2025-08-13,594100,297050,178230,118820
T-00069,2025-08-27,641804,320902,192541,128360
T-00069,2025-09-10,645431,322715,193629,129086
T-00069,2025-09-24,557521,278760,167256,111504
T-00069,2025-10-08,643465,321732,193039,128693
T-00069,2025-10-22,713388,356694,214016,142677
T-00069,2025-11-05,550883,275441,165264,110176
T-00069,2025-11-19,602610,301305,180783,120522
T-00069,2025-12-03,626454,313227,187936,125290
T-00069,2025-12-17,430510,215255,129153,86102
T-00069,2025-12-31,587760,293880,176328,117552
T-00070,2025-01-01,716162,358081,214848,143232
T-00070,2025-01-17,818677,409338,245603,163735
T-00070,2025-02-02,782625,391312,234787,156525
T-00070,2025-02-18,738325,369162,221497,147665
T-00070,2025-03-06,615999,307999,184799,123199
T-00070,2025-03-22,793351,396675,238005,158670
T-00070,2025-04-07,675734,337867,202720,135146
T-00070,2025-04-23,552765,276382,165829,110553
T-00070,2025-05-09,596131,298065,178839,119226
T-00070,2025-05-25,661090,330545,198327,132218
T-00070,2025-06-10,577596,288798,173278,115519
T-00070,2025-06-26,647855,323927,194356,129571
T-00070,2025-07-12,625134,312567,187540,125026
T-00070,2025-07-28,634345,317172,190303,126869
T-00070,2025-08-13,766425,383212,229927,153285
T-00070,2025-08-29,806917,403458,242075,161383
T-00070,2025-09-14,813867,406933,244160,162773
T-00070,2025-09-30,630191,315095,189057,126038
T-00070,2025-10-16,551994,275997,165598,110398
T-00070,2025-11-01,640529,320264,192158,128105
T-00070,2025-11-17,674365,337182,202309,134873
T-00070,2025-12-03,546529,273264,163958,109305
T-00070,2025-12-19,830454,415227,249136,166090
T-00071,2025-01-01,818970,409485,245691,163794
T-00071,2025-01-14,656225,328112,196867,131245
T-00071,2025-01-27,781154,390577,234346,156230
T-00071,2025-02-09,617796,308898,185339,123559
T-00071,2025-02-22,689255,344627,206776,137851
T-00071,2025-03-07,656416,328208,196924,131283
T-00071,2025-03-20,817214,408607,245164,163442
T-00071,2025-04-02,693520,346760,208056,138704
T-00071,2025-04-15,506539,253269,151961,101307
T-00071,2025-04-28,694216,347108,208264,138843
T-00071,2025-05-11,605345,302672,181603,121069
T-00071,2025-05-24,650056,325028,195016,130011
T-00071,2025-06-06,664473,332236,199341,132894
T-00071,2025-06-19,753432,376716,226029,150686
T-00071,2025-07-02,707811,353905,212343,141562
T-00071,2025-07-15,592057,296028,177617,118411
T-00071,2025-07-28,657262,328631,197178,131452
T-00071,2025-08-10,629565,314782,188869,125913
T-00071,2025-08-23,613415,306707,184024,122683
T-00071,2025-09-05,626738,313369,188021,125347
T-00071,2025-09-18,753059,376529,225917,150611
T-00071,2025-10-01,585941,292970,175782,117188
T-00071,2025-10-14,640193,320096,192058,128038
T-00071,2025-10-27,560921,280460,168276,112184
T-00071,2025-11-09,704364,352182,211309,140872
T-00071,2025-11-22,686206,343103,205862,137241
T-00071,2025-12-05,622260,311130,186678,124452
T-00071,2025-12-18,605893,302946,181768,121178
T-00071,2025-12-31,598445,299222,179533,119689
T-00072,2025-01-01,375915,187957,112774,75183
T-00072,2025-01-17,547706,273853,164311,109541
T-00072,2025-02-02,379690,189845,113907,75938
T-00072,2025-02-18,429044,214522,128713,85808
T-00072,2025-03-06,257596,128798,77279,51519
T-00072,2025-03-22,374875,187437,112462,74975
T-00072,2025-04-07,309886,154943,92966,61977
T-00072,2025-04-23,439699,219849,131909,87939
T-00072,2025-05-09,338769,169384,101630,67753
T-00072,2025-05-25,346088,173044,103826,69217
T-00072,2025-06-10,366951,183475,110085,73390
T-00072,2025-06-26,352946,176473,105883,70589
T-00072,2025-07-12,389427,194713,116828,77885
T-00072,2025-07-28,453469,226734,136040,90693
T-00072,2025-08-13,407763,203881,122329,81552
T-00072,2025-08-29,517791,258895,155337,103558
T-00072,2025-09-14,424710,212355,127413,84942
T-00072,2025-09-30,259688,129844,77906,51937
T-00072,2025-10-16,476594,238297,142978,95318
T-00072,2025-11-01,436584,218292,130975,87316
T-00072,2025-11-17,430497,215248,129149,86099
T-00072,2025-12-03,405519,202759,121655,81103
T-00072,2025-12-19,487351,243675,146205,97470
T-00073,2025-01-01,706716,353358,212015,141343
T-00073,2025-01-18,540764,270382,162229,108152
T-00073,2025-02-04,622773,311386,186832,124554
T-00073,2025-02-21,475480,237740,142644,95096
T-00073,2025-03-10,598866,299433,179659,119773
T-00073,2025-03-27,659484,329742,197845,131896
T-00073,2025-04-13,673191,336595,201957,134638
T-00073,2025-04-30,705583,352791,211675,141116
T-00073,2025-05-17,677761,338880,203328,135552
T-00073,2025-06-03,549420,274710,164826,109884
T-00073,2025-06-20,759042,379521,227712,151808
T-00073,2025-07-07,797384,398692,239215,159476
T-00073,2025-07-24,755316,377658,226594,151063
T-00073,2025-08-10,731850,365925,219555,146370
T-00073,2025-08-27,651104,325552,195331,130220
T-00073,2025-09-13,685667,342833,205700,137133
T-00073,2025-09-30,546501,273250,163950,109300
T-00073,2025-10-17,605386,302693,181615,121077
T-00073,2025-11-03,550591,275295,165177,110118
T-00073,2025-11-20,647018,323509,194105,129403
T-00073,2025-12-07,561742,280871,168522,112348
T-00073,2025-12-24,692869,346434,207860,138573
T-00074,2025-01-01,183252,91626,54975,36650
T-00074,2025-01-18,271593,135796,81478,54318
T-00074,2025-02-04,244225,122112,73267,48845
T-00074,2025-02-21,290649,145324,87194,58129
T-00074,2025-03-10,255081,127540,76524,51016
T-00074,2025-03-27,184241,92120,55272,36848
T-00074,2025-04-13,279894,139947,83968,55978
T-00074,2025-04-30,199491,99745,59847,39898
T-00074,2025-05-17,208825,104412,62647,41765
T-00074,2025-06-03,188452,94226,56535,37690
T-00074,2025-06-20,262006,131003,78602,52401
T-00074,2025-07-07,180195,90097,54058,36039
T-00074,2025-07-24,229999,114999,68999,45999
T-00074,2025-08-10,238576,119288,71573,47715
T-00074,2025-08-27,254586,127293,76376,50917
T-00074,2025-09-13,222449,111224,66734,44489
T-00074,2025-09-30,196917,98458,59075,39383
T-00074,2025-10-17,225035,112517,67510,45007
T-00074,2025-11-03,233186,116593,69956,46637
T-00074,2025-11-20,198724,99362,59617,39744
T-00074,2025-12-07,273840,136920,82152,54768
T-00074,2025-12-24,269013,134506,80704,53802
T-00075,2025-01-01,577934,288967,173380,115586
T-00075,2025-01-15,508571,254285,152571,101714
T-00075,2025-01-29,633396,316698,190019,126679
T-00075,2025-02-12,555445,277722,166633,111089
T-00075,2025-02-26,661425,330712,198427,132285
T-00075,2025-03-12,585724,292862,175717,117144
T-00075,2025-03-26,632702,316351,189810,126540
T-00075,2025-04-09,709566,354783,212869,141913
T-00075,2025-04-23,617519,308759,185255,123503
T-00075,2025-05-07,469044,234522,140713,93808
T-00075,2025-05-21,563269,281634,168980,112653
T-00075,2025-06-04,619381,309690,185814,123876
T-00075,2025-06-18,460675,230337,138202,92135
T-00075,2025-07-02,681039,340519,204311,136207
T-00075,2025-07-16,585104,292552,175531,117020
T-00075,2025-07-30,677750,338875,203325,135550
T-00075,2025-08-13,538929,269464,161678,107785
T-00075,2025-08-27,725283,362641,217584,145056
T-00075,2025-09-10,808534,404267,242560,161706
T-00075,2025-09-24,617989,308994,185396,123597
T-00075,2025-10-08,635596,317798,190679,127119
T-00075,2025-10-22,564627,282313,169388,112925
T-00075,2025-11-05,627484,313742,188245,125496
T-00075,2025-11-19,674594,337297,202378,134918
T-00075,2025-12-03,803380,401690,241014,160676
T-00075,2025-12-17,543367,271683,163010,108673
T-00075,2025-12-31,631253,315626,189376,126250
T-00076,2025-01-01,498584,249292,149575,99716
T-00076,2025-01-17,503519,251759,151055,100703
T-00076,2025-02-02,496970,248485,149091,99394
T-00076,2025-02-18,566119,283059,169835,113223
T-00076,2025-03-06,622135,311067,186640,124427
T-00076,2025-03-22,509730,254865,152919,101946
T-00076,2025-04-07,441190,220595,132357,88238
T-00076,2025-04-23,473874,236937,142162,94774
T-00076,2025-05-09,632345,316172,189703,126469
T-00076,2025-05-25,643077,321538,192923,128615
T-00076,2025-06-10,582968,291484,174890,116593
T-00076,2025-06-26,544424,272212,163327,108884
T-00076,2025-07-12,598949,299474,179684,119789
T-00076,2025-07-28,498460,249230,149538,99692
T-00076,2025-08-13,466043,233021,139813,93208
T-00076,2025-08-29,570658,285329,171197,114131
T-00076,2025-09-14,575777,287888,172733,115155
T-00076,2025-09-30,524844,262422,157453,104968
T-00076,2025-10-16,463748,231874,139124,92749
T-00076,2025-11-01,632601,316300,189780,126520
T-00076,2025-11-17,459865,229932,137959,91973
T-00076,2025-12-03,483836,241918,145151,96767
T-00076,2025-12-19,513877,256938,154163,102775
T-00077,2025-01-01,266171,133085,79851,53234
T-00077,2025-01-14,366306,183153,109891,73261
T-00077,2025-01-27,441751,220875,132525,88350
T-00077,2025-02-09,383647,191823,115094,76729
T-00077,2025-02-22,430008,215004,129002,86001
T-00077,2025-03-07,413389,206694,124016,82677
T-00077,2025-03-20,440813,220406,132244,88162
T-00077,2025-04-02,283794,141897,85138,56758
T-00077,2025-04-15,347304,173652,104191,69460
T-00077,2025-04-28,428844,214422,128653,85768
T-00077,2025-05-11,370302,185151,111090,74060
T-00077,2025-05-24,468980,234490,140694,93796
T-00077,2025-06-06,476059,238029,142817,95211
T-00077,2025-06-19,330573,165286,99171,66114
T-00077,2025-07-02,306909,153454,92072,61381
T-00077,2025-07-15,471315,235657,141394,94263
T-00077,2025-07-28,450586,225293,135175,90117
T-00077,2025-08-10,365199,182599,109559,73039
T-00077,2025-08-23,451004,225502,135301,90200
T-00077,2025-09-05,406446,203223,121933,81289
T-00077,2025-09-18,419391,209695,125817,83878
T-00077,2025-10-01,477029,238514,143108,95405
T-00077,2025-10-14,432653,216326,129795,86530
T-00077,2025-10-27,430843,215421,129253,86168
T-00077,2025-11-09,445393,222696,133618,89078
T-00077,2025-11-22,463233,231616,138970,92646
T-00077,2025-12-05,417148,208574,125144,83429
T-00077,2025-12-18,433203,216601,129961,86640
T-00077,2025-12-31,304314,152157,91294,60862
T-00078,2025-01-01,613411,306705,184023,122682
T-00078,2025-01-21,653263,326631,195978,130652
T-00078,2025-02-10,494122,247061,148236,98824
T-00078,2025-03-02,537304,268652,161191,107460
T-00078,2025-03-22,507312,253656,152193,101462
T-00078,2025-04-11,389214,194607,116764,77842
T-00078,2025-05-01,459940,229970,137982,91988
T-00078,2025-05-21,612745,306372,183823,122549
T-00078,2025-06-10,609837,304918,182951,121967
T-00078,2025-06-30,633929,316964,190178,126785
T-00078,2025-07-20,474265,237132,142279,94853
T-00078,2025-08-09,496024,248012,148807,99204
T-00078,2025-08-29,497996,248998,149398,99599
T-00078,2025-09-18,607148,303574,182144,121429
T-00078,2025-10-08,534789,267394,160436,106957
T-00078,2025-10-28,619963,309981,185989,123992
T-00078,2025-11-17,676038,338019,202811,135207
T-00078,2025-12-07,643112,321556,192933,128622
T-00078,2025-12-27,591541,295770,177462,118308
T-00079,2025-01-01,373362,186681,112008,74672
T-00079,2025-01-20,283910,141955,85173,56782
T-00079,2025-02-08,337628,168814,101288,67525
T-00079,2025-02-27,316264,158132,94879,63252
T-00079,2025-03-18,275978,137989,82793,55195
T-00079,2025-04-06,297684,148842,89305,59536
T-00079,2025-04-25,355660,177830,106698,71132
T-00079,2025-05-14,324184,162092,97255,64836
T-00079,2025-06-02,395335,197667,118600,79067
T-00079,2025-06-21,369812,184906,110943,73962
T-00079,2025-07-10,312262,156131,93678,62452
T-00079,2025-07-29,344666,172333,103399,68933
T-00079,2025-08-17,359147,179573,107744,71829
T-00079,2025-09-05,283034,141517,84910,56606
T-00079,2025-09-24,365840,182920,109752,73168
T-00079,2025-10-13,368813,184406,110644,73762
T-00079,2025-11-01,327694,163847,98308,65538
T-00079,2025-11-20,312325,156162,93697,62465
T-00079,2025-12-09,298332,149166,89499,59666
T-00079,2025-12-28,269270,134635,80781,53854
T-00080,2025-01-01,863149,431574,258944,172629
T-00080,2025-01-19,762575,381287,228772,152515
T-00080,2025-02-06,677394,338697,203218,135478
T-00080,2025-02-24,658853,329426,197656,131770
T-00080,2025-03-14,781888,390944,234566,156377
T-00080,2025-04-01,631252,315626,189375,126250
T-00080,2025-04-19,697957,348978,209387,139591
T-00080,2025-05-07,457151,228575,137145,91430
T-00080,2025-05-25,694077,347038,208223,138815
T-00080,2025-06-12,720895,360447,216268,144179
T-00080,2025-06-30,656036,328018,196811,131207
T-00080,2025-07-18,844286,422143,253285,168857
T-00080,2025-08-05,566929,283464,170078,113385
T-00080,2025-08-23,727757,363878,218327,145551
T-00080,2025-09-10,592684,296342,177805,118536
T-00080,2025-09-28,472573,236286,141772,94514
T-00080,2025-10-16,683681,341840,205104,136736
T-00080,2025-11-03,794551,397275,238365,158910
T-00080,2025-11-21,676310,338155,202893,135262
T-00080,2025-12-09,631865,315932,189559,126373
T-00080,2025-12-27,756491,378245,226947,151298
T-00081,2025-01-01,288641,144320,86592,57728
T-00081,2025-01-09,246578,123289,73973,49315
T-00081,2025-01-17,243874,121937,73162,48774
T-00081,2025-01-25,291480,145740,87444,58296
T-00081,2025-02-02,210503,105251,63150,42100
T-00081,2025-02-10,289880,144940,86964,57976
T-00081,2025-02-18,308432,154216,92529,61686
T-00081,2025-02-26,154224,77112,46267,30844
T-00081,2025-03-06,223844,111922,67153,44768
T-00081,2025-03-14,191087,95543,57326,38217
T-00081,2025-03-22,307454,153727,92236,61490
T-00081,2025-03-30,279286,139643,83785,55857
T-00081,2025-04-07,331088,165544,99326,66217
T-00081,2025-04-15,300194,150097,90058,60038
T-00081,2025-04-23,216758,108379,65027,43351
T-00081,2025-05-01,207553,103776,62265,41510
T-00081,2025-05-09,264572,132286,79371,52914
T-00081,2025-05-17,299753,149876,89926,59950
T-00081,2025-05-25,275872,137936,82761,55174
T-00081,2025-06-02,302911,151455,90873,60582
T-00081,2025-06-10,362567,181283,108770,72513
T-00081,2025-06-18,235323,117661,70597,47064
T-00081,2025-06-26,241026,120513,72307,48205
T-00081,2025-07-04,334908,167454,100472,66981
T-00081,2025-07-12,250754,125377,75226,50150
T-00081,2025-07-20,254628,127314,76388,50925
T-00081,2025-07-28,267516,133758,80254,53503
T-00081,2025-08-05,247627,123813,74288,49525
T-00081,2025-08-13,238811,119405,71643,47762
T-00081,2025-08-21,300809,150404,90242,60161
T-00081,2025-08-29,206952,103476,62085,41390
T-00081,2025-09-06,230635,115317,69190,46127
T-00081,2025-09-14,307816,153908,92344,61563
T-00081,2025-09-22,302472,151236,90741,60494
T-00081,2025-09-30,319449,159724,95834,63889
T-00081,2025-10-08,284329,142164,85298,56865
T-00081,2025-10-16,250309,125154,75092,50061
T-00081,2025-10-24,334459,167229,100337,66891
T-00081,2025-11-01,231376,115688,69412,46275
T-00081,2025-11-09,301346,150673,90403,60269
T-00081,2025-11-17,234952,117476,70485,46990
T-00081,2025-11-25,214667,107333,64400,42933
T-00081,2025-12-03,270600,135300,81180,54120
T-00081,2025-12-11,313098,156549,93929,62619
T-00081,2025-12-19,295655,147827,88696,59131
T-00081,2025-12-27,265854,132927,79756,53170
T-00082,2025-01-01,810622,405311,243186,162124
T-00082,2025-01-09,767267,383633,230180,153453
T-00082,2025-01-17,700011,350005,210003,140002
T-00082,2025-01-25,589764,294882,176929,117952
T-00082,2025-02-02,828255,414127,248476,165651
T-00082,2025-02-10,818213,409106,245463,163642
T-00082,2025-02-18,738467,369233,221540,147693
T-00082,2025-02-26,698318,349159,209495,139663
T-00082,2025-03-06,748623,374311,224587,149724
T-00082,2025-03-14,684286,342143,205286,136857
T-00082,2025-03-22,799268,399634,239780,159853
T-00082,2025-03-30,793320,396660,237996,158664
T-00082,2025-04-07,748719,374359,224615,149743
T-00082,2025-04-15,1022766,511383,306829,204553
T-00082,2025-04-23,834643,417321,250392,166928
T-00082,2025-05-01,866758,433379,260027,173351
T-00082,2025-05-09,811507,405753,243452,162301
T-00082,2025-05-17,718712,359356,215613,143742
T-00082,2025-05-25,743860,371930,223158,148772
T-00082,2025-06-02,776787,388393,233036,155357
T-00082,2025-06-10,697826,348913,209347,139565
T-00082,2025-06-18,755184,377592,226555,151036
T-00082,2025-06-26,747366,373683,224209,149473
T-00082,2025-07-04,634840,317420,190452,126968
T-00082,2025-07-12,785862,392931,235758,157172
T-00082,2025-07-20,861187,430593,258356,172237
T-00082,2025-07-28,756841,378420,227052,151368
T-00082,2025-08-05,598820,299410,179646,119764
T-00082,2025-08-13,811606,405803,243481,162321
T-00082,2025-08-21,753182,376591,225954,150636
T-00082,2025-08-29,799848,399924,239954,159969
T-00082,2025-09-06,720798,360399,216239,144159
T-00082,2025-09-14,768659,384329,230597,153731
T-00082,2025-09-22,654929,327464,196478,130985
T-00082,2025-09-30,764048,382024,229214,152809
T-00082,2025-10-08,724053,362026,217215,144810
T-00082,2025-10-16,707042,353521,212112,141408
T-00082,2025-10-24,692599,346299,207779,138519
T-00082,2025-11-01,583884,291942,175165,116776
T-00082,2025-11-09,897682,448841,269304,179536
T-00082,2025-11-17,834538,417269,250361,166907
T-00082,2025-11-25,609553,304776,182866,121910
T-00082,2025-12-03,828896,414448,248668,165779
T-00082,2025-12-11,640679,320339,192203,128135
T-00082,2025-12-19,781186,390593,234355,156237
T-00082,2025-12-27,724450,362225,217335,144890
T-00083,2025-01-01,662632,331316,198789,132526
T-00083,2025-01-20,575307,287653,172592,115061
T-00083,2025-02-08,575668,287834,172700,115133
T-00083,2025-02-27,641384,320692,192415,128276
T-00083,2025-03-18,677531,338765,203259,135506
T-00083,2025-04-06,598029,299014,179408,119605
T-00083,2025-04-25,428433,214216,128529,85686
T-00083,2025-05-14,811224,405612,243367,162244
T-00083,2025-06-02,517978,258989,155393,103595
T-00083,2025-06-21,559340,279670,167802,111868
T-00083,2025-07-10,564129,282064,169238,112825
T-00083,2025-07-29,561074,280537,168322,112214
T-00083,2025-08-17,615860,307930,184758,123172
T-00083,2025-09-05,637643,318821,191293,127528
T-00083,2025-09-24,569058,284529,170717,113811
T-00083,2025-10-13,513048,256524,153914,102609
T-00083,2025-11-01,510369,255184,153110,102073
T-00083,2025-11-20,696890,348445,209067,139378
T-00083,2025-12-09,639133,319566,191740,127826
T-00083,2025-12-28,504780,252390,151434,100956
T-00084,2025-01-01,746916,373458,224075,149383
T-00084,2025-01-10,855416,427708,256624,171083
T-00084,2025-01-19,620347,310173,186104,124069
T-00084,2025-01-28,684064,342032,205219,136812
T-00084,2025-02-06,694309,347154,208292,138861
T-00084,2025-02-15,623428,311714,187028,124685
T-00084,2025-02-24,707290,353645,212187,141458
T-00084,2025-03-05,739836,369918,221951,147967
T-00084,2025-03-14,799465,399732,239839,159893
T-00084,2025-03-23,601478,300739,180443,120295
T-00084,2025-04-01,807045,403522,242113,161409
T-00084,2025-04-10,776959,388479,233087,155391
T-00084,2025-04-19,509297,254648,152789,101859
T-00084,2025-04-28,723958,361979,217187,144791
T-00084,2025-05-07,632736,316368,189820,126547
T-00084,2025-05-16,643990,321995,193197,128798
T-00084,2025-05-25,627637,313818,188291,125527
T-00084,2025-06-03,787426,393713,236227,157485
T-00084,2025-06-12,838918,419459,251675,167783
T-00084,2025-06-21,770867,385433,231260,154173
T-00084,2025-06-30,657294,328647,197188,131458
T-00084,2025-07-09,653826,326913,196148,130765
T-00084,2025-07-18,432882,216441,129864,86576
T-00084,2025-07-27,770872,385436,231261,154174
T-00084,2025-08-05,729944,364972,218983,145988
T-00084,2025-08-14,965005,482502,289501,193001
T-00084,2025-08-23,815617,407808,244685,163123
T-00084,2025-09-01,727996,363998,218399,145599
T-00084,2025-09-10,663042,331521,198912,132608
T-00084,2025-09-19,640420,320210,192126,128084
T-00084,2025-09-28,569355,284677,170806,113871
T-00084,2025-10-07,533572,266786,160071,106714
T-00084,2025-10-16,710108,355054,213032,142021
T-00084,2025-10-25,729736,364868,218921,145947
T-00084,2025-11-03,1043531,521765,313059,208706
T-00084,2025-11-12,859668,429834,257900,171933
T-00084,2025-11-21,738940,369470,221682,147788
T-00084,2025-11-30,605349,302674,181604,121069
T-00084,2025-12-09,570478,285239,171143,114095
T-00084,2025-12-18,641024,320512,192307,128204
T-00084,2025-12-27,820434,410217,246130,164086
T-00085,2025-01-01,460725,230362,138217,92145
T-00085,2025-01-12,409238,204619,122771,81847
T-00085,2025-01-23,354829,177414,106448,70965
T-00085,2025-02-03,337777,168888,101333,67555
T-00085,2025-02-14,395035,197517,118510,79007
T-00085,2025-02-25,334895,167447,100468,66979
T-00085,2025-03-08,349370,174685,104811,69874
T-00085,2025-03-19,374893,187446,112468,74978
T-00085,2025-03-30,381435,190717,114430,76287
T-00085,2025-04-10,317821,158910,95346,63564
T-00085,2025-04-21,416597,208298,124979,83319
T-00085,2025-05-02,323682,161841,97104,64736
T-00085,2025-05-13,323129,161564,96938,64625
T-00085,2025-05-24,418930,209465,125679,83786
T-00085,2025-06-04,353548,176774,106064,70709
T-00085,2025-06-15,397347,198673,119204,79469
T-00085,2025-06-26,352304,176152,105691,70460
T-00085,2025-07-07,457938,228969,137381,91587
T-00085,2025-07-18,391051,195525,117315,78210
T-00085,2025-07-29,394113,197056,118233,78822
T-00085,2025-08-09,360476,180238,108142,72095
T-00085,2025-08-20,459418,229709,137825,91883
T-00085,2025-08-31,477331,238665,143199,95466
T-00085,2025-09-11,415657,207828,124697,83131
T-00085,2025-09-22,407635,203817,122290,81527
T-00085,2025-10-03,356298,178149,106889,71259
T-00085,2025-10-14,395669,197834,118700,79133
T-00085,2025-10-25,373791,186895,112137,74758
T-00085,2025-11-05,256441,128220,76932,51288
T-00085,2025-11-16,446312,223156,133893,89262
T-00085,2025-11-27,413136,206568,123940,82627
T-00085,2025-12-08,382180,191090,114654,76436
T-00085,2025-12-19,438307,219153,131492,87661
T-00085,2025-12-30,415650,207825,124695,83130
T-00086,2025-01-01,548542,274271,164562,109708
T-00086,2025-01-21,504178,252089,151253,100835
T-00086,2025-02-10,503193,251596,150958,100638
T-00086,2025-03-02,533256,266628,159976,106651
T-00086,2025-03-22,672390,336195,201717,134478
T-00086,2025-04-11,648316,324158,194494,129663
T-00086,2025-05-01,549385,274692,164815,109877
T-00086,2025-05-21,561625,280812,168487,112325
T-00086,2025-06-10,538938,269469,161681,107787
T-00086,2025-06-30,592238,296119,177671,118447
T-00086,2025-07-20,545988,272994,163796,109197
T-00086,2025-08-09,541000,270500,162300,108200
T-00086,2025-08-29,695790,347895,208737,139158
T-00086,2025-09-18,388907,194453,116672,77781
T-00086,2025-10-08,449361,224680,134808,89872
T-00086,2025-10-28,575833,287916,172750,115166
T-00086,2025-11-17,464292,232146,139287,92858
T-00086,2025-12-07,590347,295173,177104,118069
T-00086,2025-12-27,704879,352439,211463,140975
T-00087,2025-01-01,195302,97651,58590,39060
T-00087,2025-01-17,207835,103917,62350,41567
T-00087,2025-02-02,138389,69194,41516,27677
T-00087,2025-02-18,198521,99260,59556,39704
T-00087,2025-03-06,200516,100258,60154,40103
T-00087,2025-03-22,296321,148160,88896,59264
T-00087,2025-04-07,176303,88151,52891,35260
T-00087,2025-04-23,188261,94130,56478,37652
T-00087,2025-05-09,191998,95999,57599,38399
T-00087,2025-05-25,163390,81695,49017,32678
T-00087,2025-06-10,216779,108389,65033,43355
T-00087,2025-06-26,250429,125214,75128,50085
T-00087,2025-07-12,202266,101133,60679,40453
T-00087,2025-07-28,204321,102160,61296,40864
T-00087,2025-08-13,138226,69113,41467,27645
T-00087,2025-08-29,206706,103353,62011,41341
T-00087,2025-09-14,200245,100122,60073,40049
T-00087,2025-09-30,196366,98183,58909,39273
T-00087,2025-10-16,164594,82297,49378,32918
T-00087,2025-11-01,188660,94330,56598,37732
T-00087,2025-11-17,202439,101219,60731,40487
T-00087,2025-12-03,240006,120003,72001,48001
T-00087,2025-12-19,218314,109157,65494,43662
T-00088,2025-01-01,1022084,511042,306625,204416
T-00088,2025-01-10,674538,337269,202361,134907
T-00088,2025-01-19,935174,467587,280552,187034
T-00088,2025-01-28,808298,404149,242489,161659
T-00088,2025-02-06,732780,366390,219834,146556
T-00088,2025-02-15,660313,330156,198094,132062
T-00088,2025-02-24,872817,436408,261845,174563
T-00088,2025-03-05,517997,258998,155399,103599
T-00088,2025-03-14,878545,439272,263563,175709
T-00088,2025-03-23,834238,417119,250271,166847
T-00088,2025-04-01,791611,395805,237483,158322
T-00088,2025-04-10,721395,360697,216418,144279
T-00088,2025-04-19,625491,312745,187647,125098
T-00088,2025-04-28,832014,416007,249604,166402
T-00088,2025-05-07,736375,368187,220912,147275
T-00088,2025-05-16,717574,358787,215272,143514
T-00088,2025-05-25,870091,435045,261027,174018
T-00088,2025-06-03,600727,300363,180218,120145
T-00088,2025-06-12,728889,364444,218666,145777
T-00088,2025-06-21,755541,377770,226662,151108
T-00088,2025-06-30,749680,374840,224904,149936
T-00088,2025-07-09,784619,392309,235385,156923
T-00088,2025-07-18,727221,363610,218166,145444
T-00088,2025-07-27,576553,288276,172966,115310
T-00088,2025-08-05,774655,387327,232396,154931
T-00088,2025-08-14,756657,378328,226997,151331
T-00088,2025-08-23,789724,394862,236917,157944
T-00088,2025-09-01,918726,459363,275617,183745
T-00088,2025-09-10,767332,383666,230199,153466
T-00088,2025-09-19,631388,315694,189416,126277
T-00088,2025-09-28,859870,429935,257961,171974
T-00088,2025-10-07,750081,375040,225024,150016
T-00088,2025-10-16,761533,380766,228460,152306
T-00088,2025-10-25,671507,335753,201452,134301
T-00088,2025-11-03,672388,336194,201716,134477
T-00088,2025-11-12,594987,297493,178496,118997
T-00088,2025-11-21,739015,369507,221704,147803
T-00088,2025-11-30,852296,426148,255688,170459
T-00088,2025-12-09,625466,312733,187639,125093
T-00088,2025-12-18,759678,379839,227903,151935
T-00088,2025-12-27,808590,404295,242577,161718
T-00089,2025-01-01,597455,298727,179236,119491
T-00089,2025-01-22,610580,305290,183174,122116
T-00089,2025-02-12,579981,289990,173994,115996
T-00089,2025-03-05,583005,291502,174901,116601
T-00089,2025-03-26,572553,286276,171765,114510
T-00089,2025-04-16,564406,282203,169322,112881
T-00089,2025-05-07,525071,262535,157521,105014
T-00089,2025-05-28,646574,323287,193972,129314
T-00089,2025-06-18,553741,276870,166122,110748
T-00089,2025-07-09,635543,317771,190663,127108
T-00089,2025-07-30,574767,287383,172430,114953
T-00089,2025-08-20,584452,292226,175335,116890
T-00089,2025-09-10,609923,304961,182977,121984
T-00089,2025-10-01,439295,219647,131788,87859
T-00089,2025-10-22,638980,319490,191694,127796
T-00089,2025-11-12,519059,259529,155717,103811
T-00089,2025-12-03,665327,332663,199598,133065
T-00089,2025-12-24,654447,327223,196334,130889
T-00090,2025-01-01,326791,163395,98037,65358
T-00090,2025-01-11,370293,185146,111087,74058
T-00090,2025-01-21,349262,174631,104778,69852
T-00090,2025-01-31,290431,145215,87129,58086
T-00090,2025-02-10,306566,153283,91969,61313
T-00090,2025-02-20,332457,166228,99737,66491
T-00090,2025-03-02,339860,169930,101958,67972
T-00090,2025-03-12,323801,161900,97140,64760
T-00090,2025-03-22,346636,173318,103991,69327
T-00090,2025-04-01,229371,114685,68811,45874
T-00090,2025-04-11,333800,166900,100140,66760
T-00090,2025-04-21,381632,190816,114489,76326
T-00090,2025-05-01,325476,162738,97643,65095
T-00090,2025-05-11,294732,147366,88419,58946
T-00090,2025-05-21,348479,174239,104543,69695
T-00090,2025-05-31,312289,156144,93686,62457
T-00090,2025-06-10,283291,141645,84987,56658
T-00090,2025-06-20,422981,211490,126894,84596
T-00090,2025-06-30,240441,120220,72132,48088
T-00090,2025-07-10,333784,166892,100135,66756
T-00090,2025-07-20,343922,171961,103176,68784
T-00090,2025-07-30,322978,161489,96893,64595
T-00090,2025-08-09,384969,192484,115490,76993
T-00090,2025-08-19,235345,117672,70603,47069
T-00090,2025-08-29,343679,171839,103103,68735
T-00090,2025-09-08,419471,209735,125841,83894
T-00090,2025-09-18,330937,165468,99281,66187
T-00090,2025-09-28,360773,180386,108231,72154
T-00090,2025-10-08,240763,120381,72229,48152
T-00090,2025-10-18,384420,192210,115326,76884
T-00090,2025-10-28,316172,158086,94851,63234
T-00090,2025-11-07,379237,189618,113771,75847
T-00090,2025-11-17,307517,153758,92255,61503
T-00090,2025-11-27,371498,185749,111449,74299
T-00090,2025-12-07,451966,225983,135589,90393
T-00090,2025-12-17,390934,195467,117280,78186
T-00090,2025-12-27,281757,140878,84527,56351
T-00091,2025-01-01,265458,132729,79637,53091
T-00091,2025-01-08,267227,133613,80168,53445
T-00091,2025-01-15,256084,128042,76825,51216
T-00091,2025-01-22,278753,139376,83625,55750
T-00091,2025-01-29,282894,141447,84868,56578
T-00091,2025-02-05,274478,137239,82343,54895
T-00091,2025-02-12,242726,121363,72817,48545
T-00091,2025-02-19,215701,107850,64710,43140
T-00091,2025-02-26,263530,131765,79059,52706
T-00091,2025-03-05,254129,127064,76238,50825
T-00091,2025-03-12,378811,189405,113643,75762
T-00091,2025-03-19,220657,110328,66197,44131
T-00091,2025-03-26,279404,139702,83821,55880
T-00091,2025-04-02,286678,143339,86003,57335
T-00091,2025-04-09,334310,167155,100293,66862
T-00091,2025-04-16,282967,141483,84890,56593
T-00091,2025-04-23,252863,126431,75859,50572
T-00091,2025-04-30,275143,137571,82543,55028
T-00091,2025-05-07,207856,103928,62356,41571
T-00091,2025-05-14,310441,155220,93132,62088
T-00091,2025-05-21,296052,148026,88815,59210
T-00091,2025-05-28,258976,129488,77692,51795
T-00091,2025-06-04,292621,146310,87786,58524
T-00091,2025-06-11,288817,144408,86645,57763
T-00091,2025-06-18,262475,131237,78742,52495
T-00091,2025-06-25,239337,119668,71801,47867
T-00091,2025-07-02,295324,147662,88597,59064
T-00091,2025-07-09,279722,139861,83916,55944
T-00091,2025-07-16,241753,120876,72525,48350
T-00091,2025-07-23,244586,122293,73375,48917
T-00091,2025-07-30,230742,115371,69222,46148
T-00091,2025-08-06,218270,109135,65481,43654
T-00091,2025-08-13,233858,116929,70157,46771
T-00091,2025-08-20,198814,99407,59644,39762
T-00091,2025-08-27,312412,156206,93723,62482
T-00091,2025-09-03,232267,116133,69680,46453
T-00091,2025-09-10,279468,139734,83840,55893
T-00091,2025-09-17,309988,154994,92996,61997
T-00091,2025-09-24,306083,153041,91825,61216
T-00091,2025-10-01,241385,120692,72415,48277
T-00091,2025-10-08,291567,145783,87470,58313
T-00091,2025-10-15,313920,156960,94176,62784
T-00091,2025-10-22,215670,107835,64701,43134
T-00091,2025-10-29,290572,145286,87171,58114
T-00091,2025-11-05,293903,146951,88171,58780
T-00091,2025-11-12,204989,102494,61496,40997
T-00091,2025-11-19,232391,116195,69717,46478
T-00091,2025-11-26,266115,133057,79834,53223
T-00091,2025-12-03,288999,144499,86699,57799
T-00091,2025-12-10,303510,151755,91053,60702
T-00091,2025-12-17,326861,163430,98058,65372
T-00091,2025-12-24,279404,139702,83821,55880
T-00091,2025-12-31,316785,158392,95035,63357
T-00092,2025-01-01,265494,132747,79648,53098
T-00092,2025-01-16,360929,180464,108278,72185
T-00092,2025-01-31,226468,113234,67940,45293
T-00092,2025-02-15,349936,174968,104980,69987
T-00092,2025-03-02,295485,147742,88645,59097
T-00092,2025-03-17,322498,161249,96749,64499
T-00092,2025-04-01,282860,141430,84858,56572
T-00092,2025-04-16,329575,164787,98872,65915
T-00092,2025-05-01,339396,169698,101818,67879
T-00092,2025-05-16,254697,127348,76409,50939
T-00092,2025-05-31,249131,124565,74739,49826
T-00092,2025-06-15,346037,173018,103811,69207
T-00092,2025-06-30,300255,150127,90076,60051
T-00092,2025-07-15,280598,140299,84179,56119
T-00092,2025-07-30,282340,141170,84702,56468
T-00092,2025-08-14,315664,157832,94699,63132
T-00092,2025-08-29,239510,119755,71853,47902
T-00092,2025-09-13,301211,150605,90363,60242
T-00092,2025-09-28,291597,145798,87479,58319
T-00092,2025-10-13,301539,150769,90461,60307
T-00092,2025-10-28,215485,107742,64645,43097
T-00092,2025-11-12,280833,140416,84249,56166
T-00092,2025-11-27,258197,129098,77459,51639
T-00092,2025-12-12,269551,134775,80865,53910
T-00092,2025-12-27,276793,138396,83037,55358
T-00093,2025-01-01,724037,362018,217211,144807
T-00093,2025-01-22,690647,345323,207194,138129
T-00093,2025-02-12,616924,308462,185077,123384
T-00093,2025-03-05,622247,311123,186674,124449
T-00093,2025-03-26,652312,326156,195693,130462
T-00093,2025-04-16,685550,342775,205665,137110
T-00093,2025-05-07,596470,298235,178941,119294
T-00093,2025-05-28,490123,245061,147037,98024
T-00093,2025-06-18,622243,311121,186673,124448
T-00093,2025-07-09,660107,330053,198032,132021
T-00093,2025-07-30,630480,315240,189144,126096
T-00093,2025-08-20,781710,390855,234513,156342
T-00093,2025-09-10,803683,401841,241105,160736
T-00093,2025-10-01,539424,269712,161827,107884
T-00093,2025-10-22,691019,345509,207305,138203
T-00093,2025-11-12,899383,449691,269815,179876
T-00093,2025-12-03,594763,297381,178429,118952
T-00093,2025-12-24,588665,294332,176599,117733
T-00094,2025-01-01,653898,326949,196169,130779
T-00094,2025-01-17,523816,261908,157144,104763
T-00094,2025-02-02,403568,201784,121070,80713
T-00094,2025-02-18,351465,175732,105439,70293
T-00094,2025-03-06,530053,265026,159016,106010
T-00094,2025-03-22,411514,205757,123454,82302
T-00094,2025-04-07,540762,270381,162228,108152
T-00094,2025-04-23,373796,186898,112139,74759
T-00094,2025-05-09,428997,214498,128699,85799
T-00094,2025-05-25,563840,281920,169152,112768
T-00094,2025-06-10,455324,227662,136597,91064
T-00094,2025-06-26,612065,306032,183619,122413
T-00094,2025-07-12,609582,304791,182874,121916
T-00094,2025-07-28,481004,240502,144301,96200
T-00094,2025-08-13,590604,295302,177181,118120
T-00094,2025-08-29,572471,286235,171741,114494
T-00094,2025-09-14,367282,183641,110184,73456
T-00094,2025-09-30,429675,214837,128902,85935
T-00094,2025-10-16,594503,297251,178351,118900
T-00094,2025-11-01,508094,254047,152428,101618
T-00094,2025-11-17,597473,298736,179242,119494
T-00094,2025-12-03,461615,230807,138484,92323
T-00094,2025-12-19,468282,234141,140484,93656
T-00095,2025-01-01,537495,268747,161248,107499
T-00095,2025-01-12,583587,291793,175076,116717
T-00095,2025-01-23,524473,262236,157342,104894
T-00095,2025-02-03,622949,311474,186884,124589
T-00095,2025-02-14,524236,262118,157270,104847
T-00095,2025-02-25,478753,239376,143625,95750
T-00095,2025-03-08,486071,243035,145821,97214
T-00095,2025-03-19,588962,294481,176688,117792
T-00095,2025-03-30,421895,210947,126568,84379
T-00095,2025-04-10,554389,277194,166316,110877
T-00095,2025-04-21,493939,246969,148181,98787
T-00095,2025-05-02,664259,332129,199277,132851
T-00095,2025-05-13,441071,220535,132321,88214
T-00095,2025-05-24,640049,320024,192014,128009
T-00095,2025-06-04,506979,253489,152093,101395
T-00095,2025-06-15,512855,256427,153856,102571
T-00095,2025-06-26,581343,290671,174402,116268
T-00095,2025-07-07,615506,307753,184651,123101
T-00095,2025-07-18,372892,186446,111867,74578
T-00095,2025-07-29,552292,276146,165687,110458
T-00095,2025-08-09,503078,251539,150923,100615
T-00095,2025-08-20,538899,269449,161669,107779
T-00095,2025-08-31,559290,279645,167787,111858
T-00095,2025-09-11,489309,244654,146792,97861
T-00095,2025-09-22,658875,329437,197662,131775
T-00095,2025-10-03,527429,263714,158228,105485
T-00095,2025-10-14,490728,245364,147218,98145
T-00095,2025-10-25,684513,342256,205353,136902
T-00095,2025-11-05,535568,267784,160670,107113
T-00095,2025-11-16,339805,169902,101941,67961
T-00095,2025-11-27,539646,269823,161893,107929
T-00095,2025-12-08,562988,281494,168896,112597
T-00095,2025-12-19,498493,249246,149548,99698
T-00095,2025-12-30,610065,305032,183019,122013
T-00096,2025-01-01,606468,303234,181940,121293
T-00096,2025-01-14,684556,342278,205367,136911
T-00096,2025-01-27,630601,315300,189180,126120
T-00096,2025-02-09,431351,215675,129405,86270
T-00096,2025-02-22,710818,355409,213245,142163
T-00096,2025-03-07,658953,329476,197685,131790
T-00096,2025-03-20,596355,298177,178906,119271
T-00096,2025-04-02,724189,362094,217256,144837
T-00096,2025-04-15,398810,199405,119643,79762
T-00096,2025-04-28,629327,314663,188798,125865
T-00096,2025-05-11,713265,356632,213979,142653
T-00096,2025-05-24,667958,333979,200387,133591
T-00096,2025-06-06,496495,248247,148948,99299
T-00096,2025-06-19,703429,351714,211028,140685
T-00096,2025-07-02,498048,249024,149414,99609
T-00096,2025-07-15,579194,289597,173758,115838
T-00096,2025-07-28,583727,291863,175118,116745
T-00096,2025-08-10,584007,292003,175202,116801
T-00096,2025-08-23,644258,322129,193277,128851
T-00096,2025-09-05,632389,316194,189716,126477
T-00096,2025-09-18,570742,285371,171222,114148
T-00096,2025-10-01,769880,384940,230964,153976
T-00096,2025-10-14,627527,313763,188258,125505
T-00096,2025-10-27,541183,270591,162355,108236
T-00096,2025-11-09,524132,262066,157239,104826
T-00096,2025-11-22,805922,402961,241776,161184
T-00096,2025-12-05,761049,380524,228314,152209
T-00096,2025-12-18,607772,303886,182331,121554
T-00096,2025-12-31,839360,419680,251808,167872
T-00097,2025-01-01,218350,109175,65505,43670
T-00097,2025-01-18,244638,122319,73391,48927
T-00097,2025-02-04,216442,108221,64932,43288
T-00097,2025-02-21,202054,101027,60616,40410
T-00097,2025-03-10,206312,103156,61893,41262
T-00097,2025-03-27,203105,101552,60931,40621
T-00097,2025-04-13,172006,86003,51602,34401
T-00097,2025-04-30,184889,92444,55466,36977
T-00097,2025-05-17,225116,112558,67534,45023
T-00097,2025-06-03,225163,112581,67549,45032
T-00097,2025-06-20,173454,86727,52036,34690
T-00097,2025-07-07,187687,93843,56306,37537
T-00097,2025-07-24,174014,87007,52204,34802
T-00097,2025-08-10,183554,91777,55066,36710
T-00097,2025-08-27,162745,81372,48823,32549
T-00097,2025-09-13,262148,131074,78644,52429
T-00097,2025-09-30,254292,127146,76287,50858
T-00097,2025-10-17,181846,90923,54554,36369
T-00097,2025-11-03,120182,60091,36054,24036
T-00097,2025-11-20,251133,125566,75340,50226
T-00097,2025-12-07,196229,98114,58868,39245
T-00097,2025-12-24,215709,107854,64712,43141
T-00098,2025-01-01,387018,193509,116105,77403
T-00098,2025-01-16,502253,251126,150676,100450
T-00098,2025-01-31,560076,280038,168023,112015
T-00098,2025-02-15,515858,257929,154757,103171
T-00098,2025-03-02,600266,300133,180080,120053
T-00098,2025-03-17,541337,270668,162401,108267
T-00098,2025-04-01,494243,247121,148273,98848
T-00098,2025-04-16,526962,263481,158088,105392
T-00098,2025-05-01,605634,302817,181690,121126
T-00098,2025-05-16,483836,241918,145150,96767
T-00098,2025-05-31,510764,255382,153229,102152
T-00098,2025-06-15,554682,277341,166404,110936
T-00098,2025-06-30,498817,249408,149645,99763
T-00098,2025-07-15,450118,225059,135035,90023
T-00098,2025-07-30,658870,329435,197661,131774
T-00098,2025-08-14,549765,274882,164929,109953
T-00098,2025-08-29,460263,230131,138079,92052
T-00098,2025-09-13,465797,232898,139739,93159
T-00098,2025-09-28,535900,267950,160770,107180
T-00098,2025-10-13,462487,231243,138746,92497
T-00098,2025-10-28,687858,343929,206357,137571
T-00098,2025-11-12,497294,248647,149188,99458
T-00098,2025-11-27,480019,240009,144005,96003
T-00098,2025-12-12,630832,315416,189249,126166
T-00098,2025-12-27,387004,193502,116101,77400
T-00099,2025-01-01,660744,330372,198223,132148
T-00099,2025-01-14,884882,442441,265464,176976
T-00099,2025-01-27,707794,353897,212338,141558
T-00099,2025-02-09,712722,356361,213816,142544
T-00099,2025-02-22,631489,315744,189446,126297
T-00099,2025-03-07,837170,418585,251151,167434
T-00099,2025-03-20,877321,438660,263196,175464
T-00099,2025-04-02,653771,326885,196131,130754
T-00099,2025-04-15,626410,313205,187923,125282
T-00099,2025-04-28,565764,282882,169729,113152
T-00099,2025-05-11,570376,285188,171112,114075
T-00099,2025-05-24,805144,402572,241543,161028
T-00099,2025-06-06,872460,436230,261738,174492
T-00099,2025-06-19,732016,366008,219605,146403
T-00099,2025-07-02,1034993,517496,310497,206998
T-00099,2025-07-15,729192,364596,218757,145838
T-00099,2025-07-28,873688,436844,262106,174737
T-00099,2025-08-10,672623,336311,201787,134524
T-00099,2025-08-23,689724,344862,206917,137944
T-00099,2025-09-05,732215,366107,219664,146443
T-00099,2025-09-18,564075,282037,169222,112815
T-00099,2025-10-01,863873,431936,259162,172774
T-00099,2025-10-14,588709,294354,176612,117741
T-00099,2025-10-27,734455,367227,220336,146891
T-00099,2025-11-09,763166,381583,228949,152633
T-00099,2025-11-22,913587,456793,274076,182717
T-00099,2025-12-05,683390,341695,205017,136678
T-00099,2025-12-18,715553,357776,214665,143110
T-00099,2025-12-31,724219,362109,217265,144843
T-00100,2025-01-01,357947,178973,107384,71589
T-00100,2025-01-22,336485,168242,100945,67297
T-00100,2025-02-12,424041,212020,127212,84808
T-00100,2025-03-05,327073,163536,98121,65414
T-00100,2025-03-26,312494,156247,93748,62498
T-00100,2025-04-16,392091,196045,117627,78418
T-00100,2025-05-07,395002,197501,118500,79000
T-00100,2025-05-28,400854,200427,120256,80170
T-00100,2025-06-18,465579,232789,139673,93115
T-00100,2025-07-09,336486,168243,100946,67297
T-00100,2025-07-30,247440,123720,74232,49488
T-00100,2025-08-20,377540,188770,113262,75508
T-00100,2025-09-10,372388,186194,111716,74477
T-00100,2025-10-01,359430,179715,107829,71886
T-00100,2025-10-22,402153,201076,120646,80430
T-00100,2025-11-12,335138,167569,100541,67027
T-00100,2025-12-03,314911,157455,94473,62982
T-00100,2025-12-24,288655,144327,86596,57731
